Name,Team,W,L,QS,ERA,G,GS,SV,HLD,BS,IP,TBF,H,R,ER,HR,BB,IBB,HBP,SO,K/9,BB/9,K/BB,HR/9,K%,BB%,K-BB%,AVG,WHIP,BABIP,LOB%,GB%,HR/FB,FIP,WAR,RA9-WAR,ADP,InterSD,InterSK,IntraSD,Vol,Skew,Dim,FPTS,FPTS/IP,SPTS,SPTS/IP,P10,P20,P30,P40,P50,P60,P70,P80,P90,TT10,TT20,TT30,TT40,TT50,TT60,TT70,TT80,TT90,NameASCII,PlayerId,MLBAMID
"Mason Tobin","TEX",0,0,,5.4,4,0,,,,5,,5,3,3,1,2,0,1,3,5.4,3.6,1.5,1.8,,,,,1.4,,0.7142857142857143,,,6.225386285781861,-0.00487776764202863,,,,,,,,,8.7,1.7399999999999998,9,1.8,,,,,,,,,,,,,,,,,,,"Mason Tobin","2534",474226
"Jason Lane","ARI",0,0,,4.931506720464348,4,0,,,,7.300000190734863,,8,4,4,1,2,0,0,4,4.931506720464348,2.465753360232174,2,1.232876680116087,,,,,1.3698629779067633,,0.6976744186046512,,,4.5322355614793,-0.007121540943433868,,,,,,,,,22.92000141143799,3.139726138709966,25.500000953674316,3.4931507243025606,,,,,,,,,,,,,,,,,,,"Jason Lane","1397",407835
"Damaso Marte","NYY",0,0,,5.575221144832828,19,0,,,,11.300000190734863,,12,7,7,2,6,1,1,8,6.371681308380375,4.778760981285282,1.3333333333333333,1.5929203270950938,,,,,1.5929203270950938,,0.7236842105263158,,,5.768749071334522,-0.011023755057056772,,,,,,,,,22.820001411437993,2.019469117367684,25.500000953674316,2.2566372144473386,,,,,,,,,,,,,,,,,,,"Damaso Marte","247",150122
"Justin Duchscherer","BAL",1,1,,4.615384690625194,2,2,,,,11.699999809265137,,13,6,6,2,5,0,0,7,5.384615472396059,3.8461539088543284,1.4,1.5384615635417314,,,,,1.5384615635417314,,0.7894736842105263,,,5.333078631094457,-0.011413976096274925,,,,,,,,,27.179998588562015,2.3230768403122872,31.499999046325684,2.692307654687403,,,,,,,,,,,,,,,,,,,"Justin Duchscherer","910",407113
"Ricky Orta","TBR",1,1,,4.2631578947368425,11,1,,,,19,,19,10,9,2,8,0,1,14,6.631578947368421,3.789473684210526,1.75,0.9473684210526315,,,,,1.4210526315789473,,0.7024793388429752,,,4.341175759466071,-0.018535517039708793,,,,,,,,,67.6,3.5578947368421048,70,3.6842105263157894,,,,,,,,,,,,,,,,,,,"Ricky Orta","sa326700",493564
"Dennys Reyes","BAL",1,1,,4.876847473928047,34,0,,,,20.299999237060547,,22,12,11,2,10,1,2,13,5.763547014642237,4.433497703570952,1.3,0.8866995407141903,,,,,1.5763547390474495,,0.684931506849315,,,4.798785367210241,-0.01980373588234796,,,,,,,,,58.41999435424806,2.8778323423576304,65.49999618530273,3.2266009185716196,,,,,,,,,,,,,,,,,,,"Dennys Reyes","444",121096
"Danny Salazar","CLE",1,2,,6.956521482734073,8,8,,,,20.700000762939453,,26,17,16,5,12,0,1,13,5.652173704721434,5.217391112050555,1.0833333333333333,2.1739129633543977,,,,,1.8357487246103803,,0.6774193548387096,,,6.793502088929483,-0.020193958782286803,,,,,,,,,11.080005645751939,0.5352659534964457,25.500003814697266,1.2318841968523773,,,,,,,,,,,,,,,,,,,"Danny Salazar","5867",517593
"Jesus Colome","COL",1,1,,5.07042271682749,17,0,,,,21.299999237060547,,24,13,12,3,8,0,1,15,6.338028396034362,3.3802818112183264,1.875,1.2676056792068724,,,,,1.5023474716525895,,0.6834532374100719,,,4.715527191391024,-0.020779289410753687,,,,,,,,,61.31999435424805,2.8788730774954883,70.49999618530273,3.309859094390837,,,,,,,,,,,,,,,,,,,"Jesus Colome","1198",400125
"Vince Perkins","TOR",1,1,,5.915493169632072,15,0,,,,21.299999237060547,,24,15,14,3,17,0,1,13,5.492957943229781,7.183098848838944,0.7647058823529411,1.2676056792068724,,,,,1.9248826980548803,,0.7065217391304348,,,6.17092630455447,-0.020779289410753687,,,,,,,,,30.319994354248053,1.4234739643320422,39.499996185302734,1.8544599812273905,,,,,,,,,,,,,,,,,,,"Vince Perkins","sa200999",434594
"Pedro Feliciano","NYY",2,1,,4.304347826086956,33,0,,,,23,,24,12,11,2,10,2,2,18,7.043478260869565,3.9130434782608696,1.8,0.782608695652174,,,,,1.4782608695652173,,0.7051282051282052,,,4.155821068390556,-0.022437731153331697,,,,,,,,,83.20000000000002,3.617391304347827,89,3.869565217391304,,,,,,,,,,,,,,,,,,,"Pedro Feliciano","1601",408230
"Trever Miller","CHC",0,0,,4.444444583985272,45,0,,,,24.299999237060547,,25,13,12,2,11,1,2,15,5.555555729981591,4.0740742019865,1.3636363636363635,0.7407407639975454,,,,,1.4814815279950908,,0.6927710843373494,,,4.465715549110421,-0.023705949995970865,,,,,,,,,81.21999435424806,3.3423867038801127,86.49999618530273,3.5596707366714395,,,,,,,,,,,,,,,,,,,"Trever Miller","1672",119125
"Ron Mahay","CIN",1,1,,4.814814965984045,27,0,,,,24.299999237060547,,26,14,13,4,8,0,1,19,7.037037257976682,2.9629630559901816,2.375,1.4814815279950908,,,,,1.3991769986620302,,0.7042253521126761,,,4.7126291371096025,-0.023705949995970865,,,,,,,,,74.01999435424803,3.0460903982810934,80.49999618530273,3.3127571486722576,,,,,,,,,,,,,,,,,,,"Ron Mahay","290",118158
"Erick Threets","OAK",1,1,,4.008097042188852,24,0,,,,24.700000762939453,,25,12,11,2,11,1,1,14,5.101214417331265,4.008097042188852,1.2727272727272727,0.7287449167616094,,,,,1.4574898335232187,,0.7228915662650601,,,4.401904461887122,-0.024096172895909707,,,,,,,,,85.18000564575198,3.448583118003719,89.50000381469727,3.6234818238947377,,,,,,,,,,,,,,,,,,,"Erick Threets","3158",408069
"Jason Isringhausen","LAA",2,2,,4.980237304332787,30,0,,,,25.299999237060547,,25,15,14,4,14,1,1,22,7.826087192522952,4.980237304332787,1.5714285714285714,1.4229249440950822,,,,,1.5415020227696723,,0.718562874251497,,,5.120248009032954,-0.02468150352437659,,,,,,,,,72.01999435424807,2.846640178895738,73.49999618530273,2.905138276748907,,,,,,,,,,,,,,,,,,,"Jason Isringhausen","1158",116414
"Brandon Kintzler","MIL",2,1,,3.7078650625888936,23,0,,,,26.700000762939453,,25,12,11,3,7,1,1,23,7.752808767231323,2.3595504943747505,3.2857142857142856,1.0112359261606074,,,,,1.1985018384125716,,0.7194244604316546,,,3.662090387438539,-0.02604727995272116,,,,,,,,,117.68000564575195,4.40749072221361,116.50000381469727,4.363295898343321,,,,,,,,,,,,,,,,,,,"Brandon Kintzler","9939",445213
"Taylor Buchholz","NYM",1,1,,4.382022346695965,24,0,,,,26.700000762939453,,26,14,13,3,11,0,1,23,7.752808767231323,3.7078650625888936,2.090909090909091,1.0112359261606074,,,,,1.385767750664536,,0.701219512195122,,,4.111528576843254,-0.02604727995272116,,,,,,,,,103.08000564575194,3.8606742584378737,104.50000381469727,3.913857708938607,,,,,,,,,,,,,,,,,,,"Taylor Buchholz","2168",430587
"Matt West","TEX",2,1,,4.719100988749501,25,0,,,,26.700000762939453,,30,15,14,3,7,0,2,17,5.730336914910108,2.3595504943747505,2.4285714285714284,1.0112359261606074,,,,,1.385767750664536,,0.6707317073170732,,,4.223888124194432,-0.02604727995272116,,,,,,,,,89.68000564575195,3.3588016136026098,101.50000381469727,3.8014981615874284,,,,,,,,,,,,,,,,,,,"Matt West","7980",519411
"Joel Zumaya","MIN",1,1,,4.285714405485004,23,0,,,,27.299999237060547,,27,14,13,3,12,1,0,24,7.912088133203084,3.956044066601542,2,0.9890110166503855,,,,,1.4285714684950013,,0.7183908045977012,,,4.014397302432246,-0.026632610581188043,,,,,,,,,106.91999435424806,3.9164834191314206,109.49999618530273,4.010988983349614,,,,,,,,,,,,,,,,,,,"Joel Zumaya","4699",451491
"Mark McLemore","FLA",2,3,,5.848375290182085,7,6,,,,27.700000762939453,,32,19,18,3,19,0,2,14,4.548736336808289,6.173285028525534,0.7368421052631579,0.9747292150303475,,,,,1.841155183946212,,0.6837606837606838,,,5.696866356605776,-0.027022833481126884,,,,,,,,,49.88000564575195,1.800722175881226,64.50000381469727,2.3285199291760845,,,,,,,,,,,,,,,,,,,"Mark McLemore","4655",434642
"Jose Contreras","PHI",2,2,,3.857142857142857,32,0,,,,28,,27,13,12,3,10,1,2,24,7.714285714285714,3.2142857142857144,2.4,0.9642857142857143,,,,,1.3214285714285714,,0.7317073170731708,,,3.989672000067575,-0.027315498795360327,,,,,,,,,112.10000000000001,4.003571428571429,113,4.035714285714286,,,,,,,,,,,,,,,,,,,"Jose Contreras","1660",425747
"Mitch Stetter","TEX",1,1,,5.644599153084063,40,0,,,,28.700000762939453,,33,19,18,5,13,2,2,22,6.898954520436077,4.076654943894045,1.6923076923076923,1.5679442091900175,,,,,1.6027874138386846,,0.6923076923076923,,,5.325037792593886,-0.02799838700953261,,,,,,,,,64.08000564575197,2.232752750602676,77.50000381469727,2.7003484931879744,,,,,,,,,,,,,,,,,,,"Mitch Stetter","5579",449777
"Amauri Sanit","NYY",1,2,,6.969696790658025,17,2,,,,29.700000762939453,,38,25,23,6,15,1,3,18,5.454545314428019,4.545454428690016,1.2,1.8181817714760065,,,,,1.7845117386708953,,0.6278026905829596,,,6.257709435072538,-0.028973940537938336,,,,,,,,,29.18000564575196,0.9824917473457995,52.500003814697266,1.7676768507093217,,,,,,,,,,,,,,,,,,,"Amauri Sanit","5436",490313
"Arquimedes Caminero","FLA",1,2,,4.8,22,0,,,,30,,29,17,16,3,24,1,2,29,8.7,7.2,1.2083333333333333,0.9,,,,,1.7666666666666666,,0.7377049180327869,,,4.992052952448527,-0.02926660585217178,,,,,,,,,89.69999999999999,2.9899999999999998,91,3.033333333333333,,,,,,,,,,,,,,,,,,,"Arquimedes Caminero","8992",491708
"Dan Klein","BAL",2,2,,4.690553629361289,17,0,,,,30.700000762939453,,32,17,16,4,10,0,2,24,7.035830444041934,2.9315960183508056,2.4,1.1726384073403222,,,,,1.3680781418970427,,0.6868131868131868,,,4.328317849493329,-0.029949494066344062,,,,,,,,,106.78000564575198,3.478175993228479,113.50000381469727,3.697068436288531,,,,,,,,,,,,,,,,,,,"Dan Klein","sa392156",518894
"Adam Reifer","STL",2,3,,4.690553629361289,32,0,,,,30.700000762939453,,33,17,16,3,15,1,2,19,5.570032434866531,4.397394027526208,1.2666666666666666,0.8794788055052417,,,,,1.5635178764537632,,0.7077625570776256,,,4.719197318606771,-0.029949494066344062,,,,,,,,,91.48000564575197,2.9798046701088414,101.50000381469727,3.30618896717509,,,,,,,,,,,,,,,,,,,"Adam Reifer","sa389398",519179
"Brad Lidge","WSN",1,1,,3.6908516461862355,37,0,,,,31.700000762939453,,29,14,13,3,15,3,1,31,8.801261617828715,4.2586749763687335,2.066666666666667,0.8517349952737466,,,,,1.38801258489055,,0.7537688442211056,,,3.8140297999242185,-0.030925047594749788,,,,,,,,,136.28000564575194,4.299053702392248,133.50000381469727,4.211356485857642,,,,,,,,,,,,,,,,,,,"Brad Lidge","563",400058
"David Aardsma","NYY",2,2,,3.9747633112774845,34,0,,,,31.700000762939453,,28,15,14,4,15,2,1,33,9.369084948011213,4.2586749763687335,2.2,1.1356466603649955,,,,,1.3564668443248558,,0.7486631016042781,,,4.0979414650154675,-0.030925047594749788,,,,,,,,,130.58000564575195,4.11924298116779,124.50000381469727,3.927444820766393,,,,,,,,,,,,,,,,,,,"David Aardsma","1902",430911
"Alan Farina","TOR",2,2,,5.11040997164248,31,0,,,,31.700000762939453,,32,19,18,4,20,1,2,26,7.381703292372471,5.678233301824978,1.3,1.1356466603649955,,,,,1.6403785094161047,,0.7112068965517242,,,5.1074051631176856,-0.030925047594749788,,,,,,,,,88.18000564575196,2.781703581182352,92.50000381469727,2.917981122664175,,,,,,,,,,,,,,,,,,,"Alan Farina","sa388377",518669
"Bobby Jenks","BOS",2,1,,3.9375,33,0,,,,32,,31,15,14,2,14,0,0,32,9,3.9375,2.2857142857142856,0.5625,,,,,1.40625,,0.7109004739336492,,,3.1503862857818605,-0.03121771290898323,,,,,,,,,153.60000000000002,4.800000000000001,156,4.875,,,,,,,,,,,,,,,,,,,"Bobby Jenks","8645",408057
"Roman Colon","KCR",2,2,,4.78125,28,0,,,,32,,35,18,17,4,12,1,2,19,5.34375,3.375,1.5833333333333333,1.125,,,,,1.46875,,0.7004830917874396,,,4.7753862857818605,-0.03121771290898323,,,,,,,,,92.60000000000002,2.8937500000000007,104,3.25,,,,,,,,,,,,,,,,,,,"Roman Colon","2242",430638
"Chris Young","NYM",2,2,,4.179566662190598,6,6,,,,32.29999923706055,,30,16,15,4,15,1,1,25,6.965944436984329,4.179566662190598,1.6666666666666667,1.1145511099174927,,,,,1.3931888873968659,,0.7360406091370558,,,4.5733739384450445,-0.03151037822321667,,,,,,,,,113.81999435424808,3.5238389177313874,111.49999618530273,3.4520123473368156,,,,,,,,,,,,,,,,,,,"Chris Young","3196",432934
"Stephen Marek","TOR",2,2,,4.954128324779818,33,0,,,,32.70000076293945,,33,19,18,4,18,1,2,27,7.431192487169727,4.954128324779818,1.5,1.1009174055066262,,,,,1.5596329911343871,,0.7048458149779736,,,4.799086550209203,-0.031900601123155514,,,,,,,,,100.98000564575194,3.088073495099047,105.50000381469727,3.226299735572658,,,,,,,,,,,,,,,,,,,"Stephen Marek","sa288780",447821
"Takashi Saito","ARI",3,2,,3,37,0,,,,33,,28,12,11,3,10,1,1,33,9,2.727272727272727,3.3,0.8181818181818182,,,,,1.1515151515151516,,0.7692307692307693,,,3.207204467600042,-0.03219326643738896,,,,,,,,,167.50000000000006,5.075757575757578,159,4.818181818181818,,,,,,,,,,,,,,,,,,,"Takashi Saito","6021",493416
"Randy Choate","FLA",2,1,,3.5454545454545454,63,0,,,,33,,28,14,13,3,15,4,2,34,9.272727272727273,4.090909090909091,2.2666666666666666,0.8181818181818182,,,,,1.303030303030303,,0.7474226804123711,,,3.692052952448527,-0.03219326643738896,,,,,,,,,151.50000000000006,4.590909090909093,143,4.333333333333333,,,,,,,,,,,,,,,,,,,"Randy Choate","813",329092
"Ryan Mattheus","WSN",2,2,,4.090909090909091,34,0,,,,33,,31,16,15,3,16,2,2,24,6.545454545454546,4.363636363636363,1.5,0.8181818181818182,,,,,1.4242424242424243,,0.7242990654205608,,,4.389022649418224,-0.03219326643738896,,,,,,,,,120.70000000000003,3.6575757575757586,120,3.6363636363636362,,,,,,,,,,,,,,,,,,,"Ryan Mattheus","7169",458919
"Tim Byrdak","NYM",1,1,,4.054054146936872,59,0,,,,33.29999923706055,,31,16,15,3,17,2,1,32,8.648648846798661,4.594594699861789,1.8823529411764706,0.8108108293873745,,,,,1.4414414744664434,,0.7305936073059361,,,3.896257176605337,-0.0324859317516224,,,,,,,,,138.91999435424805,4.171771697809527,137.49999618530273,4.129129109176524,,,,,,,,,,,,,,,,,,,"Tim Byrdak","1995",136263
"Matt Daley","NYY",1,1,,4.594594699861789,37,0,,,,33.29999923706055,,34,18,17,5,11,1,2,31,8.378378570336203,2.9729730410870396,2.8181818181818183,1.351351382312291,,,,,1.351351382312291,,0.7105263157894737,,,4.286647575939998,-0.0324859317516224,,,,,,,,,119.51999435424804,3.58918910187934,124.49999618530273,3.738738709841862,,,,,,,,,,,,,,,,,,,"Matt Daley","7952",457935
"Albert Suárez","TBR",2,3,,5.945946082174079,11,9,,,,33.29999923706055,,38,24,22,6,17,0,3,17,4.594594699861789,4.594594699861789,1,1.621621658774749,,,,,1.6516516894928,,0.6652360515021459,,,6.148509480459155,-0.0324859317516224,,,,,,,,,47.81999435424804,1.4360358993950895,62.499996185302734,1.8768768053227056,,,,,,,,,,,,,,,,,,,"Albert Suarez","6175",544150
"Joe Thatcher","SDP",1,1,,2.937685393433944,47,0,,,,33.70000076293945,,27,12,11,2,14,3,1,39,10.415430031265801,3.7388723189159285,2.7857142857142856,0.5341246169879899,,,,,1.2166171831393102,,0.7591623036649214,,,2.817671156953198,-0.03287615465156124,,,,,,,,,187.58000564575195,5.566172148341235,175.50000381469727,5.207715128828663,,,,,,,,,,,,,,,,,,,"Joe Thatcher","4620",491159
"Shawn Kelley","SEA",2,2,,4.005934627409924,30,0,,,,33.70000076293945,,32,16,15,4,12,2,2,31,8.278931563313842,3.204747701927939,2.5833333333333335,1.0682492339759797,,,,,1.3056379526373085,,0.7291666666666667,,,3.974941160427176,-0.03287615465156124,,,,,,,,,136.980005645752,4.064688502808331,136.50000381469727,4.050445125354685,,,,,,,,,,,,,,,,,,,"Shawn Kelley","7773",518875
"Arthur Rhodes","STL",3,3,,3.9705882352941178,49,0,,,,34,,32,16,15,4,13,1,0,26,6.882352941176471,3.4411764705882355,2,1.0588235294117647,,,,,1.3235294117647058,,0.7360406091370558,,,4.172445109311273,-0.03316881996579468,,,,,,,,,132.20000000000005,3.8882352941176483,131,3.8529411764705883,,,,,,,,,,,,,,,,,,,"Arthur Rhodes","1097",121125
"Juan Cruz","PIT",2,2,,4.5,37,0,,,,34,,32,18,17,4,19,1,0,31,8.205882352941176,5.029411764705882,1.631578947368421,1.0588235294117647,,,,,1.5,,0.7268722466960352,,,4.407739226958331,-0.03316881996579468,,,,,,,,,124.20000000000003,3.652941176470589,123,3.6176470588235294,,,,,,,,,,,,,,,,,,,"Juan Cruz","273",407297
"J.C. Romero","STL",1,1,,4.4606414986355505,45,0,,,,34.29999923706055,,34,18,17,3,22,3,2,25,6.559766909758163,5.772594880587183,1.1363636363636365,0.7871720291709795,,,,,1.6326530975398095,,0.7335907335907337,,,4.803811981316295,-0.033461485280028125,,,,,,,,,106.51999435424801,3.105539263078322,110.49999618530273,3.2215743044655647,,,,,,,,,,,,,,,,,,,"J.C. Romero","754",240694
"Mike Parisi","LAD",2,3,,4.985422851416204,7,7,,,,34.29999923706055,,36,20,19,4,18,0,2,21,5.510204204196857,4.723032175025877,1.1666666666666667,1.049562705561306,,,,,1.574344058341959,,0.7024793388429752,,,5.066202657706622,-0.033461485280028125,,,,,,,,,93.01999435424803,2.7119532484928324,101.49999618530273,2.9591836280752384,,,,,,,,,,,,,,,,,,,"Mike Parisi","8070",449157
"Royce Ring","BOS",2,2,,4.668587793606633,41,1,,,,34.70000076293945,,38,19,18,4,13,1,2,24,6.2247837248088445,3.371757850938124,1.8461538461538463,1.0374639541348074,,,,,1.4697406016909773,,0.7048458149779736,,,4.437490001132015,-0.033851708179966966,,,,,,,,,111.78000564575196,3.221325740290359,124.50000381469727,3.5878962846498452,,,,,,,,,,,,,,,,,,,"Royce Ring","4350",429721
"Evan Reed","FLA",1,1,,4.927953782140335,31,0,,,,34.70000076293945,,36,20,19,3,23,1,2,28,7.262247678943652,5.965417736275143,1.2173913043478262,0.7780979656011056,,,,,1.7002881470542677,,0.7116788321167884,,,4.696855989665717,-0.033851708179966966,,,,,,,,,107.28000564575193,3.091642746023507,115.50000381469727,3.3285302961161434,,,,,,,,,,,,,,,,,,,"Evan Reed","1349",519175
"Brandon Erbe","BAL",1,4,,7.00288169040995,10,9,,,,34.70000076293945,,45,29,27,8,13,1,2,19,4.927953782140335,3.371757850938124,1.4615384615384615,2.074927908269615,,,,,1.6714697038838564,,0.6196581196581197,,,6.224233477697517,-0.033851708179966966,,,,,,,,,34.380005645751936,0.9907782389005224,62.500003814697266,1.8011528080843437,,,,,,,,,,,,,,,,,,,"Brandon Erbe","sa294339",476258
"Mark DiFelice","MIL",2,1,,3.857142857142857,32,0,,,,35,,33,16,15,4,11,2,1,32,8.228571428571428,2.8285714285714287,2.909090909090909,1.0285714285714285,,,,,1.2571428571428571,,0.7291666666666667,,,3.7111005714961465,-0.03414437349420041,,,,,,,,,152,4.3428571428571425,151,4.314285714285714,,,,,,,,,,,,,,,,,,,"Mark DiFelice","2468",442707
"Justin Hampson","NYM",2,2,,4.371428571428571,32,0,,,,35,,36,18,17,4,11,1,2,27,6.942857142857143,2.8285714285714287,2.4545454545454546,1.0285714285714285,,,,,1.3428571428571427,,0.7004830917874396,,,4.0825291429247175,-0.03414437349420041,,,,,,,,,131.2,3.748571428571428,138,3.942857142857143,,,,,,,,,,,,,,,,,,,"Justin Hampson","2209",430618
"Matt Bush","TBR",3,3,,4.628571428571429,26,0,,,,35,,34,19,18,4,17,1,2,33,8.485714285714286,4.371428571428571,1.9411764705882353,1.0285714285714285,,,,,1.457142857142857,,0.7048458149779736,,,4.253957714353289,-0.03414437349420041,,,,,,,,,130.4,3.725714285714286,132,3.7714285714285714,,,,,,,,,,,,,,,,,,,"Matt Bush","1246",456713
"Mike Hinckley","LAD",1,2,,4.885714285714286,31,0,,,,35,,38,20,19,4,19,1,2,20,5.142857142857143,4.885714285714286,1.0526315789473684,1.0285714285714285,,,,,1.6285714285714286,,0.7198443579766537,,,5.168243428639004,-0.03414437349420041,,,,,,,,,88.00000000000001,2.5142857142857147,100,2.857142857142857,,,,,,,,,,,,,,,,,,,"Mike Hinckley","3769",434479
"LaTroy Hawkins","LAA",2,1,,4.334277714073413,38,0,,,,35.29999923706055,,39,18,17,3,9,1,1,22,5.609065277036181,2.294617613332983,2.4444444444444446,0.7648725377776611,,,,,1.3597734004936197,,0.6849315068493151,,,3.733601598538954,-0.03443703880843385,,,,,,,,,136.91999435424805,3.8787534649717306,151.49999618530273,4.291784687242907,,,,,,,,,,,,,,,,,,,"LaTroy Hawkins","729",115629
"Chris Hatcher","FLA",1,1,,4.079320201480859,35,0,,,,35.29999923706055,,33,17,16,4,17,1,2,33,8.413597915554272,4.334277714073413,1.9411764705882353,1.0198300503702147,,,,,1.4164306255141872,,0.7432432432432433,,,4.243516623724061,-0.03443703880843385,,,,,,,,,135.21999435424806,3.830594823704249,133.49999618530273,3.781869662057799,,,,,,,,,,,,,,,,,,,"Chris Hatcher","3299",501822
"Ryan Franklin","STL",2,3,,4.710743900661498,31,0,,,,36.29999923706055,,40,20,19,5,8,1,2,23,5.702479458695498,1.9834711160679992,2.875,1.2396694475424994,,,,,1.3223140773786661,,0.6829268292682927,,,4.375248573105916,-0.03541259233683958,,,,,,,,,119.11999435424804,3.281542613164363,132.49999618530273,3.650137712675945,,,,,,,,,,,,,,,,,,,"Ryan Franklin","1076",211041
"Brian Bruney","CHW",1,2,,5.206611679678498,39,0,,,,36.29999923706055,,37,22,21,5,24,1,1,32,7.933884464271997,5.950413348203997,1.3333333333333333,1.2396694475424994,,,,,1.6804408066687215,,0.7222222222222222,,,5.119050241631415,-0.03541259233683958,,,,,,,,,99.91999435424803,2.752616982212896,105.49999618530273,2.9063360441504456,,,,,,,,,,,,,,,,,,,"Brian Bruney","1929",430663
"Jared Burton","MIN",2,2,,4.904632050628412,34,0,,,,36.70000076293945,,40,21,20,4,16,2,2,26,6.376021665816935,3.923705640502729,1.625,0.9809264101256823,,,,,1.5258855268621725,,0.6944444444444444,,,4.496775900970384,-0.03580281523677842,,,,,,,,,116.38000564575196,3.1711172541248365,129.50000381469727,3.5286103848114765,,,,,,,,,,,,,,,,,,,"Jared Burton","8346",454537
"Justin Miller","TEX",2,2,,5.149863653159832,32,0,,,,36.70000076293945,,37,22,21,5,22,2,2,28,6.866484870879776,5.395095255691253,1.2727272727272727,1.226158012657103,,,,,1.607629394372646,,0.7115384615384616,,,5.232470708564646,-0.03580281523677842,,,,,,,,,97.88000564575195,2.6670300711435826,102.50000381469727,2.7929155772172147,,,,,,,,,,,,,,,,,,,"Justin Miller","8580",502522
"Joe Torres","COL",1,2,,5.395095255691253,36,0,,,,36.70000076293945,,39,24,22,5,24,0,2,29,7.111716473411197,5.885558460754094,1.2083333333333333,1.226158012657103,,,,,1.716621217719944,,0.6964285714285714,,,5.341462531911944,-0.03580281523677842,,,,,,,,,88.68000564575195,2.416348877444797,98.50000381469727,2.6839237538699168,,,,,,,,,,,,,,,,,,,"Joe Torres","sa198956",445229
"Dan Meyer","PIT",1,2,,5.149863653159832,37,0,,,,36.70000076293945,,38,22,21,5,22,1,2,25,6.130790063285515,5.395095255691253,1.1363636363636365,1.226158012657103,,,,,1.6348773502094704,,0.7169811320754716,,,5.395958443585593,-0.03580281523677842,,,,,,,,,89.28000564575196,2.432697650946892,96.50000381469727,2.6294278421962676,,,,,,,,,,,,,,,,,,,"Dan Meyer","4402",434159
"Nick Bierbrodt","BAL",1,1,,6.130790063285515,30,0,,,,36.70000076293945,,44,27,25,5,22,1,2,18,4.4141688455655705,5.395095255691253,0.8181818181818182,1.226158012657103,,,,,1.7983650852304176,,0.6610169491525424,,,5.777429825301136,-0.03580281523677842,,,,,,,,,59.68000564575195,1.6261581581768865,82.50000381469727,2.2479564604807245,,,,,,,,,,,,,,,,,,,"Nick Bierbrodt","1194",150149
"Zach Braddock","MIL",1,1,,3.6486486486486487,42,0,,,,37,,29,16,15,3,22,1,2,44,10.702702702702704,5.351351351351352,2,0.7297297297297297,,,,,1.3783783783783783,,0.7478632478632479,,,3.647007907403482,-0.03609548055101186,,,,,,,,,177.5,4.797297297297297,162,4.378378378378378,,,,,,,,,,,,,,,,,,,"Zach Braddock","4553",488722
"Joe Beimel","TEX",2,2,,4.864864864864865,52,0,,,,37,,41,21,20,5,14,2,1,22,5.351351351351352,3.4054054054054053,1.5714285714285714,1.2162162162162162,,,,,1.4864864864864864,,0.7083333333333334,,,4.809170069565644,-0.03609548055101186,,,,,,,,,104.7,2.82972972972973,119,3.2162162162162162,,,,,,,,,,,,,,,,,,,"Joe Beimel","979",346847
"Les Walrond","PHI",3,3,,4.825737364121862,30,0,,,,37.29999923706055,,37,21,20,4,24,1,3,31,7.479892914388885,5.790884836946233,1.2916666666666667,0.9651474728243723,,,,,1.635388773396853,,0.7220216606498195,,,4.928871579407706,-0.0363881458652453,,,,,,,,,111.61999435424808,2.9924932074353676,115.49999618530273,3.0965147063741547,,,,,,,,,,,,,,,,,,,"Les Walrond","1735",400113
"Brad Thomas","DET",2,2,,4.825737364121862,29,0,,,,37.29999923706055,,42,21,20,4,17,2,3,20,4.825737364121862,4.101876759503582,1.1764705882352942,0.9651474728243723,,,,,1.5817694693510544,,0.7116104868913858,,,4.955681231430605,-0.0363881458652453,,,,,,,,,97.61999435424808,2.617158079114778,114.49999618530273,3.0697050543512554,,,,,,,,,,,,,,,,,,,"Brad Thomas","757",346801
"Matt Meyer","LAA",2,3,,5.549597968740141,36,0,,,,37.29999923706055,,39,25,23,5,26,2,3,31,7.479892914388885,6.27345857335842,1.1923076923076923,1.2064343410304654,,,,,1.7426273814884499,,0.6896551724137931,,,5.438254967842791,-0.0363881458652453,,,,,,,,,88.11999435424806,2.3624663848972354,96.49999618530273,2.587131317939069,,,,,,,,,,,,,,,,,,,"Matt Meyer","sa327859",493475
"Will Startup","BAL",1,2,,6.032171705152327,23,0,,,,37.29999923706055,,44,27,25,7,17,1,2,20,4.825737364121862,4.101876759503582,1.1764705882352942,1.6890080774426515,,,,,1.635388773396853,,0.6640625,,,5.920828704254977,-0.0363881458652453,,,,,,,,,58.51999435424804,1.5689006850194174,78.49999618530273,2.1045575815268833,,,,,,,,,,,,,,,,,,,"Will Startup","sa290704",489336
"Ysmael Carmona","LAA",2,4,,6.5147454415645125,34,0,,,,37.29999923706055,,42,29,27,5,34,1,3,26,6.27345857335842,8.203753519007163,0.7647058823529411,1.2064343410304654,,,,,2.0375335537403414,,0.6811594202898551,,,6.349783136621365,-0.0363881458652453,,,,,,,,,46.31999435424807,1.2418229303400476,62.499996185302734,1.6756031491604955,,,,,,,,,,,,,,,,,,,"Ysmael Carmona","sa328824",471149
"Phil Dumatrait","MIN",1,2,,5.490716069255068,40,0,,,,37.70000076293945,,42,25,23,5,23,3,1,23,5.490716069255068,5.490716069255068,1,1.1936339280989279,,,,,1.724137896142896,,0.6896551724137931,,,5.439179340381915,-0.036778368765184144,,,,,,,,,82.28000564575198,2.182493474287576,97.50000381469727,2.5862069453999457,,,,,,,,,,,,,,,,,,,"Phil Dumatrait","8598",430597
"Donnie Veal","CHW",1,2,,6.206896426114425,20,7,,,,37.70000076293945,,40,28,26,6,31,1,2,31,7.400530354213354,7.400530354213354,1,1.4323607137187135,,,,,1.8832890865560863,,0.6869009584664536,,,6.075784102034676,-0.036778368765184144,,,,,,,,,64.18000564575198,1.7023873832077845,73.50000381469727,1.9496021837471842,,,,,,,,,,,,,,,,,,,"Donnie Veal","4741",453264
"Casey Weathers","CHC",1,2,,5.96816964049464,41,0,,,,37.70000076293945,,36,27,25,4,42,1,3,35,8.355437496692495,10.026524996030995,0.8333333333333334,0.9549071424791423,,,,,2.068965475371475,,0.7044198895027624,,,6.128834498839073,-0.036778368765184144,,,,,,,,,71.18000564575199,1.8880637720231737,71.50000381469727,1.8965517869427873,,,,,,,,,,,,,,,,,,,"Casey Weathers","sa327842",502255
"Doug Slaten","PIT",2,2,,4.026315789473684,44,0,,,,38,,39,18,17,3,13,2,2,30,7.105263157894737,3.0789473684210527,2.3076923076923075,0.7105263157894737,,,,,1.368421052631579,,0.7112970711297072,,,3.6569652331502818,-0.037071034079417586,,,,,,,,,157.89999999999995,4.155263157894735,166,4.368421052631579,,,,,,,,,,,,,,,,,,,"Doug Slaten","3107",460657
"Rich Rundles","STL",2,3,,4.7368421052631575,43,0,,,,38,,41,21,20,4,18,1,2,25,5.921052631578948,4.2631578947368425,1.3888888888888888,0.9473684210526315,,,,,1.5526315789473684,,0.7116104868913858,,,4.656965233150282,-0.037071034079417586,,,,,,,,,115.39999999999999,3.036842105263158,128,3.3684210526315788,,,,,,,,,,,,,,,,,,,"Rich Rundles","2760",457858
"Hung-Chih Kuo","SEA",2,2,,3.6641222085369822,47,0,,,,39.29999923706055,,32,17,16,4,20,1,2,46,10.534351349543824,4.580152760671227,2.3,0.9160305521342456,,,,,1.3231552419716879,,0.7543103448275862,,,3.6869639067677045,-0.038339252922056755,,,,,,,,,184.4199943542481,4.692620812581009,170.49999618530273,4.338422379014156,,,,,,,,,,,,,,,,,,,"Hung-Chih Kuo","7016",425539
"Andrew Carignan","OAK",2,2,,4.122137484604105,38,0,,,,39.29999923706055,,38,19,18,4,18,0,3,35,8.015267331174648,4.122137484604105,1.9444444444444444,0.9160305521342456,,,,,1.4249364144310486,,0.7341269841269842,,,4.170424475949668,-0.038339252922056755,,,,,,,,,149.81999435424808,3.812213670807539,151.49999618530273,3.854961809832193,,,,,,,,,,,,,,,,,,,"Andrew Carignan","2431",446398
"Bobby Cramer","OAK",2,2,,4.580152760671227,12,7,,,,39.29999923706055,,44,21,20,4,15,1,2,26,5.954198588872596,3.4351145705034205,1.7333333333333334,0.9160305521342456,,,,,1.501272293775569,,0.7116104868913858,,,4.323096234638708,-0.038339252922056755,,,,,,,,,128.2199943542481,3.262595339526992,145.49999618530273,3.702290051143152,,,,,,,,,,,,,,,,,,,"Bobby Cramer","2744",450864
"Will Ohman","CHW",1,1,,4.580152760671227,51,0,,,,39.29999923706055,,39,21,20,6,17,4,2,37,8.47328260724177,3.8931298465705435,2.176470588235294,1.3740458282013683,,,,,1.4249364144310486,,0.7352941176470588,,,4.57754916578711,-0.038339252922056755,,,,,,,,,132.61999435424806,3.3745546292322883,135.49999618530273,3.447837119994751,,,,,,,,,,,,,,,,,,,"Will Ohman","296",349193
"George Sherrill","SEA",2,1,,3.5732010602018875,54,0,,,,40.29999923706055,,37,17,16,4,17,2,1,40,8.933002650504719,3.796526126464505,2.3529411764705883,0.8933002650504719,,,,,1.3399503975757079,,0.7644628099173554,,,3.6705475883183123,-0.03931480645046248,,,,,,,,,178.81999435424808,4.437220787582603,175.49999618530273,4.354838697463548,,,,,,,,,,,,,,,,,,,"George Sherrill","6291",430941
"Peter Moylan","ATL",3,3,,3.796526126464505,52,0,,,,40.29999923706055,,37,18,17,3,21,3,1,36,8.039702385454246,4.689826391514977,1.7142857142857142,0.6699751987878539,,,,,1.4392059825813157,,0.7434944237918216,,,3.8442448620781264,-0.03931480645046248,,,,,,,,,171.11999435424804,4.246153786446806,168.49999618530273,4.1811414237037345,,,,,,,,,,,,,,,,,,,"Peter Moylan","4891",493247
"John Van Benschoten","SDP",2,4,,5.583126656565449,13,6,,,,40.29999923706055,,48,27,25,5,20,1,2,24,5.3598015903028315,4.466501325252359,1.2,1.1166253313130898,,,,,1.6873449450953357,,0.6721311475409836,,,5.084939674648226,-0.03931480645046248,,,,,,,,,93.91999435424805,2.3305209958385724,118.49999618530273,2.9404466111336345,,,,,,,,,,,,,,,,,,,"John Van Benschoten","2228",429724
"Mariano Gomez","FLA",3,4,,5.085994990655866,27,1,,,,40.70000076293945,,44,25,23,4,22,1,2,23,5.085994990655866,4.864864773670829,1.0454545454545454,0.8845208679401507,,,,,1.6216215912236096,,0.6788079470198676,,,4.941848166318854,-0.03970502935040132,,,,,,,,,111.58000564575198,2.7415234288485406,125.50000381469727,3.083538119463007,,,,,,,,,,,,,,,,,,,"Mariano Gomez","sa199551",430648
"Dallas Buck","CIN",2,4,,5.970515858596017,9,9,,,,40.70000076293945,,53,29,27,5,20,1,3,18,3.980343905730678,4.4226043397007535,0.9,1.1056510849251884,,,,,1.79361175998975,,0.6666666666666666,,,5.433248648507826,-0.03970502935040132,,,,,,,,,68.88000564575196,1.6923833993750834,105.50000381469727,2.592137637274034,,,,,,,,,,,,,,,,,,,"Dallas Buck","sa326675",453271
"Randy Williams","BOS",1,1,,4.609756097560975,35,0,,,,41,,43,22,21,3,20,2,3,29,6.365853658536586,4.390243902439025,1.45,0.6585365853658537,,,,,1.5365853658536586,,0.6972789115646258,,,4.244898480903812,-0.039997694664634764,,,,,,,,,143.70000000000005,3.5048780487804887,155,3.7804878048780486,,,,,,,,,,,,,,,,,,,"Randy Williams","2362",430942
"Juan Pablo Perez","MIL",3,3,,5.048780487804878,42,0,,,,41,,38,25,23,6,29,1,2,42,9.21951219512195,6.365853658536586,1.4482758620689655,1.3170731707317074,,,,,1.6341463414634145,,0.7167235494880546,,,5.147337505294056,-0.039997694664634764,,,,,,,,,121.80000000000003,2.9707317073170736,118,2.8780487804878048,,,,,,,,,,,,,,,,,,,"Juan Pablo Perez","2557",448722
"Buddy Carlyle","NYY",2,3,,5.487804878048781,31,2,,,,41,,46,27,25,7,20,2,2,27,5.926829268292683,4.390243902439025,1.35,1.5365853658536586,,,,,1.6097560975609757,,0.693950177935943,,,5.5375814077330805,-0.039997694664634764,,,,,,,,,85.7,2.0902439024390245,102,2.4878048780487805,,,,,,,,,,,,,,,,,,,"Buddy Carlyle","2010",234194
"Cesar Jimenez","SEA",2,3,,4.35835359140823,29,0,,,,41.29999923706055,,42,21,20,4,21,1,2,33,7.191283425823579,4.5762712709786415,1.5714285714285714,0.871670718281646,,,,,1.5254237569928806,,0.7317073170731707,,,4.3571054387121535,-0.040290359978868207,,,,,,,,,144.21999435424806,3.492009613037287,151.49999618530273,3.6682808470697075,,,,,,,,,,,,,,,,,,,"Cesar Jimenez","3762",462945
"Bill Bray","CIN",3,2,,3.453237346891822,64,0,,,,41.70000076293945,,35,17,16,4,16,2,1,42,9.064748035591034,3.453237346891822,2.625,0.8633093367229555,,,,,1.2230215603575203,,0.748898678414097,,,3.481021769052309,-0.04068058287880705,,,,,,,,,201.38000564575196,4.8292566417583105,189.50000381469727,4.544364516729551,,,,,,,,,,,,,,,,,,,"Bill Bray","8538",435538
"Eduardo Sanchez","STL",3,2,,3.2374100127110834,39,0,,,,41.70000076293945,,33,16,15,3,22,1,3,43,9.280575369771773,4.748201351976255,1.9545454545454546,0.6474820025422167,,,,,1.3189448199934044,,0.767716535433071,,,3.696849103233048,-0.04068058287880705,,,,,,,,,196.88000564575196,4.721342974667941,180.50000381469727,4.328537182548812,,,,,,,,,,,,,,,,,,,"Eduardo Sanchez","2966",500674
"Randy Flores","MIL",3,2,,4.316546683614778,54,0,,,,41.70000076293945,,42,21,20,5,15,0,2,32,6.906474693783644,3.2374100127110834,2.1333333333333333,1.0791366709036945,,,,,1.3669064498113463,,0.72,,,4.2723886610483515,-0.04068058287880705,,,,,,,,,150.88000564575196,3.6182254888552756,156.50000381469727,3.7529976247335086,,,,,,,,,,,,,,,,,,,"Randy Flores","1446",420864
"Brandon Webb","TEX",3,3,,5.179856020337733,8,8,,,,41.70000076293945,,49,26,24,5,16,1,1,20,4.316546683614778,3.453237346891822,1.25,1.0791366709036945,,,,,1.5587529690831141,,0.6724137931034483,,,4.847928218863656,-0.04068058287880705,,,,,,,,,108.68000564575195,2.606235099696699,132.50000381469727,3.177458066918205,,,,,,,,,,,,,,,,,,,"Brandon Webb","1692",425630
"Jeremy Jeffress","KCR",2,3,,4.964028686156994,47,0,,,,41.70000076293945,,43,25,23,4,26,1,3,30,6.474820025422167,5.611510688699211,1.1538461538461537,0.8633093367229555,,,,,1.6546762287189982,,0.694006309148265,,,4.919870663590569,-0.04068058287880705,,,,,,,,,120.58000564575197,2.8916067971134547,129.50000381469727,3.105515622191292,,,,,,,,,,,,,,,,,,,"Jeremy Jeffress","9490",502026
"Bobby Korecky","DET",3,3,,4.285714285714286,39,0,,,,42,,43,21,20,4,15,0,2,28,6,3.2142857142857144,1.8666666666666667,0.8571428571428571,,,,,1.380952380952381,,0.7061068702290076,,,4.14443390482948,-0.04097324819304049,,,,,,,,,154.8,3.685714285714286,163,3.880952380952381,,,,,,,,,,,,,,,,,,,"Bobby Korecky","4608",445090
"Boof Bonser","SFG",1,1,,4.714285714285714,15,6,,,,42,,46,24,22,4,17,1,1,24,5.142857142857143,3.642857142857143,1.411764705882353,0.8571428571428571,,,,,1.5,,0.6794425087108014,,,4.406338666734241,-0.04097324819304049,,,,,,,,,136,3.238095238095238,152,3.619047619047619,,,,,,,,,,,,,,,,,,,"Boof Bonser","2159",425818
"Andrew Sisco","LAD",2,4,,5.357142857142857,35,0,,,,42,,42,27,25,5,24,3,3,34,7.285714285714286,5.142857142857143,1.4166666666666667,1.0714285714285714,,,,,1.5714285714285714,,0.6610169491525424,,,4.882529142924717,-0.04097324819304049,,,,,,,,,127.10000000000001,3.0261904761904765,132,3.142857142857143,,,,,,,,,,,,,,,,,,,"Andrew Sisco","3706",434878
"Jumbo Díaz","PIT",1,2,,5.10638307082414,45,0,,,,42.29999923706055,,46,26,24,4,25,1,3,30,6.382978838530175,5.319149032108479,1.2,0.8510638451373566,,,,,1.6784870279097865,,0.6880733944954128,,,4.82207662551628,-0.04126591350727393,,,,,,,,,120.21999435424807,2.8420802960421576,135.49999618530273,3.2033096602655804,,,,,,,,,,,,,,,,,,,"Jumbo Diaz","3397",471822
"Marc Kroon","SFG",3,3,,4.215456599153673,43,0,,,,42.70000076293945,,39,21,20,5,24,1,3,44,9.274004518138081,5.058547918984408,1.8333333333333333,1.0538641497884182,,,,,1.4754098097037855,,0.75,,,4.383700078842488,-0.041656136407212774,,,,,,,,,160.08000564575198,3.748946201066347,155.50000381469727,3.641686206939372,,,,,,,,,,,,,,,,,,,"Marc Kroon","1964",117327
"Koji Uehara","TEX",2,1,,3.3488372093023258,45,0,,,,43,,36,17,16,6,8,1,0,49,10.255813953488373,1.6744186046511629,6.125,1.255813953488372,,,,,1.0232558139534884,,0.7584269662921348,,,3.118409541595814,-0.041948801721446216,,,,,,,,,224.79999999999995,5.227906976744185,211,4.906976744186046,,,,,,,,,,,,,,,,,,,"Koji Uehara","9227",493157
"Clay Rapada","NYY",2,2,,4.395348837209302,53,0,,,,43,,43,22,21,4,19,1,2,35,7.325581395348837,3.9767441860465116,1.8421052631578947,0.8372093023255814,,,,,1.441860465116279,,0.7092198581560284,,,4.071897913688837,-0.041948801721446216,,,,,,,,,164.2,3.8186046511627905,170,3.953488372093023,,,,,,,,,,,,,,,,,,,"Clay Rapada","4831",449060
"Jason Bulger","MIN",1,1,,4.395348837209302,42,0,,,,43,,39,22,21,5,25,1,2,43,9,5.232558139534884,1.72,1.0465116279069768,,,,,1.4883720930232558,,0.7368421052631579,,,4.420735122991163,-0.041948801721446216,,,,,,,,,160.29999999999998,3.7279069767441855,155,3.604651162790698,,,,,,,,,,,,,,,,,,,"Jason Bulger","3915",408072
"Sammy Gervacio","HOU",2,2,,4.395348837209302,39,0,,,,43,,40,22,21,6,19,1,2,40,8.372093023255815,3.9767441860465116,2.1052631578947367,1.255813953488372,,,,,1.372093023255814,,0.7312252964426877,,,4.443990936944651,-0.041948801721446216,,,,,,,,,157.39999999999998,3.6604651162790693,154,3.5813953488372094,,,,,,,,,,,,,,,,,,,"Sammy Gervacio","5127",463645
"Chris Smith","SEA",1,2,,4.813953488372093,35,0,,,,43,,46,25,23,6,18,2,2,35,7.325581395348837,3.7674418604651163,1.9444444444444444,1.255813953488372,,,,,1.4883720930232558,,0.7014388489208633,,,4.60678163461907,-0.041948801721446216,,,,,,,,,134.79999999999995,3.1348837209302314,147,3.4186046511627906,,,,,,,,,,,,,,,,,,,"Chris Smith","4544",434672
"Juan Gutierrez","KCR",2,2,,4.572748348469518,43,0,,,,43.29999923706055,,44,24,22,5,18,3,2,38,7.898383510992804,3.7413395578386965,2.111111111111111,1.0392609882885269,,,,,1.4318706949753035,,0.6909090909090909,,,4.157026028584923,-0.04224146703567966,,,,,,,,,160.51999435424804,3.7071592882814346,167.49999618530273,3.8683602571969375,,,,,,,,,,,,,,,,,,,"Juan Gutierrez","3265",434641
"Jonathan Broxton","KCR",4,3,,3.5011441036347604,44,0,,,,43.70000076293945,,38,18,17,4,20,3,1,50,10.297482657749295,4.118993063099718,2.5,0.8237986126199437,,,,,1.3272310981099091,,0.7633587786259542,,,3.368635707706837,-0.0426316899356185,,,,,,,,,212.38000564575196,4.859954277755174,203.50000381469727,4.656750578075023,,,,,,,,,,,,,,,,,,,"Jonathan Broxton","4759",455009
"Jorge De Leon","HOU",3,5,,4.942791675719662,38,0,,,,43.70000076293945,,48,26,24,5,18,0,3,29,5.972539941494591,3.7070937567897464,1.6111111111111112,1.0297482657749295,,,,,1.5102974564698968,,0.6779661016949152,,,4.627216921431751,-0.0426316899356185,,,,,,,,,132.08000564575195,3.0224257057167994,148.50000381469727,3.3981693643501094,,,,,,,,,,,,,,,,,,,"Jorge De Leon","5397",501529
"Logan Kensing","PIT",1,2,,5.354690982029633,38,0,,,,43.70000076293945,,50,28,26,6,17,1,1,30,6.1784895946495775,3.5011441036347604,1.7647058823529411,1.2356979189299155,,,,,1.5331807512648952,,0.6655290102389079,,,4.672983511021748,-0.0426316899356185,,,,,,,,,125.58000564575195,2.8736842895493098,146.50000381469727,3.3524027747601126,,,,,,,,,,,,,,,,,,,"Logan Kensing","6166",434137
"R.J. Swindle","STL",2,2,,4.53089236940969,41,0,,,,43.70000076293945,,42,24,22,6,20,1,3,36,7.414187513579493,4.118993063099718,1.8,1.2356979189299155,,,,,1.418764277289903,,0.708955223880597,,,4.741633395406743,-0.0426316899356185,,,,,,,,,143.38000564575196,3.281006936900282,143.50000381469727,3.2837528903751174,,,,,,,,,,,,,,,,,,,"R.J. Swindle","539",449881
"Robert Fish","ATL",2,3,,5.148741328874648,37,0,,,,43.70000076293945,,45,27,25,6,25,2,3,39,8.032036473044451,5.148741328874648,1.56,1.2356979189299155,,,,,1.6018306356498904,,0.698051948051948,,,4.947583048561729,-0.0426316899356185,,,,,,,,,126.58000564575195,2.896567584344308,134.50000381469727,3.0778032372201314,,,,,,,,,,,,,,,,,,,"Robert Fish","sa326802",502061
"Danys Baez","PHI",3,3,,4.704545454545454,39,0,,,,44,,46,25,23,5,17,2,3,27,5.5227272727272725,3.477272727272727,1.588235294117647,1.0227272727272727,,,,,1.4318181818181819,,0.6785714285714286,,,4.639022649418224,-0.04292435524985194,,,,,,,,,138.5,3.147727272727273,149,3.3863636363636362,,,,,,,,,,,,,,,,,,,"Danys Baez","367",276056
"Josh Fields","BOS",2,3,,5.318181818181818,33,0,,,,44,,43,28,26,5,37,0,3,34,6.954545454545454,7.568181818181818,0.918918918918919,1.0227272727272727,,,,,1.8181818181818181,,0.7123287671232876,,,5.68447719487277,-0.04292435524985194,,,,,,,,,100.30000000000003,2.279545454545455,103,2.340909090909091,,,,,,,,,,,,,,,,,,,"Josh Fields","5070",451661
"Clay Zavada","CIN",2,2,,4.875846585101033,37,0,,,,44.29999923706055,,47,26,24,5,22,1,3,34,6.907449328893129,4.469526036342613,1.5454545454545454,1.0158013718960484,,,,,1.5575621035739409,,0.6935483870967742,,,4.650668480815538,-0.043217020564085384,,,,,,,,,137.1199943542481,3.095259519542747,149.49999618530273,3.3747178049663225,,,,,,,,,,,,,,,,,,,"Clay Zavada","8577",501826
"Sergio Mitre","NYY",1,1,,5.079006859480242,26,2,,,,44.29999923706055,,49,27,25,6,17,0,2,22,4.469526036342613,3.4537246644465647,1.2941176470588236,1.2189616462752582,,,,,1.4898420121142042,,0.6770833333333334,,,5.07956239339387,-0.043217020564085384,,,,,,,,,113.61999435424806,2.5647854697748103,130.49999618530273,2.945823892387991,,,,,,,,,,,,,,,,,,,"Sergio Mitre","1773",429901
"Chris Ray","CLE",2,3,,4.630872404181762,46,0,,,,44.70000076293945,,46,25,23,5,20,3,0,32,6.442952910165929,4.026845568853705,1.6,1.0067113922134263,,,,,1.4765100419130255,,0.6949152542372882,,,4.390039506337839,-0.043607243464024226,,,,,,,,,153.68000564575192,3.438031387533381,162.50000381469727,3.635346779444022,,,,,,,,,,,,,,,,,,,"Chris Ray","6315",444884
"Philippe Valiquette","SEA",1,2,,5.436241517952503,40,0,,,,44.70000076293945,,48,29,27,5,32,1,3,28,5.637583796395188,6.442952910165929,0.875,1.0067113922134263,,,,,1.7897091417127582,,0.6986301369863014,,,5.575721812722541,-0.043607243464024226,,,,,,,,,95.48000564575193,2.13601798693735,109.50000381469727,2.4496644730593196,,,,,,,,,,,,,,,,,,,"Philippe Valiquette","sa272553",444434
"David Carpenter","LAA",2,2,,4.8,44,0,,,,45,,46,26,24,5,23,1,3,33,6.6,4.6,1.434782608695652,1,,,,,1.5333333333333334,,0.6935483870967742,,,4.736497396892972,-0.04389990877825767,,,,,,,,,139.89999999999998,3.1088888888888886,148,3.2888888888888888,,,,,,,,,,,,,,,,,,,"David Carpenter","9244",518526
"Vinnie Chulk","CHW",2,2,,5.2,38,0,,,,45,,50,28,26,6,22,1,2,29,5.8,4.4,1.3181818181818181,1.2,,,,,1.6,,0.6918238993710691,,,5.069830730226305,-0.04389990877825767,,,,,,,,,115.19999999999999,2.5599999999999996,133,2.9555555555555557,,,,,,,,,,,,,,,,,,,"Vinnie Chulk","1838",425562
"Joey Devine","OAK",4,3,,3.5761590006267725,50,0,,,,45.29999923706055,,39,19,18,3,20,0,3,45,8.940397501566931,3.9735100006964137,2.25,0.5960265001044621,,,,,1.3024282780060468,,0.7299270072992701,,,3.4227372858515017,-0.04419257409249111,,,,,,,,,217.91999435424802,4.810595982879503,208.49999618530273,4.602648999930358,,,,,,,,,,,,,,,,,,,"Joey Devine","9862",457733
"Angel Guzman","LAD",2,2,,4.172185500731235,35,13,,,,45.29999923706055,,46,22,21,5,14,2,2,31,6.158940501079441,2.7814570004874897,2.2142857142857144,0.9933775001741034,,,,,1.3245033335654712,,0.7169811320754716,,,4.151214119312511,-0.04419257409249111,,,,,,,,,168.11999435424804,3.711258216020162,175.49999618530273,3.8741721664693496,,,,,,,,,,,,,,,,,,,"Angel Guzman","2145",425768
"Rich Hill","BOS",3,2,,4.768212000835697,27,4,,,,45.29999923706055,,44,26,24,5,30,1,3,38,7.549669001323187,5.960265001044621,1.2666666666666666,0.9933775001741034,,,,,1.6335541113974146,,0.7164179104477612,,,4.9679911750112185,-0.04419257409249111,,,,,,,,,136.31999435424805,3.0092714492304626,138.49999618530273,3.057395110770642,,,,,,,,,,,,,,,,,,,"Rich Hill","4806",448179
"Mike DeMark","ARI",2,2,,4.529540405781946,43,0,,,,45.70000076293945,,46,25,23,5,23,1,3,37,7.286651957127478,4.529540405781946,1.608695652173913,0.9846826969091186,,,,,1.5098468019273152,,0.7096774193548387,,,4.535233087709176,-0.04458279699242995,,,,,,,,,153.08000564575195,3.349671840047159,159.50000381469727,3.4901531980726848,,,,,,,,,,,,,,,,,,,"Mike DeMark","sa376291",514108
"J.J. Putz","ARI",4,2,,3.130434782608696,50,1,,,,46,,38,17,16,4,14,1,1,49,9.58695652173913,2.739130434782609,3.5,0.782608695652174,,,,,1.1304347826086956,,0.7543103448275862,,,3.003647155347078,-0.044875462306663394,,,,,,,,,245.40000000000003,5.334782608695653,231,5.021739130434782,,,,,,,,,,,,,,,,,,,"J.J. Putz","1795",407816
"Darren Oliver","TOR",4,2,,3.3260869565217392,53,0,,,,46,,42,18,17,4,12,2,1,44,8.608695652173912,2.347826086956522,3.6666666666666665,0.782608695652174,,,,,1.173913043478261,,0.7438016528925621,,,3.090603677086208,-0.044875462306663394,,,,,,,,,231.00000000000006,5.021739130434784,227,4.934782608695652,,,,,,,,,,,,,,,,,,,"Darren Oliver","206",119984
"Hector Ambriz","CLE",1,1,,4.695652173913044,35,0,,,,46,,50,26,24,6,16,1,1,35,6.8478260869565215,3.130434782608696,2.1875,1.173913043478261,,,,,1.434782608695652,,0.6944444444444444,,,4.307994981434034,-0.044875462306663394,,,,,,,,,155.60000000000002,3.3826086956521744,171,3.717391304347826,,,,,,,,,,,,,,,,,,,"Hector Ambriz","559",459932
"Steve Geltz","LAA",3,3,,4.5,36,0,,,,46,,41,25,23,7,25,1,2,50,9.782608695652174,4.891304347826087,2,1.3695652173913044,,,,,1.434782608695652,,0.7295373665480427,,,4.590603677086208,-0.044875462306663394,,,,,,,,,166.7,3.6239130434782605,158,3.4347826086956523,,,,,,,,,,,,,,,,,,,"Steve Geltz","8402",544993
"David Purcey","PHI",2,2,,4.695652173913044,43,0,,,,46,,43,26,24,5,31,2,1,39,7.630434782608695,6.065217391304348,1.2580645161290323,0.9782608695652174,,,,,1.608695652173913,,0.7164179104477612,,,4.829734111868817,-0.044875462306663394,,,,,,,,,149.10000000000002,3.2413043478260875,147,3.1956521739130435,,,,,,,,,,,,,,,,,,,"David Purcey","8360",453515
"Casey Fien","MIN",2,3,,5.282608695652174,37,0,,,,46,,51,29,27,8,15,1,2,33,6.456521739130435,2.9347826086956523,2.2,1.565217391304348,,,,,1.434782608695652,,0.6751824817518248,,,4.960168894477513,-0.044875462306663394,,,,,,,,,124.4,2.7043478260869565,141,3.0652173913043477,,,,,,,,,,,,,,,,,,,"Casey Fien","3926",502272
"Cole Kimball","WSN",3,3,,4.695652173913044,40,0,,,,46,,43,26,24,5,33,1,3,41,8.021739130434783,6.456521739130435,1.2424242424242424,0.9782608695652174,,,,,1.6521739130434783,,0.7246376811594203,,,5.003647155347078,-0.044875462306663394,,,,,,,,,141.10000000000002,3.0673913043478267,139,3.0217391304347827,,,,,,,,,,,,,,,,,,,"Cole Kimball","9480",501993
"Mark Worrell","BAL",2,4,,5.869565217391305,47,0,,,,46,,53,32,30,7,22,2,3,28,5.478260869565218,4.304347826086956,1.2727272727272727,1.3695652173913044,,,,,1.6304347826086956,,0.6595092024539877,,,5.4166906336079474,-0.044875462306663394,,,,,,,,,97.5,2.119565217391304,120,2.608695652173913,,,,,,,,,,,,,,,,,,,"Mark Worrell","8045",450312
"Joba Chamberlain","NYY",3,2,,3.887689048943226,46,0,,,,46.29999923706055,,43,21,20,5,14,1,1,45,8.747300360122258,2.721382334260258,3.2142857142857144,0.9719222622358065,,,,,1.231101532165355,,0.72,,,3.4573517356644414,-0.045168127620896836,,,,,,,,,214.31999435424802,4.628941639003244,211.49999618530273,4.568034550117419,,,,,,,,,,,,,,,,,,,"Joba Chamberlain","2692",501955
"Jose Ascanio","LAD",2,2,,3.887689048943226,28,7,,,,46.29999923706055,,47,21,20,4,16,1,2,40,7.775378097886452,3.1101512391545807,2.5,0.7775378097886452,,,,,1.360691167130129,,0.7317073170731707,,,3.5869413706292153,-0.045168127620896836,,,,,,,,,197.21999435424806,4.259611179353639,205.49999618530273,4.438444915152645,,,,,,,,,,,,,,,,,,,"Jose Ascanio","3951",448857
"Marcos Mateo","CHC",3,3,,4.276457953837548,41,0,,,,46.29999923706055,,45,24,22,6,18,1,1,44,8.552915907675096,3.498920144048903,2.4444444444444446,1.1663067146829678,,,,,1.360691167130129,,0.7142857142857143,,,4.040505093005925,-0.045168127620896836,,,,,,,,,182.81999435424802,3.94859605543818,184.49999618530273,3.9848811927759353,,,,,,,,,,,,,,,,,,,"Marcos Mateo","6869",456496
"Denny Bautista","SEA",2,3,,4.47084240628471,38,0,,,,46.29999923706055,,42,25,23,4,32,2,3,48,9.330453717463742,6.220302478309161,1.5,0.7775378097886452,,,,,1.5982721645655484,,0.7163742690058479,,,4.342880907923732,-0.045168127620896836,,,,,,,,,175.21999435424806,3.7844491844828,170.49999618530273,3.682505377858129,,,,,,,,,,,,,,,,,,,"Denny Bautista","1947",429714
"Manny Delcarmen","NYY",3,3,,5.442764668520516,43,0,,,,46.29999923706055,,52,30,28,7,24,1,2,32,6.220302478309161,4.665226858731871,1.3333333333333333,1.360691167130129,,,,,1.6414687095538065,,0.6948640483383686,,,5.293204897665409,-0.045168127620896836,,,,,,,,,107.319994354248,2.3179264821314374,126.49999618530273,2.7321813881164516,,,,,,,,,,,,,,,,,,,"Manny Delcarmen","3180",434668
"Pat Neshek","BAL",2,3,,5.831533573414839,45,0,,,,46.29999923706055,,53,32,30,8,26,1,2,28,5.442764668520516,5.053995763626194,1.0769230769230769,1.5550756195772903,,,,,1.7062635270361937,,0.6932153392330384,,,5.876358255006893,-0.045168127620896836,,,,,,,,,78.41999435424802,1.693736407051109,99.49999618530273,2.149028030774968,,,,,,,,,,,,,,,,,,,"Pat Neshek","4682",450212
"Kerry Wood","CHC",4,3,,3.6616701757252113,49,0,,,,46.70000076293945,,39,20,19,5,22,2,4,52,10.021413112511103,4.239828624523929,2.3636363636363638,0.9635974146645292,,,,,1.306209828767473,,0.7592592592592593,,,3.8605040451577857,-0.04555835052083568,,,,,,,,,208.68000564575195,4.468522531831687,194.50000381469727,4.164882240624075,,,,,,,,,,,,,,,,,,,"Kerry Wood","304",134268
"Dan Wheeler","CLE",3,2,,4.047109141591023,54,0,,,,46.70000076293945,,45,22,21,7,12,1,0,40,7.708779317316234,2.3126337951948703,3.3333333333333335,1.349036380530341,,,,,1.220556725241737,,0.7415254237288135,,,4.031810252209258,-0.04555835052083568,,,,,,,,,186.48000564575193,3.9931478072638527,186.50000381469727,3.993576033572603,,,,,,,,,,,,,,,,,,,"Dan Wheeler","120",235095
"Casey Daigle","SFG",2,3,,4.817987073322646,42,0,,,,46.70000076293945,,52,27,25,5,19,1,2,33,6.359742936785893,3.6616701757252113,1.736842105263158,0.9635974146645292,,,,,1.5203425875818128,,0.6875,,,4.353009390430767,-0.04555835052083568,,,,,,,,,151.88000564575194,3.252248461766237,171.50000381469727,3.672376895351093,,,,,,,,,,,,,,,,,,,"Casey Daigle","1880",430664
"Michael Gonzalez","TEX",3,2,,4.432548107456834,51,0,,,,46.70000076293945,,45,25,23,7,20,3,2,45,8.672376731980764,3.854389658658117,2.25,1.349036380530341,,,,,1.391862932293209,,0.7246376811594203,,,4.460075769837937,-0.04555835052083568,,,,,,,,,166.48000564575193,3.564882289635173,166.50000381469727,3.5653105159439233,,,,,,,,,,,,,,,,,,,"Michael Gonzalez","1794",283166
"Al Alburquerque","DET",4,3,,3.8297872340425534,42,0,,,,47,,40,21,20,4,29,3,3,53,10.148936170212766,5.553191489361702,1.8275862068965518,0.7659574468085106,,,,,1.4680851063829787,,0.7570977917981073,,,3.919003307058456,-0.04585101583506912,,,,,,,,,204.60000000000002,4.353191489361703,193,4.1063829787234045,,,,,,,,,,,,,,,,,,,"Al Alburquerque","6324",456379
"Kevin Whelan","NYY",3,4,,5.553191489361702,46,0,,,,47,,50,31,29,7,30,0,2,37,7.085106382978723,5.74468085106383,1.2333333333333334,1.3404255319148937,,,,,1.702127659574468,,0.698005698005698,,,5.429641604930797,-0.04585101583506912,,,,,,,,,109.69999999999999,2.3340425531914892,122,2.595744680851064,,,,,,,,,,,,,,,,,,,"Kevin Whelan","3462",460128
"Clevelan Santeliz","BOS",2,3,,5.553191489361702,35,0,,,,47,,50,31,29,6,35,0,3,32,6.127659574468085,6.702127659574468,0.9142857142857143,1.148936170212766,,,,,1.8085106382978724,,0.7049608355091385,,,5.748790541101009,-0.04585101583506912,,,,,,,,,94,2,107,2.276595744680851,,,,,,,,,,,,,,,,,,,"Clevelan Santeliz","sa323420",464436
"Michael Wuertz","OAK",1,1,,4.186046579147994,50,3,,,,47.29999923706055,,43,24,22,5,24,3,0,51,9.704017069843076,4.566596268161447,2.125,0.9513742225336349,,,,,1.4164905091056341,,0.7166666666666667,,,3.7653440144191324,-0.04614368114930256,,,,,,,,,206.71999435424806,4.370401642465114,201.49999618530273,4.260042271362728,,,,,,,,,,,,,,,,,,,"Michael Wuertz","1856",430900
"Darren O'Day","BAL",2,2,,3.6152220456278124,52,0,,,,47.29999923706055,,43,20,19,6,13,1,4,45,8.562368002802714,2.4735729785874505,3.4615384615384617,1.1416490670403618,,,,,1.1839323658196346,,0.7563025210084033,,,3.8499106119776774,-0.04614368114930256,,,,,,,,,203.41999435424805,4.300634199479314,197.49999618530273,4.175475673804183,,,,,,,,,,,,,,,,,,,"Darren O'Day","3321",503285
"Joe Nathan","TEX",2,1,,3.8054968901345396,52,0,,,,47.29999923706055,,42,21,20,7,16,1,2,50,9.51374222533635,3.0443975121076314,3.125,1.331923911547089,,,,,1.226215664598907,,0.7676348547717842,,,3.9767605083154955,-0.04614368114930256,,,,,,,,,200.71999435424806,4.243551746127296,191.49999618530273,4.048625777466365,,,,,,,,,,,,,,,,,,,"Joe Nathan","1122",150274
"J.P. Howell","TBR",4,4,,3.9957717346412664,58,0,,,,47.29999923706055,,42,22,21,5,23,2,2,47,8.942917691816168,4.37632142365472,2.0434782608695654,0.9513742225336349,,,,,1.3742072103263614,,0.7413793103448276,,,3.9979021577051315,-0.04614368114930256,,,,,,,,,198.31999435424808,4.192811787592169,190.49999618530273,4.027484128076729,,,,,,,,,,,,,,,,,,,"J.P. Howell","8245",434442
"Jesse Carlson","BOS",2,2,,4.947145957174901,48,0,,,,47.29999923706055,,53,28,26,6,15,2,3,29,5.517970490695082,2.8541226676009046,1.9333333333333333,1.1416490670403618,,,,,1.4376321584952705,,0.6711409395973155,,,4.589868340614949,-0.04614368114930256,,,,,,,,,142.41999435424805,3.0109935867114976,162.49999618530273,3.4355179451669113,,,,,,,,,,,,,,,,,,,"Jesse Carlson","4391",434482
"Scott Rice","LAD",2,3,,4.566596268161447,39,0,,,,47.29999923706055,,49,26,24,4,26,1,3,30,5.708245335201809,4.947145957174901,1.1538461538461537,0.7610993780269079,,,,,1.5856237042227248,,0.7060518731988472,,,4.695576587563131,-0.04614368114930256,,,,,,,,,146.41999435424808,3.0955601842700435,157.49999618530273,3.32980969821873,,,,,,,,,,,,,,,,,,,"Scott Rice","2743",446488
"Scott Elbert","LAD",2,2,,3.5849056030384503,53,0,,,,47.70000076293945,,40,20,19,4,25,3,3,51,9.62264135552426,4.71698105662954,2.04,0.7547169690607264,,,,,1.3626834163596449,,0.7575757575757576,,,3.738174534339213,-0.046533904049241404,,,,,,,,,217.780005645752,4.5656184939719395,204.50000381469727,4.287211751442647,,,,,,,,,,,,,,,,,,,"Scott Elbert","7489",455092
"Leyson Septimo","CHW",2,4,,6.603773479281356,45,0,,,,47.70000076293945,,49,37,35,6,57,1,4,43,8.113207417402808,10.75471680911535,0.7543859649122807,1.1320754535910895,,,,,2.2222221866788057,,0.7069672131147542,,,6.694149329827058,-0.046533904049241404,,,,,,,,,54.78000564575197,1.1484277729469834,63.500003814697266,1.3312369559548023,,,,,,,,,,,,,,,,,,,"Leyson Septimo","341",465015
"Scott Downs","LAA",5,3,,3.5625,55,0,,,,48,,46,20,19,4,14,2,1,36,6.75,2.625,2.5714285714285716,0.75,,,,,1.25,,0.7352941176470589,,,3.546219619115194,-0.046826569363474846,,,,,,,,,213.40000000000003,4.445833333333334,215,4.479166666666667,,,,,,,,,,,,,,,,,,,"Scott Downs","773",275933
"Alberto Castillo","LAD",2,3,,4.125,48,0,,,,48,,47,24,22,4,19,1,3,37,6.9375,3.5625,1.9473684210526316,0.75,,,,,1.375,,0.695364238410596,,,3.942052952448527,-0.046826569363474846,,,,,,,,,191.80000000000007,3.995833333333335,196,4.083333333333333,,,,,,,,,,,,,,,,,,,"Alberto Castillo","3316",441368
"Mark Lowe","TEX",4,3,,4.125,49,0,,,,48,,47,24,22,6,19,2,0,43,8.0625,3.5625,2.263157894736842,1.125,,,,,1.375,,0.7291666666666666,,,4.046219619115194,-0.046826569363474846,,,,,,,,,188.20000000000005,3.9208333333333343,191,3.9791666666666665,,,,,,,,,,,,,,,,,,,"Mark Lowe","7416",450275
"Brandon Lyon","HOU",4,5,,4.125,46,0,,,,48,,47,24,22,5,18,6,1,34,6.375,3.375,1.8888888888888888,0.9375,,,,,1.3541666666666667,,0.7068965517241379,,,4.1503862857818605,-0.046826569363474846,,,,,,,,,182.50000000000006,3.8020833333333344,186,3.875,,,,,,,,,,,,,,,,,,,"Brandon Lyon","1312",407193
"Hideki Okajima","NYY",4,3,,4.5,46,0,,,,48,,50,26,24,6,17,2,1,36,6.75,3.1875,2.1176470588235294,1.125,,,,,1.3958333333333333,,0.6996587030716723,,,4.2753862857818605,-0.046826569363474846,,,,,,,,,169.40000000000003,3.5291666666666672,180,3.75,,,,,,,,,,,,,,,,,,,"Hideki Okajima","7763",506606
"Sean Green","TEX",2,2,,5.0625,45,0,,,,48,,52,29,27,5,26,3,3,31,5.8125,4.875,1.1923076923076923,0.9375,,,,,1.625,,0.6901408450704225,,,4.9003862857818605,-0.046826569363474846,,,,,,,,,133.50000000000003,2.7812500000000004,150,3.125,,,,,,,,,,,,,,,,,,,"Sean Green","3001",434958
"Stephen Pryor","SEA",2,3,,4.875,41,0,,,,48,,44,28,26,4,40,0,3,44,8.25,7.5,1.1,0.75,,,,,1.75,,0.7142857142857142,,,4.9628862857818605,-0.046826569363474846,,,,,,,,,150.60000000000005,3.137500000000001,147,3.0625,,,,,,,,,,,,,,,,,,,"Stephen Pryor","10663",543668
"Alex Hinshaw","SDP",1,2,,5.0625,49,0,,,,48,,45,29,27,4,45,1,3,48,9,8.4375,1.0666666666666667,0.75,,,,,1.875,,0.7227488151658767,,,5.108719619115194,-0.046826569363474846,,,,,,,,,141.00000000000006,2.9375000000000013,140,2.9166666666666665,,,,,,,,,,,,,,,,,,,"Alex Hinshaw","3941",450527
"Loek Van Mil","LAA",2,4,,5.8125,31,0,,,,48,,56,33,31,6,29,1,3,24,4.5,5.4375,0.8275862068965517,1.125,,,,,1.7708333333333333,,0.6788511749347259,,,5.6503862857818605,-0.046826569363474846,,,,,,,,,87.80000000000004,1.8291666666666675,114,2.375,,,,,,,,,,,,,,,,,,,"Loek Van Mil","sa328812",503441
"Antonio Bastardo","PHI",4,2,,3.167701913390575,58,0,,,,48.29999923706055,,37,18,17,5,21,0,1,59,10.993788993531995,3.91304354007071,2.8095238095238093,0.931677033350169,,,,,1.2008281763179958,,0.7843137254901961,,,3.2945374287496874,-0.04711923467770829,,,,,,,,,251.71999435424806,5.211594168330826,228.49999618530273,4.730848857032173,,,,,,,,,,,,,,,,,,,"Antonio Bastardo","8844",455374
"Boone Logan","NYY",4,2,,3.91304354007071,62,0,,,,48.29999923706055,,46,22,21,5,17,3,3,48,8.944099520161624,3.167701913390575,2.823529411764706,0.931677033350169,,,,,1.3043478466902367,,0.7321428571428571,,,3.6258003739408586,-0.04711923467770829,,,,,,,,,212.31999435424802,4.395859165797566,212.49999618530273,4.399585911841002,,,,,,,,,,,,,,,,,,,"Boone Logan","5525",457429
"Brian Fuentes","OAK",4,3,,3.91304354007071,55,0,,,,48.29999923706055,,45,22,21,5,19,3,3,40,7.453416266801352,3.5403727267306424,2.1052631578947367,0.931677033350169,,,,,1.3250517807646849,,0.7368421052631579,,,4.081286923578719,-0.04711923467770829,,,,,,,,,192.91999435424805,3.994202844753271,190.49999618530273,3.9440993622031417,,,,,,,,,,,,,,,,,,,"Brian Fuentes","429",150118
"Todd Doolittle","FLA",3,3,,4.658385166750845,26,3,,,,48.29999923706055,,50,27,25,6,23,1,3,40,7.453416266801352,4.2857143534107776,1.7391304347826086,1.118012440020203,,,,,1.5113871874347187,,0.7120743034055729,,,4.598885275439924,-0.04711923467770829,,,,,,,,,155.61999435424804,3.221946103776353,165.49999618530273,3.4265010103419367,,,,,,,,,,,,,,,,,,,"Todd Doolittle","sa294728",489735
"Javier López","SFG",3,3,,3.696098504724859,62,0,,,,48.70000076293945,,46,21,20,3,22,4,3,33,6.098562532796017,4.065708355197345,1.5,0.5544147757087289,,,,,1.3963038795627245,,0.7366771159874609,,,4.01101255370849,-0.04750945757764713,,,,,,,,,194.8800056457519,4.00164276371131,195.50000381469727,4.014373732073371,,,,,,,,,,,,,,,,,,,"Javier Lopez","1663",425657
"Tanner Scheppers","TEX",2,2,,4.620123130906074,39,0,,,,48.70000076293945,,51,27,25,5,23,1,2,38,7.022587158977232,4.250513280433588,1.6521739130434783,0.9240246261812147,,,,,1.519507163053553,,0.7014925373134329,,,4.339554643017366,-0.04750945757764713,,,,,,,,,167.28000564575197,3.434907659653499,179.50000381469727,3.685831642764495,,,,,,,,,,,,,,,,,,,"Tanner Scheppers","10267",489294
"Jose De La Torre","NYM",3,3,,4.620123130906074,38,0,,,,48.70000076293945,,46,27,25,5,32,2,2,43,7.946611785158447,5.913757607559774,1.34375,0.9240246261812147,,,,,1.6016426853807721,,0.7183098591549296,,,4.688630612908047,-0.04750945757764713,,,,,,,,,163.28000564575194,3.352772137326279,162.50000381469727,3.3367556728738137,,,,,,,,,,,,,,,,,,,"Jose De La Torre","787",473265
"Taylor Tankersley","NYM",1,2,,5.174537906614803,50,0,,,,48.70000076293945,,52,30,28,6,27,2,3,40,7.392197009449718,4.98973298137856,1.4814814814814814,1.1088295514174578,,,,,1.6221765659625769,,0.6940509915014165,,,4.83236777698068,-0.04750945757764713,,,,,,,,,141.38000564575194,2.9030801525847547,155.50000381469727,3.19301850880118,,,,,,,,,,,,,,,,,,,"Taylor Tankersley","8249",452237
"Sergio Romo","SFG",4,1,,2.204081632653061,62,0,,,,49,,36,13,12,4,11,1,1,62,11.387755102040817,2.020408163265306,5.636363636363637,0.7346938775510204,,,,,0.9591836734693877,,0.821256038647343,,,2.29069240823084,-0.04780212289188057,,,,,,,,,307.8,6.281632653061225,281,5.73469387755102,,,,,,,,,,,,,,,,,,,"Sergio Romo","9817",489265
"Mariano Rivera","NYY",3,1,,3.122448979591837,53,0,,,,49,,44,18,17,4,10,2,3,43,7.8979591836734695,1.836734693877551,4.3,0.7346938775510204,,,,,1.1020408163265305,,0.7438016528925621,,,3.127427102108391,-0.04780212289188057,,,,,,,,,246.00000000000003,5.020408163265307,240,4.8979591836734695,,,,,,,,,,,,,,,,,,,"Mariano Rivera","844",121250
"Steve Ames","LAD",2,2,,3.673469387755102,45,0,,,,49,,45,21,20,5,16,2,3,50,9.183673469387756,2.938775510204082,3.125,0.9183673469387755,,,,,1.2448979591836735,,0.7407407407407407,,,3.4743658776185953,-0.04780212289188057,,,,,,,,,227.10000000000002,4.634693877551021,223,4.551020408163265,,,,,,,,,,,,,,,,,,,"Steve Ames","9615",571441
"Dan Otero","SFG",3,3,,3.857142857142857,41,0,,,,49,,50,22,21,4,12,0,3,36,6.612244897959184,2.204081632653061,3,0.7346938775510204,,,,,1.2653061224489797,,0.7092198581560284,,,3.5355903674145135,-0.04780212289188057,,,,,,,,,210.40000000000003,4.293877551020409,220,4.489795918367347,,,,,,,,,,,,,,,,,,,"Dan Otero","7385",519096
"Octavio Dotel","DET",4,3,,3.857142857142857,58,0,,,,49,,42,22,21,6,19,3,2,51,9.36734693877551,3.489795918367347,2.6842105263157894,1.1020408163265305,,,,,1.2448979591836735,,0.7414448669201521,,,3.8213046531287995,-0.04780212289188057,,,,,,,,,218.60000000000002,4.461224489795919,206,4.204081632653061,,,,,,,,,,,,,,,,,,,"Octavio Dotel","555",136734
"Ronald Belisario","LAD",2,2,,4.040816326530612,50,0,,,,49,,46,24,22,5,21,4,3,38,6.979591836734694,3.857142857142857,1.8095238095238095,0.9183673469387755,,,,,1.3673469387755102,,0.7166666666666667,,,4.270284244965534,-0.04780212289188057,,,,,,,,,185.5,3.7857142857142856,184,3.7551020408163267,,,,,,,,,,,,,,,,,,,"Ronald Belisario","2203",430613
"Rafael Martín","WSN",4,4,,4.408163265306122,42,0,,,,49,,48,26,24,5,22,1,3,39,7.163265306122449,4.040816326530612,1.7727272727272727,0.9183673469387755,,,,,1.4285714285714286,,0.6984126984126984,,,4.29069240823084,-0.04780212289188057,,,,,,,,,179.3,3.659183673469388,183,3.7346938775510203,,,,,,,,,,,,,,,,,,,"Rafael Martin","10258",514669
"Jonathan Albaladejo","ARI",3,3,,4.040816326530612,45,0,,,,49,,47,24,22,6,19,2,4,41,7.530612244897959,3.489795918367347,2.1578947368421053,1.1020408163265305,,,,,1.346938775510204,,0.7291666666666666,,,4.351916898026758,-0.04780212289188057,,,,,,,,,179.60000000000002,3.66530612244898,180,3.673469387755102,,,,,,,,,,,,,,,,,,,"Jonathan Albaladejo","3521",452293
"Frank Francisco","NYM",4,2,,3.103448323889314,52,0,,,,49.29999923706055,,41,18,17,5,17,2,1,57,10.405679674217112,3.103448323889314,3.3529411764705883,0.9127789187909746,,,,,1.1764706064417005,,0.7843137254901961,,,3.1268061656475243,-0.048094788206114014,,,,,,,,,256.71999435424806,5.207302197304348,241.49999618530273,4.898580120134336,,,,,,,,,,,,,,,,,,,"Frank Francisco","1933",407911
"Evan Meek","PIT",2,2,,3.6511156751638985,48,0,,,,49.29999923706055,,45,21,20,4,23,2,1,43,7.849898701602382,4.198783026438483,1.8695652173913044,0.7302231350327797,,,,,1.3793103661730284,,0.7532051282051282,,,3.796177372760906,-0.048094788206114014,,,,,,,,,212.6199943542481,4.312778856889193,208.49999618530273,4.229208913020955,,,,,,,,,,,,,,,,,,,"Evan Meek","5109",457425
"Jose Mijares","KCR",1,1,,4.381338810196678,60,0,,,,49.29999923706055,,50,26,24,5,23,2,2,37,6.754563999053212,4.198783026438483,1.608695652173913,0.9127789187909746,,,,,1.4807302460386922,,0.7121212121212122,,,4.3641287000086235,-0.048094788206114014,,,,,,,,,172.31999435424808,3.4953346251719424,180.49999618530273,3.661257585773237,,,,,,,,,,,,,,,,,,,"Jose Mijares","4140",467726
"Kyle Farnsworth","TBR",3,2,,3.2595572940272666,52,0,,,,49.70000076293945,,43,19,18,5,14,1,3,47,8.511066267737862,2.535211228687874,3.357142857142857,0.9054325816742407,,,,,1.146881270120705,,0.76,,,3.468042214600378,-0.048485011106052855,,,,,,,,,237.480005645752,4.778269657952144,226.50000381469727,4.5573440711814825,,,,,,,,,,,,,,,,,,,"Kyle Farnsworth","278",150035
"John Gaub","CHC",4,4,,4.346076392036355,48,0,,,,49.70000076293945,,43,26,24,6,36,2,3,55,9.959758398416648,6.519114588054533,1.5277777777777777,1.0865190980090889,,,,,1.5895371989392224,,0.7507082152974505,,,4.735647828944315,-0.048485011106052855,,,,,,,,,175.18000564575198,3.5247485504342504,163.50000381469727,3.2897384568375454,,,,,,,,,,,,,,,,,,,"John Gaub","2857",453304
"Fernando Rodney","TBR",4,3,,4.32,53,0,,,,50,,47,26,24,4,28,1,3,40,7.2,5.04,1.4285714285714286,0.72,,,,,1.5,,0.7060518731988472,,,4.32538628578186,-0.0487776764202863,,,,,,,,,185.60000000000002,3.7120000000000006,185,3.7,,,,,,,,,,,,,,,,,,,"Fernando Rodney","494",407845
"Jeff Gray","MIN",1,2,,5.04,38,0,,,,50,,58,30,28,5,19,2,2,25,4.5,3.42,1.3157894736842106,0.9,,,,,1.54,,0.6714285714285714,,,4.58538628578186,-0.0487776764202863,,,,,,,,,144.7,2.8939999999999997,172,3.44,,,,,,,,,,,,,,,,,,,"Jeff Gray","7718",462522
"Jhan Mariñez","CHW",3,6,,5.94,52,0,,,,50,,48,35,33,9,45,0,3,53,9.54,8.1,1.1777777777777778,1.62,,,,,1.86,,0.7213930348258706,,,6.125386285781861,-0.0487776764202863,,,,,,,,,96.5,1.93,95,1.9,,,,,,,,,,,,,,,,,,,"Jhan Marinez","5830",501697
"Luis Ayala","BAL",3,3,,4.473161101645151,44,0,,,,50.29999923706055,,55,27,25,5,18,2,4,32,5.725646210105793,3.2206759931845084,1.7777777777777777,0.8946322203290301,,,,,1.4512922685337601,,0.696969696969697,,,4.35739425827175,-0.04907034173451974,,,,,,,,,165.71999435424806,3.294632144490117,184.49999618530273,3.6679920275101106,,,,,,,,,,,,,,,,,,,"Luis Ayala","1650",425646
"Mike MacDougal","LAD",2,2,,4.294234657579345,54,0,,,,50.29999923706055,,50,26,24,4,26,2,3,34,6.083499098237405,4.652087545710957,1.3076923076923077,0.7157057762632242,,,,,1.5109344165556953,,0.7102272727272727,,,4.436917122300997,-0.04907034173451974,,,,,,,,,174.01999435424807,3.4596420873508054,180.49999618530273,3.5884691634808634,,,,,,,,,,,,,,,,,,,"Mike MacDougal","612",213680
"Blaine Boyer","STL",2,3,,5.367793321974181,38,3,,,,50.29999923706055,,59,32,30,6,23,0,3,26,4.652087545710957,4.115308213513539,1.1304347826086956,1.0735586643948363,,,,,1.630218712599566,,0.6793478260869565,,,5.092980750542286,-0.04907034173451974,,,,,,,,,119.01999435424804,2.366202706948657,147.49999618530273,2.9324055352395746,,,,,,,,,,,,,,,,,,,"Blaine Boyer","2237",430641
"Pedro Viola","BAL",2,4,,5.725646210105793,46,3,,,,50.29999923706055,,58,34,32,7,26,1,3,35,6.262425542303211,4.652087545710957,1.3461538461538463,1.2524851084606423,,,,,1.6699801446141895,,0.6738544474393531,,,5.172503614571533,-0.04907034173451974,,,,,,,,,118.31999435424802,2.352286205743538,143.49999618530273,2.8528826712103275,,,,,,,,,,,,,,,,,,,"Pedro Viola","5971",501638
"Wilfredo Ledezma","LAD",1,2,,4.08284017524734,43,0,,,,50.70000076293945,,48,25,23,5,24,0,2,49,8.698224721179116,4.260354965475486,2.0416666666666665,0.8875739511407261,,,,,1.4201183218251618,,0.7230769230769231,,,3.9129602369225864,-0.04946056463445858,,,,,,,,,208.88000564575196,4.119921153895494,208.50000381469727,4.112426048859274,,,,,,,,,,,,,,,,,,,"Wilfredo Ledezma","1669",425656
"Yonata Ortega","ARI",2,3,,5.147928916616212,47,0,,,,50.70000076293945,,53,31,29,6,33,1,4,42,7.455621189582099,5.857988077528793,1.2727272727272727,1.0650887413688714,,,,,1.6962524399578323,,0.7087628865979382,,,5.096392171776888,-0.04946056463445858,,,,,,,,,136.58000564575195,2.693885672396061,148.50000381469727,2.9289941140049724,,,,,,,,,,,,,,,,,,,"Yonata Ortega","sa393194",466458
"Tommy Hottovy","KCR",1,2,,6.035502867756938,35,0,,,,50.70000076293945,,60,36,34,8,27,1,4,30,5.325443706844357,4.7928993361599215,1.1111111111111112,1.4201183218251618,,,,,1.7159763055387371,,0.6728232189973615,,,5.727555870365849,-0.04946056463445858,,,,,,,,,87.78000564575197,1.731361032047896,116.50000381469727,2.2978304154160116,,,,,,,,,,,,,,,,,,,"Tommy Hottovy","7542",459415
"Duke Welker","PIT",2,5,,6.035502867756938,45,0,,,,50.70000076293945,,54,36,34,6,45,0,4,33,5.857988077528793,7.988165560266535,0.7333333333333333,1.0650887413688714,,,,,1.9526626925095976,,0.695364238410596,,,6.161480913145759,-0.04946056463445858,,,,,,,,,79.98000564575196,1.5775148805168366,94.50000381469727,1.863905372636101,,,,,,,,,,,,,,,,,,,"Duke Welker","792",444992
"Joe Savery","PHI",3,3,,4.411764705882353,42,0,,,,51,,54,27,25,5,18,1,3,34,6,3.176470588235294,1.8888888888888888,0.8823529411764706,,,,,1.411764705882353,,0.6923076923076923,,,4.201856874017155,-0.049753229948692024,,,,,,,,,180.50000000000003,3.5392156862745106,195,3.823529411764706,,,,,,,,,,,,,,,,,,,"Joe Savery","2835",456045
"Winston Abreu","BAL",3,4,,4.764705882352941,45,0,,,,51,,49,29,27,8,27,1,3,49,8.647058823529411,4.764705882352941,1.8148148148148149,1.411764705882353,,,,,1.4901960784313726,,0.7253086419753086,,,4.907739226958331,-0.049753229948692024,,,,,,,,,159.6,3.1294117647058823,159,3.1176470588235294,,,,,,,,,,,,,,,,,,,"Winston Abreu","582",275700
"Fabio Castillo","TEX",3,4,,5.823529411764706,43,0,,,,51,,60,35,33,6,33,1,3,31,5.470588235294118,5.823529411764706,0.9393939393939394,1.0588235294117647,,,,,1.8235294117647058,,0.6855791962174942,,,5.456758834801468,-0.049753229948692024,,,,,,,,,101.60000000000002,1.9921568627450985,131,2.5686274509803924,,,,,,,,,,,,,,,,,,,"Fabio Castillo","2826",503566
"Joe Paterson","ARI",4,3,,3.8596491802081605,60,0,,,,51.29999923706055,,49,24,22,4,24,1,4,42,7.368421162215579,4.210526378408902,1.75,0.7017543964014837,,,,,1.4230019704807864,,0.7270029673590503,,,4.039031525028448,-0.050045895262925466,,,,,,,,,203.0199943542481,3.957504822097167,204.49999618530273,3.986354760753412,,,,,,,,,,,,,,,,,,,"Joe Paterson","2565",519110
"Scott Patterson","SEA",2,4,,4.561403576609644,44,0,,,,51.29999923706055,,54,28,26,6,18,1,3,40,7.017543964014838,3.1578947838066767,2.2222222222222223,1.0526315946022256,,,,,1.4035087928029675,,0.6918238993710691,,,4.21447012412882,-0.050045895262925466,,,,,,,,,182.41999435424808,3.555945361934095,195.49999618530273,3.8109161616530414,,,,,,,,,,,,,,,,,,,"Scott Patterson","5",456499
"Tim Wood","PIT",1,2,,4.9122807748103865,50,0,,,,51.29999923706055,,57,30,28,5,23,2,2,29,5.087719373910757,4.035087779308531,1.2608695652173914,0.8771929955018547,,,,,1.5594542142255194,,0.684931506849315,,,4.623826855363018,-0.050045895262925466,,,,,,,,,152.91999435424808,2.980896620438435,174.49999618530273,3.4015594304188426,,,,,,,,,,,,,,,,,,,"Tim Wood","3775",445971
"Sam Demel","ARI",3,3,,4.561403576609644,53,0,,,,51.29999923706055,,53,28,26,6,24,2,3,38,6.666666765814095,4.210526378408902,1.5833333333333333,1.0526315946022256,,,,,1.5009746811920623,,0.7142857142857143,,,4.643320033040837,-0.050045895262925466,,,,,,,,,163.01999435424807,3.1777777149844066,173.49999618530273,3.3820662527410237,,,,,,,,,,,,,,,,,,,"Sam Demel","868",451585
"Atahualpa Severino","WSN",3,4,,4.9122807748103865,46,0,,,,51.29999923706055,,54,30,28,6,29,2,3,39,6.842105364914467,5.087719373910757,1.3448275862068966,1.0526315946022256,,,,,1.6179337472589763,,0.710455764075067,,,4.896731342852484,-0.050045895262925466,,,,,,,,,147.41999435424808,2.8736841432104305,160.49999618530273,3.128654942929377,,,,,,,,,,,,,,,,,,,"Atahualpa Severino","5332",463037
"Matt Lindstrom","BAL",2,2,,4.526112118894594,59,0,,,,51.70000076293945,,56,28,26,6,17,3,1,36,6.2669244723155915,2.959381000815696,2.1176470588235294,1.0444874120525987,,,,,1.4119922422192537,,0.6965944272445821,,,4.185927854729192,-0.05043611816286431,,,,,,,,,181.18000564575195,3.5044488002334564,198.50000381469727,3.8394584310526683,,,,,,,,,,,,,,,,,,,"Matt Lindstrom","4604",434637
"Jensen Lewis","ARI",3,3,,4.352030883552494,41,0,,,,51.70000076293945,,52,27,25,6,23,2,2,43,7.48549311971029,4.003868412868295,1.8695652173913044,1.0444874120525987,,,,,1.4506769611841646,,0.7207207207207208,,,4.321324371106381,-0.05043611816286431,,,,,,,,,184.58000564575192,3.570212822473805,191.50000381469727,3.7040619146754796,,,,,,,,,,,,,,,,,,,"Jensen Lewis","3384",460029
"Victor Garate","MIL",2,2,,4.177949648210395,46,0,,,,51.70000076293945,,45,26,24,6,33,1,3,51,8.878143002447088,5.744680766289292,1.5454545454545454,1.0444874120525987,,,,,1.5087040396315312,,0.7471264367816093,,,4.650144482308125,-0.05043611816286431,,,,,,,,,185.78000564575194,3.5934236538527515,174.50000381469727,3.3752418034737355,,,,,,,,,,,,,,,,,,,"Victor Garate","4036",466339
"Chris Bootcheck","DET",2,3,,5.048355824920893,27,4,,,,51.70000076293945,,55,31,29,7,20,0,3,35,6.092843236973492,3.481624706841995,1.75,1.2185686473946984,,,,,1.4506769611841646,,0.6748466257668712,,,4.766198639202858,-0.05043611816286431,,,,,,,,,154.48000564575193,2.9880078020518934,168.50000381469727,3.2591876465790026,,,,,,,,,,,,,,,,,,,"Chris Bootcheck","1842",408052
"Rafael Betancourt","COL",3,1,,2.9423076923076925,60,0,,,,52,,43,18,17,6,11,2,0,62,10.73076923076923,1.9038461538461537,5.636363636363637,1.0384615384615385,,,,,1.0384615384615385,,0.7894736842105263,,,2.7753862857818605,-0.05072878347709775,,,,,,,,,290.2,5.5807692307692305,273,5.25,,,,,,,,,,,,,,,,,,,"Rafael Betancourt","177",429783
"Chris Resop","PIT",3,3,,3.8076923076923075,55,0,,,,52,,47,24,22,5,23,6,2,57,9.865384615384615,3.980769230769231,2.4782608695652173,0.8653846153846154,,,,,1.3461538461538463,,0.7301587301587301,,,3.5253862857818605,-0.05072878347709775,,,,,,,,,240.10000000000002,4.617307692307692,234,4.5,,,,,,,,,,,,,,,,,,,"Chris Resop","3799",434592
"Heath Hembree","SFG",1,1,,3.6346153846153846,57,0,,,,52,,43,22,21,4,32,1,3,58,10.038461538461538,5.538461538461538,1.8125,0.6923076923076923,,,,,1.4423076923076923,,0.7636887608069164,,,3.813847824243399,-0.05072878347709775,,,,,,,,,234.8,4.515384615384615,219,4.211538461538462,,,,,,,,,,,,,,,,,,,"Heath Hembree","11632",592390
"Eric Wordekemper","NYY",2,3,,5.884615384615385,45,0,,,,52,,63,36,34,8,25,1,3,29,5.019230769230769,4.326923076923077,1.16,1.3846153846153846,,,,,1.6923076923076923,,0.6770833333333334,,,5.5253862857818605,-0.05072878347709775,,,,,,,,,96.59999999999997,1.857692307692307,130,2.5,,,,,,,,,,,,,,,,,,,"Eric Wordekemper","sa294707",474544
"Jason Grilli","PIT",3,3,,3.613766783118265,50,0,,,,52.29999923706055,,47,22,21,5,22,3,4,55,9.464627289119266,3.785850915647706,2.5,0.860420662647206,,,,,1.3193116827257156,,0.7580645161290323,,,3.6563614383898115,-0.05102144879133119,,,,,,,,,235.31999435424808,4.49942634392042,228.49999618530273,4.3690248473920485,,,,,,,,,,,,,,,,,,,"Jason Grilli","521",276351
"Scott Linebrink","STL",4,3,,3.957935048177147,53,0,,,,52.29999923706055,,52,25,23,5,19,4,3,44,7.571701831295412,3.2695985180593827,2.3157894736842106,0.860420662647206,,,,,1.3575526010655916,,0.71875,,,3.8475660300891907,-0.05102144879133119,,,,,,,,,212.31999435424805,4.059655783011848,218.49999618530273,4.17782025569267,,,,,,,,,,,,,,,,,,,"Scott Linebrink","564",276530
"Jean Machi","SFG",3,4,,4.646271578294912,50,0,,,,52.29999923706055,,54,29,27,5,26,1,3,36,6.195028771059882,4.4741874457654704,1.3846153846153846,0.860420662647206,,,,,1.5296367335950327,,0.6986301369863014,,,4.555023019376893,-0.05102144879133119,,,,,,,,,170.11999435424806,3.2527724060404677,181.49999618530273,3.4703632664049673,,,,,,,,,,,,,,,,,,,"Jean Machi","3220",466948
"Fernando Nieve","LAD",3,4,,4.646271578294912,20,8,,,,52.29999923706055,,55,29,27,7,21,1,2,38,6.5391970361187655,3.613766783118265,1.8095238095238095,1.2045889277060884,,,,,1.4531548969152812,,0.7099697885196374,,,4.631504856056645,-0.05102144879133119,,,,,,,,,164.91999435424805,3.1533460183567903,177.49999618530273,3.393881429725216,,,,,,,,,,,,,,,,,,,"Fernando Nieve","2173",430588
"John Grabow","LAD",2,2,,4.440227639703513,51,0,,,,52.70000076293945,,53,28,26,6,24,2,1,36,6.148007501127942,4.098671667418627,1.5,1.0246679168546569,,,,,1.4611005481075663,,0.7142857142857143,,,4.562388161063846,-0.05141167169127003,,,,,,,,,175.38000564575196,3.327893797092419,182.50000381469727,3.462998124718015,,,,,,,,,,,,,,,,,,,"John Grabow","1848",346848
"Shane Lindsay","LAD",2,3,,4.781783611988399,42,0,,,,52.70000076293945,,44,30,28,4,54,0,3,52,8.880455279407027,9.222011251691912,0.9629629629629629,0.6831119445697713,,,,,1.8595825157732662,,0.7359307359307359,,,5.283450769220827,-0.05141167169127003,,,,,,,,,159.380005645752,3.0242884883947436,144.50000381469727,2.7419355165610337,,,,,,,,,,,,,,,,,,,"Shane Lindsay","3881",469834
"Joe Bisenius","CHW",2,3,,5.977229514985499,24,8,,,,52.70000076293945,,57,37,35,7,41,0,3,38,6.489563473412828,7.001897431840155,0.926829268292683,1.1954459029970999,,,,,1.8595825157732662,,0.691609977324263,,,5.81476005944176,-0.05141167169127003,,,,,,,,,99.68000564575195,1.8914611803165386,116.50000381469727,2.2106262263401004,,,,,,,,,,,,,,,,,,,"Joe Bisenius","7370",445202
"Rich Thompson","LAA",2,2,,3.7358490566037736,40,0,,,,53,,49,24,22,6,19,1,1,51,8.660377358490566,3.2264150943396226,2.6842105263157894,1.0188679245283019,,,,,1.2830188679245282,,0.7382550335570469,,,3.7046315688007283,-0.051704337005503476,,,,,,,,,233.00000000000003,4.39622641509434,229,4.320754716981132,,,,,,,,,,,,,,,,,,,"Rich Thompson","6422",460366
"Santiago Casilla","SFG",3,2,,3.3962264150943398,51,1,,,,53,,45,21,20,4,26,2,3,48,8.150943396226415,4.415094339622642,1.8461538461538463,0.6792452830188679,,,,,1.3396226415094339,,0.7645259938837919,,,3.8367070404988417,-0.051704337005503476,,,,,,,,,235.00000000000006,4.433962264150945,222,4.188679245283019,,,,,,,,,,,,,,,,,,,"Santiago Casilla","2873",433586
"Sergio Escalona","HOU",3,4,,4.415094339622642,60,0,,,,53,,52,28,26,6,24,2,4,45,7.6415094339622645,4.0754716981132075,1.875,1.0188679245283019,,,,,1.4339622641509433,,0.7100591715976332,,,4.383876851819596,-0.051704337005503476,,,,,,,,,189.20000000000002,3.5698113207547175,193,3.641509433962264,,,,,,,,,,,,,,,,,,,"Sergio Escalona","7122",465065
"Chance Chapman","PHI",3,4,,5.09433962264151,35,2,,,,53,,59,32,30,6,22,1,3,35,5.943396226415095,3.7358490566037736,1.5909090909090908,1.0188679245283019,,,,,1.528301886792453,,0.6749311294765841,,,4.5914240216309175,-0.051704337005503476,,,,,,,,,160.00000000000003,3.0188679245283025,182,3.4339622641509435,,,,,,,,,,,,,,,,,,,"Chance Chapman","sa389241",458722
"Robinson Tejeda","CLE",3,3,,4.754716981132075,45,0,,,,53,,55,30,28,8,22,0,1,43,7.30188679245283,3.7358490566037736,1.9545454545454546,1.3584905660377358,,,,,1.4528301886792452,,0.7142857142857143,,,4.666895719744125,-0.051704337005503476,,,,,,,,,167.80000000000007,3.166037735849058,178,3.358490566037736,,,,,,,,,,,,,,,,,,,"Robinson Tejeda","2575",434565
"Anthony Slama","MIN",3,3,,4.754716981132075,46,0,,,,53,,50,30,28,6,35,2,3,49,8.320754716981131,5.943396226415095,1.4,1.0188679245283019,,,,,1.6037735849056605,,0.7180156657963447,,,4.798971191442238,-0.051704337005503476,,,,,,,,,172.40000000000003,3.252830188679246,171,3.2264150943396226,,,,,,,,,,,,,,,,,,,"Anthony Slama","3064",460104
"Andrew Bailey","BOS",4,1,,3.039399668271631,52,0,,,,53.29999923706055,,45,19,18,4,16,2,0,53,8.94934346768869,2.7016885940192275,3.3125,0.6754221485048069,,,,,1.1444653071887005,,0.7581227436823105,,,2.912815927697726,-0.05199700231973692,,,,,,,,,286.21999435424806,5.3699812092161086,272.49999618530273,5.112570358084135,,,,,,,,,,,,,,,,,,,"Andrew Bailey","1368",457732
"Vinnie Pestano","CLE",3,2,,3.3771107425240343,58,0,,,,53.29999923706055,,46,21,20,5,22,2,3,59,9.9624766904459,3.7148218167764377,2.6818181818181817,0.8442776856310086,,,,,1.2757973916201908,,0.7704918032786885,,,3.438144265423687,-0.05199700231973692,,,,,,,,,256.319994354248,4.8090055914301715,244.49999618530273,4.587242020358174,,,,,,,,,,,,,,,,,,,"Vinnie Pestano","4782",502260
"Evan Crawford","TOR",3,4,,5.234521650912253,49,0,,,,53.29999923706055,,60,33,31,6,28,1,4,36,6.078799336543262,4.727955039533648,1.2857142857142858,1.0131332227572103,,,,,1.6510319185673057,,0.6909547738693468,,,4.9390823732121465,-0.05199700231973692,,,,,,,,,140.61999435424804,2.6382738530411114,164.49999618530273,3.086303912569714,,,,,,,,,,,,,,,,,,,"Evan Crawford","7249",457751
"Justin Berg","CHC",3,4,,5.065666113786051,45,0,,,,53.29999923706055,,56,32,30,6,29,1,4,27,4.559099502407446,4.89681057665985,0.9310344827586207,1.0131332227572103,,,,,1.5947467395252384,,0.6919060052219321,,,5.333078626506618,-0.05199700231973692,,,,,,,,,130.01999435424804,2.4393995537591406,143.49999618530273,2.6923076592752433,,,,,,,,,,,,,,,,,,,"Justin Berg","1973",448753
"Jim Hoey","TOR",3,4,,5.90994379941706,48,0,,,,53.29999923706055,,59,37,35,8,37,1,3,39,6.585365947921867,6.247654873669464,1.054054054054054,1.3508442970096137,,,,,1.8011257293461516,,0.6957547169811321,,,5.764598332495799,-0.05199700231973692,,,,,,,,,100.61999435424804,1.8878047991468818,120.49999618530273,2.2607879532860613,,,,,,,,,,,,,,,,,,,"Jim Hoey","6007",460597
"Phillippe Aumont","PHI",4,3,,3.854748548585852,46,0,,,,53.70000076293945,,48,25,23,5,28,2,3,55,9.217876964009646,4.692737363495819,1.9642857142857142,0.8379888149099678,,,,,1.4152699985146122,,0.7391304347826086,,,3.919241021685826,-0.05238722521967576,,,,,,,,,228.08000564575195,4.247299858572054,220.50000381469727,4.1061452640960345,,,,,,,,,,,,,,,,,,,"Phillippe Aumont","5362",518418
"Jeremy Affeldt","SFG",3,2,,3.519553022621865,60,0,,,,53.70000076293945,,48,22,21,5,23,3,3,47,7.877094860153697,3.854748548585852,2.0434782608695654,0.8379888149099678,,,,,1.3221601301912826,,0.765625,,,3.9378629953504922,-0.05238722521967576,,,,,,,,,227.08000564575195,4.2286778849073885,219.50000381469727,4.087523290431369,,,,,,,,,,,,,,,,,,,"Jeremy Affeldt","583",346793
"Mike Zagurski","ARI",2,3,,4.692737363495819,52,0,,,,53.70000076293945,,52,30,28,6,32,1,4,50,8.379888149099678,5.363128415423794,1.5625,1.0055865778919615,,,,,1.56424578783194,,0.7142857142857143,,,4.626876020943133,-0.05238722521967576,,,,,,,,,180.38000564575194,3.359031714767488,182.50000381469727,3.398510264838728,,,,,,,,,,,,,,,,,,,"Mike Zagurski","9683",489448
"Cesár Ramos","TBR",2,2,,4.692737363495819,65,0,,,,53.70000076293945,,54,30,28,6,29,8,3,35,5.865921704369775,4.860335126477813,1.206896551724138,1.0055865778919615,,,,,1.545623814167274,,0.710455764075067,,,4.9620715469071195,-0.05238722521967576,,,,,,,,,157.18000564575195,2.927001925747238,164.50000381469727,3.063314738874741,,,,,,,,,,,,,,,,,,,"Cesar Ramos","3357",459987
"Joaquín Benoit","DET",4,2,,3.3333333333333335,60,0,,,,54,,46,21,20,6,16,1,1,58,9.666666666666666,2.6666666666666665,3.625,1,,,,,1.1481481481481481,,0.7649253731343283,,,3.2661270265226015,-0.0526798905339092,,,,,,,,,271.2,5.022222222222222,257,4.7592592592592595,,,,,,,,,,,,,,,,,,,"Joaquin Benoit","1437",276542
"Luis Marte","DET",2,2,,4.5,35,1,,,,54,,53,29,27,6,30,2,3,45,7.5,5,1.5,1,,,,,1.537037037037037,,0.7238605898123325,,,4.636497396892972,-0.0526798905339092,,,,,,,,,179,3.314814814814815,183,3.388888888888889,,,,,,,,,,,,,,,,,,,"Luis Marte","8651",501687
"Franklin Morales","BOS",2,2,,4.5,57,0,,,,54,,51,29,27,7,30,2,3,47,7.833333333333333,5,1.5666666666666667,1.1666666666666667,,,,,1.5,,0.7303370786516854,,,4.803164063559638,-0.0526798905339092,,,,,,,,,175.9,3.2574074074074075,174,3.2222222222222223,,,,,,,,,,,,,,,,,,,"Franklin Morales","5088",462985
"Ramon Benjamin","FLA",3,5,,5.801105053883829,40,0,,,,54.29999923706055,,60,37,35,7,42,2,4,40,6.629834347295804,6.961326064660595,0.9523809523809523,1.1602210107767659,,,,,1.8784530650671447,,0.7049891540130152,,,5.769401057301513,-0.052972555848142644,,,,,,,,,101.71999435424806,1.8732964232681364,122.49999618530273,2.2559852284803474,,,,,,,,,,,,,,,,,,,"Ramon Benjamin","sa393218",501699
"Josh Lueke","TBR",4,3,,3.7842778265598747,43,0,,,,54.70000076293945,,52,25,23,4,19,0,2,44,7.239488016027586,3.1261425523755486,2.3157894736842106,0.658135274184326,,,,,1.297989012974643,,0.7033639143730887,,,3.518987741420105,-0.053362778748081485,,,,,,,,,245.380005645752,4.4859232581949575,246.50000381469727,4.506398544361756,,,,,,,,,,,,,,,,,,,"Josh Lueke","5722",518961
"Jose Ceda","FLA",3,2,,3.619744008013793,50,0,,,,54.70000076293945,,46,24,22,5,28,1,3,61,10.036562931310971,4.606946919290282,2.1785714285714284,0.8226690927304076,,,,,1.35283361915667,,0.746268656716418,,,3.6835215599661866,-0.053362778748081485,,,,,,,,,252.68000564575198,4.619378466571223,237.50000381469727,4.341864725815674,,,,,,,,,,,,,,,,,,,"Jose Ceda","2377",469167
"Dan Remenowsky","CHW",4,5,,4.771480737836364,43,0,,,,54.70000076293945,,55,31,29,8,26,1,3,52,8.555758564396239,4.2778792821981195,2,1.316270548368652,,,,,1.4808043669147335,,0.7163323782234957,,,4.6158798650606485,-0.053362778748081485,,,,,,,,,180.38000564575202,3.297623457584369,186.50000381469727,3.409506420721212,,,,,,,,,,,,,,,,,,,"Dan Remenowsky","sa461018",545248
"John Maine","BOS",3,3,,5.265082193474608,12,12,,,,54.70000076293945,,59,34,32,7,32,2,3,37,6.087751286205016,5.265082193474608,1.15625,1.1517367298225705,,,,,1.6636197208548242,,0.7019704433497537,,,5.255733603850965,-0.053362778748081485,,,,,,,,,134.28000564575197,2.4548446759205507,151.50000381469727,2.769652681930895,,,,,,,,,,,,,,,,,,,"John Maine","4773",429720
"Wilkin De La Rosa","LAD",2,5,,5.758683649112853,26,7,,,,54.70000076293945,,60,37,35,7,38,1,3,37,6.087751286205016,6.252285104751097,0.9736842105263158,1.1517367298225705,,,,,1.7915904686128876,,0.691609977324263,,,5.584801240943128,-0.053362778748081485,,,,,,,,,113.68000564575198,2.078245046803964,133.50000381469727,2.4405850448387323,,,,,,,,,,,,,,,,,,,"Wilkin De La Rosa","sa294324",460344
"Grant Balfour","OAK",3,2,,3.6,59,0,,,,55,,48,24,22,6,21,1,0,54,8.836363636363636,3.4363636363636365,2.5714285714285716,0.9818181818181818,,,,,1.2545454545454546,,0.7425742574257426,,,3.6253862857818606,-0.05365544406231493,,,,,,,,,253.39999999999998,4.6072727272727265,242,4.4,,,,,,,,,,,,,,,,,,,"Grant Balfour","718",346797
"Jon Rauch","NYM",4,3,,3.9272727272727272,57,0,,,,55,,54,26,24,6,16,1,1,43,7.036363636363636,2.618181818181818,2.6875,0.9818181818181818,,,,,1.2727272727272727,,0.7142857142857143,,,3.8072044676000423,-0.05365544406231493,,,,,,,,,227.79999999999998,4.141818181818182,232,4.218181818181818,,,,,,,,,,,,,,,,,,,"Jon Rauch","1475",400010
"Carlos Silva","BOS",3,3,,5.072727272727272,12,11,,,,55,,63,33,31,8,14,1,3,31,5.072727272727272,2.290909090909091,2.2142857142857144,1.309090909090909,,,,,1.4,,0.668693009118541,,,4.716295376690951,-0.05365544406231493,,,,,,,,,155.8,2.832727272727273,182,3.309090909090909,,,,,,,,,,,,,,,,,,,"Carlos Silva","973",400067
"Horacio Ramirez","LAA",2,4,,5.7272727272727275,35,5,,,,55,,69,37,35,8,18,1,3,21,3.4363636363636365,2.9454545454545453,1.1666666666666667,1.309090909090909,,,,,1.5818181818181818,,0.6596306068601583,,,5.298113558509133,-0.05365544406231493,,,,,,,,,108.20000000000002,1.9672727272727275,150,2.727272727272727,,,,,,,,,,,,,,,,,,,"Horacio Ramirez","110",400141
"Francisco Rodriguez","LAA",3,4,,5.045208026205936,42,0,,,,55.29999923706055,,56,33,31,7,30,2,2,41,6.672694486272367,4.882459380199292,1.3666666666666667,1.1392405220465016,,,,,1.5551537285079229,,0.6955380577427821,,,4.924120489192696,-0.05394810937654837,,,,,,,,,163.51999435424804,2.9569619640186433,171.49999618530273,3.101265796589164,,,,,,,,,,,,,,,,,,,"Francisco Rodriguez","6688",477557
"Trey Barham","OAK",3,4,,5.207956672212579,52,0,,,,55.29999923706055,,62,34,32,6,29,1,4,32,5.207956672212579,4.71971073419265,1.103448275862069,0.9764918760398585,,,,,1.645569642956058,,0.6900726392251817,,,5.068785952309712,-0.05394810937654837,,,,,,,,,139.21999435424803,2.517540619800707,163.49999618530273,2.956600333472148,,,,,,,,,,,,,,,,,,,"Trey Barham","sa454856",542910
"Willie Collazo","TOR",2,3,,5.533453964225865,17,8,,,,55.29999923706055,,67,36,34,9,17,1,3,27,4.394213442179363,2.7667269821129326,1.588235294117647,1.4647378140597878,,,,,1.518987362728669,,0.6722689075630252,,,5.249617781205982,-0.05394810937654837,,,,,,,,,118.31999435424805,2.139602097407503,153.49999618530273,2.7757685045758778,,,,,,,,,,,,,,,,,,,"Willie Collazo","3503",458974
"Santo Manzanillo","MIL",1,1,,5.370705318219222,41,0,,,,55.29999923706055,,57,35,33,7,36,0,4,42,6.83544313227901,5.858951256239151,1.1666666666666667,1.1392405220465016,,,,,1.681736008735312,,0.6971153846153846,,,5.321950512764491,-0.05394810937654837,,,,,,,,,138.91999435424802,2.5121156649338188,149.49999618530273,2.70343577301737,,,,,,,,,,,,,,,,,,,"Santo Manzanillo","sa329086",503447
"Wilmer Font","TEX",2,5,,7.649186362312225,14,13,,,,55.29999923706055,,69,50,47,10,58,1,4,33,5.370705318219222,9.4394214683853,0.5689655172413793,1.627486460066431,,,,,2.29656422698263,,0.6814159292035398,,,7.546182008188613,-0.05394810937654837,,,,,,,,,-13.180005645751947,-0.23833645257844902,26.499996185302734,0.47920427759324746,,,,,,,,,,,,,,,,,,,"Wilmer Font","5257",521655
"Mike Adams","TEX",4,2,,3.231597801337281,61,0,,,,55.70000076293945,,47,21,20,6,15,2,0,52,8.40215428347693,2.4236983510029604,3.466666666666667,0.9694793404011842,,,,,1.113105909349508,,0.7649253731343283,,,3.366499387034129,-0.05433833227648721,,,,,,,,,275.180005645752,4.940395006759959,259.50000381469727,4.658886898747731,,,,,,,,,,,,,,,,,,,"Mike Adams","1937",430606
"Jason Frasor","TOR",4,3,,3.877917361604737,60,0,,,,55.70000076293945,,52,26,24,6,22,4,3,53,8.563734173543795,3.554757581471009,2.409090909090909,0.9694793404011842,,,,,1.3285457627719932,,0.7317073170731708,,,3.8691923783532616,-0.05433833227648721,,,,,,,,,234.18000564575195,4.2043088408998,231.50000381469727,4.156193907428599,,,,,,,,,,,,,,,,,,,"Jason Frasor","1906",430630
"Jeff Fulchino","WSN",3,3,,4.039497251671601,53,0,,,,55.70000076293945,,53,27,25,6,23,3,2,49,7.917414613276338,3.716337471537873,2.130434782608696,0.9694793404011842,,,,,1.364452405009074,,0.7248520710059172,,,4.012818947301585,-0.05433833227648721,,,,,,,,,223.58000564575195,4.014003637043271,223.50000381469727,4.012567338480276,,,,,,,,,,,,,,,,,,,"Jeff Fulchino","3532",445246
"Evan Scribner","OAK",4,4,,4.3626570318053295,51,0,,,,55.70000076293945,,56,29,27,6,20,1,3,46,7.432674943075746,3.231597801337281,2.3,0.9694793404011842,,,,,1.364452405009074,,0.6952662721893492,,,4.012818947301585,-0.05433833227648721,,,,,,,,,215.78000564575197,3.8739677323186563,223.50000381469727,4.012567338480276,,,,,,,,,,,,,,,,,,,"Evan Scribner","7525",519267
"Dan Jennings","FLA",3,4,,4.524236921872193,44,0,,,,55.70000076293945,,57,30,28,4,33,1,3,44,7.109515162942018,5.332136372206513,1.3333333333333333,0.6463195602674562,,,,,1.6157989006686404,,0.7109004739336492,,,4.318025406316773,-0.05433833227648721,,,,,,,,,194.78000564575197,3.496947988829307,206.50000381469727,3.707360879465088,,,,,,,,,,,,,,,,,,,"Dan Jennings","8073",543359
"Geno Espineli","SFG",3,5,,5.008976592072785,42,2,,,,55.70000076293945,,66,33,31,5,21,2,3,26,4.201077141738465,3.3931776914041447,1.2380952380952381,0.8078994503343202,,,,,1.561938937313019,,0.675,,,4.551418580857799,-0.05433833227648721,,,,,,,,,159.08000564575198,2.856014424897413,193.50000381469727,3.473967704924062,,,,,,,,,,,,,,,,,,,"Geno Espineli","7405",457910
"Pedro Figueroa","OAK",2,5,,6.140035822540834,12,12,,,,55.70000076293945,,68,41,38,7,35,2,4,34,5.493716262273377,5.655296152340242,0.9714285714285714,1.1310592304680482,,,,,1.8491920752096662,,0.6652360515021459,,,5.538851242377524,-0.05433833227648721,,,,,,,,,100.28000564575194,1.8003591431272339,138.50000381469727,2.486535043404337,,,,,,,,,,,,,,,,,,,"Pedro Figueroa","6616",471896
"Matt Thornton","CHW",5,3,,3.2142857142857144,57,0,,,,56,,48,21,20,5,19,4,1,65,10.446428571428571,3.0535714285714284,3.4210526315789473,0.8035714285714286,,,,,1.1964285714285714,,0.7666666666666667,,,2.936100571496146,-0.054630997590720654,,,,,,,,,298.1000000000001,5.323214285714287,285,5.089285714285714,,,,,,,,,,,,,,,,,,,"Matt Thornton","1918",407819
"Yoshinori Tateyama","TEX",2,1,,3.857142857142857,47,0,,,,56,,53,26,24,7,15,4,3,52,8.357142857142858,2.4107142857142856,3.466666666666667,1.125,,,,,1.2142857142857142,,0.7216494845360825,,,3.7575291429247177,-0.054630997590720654,,,,,,,,,240.50000000000006,4.2946428571428585,239,4.267857142857143,,,,,,,,,,,,,,,,,,,"Yoshinori Tateyama","11651",599899
"Kevin Gregg","BAL",3,3,,4.660714285714286,60,0,,,,56,,54,31,29,7,30,2,2,51,8.196428571428571,4.821428571428571,1.7,1.125,,,,,1.5,,0.7142857142857143,,,4.543243428639004,-0.054630997590720654,,,,,,,,,193.90000000000006,3.4625000000000012,195,3.482142857142857,,,,,,,,,,,,,,,,,,,"Kevin Gregg","1793",276514
"Jordan Smith","CIN",3,4,,5.303571428571429,57,0,,,,56,,65,35,33,8,20,1,2,29,4.660714285714286,3.2142857142857144,1.45,1.2857142857142858,,,,,1.5178571428571428,,0.6775067750677507,,,5.0253862857818605,-0.054630997590720654,,,,,,,,,139,2.482142857142857,168,3,,,,,,,,,,,,,,,,,,,"Jordan Smith","9515",502136
"Jose Ortega","DET",2,3,,5.946428571428571,39,0,,,,56,,67,40,37,7,33,1,4,33,5.303571428571429,5.303571428571429,1,1.125,,,,,1.7857142857142858,,0.6651884700665188,,,5.4539577143532885,-0.054630997590720654,,,,,,,,,109.1,1.9482142857142857,144,2.5714285714285716,,,,,,,,,,,,,,,,,,,"Jose Ortega","9651",514639
"Dan Cortes","WSN",2,3,,5.115453000049395,54,0,,,,56.29999923706055,,58,34,32,5,40,1,3,44,7.033747875067918,6.394316250061744,1.1,0.799289531257718,,,,,1.7406749791834746,,0.7032967032967034,,,4.908157181633374,-0.054923662904954096,,,,,,,,,163.31999435424808,2.900888038498224,175.49999618530273,3.1172291041484868,,,,,,,,,,,,,,,,,,,"Dan Cortes","4027",451135
"Kam Mickolio","ARI",4,4,,4.285714228046905,47,0,,,,56.70000076293945,,55,29,27,6,26,1,2,56,8.88888876928247,4.126984071452576,2.1538461538461537,0.9523809395659789,,,,,1.4285714093489685,,0.7162534435261708,,,3.907220489083693,-0.05531388580489294,,,,,,,,,230.78000564575194,4.070194048332281,233.50000381469727,4.118165796698167,,,,,,,,,,,,,,,,,,,"Kam Mickolio","9513",501874
"Fernando Cabrera","NYM",3,3,,4.444444384641235,51,0,,,,56.70000076293945,,56,30,28,6,27,1,3,50,7.936507829716492,4.285714228046905,1.8518518518518519,0.9523809395659789,,,,,1.4638447774810417,,0.710455764075067,,,4.224680802272353,-0.05531388580489294,,,,,,,,,210.18000564575195,3.706878356571926,215.50000381469727,3.8007054835095078,,,,,,,,,,,,,,,,,,,"Fernando Cabrera","2105",425507
"Kevin Jepsen","LAA",4,4,,4.761904697829895,57,0,,,,56.70000076293945,,60,32,30,6,25,4,2,45,7.142857046744842,3.968253914858246,1.8,0.9523809395659789,,,,,1.499118145613115,,0.6919060052219321,,,4.242317486338389,-0.05531388580489294,,,,,,,,,198.78000564575194,3.505820158219108,214.50000381469727,3.7830687994434715,,,,,,,,,,,,,,,,,,,"Kevin Jepsen","6475",448178
"Cory Wade","NYY",4,4,,4.603174541235565,47,0,,,,56.70000076293945,,62,31,29,8,13,0,2,37,5.873015793990204,2.063492035726288,2.8461538461538463,1.2698412527546385,,,,,1.3227513049527486,,0.6896551724137931,,,4.348137590734609,-0.05531388580489294,,,,,,,,,188.98000564575196,3.332980654371949,208.50000381469727,3.6772486950472514,,,,,,,,,,,,,,,,,,,"Cory Wade","7570",460677
"Ramon Pena","CHW",3,3,,4.920634854424224,42,1,,,,56.70000076293945,,61,33,31,7,24,3,1,40,6.349206263773193,3.8095237582639156,1.6666666666666667,1.1111110961603088,,,,,1.499118145613115,,0.6914893617021276,,,4.542141115461012,-0.05531388580489294,,,,,,,,,179.88000564575194,3.172486829371015,197.50000381469727,3.4832451703208482,,,,,,,,,,,,,,,,,,,"Ramon Pena","4573",430963
"Cory Burns","SDP",3,3,,3.6315789473684212,58,0,,,,57,,53,25,23,5,22,1,3,52,8.210526315789474,3.473684210526316,2.3636363636363638,0.7894736842105263,,,,,1.3157894736842106,,0.7352941176470589,,,3.6569652331502818,-0.05560655111912638,,,,,,,,,251.49999999999994,4.412280701754385,249,4.368421052631579,,,,,,,,,,,,,,,,,,,"Cory Burns","6620",451132
"Sean Burnett","WSN",5,4,,3.789473684210526,70,0,,,,57,,53,26,24,5,22,5,2,44,6.947368421052632,3.473684210526316,2,0.7894736842105263,,,,,1.3157894736842106,,0.7205882352941176,,,3.885035408588878,-0.05560655111912638,,,,,,,,,238.5,4.184210526315789,236,4.140350877192983,,,,,,,,,,,,,,,,,,,"Sean Burnett","1886",430634
"Joe Smith","CLE",3,2,,3.9473684210526314,66,0,,,,57,,53,27,25,4,26,1,2,43,6.7894736842105265,4.105263157894737,1.6538461538461537,0.631578947368421,,,,,1.3859649122807018,,0.7084468664850135,,,3.902579268238001,-0.05560655111912638,,,,,,,,,236.8,4.154385964912281,235,4.12280701754386,,,,,,,,,,,,,,,,,,,"Joe Smith","3281",501925
"Daniel Schlereth","DET",3,2,,4.2631578947368425,54,0,,,,57,,51,29,27,5,38,3,5,53,8.368421052631579,6,1.394736842105263,0.7894736842105263,,,,,1.5614035087719298,,0.7317073170731707,,,4.569245934904668,-0.05560655111912638,,,,,,,,,204.69999999999996,3.591228070175438,197,3.456140350877193,,,,,,,,,,,,,,,,,,,"Daniel Schlereth","8739",519259
"Bryan Price","CLE",3,4,,5.2105263157894735,34,0,,,,57,,67,35,33,7,24,1,4,33,5.2105263157894735,3.789473684210526,1.375,1.105263157894737,,,,,1.5964912280701755,,0.689655172413793,,,4.937666987536247,-0.05560655111912638,,,,,,,,,143.49999999999997,2.5175438596491224,176,3.087719298245614,,,,,,,,,,,,,,,,,,,"Bryan Price","8436",458669
"Jerry Gil","TOR",4,7,,6,51,0,,,,57,,64,41,38,8,42,0,3,40,6.315789473684211,6.631578947368421,0.9523809523809523,1.263157894736842,,,,,1.8596491228070176,,0.6856540084388186,,,5.814859969992387,-0.05560655111912638,,,,,,,,,101.99999999999997,1.7894736842105259,126,2.210526315789474,,,,,,,,,,,,,,,,,,,"Jerry Gil","2207",430667
"Rob Wooten","MIL",3,3,,4.24083775280109,58,0,,,,57.29999923706055,,56,29,27,6,26,3,4,49,7.696335181009385,4.083769687882531,1.8846153846153846,0.9424083895113533,,,,,1.4310645914802032,,0.720108695652174,,,4.247026790703985,-0.05589921643335982,,,,,,,,,212.61999435424806,3.710645675135184,216.49999618530273,3.7783594950778756,,,,,,,,,,,,,,,,,,,"Rob Wooten","8532",543942
"Justin Miller","TEX",5,4,,4.7120419475567665,44,0,,,,57.29999923706055,,57,32,30,6,32,2,4,44,6.910994856416591,5.026178077393884,1.375,0.9424083895113533,,,,,1.5532286419724155,,0.707196029776675,,,4.735682992672835,-0.05589921643335982,,,,,,,,,182.01999435424804,3.1766142544120837,188.49999618530273,3.2897032931090258,,,,,,,,,,,,,,,,,,,"Justin Miller","1313",277405
"Michael Cisco","PHI",4,5,,4.869110012475325,30,0,,,,57.29999923706055,,54,33,31,7,39,1,3,43,6.753926791498031,6.1256545318237965,1.1025641025641026,1.099476454429912,,,,,1.6230366708251083,,0.7211538461538461,,,5.311599230707551,-0.05589921643335982,,,,,,,,,157.51999435424804,2.74904007768934,155.49999618530273,2.7137870550743095,,,,,,,,,,,,,,,,,,,"Michael Cisco","sa455688",543025
"Anthony Carter","CHW",1,3,,6.1256545318237965,48,0,,,,57.29999923706055,,66,42,39,10,34,2,4,42,6.596858726579473,5.3403142072310015,1.2352941176470589,1.5706806491855887,,,,,1.7452007213173208,,0.6744186046511628,,,5.817707439889574,-0.05589921643335982,,,,,,,,,99.41999435424808,1.7350784586039771,126.49999618530273,2.2076788458922865,,,,,,,,,,,,,,,,,,,"Anthony Carter","sa302341",457580
"Jason Motte","STL",4,2,,3.1195840142105076,67,0,,,,57.70000076293945,,49,21,20,5,18,2,3,56,8.73483523978942,2.8076256127894568,3.111111111111111,0.7798960035526269,,,,,1.1611784941783556,,0.7666666666666667,,,3.302682642600572,-0.05628943933329866,,,,,,,,,287.08000564575207,4.9753899800663905,272.50000381469727,4.722703643181288,,,,,,,,,,,,,,,,,,,"Jason Motte","5861",435400
"Mark Melancon","BOS",5,3,,3.5875216163420833,52,0,,,,57.70000076293945,,54,25,23,5,20,3,3,48,7.4870016341052175,3.1195840142105076,2.4,0.7798960035526269,,,,,1.2824956502865419,,0.7313432835820896,,,3.683965133226301,-0.05628943933329866,,,,,,,,,252.08000564575204,4.368804199525458,250.50000381469727,4.34142115255556,,,,,,,,,,,,,,,,,,,"Mark Melancon","4264",453343
"Fautino De Los Santos","OAK",3,3,,4.0554592184736595,52,0,,,,57.70000076293945,,53,28,26,6,29,2,2,60,9.358752042631522,4.523396820605236,2.0689655172413794,0.9358752042631522,,,,,1.4211438286958977,,0.7336956521739131,,,3.909268423141504,-0.05628943933329866,,,,,,,,,242.38000564575202,4.200693283204114,237.50000381469727,4.1161178626403565,,,,,,,,,,,,,,,,,,,"Fautino De Los Santos","5841",501745
"Ryota Igarashi","PIT",2,3,,4.523396820605236,56,0,,,,57.70000076293945,,57,31,29,6,29,2,4,50,7.798960035526268,4.523396820605236,1.7241379310344827,0.9358752042631522,,,,,1.4904679179005758,,0.7087628865979382,,,4.359875002971911,-0.05628943933329866,,,,,,,,,205.98000564575202,3.569844071441545,211.50000381469727,3.6655112828099496,,,,,,,,,,,,,,,,,,,"Ryota Igarashi","10232",579799
"Waldis Joaquin","WSN",3,3,,4.679376021315761,42,2,,,,57.70000076293945,,61,32,30,5,31,1,4,37,5.7712304262894385,4.835355222026286,1.1935483870967742,0.7798960035526269,,,,,1.5944540517075927,,0.7058823529411765,,,4.6891644266941315,-0.05628943933329866,,,,,,,,,175.880005645752,3.048180300176343,192.50000381469727,3.3362218590877295,,,,,,,,,,,,,,,,,,,"Waldis Joaquin","6580",471183
"Esmerling Vasquez","MIN",3,3,,4.679376021315761,57,0,,,,57.70000076293945,,57,32,30,6,34,2,5,46,7.175043232684167,5.303292824157863,1.3529411764705883,0.9358752042631522,,,,,1.5771230294064231,,0.7142857142857143,,,4.810481582802318,-0.05628943933329866,,,,,,,,,179.98000564575202,3.119237491611138,185.50000381469727,3.214904702979543,,,,,,,,,,,,,,,,,,,"Esmerling Vasquez","5280",458220
"Manny Corpas","CHC",4,3,,4.0344827586206895,53,0,,,,58,,59,28,26,6,20,4,2,45,6.982758620689655,3.103448275862069,2.25,0.9310344827586207,,,,,1.3620689655172413,,0.7223796033994335,,,3.956420768540481,-0.056582104647532105,,,,,,,,,226.00000000000003,3.8965517241379315,236,4.068965517241379,,,,,,,,,,,,,,,,,,,"Manny Corpas","2807",466918
"Jeremy Accardo","CLE",3,3,,4.810344827586207,52,0,,,,58,,64,33,31,5,27,3,3,34,5.275862068965517,4.189655172413793,1.2592592592592593,0.7758620689655172,,,,,1.5689655172413792,,0.6904761904761905,,,4.5253862857818605,-0.056582104647532105,,,,,,,,,179.30000000000004,3.0913793103448284,203,3.5,,,,,,,,,,,,,,,,,,,"Jeremy Accardo","6428",435618
"Billy Bullock","ATL",3,4,,4.810344827586207,55,0,,,,58,,55,33,31,6,43,3,3,62,9.620689655172415,6.672413793103448,1.441860465116279,0.9310344827586207,,,,,1.6896551724137931,,0.7254464285714286,,,4.611593182333585,-0.056582104647532105,,,,,,,,,198.40000000000003,3.4206896551724144,198,3.413793103448276,,,,,,,,,,,,,,,,,,,"Billy Bullock","sa328093",502169
"Matt Hoffman","DET",3,3,,5.120689655172414,49,0,,,,58,,67,35,33,6,26,2,3,31,4.810344827586207,4.0344827586206895,1.1923076923076923,0.9310344827586207,,,,,1.603448275862069,,0.6855791962174942,,,4.801248354747377,-0.056582104647532105,,,,,,,,,156.20000000000002,2.6931034482758625,187,3.2241379310344827,,,,,,,,,,,,,,,,,,,"Matt Hoffman","sa392188",518809
"Cory Rauschenberger","STL",2,3,,4.810344827586207,39,0,,,,58,,63,33,31,6,25,0,3,27,4.189655172413793,3.8793103448275863,1.08,0.9310344827586207,,,,,1.5172413793103448,,0.6909547738693468,,,4.887455251299102,-0.056582104647532105,,,,,,,,,161.60000000000002,2.7862068965517244,182,3.1379310344827585,,,,,,,,,,,,,,,,,,,"Cory Rauschenberger","sa291077",489107
"Aaron Laffey","TOR",3,3,,5.120689655172414,52,0,,,,58,,66,35,33,7,26,3,3,31,4.810344827586207,4.0344827586206895,1.1923076923076923,1.0862068965517242,,,,,1.5862068965517242,,0.6934306569343065,,,5.0253862857818605,-0.056582104647532105,,,,,,,,,146.50000000000003,2.525862068965518,174,3,,,,,,,,,,,,,,,,,,,"Aaron Laffey","6248",444836
"Steve Delabar","SEA",3,7,,5.275862068965517,46,0,,,,58,,58,36,34,6,50,5,5,49,7.603448275862069,7.758620689655173,0.98,0.9310344827586207,,,,,1.8620689655172413,,0.7228915662650602,,,5.5253862857818605,-0.056582104647532105,,,,,,,,,137.60000000000002,2.3724137931034486,145,2.5,,,,,,,,,,,,,,,,,,,"Steve Delabar","11827",447755
"Huston Street","SDP",4,2,,2.933104669601737,61,0,,,,58.29999923706055,,49,20,19,6,14,2,1,64,9.879931518658482,2.161235019706543,4.571428571428571,0.9262435798742328,,,,,1.0806175098532715,,0.7875457875457875,,,2.939622991349061,-0.05687476996176555,,,,,,,,,313.219994354248,5.372555719608623,296.49999618530273,5.085763294432799,,,,,,,,,,,,,,,,,,,"Huston Street","8258",434718
"Joel Peralta","TBR",3,2,,3.3962264595388536,58,0,,,,58.29999923706055,,51,24,22,6,18,3,2,51,7.873070428930978,2.778730739622698,2.8333333333333335,0.9262435798742328,,,,,1.1835334631726309,,0.7425742574257426,,,3.6428820056980156,-0.05687476996176555,,,,,,,,,267.01999435424807,4.580102879049559,255.49999618530273,4.382504280083845,,,,,,,,,,,,,,,,,,,"Joel Peralta","2332",407908
"Jose Valverde","DET",3,2,,3.5506003895178924,61,0,,,,58.29999923706055,,49,25,23,5,29,2,3,56,8.644940078826172,4.476843969392125,1.9310344827586208,0.771869649895194,,,,,1.3379073931516696,,0.7464788732394366,,,3.865866571223294,-0.05687476996176555,,,,,,,,,258.51999435424807,4.4343052785138,242.49999618530273,4.1595197145585665,,,,,,,,,,,,,,,,,,,"Jose Valverde","1726",407878
"Jason Berken","BAL",2,3,,4.785591829350203,47,0,,,,58.29999923706055,,63,33,31,8,22,2,1,45,6.9468268490567455,3.3962264595388536,2.0454545454545454,1.2349914398323103,,,,,1.4579760053575885,,0.7046070460704608,,,4.449056973366329,-0.05687476996176555,,,,,,,,,190.21999435424806,3.2627786765617603,208.49999618530273,3.576329312415531,,,,,,,,,,,,,,,,,,,"Jason Berken","5673",460072
"Lester Oliveros","MIN",2,3,,5.248713619287319,51,0,,,,58.29999923706055,,62,36,34,7,35,3,3,48,7.409948638993862,5.403087549266358,1.3714285714285714,1.0806175098532715,,,,,1.663807911996307,,0.6995412844036697,,,4.8950261044168855,-0.05687476996176555,,,,,,,,,166.119994354248,2.8493995973956667,182.49999618530273,3.1303601813649746,,,,,,,,,,,,,,,,,,,"Lester Oliveros","9167",500902
"Tony Sipp","CLE",3,3,,4.13969330224301,66,0,,,,58.70000076293945,,51,29,27,8,29,3,1,62,9.505962397743208,4.446337250557306,2.1379310344827585,1.226575793257188,,,,,1.3628619925079866,,0.7412790697674418,,,4.217890529226349,-0.05726499286170439,,,,,,,,,237.38000564575194,4.0439523434490825,223.50000381469727,3.807495756555512,,,,,,,,,,,,,,,,,,,"Tony Sipp","8280",448609
"Francisco Cordero","TOR",5,3,,3.986371328085861,61,0,,,,58.70000076293945,,57,28,26,6,23,1,2,41,6.286200940443089,3.5264054056144154,1.7826086956521738,0.919931844942891,,,,,1.3628619925079866,,0.7262569832402235,,,4.234926304132699,-0.05726499286170439,,,,,,,,,219.38000564575188,3.7373083951347845,222.50000381469727,3.7904599816491618,,,,,,,,,,,,,,,,,,,"Francisco Cordero","1243",150188
"Scott Munter","SFG",3,4,,4.599659224714455,45,1,,,,58.70000076293945,,60,32,30,5,35,1,4,44,6.746166862914534,5.366269095500197,1.2571428571428571,0.7666098707857425,,,,,1.6183986161032342,,0.7159090909090909,,,4.626749126978745,-0.05726499286170439,,,,,,,,,187.8800056457519,3.200681485584765,199.50000381469727,3.398637158803116,,,,,,,,,,,,,,,,,,,"Scott Munter","3470",434639
"Travis Schlichting","OAK",2,3,,4.906303173028752,43,0,,,,58.70000076293945,,62,34,32,6,29,2,3,38,5.826235017971643,4.446337250557306,1.3103448275862069,0.919931844942891,,,,,1.5502555164778349,,0.6900726392251817,,,4.694892226604145,-0.05726499286170439,,,,,,,,,179.38000564575194,3.055877398880792,195.50000381469727,3.3304940591777163,,,,,,,,,,,,,,,,,,,"Travis Schlichting","3847",459411
"Rafael Perez","CLE",3,3,,4.271186440677966,69,0,,,,59,,63,30,28,5,22,1,0,33,5.033898305084746,3.3559322033898304,1.5,0.7627118644067796,,,,,1.4406779661016949,,0.7051282051282052,,,4.1270812010360975,-0.05755765817593783,,,,,,,,,211.3,3.58135593220339,230,3.8983050847457625,,,,,,,,,,,,,,,,,,,"Rafael Perez","4078",460370
"Ryan Tucker","LAD",3,4,,4.88135593220339,27,7,,,,59,,64,34,32,5,33,1,3,38,5.796610169491525,5.033898305084746,1.1515151515151516,0.7627118644067796,,,,,1.6440677966101696,,0.7,,,4.66945408239203,-0.05755765817593783,,,,,,,,,176.70000000000002,2.9949152542372883,198,3.3559322033898304,,,,,,,,,,,,,,,,,,,"Ryan Tucker","1062",457761
"Adam Russell","ATL",3,4,,4.728813559322034,55,0,,,,59,,60,33,31,5,35,1,4,41,6.254237288135593,5.338983050847458,1.1714285714285715,0.7627118644067796,,,,,1.6101694915254237,,0.7045454545454546,,,4.720301540019149,-0.05755765817593783,,,,,,,,,184.10000000000002,3.1203389830508477,195,3.305084745762712,,,,,,,,,,,,,,,,,,,"Adam Russell","7334",452240
"Sergio Santos","TOR",5,2,,3.338954511760879,60,0,,,,59.29999923706055,,49,24,22,6,25,4,3,72,10.927487493035605,3.7942664906373627,2.88,0.910623957752967,,,,,1.247892090254066,,0.7621951219512195,,,3.3289276050328493,-0.057850323490171274,,,,,,,,,297.6199943542481,5.018886984542243,278.49999618530273,4.696458680749011,,,,,,,,,,,,,,,,,,,"Sergio Santos","4734",435045
"Matt Reynolds","COL",3,2,,3.9460371502628573,68,0,,,,59.29999923706055,,56,28,26,8,21,3,2,56,8.499156939027692,3.1871838521353846,2.6666666666666665,1.214165277003956,,,,,1.2984823101292307,,0.7446808510638299,,,4.054054089910212,-0.057850323490171274,,,,,,,,,237.81999435424817,4.010455268363958,235.49999618530273,3.9713321958716485,,,,,,,,,,,,,,,,,,,"Matt Reynolds","8887",519186
"Josh Judy","CIN",3,3,,4.401349129139341,53,0,,,,59.29999923706055,,58,31,29,7,27,1,5,55,8.347386279402198,4.0978078098883515,2.037037037037037,1.0623946173784615,,,,,1.4333895631296703,,0.7180851063829787,,,4.323868595911091,-0.057850323490171274,,,,,,,,,215.9199943542481,3.641146663275254,219.49999618530273,3.7015176898707693,,,,,,,,,,,,,,,,,,,"Josh Judy","1975",518865
"Heath Bell","FLA",5,2,,3.0150753383531,61,0,,,,59.70000076293945,,50,21,20,4,23,2,0,62,9.34673354889461,3.467336639106065,2.6956521739130435,0.60301506767062,,,,,1.2227805538876462,,0.7715133531157269,,,2.975135030142642,-0.058240546390110115,,,,,,,,,317.580005645752,5.319598016536362,301.50000381469727,5.0502512556392185,,,,,,,,,,,,,,,,,,,"Heath Bell","2080",425514
"Joakim Soria","KCR",4,2,,3.31658287218841,58,0,,,,59.70000076293945,,53,24,22,6,17,1,2,64,9.64824108272992,2.562814037600135,3.764705882352941,0.90452260150593,,,,,1.1725292982484279,,0.7467532467532467,,,3.142639215606703,-0.058240546390110115,,,,,,,,,301.180005645752,5.0448911523753015,291.50000381469727,4.882747070175157,,,,,,,,,,,,,,,,,,,"Joakim Soria","6941",465657
"Brad Boxberger","SDP",3,3,,3.467336639106065,58,0,,,,59.70000076293945,,46,25,23,5,34,1,4,74,11.15577875190647,5.12562807520027,2.176470588235294,0.753768834588275,,,,,1.340033483712489,,0.7534246575342466,,,3.54464926072045,-0.058240546390110115,,,,,,,,,294.680005645752,4.936013431823661,267.50000381469727,4.48073702506141,,,,,,,,,,,,,,,,,,,"Brad Boxberger","10133",502202
"Brad Ziegler","ARI",4,2,,3.467336639106065,63,0,,,,59.70000076293945,,57,25,23,4,22,5,2,46,6.93467327821213,3.31658287218841,2.090909090909091,0.60301506767062,,,,,1.3232830651660827,,0.7356948228882834,,,3.561399679266856,-0.058240546390110115,,,,,,,,,264.380005645752,4.428475749867557,266.50000381469727,4.463986606515005,,,,,,,,,,,,,,,,,,,"Brad Ziegler","7293",446899
"Scott Maine","CHC",4,4,,4.371859240611995,48,0,,,,59.70000076293945,,57,31,29,7,30,1,3,55,8.291457180471024,4.52261300752965,1.8333333333333333,1.055276368423585,,,,,1.4572864135373316,,0.7253886010362695,,,4.365419769494349,-0.058240546390110115,,,,,,,,,218.48000564575196,3.6596315385875156,218.50000381469727,3.6599665162875112,,,,,,,,,,,,,,,,,,,"Scott Maine","885",453186
"Aaron Heilman","SEA",3,5,,4.673366774447305,56,0,,,,59.70000076293945,,62,33,31,8,25,2,2,48,7.23618081204744,3.768844172941375,1.92,1.20603013534124,,,,,1.4572864135373316,,0.712401055408971,,,4.516173536412005,-0.058240546390110115,,,,,,,,,197.180005645752,3.302847623549066,209.50000381469727,3.509212749369856,,,,,,,,,,,,,,,,,,,"Aaron Heilman","1751",408310
"Donnie Joseph","CIN",2,3,,4.974874308282615,59,0,,,,59.70000076293945,,60,35,33,8,34,2,4,59,8.894472248141644,5.12562807520027,1.7352941176470589,1.20603013534124,,,,,1.5745393433621744,,0.71256038647343,,,4.7004281404224715,-0.058240546390110115,,,,,,,,,191.38000564575202,3.205695195979911,198.50000381469727,3.324958145359389,,,,,,,,,,,,,,,,,,,"Donnie Joseph","6491",548348
"Miguel Socolovich","BAL",3,5,,5.276381842117925,40,2,,,,59.70000076293945,,64,37,35,7,36,1,3,44,6.63316574437682,5.42713560903558,1.2222222222222223,1.055276368423585,,,,,1.6750418546406112,,0.6984478935698447,,,5.035436511350594,-0.058240546390110115,,,,,,,,,160.28000564575197,2.68475717918668,178.50000381469727,2.989949774431267,,,,,,,,,,,,,,,,,,,"Miguel Socolovich","6697",462515
"Sam Freeman","STL",2,2,,4.974874308282615,54,0,,,,59.70000076293945,,61,35,33,6,39,1,4,42,6.33165821054151,5.879396909788545,1.0769230769230769,0.90452260150593,,,,,1.6750418546406112,,0.7096069868995634,,,5.085687766989812,-0.058240546390110115,,,,,,,,,164.380005645752,2.7534338952269453,175.50000381469727,2.9396985187920484,,,,,,,,,,,,,,,,,,,"Sam Freeman","6832",518693
"Edward Paredes","SEA",2,6,,5.879396909788545,45,1,,,,59.70000076293945,,70,42,39,7,39,2,4,37,5.577889375953235,5.879396909788545,0.9487179487179487,1.055276368423585,,,,,1.825795621558266,,0.6754032258064516,,,5.470947393557153,-0.058240546390110115,,,,,,,,,118.68000564575198,1.9879397676561859,152.50000381469727,2.5544388922247077,,,,,,,,,,,,,,,,,,,"Edward Paredes","4168",487675
"Ryan Madson","CIN",5,2,,3,62,0,,,,60,,52,21,20,5,17,5,2,63,9.45,2.55,3.7058823529411766,0.75,,,,,1.15,,0.7741935483870968,,,2.9587196191151937,-0.05853321170434356,,,,,,,,,316.29999999999995,5.271666666666666,304,5.066666666666666,,,,,,,,,,,,,,,,,,,"Ryan Madson","1852",425492
"Guillermo Mota","SFG",2,2,,4.05,47,0,,,,60,,56,29,27,7,24,4,1,51,7.65,3.6,2.125,1.05,,,,,1.3333333333333333,,0.7264957264957265,,,4.092052952448527,-0.05853321170434356,,,,,,,,,239.29999999999998,3.988333333333333,236,3.933333333333333,,,,,,,,,,,,,,,,,,,"Guillermo Mota","1467",150407
"Michael Kohn","LAA",3,3,,4.5,59,0,,,,60,,56,32,30,7,35,1,3,58,8.7,5.25,1.6571428571428573,1.05,,,,,1.5166666666666666,,0.7266009852216748,,,4.508719619115194,-0.05853321170434356,,,,,,,,,214.29999999999998,3.5716666666666663,211,3.5166666666666666,,,,,,,,,,,,,,,,,,,"Michael Kohn","8505",543409
"Merkin Valdez","OAK",3,4,,5.1,48,0,,,,60,,67,36,34,6,31,1,3,39,5.85,4.65,1.2580645161290323,0.9,,,,,1.6333333333333333,,0.6919642857142858,,,4.725386285781861,-0.05853321170434356,,,,,,,,,171.99999999999997,2.8666666666666663,198,3.3,,,,,,,,,,,,,,,,,,,"Merkin Valdez","7019",429723
"Jake McGee","TBR",6,5,,4.029850797255923,63,0,,,,60.29999923706055,,57,29,27,7,24,1,4,54,8.059701594511846,3.5820895975608207,2.25,1.044776132621906,,,,,1.3432835990853078,,0.7303370786516854,,,4.136497410951189,-0.058825877018577,,,,,,,,,235.91999435424796,3.9124377668192554,234.49999618530273,3.8888888748306716,,,,,,,,,,,,,,,,,,,"Jake McGee","7550",459429
"Jordan Norberto","OAK",3,4,,4.477611996951025,52,0,,,,60.29999923706055,,57,32,30,5,40,2,3,56,8.358209060975248,5.970149329268034,1.4,0.7462686661585043,,,,,1.6086235692749982,,0.7222222222222222,,,4.385253633004024,-0.058825877018577,,,,,,,,,219.51999435424798,3.640464297374823,219.49999618530273,3.6401326527778366,,,,,,,,,,,,,,,,,,,"Jordan Norberto","8432",467099
"Brian Sanches","PHI",3,3,,4.179104530487624,48,1,,,,60.29999923706055,,55,30,28,8,28,4,3,51,7.6119403948167434,4.179104530487624,1.8214285714285714,1.1940298658536068,,,,,1.376451095359019,,0.7381615598885795,,,4.600842358783147,-0.058825877018577,,,,,,,,,213.81999435424802,3.5459369329947465,206.49999618530273,3.4245439269987132,,,,,,,,,,,,,,,,,,,"Brian Sanches","2739",430083
"Gregory Infante","CHW",3,4,,5.373134396341231,53,0,,,,60.29999923706055,,66,39,36,7,35,1,3,43,6.417910528963136,5.22388066310953,1.2285714285714286,1.044776132621906,,,,,1.6749585618224208,,0.6798245614035088,,,4.998852314067683,-0.058825877018577,,,,,,,,,160.51999435424798,2.6620231573003394,182.49999618530273,3.0265339717141777,,,,,,,,,,,,,,,,,,,"Gregory Infante","9119",500872
"Kyle Cofield","PIT",2,4,,5.970149329268034,20,9,,,,60.29999923706055,,70,43,40,7,40,1,4,31,4.626865730182726,5.970149329268034,0.775,1.044776132621906,,,,,1.8242122950541215,,0.6686626746506986,,,5.69536973581562,-0.058825877018577,,,,,,,,,108.11999435424804,1.7930347549291044,140.49999618530273,2.33001654996624,,,,,,,,,,,,,,,,,,,"Kyle Cofield","sa290212",457781
"Jerry Blevins","OAK",2,2,,4.151565021953991,59,0,,,,60.70000076293945,,60,30,28,7,22,1,2,53,7.858319505841483,3.261943945820993,2.409090909090909,1.0378912554884978,,,,,1.3509060785723304,,0.7202216066481995,,,3.9644307550333586,-0.05921609991851584,,,,,,,,,241.08000564575195,3.971663964013391,246.50000381469727,4.060955530748502,,,,,,,,,,,,,,,,,,,"Jerry Blevins","7841",460283
"Jess Todd","STL",3,4,,4.44810538066499,55,0,,,,60.70000076293945,,62,32,30,6,25,2,3,51,7.561779147130483,3.706754483887492,2.04,0.889621076132998,,,,,1.433278400436497,,0.6997455470737914,,,4.013854148151858,-0.05921609991851584,,,,,,,,,232.18000564575195,3.8250412310951742,243.50000381469727,4.011532137630002,,,,,,,,,,,,,,,,,,,"Jess Todd","3805",519357
"Dustin Richardson","ATL",2,2,,4.8929159187314895,50,0,,,,60.70000076293945,,58,35,33,7,45,2,4,58,8.599670402618981,6.672158070997486,1.288888888888889,1.0378912554884978,,,,,1.6968698304018297,,0.7296137339055794,,,5.035270939267523,-0.05921609991851584,,,,,,,,,181.28000564575194,2.9864909945179594,181.50000381469727,2.9901153465143375,,,,,,,,,,,,,,,,,,,"Dustin Richardson","2548",450580
"Steve Edlefsen","SFG",3,5,,4.8929159187314895,50,0,,,,60.70000076293945,,63,35,33,6,38,2,4,41,6.079077353575487,5.634266815508988,1.0789473684210527,0.889621076132998,,,,,1.6639209016561631,,0.7127429805615552,,,5.035270939267523,-0.05921609991851584,,,,,,,,,167.58000564575195,2.7607908326101436,181.50000381469727,2.9901153465143375,,,,,,,,,,,,,,,,,,,"Steve Edlefsen","2185",453580
"Kanekoa Texeira","CIN",2,4,,5.9308071742199875,39,2,,,,60.70000076293945,,74,43,40,9,29,1,3,33,4.8929159187314895,4.299835201309491,1.1379310344827587,1.3344316141994972,,,,,1.6968698304018297,,0.663716814159292,,,5.447132548588355,-0.05921609991851584,,,,,,,,,116.08000564575198,1.912355917409229,156.50000381469727,2.5782537371935055,,,,,,,,,,,,,,,,,,,"Kanekoa Texeira","334",444427
"Jordan Walden","LAA",4,3,,3.540983606557377,61,0,,,,61,,55,26,24,5,26,2,2,66,9.737704918032787,3.8360655737704916,2.5384615384615383,0.7377049180327869,,,,,1.3278688524590163,,0.7432432432432432,,,3.3040748103720246,-0.05950876523274928,,,,,,,,,294.9000000000001,4.834426229508198,288,4.721311475409836,,,,,,,,,,,,,,,,,,,"Jordan Walden","3271",477229
"Josh Kinney","SEA",3,4,,4.426229508196721,55,0,,,,61,,62,32,30,6,25,1,4,46,6.786885245901639,3.6885245901639343,1.84,0.8852459016393442,,,,,1.4262295081967213,,0.6997455470737914,,,4.222107597257271,-0.05950876523274928,,,,,,,,,221.40000000000006,3.6295081967213125,232,3.80327868852459,,,,,,,,,,,,,,,,,,,"Josh Kinney","3638",448337
"Carlos Fisher","CIN",3,3,,4.278688524590164,49,0,,,,61,,57,31,29,7,30,2,3,54,7.967213114754099,4.426229508196721,1.8,1.0327868852459017,,,,,1.4262295081967213,,0.7253886010362695,,,4.369648580863828,-0.05950876523274928,,,,,,,,,226.10000000000005,3.7065573770491813,223,3.6557377049180326,,,,,,,,,,,,,,,,,,,"Carlos Fisher","9832",457567
"David Carpenter","HOU",3,4,,4.721311475409836,62,0,,,,61,,63,34,32,7,31,4,5,53,7.819672131147541,4.573770491803279,1.7096774193548387,1.0327868852459017,,,,,1.540983606557377,,0.7125890736342042,,,4.5499764497162865,-0.05950876523274928,,,,,,,,,199.50000000000006,3.2704918032786896,212,3.4754098360655736,,,,,,,,,,,,,,,,,,,"David Carpenter","3959",502304
"Alex Burnett","MIN",3,4,,4.868852459016393,66,0,,,,61,,67,35,33,6,25,2,6,39,5.754098360655738,3.6885245901639343,1.56,0.8852459016393442,,,,,1.5081967213114753,,0.6818181818181819,,,4.5499764497162865,-0.05950876523274928,,,,,,,,,188.40000000000006,3.0885245901639355,212,3.4754098360655736,,,,,,,,,,,,,,,,,,,"Alex Burnett","4065",488751
"Mark Hendrickson","BAL",2,4,,5.60655737704918,35,0,,,,61,,73,41,38,10,20,2,3,33,4.868852459016393,2.9508196721311477,1.65,1.4754098360655739,,,,,1.5245901639344261,,0.6582278481012658,,,5.20571415463432,-0.05950876523274928,,,,,,,,,135.60000000000008,2.2229508196721324,172,2.819672131147541,,,,,,,,,,,,,,,,,,,"Mark Hendrickson","1574",424805
"Zach Simons","COL",2,3,,6.19672131147541,43,0,,,,61,,68,45,42,12,39,1,4,42,6.19672131147541,5.754098360655738,1.0769230769230769,1.7704918032786885,,,,,1.7540983606557377,,0.6873614190687362,,,6.320468252994975,-0.05950876523274928,,,,,,,,,82.00000000000006,1.344262295081968,104,1.7049180327868851,,,,,,,,,,,,,,,,,,,"Zach Simons","sa291239",450583
"Eric O'Flaherty","ATL",3,2,,2.9363785031040623,73,0,,,,61.29999923706055,,54,21,20,4,20,5,3,54,7.928221958380968,2.9363785031040623,2.7,0.5872757006208125,,,,,1.2071778290538921,,0.7748538011695906,,,3.237458066561598,-0.059801430546982726,,,,,,,,,303.01999435424807,4.943229985736268,293.49999618530273,4.787928219220262,,,,,,,,,,,,,,,,,,,"Eric O'Flaherty","5746",447714
"Louis Coleman","KCR",4,3,,3.6704731288800776,42,0,,,,61.29999923706055,,54,27,25,7,25,4,3,61,8.95595443446739,3.6704731288800776,2.44,1.0277324760864217,,,,,1.2887438985845605,,0.7514450867052023,,,3.8899866228069455,-0.059801430546982726,,,,,,,,,265.1199943542481,4.324959178693803,253.49999618530273,4.1353996629749155,,,,,,,,,,,,,,,,,,,"Louis Coleman","9720",488786
"John Lujan","NYM",4,5,,4.8450245301217025,48,0,,,,61.29999923706055,,68,35,33,6,28,1,4,46,6.753670557139343,4.110929904345687,1.6428571428571428,0.8809135509312186,,,,,1.5660685349888332,,0.6963470319634704,,,4.363069826084822,-0.059801430546982726,,,,,,,,,199.01999435424807,3.2466557394983657,224.49999618530273,3.6623164596970383,,,,,,,,,,,,,,,,,,,"John Lujan","sa262151",455114
"Esmailin Caridad","CHC",3,4,,5.432300230742515,29,6,,,,61.29999923706055,,71,40,37,9,28,1,4,42,6.16639485651853,4.110929904345687,1.5,1.321370326396828,,,,,1.6150081767072342,,0.6828703703703703,,,5.129790879673105,-0.059801430546982726,,,,,,,,,146.3199943542481,2.386949366645122,177.49999618530273,2.8955954061087557,,,,,,,,,,,,,,,,,,,"Esmailin Caridad","5284",534428
"Fernando Salas","STL",4,3,,3.2090761353593065,59,0,,,,61.70000076293945,,52,24,22,6,21,3,2,60,8.7520258237072,3.06320903829752,2.857142857142857,0.8752025823707199,,,,,1.1831442317233807,,0.758513931888545,,,3.4629875769672207,-0.06019165344692157,,,,,,,,,298.58000564575195,4.83922207380419,281.50000381469727,4.56239870881464,,,,,,,,,,,,,,,,,,,"Fernando Salas","4971",477569
"Chris Perez","CLE",4,3,,3.792544523606453,66,0,,,,61.70000076293945,,53,28,26,6,28,3,4,56,8.168557435460054,4.084278717730027,2,0.8752025823707199,,,,,1.3128038735560799,,0.7300275482093664,,,4.030248509985279,-0.06019165344692157,,,,,,,,,260.98000564575193,4.229821757190503,246.50000381469727,3.995137775796581,,,,,,,,,,,,,,,,,,,"Chris Perez","5213",453198
"Victor Marte","STL",3,4,,4.521880008915386,49,0,,,,61.70000076293945,,62,33,31,6,30,2,3,44,6.418152270718613,4.3760129118536,1.4666666666666666,0.8752025823707199,,,,,1.4910858810760415,,0.7057416267942584,,,4.46784980117064,-0.06019165344692157,,,,,,,,,210.58000564575192,3.4129660136444975,219.50000381469727,3.5575364846112207,,,,,,,,,,,,,,,,,,,"Victor Marte","5158",469690
"Robbie Weinhardt","DET",3,3,,4.959481300100746,46,0,,,,61.70000076293945,,69,36,34,6,27,1,4,39,5.68881678540968,3.93841162066824,1.4444444444444444,0.8752025823707199,,,,,1.555915701992391,,0.6849315068493151,,,4.53267962208699,-0.06019165344692157,,,,,,,,,188.38000564575194,3.0531605075587573,215.50000381469727,3.492706663694871,,,,,,,,,,,,,,,,,,,"Robbie Weinhardt","8479",519405
"Cesar Cabral","NYY",3,3,,5.105348397162533,41,0,,,,61.70000076293945,,70,37,35,7,28,1,4,45,6.5640193677804,4.084278717730027,1.6071428571428572,1.0210696794325067,,,,,1.5883306124505658,,0.691609977324263,,,4.597509443003339,-0.06019165344692157,,,,,,,,,182.48000564575193,2.9575365217071417,211.50000381469727,3.4278768427785216,,,,,,,,,,,,,,,,,,,"Cesar Cabral","6741",501627
"Casey Janssen","TOR",4,2,,3.4838709677419355,57,0,,,,62,,57,26,24,6,18,1,3,58,8.419354838709678,2.6129032258064515,3.2222222222222223,0.8709677419354839,,,,,1.2096774193548387,,0.7357357357357358,,,3.4286120922334735,-0.06048431876115501,,,,,,,,,289.79999999999995,4.674193548387096,285,4.596774193548387,,,,,,,,,,,,,,,,,,,"Casey Janssen","7355",445163
"Chad Qualls","PHI",5,4,,4.209677419354839,65,0,,,,62,,64,31,29,7,17,4,1,45,6.532258064516129,2.467741935483871,2.6470588235294117,1.0161290322580645,,,,,1.3064516129032258,,0.7022471910112359,,,3.912483059975409,-0.06048431876115501,,,,,,,,,242.29999999999993,3.908064516129031,255,4.112903225806452,,,,,,,,,,,,,,,,,,,"Chad Qualls","2170",430589
"Jesse Crain","CHW",5,4,,3.9193548387096775,65,0,,,,62,,55,29,27,7,31,4,2,63,9.14516129032258,4.5,2.032258064516129,1.0161290322580645,,,,,1.3870967741935485,,0.7480314960629921,,,4.0576443502979895,-0.06048431876115501,,,,,,,,,256.69999999999993,4.14032258064516,246,3.967741935483871,,,,,,,,,,,,,,,,,,,"Jesse Crain","4817",430884
"Daniel Moskos","PIT",2,4,,4.645161290322581,60,0,,,,62,,67,34,32,5,28,3,2,39,5.661290322580645,4.064516129032258,1.3928571428571428,0.7258064516129032,,,,,1.532258064516129,,0.6931818181818182,,,4.2673217696528285,-0.06048431876115501,,,,,,,,,211.09999999999994,3.4048387096774184,233,3.7580645161290325,,,,,,,,,,,,,,,,,,,"Daniel Moskos","2858",446290
"Jamey Wright","LAD",2,3,,4.064516129032258,51,0,,,,62,,60,30,28,6,28,3,4,44,6.387096774193548,4.064516129032258,1.5714285714285714,0.8709677419354839,,,,,1.4193548387096775,,0.7286432160804021,,,4.4124830599754095,-0.06048431876115501,,,,,,,,,220.99999999999994,3.564516129032257,224,3.6129032258064515,,,,,,,,,,,,,,,,,,,"Jamey Wright","715",124604
"Rowdy Hardy","ATL",3,4,,4.935483870967742,38,0,,,,62,,73,36,34,6,24,1,4,36,5.225806451612903,3.4838709677419355,1.5,0.8709677419354839,,,,,1.564516129032258,,0.688487584650113,,,4.4769991890076675,-0.06048431876115501,,,,,,,,,183.19999999999993,2.9548387096774182,220,3.5483870967741935,,,,,,,,,,,,,,,,,,,"Rowdy Hardy","sa326456",503228
"Michael O'Connor","NYY",4,5,,5.080645161290323,47,0,,,,62,,71,37,35,9,21,1,4,47,6.82258064516129,3.0483870967741935,2.238095238095238,1.3064516129032258,,,,,1.4838709677419355,,0.6926952141057934,,,4.6060314470721835,-0.06048431876115501,,,,,,,,,182.49999999999997,2.9435483870967736,212,3.4193548387096775,,,,,,,,,,,,,,,,,,,"Michael O'Connor","6457",456585
"Clint Everts","TOR",2,2,,5.661290322580645,46,1,,,,62,,69,42,39,8,40,2,4,45,6.532258064516129,5.806451612903226,1.125,1.1612903225806452,,,,,1.7580645161290323,,0.6850715746421268,,,5.38022499545928,-0.06048431876115501,,,,,,,,,138.99999999999997,2.241935483870967,164,2.6451612903225805,,,,,,,,,,,,,,,,,,,"Clint Everts","sa202809",425847
"Jaye Chapman","ATL",3,3,,4.333868431885701,50,0,,,,62.29999923706055,,59,32,30,6,35,2,4,59,8.523274582708547,5.056179837199985,1.6857142857142857,0.8667736863771404,,,,,1.5088282688787258,,0.7242990654205608,,,4.261341357097413,-0.06077698407538845,,,,,,,,,234.81999435424805,3.7691813359535344,234.49999618530273,3.764044928684448,,,,,,,,,,,,,,,,,,,"Jaye Chapman","9096",488776
"Neil Wagner","OAK",3,4,,4.767255275074271,51,0,,,,62.29999923706055,,66,35,33,5,35,1,4,51,7.367576334205693,5.056179837199985,1.457142857142857,0.7223114053142836,,,,,1.6211878208165031,,0.7021276595744681,,,4.309495450785032,-0.06077698407538845,,,,,,,,,212.91999435424808,3.417656452033917,231.49999618530273,3.715890834996829,,,,,,,,,,,,,,,,,,,"Neil Wagner","8162",474599
"Justin Thomas","BOS",4,4,,4.911717556137129,57,0,,,,62.29999923706055,,68,36,34,7,27,2,3,41,5.922953523577125,3.9004815886971316,1.5185185185185186,1.011235967439997,,,,,1.5248796334412653,,0.6924882629107981,,,4.614471377473285,-0.06077698407538845,,,,,,,,,190.11999435424804,3.0516853400080124,212.49999618530273,3.410914908308576,,,,,,,,,,,,,,,,,,,"Justin Thomas","9910",476206
"Craig Italiano","SDP",3,5,,5.200642118262842,56,0,,,,62.29999923706055,,70,39,36,6,36,0,4,39,5.6340289614514125,5.200642118262842,1.0833333333333333,0.8667736863771404,,,,,1.7014446436292014,,0.6864754098360656,,,4.951550033286617,-0.06077698407538845,,,,,,,,,163.21999435424806,2.6199036332756966,191.49999618530273,3.073836252495244,,,,,,,,,,,,,,,,,,,"Craig Italiano","sa294694",457752
"Robert Hinton","BAL",2,4,,5.489566680388555,48,0,,,,62.29999923706055,,70,41,38,9,32,2,4,49,7.078651772079979,4.622792994011415,1.53125,1.3001605295657106,,,,,1.637239185379043,,0.6823266219239373,,,5.063909585224394,-0.06077698407538845,,,,,,,,,158.31999435424808,2.5412519469192527,184.49999618530273,2.9614767005574665,,,,,,,,,,,,,,,,,,,"Robert Hinton","sa251522",447764
"Steven Jackson","PIT",2,5,,5.778491242514269,46,3,,,,62.29999923706055,,76,43,40,8,28,1,3,31,4.4783307129485594,4.044943869759988,1.1071428571428572,1.1556982485028537,,,,,1.6693419145041222,,0.6573275862068966,,,5.192320501724711,-0.06077698407538845,,,,,,,,,134.0199943542481,2.15120378804954,176.49999618530273,2.8330657840571494,,,,,,,,,,,,,,,,,,,"Steven Jackson","7341",452259
"Brian Wilson","SFG",5,3,,3.0143540303067047,61,0,,,,62.70000076293945,,52,22,21,4,28,2,1,69,9.904306099579173,4.019138707075606,2.4642857142857144,0.5741626724393724,,,,,1.2759170498652719,,0.7795698924731183,,,3.0413352489051766,-0.06116720697532729,,,,,,,,,330.58000564575207,5.272408319349661,312.50000381469727,4.984051036876684,,,,,,,,,,,,,,,,,,,"Brian Wilson","6485",451216
"Craig Breslow","ARI",4,3,,3.73205737085592,68,0,,,,62.70000076293945,,57,28,26,7,23,2,2,55,7.894736746041369,3.3014353665263907,2.391304347826087,1.0047846767689015,,,,,1.2759170498652719,,0.7407407407407407,,,3.9185282206875507,-0.06116720697532729,,,,,,,,,264.680005645752,4.2213716495231415,257.50000381469727,4.106858065094309,,,,,,,,,,,,,,,,,,,"Craig Breslow","4363",444520
"Beau Jones","FLA",2,2,,4.306220043295292,42,1,,,,62.70000076293945,,59,32,30,5,37,1,3,55,7.894736746041369,5.311004720064194,1.4864864864864864,0.7177033405492154,,,,,1.5311004598383262,,0.7191011235955056,,,4.221558520030553,-0.06116720697532729,,,,,,,,,239.08000564575204,3.813078193566256,238.50000381469727,3.8038277657513078,,,,,,,,,,,,,,,,,,,"Beau Jones","sa290173",475913
"Brian Sweeney","SEA",3,5,,4.736842047624822,29,4,,,,62.70000076293945,,70,35,33,8,19,1,2,39,5.59808605628388,2.7272726940870187,2.0526315789473686,1.1483253448787447,,,,,1.4194577179751149,,0.6940874035989717,,,4.444844003756975,-0.06116720697532729,,,,,,,,,198.58000564575207,3.1671451870719625,224.50000381469727,3.580542282024885,,,,,,,,,,,,,,,,,,,"Brian Sweeney","1801",425789
"Manny Acosta","NYM",3,3,,4.306220043295292,58,0,,,,62.70000076293945,,59,32,30,8,32,1,3,59,8.468899418480742,4.593301379514979,1.84375,1.1483253448787447,,,,,1.4513556442217468,,0.7393483709273183,,,4.476741930003607,-0.06116720697532729,,,,,,,,,225.18000564575206,3.5913876061521655,222.50000381469727,3.5486443557782534,,,,,,,,,,,,,,,,,,,"Manny Acosta","8725",407924
"Hector Correa","SFG",4,5,,4.449760711405135,40,0,,,,62.70000076293945,,61,33,31,8,29,0,4,47,6.746411401162625,4.16267937518545,1.6206896551724137,1.1483253448787447,,,,,1.4354066810984307,,0.7233502538071066,,,4.7638232662232936,-0.06116720697532729,,,,,,,,,201.98000564575207,3.2213716616912365,204.50000381469727,3.261563019558567,,,,,,,,,,,,,,,,,,,"Hector Correa","sa326714",501999
"Lance Cormier","TBR",3,4,,5.311004720064194,42,2,,,,62.70000076293945,,73,40,37,8,26,1,2,29,4.16267937518545,3.73205737085592,1.1153846153846154,1.1483253448787447,,,,,1.578947349208274,,0.6719817767653758,,,5.098751491812927,-0.06116720697532729,,,,,,,,,149.78000564575206,2.3888357866541465,183.50000381469727,2.9266347939689332,,,,,,,,,,,,,,,,,,,"Lance Cormier","4346",433578
"Jason Bergmann","OAK",3,6,,5.59808605628388,38,6,,,,62.70000076293945,,71,42,39,8,36,3,4,40,5.741626724393723,5.167464051954351,1.1111111111111112,1.1483253448787447,,,,,1.7065390541948011,,0.6784968684759917,,,5.3220369755393495,-0.06116720697532729,,,,,,,,,140.98000564575207,2.248484911168967,169.50000381469727,2.7033493102425106,,,,,,,,,,,,,,,,,,,"Jason Bergmann","4640",456589
"Rhiner Cruz","HOU",2,5,,6.172248728723252,49,0,,,,62.70000076293945,,65,46,43,9,59,1,4,48,6.889952069272468,8.468899418480742,0.8135593220338984,1.2918660129885877,,,,,1.9776714272911713,,0.7001795332136445,,,6.374668541678199,-0.06116720697532729,,,,,,,,,91.28000564575206,1.4558214439401664,103.50000381469727,1.6507177441036613,,,,,,,,,,,,,,,,,,,"Rhiner Cruz","711",462480
"Kenley Jansen","LAD",4,1,,2.2857142857142856,57,0,,,,63,,39,17,16,5,31,1,2,98,14,4.428571428571429,3.161290322580645,0.7142857142857143,,,,,1.1111111111111112,,0.8412698412698413,,,2.5174497778453526,-0.061459872289560735,,,,,,,,,400.30000000000007,6.353968253968255,347,5.507936507936508,,,,,,,,,,,,,,,,,,,"Kenley Jansen","3096",445276
"Rafael Soriano","NYY",4,2,,3.142857142857143,67,0,,,,63,,50,24,22,6,21,3,1,74,10.571428571428571,3,3.5238095238095237,0.8571428571428571,,,,,1.126984126984127,,0.7507987220447284,,,2.9618942222897973,-0.061459872289560735,,,,,,,,,344.40000000000003,5.466666666666667,319,5.063492063492063,,,,,,,,,,,,,,,,,,,"Rafael Soriano","1100",400089
"Todd Coffey","LAD",3,3,,3.5714285714285716,68,0,,,,63,,59,27,25,6,21,3,2,51,7.285714285714286,3,2.4285714285714284,0.8571428571428571,,,,,1.2698412698412698,,0.7402234636871509,,,3.739672000067575,-0.061459872289560735,,,,,,,,,272,4.317460317460317,270,4.285714285714286,,,,,,,,,,,,,,,,,,,"Todd Coffey","2467",434298
"Javy Guerra","LAD",3,2,,3.5714285714285716,64,0,,,,63,,57,27,25,6,24,1,4,53,7.571428571428571,3.4285714285714284,2.2083333333333335,0.8571428571428571,,,,,1.2857142857142858,,0.7438016528925621,,,3.9142751746707494,-0.061459872289560735,,,,,,,,,266.20000000000005,4.225396825396826,259,4.111111111111111,,,,,,,,,,,,,,,,,,,"Javy Guerra","7407",457915
"Pedro Strop","BAL",4,5,,4.428571428571429,58,0,,,,63,,64,33,31,5,33,2,3,55,7.857142857142857,4.714285714285714,1.6666666666666667,0.7142857142857143,,,,,1.5396825396825398,,0.7111111111111111,,,4.0253862857818605,-0.061459872289560735,,,,,,,,,240.30000000000004,3.814285714285715,252,4,,,,,,,,,,,,,,,,,,,"Pedro Strop","4070",467008
"Jose Veras","MIL",4,3,,3.857142857142857,65,0,,,,63,,52,29,27,7,34,2,4,69,9.857142857142858,4.857142857142857,2.0294117647058822,1,,,,,1.3650793650793651,,0.7480314960629921,,,4.088878349273924,-0.061459872289560735,,,,,,,,,268.9,4.268253968253968,248,3.9365079365079363,,,,,,,,,,,,,,,,,,,"Jose Veras","2063",407842
"C.J. Fick","STL",4,3,,4,51,0,,,,63,,58,30,28,5,33,3,4,51,7.285714285714286,4.714285714285714,1.5454545454545454,0.7142857142857143,,,,,1.4444444444444444,,0.7261904761904762,,,4.199989460385035,-0.061459872289560735,,,,,,,,,244.90000000000003,3.8873015873015877,241,3.8253968253968256,,,,,,,,,,,,,,,,,,,"C.J. Fick","7978",518674
"Branch Kloess","CHW",4,5,,4.714285714285714,39,0,,,,63,,66,35,33,8,28,1,4,53,7.571428571428571,4,1.8928571428571428,1.1428571428571428,,,,,1.492063492063492,,0.71256038647343,,,4.517449777845353,-0.061459872289560735,,,,,,,,,206.20000000000007,3.2730158730158743,221,3.507936507936508,,,,,,,,,,,,,,,,,,,"Branch Kloess","sa503601",493517
"Jon Link","BAL",2,2,,4.857142857142857,52,1,,,,63,,67,36,34,7,31,2,3,48,6.857142857142857,4.428571428571429,1.5483870967741935,1,,,,,1.5555555555555556,,0.7029478458049886,,,4.5650688254644,-0.061459872289560735,,,,,,,,,199.9,3.1730158730158733,218,3.4603174603174605,,,,,,,,,,,,,,,,,,,"Jon Link","3894",456899
"Zack Segovia","DET",3,4,,5.428571428571429,47,0,,,,63,,75,41,38,7,30,2,3,36,5.142857142857143,4.285714285714286,1.2,1,,,,,1.6666666666666667,,0.6722689075630252,,,4.898402158797733,-0.061459872289560735,,,,,,,,,158.10000000000002,2.50952380952381,197,3.126984126984127,,,,,,,,,,,,,,,,,,,"Zack Segovia","8742",434564
"Brian Tallet","TOR",3,4,,5.571428571428571,27,7,,,,63,,69,42,39,11,28,2,3,47,6.714285714285714,4,1.6785714285714286,1.5714285714285714,,,,,1.5396825396825398,,0.6740196078431373,,,5.2793545397501145,-0.061459872289560735,,,,,,,,,152.50000000000003,2.420634920634921,173,2.746031746031746,,,,,,,,,,,,,,,,,,,"Brian Tallet","1646",425226
"Anthony Claggett","PIT",2,5,,5.857142857142857,47,0,,,,63,,70,44,41,9,41,0,4,36,5.142857142857143,5.857142857142857,0.8780487804878049,1.2857142857142858,,,,,1.7619047619047619,,0.6808943089430894,,,5.882529142924717,-0.061459872289560735,,,,,,,,,110.50000000000006,1.7539682539682548,135,2.142857142857143,,,,,,,,,,,,,,,,,,,"Anthony Claggett","4116",488782
"Chuck James","NYM",4,3,,4.123222798511364,37,3,,,,63.29999923706055,,62,31,29,6,27,1,3,50,7.109004825019594,3.8388626055105806,1.8518518518518519,0.8530805790023512,,,,,1.4060031765038752,,0.7196029776674938,,,4.099635903784821,-0.06175253760379418,,,,,,,,,243.41999435424802,3.845497587490203,248.49999618530273,3.925750381997039,,,,,,,,,,,,,,,,,,,"Chuck James","4886",460580
"Brian Gordon","NYY",3,2,,4.54976308801254,23,7,,,,63.29999923706055,,69,34,32,8,16,1,4,45,6.398104342517634,2.27488154400627,2.8125,1.137440772003135,,,,,1.342812022503701,,0.6910569105691057,,,4.194422634785083,-0.06175253760379418,,,,,,,,,220.61999435424806,3.485308009689211,242.49999618530273,3.830963650996778,,,,,,,,,,,,,,,,,,,"Brian Gordon","2374",430950
"Trystan Magnuson","TOR",3,3,,4.691943184512931,43,0,,,,63.29999923706055,,68,35,33,7,26,2,3,42,5.971564053016459,3.6966825090101887,1.6153846153846154,0.9952606755027431,,,,,1.484992119004093,,0.7007125890736342,,,4.510378404785953,-0.06175253760379418,,,,,,,,,202.519994354248,3.199368037838422,222.49999618530273,3.515007880995907,,,,,,,,,,,,,,,,,,,"Trystan Magnuson","3646",518972
"Joe Bateman","TBR",3,4,,4.54976308801254,45,0,,,,63.29999923706055,,66,34,32,6,30,1,3,40,5.687203860015675,4.265402895011756,1.3333333333333333,0.8530805790023512,,,,,1.51658769600418,,0.7077625570776256,,,4.5577717702860845,-0.06175253760379418,,,,,,,,,204.01999435424804,3.223064720588488,219.49999618530273,3.4676145154957765,,,,,,,,,,,,,,,,,,,"Joe Bateman","sa201981",461213
"Brendan Wise","MIN",3,5,,5.118483474014107,47,0,,,,63.29999923706055,,76,39,36,5,29,1,3,27,3.8388626055105806,4.123222798511364,0.9310344827586207,0.7109004825019594,,,,,1.6587677925045718,,0.673469387755102,,,4.715749655286519,-0.06175253760379418,,,,,,,,,167.31999435424805,2.64328588263689,209.49999618530273,3.309636630495341,,,,,,,,,,,,,,,,,,,"Brendan Wise","sa291553",489436
"Scott Mathieson","PHI",2,3,,4.976303377513715,37,6,,,,63.29999923706055,,63,37,35,9,38,1,4,55,7.8199053075215526,5.402843667014891,1.4473684210526316,1.2796208685035269,,,,,1.5955766385043977,,0.7239819004524887,,,5.126492156287652,-0.06175253760379418,,,,,,,,,177.91999435424805,2.8107424407373514,183.49999618530273,2.898894129494209,,,,,,,,,,,,,,,,,,,"Scott Mathieson","4771",455949
"Kei Igawa","NYY",2,4,,7.535545114520769,20,9,,,,63.29999923706055,,83,57,53,15,40,1,4,35,4.976303377513715,5.687203860015675,0.875,2.132701447505878,,,,,1.9431279855053556,,0.6470588235294118,,,7.08541793029305,-0.06175253760379418,,,,,,,,,6.1199943542480355,0.09668237642987101,59.499996185302734,0.9399683554888101,,,,,,,,,,,,,,,,,,,"Kei Igawa","7794",506432
"Jonathan Papelbon","PHI",5,2,,2.543171084139944,61,0,,,,63.70000076293945,,48,19,18,5,19,2,3,84,11.868131725986407,2.684458366592163,4.421052631578948,0.7064364122610957,,,,,1.0518053249220756,,0.8,,,2.4445385690338486,-0.06214276050373302,,,,,,,,,387.0800056457519,6.07660912103088,355.50000381469727,5.5808477167480115,,,,,,,,,,,,,,,,,,,"Jonathan Papelbon","5975",449097
"Henry Alberto Rodriguez","WSN",3,2,,3.532182061305478,57,0,,,,63.70000076293945,,52,27,25,4,40,1,2,73,10.313971619011996,5.651491298088765,1.825,0.5651491298088764,,,,,1.444269998400462,,0.7523148148148148,,,3.527741067834195,-0.06214276050373302,,,,,,,,,306.98000564575193,4.819152307206131,286.50000381469727,4.497645217947666,,,,,,,,,,,,,,,,,,,"Henry Alberto Rodriguez","6371",469159
"Mike Dunn","FLA",4,4,,3.9560439086621355,61,0,,,,63.70000076293945,,52,30,28,6,44,2,3,73,10.313971619011996,6.216640427897642,1.6590909090909092,0.8477236947133148,,,,,1.507064346157004,,0.7534246575342466,,,4.1713831323387485,-0.06214276050373302,,,,,,,,,267.3800056457519,4.197488264416366,245.50000381469727,3.8540031534431116,,,,,,,,,,,,,,,,,,,"Mike Dunn","9948",445197
"Juan Abreu","HOU",3,4,,4.097331191114354,56,0,,,,63.70000076293945,,55,31,29,8,39,3,8,77,10.879120748820872,5.510204015636545,1.9743589743589745,1.1302982596177529,,,,,1.4756671722787331,,0.7608695652173914,,,4.453957697243187,-0.06214276050373302,,,,,,,,,242.98000564575193,3.814442743101461,227.50000381469727,3.5714285885386734,,,,,,,,,,,,,,,,,,,"Juan Abreu","6306",444874
"Willie Eyre","BAL",4,5,,4.945054885827669,48,1,,,,63.70000076293945,,71,37,35,6,27,2,3,36,5.086342168279888,3.8147566262099164,1.3333333333333333,0.8477236947133148,,,,,1.538461520035275,,0.6808035714285715,,,4.532450631938865,-0.06214276050373302,,,,,,,,,194.9800056457519,3.060910570022959,222.50000381469727,3.492935653842996,,,,,,,,,,,,,,,,,,,"Willie Eyre","2078",425466
"Sean Henn","SEA",2,3,,4.945054885827669,41,3,,,,63.70000076293945,,67,37,35,6,39,1,4,46,6.49921499280208,5.510204015636545,1.1794871794871795,0.8477236947133148,,,,,1.6640502155483585,,0.7069672131147542,,,4.830723783782438,-0.06214276050373302,,,,,,,,,186.38000564575188,2.925902722346393,203.50000381469727,3.194662501999422,,,,,,,,,,,,,,,,,,,"Sean Henn","2147",430675
"Jesse Chavez","TOR",3,4,,5.368916733184326,55,0,,,,63.70000076293945,,72,41,38,11,21,3,2,45,6.357927710349861,2.9670329314966017,2.142857142857143,1.5541601069744104,,,,,1.4599685853395976,,0.6701030927835052,,,4.940613892356387,-0.06214276050373302,,,,,,,,,169.88000564575188,2.6668760378506584,196.50000381469727,3.084772393425474,,,,,,,,,,,,,,,,,,,"Jesse Chavez","5448",445926
"Danny Farquhar","TOR",4,4,,4.945054885827669,56,0,,,,63.70000076293945,,65,37,35,7,40,1,4,50,7.064364122610956,5.651491298088765,1.25,0.9890109771655339,,,,,1.648351628609223,,0.7142857142857143,,,4.956312479295522,-0.06214276050373302,,,,,,,,,184.28000564575188,2.892935689774209,195.50000381469727,3.0690738064863385,,,,,,,,,,,,,,,,,,,"Danny Farquhar","8501",543144
"Francisco Rodríguez","MIL",5,2,,3.234375,64,0,,,,64,,53,25,23,6,27,4,2,72,10.125,3.796875,2.6666666666666665,0.84375,,,,,1.25,,0.7681564245810056,,,3.3535112857818605,-0.06243542581796646,,,,,,,,,319,4.984375,299,4.671875,,,,,,,,,,,,,,,,,,,"Francisco Rodriguez","1642",408061
"Glen Perkins","MIN",4,3,,4.078125,67,0,,,,64,,65,31,29,6,23,4,2,53,7.453125,3.234375,2.3043478260869565,0.84375,,,,,1.375,,0.7160804020100503,,,3.7597612857818605,-0.06243542581796646,,,,,,,,,261.8,4.090625,273,4.265625,,,,,,,,,,,,,,,,,,,"Glen Perkins","8041",450282
"Dan Runzler","SFG",3,3,,3.796875,50,6,,,,64,,56,29,27,4,38,2,3,63,8.859375,5.34375,1.6578947368421053,0.5625,,,,,1.46875,,0.7352941176470588,,,3.7910112857818605,-0.06243542581796646,,,,,,,,,281.80000000000007,4.403125000000001,271,4.234375,,,,,,,,,,,,,,,,,,,"Dan Runzler","4080",502130
"Matt Guerrier","LAD",4,3,,3.65625,69,0,,,,64,,58,28,26,6,21,3,2,47,6.609375,2.953125,2.238095238095238,0.84375,,,,,1.234375,,0.7223796033994335,,,3.8535112857818605,-0.06243542581796646,,,,,,,,,274,4.28125,267,4.171875,,,,,,,,,,,,,,,,,,,"Matt Guerrier","2061",407825
"Luis Atilano","CIN",4,6,,5.625,13,13,,,,64,,79,43,40,9,22,2,3,29,4.078125,3.09375,1.3181818181818181,1.265625,,,,,1.578125,,0.6561085972850679,,,5.1191362857818605,-0.06243542581796646,,,,,,,,,140.50000000000003,2.1953125000000004,186,2.90625,,,,,,,,,,,,,,,,,,,"Luis Atilano","3802",457447
"Ramon E Ramirez","NYM",4,2,,3.499222228945898,65,0,,,,64.30000305175781,,56,27,25,5,28,4,2,58,8.118195571154482,3.9191288964194055,2.0714285714285716,0.6998444457891796,,,,,1.3063762988064684,,0.7402597402597403,,,3.6319181387991497,-0.06272809485364128,,,,,,,,,294.7200225830078,4.583514908168435,282.50001525878906,4.393468146982711,,,,,,,,,,,,,,,,,,,"Ramon E Ramirez","7986",430673
"Matt Capps","MIN",5,5,,4.479004453050749,67,0,,,,64.30000305175781,,70,34,32,8,17,2,3,42,5.8786933446291085,2.3794711156832107,2.4705882352941178,1.1197511132626872,,,,,1.3530325951924138,,0.6992084432717678,,,4.269554189407069,-0.06272809485364128,,,,,,,,,219.42002258300784,3.4124418688812086,241.50001525878906,3.755832096374792,,,,,,,,,,,,,,,,,,,"Matt Capps","4788",448165
"Chance Ruffin","SEA",3,4,,4.199066674735077,61,0,,,,64.30000305175781,,59,32,30,7,38,1,3,64,8.958008906101497,5.318817787997765,1.6842105263157894,0.9797822241048514,,,,,1.5085535831455648,,0.7454128440366973,,,4.362866782178959,-0.06272809485364128,,,,,,,,,241.32002258300778,3.7530328324986084,235.50001525878906,3.6625195036029012,,,,,,,,,,,,,,,,,,,"Chance Ruffin","11745",592704
"Fernando Abad","HOU",4,6,,4.758942231366421,49,2,,,,64.30000305175781,,70,36,34,10,16,1,3,50,6.998444457891796,2.2395022265253743,3.125,1.3996888915783592,,,,,1.3374804963970988,,0.6944444444444444,,,4.378418880974275,-0.06272809485364128,,,,,,,,,213.8200225830078,3.3253501156274434,234.50001525878906,3.646967404807586,,,,,,,,,,,,,,,,,,,"Fernando Abad","4994",472551
"Garrett Mock","TOR",4,5,,5.738724455471273,25,11,,,,64.30000305175781,,74,44,41,9,34,1,3,48,6.718506679576124,4.758942231366421,1.411764705882353,1.2597200024205233,,,,,1.679626669894031,,0.670859538784067,,,5.078263326763453,-0.06272809485364128,,,,,,,,,157.72002258300782,2.452877373210266,189.50001525878906,2.9471229590184067,,,,,,,,,,,,,,,,,,,"Garrett Mock","7335",452241
"Brian Lawrence","LAA",3,7,,6.15863112294478,13,12,,,,64.30000305175781,,86,47,44,10,19,1,4,31,4.339035563892913,2.6594088939988825,1.631578947368421,1.3996888915783592,,,,,1.6329703735080856,,0.6373626373626373,,,5.15602382074003,-0.06272809485364128,,,,,,,,,122.22002258300782,1.9007778659765804,184.50001525878906,2.869362465041831,,,,,,,,,,,,,,,,,,,"Brian Lawrence","1045",400147
"Rommie Lewis","TOR",3,4,,6.018662233786944,44,2,,,,64.30000305175781,,77,46,43,10,33,1,4,43,6.018662233786944,4.6189733422085855,1.303030303030303,1.3996888915783592,,,,,1.710730867484661,,0.6666666666666666,,,5.435961599055702,-0.06272809485364128,,,,,,,,,127.6200225830078,1.9847591994712814,166.50001525878906,2.589424686726159,,,,,,,,,,,,,,,,,,,"Rommie Lewis","3588",451650
"Johnny Hellweg","LAA",3,6,,6.018662233786944,33,9,,,,64.30000305175781,,65,46,43,8,66,0,5,56,7.838257792838811,9.237946684417171,0.8484848484848485,1.1197511132626872,,,,,2.0373249421862782,,0.7095158597662772,,,6.213566538821456,-0.06272809485364128,,,,,,,,,107.42002258300784,1.6706068038059172,116.50001525878906,1.8118197469604043,,,,,,,,,,,,,,,,,,,"Johnny Hellweg","10065",518782
"David Robertson","NYY",4,2,,3.060278351456389,69,0,,,,64.69999694824219,,50,24,22,5,34,6,2,87,12.10200984439572,4.729521088614419,2.5588235294117645,0.6955178071491793,,,,,1.298299906678468,,0.7792207792207793,,,3.009930334511879,-0.06311831031069737,,,,,,,,,353.2799774169922,5.460278115617289,324.49998474121094,5.015455951269982,,,,,,,,,,,,,,,,,,,"David Robertson","8241",502085
"Marc Rzepczynski","STL",4,3,,3.6166925971757324,67,0,,,,64.69999694824219,,57,28,26,5,32,1,4,64,8.902627931509496,4.451313965754748,2,0.6955178071491793,,,,,1.375579663028377,,0.7439024390243902,,,3.7209040929310397,-0.06311831031069737,,,,,,,,,289.07997741699216,4.46800604408446,278.49998474121094,4.304482192850821,,,,,,,,,,,,,,,,,,,"Marc Rzepczynski","6612",519240
"Josh Wilkie","WSN",5,4,,4.03400328146524,53,0,,,,64.69999694824219,,66,31,29,5,23,1,3,49,6.8160745100619575,3.1993819128862246,2.130434782608696,0.6955178071491793,,,,,1.375579663028377,,0.7073170731707317,,,3.7209040929310397,-0.06311831031069737,,,,,,,,,265.6799774169922,4.106336784366887,278.49998474121094,4.304482192850821,,,,,,,,,,,,,,,,,,,"Josh Wilkie","sa329014",503427
"Jim Johnson","BAL",4,4,,3.8948997200354043,54,0,,,,64.69999694824219,,66,30,28,6,17,2,2,44,6.120556702912778,2.3647605443072095,2.588235294117647,0.8346213685790151,,,,,1.2828439554084863,,0.710455764075067,,,3.7518159954710035,-0.06311831031069737,,,,,,,,,264.37997741699223,4.086244047715911,276.49998474121094,4.2735702903108574,,,,,,,,,,,,,,,,,,,"Jim Johnson","3656",462382
"Brandon Gomes","TBR",3,2,,3.6166925971757324,59,0,,,,64.69999694824219,,58,28,26,6,28,1,3,61,8.485317247219987,3.8948997200354043,2.1785714285714284,0.8346213685790151,,,,,1.3292118092184315,,0.7474226804123711,,,3.782727898010967,-0.06311831031069737,,,,,,,,,283.1799774169922,4.376815931591567,274.49998474121094,4.242658387770893,,,,,,,,,,,,,,,,,,,"Brandon Gomes","2267",460156
"Andrew Cashner","SDP",4,3,,3.6166925971757324,31,11,,,,64.69999694824219,,57,28,26,4,32,2,4,53,7.3724887557813,4.451313965754748,1.65625,0.5564142457193435,,,,,1.375579663028377,,0.7314148681055156,,,3.8600076543608757,-0.06311831031069737,,,,,,,,,279.37997741699223,4.318083316765637,269.49998474121094,4.165378631420984,,,,,,,,,,,,,,,,,,,"Andrew Cashner","8782",488768
"Juan Carlos Oviedo","FLA",4,3,,3.7557961586055684,69,0,,,,64.69999694824219,,59,29,27,8,23,3,1,60,8.346213685790152,3.1993819128862246,2.608695652173913,1.112828491438687,,,,,1.2673880041385046,,0.748587570621469,,,3.8909195569008395,-0.06311831031069737,,,,,,,,,274.97997741699226,4.250077131177718,267.49998474121094,4.134466728881021,,,,,,,,,,,,,,,,,,,"Juan Carlos Oviedo","2886",434663
"Shawn Camp","CHC",4,3,,3.8948997200354043,59,0,,,,64.69999694824219,,66,30,28,5,22,6,4,40,5.564142457193435,3.060278351456389,1.8181818181818181,0.6955178071491793,,,,,1.360123711758395,,0.7160493827160493,,,3.9991112157907116,-0.06311831031069737,,,,,,,,,247.67997741699222,3.828129661507215,260.49998474121094,4.026275069991149,,,,,,,,,,,,,,,,,,,"Shawn Camp","1855",425861
"Wesley Wright","HOU",3,4,,4.03400328146524,66,0,,,,64.69999694824219,,60,31,29,7,30,2,5,59,8.207110124360316,4.173106842895076,1.9666666666666666,0.9737249300088511,,,,,1.3910356142983586,,0.7356608478802992,,,4.230950484840438,-0.06311831031069737,,,,,,,,,249.6799774169922,3.8590415640471782,245.49998474121094,3.7944358009414225,,,,,,,,,,,,,,,,,,,"Wesley Wright","5960",449079
"Troy Patton","BAL",3,4,,4.729521088614419,51,0,,,,64.69999694824219,,71,36,34,7,22,2,2,39,5.425038895763599,3.060278351456389,1.7727272727272727,0.9737249300088511,,,,,1.4374034681083039,,0.6850961538461539,,,4.33914214373031,-0.06311831031069737,,,,,,,,,214.0799774169922,3.3088096988358275,238.49998474121094,3.6862441420515504,,,,,,,,,,,,,,,,,,,"Troy Patton","8368",461856
"Chad Durbin","WSN",2,2,,4.451313965754748,54,0,,,,64.69999694824219,,65,34,32,8,27,2,4,54,7.511592317211137,3.7557961586055684,2,1.112828491438687,,,,,1.4219475168383222,,0.7178217821782178,,,4.400965948810238,-0.06311831031069737,,,,,,,,,226.37997741699223,3.498917899456604,234.49998474121094,3.6244203369716232,,,,,,,,,,,,,,,,,,,"Chad Durbin","1442",239795
"Rex Brothers","COL",4,3,,3.7384615384615385,68,0,,,,65,,54,29,27,6,39,3,2,79,10.938461538461539,5.4,2.0256410256410255,0.8307692307692308,,,,,1.4307692307692308,,0.756501182033097,,,3.686924747320322,-0.06341097934637219,,,,,,,,,301.79999999999995,4.643076923076922,282,4.338461538461538,,,,,,,,,,,,,,,,,,,"Rex Brothers","9794",571521
"Jairo Asencio","CLE",4,3,,4.292307692307692,56,0,,,,65,,65,33,31,6,27,2,3,57,7.892307692307693,3.7384615384615385,2.111111111111111,0.8307692307692308,,,,,1.4153846153846155,,0.7057416267942584,,,3.8561555165510915,-0.06341097934637219,,,,,,,,,262.2,4.033846153846154,271,4.1692307692307695,,,,,,,,,,,,,,,,,,,"Jairo Asencio","3332",446003
"Kyle Smit","CHC",3,6,,5.538461538461538,48,0,,,,65,,80,43,40,7,30,2,4,38,5.2615384615384615,4.153846153846154,1.2666666666666666,0.9692307692307692,,,,,1.6923076923076923,,0.6686626746506986,,,4.82538628578186,-0.06341097934637219,,,,,,,,,160.89999999999998,2.475384615384615,208,3.2,,,,,,,,,,,,,,,,,,,"Kyle Smit","sa326733",502361
"Joel Hanrahan","PIT",3,2,,3.1699845379169207,67,0,,,,65.30000305175781,,57,25,23,4,22,1,2,71,9.785604443134842,3.0321591232248806,3.227272727272727,0.5513016587681602,,,,,1.2098008622967957,,0.7356948228882834,,,2.7497354563977803,-0.063703648382047,,,,,,,,,355.8200225830079,5.449004685359347,344.50001525878906,5.27565082938408,,,,,,,,,,,,,,,,,,,"Joel Hanrahan","2186",430629
"David Hernandez","ARI",4,3,,3.445635367301001,68,0,,,,65.30000305175781,,54,27,25,6,30,2,3,72,9.923429857826882,4.134762440761201,2.4,0.8269524881522402,,,,,1.286370537125707,,0.7539682539682541,,,3.530746139652674,-0.063703648382047,,,,,,,,,314.02002258300786,4.808882203789648,293.50001525878906,4.4946401461291865,,,,,,,,,,,,,,,,,,,"David Hernandez","4259",456696
"Daniel Herrera","NYM",4,3,,3.7212861966850808,66,0,,,,65.30000305175781,,66,29,27,5,19,1,3,47,6.4777944905258815,2.6186828791487606,2.473684210526316,0.6891270734602002,,,,,1.301684472091489,,0.717948717948718,,,3.592001879515803,-0.063703648382047,,,,,,,,,278.1200225830079,4.259111938518067,289.50001525878906,4.4333844062660575,,,,,,,,,,,,,,,,,,,"Daniel Herrera","4552",502609
"Jose Arredondo","CIN",5,4,,4.134762440761201,63,0,,,,65.30000305175781,,57,32,30,7,38,4,2,68,9.372128199058722,5.237365758297521,1.7894736842105263,0.9647779028442802,,,,,1.4548238217493115,,0.7394366197183099,,,4.173931408215528,-0.063703648382047,,,,,,,,,264.92002258300784,4.056967996969741,251.50001525878906,3.851454877566333,,,,,,,,,,,,,,,,,,,"Jose Arredondo","4722",461766
"Logan Ondrusek","CIN",4,4,,4.134762440761201,66,0,,,,65.30000305175781,,63,32,30,6,27,4,2,44,6.064318246449761,3.7212861966850808,1.6296296296296295,0.8269524881522402,,,,,1.3782541469204004,,0.7107843137254902,,,4.204559278147092,-0.063703648382047,,,,,,,,,246.62002258300788,3.7767229870959267,249.50001525878906,3.820827007634769,,,,,,,,,,,,,,,,,,,"Logan Ondrusek","3677",446185
"Ross Wolf","BAL",2,3,,5.099540343605481,49,0,,,,65.30000305175781,,75,40,37,7,28,2,4,41,5.650842002373642,3.859111611377121,1.4642857142857142,0.9647779028442802,,,,,1.5773353014755693,,0.6759656652360515,,,4.633349457188994,-0.063703648382047,,,,,,,,,188.12002258300788,2.8808577915976663,221.50001525878906,3.3920368285928664,,,,,,,,,,,,,,,,,,,"Ross Wolf","4534",448693
"Jeff Stevens","NYM",1,2,,4.823889514221401,50,0,,,,65.30000305175781,,66,37,35,7,37,1,3,52,7.166921563986081,5.099540343605481,1.4054054054054055,0.9647779028442802,,,,,1.5773353014755693,,0.7081545064377682,,,4.663977327120559,-0.063703648382047,,,,,,,,,209.5200225830079,3.208575999865406,219.50001525878906,3.361408958661302,,,,,,,,,,,,,,,,,,,"Jeff Stevens","3367",459999
"Sean White","BOS",2,2,,4.961714928913441,50,0,,,,65.30000305175781,,74,39,36,6,31,1,3,34,4.686064099529361,4.272587855453241,1.096774193548387,0.8269524881522402,,,,,1.6079631714071336,,0.6832298136645963,,,4.740547001949469,-0.063703648382047,,,,,,,,,183.0200225830079,2.802756723272177,214.50001525878906,3.2848392838323908,,,,,,,,,,,,,,,,,,,"Sean White","5564",457461
"Jared Gayhart","DET",4,5,,5.237365758297521,41,2,,,,65.30000305175781,,71,41,38,8,37,1,5,41,5.650842002373642,5.099540343605481,1.1081081081081081,1.1026033175363203,,,,,1.6539049763044804,,0.6921487603305785,,,5.29184866071763,-0.063703648382047,,,,,,,,,156.22002258300793,2.392343266189214,178.50001525878906,2.7335376250642307,,,,,,,,,,,,,,,,,,,"Jared Gayhart","sa454790",543209
"Jenrry Mejia","NYM",5,4,,4.1095892319858605,14,14,,,,65.69999694824219,,62,32,30,5,33,1,4,48,6.575342771177377,4.520548155184446,1.4545454545454546,0.6849315386643101,,,,,1.4459665816246547,,0.7159090909090909,,,4.243042354518412,-0.0640938638391031,,,,,,,,,248.47997741699217,3.782039405766522,248.49998474121094,3.7823439312634486,,,,,,,,,,,,,,,,,,,"Jenrry Mejia","8476",516769
"Jim Miller","OAK",3,5,,4.794520770650171,54,0,,,,65.69999694824219,,73,37,35,8,23,1,3,48,6.575342771177377,3.1506850778558264,2.0869565217391304,1.0958904618628962,,,,,1.4611872824838616,,0.6957547169811321,,,4.334366559673653,-0.0640938638391031,,,,,,,,,215.9799774169922,3.287366627842298,242.49998474121094,3.691019726108207,,,,,,,,,,,,,,,,,,,"Jim Miller","7458",461848
"Jeff Beliveau","CHC",4,4,,4.246575539718723,51,0,,,,65.69999694824219,,59,33,31,9,32,2,4,68,9.315068925834618,4.383561847451585,2.125,1.232876769595758,,,,,1.3850837781878271,,0.7397959183673469,,,4.380028662251274,-0.0640938638391031,,,,,,,,,250.0799774169922,3.806392527141253,239.49998474121094,3.6453576235305865,,,,,,,,,,,,,,,,,,,"Jeff Beliveau","8504",542924
"Pedro Beato","NYM",2,2,,4.383561847451585,57,0,,,,65.69999694824219,,66,34,32,6,28,2,4,42,5.753424924780205,3.8356166165201366,1.5,0.8219178463971721,,,,,1.4307458807654478,,0.7009345794392524,,,4.395249363110481,-0.0640938638391031,,,,,,,,,228.77997741699218,3.482191598840146,238.49998474121094,3.63013692267138,,,,,,,,,,,,,,,,,,,"Pedro Beato","1330",474039
"Cody Eppley","TEX",4,3,,4.520548155184446,51,0,,,,65.69999694824219,,68,35,33,7,31,3,4,49,6.712329078910239,4.246575539718723,1.5806451612903225,0.9589041541300342,,,,,1.5068493850614821,,0.7174887892376681,,,4.517014969984136,-0.0640938638391031,,,,,,,,,216.27997741699215,3.2919328381000597,230.49998474121094,3.5083713157977248,,,,,,,,,,,,,,,,,,,"Cody Eppley","9095",543136
"Bobby Cassevah","LAA",3,4,,4.794520770650171,52,0,,,,65.69999694824219,,71,37,35,6,30,2,2,36,4.931507078383032,4.1095892319858605,1.2,0.8219178463971721,,,,,1.537290786779896,,0.6911447084233262,,,4.577897773420963,-0.0640938638391031,,,,,,,,,203.77997741699218,3.101674077359974,226.49998474121094,3.447488512360897,,,,,,,,,,,,,,,,,,,"Bobby Cassevah","6950",445001
"Dirk Hayhurst","TBR",4,4,,4.794520770650171,25,8,,,,65.69999694824219,,73,37,35,8,23,2,4,38,5.205479693848757,3.1506850778558264,1.6521739130434783,1.0958904618628962,,,,,1.4611872824838616,,0.6957547169811321,,,4.684442679435412,-0.0640938638391031,,,,,,,,,192.9799774169922,2.93729050808054,219.49998474121094,3.340943606346449,,,,,,,,,,,,,,,,,,,"Dirk Hayhurst","6010",460602
"Ryan Cook","OAK",4,4,,4.2272727272727275,63,0,,,,66,,64,33,31,5,35,2,3,53,7.2272727272727275,4.7727272727272725,1.5142857142857142,0.6818181818181818,,,,,1.5,,0.717391304347826,,,4.131446891842467,-0.06438653287477791,,,,,,,,,252.50000000000009,3.825757575757577,257,3.893939393939394,,,,,,,,,,,,,,,,,,,"Ryan Cook","8855",475857
"David Herndon","PHI",3,3,,4.363636363636363,52,0,,,,66,,69,34,32,7,24,6,3,44,6,3.272727272727273,1.8333333333333333,0.9545454545454546,,,,,1.4090909090909092,,0.7091346153846153,,,4.298113558509133,-0.06438653287477791,,,,,,,,,229.90000000000006,3.4833333333333343,246,3.727272727272727,,,,,,,,,,,,,,,,,,,"David Herndon","9264",458589
"Paul Phillips","MIL",3,5,,5.863636363636363,43,2,,,,66,,80,46,43,11,28,2,5,42,5.7272727272727275,3.8181818181818183,1.5,1.5,,,,,1.6363636363636365,,0.6695464362850972,,,5.419325679721254,-0.06438653287477791,,,,,,,,,130.10000000000008,1.9712121212121225,172,2.606060606060606,,,,,,,,,,,,,,,,,,,"Paul Phillips","sa290213",474022
"Luke Gregerson","SDP",4,3,,3.122171801989258,69,0,,,,66.30000305175781,,57,25,23,5,23,4,2,64,8.687782405535327,3.122171801989258,2.782608695652174,0.6787330004324474,,,,,1.2066364452132399,,0.7534246575342466,,,3.2063817525638463,-0.06467920191045273,,,,,,,,,333.9200225830077,5.036500862938565,319.50001525878906,4.819004533218014,,,,,,,,,,,,,,,,,,,"Luke Gregerson","4090",502381
"Bryan Shaw","ARI",3,3,,4.208144602681174,63,0,,,,66.30000305175781,,66,33,31,7,27,1,5,49,6.651583404237985,3.665158202335216,1.8148148148148149,0.9502262006054264,,,,,1.4027148675603913,,0.7211538461538461,,,4.36776933108159,-0.06467920191045273,,,,,,,,,234.92002258300775,3.5432882619871813,242.50001525878906,3.657616954700271,,,,,,,,,,,,,,,,,,,"Bryan Shaw","8110",543766
"Josh Roenicke","COL",3,3,,4.751131003027132,52,0,,,,66.30000305175781,,69,37,35,7,30,1,4,50,6.787330004324474,4.072398002594684,1.6666666666666667,0.9502262006054264,,,,,1.4932126009513842,,0.695067264573991,,,4.428101153342252,-0.06467920191045273,,,,,,,,,223.12002258300774,3.365309386318228,238.50001525878906,3.597285132439609,,,,,,,,,,,,,,,,,,,"Josh Roenicke","3241",502158
"Frank Herrmann","CLE",2,2,,4.751131003027132,51,0,,,,66.30000305175781,,73,37,35,8,21,1,2,39,5.29411740337309,2.8506786018162793,1.8571428571428572,1.0859728006919158,,,,,1.4177978231255568,,0.6884057971014493,,,4.458267064472583,-0.06467920191045273,,,,,,,,,211.42002258300778,3.1888388062057924,236.50001525878906,3.5671192213092775,,,,,,,,,,,,,,,,,,,"Frank Herrmann","7960",497807
"Ryan Reid","TBR",2,2,,5.4298640034595795,40,2,,,,66.30000305175781,,78,43,40,7,33,1,4,39,5.29411740337309,4.479637802854153,1.1818181818181819,0.9502262006054264,,,,,1.6742080677333704,,0.6719367588932806,,,4.895672775862383,-0.06467920191045273,,,,,,,,,168.72002258300773,2.544796603573225,207.50001525878906,3.1297135099194784,,,,,,,,,,,,,,,,,,,"Ryan Reid","9385",474256
"Edgmer Escalona","COL",3,3,,4.751131003027132,55,0,,,,66.30000305175781,,65,37,35,12,26,3,3,55,7.466063004756921,3.5294116022487265,2.1153846153846154,1.6289592010378737,,,,,1.3725489564300604,,0.7277628032345013,,,5.031419375948872,-0.06467920191045273,,,,,,,,,197.02002258300774,2.9716442460674086,198.50001525878906,2.993966909832989,,,,,,,,,,,,,,,,,,,"Edgmer Escalona","8574",467850
"Greg Burke","BAL",2,3,,5.837103803719048,59,0,,,,66.30000305175781,,79,46,43,10,30,2,3,46,6.244343603978516,4.072398002594684,1.5333333333333334,1.3574660008648949,,,,,1.6440421566030392,,0.6631578947368421,,,5.091751198209534,-0.06467920191045273,,,,,,,,,155.22002258300776,2.3411767034434914,194.50001525878906,2.933635087572327,,,,,,,,,,,,,,,,,,,"Greg Burke","6282",457566
"Ernesto Frieri","SDP",3,2,,2.9685158779488985,64,0,,,,66.69999694824219,,50,24,22,5,36,4,6,82,11.064468272354985,4.857571436643652,2.2777777777777777,0.6746626995338405,,,,,1.2893553813313396,,0.7848101265822784,,,3.430183905502165,-0.06506941736750882,,,,,,,,,340.0799774169923,5.0986505693679005,306.49998474121094,4.595202380279695,,,,,,,,,,,,,,,,,,,"Ernesto Frieri","5178",457117
"Ryan Webb","FLA",4,4,,3.9130436572962752,62,0,,,,66.69999694824219,,68,31,29,5,25,4,2,47,6.341829375618101,3.3733134976692027,1.88,0.6746626995338405,,,,,1.394302912369937,,0.7209302325581395,,,3.8049965163542985,-0.06506941736750882,,,,,,,,,268.27997741699227,4.022188751000573,281.49998474121094,4.220389769427562,,,,,,,,,,,,,,,,,,,"Ryan Webb","7474",444436
"Steve Cishek","FLA",4,3,,3.9130436572962752,53,0,,,,66.69999694824219,,62,31,29,4,34,5,4,55,7.421289694872246,4.5877063568301155,1.6176470588235294,0.5397301596270724,,,,,1.4392804256721932,,0.7190265486725663,,,3.86496653409064,-0.06506941736750882,,,,,,,,,279.1799774169923,4.185607049332104,277.49998474121094,4.1604197516912205,,,,,,,,,,,,,,,,,,,"Steve Cishek","6483",518553
"Jeremy Horst","PHI",3,3,,4.0479761972030435,47,0,,,,66.69999694824219,,67,32,30,6,24,1,3,49,6.611694455431637,3.2383809577624345,2.0416666666666665,0.8095952394406086,,,,,1.3643179035017665,,0.7142857142857143,,,3.9399290562610667,-0.06506941736750882,,,,,,,,,262.5799774169923,3.936731475726287,272.49998474121094,4.085457229520794,,,,,,,,,,,,,,,,,,,"Jeremy Horst","596",456662
"Tim Collins","KCR",4,3,,4.0479761972030435,65,0,,,,66.69999694824219,,57,32,30,6,42,2,2,67,9.040480173753464,5.6671666760842605,1.5952380952380953,0.8095952394406086,,,,,1.4842579389744492,,0.739514348785872,,,4.164816622772347,-0.06506941736750882,,,,,,,,,273.5799774169923,4.101649024501225,257.49998474121094,3.860569663009514,,,,,,,,,,,,,,,,,,,"Tim Collins","3164",525768
"Enerio Del Rosario","HOU",2,3,,4.5877063568301155,58,0,,,,66.69999694824219,,72,36,34,6,25,3,3,37,4.99250397655042,3.3733134976692027,1.48,0.8095952394406086,,,,,1.4542729301062784,,0.688487584650113,,,4.344726675981371,-0.06506941736750882,,,,,,,,,222.57997741699225,3.3370312983628723,245.49998474121094,3.6806596098004896,,,,,,,,,,,,,,,,,,,"Enerio Del Rosario","4204",491688
"Zach Phillips","BAL",3,3,,4.5877063568301155,50,1,,,,66.69999694824219,,69,36,34,5,36,2,4,46,6.2068968357113325,4.857571436643652,1.2777777777777777,0.6746626995338405,,,,,1.5742129655789612,,0.7040816326530612,,,4.419689198151797,-0.06506941736750882,,,,,,,,,224.67997741699227,3.368515557674452,240.49998474121094,3.605697087630063,,,,,,,,,,,,,,,,,,,"Zach Phillips","99",452061
"Tony Watson","PIT",3,5,,4.5877063568301155,44,4,,,,66.69999694824219,,66,36,34,9,28,3,3,55,7.421289694872246,3.778111117389507,1.9642857142857142,1.214392859160913,,,,,1.4092954168040224,,0.7125307125307124,,,4.524636729190395,-0.06506941736750882,,,,,,,,,228.2799774169923,3.4224885736371595,233.49998474121094,3.5007495565914653,,,,,,,,,,,,,,,,,,,"Tony Watson","3132",453265
"Blake Parker","CHC",3,4,,4.5877063568301155,53,0,,,,66.69999694824219,,63,36,34,8,40,1,4,61,8.230884934312854,5.397301596270724,1.525,1.0794603192541448,,,,,1.5442279567107906,,0.7298474945533769,,,4.73453179126759,-0.06506941736750882,,,,,,,,,221.3799774169923,3.3190402930419705,219.49998474121094,3.290854494514271,,,,,,,,,,,,,,,,,,,"Blake Parker","5224",453284
"Mark Rogers","MIL",3,5,,6.2068968357113325,21,19,,,,66.69999694824219,,72,49,46,9,59,1,5,50,6.7466269953384055,7.961019854499319,0.847457627118644,1.214392859160913,,,,,1.9640180808651801,,0.6925675675675675,,,6.158819712505698,-0.06506941736750882,,,,,,,,,103.67997741699227,1.554422521150125,124.49998474121094,1.8665665732761627,,,,,,,,,,,,,,,,,,,"Mark Rogers","4083",449161
"Shawn Tolleson","LAD",5,4,,3.4925373134328357,58,0,,,,67,,59,28,26,7,24,0,3,69,9.26865671641791,3.2238805970149254,2.875,0.9402985074626866,,,,,1.2388059701492538,,0.7513661202185792,,,3.532848972349025,-0.06536208640318364,,,,,,,,,313.29999999999995,4.676119402985074,301,4.492537313432836,,,,,,,,,,,,,,,,,,,"Shawn Tolleson","10481",474521
"Dale Thayer","SDP",3,4,,4.298507462686567,56,0,,,,67,,70,34,32,7,22,1,3,48,6.447761194029851,2.955223880597015,2.1818181818181817,0.9402985074626866,,,,,1.373134328358209,,0.7055961070559611,,,4.0701624051848455,-0.06536208640318364,,,,,,,,,248.69999999999993,3.7119402985074617,265,3.955223880597015,,,,,,,,,,,,,,,,,,,"Dale Thayer","5032",445612
"Kelvin Herrera","KCR",5,4,,3.8955223880597014,49,0,,,,67,,62,31,29,9,19,1,5,54,7.253731343283582,2.5522388059701493,2.8421052631578947,1.208955223880597,,,,,1.208955223880597,,0.7309941520467835,,,4.234341509662458,-0.06536208640318364,,,,,,,,,259.9,3.87910447761194,254,3.791044776119403,,,,,,,,,,,,,,,,,,,"Kelvin Herrera","6033",516969
"Pete Andrelczyk","FLA",5,6,,4.701492537313433,46,1,,,,67,,69,37,35,7,35,1,4,53,7.119402985074627,4.701492537313433,1.5142857142857142,0.9402985074626866,,,,,1.5522388059701493,,0.7112526539278131,,,4.547774345483353,-0.06536208640318364,,,,,,,,,219.29999999999993,3.273134328358208,233,3.4776119402985075,,,,,,,,,,,,,,,,,,,"Pete Andrelczyk","sa454557",518405
"John Axford","MIL",6,3,,3.075779949680008,62,0,,,,67.30000305175781,,54,25,23,5,33,2,1,77,10.297176353276548,4.413075579975663,2.3333333333333335,0.6686478151478278,,,,,1.2927191092858004,,0.775,,,3.2185512101578997,-0.06565475543885846,,,,,,,,,348.1200225830079,5.172659833540903,323.50001525878906,4.806835075623961,,,,,,,,,,,,,,,,,,,"John Axford","9059",446099
"Brandon League","SEA",5,4,,3.61069820179827,65,0,,,,67.30000305175781,,63,29,27,6,18,3,3,55,7.355125966626105,2.40713213453218,3.0555555555555554,0.8023773781773933,,,,,1.20356606726609,,0.7162534435261708,,,3.486010336217031,-0.06565475543885846,,,,,,,,,307.42002258300784,4.567905031840534,305.50001525878906,4.53937594956483,,,,,,,,,,,,,,,,,,,"Brandon League","3731",434181
"Aaron Crow","KCR",4,4,,4.546805143005229,64,0,,,,67.30000305175781,,67,36,34,8,34,2,2,61,8.157503344803498,4.546805143005229,1.7941176470588236,1.0698365042365243,,,,,1.5007428739984578,,0.7238307349665924,,,4.362681916077516,-0.06565475543885846,,,,,,,,,239.42002258300786,3.557503888950484,246.50001525878906,3.6627043697043447,,,,,,,,,,,,,,,,,,,"Aaron Crow","10149",543070
"Jhonny Nunez","TBR",4,5,,5.215452958153056,40,5,,,,67.30000305175781,,73,42,39,10,32,2,3,48,6.419019025419146,4.279346016946097,1.5,1.3372956302956556,,,,,1.5601782353449314,,0.6923076923076923,,,5.090765092571817,-0.06565475543885846,,,,,,,,,176.22002258300785,2.6184251796762013,197.50001525878906,2.9346211932100434,,,,,,,,,,,,,,,,,,,"Jhonny Nunez","6640",471919
"Arcenio Leon","HOU",2,4,,5.616641647241753,47,0,,,,67.30000305175781,,73,45,42,6,52,3,5,54,7.22139640359654,6.953937277537408,1.0384615384615385,0.8023773781773933,,,,,1.8573550420772993,,0.686106346483705,,,5.120482773245055,-0.06565475543885846,,,,,,,,,171.42002258300784,2.5471027460604327,195.50001525878906,2.9049035125368063,,,,,,,,,,,,,,,,,,,"Arcenio Leon","8846",455376
"Anthony Varvaro","ATL",4,4,,4.254062230167912,52,0,,,,67.69999694824219,,58,34,32,6,50,4,3,67,8.906942794414066,6.646972234637363,1.34,0.7976366681564835,,,,,1.595273336312967,,0.7429718875502008,,,4.546804375043301,-0.06604497089591455,,,,,,,,,251.37997741699212,3.7131460671878087,235.49998474121094,3.4785819107385594,,,,,,,,,,,,,,,,,,,"Anthony Varvaro","2385",460008
"Seth McClung","TEX",2,3,,5.450517232402637,26,7,,,,67.69999694824219,,79,44,41,9,33,0,3,36,4.785820008938901,4.3870016748606595,1.0909090909090908,1.1964550022347253,,,,,1.654357533954188,,0.6841046277665995,,,5.285356845558564,-0.06604497089591455,,,,,,,,,148.87997741699215,2.199113502631521,185.49998474121094,2.7400294402232968,,,,,,,,,,,,,,,,,,,"Seth McClung","1657",425528
"Cory Gearrin","ATL",4,3,,4.102941176470588,53,0,,,,68,,64,33,31,6,31,3,4,61,8.073529411764707,4.102941176470588,1.967741935483871,0.7941176470588235,,,,,1.3970588235294117,,0.7159353348729792,,,3.922445109311272,-0.06633763993158937,,,,,,,,,280,4.117647058823529,279,4.102941176470588,,,,,,,,,,,,,,,,,,,"Cory Gearrin","7947",518715
"Eddie Bonine","PHI",3,4,,4.897058823529412,24,9,,,,68,,81,40,37,8,18,1,3,36,4.764705882352941,2.3823529411764706,2,1.0588235294117647,,,,,1.4558823529411764,,0.6719817767653758,,,4.422445109311273,-0.06633763993158937,,,,,,,,,203.20000000000007,2.988235294117648,245,3.6029411764705883,,,,,,,,,,,,,,,,,,,"Eddie Bonine","5890",444382
"Mike Ekstrom","COL",4,4,,5.029411764705882,49,1,,,,68,,76,41,38,7,29,1,4,43,5.6911764705882355,3.838235294117647,1.4827586206896552,0.9264705882352942,,,,,1.5441176470588236,,0.6722689075630252,,,4.554798050487743,-0.06633763993158937,,,,,,,,,206.50000000000003,3.0367647058823533,236,3.4705882352941178,,,,,,,,,,,,,,,,,,,"Mike Ekstrom","7488",455091
"Steven Shell","ATL",3,5,,5.426470588235294,29,8,,,,68,,78,44,41,11,26,1,4,46,6.088235294117647,3.4411764705882355,1.7692307692307692,1.4558823529411764,,,,,1.5294117647058822,,0.6772009029345373,,,5.098915697546566,-0.06633763993158937,,,,,,,,,167.10000000000002,2.4573529411764707,199,2.926470588235294,,,,,,,,,,,,,,,,,,,"Steven Shell","3681",434579
"Tim Alderson","PIT",2,4,,5.426470588235294,52,1,,,,68,,78,44,41,9,32,1,6,41,5.426470588235294,4.235294117647059,1.28125,1.1911764705882353,,,,,1.6176470588235294,,0.677618069815195,,,5.216562756370096,-0.06633763993158937,,,,,,,,,157.70000000000005,2.319117647058824,191,2.8088235294117645,,,,,,,,,,,,,,,,,,,"Tim Alderson","sa389899",518396
"Robert Ray","FLA",3,5,,5.6911764705882355,14,13,,,,68,,77,46,43,11,35,1,4,46,6.088235294117647,4.632352941176471,1.3142857142857143,1.4558823529411764,,,,,1.6470588235294117,,0.6832298136645963,,,5.495974521075978,-0.06633763993158937,,,,,,,,,142.70000000000002,2.098529411764706,172,2.5294117647058822,,,,,,,,,,,,,,,,,,,"Robert Ray","3359",459988
"Brad Brach","SDP",5,4,,3.2942897503166253,69,0,,,,68.30000305175781,,60,27,25,6,21,3,4,70,9.224011300886552,2.767203390265965,3.3333333333333335,0.7906295400759901,,,,,1.1859443101139853,,0.7438016528925621,,,3.2157230269112658,-0.06663030896726418,,,,,,,,,340.6200225830078,4.987115773990312,328.50001525878906,4.809663258870595,,,,,,,,,,,,,,,,,,,"Brad Brach","6627",542960
"George Kontos","NYY",3,4,,5.9297215505699254,38,3,,,,68.30000305175781,,78,48,45,14,30,0,4,48,6.3250363206079205,3.9531477003799504,1.6,1.8448022601773102,,,,,1.5812590801519801,,0.6787330316742081,,,5.777948388268641,-0.06663030896726418,,,,,,,,,124.42002258300778,1.8216693561305137,153.50001525878906,2.2474378975132194,,,,,,,,,,,,,,,,,,,"George Kontos","9486",502004
"Oliver Pérez","SEA",2,6,,6.3250363206079205,17,14,,,,68.30000305175781,,79,51,48,12,46,1,5,48,6.3250363206079205,6.0614931405825905,1.0434782608695652,1.5812590801519801,,,,,1.8301609723981251,,0.6839186691312384,,,6.1439805827482665,-0.06663030896726418,,,,,,,,,95.4200225830078,1.3970720105341492,128.50001525878906,1.8814057030335947,,,,,,,,,,,,,,,,,,,"Oliver Perez","1514",424144
"Wilton Lopez","HOU",4,3,,3.6681224336858995,71,0,,,,68.69999694824219,,68,30,28,7,15,2,2,53,6.943231749476881,1.965065589474589,3.533333333333333,0.9170306084214749,,,,,1.2081514364917842,,0.7240437158469946,,,3.5494037763084174,-0.06702052442432027,,,,,,,,,300.4799774169922,4.373798992209133,307.49998474121094,4.475982509473443,,,,,,,,,,,,,,,,,,,"Wilton Lopez","4227",446641
"Josh Lindblom","LAD",3,2,,3.5371180610542603,60,0,,,,68.69999694824219,,62,29,27,6,25,4,5,62,8.122271103161635,3.275109315790982,2.48,0.7860262357898355,,,,,1.2663756021058463,,0.7379134860050891,,,3.6658521075365416,-0.06702052442432027,,,,,,,,,307.37997741699223,4.4742356778933905,299.49998474121094,4.359534178245319,,,,,,,,,,,,,,,,,,,"Josh Lindblom","7882",458676
"Tim Dillard","MIL",4,3,,3.930131178949178,46,0,,,,68.69999694824219,,67,32,30,7,23,1,5,53,6.943231749476881,3.013100570527703,2.3043478260869565,0.9170306084214749,,,,,1.3100437263163927,,0.7231920199501246,,,4.029753142624428,-0.06702052442432027,,,,,,,,,270.07997741699216,3.9312953335422622,274.49998474121094,3.9956331431574323,,,,,,,,,,,,,,,,,,,"Tim Dillard","5518",457422
"Vicente Padilla","BOS",4,3,,4.323144296844096,17,13,,,,68.69999694824219,,69,35,33,8,22,1,4,48,6.288209886318684,2.8820961978960637,2.1818181818181817,1.0480349810531142,,,,,1.3245997677199082,,0.7017543859649124,,,4.2772058464841916,-0.06702052442432027,,,,,,,,,248.57997741699225,3.6183404433666806,257.49998474121094,3.7481804392976694,,,,,,,,,,,,,,,,,,,"Vicente Padilla","964",218894
"Dusty Hughes","ATL",2,3,,4.716157414739014,52,4,,,,68.69999694824219,,71,39,36,7,35,2,5,56,7.336244867371799,4.5851530421073745,1.6,0.9170306084214749,,,,,1.5429403887726403,,0.6964656964656964,,,4.466434384729892,-0.06702052442432027,,,,,,,,,229.67997741699222,3.3432312608402377,244.49998474121094,3.558951901051968,,,,,,,,,,,,,,,,,,,"Dusty Hughes","6164",458250
"Steve Garrison","SEA",2,7,,6.4192142589503245,18,14,,,,68.69999694824219,,91,52,49,12,26,1,4,28,3.6681224336858995,3.406113688422621,1.0769230769230769,1.572052471579671,,,,,1.7030568442113105,,0.6487025948103792,,,5.7910341524498,-0.06702052442432027,,,,,,,,,90.17997741699222,1.312663485049829,153.49998474121094,2.23435213333206,,,,,,,,,,,,,,,,,,,"Steve Garrison","9869",477237
"Chris Leroux","PIT",4,5,,4.304347826086956,52,0,,,,69,,75,35,33,5,25,2,3,50,6.521739130434782,3.260869565217391,2,0.6521739130434783,,,,,1.4492753623188406,,0.6989247311827957,,,3.7355312133180925,-0.06731319345999509,,,,,,,,,270.1,3.914492753623189,296,4.2898550724637685,,,,,,,,,,,,,,,,,,,"Chris Leroux","7645",460092
"Jeremy Berg","LAA",2,2,,4.434782608695652,51,0,,,,69,,74,36,34,6,24,1,4,43,5.608695652173913,3.130434782608696,1.7916666666666667,0.782608695652174,,,,,1.4202898550724639,,0.6919642857142858,,,4.12683556114418,-0.06731319345999509,,,,,,,,,246.4,3.571014492753623,269,3.898550724637681,,,,,,,,,,,,,,,,,,,"Jeremy Berg","sa510226",576828
"Sandy Rosario","FLA",3,4,,4.826086956521739,53,0,,,,69,,75,40,37,8,29,1,4,54,7.043478260869565,3.782608695652174,1.8620689655172413,1.0434782608695652,,,,,1.5072463768115942,,0.6896551724137931,,,4.402197879984759,-0.06731319345999509,,,,,,,,,226.20000000000005,3.278260869565218,250,3.6231884057971016,,,,,,,,,,,,,,,,,,,"Sandy Rosario","1525",466459
"Michael Dubee","PIT",3,5,,4.956521739130435,49,0,,,,69,,79,41,38,8,25,1,4,45,5.869565217391305,3.260869565217391,1.8,1.0434782608695652,,,,,1.5072463768115942,,0.6788793103448276,,,4.48915440172389,-0.06731319345999509,,,,,,,,,209.80000000000004,3.040579710144928,244,3.536231884057971,,,,,,,,,,,,,,,,,,,"Michael Dubee","sa328048",452774
"Jason Rice","ATL",3,4,,4.826086956521739,45,0,,,,69,,67,40,37,7,47,1,4,62,8.08695652173913,6.130434782608695,1.3191489361702127,0.9130434782608695,,,,,1.6521739130434783,,0.710172744721689,,,4.764516720564469,-0.06731319345999509,,,,,,,,,221.29999999999998,3.207246376811594,225,3.260869565217391,,,,,,,,,,,,,,,,,,,"Jason Rice","sa291767",489244
"Luis Perdomo","MIN",3,4,,5.608695652173913,55,1,,,,69,,80,46,43,8,38,2,3,41,5.3478260869565215,4.956521739130435,1.0789473684210527,1.0434782608695652,,,,,1.710144927536232,,0.6741573033707865,,,5.12683556114418,-0.06731319345999509,,,,,,,,,163.20000000000005,2.3652173913043484,200,2.898550724637681,,,,,,,,,,,,,,,,,,,"Luis Perdomo","5380",466412
"Michael Schwimer","PHI",6,5,,3.766233600380479,55,0,,,,69.30000305175781,,63,31,29,7,29,2,4,71,9.220778814724621,3.766233600380479,2.4482758620689653,0.9090908690573569,,,,,1.3275612690996323,,0.7420924574209246,,,3.7180269479207992,-0.06760586249566991,,,,,,,,,305.9200225830078,4.414430145905283,298.50001525878906,4.307359337861062,,,,,,,,,,,,,,,,,,,"Michael Schwimer","8103",543754
"Matt Albers","BOS",5,3,,4.285714096984683,58,0,,,,69.30000305175781,,68,35,33,7,32,2,4,59,7.662337324912008,4.155843972833632,1.84375,0.9090908690573569,,,,,1.4430013794561223,,0.720620842572062,,,4.1942174031413195,-0.06760586249566991,,,,,,,,,259.9200225830078,3.7506495113554665,265.50001525878906,3.831168882640541,,,,,,,,,,,,,,,,,,,"Matt Albers","4300",458006
"Wilking Rodríguez","TBR",3,6,,5.844155586797295,17,15,,,,69.30000305175781,,83,48,45,11,31,2,5,39,5.064934841890989,4.025973848682581,1.2580645161290323,1.4285713656615608,,,,,1.6450215725799793,,0.6693711967545639,,,5.521778672240952,-0.06760586249566991,,,,,,,,,131.7200225830078,1.9007217428927181,173.50001525878906,2.5036076135409084,,,,,,,,,,,,,,,,,,,"Wilking Rodriguez","8801",516853
"C.C. Lee","CLE",4,4,,4.390244094662291,45,0,,,,69.69999694824219,,68,36,34,7,31,1,4,63,8.134864057756598,4.002869615721501,2.032258064516129,0.9038737841951776,,,,,1.420373089449565,,0.7062780269058295,,,4.029690490443169,-0.067996077952726,,,,,,,,,273.8799774169922,3.9294116127489924,278.49998474121094,3.9956957953386913,,,,,,,,,,,,,,,,,,,"C.C. Lee","5177",547348
"Michael Bowden","BOS",4,3,,4.5193689209758885,60,0,,,,69.69999694824219,,70,37,35,9,30,1,3,54,6.9727406209342275,3.8737447894079042,1.8,1.1621234368223712,,,,,1.4347202923732978,,0.7208237986270022,,,4.574884201545022,-0.067996077952726,,,,,,,,,232.07997741699222,3.3296985305369544,240.49998474121094,3.450502084236838,,,,,,,,,,,,,,,,,,,"Michael Bowden","4440",476601
"Tom Wilhelmsen","SEA",3,6,,5.294117878857469,24,11,,,,69.69999694824219,,79,44,41,8,35,1,5,41,5.294117878857469,4.5193689209758885,1.1714285714285715,1.0329986105087745,,,,,1.6355811333055597,,0.6809338521400778,,,5.0626891009519435,-0.067996077952726,,,,,,,,,173.97997741699223,2.4961260406680683,206.49998474121094,2.962697184829917,,,,,,,,,,,,,,,,,,,"Tom Wilhelmsen","9975",452666
"Nick Masset","CIN",5,3,,3.6,74,0,,,,70,,63,30,28,6,29,4,1,68,8.742857142857142,3.7285714285714286,2.3448275862068964,0.7714285714285715,,,,,1.3142857142857143,,0.7416267942583733,,,3.482529142924718,-0.06828874698840082,,,,,,,,,326.4,4.662857142857143,318,4.542857142857143,,,,,,,,,,,,,,,,,,,"Nick Masset","7267",434665
"Greg Holland","KCR",4,3,,3.7285714285714286,50,0,,,,70,,62,31,29,6,33,2,3,70,9,4.242857142857143,2.121212121212121,0.7714285714285715,,,,,1.3571428571428572,,0.7390300230946882,,,3.6825291429247176,-0.06828874698840082,,,,,,,,,315,4.5,304,4.3428571428571425,,,,,,,,,,,,,,,,,,,"Greg Holland","7196",518813
"Scott Atchison","BOS",4,3,,3.9857142857142858,46,1,,,,70,,72,33,31,7,18,1,3,49,6.3,2.3142857142857145,2.7222222222222223,0.9,,,,,1.2857142857142858,,0.71072319201995,,,3.8253862857818604,-0.06828874698840082,,,,,,,,,279.69999999999993,3.9957142857142847,294,4.2,,,,,,,,,,,,,,,,,,,"Scott Atchison","2642",425786
"Blake Wood","KCR",4,4,,4.242857142857143,59,0,,,,70,,69,35,33,6,30,6,3,54,6.942857142857143,3.857142857142857,1.8,0.7714285714285715,,,,,1.4142857142857144,,0.7064017660044151,,,4.011100571496146,-0.06828874698840082,,,,,,,,,273.79999999999995,3.9114285714285706,281,4.014285714285714,,,,,,,,,,,,,,,,,,,"Blake Wood","1345",502028
"Ryan Perry","WSN",3,2,,3.818953488748531,60,0,,,,70.69999694824219,,66,32,30,6,31,3,3,58,7.38331007824716,3.946251938373482,1.8709677419354838,0.7637906977497062,,,,,1.3719944015133612,,0.7336343115124154,,,3.930619705337068,-0.06897163148113172,,,,,,,,,291.7799774169922,4.127015417420703,289.49998474121094,4.094766580444793,,,,,,,,,,,,,,,,,,,"Ryan Perry","8799",543634
"Chris Jakubauskas","ARI",3,4,,5.091937984998041,27,8,,,,70.69999694824219,,79,43,40,10,26,2,3,44,5.601131783497846,3.3097596902487267,1.6923076923076923,1.2729844962495103,,,,,1.485148578957762,,0.6813186813186813,,,4.849997397072825,-0.06897163148113172,,,,,,,,,195.77997741699218,2.7691652880878923,224.49998474121094,3.175388888709035,,,,,,,,,,,,,,,,,,,"Chris Jakubauskas","7831",499856
"Justin Germano","BOS",3,3,,4.436619718309859,31,6,,,,71,,78,37,35,8,18,1,6,42,5.323943661971831,2.2816901408450705,2.3333333333333335,1.0140845070422535,,,,,1.352112676056338,,0.6957547169811321,,,4.3211609336691845,-0.06926430051680654,,,,,,,,,236.2,3.3267605633802817,263,3.704225352112676,,,,,,,,,,,,,,,,,,,"Justin Germano","1938",430683
"Fu-Te Ni","DET",2,3,,5.197183098591549,39,5,,,,71,,81,44,41,9,30,2,4,45,5.704225352112676,3.8028169014084505,1.5,1.1408450704225352,,,,,1.5633802816901408,,0.6808943089430894,,,4.8422876942325646,-0.06926430051680654,,,,,,,,,192.1,2.705633802816901,226,3.183098591549296,,,,,,,,,,,,,,,,,,,"Fu-Te Ni","4199",547820
"Jamie Moyer","COL",4,7,,6.084507042253521,13,12,,,,71,,86,51,48,15,19,0,4,32,4.056338028169014,2.408450704225352,1.6842105263157894,1.9014084507042253,,,,,1.4788732394366197,,0.6428571428571429,,,5.8422876942325646,-0.06926430051680654,,,,,,,,,112.29999999999998,1.58169014084507,155,2.183098591549296,,,,,,,,,,,,,,,,,,,"Jamie Moyer","1091",119469
"Freddy Dolsi","CHW",3,7,,6.71830985915493,31,9,,,,71,,92,57,53,13,36,1,4,38,4.816901408450704,4.563380281690141,1.0555555555555556,1.647887323943662,,,,,1.8028169014084507,,0.6466302367941712,,,6.0253862857818605,-0.06926430051680654,,,,,,,,,82.29999999999998,1.1591549295774646,142,2,,,,,,,,,,,,,,,,,,,"Freddy Dolsi","5424",451767
"Mitchell Boggs","STL",3,2,,3.7868161072027258,57,0,,,,71.30000305175781,,68,32,30,6,26,2,3,57,7.19495060368518,3.281907292909029,2.1923076923076925,0.7573632214405452,,,,,1.3183730151002082,,0.7242990654205608,,,3.740673772697931,-0.06955696955248136,,,,,,,,,304.02002258300786,4.263955253442484,305.50001525878906,4.28471251308393,,,,,,,,,,,,,,,,,,,"Mitchell Boggs","3344",459939
"Dane De La Rosa","TBR",5,6,,4.670406532216695,54,0,,,,71.30000305175781,,74,40,37,8,32,1,4,55,6.942496196538331,4.039270514349575,1.71875,1.0098176285873937,,,,,1.4866759531981073,,0.6962025316455697,,,4.455961259614002,-0.06955696955248136,,,,,,,,,238.8200225830079,3.3495092897772336,254.50001525878906,3.5694250261678593,,,,,,,,,,,,,,,,,,,"Dane De La Rosa","10095",451773
"Drew Storen","WSN",5,3,,3.1380754473730303,70,0,,,,71.69999694824219,,61,27,25,6,22,4,2,70,8.786611252644484,2.7615063936882667,3.1818181818181817,0.7531381073695272,,,,,1.1576011650309401,,0.7506702412868633,,,3.1648563056651065,-0.06994718500953745,,,,,,,,,366.1799774169921,5.107112873119438,348.49998474121094,4.8605299801167545,,,,,,,,,,,,,,,,,,,"Drew Storen","6983",519322
"Justin De Fratus","PHI",4,3,,3.640167518952715,55,0,,,,71.69999694824219,,65,31,29,7,29,2,4,70,8.786611252644484,3.640167518952715,2.413793103448276,0.8786611252644484,,,,,1.3110181869025104,,0.7482185273159144,,,3.7227363851980897,-0.06994718500953745,,,,,,,,,316.47997741699214,4.4139468742997074,308.49998474121094,4.302649900583771,,,,,,,,,,,,,,,,,,,"Justin De Fratus","4955",518603
"Josh Spence","SDP",3,3,,3.3891214831628727,76,0,,,,71.69999694824219,,56,29,27,7,36,5,4,71,8.912134270539406,4.518828644217163,1.9722222222222223,0.8786611252644484,,,,,1.2831241829258613,,0.7664233576642335,,,3.9877294229762565,-0.06994718500953745,,,,,,,,,320.8799774169921,4.475313683048335,289.49998474121094,4.037656862805604,,,,,,,,,,,,,,,,,,,"Josh Spence","11260",543805
"Bobby Parnell","NYM",4,3,,3.75,67,0,,,,72,,67,32,30,6,30,4,2,70,8.75,3.75,2.3333333333333335,0.75,,,,,1.3472222222222223,,0.7336343115124154,,,3.497608508004083,-0.07023985404521227,,,,,,,,,328.80000000000007,4.566666666666667,326,4.527777777777778,,,,,,,,,,,,,,,,,,,"Bobby Parnell","9926",458730
"Burke Badenhop","TBR",3,3,,3.875,56,0,,,,72,,73,33,31,5,26,4,4,49,6.125,3.25,1.8846153846153846,0.625,,,,,1.375,,0.717391304347826,,,3.817052952448527,-0.07023985404521227,,,,,,,,,289.50000000000006,4.020833333333334,303,4.208333333333333,,,,,,,,,,,,,,,,,,,"Burke Badenhop","9736",488674
"Nick Vincent","SDP",3,4,,4.125,61,0,,,,72,,68,35,33,8,30,2,4,63,7.875,3.75,2.1,1,,,,,1.3611111111111112,,0.7258064516129032,,,4.136497396892972,-0.07023985404521227,,,,,,,,,281.6000000000001,3.9111111111111123,280,3.888888888888889,,,,,,,,,,,,,,,,,,,"Nick Vincent","7555",543883
"Chris Sampson","FLA",3,4,,5,33,8,,,,72,,86,43,40,8,20,1,3,39,4.875,2.5,1.95,1,,,,,1.4722222222222223,,0.6645569620253164,,,4.344830730226305,-0.07023985404521227,,,,,,,,,219.8000000000001,3.052777777777779,265,3.6805555555555554,,,,,,,,,,,,,,,,,,,"Chris Sampson","2651",448200
"Michael Stutes","PHI",5,5,,4.25,61,0,,,,72,,65,36,34,8,40,2,3,68,8.5,5,1.7,1,,,,,1.4583333333333333,,0.7356076759061834,,,4.372608508004083,-0.07023985404521227,,,,,,,,,272.4000000000001,3.7833333333333345,263,3.6527777777777777,,,,,,,,,,,,,,,,,,,"Michael Stutes","6550",452741
"Dustin McGowan","TOR",4,4,,5,18,17,,,,72,,77,43,40,10,34,0,4,54,6.75,4.25,1.588235294117647,1.25,,,,,1.5416666666666667,,0.7010309278350515,,,4.914275174670749,-0.07023985404521227,,,,,,,,,203.60000000000005,2.8277777777777784,224,3.111111111111111,,,,,,,,,,,,,,,,,,,"Dustin McGowan","8600",430661
"Sean Marshall","CIN",8,3,,2.7385890960233654,76,0,,,,72.30000305175781,,60,24,22,5,21,4,2,80,9.95850580372133,2.614107773476849,3.8095238095238093,0.6224066127325831,,,,,1.1203319029186496,,0.7702702702702703,,,2.665773576203035,-0.07053252308088709,,,,,,,,,408.52002258300786,5.650345855318406,387.50001525878906,5.359612709578826,,,,,,,,,,,,,,,,,,,"Sean Marshall","5905",445156
"Cristhian Martinez","ATL",3,2,,3.609958353848982,49,0,,,,72.30000305175781,,69,31,29,7,17,2,3,57,7.095435385151447,2.1161824832907823,3.3529411764705883,0.8713692578256164,,,,,1.1894881932222698,,0.7217847769028871,,,3.537142834028651,-0.07053252308088709,,,,,,,,,323.52002258300786,4.4746889201568605,324.50001525878906,4.48824345175321,,,,,,,,,,,,,,,,,,,"Cristhian Martinez","5337",450852
"Kameron Loe","MIL",6,4,,3.609958353848982,70,0,,,,72.30000305175781,,69,31,29,7,22,2,3,57,7.095435385151447,2.7385890960233654,2.590909090909091,0.8713692578256164,,,,,1.2586444835258903,,0.7389162561576355,,,3.744611704939512,-0.07053252308088709,,,,,,,,,308.52002258300786,4.267220049245999,309.50001525878906,4.2807745808423485,,,,,,,,,,,,,,,,,,,"Kameron Loe","4422",434180
"Mark Hamburger","TEX",5,6,,5.103734224407181,47,2,,,,72.30000305175781,,78,44,41,10,34,1,4,47,5.850622159686281,4.232364966581565,1.3823529411764706,1.2448132254651663,,,,,1.5491009028010956,,0.6938775510204082,,,5.100074994890471,-0.07053252308088709,,,,,,,,,189.22002258300785,2.6171509626016176,211.50001525878906,2.92531129089139,,,,,,,,,,,,,,,,,,,"Mark Hamburger","5329",523648
"David Pauley","LAA",4,4,,4.580467867654451,61,0,,,,72.69999694824219,,78,40,37,8,26,4,5,42,5.19945001193208,3.2187071502436684,1.6153846153846154,0.9903714308442056,,,,,1.4305365112194082,,0.6896551724137931,,,4.5797192258567945,-0.07092273853794318,,,,,,,,,227.77997741699227,3.1331497521128817,250.49998474121094,3.445667059925066,,,,,,,,,,,,,,,,,,,"David Pauley","3625",456102
"Chris Scholl","LAA",3,3,,4.828060725365503,35,4,,,,72.69999694824219,,79,42,39,9,29,1,4,45,5.570839298498657,3.5900964368102457,1.5517241379310345,1.1141678596997313,,,,,1.4855571462663084,,0.6918238993710691,,,4.7585362897592205,-0.07092273853794318,,,,,,,,,212.87997741699226,2.928197886563178,237.49998474121094,3.26684999602264,,,,,,,,,,,,,,,,,,,"Chris Scholl","sa454990",543752
"Zach Miner","KCR",4,6,,5.323246440787606,33,9,,,,72.69999694824219,,84,46,43,9,34,1,3,42,5.19945001193208,4.209078581087874,1.2352941176470589,1.1141678596997313,,,,,1.6231087338835593,,0.683111954459203,,,5.006129147470272,-0.07092273853794318,,,,,,,,,181.87997741699226,2.5017879649497003,219.49998474121094,3.0192571383115885,,,,,,,,,,,,,,,,,,,"Zach Miner","3193",435261
"Matt Belisle","COL",7,4,,3.5753424657534247,67,0,,,,73,,73,31,29,7,16,3,3,59,7.273972602739726,1.9726027397260273,3.6875,0.863013698630137,,,,,1.2191780821917808,,0.7323232323232323,,,3.4363451898914494,-0.071215407573618,,,,,,,,,325.3,4.456164383561644,335,4.589041095890411,,,,,,,,,,,,,,,,,,,"Matt Belisle","1837",279571
"Miles Mikolas","SDP",3,3,,3.9452054794520546,63,0,,,,73,,73,34,32,6,23,1,5,54,6.657534246575342,2.835616438356164,2.347826086956522,0.7397260273972602,,,,,1.3150684931506849,,0.7077625570776256,,,3.7651123131791207,-0.071215407573618,,,,,,,,,300.6,4.117808219178083,311,4.260273972602739,,,,,,,,,,,,,,,,,,,"Miles Mikolas","9803",571945
"James Russell","CHC",3,4,,5.054794520547945,56,5,,,,73,,81,44,41,13,20,3,3,49,6.041095890410959,2.4657534246575343,2.45,1.6027397260273972,,,,,1.3835616438356164,,0.6884057971014493,,,4.943194504959942,-0.071215407573618,,,,,,,,,198.70000000000007,2.721917808219179,225,3.0821917808219177,,,,,,,,,,,,,,,,,,,"James Russell","4089",460701
"Craig Kimbrel","ATL",6,2,,2.210095405938937,73,0,,,,73.30000305175781,,46,19,18,5,39,1,2,116,14.242837060495372,4.78854004620103,2.9743589743589745,0.6139153905385936,,,,,1.1596179599062324,,0.8461538461538461,,,2.425113459477458,-0.07150807660929281,,,,,,,,,470.3200225830078,6.416371118714832,410.50001525878906,5.600272826304403,,,,,,,,,,,,,,,,,,,"Craig Kimbrel","6655",518886
"Carlos Marmol","CHC",4,2,,3.1923600308006868,74,0,,,,73.30000305175781,,51,28,26,5,49,3,9,101,12.40109088887959,6.016370827278217,2.061224489795918,0.6139153905385936,,,,,1.3642564234190968,,0.7741935483870968,,,3.5301611624469262,-0.07150807660929281,,,,,,,,,376.3200225830078,5.13397008070088,329.50001525878906,4.495225123334934,,,,,,,,,,,,,,,,,,,"Carlos Marmol","2790",461791
"Rob Delaney","FLA",5,6,,4.420190811877874,59,0,,,,73.30000305175781,,74,39,36,9,29,2,4,58,7.121418530247686,3.560709265123843,2,1.1050477029694685,,,,,1.4051841161216698,,0.7079646017699115,,,4.389642709200958,-0.07150807660929281,,,,,,,,,256.3200225830078,3.4968623725979637,266.50001525878906,3.635743576580903,,,,,,,,,,,,,,,,,,,"Rob Delaney","5100",503438
"Jay Buente","TBR",3,3,,4.542973889985593,40,5,,,,73.30000305175781,,75,40,37,7,37,2,4,55,6.753069295924529,4.542973889985593,1.4864864864864864,0.859481546754031,,,,,1.5279671942293884,,0.7045009784735812,,,4.444212966137721,-0.07150807660929281,,,,,,,,,248.3200225830078,3.387721858724436,262.50001525878906,3.5811733196441393,,,,,,,,,,,,,,,,,,,"Jay Buente","9494",502055
"Lucas Luetge","SEA",3,5,,5.034106202416467,40,3,,,,73.30000305175781,,83,44,41,7,35,2,5,48,5.893587749170498,4.2974077337701555,1.3714285714285714,0.859481546754031,,,,,1.6098225796345342,,0.6839186691312384,,,4.594281172713822,-0.07150807660929281,,,,,,,,,216.5200225830078,2.953888316077163,251.50001525878906,3.4311051130680386,,,,,,,,,,,,,,,,,,,"Lucas Luetge","8337",476595
"Adalberto Mendez","FLA",3,5,,5.279672358631905,29,9,,,,73.30000305175781,,78,46,43,9,46,1,5,57,6.998635452139967,5.648021592955061,1.2391304347826086,1.1050477029694685,,,,,1.69167796503968,,0.7001795332136445,,,5.153626306315651,-0.07150807660929281,,,,,,,,,189.92002258300784,2.5909961074476837,210.50001525878906,2.871759979466209,,,,,,,,,,,,,,,,,,,"Adalberto Mendez","3752",458657
"Matt Chico","LAD",3,6,,5.739484633860476,24,12,,,,73.69999694824219,,90,50,47,11,29,1,5,38,4.640434384823363,3.541384135786251,1.3103448275862069,1.3432836377120263,,,,,1.6146540695730416,,0.666023166023166,,,5.318466435007441,-0.0718982920663489,,,,,,,,,150.07997741699222,2.036363414267031,199.49998474121094,2.70691985077442,,,,,,,,,,,,,,,,,,,"Matt Chico","6068",453889
"Mauricio Robles","SEA",3,8,,6.35006810554776,18,18,,,,73.69999694824219,,78,56,52,12,65,2,5,57,6.960651577235045,7.937585131934701,0.8769230769230769,1.4654003320494833,,,,,1.9402985878062602,,0.6893819334389857,,,6.444653727230655,-0.0718982920663489,,,,,,,,,98.9799774169922,1.3430119608621363,116.49998474121094,1.580732558551206,,,,,,,,,,,,,,,,,,,"Mauricio Robles","8895",500909
"Ramon Troncoso","LAD",3,4,,4.724091326826613,58,0,,,,74.30000305175781,,79,42,39,9,30,4,3,49,5.935396795243694,3.633916405251241,1.6333333333333333,1.0901749215753724,,,,,1.4670255117495752,,0.6950207468879668,,,4.613542344373144,-0.07248363013769854,,,,,,,,,232.72002258300782,3.1321670662771535,253.50001525878906,3.411843941408717,,,,,,,,,,,,,,,,,,,"Ramon Troncoso","4685",470462
"Eddie Kunz","SDP",2,6,,5.935396795243694,46,4,,,,74.30000305175781,,86,52,49,8,54,1,5,34,4.118438592618073,6.541049529452234,0.6296296296296297,0.9690443747336643,,,,,1.884252950871014,,0.6832298136645962,,,5.892142561035618,-0.07248363013769854,,,,,,,,,118.82002258300784,1.5991927012470932,158.50001525878906,2.1332437247462432,,,,,,,,,,,,,,,,,,,"Eddie Kunz","2862",446333
"Donovan Hand","MIL",4,5,,5.180723103217031,43,3,,,,74.69999694824219,,90,46,43,9,22,1,4,37,4.457831507419305,2.6506025179249924,1.6818181818181819,1.0843373936965879,,,,,1.4993307172100967,,0.663983903420523,,,4.6451989356249115,-0.07287384559475463,,,,,,,,,204.07997741699222,2.731994454543208,252.49998474121094,3.380187350156949,,,,,,,,,,,,,,,,,,,"Donovan Hand","8728",518764
"Zach Putnam","COL",5,4,,4.44,48,3,,,,75,,81,40,37,7,24,1,5,54,6.48,2.88,2.25,0.84,,,,,1.4,,0.6827731092436975,,,3.958719619115194,-0.07316651463042945,,,,,,,,,279.29999999999995,3.7239999999999993,305,4.066666666666666,,,,,,,,,,,,,,,,,,,"Zach Putnam","9080",474029
"Chien-Ming Wang","WSN",4,5,,4.68,15,14,,,,75,,84,42,39,9,20,0,3,39,4.68,2.4,1.95,1.08,,,,,1.3866666666666667,,0.6783369803063457,,,4.465386285781861,-0.07316651463042945,,,,,,,,,234.9,3.132,267,3.56,,,,,,,,,,,,,,,,,,,"Chien-Ming Wang","2074",425426
"Edward Mujica","FLA",6,4,,3.58565722519844,63,0,,,,75.30000305175781,,70,32,30,10,15,3,1,68,8.127489710449797,1.79282861259922,4.533333333333333,1.1952190750661467,,,,,1.1288180153402496,,0.7464788732394366,,,3.5831551874793957,-0.07345918366610427,,,,,,,,,340.2200225830078,4.518194007896068,334.50001525878906,4.442231098302464,,,,,,,,,,,,,,,,,,,"Edward Mujica","3970",465629
"Ryan Pope","NYY",4,6,,6.2151391903439634,39,8,,,,75.30000305175781,,95,56,52,13,31,1,4,44,5.258963930291046,3.7051791327050547,1.4193548387096775,1.5537847975859909,,,,,1.6733067050926054,,0.6493506493506493,,,5.495505707585231,-0.07345918366610427,,,,,,,,,133.3200225830078,1.770518156438449,190.50001525878906,2.52988057819663,,,,,,,,,,,,,,,,,,,"Ryan Pope","sa390383",519143
"Brett Tomko","CIN",3,6,,6.334661097850578,18,12,,,,75.30000305175781,,94,57,53,15,33,1,4,46,5.498007745304275,3.944222947718284,1.393939393939394,1.79282861259922,,,,,1.686586917037785,,0.660377358490566,,,5.867351642050254,-0.07345918366610427,,,,,,,,,109.32002258300778,1.4517930697541426,162.50001525878906,2.1580346437316065,,,,,,,,,,,,,,,,,,,"Brett Tomko","1056",123387
"Stephen Strasburg","WSN",6,3,,2.853368675135933,14,14,,,,75.69999694824219,,64,26,24,5,23,1,1,78,9.273448194191783,2.734478313671936,3.391304347826087,0.594451807319986,,,,,1.149273494151973,,0.7625,,,2.7743955226912,-0.07384939912316035,,,,,,,,,416.2799774169922,5.499075220592311,397.49998474121094,5.250990763090661,,,,,,,,,,,,,,,,,,,"Stephen Strasburg","10131",544931
"Hisanori Takahashi","LAA",4,3,,3.5667108439199167,64,0,,,,75.69999694824219,,69,32,30,8,26,5,0,73,8.678996386871797,3.0911493980639277,2.8076923076923075,0.9511228917119777,,,,,1.254953815453304,,0.7517899761336516,,,3.5009477316378494,-0.07384939912316035,,,,,,,,,350.37997741699223,4.628533573872598,342.49998474121094,4.5244385541440115,,,,,,,,,,,,,,,,,,,"Hisanori Takahashi","10091",538227
"Fernando Rodriguez Jr.","HOU",5,5,,3.9233819283119082,62,0,,,,75.69999694824219,,66,35,33,9,41,6,4,88,10.462351808831755,4.874504820023886,2.1463414634146343,1.070013253175975,,,,,1.4134742974053003,,0.7627118644067796,,,4.029349338144504,-0.07384939912316035,,,,,,,,,318.87997741699223,4.212417308748608,302.49998474121094,3.9960369476373567,,,,,,,,,,,,,,,,,,,"Fernando Rodriguez Jr.","7558",451775
"Addison Reed","CHW",4,3,,3.6710526315789473,58,0,,,,76,,67,33,31,8,28,1,5,81,9.592105263157896,3.3157894736842106,2.892857142857143,0.9473684210526315,,,,,1.25,,0.7398568019093079,,,3.564859969992387,-0.07414206815883517,,,,,,,,,352.79999999999995,4.6421052631578945,339,4.4605263157894735,,,,,,,,,,,,,,,,,,,"Addison Reed","10586",592665
"Mike McClendon","MIL",6,5,,4.0104847675094595,45,1,,,,76.30000305175781,,80,36,34,6,24,1,4,49,5.779816282587163,2.8309304241243245,2.0416666666666665,0.7077326060310811,,,,,1.3630405745783785,,0.7112970711297072,,,3.864180485522401,-0.07443473719450999,,,,,,,,,296.82002258300787,3.8901705204606762,317.50001525878906,4.161205800259459,,,,,,,,,,,,,,,,,,,"Mike McClendon","9587",501873
"Nick Hagadone","CLE",6,5,,4.246395636186487,56,0,,,,76.30000305175781,,73,39,36,8,33,1,4,63,7.4311923633263515,3.892529333170946,1.9090909090909092,0.9436434747081082,,,,,1.3892528933202704,,0.7067510548523207,,,4.19183446979605,-0.07443473719450999,,,,,,,,,291.4200225830079,3.8193972598575683,292.50001525878906,3.833551815985811,,,,,,,,,,,,,,,,,,,"Nick Hagadone","1351",444935
"Aroldis Chapman","CIN",6,5,,3.872229619518996,57,7,,,,76.69999694824219,,60,35,33,8,54,1,3,98,11.499348567056412,6.336375741031084,1.8148148148148149,0.9387223320046051,,,,,1.4863103590072915,,0.7684824902723736,,,4.0553732889535805,-0.07482495265156608,,,,,,,,,338.1799774169922,4.409126347751994,304.49998474121094,3.9700129968282805,,,,,,,,,,,,,,,,,,,"Aroldis Chapman","10233",547973
"Ronald Uviedo","TOR",3,5,,6.1016951580299335,41,6,,,,76.69999694824219,,86,56,52,16,39,1,5,60,7.040417490034538,4.57627136852245,1.5384615384615385,1.8774446640092102,,,,,1.6297262708413283,,0.672514619883041,,,5.893704522462598,-0.07482495265156608,,,,,,,,,135.17997741699216,1.7624508839056767,163.49998474121094,2.1316817633192624,,,,,,,,,,,,,,,,,,,"Ronald Uviedo","sa386157",468476
"Erik Bedard","PIT",4,4,,3.725743708019826,15,15,,,,77.30000305175781,,72,34,32,7,28,0,1,70,8.150064361293369,3.2600257445173475,2.5,0.8150064361293369,,,,,1.2936610097291061,,0.7317073170731707,,,3.516977469478921,-0.07541029072291572,,,,,,,,,351.7200225830078,4.550064795566779,348.50001525878906,4.508408816302939,,,,,,,,,,,,,,,,,,,"Erik Bedard","126",407853
"Erik Hamren","SDP",3,3,,3.4928847262685867,65,0,,,,77.30000305175781,,68,32,30,7,31,4,6,71,8.266493852168988,3.609314217144206,2.2903225806451615,0.8150064361293369,,,,,1.2807243996318152,,0.7511210762331838,,,3.8015828916193244,-0.07541029072291572,,,,,,,,,340.1200225830078,4.400000118438203,326.50001525878906,4.223803394162537,,,,,,,,,,,,,,,,,,,"Erik Hamren","9133",543271
"Blake Hawksworth","LAD",5,5,,4.191461671522304,47,7,,,,77.30000305175781,,77,39,36,9,26,3,2,54,6.287192507283456,3.0271667627661083,2.076923076923077,1.047865417880576,,,,,1.3324708400209793,,0.7079646017699115,,,4.228491024829929,-0.07541029072291572,,,,,,,,,285.1200225830079,3.6884865630871952,293.50001525878906,3.7968952609519313,,,,,,,,,,,,,,,,,,,"Blake Hawksworth","8963",458003
"Gustavo Chacin","NYM",3,6,,5.472186071154119,34,10,,,,77.30000305175781,,94,50,47,10,32,3,4,40,4.657179635024782,3.725743708019826,1.25,1.1642949087561956,,,,,1.6300128722586738,,0.6785714285714286,,,5.069370681153848,-0.07541029072291572,,,,,,,,,176.62002258300785,2.2848643675311147,228.50001525878906,2.9560156046280124,,,,,,,,,,,,,,,,,,,"Gustavo Chacin","2060",407860
"Armando Gabino","BAL",4,6,,5.444015657835487,39,5,,,,77.69999694824219,,88,50,47,10,38,2,5,46,5.328185537456008,4.401544574420181,1.2105263157894737,1.1583012037947844,,,,,1.6216216853126981,,0.6785714285714286,,,5.1746785194899605,-0.0758005061799718,,,,,,,,,186.17997741699224,2.396138799606532,221.49998474121094,2.8507077662919,,,,,,,,,,,,,,,,,,,"Armando Gabino","3387",471803
"Dallas Trahern","FLA",3,6,,6.023166259732879,18,13,,,,77.69999694824219,,98,56,52,9,40,1,5,33,3.8223939725227885,4.633204815179138,0.825,1.042471083415306,,,,,1.7760618458186694,,0.6539074960127591,,,5.419208773624415,-0.0758005061799718,,,,,,,,,140.47997741699226,1.8079791883462917,202.49998474121094,2.6061775121574455,,,,,,,,,,,,,,,,,,,"Dallas Trahern","sa262435",448249
"Greg Smith","LAA",3,6,,6.4864867412507925,17,16,,,,77.69999694824219,,98,60,56,15,39,1,4,39,4.517374694799659,4.517374694799659,1,1.7374518056921766,,,,,1.763191832443172,,0.6637931034482759,,,6.191409576154271,-0.0758005061799718,,,,,,,,,84.67997741699224,1.0898324419935252,142.49998474121094,1.8339767096275894,,,,,,,,,,,,,,,,,,,"Greg Smith","3455",460105
"Daniel Meadows","MIL",6,5,,4.269230769230769,42,1,,,,78,,75,40,37,10,30,1,4,65,7.5,3.4615384615384617,2.1666666666666665,1.1538461538461537,,,,,1.3461538461538463,,0.7142857142857143,,,4.333078593474168,-0.07609317521564662,,,,,,,,,287.20000000000005,3.6820512820512827,288,3.6923076923076925,,,,,,,,,,,,,,,,,,,"Daniel Meadows","sa455781",543527
"John Lamb","KCR",4,5,,4.846153846153846,17,17,,,,78,,85,45,42,7,37,2,5,49,5.653846153846154,4.269230769230769,1.3243243243243243,0.8076923076923077,,,,,1.564102564102564,,0.6862745098039216,,,4.551027311422886,-0.07609317521564662,,,,,,,,,242.10000000000002,3.103846153846154,271,3.4743589743589745,,,,,,,,,,,,,,,,,,,"John Lamb","8493",543424
"Ian Snell","LAD",3,6,,5.402298640019066,16,15,,,,78.30000305175781,,84,50,47,12,42,1,3,54,6.2068963098091405,4.827586018740442,1.2857142857142858,1.3793102910686978,,,,,1.6091953395801475,,0.6959706959706959,,,5.362550945648265,-0.07638584425132144,,,,,,,,,186.4200225830078,2.380843107500016,208.50001525878906,2.6628353401335954,,,,,,,,,,,,,,,,,,,"Ian Snell","2227",430636
"Jeff Samardzija","CHC",5,5,,4.116899778447028,71,0,,,,78.69999694824219,,71,39,36,8,46,2,5,68,7.776366248177719,5.260483050237869,1.4782608695652173,0.9148666174326727,,,,,1.4866582533280932,,0.7372400756143668,,,4.5628704623006575,-0.07677605970837753,,,,,,,,,282.37997741699223,3.5880557606971974,272.49998474121094,3.4625158234812026,,,,,,,,,,,,,,,,,,,"Jeff Samardzija","3254",502188
"Miguel Batista","NYM",3,3,,4.45997475998428,41,7,,,,78.69999694824219,,78,42,39,6,42,5,6,49,5.603558031775121,4.803049741521532,1.1666666666666667,0.6861499630745046,,,,,1.5247776957211212,,0.6989247311827957,,,4.6009899046936855,-0.07677605970837753,,,,,,,,,259.7799774169922,3.300889294669719,269.49998474121094,3.4243963810881746,,,,,,,,,,,,,,,,,,,"Miguel Batista","46",110683
"Alfredo Simon","BAL",4,5,,5.146124723058785,27,10,,,,78.69999694824219,,87,48,45,11,29,3,3,54,6.175349667670541,3.316391488193439,1.8620689655172413,1.257941598969925,,,,,1.4739517725304172,,0.6759443339960239,,,4.689935270277418,-0.07677605970837753,,,,,,,,,232.8799774169922,2.9590849612122345,262.49998474121094,3.3354510155044426,,,,,,,,,,,,,,,,,,,"Alfredo Simon","2155",430580
"Alfredo Aceves","BOS",6,3,,3.759493670886076,40,5,,,,79,,75,35,33,7,31,1,9,52,5.924050632911392,3.5316455696202533,1.6774193548387097,0.7974683544303798,,,,,1.3417721518987342,,0.738045738045738,,,4.379816665528696,-0.07706872874405235,,,,,,,,,287.5,3.6392405063291138,288,3.6455696202531644,,,,,,,,,,,,,,,,,,,"Alfredo Aceves","5164",469686
"Enrique Gonzalez","DET",4,8,,6.242118296980665,35,10,,,,79.30000305175781,,100,59,55,13,38,3,4,46,5.220680757474738,4.312736277913914,1.2105263157894737,1.475409779286339,,,,,1.740226919158246,,0.659432387312187,,,5.585285304543628,-0.07736139777972717,,,,,,,,,132.92002258300784,1.6761666767686392,193.50001525878906,2.4401009812382326,,,,,,,,,,,,,,,,,,,"Enrique Gonzalez","2568",434619
"Deunte Heath","CHW",3,6,,6.323714169365672,33,11,,,,79.69999694824219,,92,60,56,12,60,1,5,64,7.2271019078464835,6.775408038606078,1.0666666666666667,1.3550816077212156,,,,,1.9071518923483775,,0.6804733727810651,,,5.8233788646877045,-0.07775161323678326,,,,,,,,,135.97997741699217,1.7061478371862253,175.49998474121094,2.2020074210941565,,,,,,,,,,,,,,,,,,,"Deunte Heath","7371",445177
"D.J. Carrasco","NYM",3,3,,4.3875,48,4,,,,80,,84,42,39,7,30,3,5,56,6.3,3.375,1.8666666666666667,0.7875,,,,,1.425,,0.690978886756238,,,4.07538628578186,-0.07804428227245808,,,,,,,,,294.5,3.68125,316,3.95,,,,,,,,,,,,,,,,,,,"D.J. Carrasco","1666",425647
"Clay Hensley","SFG",5,6,,4.05,41,9,,,,80,,78,39,36,8,31,2,4,57,6.4125,3.4875,1.8387096774193548,0.9,,,,,1.3625,,0.7157464212678937,,,4.2128862857818605,-0.07804428227245808,,,,,,,,,299.8,3.7475,305,3.8125,,,,,,,,,,,,,,,,,,,"Clay Hensley","4593",454535
"Jesse Litsch","TOR",4,5,,5.175,22,13,,,,80,,89,49,46,12,27,1,4,55,6.1875,3.0375,2.037037037037037,1.35,,,,,1.45,,0.6754032258064516,,,4.76288628578186,-0.07804428227245808,,,,,,,,,229.99999999999997,2.8749999999999996,261,3.2625,,,,,,,,,,,,,,,,,,,"Jesse Litsch","3688",446209
"Daisuke Matsuzaka","BOS",5,4,,4.3711081775894955,14,14,,,,80.30000305175781,,75,42,39,8,40,0,4,66,7.397259992843761,4.483187874450764,1.65,0.8966375748901528,,,,,1.4321294598939942,,0.7032755298651253,,,4.320529449512081,-0.0783369513081329,,,,,,,,,300.8200225830078,3.746201882322627,297.50001525878906,3.704856836269779,,,,,,,,,,,,,,,,,,,"Daisuke Matsuzaka","7775",493137
"Nate Jones","CHW",3,6,,6.164383327369801,39,8,,,,80.30000305175781,,101,59,55,10,48,2,6,49,5.491905146202186,5.379825449340918,1.0208333333333333,1.120796968612691,,,,,1.8555416480365663,,0.6666666666666666,,,5.441326418124772,-0.0783369513081329,,,,,,,,,144.62002258300777,1.8009964767970448,207.50001525878906,2.5840598676570883,,,,,,,,,,,,,,,,,,,"Nate Jones","4696",518858
"B.J. LaMura","TOR",4,7,,6.164383327369801,34,12,,,,80.30000305175781,,90,59,55,12,61,1,5,51,5.716064539924725,6.836861508537416,0.8360655737704918,1.3449563623352294,,,,,1.8804482473390707,,0.6855439642324889,,,6.163617797897396,-0.0783369513081329,,,,,,,,,116.62002258300777,1.4523040865619854,149.50001525878906,1.861768487884465,,,,,,,,,,,,,,,,,,,"B.J. LaMura","sa202633",459333
"Manny Parra","MIL",5,6,,4.795539214805753,23,12,,,,80.69999694824219,,84,46,43,10,41,2,2,71,7.918215912818801,4.572490879233392,1.7317073170731707,1.115241677861803,,,,,1.5489467748080596,,0.7117117117117117,,,4.475200467002205,-0.07872716676518898,,,,,,,,,268.7799774169922,3.3306070332242657,286.49998474121094,3.550185818779656,,,,,,,,,,,,,,,,,,,"Manny Parra","4279",448159
"Daniel McCutchen","PIT",3,5,,4.555555555555555,71,0,,,,81,,86,44,41,8,34,5,4,48,5.333333333333333,3.7777777777777777,1.411764705882353,0.8888888888888888,,,,,1.4814814814814814,,0.698529411764706,,,4.531559125288034,-0.0790198358008638,,,,,,,,,259.4,3.202469135802469,283,3.493827160493827,,,,,,,,,,,,,,,,,,,"Daniel McCutchen","263",445216
"Miguel De Los Santos","TEX",5,6,,5.424354039928477,21,18,,,,81.30000305175781,,82,52,49,11,63,1,6,78,8.63468602274329,6.974169479908042,1.2380952380952381,1.2177121314125152,,,,,1.7835177682304517,,0.7175925925925927,,,5.41161005844881,-0.07931250483653862,,,,,,,,,202.12002258300785,2.486101045461618,212.50001525878906,2.613776227333051,,,,,,,,,,,,,,,,,,,"Miguel De Los Santos","sa393252",501551
"Chad Gaudin","FLA",5,5,,4.390243902439025,31,11,,,,82,,83,43,40,8,35,1,6,71,7.7926829268292686,3.841463414634146,2.0285714285714285,0.8780487804878049,,,,,1.4390243902439024,,0.702247191011236,,,4.061971651635519,-0.07999538932926953,,,,,,,,,311.6000000000001,3.800000000000001,325,3.9634146341463414,,,,,,,,,,,,,,,,,,,"Chad Gaudin","1783",429985
"Henry Villar","HOU",3,6,,5.7073170731707314,41,7,,,,82,,96,56,52,13,36,2,5,51,5.597560975609756,3.951219512195122,1.4166666666666667,1.4268292682926829,,,,,1.6097560975609757,,0.6678383128295255,,,5.342459456513568,-0.07999538932926953,,,,,,,,,176.30000000000007,2.150000000000001,220,2.682926829268293,,,,,,,,,,,,,,,,,,,"Henry Villar","5360",492821
"Josh Muecke","COL",4,7,,6.2560975609756095,18,15,,,,82,,104,61,57,13,41,2,5,42,4.609756097560975,4.5,1.024390243902439,1.4268292682926829,,,,,1.7682926829268293,,0.6624605678233438,,,5.744898480903812,-0.07999538932926953,,,,,,,,,122.50000000000006,1.493902439024391,187,2.2804878048780486,,,,,,,,,,,,,,,,,,,"Josh Muecke","sa226123",450264
"Kris Medlen","ATL",5,4,,3.827460368402405,29,9,,,,82.30000305175781,,80,37,35,8,26,1,3,67,7.326852705227461,2.8432562736703577,2.576923076923077,0.8748480842062639,,,,,1.2879707906369997,,0.7278481012658228,,,3.717974352445153,-0.08028805836494435,,,,,,,,,349.6200225830079,4.248116763290211,354.50001525878906,4.307411933336708,,,,,,,,,,,,,,,,,,,"Kris Medlen","9417",450665
"Junichi Tazawa","BOS",6,7,,5.441354493418332,25,14,,,,82.69999694824219,,95,54,50,14,30,1,5,54,5.876662852891799,3.2648126960509996,1.8,1.523579258157133,,,,,1.5114873592828701,,0.6736242884250474,,,5.189836184274931,-0.08067827382200043,,,,,,,,,195.7799774169922,2.367351688531756,234.49998474121094,2.83555010150693,,,,,,,,,,,,,,,,,,,"Junichi Tazawa","4079",547749
"Douglas Arguello","TEX",5,6,,5.096385542168675,26,14,,,,83,,90,50,47,8,49,1,5,53,5.746987951807229,5.313253012048193,1.0816326530612246,0.8674698795180723,,,,,1.6746987951807228,,0.6964006259780908,,,4.9530971291553545,-0.08097094285767525,,,,,,,,,225.80000000000007,2.720481927710844,255,3.072289156626506,,,,,,,,,,,,,,,,,,,"Douglas Arguello","sa244115",466338
"Phil Coke","DET",6,5,,4.1056421064894915,59,7,,,,83.30000305175781,,85,41,38,6,32,4,3,60,6.4825927997202495,3.4573828265174664,1.875,0.6482592799720249,,,,,1.4045617732727207,,0.6998158379373849,,,3.781688779082556,-0.08126361189335007,,,,,,,,,336.62002258300777,4.041056545626433,353.50001525878906,4.243697506699304,,,,,,,,,,,,,,,,,,,"Phil Coke","5535",457435
"Bryan Augenstein","TBR",5,6,,4.838709853841943,29,12,,,,83.69999694824219,,94,48,45,11,25,3,5,56,6.0215055958921955,2.6881721410233013,2.24,1.1827957420502526,,,,,1.4217443768078795,,0.6853281853281854,,,4.471025526065503,-0.08165382735040616,,,,,,,,,261.6799774169922,3.1264036673598445,297.49998474121094,3.554360759716358,,,,,,,,,,,,,,,,,,,"Bryan Augenstein","936",446248
"Kyle Waldrop","MIN",4,6,,5.053763625123807,59,0,,,,83.69999694824219,,102,50,47,8,28,2,4,36,3.870967883073554,3.0107527979460977,1.2857142857142858,0.8602150851274565,,,,,1.5531661259245741,,0.6734006734006734,,,4.554657548230672,-0.08165382735040616,,,,,,,,,231.77997741699227,2.7691754583971937,290.49998474121094,3.4707287375511884,,,,,,,,,,,,,,,,,,,"Kyle Waldrop","7513",448252
"Carlos Gutierrez","MIN",3,5,,5.806451824610331,38,8,,,,83.69999694824219,,102,58,54,8,48,2,5,45,4.838709853841943,5.161290510764739,0.9375,0.8602150851274565,,,,,1.792114760682201,,0.6628242074927954,,,5.092291976435332,-0.08165382735040616,,,,,,,,,186.77997741699227,2.2315410301925334,245.49998474121094,2.933094309346528,,,,,,,,,,,,,,,,,,,"Carlos Gutierrez","sa454388",493555
"Cole De Vries","MIN",3,5,,5.913978710251263,46,3,,,,83.69999694824219,,105,59,55,12,34,2,4,48,5.161290510764739,3.65591411179169,1.411764705882353,1.2903226276911848,,,,,1.6606930115655063,,0.6546644844517184,,,5.104239408173214,-0.08165382735040616,,,,,,,,,180.7799774169922,2.1598564397652447,244.49998474121094,2.921146877608647,,,,,,,,,,,,,,,,,,,"Cole De Vries","8201",453301
"Jonny Venters","ATL",6,2,,2.775800611256569,83,0,,,,84.30000305175781,,64,28,26,5,41,5,6,94,10.035586825312212,4.3772240408276675,2.292682926829268,0.5338078098570326,,,,,1.245551556333076,,0.7857142857142857,,,3.2389094097246733,-0.0822391654217558,,,,,,,,,442.92002258300784,5.254092604374729,403.50001525878906,4.786476876057187,,,,,,,,,,,,,,,,,,,"Jonny Venters","7175",458924
"Jeff Manship","MIN",4,6,,5.4191265234694415,24,14,,,,84.69999694824219,,105,55,51,11,27,2,4,47,4.994096992216936,2.8689493359544103,1.7407407407407407,1.1688312109443895,,,,,1.558441614592519,,0.6603773584905661,,,4.701891659055631,-0.08262938087881189,,,,,,,,,219.4799774169922,2.5912631089126283,281.49998474121094,3.3234946267262293,,,,,,,,,,,,,,,,,,,"Jeff Manship","6865",453249
"Jordan Swagerty","STL",4,4,,4.235294117647059,36,12,,,,85,,82,43,40,10,34,0,6,66,6.988235294117647,3.6,1.9411764705882353,1.0588235294117647,,,,,1.3647058823529412,,0.7156862745098039,,,4.413621579899507,-0.0829220499144867,,,,,,,,,304.79999999999995,3.585882352941176,307,3.611764705882353,,,,,,,,,,,,,,,,,,,"Jordan Swagerty","sa526415",543838
"Lenny DiNardo","OAK",4,7,,5.5058823529411764,19,14,,,,85,,106,56,52,11,29,1,5,45,4.764705882352941,3.070588235294118,1.5517241379310345,1.1647058823529413,,,,,1.588235294117647,,0.6605351170568562,,,4.848915697546566,-0.0829220499144867,,,,,,,,,206.09999999999997,2.424705882352941,270,3.176470588235294,,,,,,,,,,,,,,,,,,,"Lenny DiNardo","1894",430837
"Eric Stults","CHW",4,6,,5.145857826183335,41,8,,,,85.69999694824219,,95,52,49,13,34,3,5,61,6.406067906064968,3.5705952263312937,1.7941176470588236,1.3652275865384358,,,,,1.5052509287475062,,0.6949458483754513,,,4.939038629305822,-0.08360493440721761,,,,,,,,,232.2799774169922,2.7103848971812194,264.49998474121094,3.086347656476039,,,,,,,,,,,,,,,,,,,"Eric Stults","8011",445590
"Rafael Dolis","CHC",6,9,,5.0408403195265326,42,12,,,,85.69999694824219,,93,51,48,7,53,2,5,50,5.250875332840138,5.565927852810546,0.9433962264150944,0.7351225465976193,,,,,1.7036173302103559,,0.6975036710719531,,,4.950707241156578,-0.08360493440721761,,,,,,,,,232.27997741699215,2.7103848971812186,263.49998474121094,3.0746790446252827,,,,,,,,,,,,,,,,,,,"Rafael Dolis","4185",503569
"Luis Avilán","ATL",4,7,,5.35589283949694,38,8,,,,85.69999694824219,,96,55,51,12,39,2,5,56,5.880980372780955,4.095682759615308,1.435897435897436,1.2602100798816331,,,,,1.5752625998520413,,0.676818950930626,,,5.079061971514893,-0.08360493440721761,,,,,,,,,216.97997741699214,2.531855135864654,252.49998474121094,2.946324314266968,,,,,,,,,,,,,,,,,,,"Luis Avilan","2882",501593
"Sean Gallagher","CIN",4,7,,5.565927852810546,30,13,,,,85.69999694824219,,94,57,53,13,48,1,5,59,6.196032892751362,5.0408403195265326,1.2291666666666667,1.3652275865384358,,,,,1.6569428828073325,,0.6865912762520194,,,5.475794774440592,-0.08360493440721761,,,,,,,,,188.8799774169922,2.203967142858415,218.49998474121094,2.549591511341269,,,,,,,,,,,,,,,,,,,"Sean Gallagher","8261",451595
"Tyson Ross","OAK",5,8,,5.110080931694909,26,17,,,,86.30000305175781,,95,52,49,10,44,2,3,58,6.048667225271524,4.588644101930122,1.3181818181818181,1.0428736595295731,,,,,1.6106604297178964,,0.696,,,4.821446477193903,-0.08419027247856725,,,,,,,,,243.62002258300788,2.822943383175763,276.50001525878906,3.2039398085879576,,,,,,,,,,,,,,,,,,,"Tyson Ross","7872",475115
"Josh Geer","SDP",3,7,,5.735805127412652,16,14,,,,86.30000305175781,,108,59,55,15,21,1,5,38,3.962919906212378,2.1900346850121037,1.8095238095238095,1.5643104892943598,,,,,1.494785578659055,,0.6481481481481481,,,5.308120851641037,-0.08419027247856725,,,,,,,,,171.32002258300787,1.9851682100203392,234.50001525878906,2.717265434140823,,,,,,,,,,,,,,,,,,,"Josh Geer","4781",446207
"Bobby LaFromboise","SEA",3,8,,5.944379859318567,40,8,,,,86.30000305175781,,107,61,57,13,39,2,6,48,5.005793565741951,4.067207272165335,1.2307692307692308,1.355735757388445,,,,,1.6917728254590854,,0.6651017214397497,,,5.435583187805763,-0.08419027247856725,,,,,,,,,161.52002258300791,1.8716108559826752,223.50001525878906,2.5898030979760978,,,,,,,,,,,,,,,,,,,"Bobby LaFromboise","7758",489039
"Bryan Morris","PIT",4,7,,5.086505369351586,28,14,,,,86.69999694824219,,101,52,49,9,40,1,5,56,5.81314899354467,4.152249281103336,1.4,0.9342560882482505,,,,,1.6262976350988063,,0.6931464174454829,,,4.640149895099825,-0.08458048793562334,,,,,,,,,245.27997741699215,2.8290655830520777,293.49998474121094,3.3852363906820364,,,,,,,,,,,,,,,,,,,"Bryan Morris","10234",457768
"Nate Robertson","CHC",3,8,,5.81314899354467,22,16,,,,86.69999694824219,,109,61,56,11,34,1,5,45,4.671280441241253,3.529411888937835,1.3235294117647058,1.1418685523034173,,,,,1.6493656866604915,,0.6426332288401254,,,4.986170668525102,-0.08458048793562334,,,,,,,,,195.87997741699212,2.259284709478453,263.49998474121094,3.039215617256758,,,,,,,,,,,,,,,,,,,"Nate Robertson","1620",425146
"Eric Hurley","LAA",4,7,,5.709342761517086,17,17,,,,86.69999694824219,,110,59,55,11,38,0,5,37,3.8408305850205853,3.9446368170481687,0.9736842105263158,1.1418685523034173,,,,,1.7070358155647045,,0.6711915535444948,,,5.309123390388695,-0.08458048793562334,,,,,,,,,165.27997741699215,1.90634352058467,235.49998474121094,2.7162628953931653,,,,,,,,,,,,,,,,,,,"Eric Hurley","8364",457922
"Kyler Newby","BAL",3,7,,6.0207614575998365,36,11,,,,86.69999694824219,,103,62,58,16,39,1,6,59,6.12456768962742,4.048443049075752,1.5128205128205128,1.6608997124413343,,,,,1.637831660879649,,0.6688963210702341,,,5.6205420864714455,-0.08458048793562334,,,,,,,,,159.97997741699214,1.845213183946204,208.49998474121094,2.4048441993104155,,,,,,,,,,,,,,,,,,,"Kyler Newby","sa288761",460313
"Marco Estrada","MIL",5,4,,4.0344827586206895,30,11,,,,87,,83,42,39,10,28,2,3,73,7.551724137931035,2.896551724137931,2.607142857142857,1.0344827586206897,,,,,1.2758620689655173,,0.711340206185567,,,3.9104437570462283,-0.08487315697129816,,,,,,,,,358.00000000000006,4.114942528735633,358,4.114942528735632,,,,,,,,,,,,,,,,,,,"Marco Estrada","1118",462136
"Michael Crotta","PIT",3,6,,5.379310344827586,27,15,,,,87,,110,56,52,9,26,2,5,44,4.551724137931035,2.689655172413793,1.6923076923076923,0.9310344827586207,,,,,1.5632183908045978,,0.6482982171799028,,,4.4276851363565735,-0.08487315697129816,,,,,,,,,242.10000000000002,2.7827586206896555,313,3.5977011494252875,,,,,,,,,,,,,,,,,,,"Michael Crotta","9337",453273
"Garrett Olson","NYM",4,6,,4.758620689655173,34,13,,,,87,,84,49,46,11,50,2,4,64,6.620689655172414,5.172413793103448,1.28,1.1379310344827587,,,,,1.5402298850574712,,0.7166947723440136,,,5.05986904440255,-0.08487315697129816,,,,,,,,,256.1,2.9436781609195406,258,2.9655172413793105,,,,,,,,,,,,,,,,,,,"Garrett Olson","9889",457796
"Daryl Thompson","MIN",3,5,,5.644241929587906,19,17,,,,87.69999694824219,,106,59,55,13,32,1,5,56,5.746864510125868,3.283922577214782,1.75,1.3340935469935051,,,,,1.5735462349154163,,0.659432387312187,,,4.94100778915715,-0.08555604146402906,,,,,,,,,214.47997741699226,2.445609861806172,270.49998474121094,3.0843784966247103,,,,,,,,,,,,,,,,,,,"Daryl Thompson","6603",444354
"Jeff Allison","FLA",3,9,,6.87571289604345,28,14,,,,87.69999694824219,,122,72,67,16,38,2,6,34,3.489167738290706,3.8996580604425537,0.8947368421052632,1.641961288607391,,,,,1.82440143178599,,0.6395348837209303,,,6.126868719818043,-0.08555604146402906,,,,,,,,,70.97997741699226,0.8093498276731119,166.49998474121094,1.898517565963817,,,,,,,,,,,,,,,,,,,"Jeff Allison","sa244371",456414
"Tony Pena Jr.","BOS",5,5,,5.318181818181818,38,8,,,,88,,110,56,52,8,34,1,5,38,3.8863636363636362,3.477272727272727,1.1176470588235294,0.8181818181818182,,,,,1.6363636363636365,,0.6626506024096385,,,4.673113558509133,-0.08584871049970388,,,,,,,,,225.80000000000007,2.565909090909092,295,3.352272727272727,,,,,,,,,,,,,,,,,,,"Tony Pena Jr.","2240",430640
"Collin Balester","DET",5,6,,5.318181818181818,43,8,,,,88,,102,56,52,12,38,2,5,62,6.340909090909091,3.8863636363636362,1.631578947368421,1.2272727272727273,,,,,1.5909090909090908,,0.6818181818181818,,,4.854931740327315,-0.08584871049970388,,,,,,,,,233.40000000000003,2.652272727272728,279,3.1704545454545454,,,,,,,,,,,,,,,,,,,"Collin Balester","6883",444446
"Chris Carpenter","CHC",4,6,,5.113636363636363,34,14,,,,88,,95,54,50,10,53,3,6,59,6.034090909090909,5.420454545454546,1.1132075471698113,1.0227272727272727,,,,,1.6818181818181819,,0.7014925373134329,,,5.173113558509133,-0.08584871049970388,,,,,,,,,222.20000000000005,2.5250000000000004,251,2.852272727272727,,,,,,,,,,,,,,,,,,,"Chris Carpenter","8556",452764
"Jose Quintana","CHW",4,8,,6.136363636363637,30,12,,,,88,,102,64,60,17,45,0,6,56,5.7272727272727275,4.6022727272727275,1.2444444444444445,1.7386363636363635,,,,,1.6704545454545454,,0.6737012987012987,,,6.002659013054588,-0.08584871049970388,,,,,,,,,135.90000000000003,1.5443181818181821,178,2.022727272727273,,,,,,,,,,,,,,,,,,,"Jose Quintana","11423",500779
"Tyler Clippard","WSN",7,3,,2.8539070361332604,72,0,,,,88.30000305175781,,64,30,28,9,35,3,1,107,10.906001888080674,3.5673837951665757,3.057142857142857,0.9173272616142624,,,,,1.1211777641952094,,0.798611111111111,,,3.1499615929146616,-0.0861413795353787,,,,,,,,,482.3200225830078,5.4622877226888855,430.50001525878906,4.875424692867199,,,,,,,,,,,,,,,,,,,"Tyler Clippard","5640",461325
"Nate Adcock","KCR",4,5,,4.971815278159821,26,12,,,,88.69999694824219,,101,52,49,9,37,3,5,48,4.870349660238192,3.754227863100273,1.2972972972972974,0.913190561294661,,,,,1.555806141464978,,0.6858054226475279,,,4.682658045168468,-0.08653159499243479,,,,,,,,,253.07997741699216,2.8532129213563358,296.49998474121094,3.342728240613393,,,,,,,,,,,,,,,,,,,"Nate Adcock","3282",502264
"Scott Kazmir","LAA",5,8,,5.479143367767966,17,17,,,,88.69999694824219,,97,58,54,12,46,1,6,61,6.189402693219369,4.667418424394934,1.326086956521739,1.217587415059548,,,,,1.6121759291992164,,0.6735340729001584,,,5.167438219682918,-0.08653159499243479,,,,,,,,,222.5799774169922,2.509357216177482,253.49998474121094,2.857948066098943,,,,,,,,,,,,,,,,,,,"Scott Kazmir","4897",431148
"Derek Hankins","TEX",5,7,,6.392333929062627,28,12,,,,88.69999694824219,,111,67,63,17,39,1,5,45,4.565952806473305,3.957159098943531,1.1538461538461537,1.724915504667693,,,,,1.69109363202715,,0.6576862123613312,,,5.990437120602797,-0.08653159499243479,,,,,,,,,116.67997741699219,1.3154451119663144,180.49998474121094,2.034949165179064,,,,,,,,,,,,,,,,,,,"Derek Hankins","sa254024",458534
"Carlos Villanueva","TOR",4,4,,4.550561797752809,47,8,,,,89,,92,48,45,12,31,4,4,68,6.876404494382022,3.134831460674157,2.193548387096774,1.2134831460674158,,,,,1.3820224719101124,,0.7062146892655367,,,4.4298806678043325,-0.08682426402810961,,,,,,,,,302.79999999999995,3.4022471910112353,320,3.595505617977528,,,,,,,,,,,,,,,,,,,"Carlos Villanueva","4138",453646
"Samuel Deduno","MIN",5,5,,4.736841943385281,29,14,,,,89.30000305175781,,93,50,47,6,56,2,5,64,6.450167752694851,5.643896783607994,1.1428571428571428,0.6047032268151422,,,,,1.6685329776936333,,0.7041251778093883,,,4.514747937011748,-0.08711693306378443,,,,,,,,,290.22002258300785,3.249944150783487,313.50001525878906,3.5106383487701125,,,,,,,,,,,,,,,,,,,"Samuel Deduno","5285",465679
"Jeff Marquez","SEA",3,9,,5.946248397015565,21,19,,,,89.30000305175781,,111,63,59,14,37,1,5,42,4.232922587705996,3.7290032320267104,1.135135135135135,1.4109741959019986,,,,,1.6573347697896492,,0.661993769470405,,,5.533784856274302,-0.08711693306378443,,,,,,,,,158.02002258300774,1.7695410658767858,222.50001525878906,2.491601429507558,,,,,,,,,,,,,,,,,,,"Jeff Marquez","7456",457812
"Brandon Duckworth","BOS",5,6,,5.317725933427109,20,16,,,,89.69999694824219,,107,57,53,10,41,1,5,47,4.71571922398253,4.113712514537952,1.146341463414634,1.003344515740964,,,,,1.6499443147740296,,0.6791044776119403,,,4.965185682881057,-0.08750714852084052,,,,,,,,,218.57997741699222,2.4367891288013657,274.49998474121094,3.060200602900803,,,,,,,,,,,,,,,,,,,"Brandon Duckworth","954",346855
"Everett Teaford","KCR",5,8,,5.418060385001205,33,13,,,,89.69999694824219,,100,58,54,15,38,1,5,57,5.719063739723494,3.812709159815663,1.5,1.505016773611446,,,,,1.5384615908028114,,0.6837606837606838,,,5.3665234891774425,-0.08750714852084052,,,,,,,,,204.2799774169922,2.2773688335225235,238.49998474121094,2.6588627966044176,,,,,,,,,,,,,,,,,,,"Everett Teaford","3732",501870
"Chorye Spoone","BOS",4,7,,6.521739352316265,23,17,,,,89.69999694824219,,115,70,65,10,65,2,6,40,4.013378062963856,6.521739352316265,0.6153846153846154,1.003344515740964,,,,,2.006689031481928,,0.6626506024096386,,,5.957381926224899,-0.08750714852084052,,,,,,,,,108.77997741699221,1.2127088195973894,185.49998474121094,2.068004359556961,,,,,,,,,,,,,,,,,,,"Chorye Spoone","sa291699",461870
"Kelvin De La Cruz","DET",4,8,,6.622073803890362,24,19,,,,89.69999694824219,,102,72,66,15,73,1,6,61,6.12040154601988,7.324414964909037,0.8356164383561644,1.505016773611446,,,,,1.9509476694963188,,0.6688311688311688,,,6.481350728889625,-0.08750714852084052,,,,,,,,,99.07997741699222,1.1045705773453078,138.49998474121094,1.5440355568922353,,,,,,,,,,,,,,,,,,,"Kelvin De La Cruz","sa328950",456061
"Fabio Martinez","LAA",3,8,,7.123746061760844,21,20,,,,89.69999694824219,,94,76,71,13,113,2,7,84,8.428093932224098,11.337793027872893,0.7433628318584071,1.3043478704632532,,,,,2.307692386204217,,0.6938559322033898,,,7.0499126211428385,-0.08750714852084052,,,,,,,,,67.47997741699223,0.7522851695962584,87.49998474121094,0.9754736646390224,,,,,,,,,,,,,,,,,,,"Fabio Martinez","sa503611",516421
"Doug Mathis","BOS",4,4,,5.3,24,15,,,,90,,109,57,53,10,36,1,4,48,4.8,3.6,1.3333333333333333,1,,,,,1.6111111111111112,,0.6717557251908397,,,4.736497396892972,-0.08779981755651534,,,,,,,,,235.59999999999997,2.6177777777777775,296,3.2888888888888888,,,,,,,,,,,,,,,,,,,"Doug Mathis","3944",450545
"Scott Richmond","TOR",5,8,,6.3,20,16,,,,90,,108,67,63,19,41,0,3,61,6.1,4.1,1.4878048780487805,1.9,,,,,1.6555555555555554,,0.6699346405228758,,,5.880941841337416,-0.08779981755651534,,,,,,,,,141.49999999999994,1.5722222222222215,193,2.1444444444444444,,,,,,,,,,,,,,,,,,,"Scott Richmond","4307",446341
"Ramon Ortiz","SFG",3,5,,4.684385223747406,27,13,,,,90.30000305175781,,101,50,47,11,24,2,3,59,5.8803984723637654,2.392026497232718,2.4583333333333335,1.0963454778983293,,,,,1.3842745933059712,,0.6843065693430658,,,4.199251140905324,-0.08809248659219016,,,,,,,,,307.3200225830077,3.403322394206999,345.50001525878906,3.8261351448765364,,,,,,,,,,,,,,,,,,,"Ramon Ortiz","27",150009
"Charlie Haeger","BOS",4,7,,6.3787373259539155,20,18,,,,90.30000305175781,,104,68,64,12,76,0,5,58,5.780730701645735,7.574750574570274,0.7631578947368421,1.196013248616359,,,,,1.9933554143605985,,0.6862745098039216,,,6.15938396502658,-0.08809248659219016,,,,,,,,,123.22002258300773,1.3645627731859649,168.50001525878906,1.8660023207552814,,,,,,,,,,,,,,,,,,,"Charlie Haeger","3545",446624
"Steven Wright","CLE",2,7,,7.176079491698155,34,11,,,,90.30000305175781,,124,77,72,16,54,1,7,46,4.584717453029376,5.382059618773616,0.8518518518518519,1.5946843314884789,,,,,1.9712070208677028,,0.6491002570694088,,,6.336571112969743,-0.08809248659219016,,,,,,,,,58.020022583007744,0.6425251453175704,152.50001525878906,1.688815172812117,,,,,,,,,,,,,,,,,,,"Steven Wright","8185",453214
"Micah Owings","SDP",5,7,,4.465270271520655,33,11,,,,90.69999694824219,,89,48,45,10,43,1,5,65,6.449834836640947,4.266813815008626,1.5116279069767442,0.9922822825601456,,,,,1.4553473477548802,,0.711864406779661,,,4.613037937878094,-0.08848270204924624,,,,,,,,,302.7799774169922,3.338257856720471,309.49998474121094,3.412348347903767,,,,,,,,,,,,,,,,,,,"Micah Owings","4253",452249
"Brett Lorin","ARI",5,6,,5.060639641056743,21,17,,,,90.69999694824219,,101,55,51,14,30,1,6,57,5.65600901059283,2.976846847680437,1.9,1.389195195584204,,,,,1.4443219890597676,,0.6822262118491921,,,4.965849416121701,-0.08848270204924624,,,,,,,,,242.37997741699212,2.672326191535661,277.49998474121094,3.0595368696601595,,,,,,,,,,,,,,,,,,,"Brett Lorin","sa454589",543466
"Brayan Villarreal","DET",4,7,,5.65600901059283,28,15,,,,90.69999694824219,,103,61,57,14,47,2,5,59,5.854465467104859,4.663726728032684,1.2553191489361701,1.389195195584204,,,,,1.6538038042669094,,0.6825153374233128,,,5.450965198706661,-0.08848270204924624,,,,,,,,,193.17997741699213,2.129878543736115,233.49998474121094,2.5744210870751996,,,,,,,,,,,,,,,,,,,"Brayan Villarreal","5180",500903
"Héctor Santiago","CHW",5,9,,6.1521501518729025,29,14,,,,90.69999694824219,,105,66,62,15,53,2,6,62,6.1521501518729025,5.259096097568772,1.169811320754717,1.4884234238402185,,,,,1.7420066738278113,,0.6715328467153284,,,5.759675242169817,-0.08848270204924624,,,,,,,,,160.6799774169922,1.7715543861449519,205.49998474121094,2.2657110436120433,,,,,,,,,,,,,,,,,,,"Hector Santiago","4026",502327
"Johan Santana","NYM",6,4,,3.5604395604395602,14,14,,,,91,,87,39,36,9,24,1,1,69,6.824175824175824,2.3736263736263736,2.875,0.8901098901098901,,,,,1.2197802197802199,,0.7317073170731707,,,3.618792879188454,-0.08877537108492106,,,,,,,,,399.4999999999999,4.390109890109889,401,4.406593406593407,,,,,,,,,,,,,,,,,,,"Johan Santana","755",276371
"Jay Voss","DET",5,7,,5.323110446387252,35,12,,,,91.30000305175781,,105,58,54,12,40,1,6,53,5.22453432700971,3.943044775101668,1.325,1.1829134325305004,,,,,1.5881708121937275,,0.6786271450858035,,,5.084531890557177,-0.08906804012059588,,,,,,,,,223.02002258300786,2.442716485524959,268.50001525878906,2.9408543952246844,,,,,,,,,,,,,,,,,,,"Jay Voss","sa390455",519391
"Mike Colla","PIT",3,8,,5.914567162652502,35,11,,,,91.30000305175781,,105,64,60,18,38,1,6,59,5.815991043274961,3.745892536346585,1.5526315789473684,1.7743701487957506,,,,,1.566265007887607,,0.6706281833616299,,,5.741706019740787,-0.08906804012059588,,,,,,,,,167.2200225830079,1.8315445453842008,208.50001525878906,2.283680266041073,,,,,,,,,,,,,,,,,,,"Mike Colla","sa454777",457778
"Nelson Figueroa","TOR",5,8,,6.183206312646108,23,15,,,,91.69999694824219,,117,67,63,16,36,1,4,54,5.299891125125236,3.5332607500834907,1.5,1.5703381111482182,,,,,1.6684842430949818,,0.658499234303216,,,5.424513955591638,-0.08945825557765197,,,,,,,,,165.57997741699216,1.8056704790344729,238.49998474121094,2.6008723301902226,,,,,,,,,,,,,,,,,,,"Nelson Figueroa","683",150153
"Nate Bump","PHI",4,6,,5.576086956521739,18,18,,,,92,,121,61,57,11,24,1,5,35,3.4239130434782608,2.347826086956522,1.4583333333333333,1.076086956521739,,,,,1.576086956521739,,0.6481481481481481,,,4.764516720564469,-0.08975092461332679,,,,,,,,,213.89999999999998,2.3249999999999997,300,3.260869565217391,,,,,,,,,,,,,,,,,,,"Nate Bump","1755",425546
"Ryan Ketchner","LAA",3,7,,6.554347826086956,21,16,,,,92,,120,72,67,18,37,1,6,40,3.9130434782608696,3.619565217391304,1.0810810810810811,1.7608695652173914,,,,,1.7065217391304348,,0.644916540212443,,,6.1014732423036,-0.08975092461332679,,,,,,,,,98.40000000000009,1.0695652173913053,177,1.923913043478261,,,,,,,,,,,,,,,,,,,"Ryan Ketchner","sa199599",434702
"Robert Coello","TOR",5,7,,5.362946734925085,34,11,,,,92.30000305175781,,96,59,55,15,50,1,5,78,7.605633551348303,4.875406122659169,1.56,1.4626218367977506,,,,,1.581798430907197,,0.696,,,5.235570394720684,-0.09004359364900161,,,,,,,,,239.92002258300784,2.5993501045549388,257.50001525878906,2.7898158910611772,,,,,,,,,,,,,,,,,,,"Robert Coello","1149",445193
"Josh Wall","LAD",4,8,,6.045503592097369,36,12,,,,92.30000305175781,,111,66,62,13,54,2,7,56,5.460454857378269,5.265438612471902,1.037037037037037,1.2676055918913838,,,,,1.7876489116416951,,0.6743869209809263,,,5.625602884533418,-0.09004359364900161,,,,,,,,,163.52002258300786,1.7716144872856934,221.50001525878906,2.399783401248443,,,,,,,,,,,,,,,,,,,"Josh Wall","4436",476205
"Edgar Gonzalez","OAK",4,5,,5.032258064516129,21,16,,,,93,,109,56,52,9,33,1,5,53,5.129032258064516,3.193548387096774,1.606060606060606,0.8709677419354839,,,,,1.5268817204301075,,0.6646058732612056,,,4.369472307287237,-0.09072647814173251,,,,,,,,,286.09999999999997,3.076344086021505,340,3.6559139784946235,,,,,,,,,,,,,,,,,,,"Edgar Gonzalez","1727",429440
"Alex Sanabia","FLA",4,5,,4.43729889022978,20,18,,,,93.30000305175781,,102,49,46,11,21,1,5,53,5.112540025699529,2.0257234064092473,2.5238095238095237,1.0610932128810342,,,,,1.3183279311552245,,0.6877323420074349,,,4.257969310845688,-0.09101914717740733,,,,,,,,,317.9200225830078,3.4075028101193405,351.50001525878906,3.767416974936172,,,,,,,,,,,,,,,,,,,"Alex Sanabia","5350",502253
"Jarrett Grube","SEA",4,7,,5.112540025699529,22,14,,,,93.30000305175781,,107,57,53,12,34,1,6,55,5.305466064405171,3.279742657995924,1.6176470588235294,1.1575562322338555,,,,,1.511253969860867,,0.6763285024154589,,,4.804593087178342,-0.09101914717740733,,,,,,,,,254.62002258300782,2.729046240671164,300.50001525878906,3.220793198603518,,,,,,,,,,,,,,,,,,,"Jarrett Grube","7553",459439
"Chris George","BAL",3,6,,6.559485315991848,23,15,,,,93.30000305175781,,124,73,68,16,40,2,5,43,4.147909832171316,3.858520774112852,1.075,1.5434083096451408,,,,,1.7577705748736325,,0.6426553672316384,,,5.77994139396798,-0.09101914717740733,,,,,,,,,122.22002258300779,1.3099680448585485,209.50001525878906,2.2454448918138805,,,,,,,,,,,,,,,,,,,"Chris George","601",150203
"Dustin Moseley","SDP",5,6,,4.404255319148936,17,16,,,,94,,100,49,46,9,33,4,3,54,5.170212765957447,3.1595744680851063,1.6363636363636365,0.8617021276595744,,,,,1.4148936170212767,,0.6976744186046512,,,4.27006713684569,-0.09170203167013824,,,,,,,,,324.9,3.456382978723404,353,3.75531914893617,,,,,,,,,,,,,,,,,,,"Dustin Moseley","7060",400291
"Tim Redding","PHI",5,6,,4.882978723404255,19,16,,,,94,,108,55,51,11,31,2,4,55,5.26595744680851,2.9680851063829787,1.7741935483870968,1.053191489361702,,,,,1.4787234042553192,,0.6796116504854369,,,4.493471392164839,-0.09170203167013824,,,,,,,,,284.49999999999994,3.0265957446808502,332,3.5319148936170213,,,,,,,,,,,,,,,,,,,"Tim Redding","573",400062
"Mike Fiers","MIL",7,5,,4.008483433373058,27,14,,,,94.30000305175781,,88,45,42,12,36,1,5,84,8.016966866746117,3.4358429428911927,2.3333333333333335,1.1452809809637308,,,,,1.314952237402802,,0.7369402985074627,,,4.202480627327917,-0.09199470070581306,,,,,,,,,366.4200225830078,3.8856841010057366,360.50001525878906,3.8229056584539434,,,,,,,,,,,,,,,,,,,"Mike Fiers","7754",571666
"Noel Arguelles","KCR",3,6,,5.726404904818654,22,22,,,,94.30000305175781,,119,64,60,12,33,0,6,37,3.53128302463817,3.14952269765026,1.121212121212121,1.1452809809637308,,,,,1.6118769361711767,,0.6508875739644971,,,5.135672537742809,-0.09199470070581306,,,,,,,,,197.82002258300776,2.097773236279023,272.50001525878906,2.8897137480390516,,,,,,,,,,,,,,,,,,,"Noel Arguelles","sa536642",580016
"Armando Rodriguez","NYM",5,7,,5.494736842105263,21,21,,,,95,,99,62,58,15,56,2,6,74,7.010526315789473,5.3052631578947365,1.3214285714285714,1.4210526315789473,,,,,1.631578947368421,,0.6940298507462687,,,5.478017864729229,-0.09267758519854397,,,,,,,,,223.09999999999997,2.3484210526315787,242,2.5473684210526315,,,,,,,,,,,,,,,,,,,"Armando Rodriguez","sa503637",518169
"Jose De Paula","SDP",5,9,,5.099685041311609,24,19,,,,95.30000305175781,,107,58,54,10,43,1,6,57,5.383000876940032,4.060860310674059,1.3255813953488371,0.9443861187614091,,,,,1.5739768646023484,,0.6764705882352942,,,4.735774478649746,-0.09297025423421879,,,,,,,,,271.0200225830078,2.8438616359310687,313.50001525878906,3.2896118071321148,,,,,,,,,,,,,,,,,,,"Jose De Paula","5744",517059
"Aneury Rodriguez","HOU",4,5,,4.796238397460376,37,12,,,,95.69999694824219,,96,55,51,12,43,3,4,72,6.7711600905322955,4.043887276290121,1.6744186046511629,1.1285266817553827,,,,,1.452455636703687,,0.6873977086743044,,,4.624132418268653,-0.09336046969127487,,,,,,,,,313.97997741699214,3.280877611592853,325.49998474121094,3.401253867513208,,,,,,,,,,,,,,,,,,,"Aneury Rodriguez","8948",444553
"Ben Snyder","TEX",5,7,,5.830721189069477,37,9,,,,95.69999694824219,,116,66,62,15,41,1,6,50,4.702194507314094,3.8557994959975574,1.2195121951219512,1.4106583521942282,,,,,1.6405434169962507,,0.6691176470588235,,,5.4914260718399195,-0.09336046969127487,,,,,,,,,181.07997741699216,1.8921628337660907,242.49998474121094,2.5339602139419415,,,,,,,,,,,,,,,,,,,"Ben Snyder","sa326705",458076
"Fabio Castro","OAK",5,7,,5.25,26,16,,,,96,,108,60,56,9,51,2,5,59,5.53125,4.78125,1.1568627450980393,0.84375,,,,,1.65625,,0.6762295081967213,,,4.764969619115194,-0.09365313872694969,,,,,,,,,268.90000000000003,2.801041666666667,313,3.2604166666666665,,,,,,,,,,,,,,,,,,,"Fabio Castro","4048",466983
"Doug Davis","CHW",5,8,,5.25,18,18,,,,96,,109,60,56,11,48,1,4,66,6.1875,4.5,1.375,1.03125,,,,,1.6354166666666667,,0.6850282485875706,,,4.764969619115194,-0.09365313872694969,,,,,,,,,267.7000000000001,2.7885416666666676,313,3.2604166666666665,,,,,,,,,,,,,,,,,,,"Doug Davis","1244",150277
"Brian Baker","MIL",5,9,,6.074766162630165,29,16,,,,96.30000305175781,,117,70,65,15,48,2,6,54,5.046728812031214,4.485981166249968,1.125,1.401869114453115,,,,,1.7133955843315851,,0.6597222222222222,,,5.611055985773161,-0.09394580776262451,,,,,,,,,169.9200225830079,1.7644861598984785,232.50001525878906,2.414330300008699,,,,,,,,,,,,,,,,,,,"Brian Baker","sa295129",489702
"Tyson Brummett","PHI",4,7,,5.863495531478472,35,12,,,,96.69999694824219,,124,67,63,13,37,1,6,51,4.746639239768287,3.4436402327730713,1.3783783783783783,1.2099276493527007,,,,,1.6649431756049984,,0.6582633053221288,,,5.052273629996641,-0.0943360232196806,,,,,,,,,206.27997741699227,2.133195283629655,287.49998474121094,2.9731126557852194,,,,,,,,,,,,,,,,,,,"Tyson Brummett","509",445204
"Romulo Sanchez","TBR",7,10,,5.025853312695833,31,14,,,,96.69999694824219,,95,58,54,11,69,3,6,70,6.514995034976081,6.421923677333565,1.0144927536231885,1.02378493406767,,,,,1.6959669614858368,,0.7133243606998655,,,5.3831940127255855,-0.0943360232196806,,,,,,,,,248.27997741699227,2.567528285961394,255.49998474121094,2.6421922730562755,,,,,,,,,,,,,,,,,,,"Romulo Sanchez","4170",454972
"Dontrelle Willis","BAL",4,5,,5.474226804123711,20,18,,,,97,,109,64,59,11,54,1,4,66,6.123711340206185,5.010309278350515,1.2222222222222223,1.0206185567010309,,,,,1.6804123711340206,,0.6707317073170732,,,4.932602780627222,-0.09462869225535542,,,,,,,,,257.09999999999997,2.6505154639175252,300,3.0927835051546393,,,,,,,,,,,,,,,,,,,"Dontrelle Willis","1703",425883
"Deolis Guerra","MIN",4,10,,6.958762886597938,31,15,,,,97,,131,80,75,19,43,1,6,55,5.103092783505154,3.9896907216494846,1.2790697674418605,1.7628865979381443,,,,,1.7938144329896908,,0.6377204884667571,,,5.953221337328252,-0.09462869225535542,,,,,,,,,106.5,1.097938144329897,201,2.0721649484536084,,,,,,,,,,,,,,,,,,,"Deolis Guerra","8410",500610
"Andrew Brackman","CIN",4,9,,6.680412371134021,31,18,,,,97,,115,77,72,15,80,1,7,62,5.752577319587629,7.422680412371134,0.775,1.3917525773195876,,,,,2.0103092783505154,,0.6781609195402298,,,6.448066698152994,-0.09462869225535542,,,,,,,,,97.30000000000007,1.0030927835051553,153,1.577319587628866,,,,,,,,,,,,,,,,,,,"Andrew Brackman","2365",457581
"Dallas Braden","OAK",7,6,,3.884891964483562,16,16,,,,97.30000305175781,,98,45,42,9,25,0,2,61,5.642343091273745,2.3124356931449777,2.44,0.8324768495321919,,,,,1.2641315122525876,,0.7065217391304347,,,3.806475675466386,-0.09492136129103024,,,,,,,,,395.5200225830078,4.064953855886466,410.50001525878906,4.218910610315474,,,,,,,,,,,,,,,,,,,"Dallas Braden","8099",460284
"Greg Reynolds","TEX",5,7,,5.642343091273745,21,16,,,,97.30000305175781,,124,65,61,14,27,2,5,44,4.06988681993516,2.4974305485965758,1.6296296296296295,1.2949639881611874,,,,,1.5519012873995182,,0.654490106544901,,,4.978109759993175,-0.09492136129103024,,,,,,,,,217.42002258300778,2.2345325361125967,296.50001525878906,3.0472765257886856,,,,,,,,,,,,,,,,,,,"Greg Reynolds","5712",453353
"Chuck Lofgren","SFG",4,8,,5.734840518999544,26,18,,,,97.30000305175781,,106,66,62,15,61,2,6,58,5.364850808096348,5.642343091273745,0.9508196721311475,1.3874614158869865,,,,,1.7163411589120499,,0.6917808219178082,,,5.9030840372511655,-0.09492136129103024,,,,,,,,,174.92002258300784,1.7977391274074348,206.50001525878906,2.1223022485306946,,,,,,,,,,,,,,,,,,,"Chuck Lofgren","sa262158",455111
"Sean West","FLA",6,9,,5.250767820103088,19,19,,,,97.69999694824219,,112,61,57,11,48,2,5,66,6.07983642327726,4.421699216928916,1.375,1.01330607054621,,,,,1.6376663766403394,,0.6846473029045643,,,4.765406810962221,-0.09531157674808632,,,,,,,,,269.4799774169922,2.758239363710038,318.49998474121094,3.2599794748196396,,,,,,,,,,,,,,,,,,,"Sean West","4393",476811
"Andy Sonnanstine","CHC",4,7,,5.326530612244898,30,13,,,,98,,115,62,58,14,31,2,5,52,4.775510204081633,2.8469387755102042,1.6774193548387097,1.2857142857142858,,,,,1.489795918367347,,0.6645569620253164,,,4.92334546945533,-0.09560424578376114,,,,,,,,,250,2.5510204081632653,304,3.1020408163265305,,,,,,,,,,,,,,,,,,,"Andy Sonnanstine","7667",458567
"Kyle McClellan","STL",6,6,,4.259818600202068,54,8,,,,99.30000305175781,,99,50,47,13,34,3,4,65,5.891238489641157,3.0815709022738362,1.911764705882353,1.1782476979282315,,,,,1.3393755882432032,,0.7229965156794426,,,4.566171736918779,-0.09687246834784169,,,,,,,,,333.5200225830078,3.358711101037613,343.50001525878906,3.459214548863082,,,,,,,,,,,,,,,,,,,"Kyle McClellan","4845",449072
"Darin Downs","DET",6,8,,5.438066298130299,32,14,,,,99.30000305175781,,123,64,60,12,35,1,7,61,5.52870073643247,3.172205340576008,1.7428571428571429,1.0876132596260597,,,,,1.5911379168603468,,0.6657223796033995,,,4.636665188931579,-0.09687246834784169,,,,,,,,,263.4200225830078,2.6527695315951423,336.50001525878906,3.388721096850282,,,,,,,,,,,,,,,,,,,"Darin Downs","5903",445153
"Brett Anderson","OAK",6,5,,3.78,16,16,,,,100,,102,45,42,9,26,1,7,69,6.21,2.34,2.6538461538461537,0.81,,,,,1.28,,0.7192374350086654,,,3.8053862857818608,-0.0975553528405726,,,,,,,,,403.09999999999997,4.031,422,4.22,,,,,,,,,,,,,,,,,,,"Brett Anderson","8223",474463
"Joe Martinez","ARI",5,7,,5.22,27,15,,,,100,,123,62,58,11,32,3,5,57,5.13,2.88,1.78125,0.99,,,,,1.55,,0.666189111747851,,,4.42538628578186,-0.0975553528405726,,,,,,,,,287.90000000000003,2.8790000000000004,360,3.6,,,,,,,,,,,,,,,,,,,"Joe Martinez","3935",458155
"Phil Irwin","PIT",4,8,,5.22,21,19,,,,100,,118,62,58,14,27,1,6,58,5.22,2.43,2.1481481481481484,1.26,,,,,1.45,,0.6618819776714513,,,4.67538628578186,-0.0975553528405726,,,,,,,,,277.99999999999994,2.7799999999999994,335,3.35,,,,,,,,,,,,,,,,,,,"Phil Irwin","9489",572947
"Jared Hughes","PIT",4,9,,5.4,40,13,,,,100,,119,64,60,12,41,2,6,61,5.49,3.69,1.4878048780487805,1.08,,,,,1.6,,0.670391061452514,,,4.7753862857818605,-0.0975553528405726,,,,,,,,,263.99999999999994,2.6399999999999992,325,3.25,,,,,,,,,,,,,,,,,,,"Jared Hughes","9325",453172
"Ryohei Tanaka","BAL",4,10,,7.17846438776735,27,18,,,,100.30000305175781,,150,86,80,20,29,1,7,40,3.589232193883675,2.6021933405656643,1.3793103448275863,1.7946160969418374,,,,,1.7846460075143828,,0.6158940397350994,,,5.8967720408888,-0.09784802187624742,,,,,,,,,78.2200225830079,0.7798606201701113,213.50001525878906,2.12861424489306,,,,,,,,,,,,,,,,,,,"Ryohei Tanaka","sa500266",526700
"Stolmy Pimentel","BOS",6,13,,6.999002778073167,26,25,,,,100.30000305175781,,133,83,78,21,51,1,7,49,4.396809437507502,4.576271047201685,0.9607843137254902,1.8843469017889294,,,,,1.8344964546516562,,0.6532988357050453,,,6.504947495963535,-0.09784802187624742,,,,,,,,,62.12002258300788,0.6193421803880912,152.50001525878906,1.520438789818326,,,,,,,,,,,,,,,,,,,"Stolmy Pimentel","6415",516935
"Zach Kroenke","ARI",5,6,,4.99009900990099,31,13,,,,101,,117,60,56,10,42,1,5,57,5.079207920792079,3.742574257425743,1.3571428571428572,0.8910891089108911,,,,,1.5742574257425743,,0.6827586206896552,,,4.579841731326415,-0.09853090636897832,,,,,,,,,293.2000000000001,2.9029702970297038,348,3.4455445544554455,,,,,,,,,,,,,,,,,,,"Zach Kroenke","4383",476127
"Erik Cordier","ATL",5,10,,5.881188118811881,23,22,,,,101,,115,71,66,12,72,2,6,63,5.6138613861386135,6.415841584158416,0.875,1.0693069306930694,,,,,1.8514851485148516,,0.6815511163337251,,,5.639247671920474,-0.09853090636897832,,,,,,,,,192.80000000000007,1.9089108910891095,241,2.386138613861386,,,,,,,,,,,,,,,,,,,"Erik Cordier","4086",449170
"Tyler Robertson","MIN",5,10,,6.48568588556029,44,11,,,,101.30000305175781,,134,78,73,15,50,1,6,56,4.9753206793339215,4.442250606548145,1.12,1.3326751819644433,,,,,1.8163869146774634,,0.6503067484662577,,,5.50317495743427,-0.09882357540465314,,,,,,,,,160.72002258300785,1.5865747062306623,255.50001525878906,2.522211328347591,,,,,,,,,,,,,,,,,,,"Tyler Robertson","3223",502356
"Juan Pablo Oramas","SDP",6,9,,4.588235294117647,24,21,,,,102,,103,56,52,14,41,1,6,87,7.676470588235294,3.6176470588235294,2.1219512195121952,1.2352941176470589,,,,,1.411764705882353,,0.7073954983922829,,,4.486170599507351,-0.09950645989738405,,,,,,,,,347.8,3.4098039215686278,361,3.5392156862745097,,,,,,,,,,,,,,,,,,,"Juan Pablo Oramas","sa508100",517062
"Xavier Cedeño","HOU",5,8,,4.852941176470588,39,13,,,,102,,109,59,55,12,48,2,6,80,7.0588235294117645,4.235294117647059,1.6666666666666667,1.0588235294117647,,,,,1.5392156862745099,,0.6990014265335236,,,4.574405893624998,-0.09950645989738405,,,,,,,,,321.8,3.1549019607843136,352,3.450980392156863,,,,,,,,,,,,,,,,,,,"Xavier Cedeno","36",458584
"Jo-Jo Reyes","PIT",4,8,,5.294117647058823,22,19,,,,102,,120,64,60,14,38,1,5,61,5.382352941176471,3.3529411764705883,1.605263157894737,1.2352941176470589,,,,,1.5490196078431373,,0.6791907514450867,,,4.878327462252448,-0.09950645989738405,,,,,,,,,263.6,2.5843137254901962,321,3.1470588235294117,,,,,,,,,,,,,,,,,,,"Jo-Jo Reyes","5559",457456
"Duane Below","DET",5,8,,5.5588235294117645,24,19,,,,102,,118,67,63,16,44,2,5,57,5.029411764705882,3.8823529411764706,1.2954545454545454,1.411764705882353,,,,,1.588235294117647,,0.6805157593123209,,,5.388131383821076,-0.09950645989738405,,,,,,,,,218.2,2.1392156862745098,269,2.6372549019607843,,,,,,,,,,,,,,,,,,,"Duane Below","3124",502102
"Rich Harden","OAK",5,6,,4.456310679611651,20,20,,,,103,,97,55,51,16,49,1,5,108,9.436893203883495,4.281553398058253,2.204081632653061,1.3980582524271845,,,,,1.4174757281553398,,0.7362459546925567,,,4.520531916849822,-0.10048201342578977,,,,,,,,,367.20000000000005,3.5650485436893207,361,3.504854368932039,,,,,,,,,,,,,,,,,,,"Rich Harden","1772",425848
"Will Inman","BOS",6,7,,5.41747572815534,29,17,,,,103,,116,66,62,15,44,2,5,73,6.378640776699029,3.8446601941747574,1.6590909090909092,1.3106796116504855,,,,,1.5533980582524272,,0.6762589928057554,,,4.928298907141084,-0.10048201342578977,,,,,,,,,275.1,2.670873786407767,319,3.0970873786407767,,,,,,,,,,,,,,,,,,,"Will Inman","sa290185",488989
"Trey McNutt","CHC",5,7,,4.946962537096736,25,24,,,,103.69999694824219,,117,61,57,10,48,1,7,67,5.814850701499672,4.165863189134094,1.3958333333333333,0.8678881644029363,,,,,1.591128301405383,,0.6887417218543046,,,4.5779417798804465,-0.10116489791852068,,,,,,,,,309.17997741699224,2.981484923006385,357.49998474121094,3.447444505901414,,,,,,,,,,,,,,,,,,,"Trey McNutt","sa502768",571939
"Jerome Williams","LAA",5,7,,5.03375135353703,21,15,,,,103.69999694824219,,121,62,58,15,30,0,5,65,5.6412730686190855,2.6036644932088087,2.1666666666666665,1.3018322466044043,,,,,1.456123475831593,,0.6846153846153846,,,4.66473059632074,-0.10116489791852068,,,,,,,,,293.2799774169922,2.828158013961866,348.49998474121094,3.3606556894611206,,,,,,,,,,,,,,,,,,,"Jerome Williams","1137",425532
"Brian Bass","PHI",5,7,,5.294117802857911,35,12,,,,103.69999694824219,,123,65,61,11,45,3,6,61,5.294117802857911,3.905496739813213,1.3555555555555556,0.9546769808432298,,,,,1.620057906885481,,0.6749672346002622,,,4.703303403627537,-0.10116489791852068,,,,,,,,,281.27997741699227,2.7124395920414752,344.49998474121094,3.3220828821543233,,,,,,,,,,,,,,,,,,,"Brian Bass","2219",430654
"Alberto Bastardo","FLA",5,8,,5.554484252178792,22,22,,,,103.69999694824219,,121,68,64,13,53,2,7,73,6.335583600141434,4.599807271335562,1.3773584905660377,1.1282546137238172,,,,,1.6779171178456767,,0.680359435173299,,,4.982956256601817,-0.10116489791852068,,,,,,,,,258.87997741699223,2.4964318711234106,315.49998474121094,3.0424300291800437,,,,,,,,,,,,,,,,,,,"Alberto Bastardo","sa267846",460371
"Felix Doubront","BOS",8,9,,5.004793717416891,24,23,,,,104.30000305175781,,116,63,58,11,45,1,4,70,6.040268279641075,3.8830296083406908,1.5555555555555556,0.9491850153721689,,,,,1.5436241159082746,,0.6730769230769231,,,4.463545399982117,-0.10175023598987032,,,,,,,,,327.92002258300784,3.144007794710043,371.50001525878906,3.5618408857997443,,,,,,,,,,,,,,,,,,,"Felix Doubront","1478",467094
"Ross Ohlendorf","BOS",5,6,,5.177372811120921,20,20,,,,104.30000305175781,,116,64,60,16,36,2,7,64,5.522530998528983,3.1064236866725525,1.7777777777777777,1.3806327496322457,,,,,1.4573345690562594,,0.6790123456790124,,,5.029221318234217,-0.10175023598987032,,,,,,,,,272.42002258300784,2.6118889224559485,312.50001525878906,2.9961649675476436,,,,,,,,,,,,,,,,,,,"Ross Ohlendorf","8268",456027
"Rubby De La Rosa","LAD",6,6,,3.9541548430479745,22,17,,,,104.69999694824219,,96,49,46,10,51,3,4,93,7.994269573988296,4.383954282509711,1.8235294117647058,0.8595988789234728,,,,,1.4040115022416721,,0.7368421052631579,,,4.066456039144733,-0.1021404514469264,,,,,,,,,423.1799774169922,4.041833713005634,414.49998474121094,3.9589302466371277,,,,,,,,,,,,,,,,,,,"Rubby De La Rosa","3862",523989
"Arodys Vizcaíno","ATL",8,8,,4.114285714285714,22,22,,,,105,,107,51,48,10,33,1,6,79,6.771428571428571,2.8285714285714287,2.393939393939394,0.8571428571428571,,,,,1.3333333333333333,,0.7063492063492064,,,3.8730053334009082,-0.10243312048260123,,,,,,,,,416.8,3.9695238095238095,436,4.152380952380953,,,,,,,,,,,,,,,,,,,"Arodys Vizcaino","5498",527055
"Dellin Betances","NYY",5,7,,5.6571428571428575,24,24,,,,105,,111,71,66,15,72,1,7,85,7.285714285714286,6.171428571428572,1.1805555555555556,1.2857142857142858,,,,,1.7428571428571429,,0.691358024691358,,,5.520624381019956,-0.10243312048260123,,,,,,,,,236.89999999999998,2.256190476190476,263,2.5047619047619047,,,,,,,,,,,,,,,,,,,"Dellin Betances","6216",476454
"Brad Meyers","NYY",6,6,,4.786324647609652,20,20,,,,105.30000305175781,,123,60,56,13,24,1,6,67,5.726495560532976,2.051281991832708,2.7916666666666665,1.1111110789093834,,,,,1.396011355552815,,0.6754658385093167,,,4.212470771796159,-0.10272578951827604,,,,,,,,,343.5200225830079,3.262298315548562,401.50001525878906,3.8129155139857014,,,,,,,,,,,,,,,,,,,"Brad Meyers","sa389750",455122
"J.D. Martin","FLA",5,6,,4.5979187704043,25,18,,,,105.69999694824219,,115,58,54,15,25,2,5,66,5.619678497160812,2.1286660974093983,2.64,1.2771996584456389,,,,,1.3245033494991811,,0.6890756302521008,,,4.472879232020251,-0.10311600497533213,,,,,,,,,340.6799774169922,3.2230840799722253,375.49998474121094,3.5525070537616092,,,,,,,,,,,,,,,,,,,"J.D. Martin","3685",455605
"Josh Outman","COL",7,7,,4.853358702093428,24,20,,,,105.69999694824219,,113,61,57,13,48,0,2,73,6.215705004435443,4.087038907026044,1.5208333333333333,1.106906370652887,,,,,1.5231788519240583,,0.7002801120448179,,,4.66209399623442,-0.10311600497533213,,,,,,,,,324.4799774169922,3.069820120958749,355.49998474121094,3.3632922895474406,,,,,,,,,,,,,,,,,,,"Josh Outman","4004",489189
"Yoervis Medina","SEA",4,10,,6.215705004435443,21,20,,,,105.69999694824219,,131,78,73,17,52,1,7,58,4.938505345989804,4.427625482611548,1.1153846153846154,1.4474929462383908,,,,,1.7313150925596439,,0.6595477386934674,,,5.6933144612016395,-0.10311600497533213,,,,,,,,,171.47997741699214,1.6223271747203574,246.49998474121094,2.332071824580221,,,,,,,,,,,,,,,,,,,"Yoervis Medina","10498",500721
"Jake Brigham","TEX",5,8,,6.130558360539067,30,17,,,,105.69999694824219,,128,77,72,15,66,2,7,66,5.619678497160812,5.619678497160812,1,1.2771996584456389,,,,,1.8353832128774368,,0.6763005780346821,,,5.6933144612016395,-0.10311600497533213,,,,,,,,,177.87997741699218,1.6828758992688917,246.49998474121094,2.332071824580221,,,,,,,,,,,,,,,,,,,"Jake Brigham","2851",502010
"Christian Friedrich","COL",5,8,,6.265286743930971,22,22,,,,106.30000305175781,,139,79,74,17,46,1,7,65,5.503292410209637,3.89463770568682,1.4130434782608696,1.4393226303625204,,,,,1.7403574288697141,,0.6575682382133996,,,5.377220649119312,-0.10370134304668177,,,,,,,,,187.12002258300782,1.7603011967167912,281.50001525878906,2.6481656366625486,,,,,,,,,,,,,,,,,,,"Christian Friedrich","7942",543184
"Armando Galarraga","BAL",4,8,,6.095954669770674,21,19,,,,106.30000305175781,,123,77,72,23,47,1,4,66,5.587958447289785,3.979303742766968,1.4042553191489362,1.94731885284341,,,,,1.5992473670694671,,0.6748911465892597,,,6.035734270853799,-0.10370134304668177,,,,,,,,,162.92002258300784,1.5326436303457258,211.50001525878906,1.9896520149280619,,,,,,,,,,,,,,,,,,,"Armando Galarraga","4222",451482
"Trevor Bell","LAA",5,6,,4.723524033880519,31,15,,,,106.69999694824219,,121,60,56,11,32,3,4,64,5.398313181577736,2.699156590788868,2,0.9278350780836734,,,,,1.433926938856586,,0.6758720930232558,,,4.178151079764606,-0.10409155850373786,,,,,,,,,359.6799774169923,3.370946463957868,410.49998474121094,3.8472352060172543,,,,,,,,,,,,,,,,,,,"Trevor Bell","7074",457707
"Hector Noesí","SEA",5,7,,4.5548267469562145,31,16,,,,106.69999694824219,,115,58,54,12,34,3,6,73,6.157450972737105,2.867853877713172,2.1470588235294117,1.0121837215458256,,,,,1.3964386528734074,,0.6883509833585477,,,4.2437555802351685,-0.10409155850373786,,,,,,,,,368.97997741699226,3.458106728868758,403.49998474121094,3.7816307055466916,,,,,,,,,,,,,,,,,,,"Hector Noesi","3292",456051
"Jarred Cosart","HOU",6,11,,5.313964538115584,22,22,,,,106.69999694824219,,118,67,63,13,55,1,7,69,5.820056398888497,4.639175390418367,1.2545454545454546,1.0965323650079777,,,,,1.6213683687724798,,0.6847545219638242,,,5.059125800369307,-0.10409155850373786,,,,,,,,,274.8799774169923,2.576194801114479,316.49998474121094,2.9662604854125543,,,,,,,,,,,,,,,,,,,"Jarred Cosart","10304",543054
"Henry Sosa","HOU",5,10,,5.482661825039888,31,16,,,,106.69999694824219,,122,70,65,15,50,2,6,71,5.988753685812801,4.217432173107606,1.42,1.2652296519322819,,,,,1.611996297276685,,0.6754966887417219,,,5.096614086352485,-0.10409155850373786,,,,,,,,,261.8799774169923,2.454357871669148,312.49998474121094,2.9287721994293756,,,,,,,,,,,,,,,,,,,"Henry Sosa","6936",464400
"Lance Pendleton","HOU",4,8,,5.651359111964192,30,18,,,,106.69999694824219,,120,72,67,16,55,2,7,68,5.735707755426344,4.639175390418367,1.2363636363636363,1.349578295394434,,,,,1.6401125117640691,,0.6749672346002622,,,5.443380731696888,-0.10409155850373786,,,,,,,,,230.77997741699232,2.162886448149934,275.49998474121094,2.5820055540849722,,,,,,,,,,,,,,,,,,,"Lance Pendleton","4214",459983
"Sam LeCure","CIN",5,5,,4.373831775700935,34,13,,,,107,,105,56,52,15,36,4,6,88,7.401869158878505,3.02803738317757,2.4444444444444446,1.2616822429906542,,,,,1.3177570093457944,,0.7083333333333334,,,4.380526472697748,-0.10438422753941268,,,,,,,,,384.30000000000007,3.5915887850467296,390,3.6448598130841123,,,,,,,,,,,,,,,,,,,"Sam LeCure","4664",459967
"Austin Bibens-Dirkx","WSN",5,8,,5.5514018691588785,24,19,,,,107,,125,71,66,18,37,1,6,61,5.130841121495327,3.1121495327102804,1.6486486486486487,1.514018691588785,,,,,1.514018691588785,,0.665204678362573,,,5.277722734379991,-0.10438422753941268,,,,,,,,,238.4000000000001,2.228037383177571,294,2.7476635514018692,,,,,,,,,,,,,,,,,,,"Austin Bibens-Dirkx","9559",502212
"Yohan Pino","TOR",5,9,,6.308411214953271,35,15,,,,107,,134,80,75,23,34,2,6,70,5.88785046728972,2.8598130841121496,2.0588235294117645,1.9345794392523366,,,,,1.5700934579439252,,0.6480117820324005,,,5.63286292129588,-0.10438422753941268,,,,,,,,,180.50000000000006,1.6869158878504678,256,2.392523364485981,,,,,,,,,,,,,,,,,,,"Yohan Pino","6955",464416
"Drew Carpenter","TOR",5,7,,5.535880550846536,35,14,,,,107.30000305175781,,125,71,66,18,39,2,6,71,5.955265441062182,3.2712021436820438,1.8205128205128205,1.5097856047763278,,,,,1.5284249332303566,,0.670028818443804,,,5.140950065314122,-0.1046768965750875,,,,,,,,,254.62002258300788,2.3729731159484495,309.50001525878906,2.884436220467738,,,,,,,,,,,,,,,,,,,"Drew Carpenter","9533",502165
"Sergio Perez","HOU",4,10,,6.123019397148441,22,21,,,,107.30000305175781,,136,78,73,15,53,2,6,56,4.697110770415242,4.4454798362858545,1.0566037735849056,1.25815467064694,,,,,1.761416538905716,,0.6607142857142857,,,5.448498984805597,-0.1046768965750875,,,,,,,,,190.92002258300784,1.7793105046876339,276.50001525878906,2.5768873009762636,,,,,,,,,,,,,,,,,,,"Sergio Perez","sa326541",503941
"Joe Blanton","PHI",5,5,,4.4289694848295476,19,18,,,,107.69999694824219,,114,57,53,15,28,2,3,84,7.019498806144942,2.3398329353816476,3,1.2534819296687398,,,,,1.3184772889848966,,0.7024793388429752,,,4.139592445487407,-0.10506711203214358,,,,,,,,,391.0799774169922,3.6311976647959896,418.49998474121094,3.8857938402944536,,,,,,,,,,,,,,,,,,,"Joe Blanton","4849",430599
"Eric Junge","LAA",4,7,,5.682451414498287,18,17,,,,107.69999694824219,,132,73,68,17,34,1,6,51,4.2618385608737155,2.8412257072491434,1.5,1.4206128536245717,,,,,1.5413185209260059,,0.6540084388185654,,,5.244513553862074,-0.10506711203214358,,,,,,,,,226.67997741699224,2.104735225999391,299.49998474121094,2.7808727319197866,,,,,,,,,,,,,,,,,,,"Eric Junge","1611",407784
"Scott Barnes","CLE",5,9,,5.598885952520371,22,21,,,,107.69999694824219,,117,72,67,17,56,1,6,83,6.935933344167027,4.679665870763295,1.4821428571428572,1.4206128536245717,,,,,1.6063138802421628,,0.6769436997319035,,,5.263083656523833,-0.10506711203214358,,,,,,,,,263.67997741699224,2.4482821252419344,297.49998474121094,2.7623026292580275,,,,,,,,,,,,,,,,,,,"Scott Barnes","8718",488683
"Bobby Bundy","BAL",5,11,,6.416666666666667,25,21,,,,108,,136,82,77,18,54,1,7,56,4.666666666666667,4.5,1.037037037037037,1.5,,,,,1.7592592592592593,,0.6553398058252426,,,5.849460359855934,-0.1053597810678184,,,,,,,,,153.20000000000005,1.418518518518519,235,2.175925925925926,,,,,,,,,,,,,,,,,,,"Bobby Bundy","sa454969",542989
"Matt Palmer","SDP",5,9,,4.903046953251045,26,16,,,,108.30000305175781,,118,63,59,11,51,1,5,68,5.650969369848662,4.238227027386497,1.3333333333333333,0.9141273980637541,,,,,1.5604801037653984,,0.6901041666666667,,,4.641268050035971,-0.10565245010349322,,,,,,,,,327.32002258300776,3.022345460383577,366.50001525878906,3.384118235745889,,,,,,,,,,,,,,,,,,,"Matt Palmer","4457",461212
"Casey Crosby","DET",6,9,,5.484764388382525,24,24,,,,108.30000305175781,,117,71,66,12,79,1,8,73,6.066481823514005,6.565096767912416,0.9240506329113924,0.9972298887968227,,,,,1.809787575964604,,0.6975446428571429,,,5.527694617855369,-0.10565245010349322,,,,,,,,,234.62002258300782,2.1663898058329716,270.50001525878906,2.497691667926491,,,,,,,,,,,,,,,,,,,"Casey Crosby","5261",518582
"Chad Beck","TOR",5,9,,6.522935779816514,33,18,,,,109,,146,85,79,17,51,1,7,55,4.541284403669724,4.2110091743119265,1.0784313725490196,1.4036697247706422,,,,,1.8073394495412844,,0.6466512702078523,,,5.640065184864429,-0.10633533459622413,,,,,,,,,153.89999999999998,1.411926605504587,260,2.385321100917431,,,,,,,,,,,,,,,,,,,"Chad Beck","9258",444447
"Zach Jackson","TEX",4,8,,6.422689665137297,30,15,,,,109.30000305175781,,145,83,78,17,51,1,7,47,3.8700822341211922,4.199450934897464,0.9215686274509803,1.3998169782991545,,,,,1.7932295931152569,,0.6562137049941928,,,5.779274589494577,-0.10662800363189895,,,,,,,,,142.7200225830078,1.305764122581262,245.50001525878906,2.2461116962872842,,,,,,,,,,,,,,,,,,,"Zach Jackson","8356",435638
"Kyle Heckathorn","MIL",6,9,,5.742935437794422,23,22,,,,109.69999694824219,,133,75,70,16,48,1,7,63,5.168641894014979,3.9380128716304608,1.3125,1.3126709572101536,,,,,1.6499544670488737,,0.6683480453972257,,,5.276981608218721,-0.10701821908895504,,,,,,,,,230.17997741699213,2.098267856156768,301.49998474121094,2.748404677563139,,,,,,,,,,,,,,,,,,,"Kyle Heckathorn","sa501205",571762
"Frankie De La Cruz","MIL",5,5,,4.5,40,15,,,,110,,109,59,55,11,58,1,7,85,6.954545454545454,4.745454545454545,1.4655172413793103,0.9,,,,,1.518181818181818,,0.712401055408971,,,4.552659013054588,-0.10731088812462986,,,,,,,,,370.3,3.3663636363636367,382,3.4727272727272727,,,,,,,,,,,,,,,,,,,"Frankie De La Cruz","3920",448842
"Dave Bush","PHI",5,7,,5.236363636363636,25,19,,,,110,,126,68,64,17,36,3,6,68,5.5636363636363635,2.9454545454545453,1.8888888888888888,1.3909090909090909,,,,,1.4727272727272727,,0.6801736613603474,,,4.9435681039636785,-0.10731088812462986,,,,,,,,,287.29999999999995,2.6118181818181814,339,3.081818181818182,,,,,,,,,,,,,,,,,,,"Dave Bush","4635",433657
"Paul Clemens","HOU",4,7,,5.385312634318496,28,18,,,,110.30000305175781,,124,71,66,15,58,1,7,81,6.609247323936336,4.732547466522314,1.396551724137931,1.22393468961784,,,,,1.6500452852625695,,0.6894409937888198,,,5.0924759838031015,-0.10760355716030467,,,,,,,,,276.32002258300787,2.5051678598172464,323.50001525878906,2.932910301978759,,,,,,,,,,,,,,,,,,,"Paul Clemens","8037",518560
"Chase Wright","MIL",5,9,,6.446056031987291,26,20,,,,110.30000305175781,,148,85,79,16,53,2,6,49,3.9981866527516106,4.324569236649701,0.9245283018867925,1.3055303355923626,,,,,1.822302760097673,,0.6494960806270997,,,5.627380774080528,-0.10760355716030467,,,,,,,,,155.62002258300794,1.4108795854700376,264.50001525878906,2.398005511701333,,,,,,,,,,,,,,,,,,,"Chase Wright","3593",451657
"Joe Kelly","STL",6,10,,5.69105706745915,24,21,,,,110.69999694824219,,127,75,70,11,73,1,8,71,5.772357882708566,5.934959513207399,0.9726027397260274,0.8943089677435807,,,,,1.806684783320365,,0.6771397616468039,,,5.229541721432706,-0.10799377261736076,,,,,,,,,252.67997741699224,2.2825653512450668,309.49998474121094,2.7958445643491547,,,,,,,,,,,,,,,,,,,"Joe Kelly","9761",523260
"Collin McHugh","NYM",5,8,,5.27027027027027,25,20,,,,111,,129,70,65,11,54,2,7,80,6.486486486486487,4.378378378378378,1.4814814814814814,0.8918918918918919,,,,,1.6486486486486487,,0.6742243436754177,,,4.520881781277356,-0.10828644165303558,,,,,,,,,327.7000000000001,2.952252252252253,389,3.5045045045045047,,,,,,,,,,,,,,,,,,,"Collin McHugh","7531",543521
"Tim Melville","KCR",5,13,,6.8108108108108105,26,24,,,,111,,151,90,84,15,64,1,8,55,4.45945945945946,5.1891891891891895,0.859375,1.2162162162162162,,,,,1.936936936936937,,0.6443298969072165,,,5.7370979974935725,-0.10828644165303558,,,,,,,,,138.30000000000007,1.2459459459459465,254,2.2882882882882885,,,,,,,,,,,,,,,,,,,"Tim Melville","9149",543532
"Chris Balcom-Miller","BOS",7,7,,4.770889357056614,23,23,,,,111.30000305175781,,126,63,59,11,43,1,7,71,5.7412397347630435,3.477088853448041,1.6511627906976745,0.8894878462308942,,,,,1.5184186465961729,,0.6901041666666667,,,4.382079869426962,-0.1085791106887104,,,,,,,,,352.7200225830078,3.169092658685575,405.50001525878906,3.643306416354899,,,,,,,,,,,,,,,,,,,"Chris Balcom-Miller","sa501527",542905
"Drew Smyly","DET",8,9,,4.901785714285714,22,21,,,,112,,124,65,61,13,47,0,7,61,4.901785714285714,3.7767857142857144,1.297872340425532,1.0446428571428572,,,,,1.5267857142857142,,0.6937172774869109,,,4.891457714353289,-0.10926199518144131,,,,,,,,,306.50000000000006,2.7366071428571432,351,3.1339285714285716,,,,,,,,,,,,,,,,,,,"Drew Smyly","11760",592767
"Alex White","COL",7,8,,5.142857142857143,22,22,,,,112,,120,68,64,18,46,4,7,77,6.1875,3.6964285714285716,1.673913043478261,1.4464285714285714,,,,,1.4821428571428572,,0.6960227272727272,,,5.159314857210433,-0.10926199518144131,,,,,,,,,290.4000000000001,2.592857142857144,321,2.8660714285714284,,,,,,,,,,,,,,,,,,,"Alex White","10054",502229
"Matt Buschmann","SDP",4,10,,5.850400553392649,33,17,,,,112.30000305175781,,138,78,73,14,53,2,7,66,5.289403240053627,4.247551086709731,1.2452830188679245,1.121994626678042,,,,,1.7008013785357623,,0.6592765460910152,,,5.073471715432255,-0.10955466421711613,,,,,,,,,252.0200225830078,2.2441675488366157,331.50001525878906,2.9519145703496057,,,,,,,,,,,,,,,,,,,"Matt Buschmann","3832",501936
"Bartolo Colon","OAK",6,8,,4.232475713544728,20,19,,,,112.69999694824219,,117,57,53,13,32,3,3,80,6.388642586482608,2.555457034593043,2.5,1.0381544203034239,,,,,1.322094090813762,,0.7033639143730887,,,4.03692136197494,-0.10994487967417221,,,,,,,,,424.8799774169923,3.770008774819397,449.49998474121094,3.9884649238069203,,,,,,,,,,,,,,,,,,,"Bartolo Colon","375",112526
"Josh Banks","SFG",5,10,,5.510204230841249,23,18,,,,112.69999694824219,,139,74,69,15,32,2,6,52,4.1526176812136955,2.555457034593043,1.625,1.197870484965489,,,,,1.5173026142896193,,0.6466666666666666,,,4.844374799988714,-0.10994487967417221,,,,,,,,,278.0799774169922,2.46743553635322,358.49998474121094,3.1810114857931464,,,,,,,,,,,,,,,,,,,"Josh Banks","5570",457468
"Aaron Thompson","MIN",5,10,,6.388642586482608,30,21,,,,112.69999694824219,,152,86,80,14,53,2,7,54,4.31233374587576,4.232475713544728,1.0188679245283019,1.1180124526344564,,,,,1.8189885142068536,,0.6418554476806904,,,5.27915742045767,-0.10994487967417221,,,,,,,,,194.57997741699222,1.7265304586153065,309.49998474121094,2.746228865324191,,,,,,,,,,,,,,,,,,,"Aaron Thompson","999",457744
"Nick Barnese","TBR",6,8,,5.017699115044247,23,23,,,,113,,125,67,63,11,54,1,7,64,5.097345132743363,4.300884955752212,1.1851851851851851,0.8761061946902655,,,,,1.584070796460177,,0.684596577017115,,,4.777598675162391,-0.11023754870984703,,,,,,,,,320.9000000000001,2.8398230088495584,367,3.247787610619469,,,,,,,,,,,,,,,,,,,"Nick Barnese","sa390367",518433
"Josh Butler","MIL",5,9,,5.893805309734513,24,23,,,,113,,137,79,74,16,61,1,7,64,5.097345132743363,4.8584070796460175,1.0491803278688525,1.2743362831858407,,,,,1.752212389380531,,0.6776765375854215,,,5.538660622065047,-0.11023754870984703,,,,,,,,,207.2000000000001,1.8336283185840716,281,2.4867256637168142,,,,,,,,,,,,,,,,,,,"Josh Butler","1141",453332
"Jorge De La Rosa","COL",8,6,,4.051191417800044,19,19,,,,113.30000305175781,,106,55,51,13,48,2,5,104,8.26125308727852,3.812886040282394,2.1666666666666665,1.032656635909815,,,,,1.3592232643599276,,0.7290132547864506,,,4.084521296971414,-0.11053021774552185,,,,,,,,,451.9200225830077,3.988702651460311,446.50001525878906,3.9408649888104463,,,,,,,,,,,,,,,,,,,"Jorge De La Rosa","2047",407822
"Danny Duffy","KCR",6,7,,4.924977802031425,22,22,,,,113.30000305175781,,121,66,62,16,46,1,6,92,7.308031577207922,3.654015788603961,2,1.2709620134274646,,,,,1.4739628905721291,,0.698478561549101,,,4.614088802566191,-0.11053021774552185,,,,,,,,,355.02002258300774,3.1334511299247465,386.50001525878906,3.411297483215669,,,,,,,,,,,,,,,,,,,"Danny Duffy","3542",518633
"Brandon Moore","NYM",5,9,,5.699208596241023,23,22,,,,113.69999694824219,,139,77,72,16,48,2,8,73,5.778364271188815,3.7994723974940157,1.5208333333333333,1.2664907991646719,,,,,1.6446790239152336,,0.6682867557715675,,,5.048253534447656,-0.11092043320257794,,,,,,,,,261.17997741699224,2.2970974883656767,338.49998474121094,2.9771327513342047,,,,,,,,,,,,,,,,,,,"Brandon Moore","sa455275",543562
"Brody Colvin","PHI",4,8,,5.778364271188815,24,23,,,,113.69999694824219,,138,78,73,15,56,1,8,63,4.986807521710896,4.432717797076352,1.125,1.18733512421688,,,,,1.7062445488746274,,0.6705202312138728,,,5.320900859267828,-0.11092043320257794,,,,,,,,,232.07997741699222,2.0411608060344824,307.49998474121094,2.704485426514032,,,,,,,,,,,,,,,,,,,"Brody Colvin","sa501521",571573
"Jason Marquis","MIN",6,8,,4.815789473684211,20,20,,,,114,,130,65,61,11,43,2,5,62,4.894736842105263,3.3947368421052633,1.441860465116279,0.868421052631579,,,,,1.5175438596491229,,0.6852791878172589,,,4.455210847185369,-0.11121310223825276,,,,,,,,,350.29999999999995,3.0728070175438593,407,3.5701754385964914,,,,,,,,,,,,,,,,,,,"Jason Marquis","105",150302
"Adam Ottavino","STL",6,8,,5.2105263157894735,22,21,,,,114,,126,71,66,13,59,1,6,80,6.315789473684211,4.657894736842105,1.3559322033898304,1.0263157894736843,,,,,1.6228070175438596,,0.6834532374100719,,,4.814859969992387,-0.11121310223825276,,,,,,,,,321.1,2.816666666666667,366,3.210526315789474,,,,,,,,,,,,,,,,,,,"Adam Ottavino","1247",493603
"Brandon Hynick","CIN",5,9,,5.7631578947368425,26,20,,,,114,,137,78,73,18,46,1,6,65,5.131578947368421,3.6315789473684212,1.4130434782608696,1.4210526315789473,,,,,1.605263157894737,,0.6653992395437262,,,5.306088040167825,-0.11121310223825276,,,,,,,,,240.00000000000006,2.105263157894737,310,2.719298245614035,,,,,,,,,,,,,,,,,,,"Brandon Hynick","sa326872",502001
"Kevin Slowey","CLE",6,8,,4.8818896334353035,24,20,,,,114.30000305175781,,133,66,62,17,19,0,5,78,6.141732119483123,1.4960629521817865,4.105263157894737,1.338582641425809,,,,,1.3298337352726992,,0.670826833073323,,,4.223986428757912,-0.11150577127392758,,,,,,,,,374.9200225830078,3.2801400925005653,434.50001525878906,3.8013998570239487,,,,,,,,,,,,,,,,,,,"Kevin Slowey","9918",458713
"Ryan Verdugo","KCR",5,9,,5.74803134259318,22,22,,,,114.30000305175781,,125,78,73,15,80,1,5,90,7.086613984018989,6.299212430239101,1.125,1.1811023306698314,,,,,1.7935257613875217,,0.6902173913043478,,,5.387590947121524,-0.11150577127392758,,,,,,,,,261.3200225830078,2.2862643535072853,301.50001525878906,2.637795338660337,,,,,,,,,,,,,,,,,,,"Ryan Verdugo","9154",489400
"Chad Reineke","CIN",5,10,,6.2204722748611125,27,20,,,,114.30000305175781,,145,85,79,20,47,1,7,61,4.803149478057315,3.700787302765472,1.297872340425532,1.5748031075597753,,,,,1.6797899813970936,,0.6524390243902439,,,5.65005813171482,-0.11150577127392758,,,,,,,,,182.8200225830078,1.599475220488161,271.50001525878906,2.375328154067041,,,,,,,,,,,,,,,,,,,"Chad Reineke","7641",448656
"Sam Narron","MIL",5,7,,5.492589509695318,21,18,,,,114.69999694824219,,147,75,70,15,34,1,6,52,4.080209350059379,2.66782919042344,1.5294117647058822,1.1769834663632823,,,,,1.5780296845315118,,0.6625,,,4.864967851727435,-0.11189598673098367,,,,,,,,,266.0799774169922,2.319790623334188,362.49998474121094,3.1604184340544252,,,,,,,,,,,,,,,,,,,"Sam Narron","4516",433897
"Kyle Gibson","MIN",6,8,,5.086956521739131,22,22,,,,115,,135,70,65,13,39,1,7,71,5.556521739130435,3.0521739130434784,1.8205128205128205,1.017391304347826,,,,,1.5130434782608695,,0.6675224646983311,,,4.460168894477513,-0.11218865576665848,,,,,,,,,344.1,2.9921739130434784,410,3.5652173913043477,,,,,,,,,,,,,,,,,,,"Kyle Gibson","10123",502043
"Tim Wakefield","BOS",6,6,,4.930434782608696,25,17,,,,115,,126,67,63,17,34,1,5,68,5.321739130434783,2.6608695652173915,2,1.3304347826086957,,,,,1.391304347826087,,0.682819383259912,,,4.781908024912296,-0.11218865576665848,,,,,,,,,333.29999999999995,2.898260869565217,373,3.243478260869565,,,,,,,,,,,,,,,,,,,"Tim Wakefield","219",123801
"Michael Kirkman","TEX",6,6,,5.165217391304348,35,15,,,,115,,124,71,66,14,63,3,7,87,6.808695652173913,4.930434782608696,1.380952380952381,1.0956521739130434,,,,,1.626086956521739,,0.6929510155316607,,,4.921038459694904,-0.11218865576665848,,,,,,,,,320.3999999999999,2.7860869565217383,357,3.1043478260869564,,,,,,,,,,,,,,,,,,,"Michael Kirkman","9877",457779
"Drew Pomeranz","COL",6,5,,4.527319914863106,26,26,,,,115.30000305175781,,115,62,58,11,59,0,6,92,7.181266071851823,4.605377154774539,1.5593220338983051,0.8586296390257614,,,,,1.5091066382877019,,0.7061790668348046,,,4.361032390933045,-0.1124813248023333,,,,,,,,,407.92002258300795,3.53790122971544,422.50001525878906,3.6643538948488157,,,,,,,,,,,,,,,,,,,"Drew Pomeranz","11426",519141
"J.J. Hoover","CIN",7,7,,4.433880842965691,37,20,,,,115.69999694824219,,115,62,57,13,53,2,7,101,7.856525704202365,4.122731310125994,1.9056603773584906,1.0112359817290173,,,,,1.4520311532519223,,0.7076101468624832,,,4.295913544877292,-0.11287154025938939,,,,,,,,,419.2799774169922,3.623854697287114,431.49998474121094,3.729472740904568,,,,,,,,,,,,,,,,,,,"J.J. Hoover","9037",543331
"Chaz Roe","SEA",4,8,,5.3673294414847845,27,17,,,,115.69999694824219,,139,74,69,14,46,2,6,67,5.2117546750649355,3.578219627656523,1.4565217391304348,1.0890233649389418,,,,,1.5989628770928908,,0.6711003627569528,,,4.788566971873481,-0.11287154025938939,,,,,,,,,300.5799774169921,2.597925543173999,374.49998474121094,3.23681931390838,,,,,,,,,,,,,,,,,,,"Chaz Roe","9866",475054
"Cody Scarpetta","MIL",7,9,,5.133967291855011,26,26,,,,115.69999694824219,,121,71,66,11,78,2,7,88,6.845289722473348,6.067415890374104,1.1282051282051282,0.8556612153091685,,,,,1.7199654731972176,,0.6971677559912854,,,4.944141738293329,-0.11287154025938939,,,,,,,,,327.2799774169922,2.828694780030109,356.49998474121094,3.0812445474885313,,,,,,,,,,,,,,,,,,,"Cody Scarpetta","sa390646",519255
"Manny Bañuelos","NYY",7,8,,5.445116824694709,25,25,,,,115.69999694824219,,128,75,70,15,65,1,5,85,6.611927572843575,5.0561799086450865,1.3076923076923077,1.166810748148866,,,,,1.6681072177239347,,0.686046511627907,,,5.056501291818776,-0.11287154025938939,,,,,,,,,298.8799774169922,2.5832323707899025,343.49998474121094,2.968884993963085,,,,,,,,,,,,,,,,,,,"Manny Banuelos","5365",544365
"Dylan Owen","NYM",5,9,,5.678478974324482,29,20,,,,115.69999694824219,,134,78,73,18,57,2,7,76,5.911841123954256,4.433880842965691,1.3333333333333333,1.4001728977786394,,,,,1.6508211325661737,,0.6815440289505428,,,5.393579952395115,-0.11287154025938939,,,,,,,,,246.37997741699218,2.129472635398677,304.49998474121094,2.631806333386746,,,,,,,,,,,,,,,,,,,"Dylan Owen","sa389225",519099
"Andrew Miller","BOS",6,8,,5.756266357534407,28,23,,,,115.69999694824219,,134,79,74,13,83,1,6,77,5.98962850716418,6.456352806423726,0.927710843373494,1.0112359817290173,,,,,1.8755402396170664,,0.6941649899396378,,,5.462724293026159,-0.11287154025938939,,,,,,,,,234.87997741699218,2.0300776457415513,296.49998474121094,2.562661992755702,,,,,,,,,,,,,,,,,,,"Andrew Miller","6785",453192
"Yunesky Maya","WSN",5,7,,4.9655172413793105,24,20,,,,116,,134,68,64,14,32,2,6,70,5.431034482758621,2.4827586206896552,2.1875,1.0862068965517242,,,,,1.4310344827586208,,0.6693989071038251,,,4.370213871988757,-0.11316420929506421,,,,,,,,,363.8,3.136206896551724,424,3.6551724137931036,,,,,,,,,,,,,,,,,,,"Yunesky Maya","11420",493337
"Maikel Cleto","STL",6,8,,4.887931034482759,25,22,,,,116,,120,67,63,11,67,1,7,90,6.982758620689655,5.198275862068965,1.3432835820895523,0.853448275862069,,,,,1.6120689655172413,,0.6993006993006993,,,4.620213871988757,-0.11316420929506421,,,,,,,,,369.10000000000014,3.1818965517241393,395,3.4051724137931036,,,,,,,,,,,,,,,,,,,"Maikel Cleto","5529",521055
"Billy Buckner","COL",6,8,,5.508620689655173,23,21,,,,116,,139,76,71,15,50,1,6,74,5.741379310344827,3.8793103448275863,1.48,1.1637931034482758,,,,,1.6293103448275863,,0.6726190476190477,,,4.878834561643929,-0.11316420929506421,,,,,,,,,292.50000000000006,2.5215517241379315,365,3.146551724137931,,,,,,,,,,,,,,,,,,,"Billy Buckner","8253",434438
"Stephen Fife","LAD",5,9,,5.353448275862069,24,23,,,,116,,140,74,69,14,49,1,7,60,4.655172413793103,3.8017241379310347,1.2244897959183674,1.0862068965517242,,,,,1.6293103448275863,,0.678866587957497,,,5.008144906471516,-0.11316420929506421,,,,,,,,,274.20000000000005,2.3637931034482764,350,3.0172413793103448,,,,,,,,,,,,,,,,,,,"Stephen Fife","8077",543155
"Mike MacDonald","TOR",5,9,,6.2844827586206895,27,20,,,,116,,162,87,81,15,40,2,7,44,3.413793103448276,3.103448275862069,1.1,1.1637931034482758,,,,,1.7413793103448276,,0.6353591160220995,,,5.163317320264619,-0.11316420929506421,,,,,,,,,199.7000000000001,1.721551724137932,332,2.8620689655172415,,,,,,,,,,,,,,,,,,,"Mike MacDonald","sa253784",453973
"Josh Stinson","NYM",6,11,,5.494410861843411,45,16,,,,116.30000305175781,,134,76,71,13,62,3,6,67,5.184866587936741,4.797936245553402,1.0806451612903225,1.006018890196681,,,,,1.6852966023807647,,0.6749156355455568,,,5.080416326440037,-0.11345687833073903,,,,,,,,,282.32002258300787,2.4275151777714483,342.50001525878906,2.944969959341823,,,,,,,,,,,,,,,,,,,"Josh Stinson","3219",502139
"Tom Gorzelanny","WSN",7,7,,4.087403705859179,30,19,,,,116.69999694824219,,113,57,53,12,47,4,4,101,7.789203288524096,3.6246787580260644,2.148936170212766,0.9254498956662293,,,,,1.3710368824684878,,0.7192737430167598,,,3.942267200932662,-0.11384709378779512,,,,,,,,,471.17997741699224,4.037532045746034,476.49998474121094,4.083119084849199,,,,,,,,,,,,,,,,,,,"Tom Gorzelanny","6244",452733
"Clay Buchholz","BOS",10,5,,3.6246787580260644,20,20,,,,116.69999694824219,,109,50,47,11,45,1,3,83,6.401028445024752,3.4704371087483596,1.8444444444444446,0.8483290710273768,,,,,1.3196229993759194,,0.7503607503607503,,,4.062232928148655,-0.11384709378779512,,,,,,,,,466.8799774169923,4.000685429529694,462.49998474121094,3.9631533576332063,,,,,,,,,,,,,,,,,,,"Clay Buchholz","3543",453329
"Casey Kelly","SDP",4,9,,5.398457724719671,25,25,,,,116.69999694824219,,143,75,70,11,51,1,7,73,5.629820198636228,3.933162056581474,1.4313725490196079,0.8483290710273768,,,,,1.6623822199930414,,0.6662933930571109,,,4.490681953920057,-0.11384709378779512,,,,,,,,,328.4799774169923,2.8147385261944526,412.49998474121094,3.534704331861804,,,,,,,,,,,,,,,,,,,"Casey Kelly","9174",543391
"Neil Ramírez","TEX",6,7,,5.012853601525408,29,28,,,,116.69999694824219,,125,70,65,15,54,1,7,91,7.0179950421355715,4.164524530498031,1.6851851851851851,1.1568123695827865,,,,,1.5338475122616206,,0.689873417721519,,,4.704906466805758,-0.11384709378779512,,,,,,,,,353.0799774169923,3.0255354468739823,387.49998474121094,3.3204798189761027,,,,,,,,,,,,,,,,,,,"Neil Ramirez","7677",519166
"Kevin Pucetas","KCR",4,8,,5.861182672552785,29,19,,,,116.69999694824219,,148,81,76,16,47,2,6,57,4.395887004414589,3.6246787580260644,1.2127659574468086,1.233933194221639,,,,,1.6709512005084695,,0.660486674391657,,,5.193338356185157,-0.11384709378779512,,,,,,,,,236.9799774169923,2.0306768090327862,330.49998474121094,2.832047929596704,,,,,,,,,,,,,,,,,,,"Kevin Pucetas","sa327994",501879
"Matt Fox","SEA",4,10,,5.861182672552785,29,21,,,,116.69999694824219,,133,81,76,22,60,2,7,76,5.861182672552785,4.627249478331146,1.2666666666666666,1.6966581420547535,,,,,1.6538132394776133,,0.6905055487053021,,,5.895994758450257,-0.11384709378779512,,,,,,,,,198.17997741699224,1.6982003650341773,248.49998474121094,2.1293915273316038,,,,,,,,,,,,,,,,,,,"Matt Fox","7320",460257
"Dylan Axelrod","CHW",5,6,,4.538461538461538,27,19,,,,117,,130,63,59,10,38,2,7,75,5.769230769230769,2.923076923076923,1.9736842105263157,0.7692307692307693,,,,,1.435897435897436,,0.6818181818181818,,,4.0082922686878435,-0.11413976282346994,,,,,,,,,419.80000000000007,3.5880341880341886,470,4.017094017094017,,,,,,,,,,,,,,,,,,,"Dylan Axelrod","9303",518420
"Andrew Carraway","SEA",5,9,,5.153846153846154,25,20,,,,117,,137,72,67,16,32,2,7,65,5,2.4615384615384617,2.03125,1.2307692307692308,,,,,1.4444444444444444,,0.6616643929058663,,,4.6920529524485275,-0.11413976282346994,,,,,,,,,325.8,2.7846153846153845,390,3.3333333333333335,,,,,,,,,,,,,,,,,,,"Andrew Carraway","sa501632",571544
"Ryan Feierabend","PHI",5,10,,5.923076923076923,25,22,,,,117,,146,82,77,20,39,1,7,60,4.615384615384615,3,1.5384615384615385,1.5384615384615385,,,,,1.5811965811965811,,0.6560509554140127,,,5.401454661850236,-0.11413976282346994,,,,,,,,,222.20000000000005,1.8991452991452995,307,2.623931623931624,,,,,,,,,,,,,,,,,,,"Ryan Feierabend","6336",456387
"Tyler Cloyd","PHI",6,7,,4.910485805749246,31,17,,,,117.30000305175781,,137,68,64,14,35,1,8,75,5.754475553612398,2.685421925019119,2.142857142857143,1.0741687700076477,,,,,1.4663256225501222,,0.6824146981627296,,,4.397935269680522,-0.11443243185914476,,,,,,,,,360.6200225830078,3.07433941347714,425.50001525878906,3.627451016101339,,,,,,,,,,,,,,,,,,,"Tyler Cloyd","8536",543031
"Scott Feldman","TEX",7,7,,4.680306783604751,25,18,,,,117.30000305175781,,128,65,61,14,37,1,5,68,5.217391168608574,2.838874606448783,1.837837837837838,1.0741687700076477,,,,,1.4066495797719194,,0.6877579092159559,,,4.4917119083319825,-0.11443243185914476,,,,,,,,,373.0200225830078,3.1800512606842415,414.50001525878906,3.533674377449878,,,,,,,,,,,,,,,,,,,"Scott Feldman","6283",444857
"Aaron Cook","BOS",7,7,,4.987212146464078,21,21,,,,117.30000305175781,,137,70,65,12,41,3,5,56,4.296675080030591,3.1457799693081108,1.3658536585365855,0.9207160885779837,,,,,1.5174765163600101,,0.6699751861042184,,,4.576963398015129,-0.11443243185914476,,,,,,,,,338.22002258300785,2.8833760765868917,404.50001525878906,3.448422887766731,,,,,,,,,,,,,,,,,,,"Aaron Cook","1571",346871
"Joel Carreno","TOR",6,8,,5.524296531467902,28,22,,,,117.30000305175781,,132,77,72,17,63,1,8,89,6.828644323620045,4.833759465034414,1.4126984126984128,1.3043477921521436,,,,,1.6624040488213594,,0.6892523364485982,,,5.207824421670415,-0.11443243185914476,,,,,,,,,280.72002258300785,2.3931800109087984,330.50001525878906,2.817561864111446,,,,,,,,,,,,,,,,,,,"Joel Carreno","2746",468528
"Tyler Thornburg","MIL",7,9,,5.06393848717891,23,23,,,,117.30000305175781,,110,71,66,19,79,0,8,114,8.746802841490846,6.061380916471726,1.4430379746835442,1.4578004735818075,,,,,1.6112531550114715,,0.7266009852216748,,,5.412427996909966,-0.11443243185914476,,,,,,,,,315.3200225830078,2.6881501652124853,306.50001525878906,2.6129582888718943,,,,,,,,,,,,,,,,,,,"Tyler Thornburg","10688",592804
"Clayton Tanner","CIN",6,10,,5.984654575756894,24,23,,,,117.30000305175781,,140,83,78,19,57,1,7,64,4.910485805749246,4.373401420745423,1.1228070175438596,1.4578004735818075,,,,,1.6794543467579888,,0.6690140845070423,,,5.676707614927721,-0.11443243185914476,,,,,,,,,206.3200225830078,1.7589089276661871,275.50001525878906,2.34867867085414,,,,,,,,,,,,,,,,,,,"Clayton Tanner","sa326678",502388
"Shane Loux","SFG",5,9,,5.123194695282493,23,19,,,,117.69999694824219,,145,72,67,12,30,1,6,49,3.7468140308782414,2.2939677740070863,1.6333333333333333,0.9175871096028346,,,,,1.4868309646342226,,0.6510745891276866,,,4.43575165794918,-0.11482264731620084,,,,,,,,,336.37997741699223,2.8579438074659693,422.49998474121094,3.5896346278326803,,,,,,,,,,,,,,,,,,,"Shane Loux","1613",400076
"Simon Castro","CHW",5,10,,5.964316212418424,24,24,,,,117.69999694824219,,143,83,78,20,47,1,7,76,5.811385027484619,3.5938828459444356,1.6170212765957446,1.5293118493380575,,,,,1.6142736187457276,,0.6604938271604939,,,5.319354059788947,-0.11482264731620084,,,,,,,,,243.17997741699224,2.0661001165864863,318.49998474121094,2.7060322259929137,,,,,,,,,,,,,,,,,,,"Simon Castro","9243",501563
"Alex Wilson","BOS",5,7,,5.811385027484619,25,25,,,,117.69999694824219,,142,81,76,18,55,1,7,70,5.352591472683201,4.205607585679658,1.2727272727272727,1.3763806644042518,,,,,1.6737468573310965,,0.6752037252619324,,,5.404315829196617,-0.11482264731620084,,,,,,,,,234.3799774169923,1.991333759507737,308.49998474121094,2.621070456585244,,,,,,,,,,,,,,,,,,,"Alex Wilson","9239",543935
"Jon Garland","CLE",7,8,,4.6525423728813555,20,20,,,,118,,128,65,61,15,43,4,4,65,4.9576271186440675,3.2796610169491527,1.5116279069767442,1.1440677966101696,,,,,1.4491525423728813,,0.7066666666666667,,,4.771148997646267,-0.11511531635187566,,,,,,,,,344.90000000000003,2.9228813559322036,384,3.2542372881355934,,,,,,,,,,,,,,,,,,,"Jon Garland","232",279782
"Andrew Kown","SFG",6,10,,5.021132583911407,28,20,,,,118.30000305175781,,135,71,66,15,42,2,7,66,5.021132583911407,3.195266189761804,1.5714285714285714,1.1411664963435015,,,,,1.496196072983702,,0.6794871794871795,,,4.800534168982863,-0.11540798538755048,,,,,,,,,324.92002258300784,2.746576620465944,381.50001525878906,3.224852116798998,,,,,,,,,,,,,,,,,,,"Andrew Kown","sa254314",457928
"Justin Wilson","PIT",6,12,,5.173288116757207,28,22,,,,118.30000305175781,,127,73,68,12,73,2,7,82,6.2383768466778085,5.553676948871708,1.1232876712328768,0.9129331970748013,,,,,1.6906170316200022,,0.693231441048035,,,4.986502042461063,-0.11540798538755048,,,,,,,,,321.6200225830077,2.7186814394442127,359.50001525878906,3.038884243320797,,,,,,,,,,,,,,,,,,,"Justin Wilson","4301",458677
"Tim Bascom","BAL",5,11,,6.5206404372318065,27,21,,,,118.69999694824219,,161,92,86,19,45,2,7,56,4.245998424243967,3.411963019481759,1.2444444444444445,1.4406066082256317,,,,,1.7354676099092403,,0.6354515050167224,,,5.476944899779865,-0.11579820084460657,,,,,,,,,182.07997741699216,1.5339509865058052,302.49998474121094,2.548441386001995,,,,,,,,,,,,,,,,,,,"Tim Bascom","sa326787",502157
"Mike Montgomery","KCR",6,8,,4.915966386554622,24,23,,,,119,,131,70,65,12,53,1,6,78,5.899159663865547,4.008403361344538,1.471698113207547,0.907563025210084,,,,,1.546218487394958,,0.6818181818181819,,,4.512781243765054,-0.11609086988028139,,,,,,,,,371.39999999999986,3.121008403361343,418,3.5126050420168067,,,,,,,,,,,,,,,,,,,"Mike Montgomery","4869",543557
"Jake Peavy","CHW",8,7,,4.30008371229829,21,20,,,,119.30000305175781,,121,61,57,14,31,2,4,102,7.694886643060097,2.338642018969245,3.2903225806451615,1.0561609117925623,,,,,1.2740988777180118,,0.6873111782477341,,,3.7211113308515644,-0.11638353891595621,,,,,,,,,495.02002258300774,4.149371415927336,513.5000152587891,4.304274954930296,,,,,,,,,,,,,,,,,,,"Jake Peavy","1051",408241
"Nathan Eovaldi","LAD",6,7,,4.30008371229829,26,22,,,,119.30000305175781,,119,61,57,9,62,1,7,83,6.261525405627334,4.67728403793849,1.3387096774193548,0.6789605861523615,,,,,1.5171835320194744,,0.7125890736342042,,,4.349778540251899,-0.11638353891595621,,,,,,,,,421.72002258300773,3.5349539966067414,438.50001525878906,3.6756077455299616,,,,,,,,,,,,,,,,,,,"Nathan Eovaldi","9132",543135
"Nick Bucci","MIL",6,10,,6.110645275371254,25,22,,,,119.30000305175781,,135,87,81,20,79,1,8,78,5.884325079987133,5.959765145115173,0.9873417721518988,1.5088013025608034,,,,,1.7937971041556218,,0.6827956989247311,,,6.084900038196823,-0.11638353891595621,,,,,,,,,180.8200225830078,1.515674920012867,231.50001525878906,1.9404862475850377,,,,,,,,,,,,,,,,,,,"Nick Bucci","sa455372",542984
"Anthony Bass","SDP",6,8,,4.360902366820533,36,21,,,,119.69999694824219,,125,62,58,12,44,2,6,77,5.789473831813467,3.3082707610362667,1.75,0.9022556621008,,,,,1.4118630268058816,,0.7030223390275954,,,4.295227587997801,-0.1167737543730123,,,,,,,,,417.1799774169921,3.48521293277375,446.49998474121094,3.7301586977840593,,,,,,,,,,,,,,,,,,,"Anthony Bass","7982",542914
"Rudy Owens","PIT",6,11,,5.037594113396134,23,23,,,,119.69999694824219,,139,72,67,15,33,2,6,71,5.3383460007630665,2.4812030707772,2.1515151515151514,1.127819577626,,,,,1.4369256840864593,,0.6622516556291391,,,4.445603531681268,-0.1167737543730123,,,,,,,,,364.87997741699206,3.048287274182344,428.49998474121094,3.5797827541005924,,,,,,,,,,,,,,,,,,,"Rudy Owens","5226",502168
"Ryan Rowland-Smith","CHC",5,9,,5.789473831813467,25,22,,,,119.69999694824219,,146,82,77,21,40,1,7,70,5.2631580289213336,3.0075188736693335,1.75,1.5789474086764002,,,,,1.5538847513958223,,0.6641123882503193,,,5.3144423174079645,-0.1167737543730123,,,,,,,,,246.87997741699212,2.062489421146285,324.49998474121094,2.710943968373896,,,,,,,,,,,,,,,,,,,"Ryan Rowland-Smith","3245",434884
"Ariel Peña","LAA",4,10,,6.5413535502308005,24,24,,,,119.69999694824219,,145,93,87,15,94,1,9,81,6.0902257191804,7.067669353122934,0.8617021276595744,1.127819577626,,,,,1.9966583633526964,,0.6697247706422018,,,5.882529215767727,-0.1167737543730123,,,,,,,,,177.2799774169921,1.4810357722368803,256.49998474121094,2.1428570700141334,,,,,,,,,,,,,,,,,,,"Ariel Pena","10240",516414
"Austin Hyatt","PHI",7,8,,4.725,26,22,,,,120,,124,67,63,16,53,1,8,105,7.875,3.975,1.9811320754716981,1.2,,,,,1.475,,0.7115135834411385,,,4.533719619115194,-0.11706642340868711,,,,,,,,,395.8,3.2983333333333333,419,3.4916666666666667,,,,,,,,,,,,,,,,,,,"Austin Hyatt","sa501768",444941
"Jeurys Familia","NYM",6,7,,4.725,24,24,,,,120,,124,67,63,13,64,1,8,92,6.9,4.8,1.4375,0.975,,,,,1.5666666666666667,,0.7126030624263839,,,4.70038628578186,-0.11706642340868711,,,,,,,,,373.7,3.1141666666666667,399,3.325,,,,,,,,,,,,,,,,,,,"Jeurys Familia","5114",544727
"Chris Withrow","LAD",4,8,,5.325,25,25,,,,120,,127,76,71,14,77,2,7,95,7.125,5.775,1.2337662337662338,1.05,,,,,1.7,,0.6941431670281996,,,5.058719619115194,-0.11706642340868711,,,,,,,,,323.59999999999997,2.6966666666666663,356,2.966666666666667,,,,,,,,,,,,,,,,,,,"Chris Withrow","7161",519437
"Jeff Suppan","SDP",5,9,,5.4,24,20,,,,120,,145,77,72,16,46,2,6,58,4.35,3.45,1.2608695652173914,1.2,,,,,1.5916666666666666,,0.6761565836298933,,,5.092052952448528,-0.11706642340868711,,,,,,,,,274.20000000000005,2.2850000000000006,352,2.933333333333333,,,,,,,,,,,,,,,,,,,"Jeff Suppan","633",122987
"Chris Seddon","CLE",5,10,,6.075,26,20,,,,120,,151,87,81,17,56,1,6,64,4.8,4.2,1.1428571428571428,1.275,,,,,1.725,,0.6550218340611355,,,5.350386285781861,-0.11706642340868711,,,,,,,,,228.29999999999995,1.9024999999999996,321,2.675,,,,,,,,,,,,,,,,,,,"Chris Seddon","3833",434629
"Andrew Baldwin","MIN",5,12,,6.45,27,19,,,,120,,159,92,86,23,38,2,7,60,4.5,2.85,1.5789473684210527,1.725,,,,,1.6416666666666666,,0.6371359223300971,,,5.642052952448527,-0.11706642340868711,,,,,,,,,176.69999999999987,1.472499999999999,286,2.3833333333333333,,,,,,,,,,,,,,,,,,,"Andrew Baldwin","sa253988",456703
"Matt Yourkin","SFG",5,8,,4.937655735091193,32,19,,,,120.30000305175781,,137,71,66,14,44,2,7,85,6.359102083071991,3.2917704900607956,1.9318181818181819,1.0473815195647986,,,,,1.5045718654065756,,0.6815365551425031,,,4.396957323307192,-0.11735909244436193,,,,,,,,,378.82002258300787,3.148961038845731,436.50001525878906,3.6284289624746684,,,,,,,,,,,,,,,,,,,"Matt Yourkin","sa245874",461361
"Chad James","FLA",6,12,,5.910224288972792,25,25,,,,120.30000305175781,,147,85,79,15,67,1,8,80,5.985037254655992,5.012468700774393,1.1940298507462686,1.1221944852479984,,,,,1.778886072911642,,0.6683937823834197,,,5.186649738852079,-0.11735909244436193,,,,,,,,,258.5200225830079,2.148961064213626,341.50001525878906,2.838736546929781,,,,,,,,,,,,,,,,,,,"Chad James","sa500729",545345
"Jordan Zimmermann","WSN",7,5,,3.653686919222598,22,22,,,,120.69999694824219,,116,52,49,12,29,1,5,100,7.456503916780813,2.1623861358664356,3.4482758620689653,0.8947804700136975,,,,,1.2013256310369087,,0.7254290171606865,,,3.505916538196624,-0.11774930790141802,,,,,,,,,541.9799774169921,4.490306471585087,545.4999847412109,4.519469747585236,,,,,,,,,,,,,,,,,,,"Jordan Zimmermann","4505",519455
"Brian Broderick","STL",7,11,,5.294117780914377,30,20,,,,120.69999694824219,,155,76,71,12,31,2,8,50,3.7282519583904064,2.3115162142020518,1.6129032258064515,0.8947804700136975,,,,,1.5410108094680346,,0.6501182033096927,,,4.458692038674172,-0.11774930790141802,,,,,,,,,325.57997741699216,2.6974315298169005,430.49998474121094,3.566694247107688,,,,,,,,,,,,,,,,,,,"Brian Broderick","3773",518495
"Brian Burres","SFG",5,9,,5.517812898417802,26,21,,,,120.69999694824219,,140,79,74,18,50,2,7,75,5.592377937585609,3.7282519583904064,1.5,1.3421707050205463,,,,,1.5741508268759494,,0.6735436893203883,,,5.138062395536425,-0.11774930790141802,,,,,,,,,286.7799774169922,2.375973360960128,348.49998474121094,2.8873238902454363,,,,,,,,,,,,,,,,,,,"Brian Burres","3425",434638
"Felipe Paulino","KCR",6,7,,4.68595041322314,30,19,,,,121,,129,67,63,12,51,3,6,102,7.586776859504132,3.793388429752066,2,0.8925619834710744,,,,,1.487603305785124,,0.6924019607843138,,,4.041915211401696,-0.11804197693709284,,,,,,,,,445.40000000000003,3.6809917355371904,482,3.9834710743801653,,,,,,,,,,,,,,,,,,,"Felipe Paulino","3777",462956
"Esmil Rogers","COL",7,8,,5.193734411788792,27,20,,,,121.30000305175781,,141,75,70,15,49,4,7,84,6.23248129414655,3.6356140882521544,1.7142857142857142,1.1129430882404554,,,,,1.5663643464124928,,0.6804733727810651,,,4.63297074657363,-0.11833464597276766,,,,,,,,,346.520022583008,2.856718993116187,411.50001525878906,3.392415539208231,,,,,,,,,,,,,,,,,,,"Esmil Rogers","6317",469134
"Anthony Swarzak","MIN",6,9,,5.342126823554186,27,20,,,,121.30000305175781,,147,77,72,15,38,2,7,61,4.525968558844519,2.819455823542487,1.605263157894737,1.1129430882404554,,,,,1.5251442320332167,,0.6585365853658537,,,4.740143043959748,-0.11833464597276766,,,,,,,,,317.9200225830079,2.620939938866727,398.50001525878906,3.2852432418221134,,,,,,,,,,,,,,,,,,,"Anthony Swarzak","7466",461872
"Rob Scahill","COL",7,10,,5.787304058850368,24,23,,,,121.30000305175781,,154,83,78,14,60,2,8,64,4.74855717649261,4.451772352961822,1.0666666666666667,1.0387468823577584,,,,,1.764220895433018,,0.6738683127572016,,,5.152344187752508,-0.11833464597276766,,,,,,,,,249.02002258300791,2.052926762720302,348.50001525878906,2.873042098029352,,,,,,,,,,,,,,,,,,,"Rob Scahill","9286",543746
"Luis Perez","TOR",6,9,,5.713107852967671,34,19,,,,121.30000305175781,,139,82,77,16,72,2,8,78,5.787304058850368,5.342126823554186,1.0833333333333333,1.1871392941231524,,,,,1.7394888268054525,,0.6839872746553552,,,5.432640965531586,-0.11833464597276766,,,,,,,,,255.420022583008,2.105688509125776,314.50001525878906,2.592745320250274,,,,,,,,,,,,,,,,,,,"Luis Perez","6389",469802
"Ross Detwiler","WSN",7,8,,4.437140620715518,26,23,,,,121.69999694824219,,136,64,60,10,45,3,5,76,5.620378119572989,3.3278554655366386,1.6888888888888889,0.7395234367859197,,,,,1.4872638006472385,,0.7005988023952096,,,4.0771529514329465,-0.11872486142982375,,,,,,,,,425.97997741699226,3.500246410015584,480.49998474121094,3.9482333343489144,,,,,,,,,,,,,,,,,,,"Ross Detwiler","2859",446321
"David Phelps","NYY",6,7,,5.398521088537214,23,22,,,,121.69999694824219,,148,78,73,18,39,2,6,73,5.398521088537214,2.8841414034650867,1.8717948717948718,1.3311421862146555,,,,,1.5365653630996332,,0.6736711990111248,,,4.857761023595861,-0.11872486142982375,,,,,,,,,305.3799774169923,2.509285004722452,385.49998474121094,3.167625262185999,,,,,,,,,,,,,,,,,,,"David Phelps","6316",475479
"Alex Cobb","TBR",7,5,,3.9836065573770494,23,23,,,,122,,125,58,54,10,42,2,5,91,6.713114754098361,3.098360655737705,2.1666666666666665,0.7377049180327869,,,,,1.3688524590163935,,0.7124183006535948,,,3.754894482503172,-0.11901753046549857,,,,,,,,,495.8000000000002,4.06393442622951,521,4.270491803278689,,,,,,,,,,,,,,,,,,,"Alex Cobb","6562",502171
"Phil Hughes","NYY",9,8,,4.841075915026823,25,22,,,,122.69999694824219,,127,71,66,18,44,2,3,96,7.041564967311743,3.2273839433512155,2.1818181818181817,1.3202934313709518,,,,,1.3936430664471158,,0.6858710562414265,,,4.516828865663862,-0.11970041495822947,,,,,,,,,407.3799774169924,3.3201302978747025,430.49998474121094,3.5085574201179988,,,,,,,,,,,,,,,,,,,"Phil Hughes","7450",461833
"Luis Mendoza","KCR",7,9,,4.987775185179151,28,19,,,,122.69999694824219,,144,73,68,11,49,2,7,51,3.740831388884364,3.5941321187320354,1.0408163265306123,0.8068459858378039,,,,,1.5729421744110723,,0.6756756756756757,,,4.728727811439446,-0.11970041495822947,,,,,,,,,332.27997741699215,2.7080683429613766,404.49998474121094,3.296658474342414,,,,,,,,,,,,,,,,,,,"Luis Mendoza","3126",434669
"Brad Penny","DET",7,8,,5.134474455331479,21,21,,,,122.69999694824219,,144,75,70,16,40,1,3,60,4.400978104569839,2.9339854030465595,1.5,1.1735941612186238,,,,,1.4995925393349083,,0.6745049504950495,,,4.793927487062703,-0.11970041495822947,,,,,,,,,327.7799774169924,2.671393525423296,396.49998474121094,3.231458798719157,,,,,,,,,,,,,,,,,,,"Brad Penny","535",207267
"Mitch Atkins","WSN",5,9,,5.6479219008646275,27,22,,,,122.69999694824219,,141,82,77,21,51,2,7,77,5.6479219008646275,3.740831388884364,1.5098039215686274,1.5403423365994438,,,,,1.5647922149581652,,0.6765067650676507,,,5.413324405483644,-0.11970041495822947,,,,,,,,,263.0799774169924,2.1440911488202063,320.49998474121094,2.6120618802982167,,,,,,,,,,,,,,,,,,,"Mitch Atkins","8369",444444
"Andy Van Hekken","HOU",5,9,,5.121951219512195,30,18,,,,123,,149,75,70,12,43,2,7,74,5.414634146341464,3.1463414634146343,1.7209302325581395,0.8780487804878049,,,,,1.5609756097560976,,0.6678082191780822,,,4.3099391313103155,-0.11999308399390429,,,,,,,,,373.2,3.0341463414634147,457,3.7154471544715446,,,,,,,,,,,,,,,,,,,"Andy Van Hekken","1630",407843
"Alex Colomé","TBR",6,11,,6,26,26,,,,123,,132,88,82,20,85,2,8,77,5.634146341463414,6.219512195121951,0.9058823529411765,1.4634146341463414,,,,,1.7642276422764227,,0.6825396825396826,,,6.1554675865948685,-0.11999308399390429,,,,,,,,,196.00000000000006,1.59349593495935,230,1.8699186991869918,,,,,,,,,,,,,,,,,,,"Alex Colome","6661",517008
"Matt Maloney","MIN",7,9,,4.963503526784991,25,21,,,,123.30000305175781,,146,73,68,16,27,3,7,72,5.255474322478225,1.9708028709293346,2.6666666666666665,1.167883182772939,,,,,1.4030818793036002,,0.6640106241699868,,,4.371696065922888,-0.12028575302957911,,,,,,,,,378.02002258300774,3.0658557439315373,450.50001525878906,3.6536902198589734,,,,,,,,,,,,,,,,,,,"Matt Maloney","9920",476011
"Jake Odorizzi","KCR",6,9,,5.4014597203248425,25,24,,,,123.30000305175781,,140,79,74,18,55,1,8,86,6.277372107404547,4.0145984407819775,1.5636363636363637,1.3138685806195562,,,,,1.5815084766716883,,0.6831566548881036,,,5.061071555754136,-0.12028575302957911,,,,,,,,,310.02002258300774,2.5143553520665383,365.50001525878906,2.9643147300277244,,,,,,,,,,,,,,,,,,,"Jake Odorizzi","6397",543606
"Kyle Lohse","STL",7,8,,4.365400269378694,22,21,,,,123.69999694824219,,130,64,60,13,36,1,3,75,5.456750336723367,2.619240161627216,2.0833333333333335,0.9458367250320503,,,,,1.341956379105302,,0.6901217861975643,,,4.124820427699458,-0.1206759684866352,,,,,,,,,450.47997741699226,3.6417137310478624,482.49998474121094,3.900565858082403,,,,,,,,,,,,,,,,,,,"Kyle Lohse","739",346798
"Charlie Furbush","SEA",6,12,,5.383993665567055,30,22,,,,123.69999694824219,,136,79,74,21,48,3,8,91,6.620857075224352,3.492320215502955,1.8958333333333333,1.5278900942825426,,,,,1.487469721417925,,0.6791720569210867,,,5.119161600169049,-0.1206759684866352,,,,,,,,,317.47997741699226,2.566531812849036,359.49998474121094,2.9062246856128118,,,,,,,,,,,,,,,,,,,"Charlie Furbush","1370",518703
"Matt Shoemaker","LAA",5,10,,6.184317048286482,24,20,,,,123.69999694824219,,153,91,85,22,51,1,8,71,5.16572365209812,3.7105902289718893,1.392156862745098,1.6006467654388543,,,,,1.6491512128763952,,0.6524249422632795,,,5.620374223690306,-0.1206759684866352,,,,,,,,,211.9799774169922,1.7136619454056057,297.49998474121094,2.4050120620915543,,,,,,,,,,,,,,,,,,,"Matt Shoemaker","4776",533167
"Chris Dwyer","KCR",6,11,,5.893290363661236,26,26,,,,123.69999694824219,,137,87,81,16,85,1,8,81,5.893290363661236,6.184317048286482,0.9529411764705882,1.164106738500985,,,,,1.7946645551890184,,0.6763527054108217,,,5.652710521982,-0.1206759684866352,,,,,,,,,245.3799774169923,1.9836700361412516,293.49998474121094,2.3726757637998603,,,,,,,,,,,,,,,,,,,"Chris Dwyer","10045",543125
"Barry Zito","SFG",7,8,,4.282258064516129,23,21,,,,124,,118,63,59,15,52,4,4,92,6.67741935483871,3.774193548387097,1.7692307692307692,1.0887096774193548,,,,,1.3709677419354838,,0.7181208053691275,,,4.4689346728786346,-0.12096863752231002,,,,,,,,,442.2999999999999,3.566935483870967,441,3.556451612903226,,,,,,,,,,,,,,,,,,,"Barry Zito","944",217096
"P.J. Walters","MIN",6,9,,5.516129032258065,27,21,,,,124,,148,81,76,15,49,2,6,85,6.169354838709677,3.556451612903226,1.7346938775510203,1.0887096774193548,,,,,1.5887096774193548,,0.6590909090909091,,,4.5576443502979895,-0.12096863752231002,,,,,,,,,353.2999999999999,2.849193548387096,430,3.467741935483871,,,,,,,,,,,,,,,,,,,"P.J. Walters","9557",502208
"Ryan Edell","BAL",5,9,,5.951612903225806,27,21,,,,124,,167,88,82,19,29,2,7,69,5.008064516129032,2.1048387096774195,2.3793103448275863,1.3790322580645162,,,,,1.5806451612903225,,0.6375442739079102,,,4.7753862857818605,-0.12096863752231002,,,,,,,,,279.6999999999999,2.2556451612903214,403,3.25,,,,,,,,,,,,,,,,,,,"Ryan Edell","sa291700",460146
"Jarrod Parker","OAK",9,9,,4.199517193757768,26,26,,,,124.30000305175781,,128,62,58,9,53,1,7,94,6.8061140726419005,3.8374898494683056,1.7735849056603774,0.651649219721033,,,,,1.4561544292531725,,0.7066508313539193,,,3.9022969641718928,-0.12126130655798484,,,,,,,,,484.32002258300776,3.896379812487532,512.5000152587891,4.123089321609968,,,,,,,,,,,,,,,,,,,"Jarrod Parker","4913",519105
"Edinson Volquez","SDP",6,7,,3.9823007871840908,22,22,,,,124.30000305175781,,114,59,55,11,69,2,6,118,8.543845325231322,4.995977351194586,1.710144927536232,0.7964601574368181,,,,,1.4722445334438152,,0.7398568019093079,,,4.087333162364285,-0.12126130655798484,,,,,,,,,499.1200225830078,4.0154465834982895,489.50001525878906,3.9380531234175757,,,,,,,,,,,,,,,,,,,"Edinson Volquez","3990",450172
"Edwar Cabrera","COL",5,6,,5.052125223880213,22,22,,,,124.69999694824219,,137,75,70,18,48,1,8,103,7.433841400852314,3.4643144392321465,2.1458333333333335,1.2991179147120548,,,,,1.4835605816156183,,0.6883604505632039,,,4.597158577655705,-0.12165152201504092,,,,,,,,,383.17997741699213,3.0728146495146613,427.49998474121094,3.4282277081261556,,,,,,,,,,,,,,,,,,,"Edwar Cabrera","9211",542369
"Kyle Weiland","HOU",6,11,,5.268644876332223,27,26,,,,124.69999694824219,,137,78,73,16,67,2,8,90,6.495589573560275,4.8356055714282045,1.3432835820895523,1.1547714797440487,,,,,1.6359262629707358,,0.6938325991189428,,,5.054255621721057,-0.12165152201504092,,,,,,,,,324.77997741699215,2.6044906605073526,370.49998474121094,2.9711306640608033,,,,,,,,,,,,,,,,,,,"Kyle Weiland","7874",475095
"Brooks Raley","CHC",5,11,,5.8460306162042475,25,25,,,,124.69999694824219,,159,87,81,17,51,1,8,60,4.330393049040183,3.6808340916841553,1.1764705882352942,1.2269446972280518,,,,,1.6840417412934046,,0.6605800214822771,,,5.254736781398844,-0.12165152201504092,,,,,,,,,243.27997741699204,1.9509220799577685,345.49998474121094,2.770649504383017,,,,,,,,,,,,,,,,,,,"Brooks Raley","10061",548384
"Graham Godfrey","OAK",7,10,,4.896,26,22,,,,125,,141,73,68,12,51,2,7,74,5.328,3.672,1.4509803921568627,0.864,,,,,1.536,,0.6792237442922375,,,4.481386285781861,-0.12194419105071574,,,,,,,,,384.79999999999995,3.0784,443,3.544,,,,,,,,,,,,,,,,,,,"Graham Godfrey","3128",453232
"Pedro Villarreal","CIN",6,10,,5.832,28,24,,,,125,,151,87,81,22,42,1,8,74,5.328,3.024,1.7619047619047619,1.584,,,,,1.544,,0.653514180024661,,,5.32938628578186,-0.12194419105071574,,,,,,,,,259.79999999999995,2.0784,337,2.696,,,,,,,,,,,,,,,,,,,"Pedro Villarreal","9904",543881
"Zeke Spruill","ATL",7,9,,4.956105226457838,23,22,,,,125.30000305175781,,146,74,69,14,39,1,7,63,4.52513955459194,2.8012768671283435,1.6153846153846154,1.0055865676870976,,,,,1.4764564684294688,,0.6711003627569528,,,4.5736703661889795,-0.12223686008639056,,,,,,,,,363.42002258300784,2.900399151889003,432.50001525878906,3.4517159195928815,,,,,,,,,,,,,,,,,,,"Zeke Spruill","3873",543809
"Nestor Molina","CHW",6,8,,5.099760450413138,23,21,,,,125.30000305175781,,143,76,71,18,38,1,6,85,6.105347018100236,2.7294492551506937,2.236842105263158,1.2928970155976969,,,,,1.4445330853282912,,0.6739409499358151,,,4.589632057739568,-0.12223686008639056,,,,,,,,,372.0200225830079,2.9690344255565355,430.50001525878906,3.4357542280422924,,,,,,,,,,,,,,,,,,,"Nestor Molina","sa503616",500882
"Andy Pettitte","NYY",8,7,,4.45331194261429,21,21,,,,125.30000305175781,,132,68,62,17,52,3,4,84,6.033519406122586,3.735035822837791,1.6153846153846154,1.2210694036200471,,,,,1.4684756226541744,,0.7240948813982523,,,4.789153202121929,-0.12223686008639056,,,,,,,,,374.9200225830079,2.9921788783048893,405.50001525878906,3.236233083659932,,,,,,,,,,,,,,,,,,,"Andy Pettitte","840",120485
"Chris Masters","ATL",5,9,,6.033519406122586,27,24,,,,125.30000305175781,,144,90,84,19,81,2,9,82,5.889864182167286,5.818036570189636,1.0123456790123457,1.3647246275753468,,,,,1.7956902994412458,,0.6804435483870968,,,5.842624844460793,-0.12223686008639056,,,,,,,,,213.12002258300782,1.7008780318622505,273.50001525878906,2.182761441321068,,,,,,,,,,,,,,,,,,,"Chris Masters","sa501617",571921
"Trevor May","PHI",8,10,,5.011933295904587,26,25,,,,125.69999694824219,,119,75,70,15,94,1,9,135,9.665871356387418,6.730310425929017,1.4361702127659575,1.0739857062652687,,,,,1.6945107809963127,,0.71875,,,4.886961509974993,-0.12262707554344665,,,,,,,,,397.27997741699215,3.1605408676388023,394.49998474121094,3.1384247758068677,,,,,,,,,,,,,,,,,,,"Trevor May","6398",543507
"Mike Ballard","WSN",5,10,,5.571428571428571,26,21,,,,126,,157,83,78,20,34,2,7,70,5,2.4285714285714284,2.0588235294117645,1.4285714285714286,,,,,1.5158730158730158,,0.6625766871165644,,,4.953957714353289,-0.12291974457912147,,,,,,,,,295.2000000000001,2.342857142857144,387,3.0714285714285716,,,,,,,,,,,,,,,,,,,"Mike Ballard","sa327794",453040
"Rick Van Den Hurk","CLE",6,10,,5.714285714285714,26,24,,,,126,,145,88,80,23,48,2,7,77,5.5,3.4285714285714284,1.6041666666666667,1.6428571428571428,,,,,1.5317460317460319,,0.6529850746268656,,,5.485703746099321,-0.12291974457912147,,,,,,,,,261.5,2.0753968253968256,320,2.5396825396825395,,,,,,,,,,,,,,,,,,,"Rick Van Den Hurk","5099",462995
"Lance Lynn","STL",7,7,,4.06175762157165,29,20,,,,126.30000305175781,,128,61,57,8,54,2,7,93,6.6270782246695354,3.8479809046468265,1.7222222222222223,0.5700712451328632,,,,,1.4410134251969597,,0.708430913348946,,,3.825069560204349,-0.12321241361479629,,,,,,,,,506.420022583008,4.009659622695946,530.5000152587891,4.200316725577511,,,,,,,,,,,,,,,,,,,"Lance Lynn","2520",458681
"Adam Wilk","DET",7,8,,5.059382300554161,25,22,,,,126.30000305175781,,148,76,71,19,26,2,7,65,4.631828866704514,1.8527315466818055,2.5,1.3539192071905501,,,,,1.3776721757377528,,0.6648575305291723,,,4.73560002118045,-0.12321241361479629,,,,,,,,,347.12002258300794,2.7483769928394852,415.50001525878906,3.2897862646014104,,,,,,,,,,,,,,,,,,,"Adam Wilk","8421",573244
"JC Ramírez","PHI",7,12,,5.5984251968503935,24,24,,,,127,,151,85,79,16,59,1,8,71,5.031496062992126,4.181102362204724,1.2033898305084745,1.1338582677165354,,,,,1.6535433070866141,,0.6663113006396588,,,5.12774849050627,-0.1238952981075272,,,,,,,,,291.4000000000002,2.2944881889763797,368,2.8976377952755907,,,,,,,,,,,,,,,,,,,"JC Ramirez","8302",500724
"Charlie Leesman","CHW",5,12,,6.661417322834645,26,26,,,,127,,166,101,94,15,90,2,9,66,4.677165354330708,6.377952755905512,0.7333333333333333,1.062992125984252,,,,,2.015748031496063,,0.6595744680851063,,,5.8600319550731985,-0.1238952981075272,,,,,,,,,158.70000000000016,1.2496062992125996,275,2.1653543307086616,,,,,,,,,,,,,,,,,,,"Charlie Leesman","9124",489056
"Jake Westbrook","STL",7,8,,4.524744589093286,22,22,,,,127.30000305175781,,135,68,64,12,48,4,3,76,5.373134199548278,3.3935584418199647,1.5833333333333333,0.8483896104549912,,,,,1.4375490621598461,,0.6919374247894104,,,4.258693404684024,-0.12418796714320202,,,,,,,,,442.42002258300784,3.4754125057100596,479.50001525878906,3.766692881097837,,,,,,,,,,,,,,,,,,,"Jake Westbrook","412",150414
"Tyler Skaggs","ARI",7,8,,4.581049443854765,26,24,,,,127.69999694824219,,129,70,65,17,55,1,8,101,7.118246058912788,3.876272606338647,1.8363636363636364,1.1981206237774,,,,,1.4408770900329515,,0.7116104868913858,,,4.65420386581911,-0.1245781826002581,,,,,,,,,413.4799774169923,3.2379012317798175,430.49998474121094,3.3711824199627505,,,,,,,,,,,,,,,,,,,"Tyler Skaggs","10190",572140
"Nick Struck","CHC",6,10,,5.285826281370882,27,24,,,,127.69999694824219,,149,80,75,14,54,1,8,72,5.074393230116047,3.8057949225870353,1.3333333333333333,0.9866875725225647,,,,,1.589663311286354,,0.6706652126499455,,,4.779497525821975,-0.1245781826002581,,,,,,,,,343.3799774169923,2.6889583838922633,414.49998474121094,3.245888759959885,,,,,,,,,,,,,,,,,,,"Nick Struck","sa503356",572177
"Zach Duke","WSN",7,9,,4.8515625,25,20,,,,128,,149,74,69,16,33,1,2,67,4.7109375,2.3203125,2.0303030303030303,1.125,,,,,1.421875,,0.6766917293233083,,,4.4238237857818605,-0.12487085163593292,,,,,,,,,392.00000000000006,3.0625000000000004,461,3.6015625,,,,,,,,,,,,,,,,,,,"Zach Duke","3840",435043
"Freddy Garcia","NYY",9,8,,4.8515625,23,22,,,,128,,143,74,69,18,40,4,3,75,5.2734375,2.8125,1.875,1.265625,,,,,1.4296875,,0.6907477820025348,,,4.6894487857818605,-0.12487085163593292,,,,,,,,,375.00000000000006,2.9296875000000004,427,3.3359375,,,,,,,,,,,,,,,,,,,"Freddy Garcia","1077",150119
"Chris Archer","TBR",7,9,,5.1909585670962715,26,26,,,,128.3000030517578,,136,79,74,14,85,2,8,89,6.243179898264435,5.962587543286258,1.0470588235294118,0.9820732424236189,,,,,1.7225252902826966,,0.7050645481628599,,,5.23115396519364,-0.12516352067160774,,,,,,,,,322.62002258300765,2.5145753305466307,358.50001525878906,2.794232320588221,,,,,,,,,,,,,,,,,,,"Chris Archer","6345",502042
"Josh Johnson","FLA",8,3,,2.6573427203540514,20,20,,,,128.6999969482422,,108,41,38,7,35,3,3,123,8.601398805356535,2.447552505589258,3.5142857142857142,0.48951050111785155,,,,,1.1111111374579805,,0.7657657657657658,,,2.7068159596575443,-0.12555373612866383,,,,,,,,,717.4799774169921,5.574825131546296,684.4999847412109,5.318570326124316,,,,,,,,,,,,,,,,,,,"Josh Johnson","4567",435178
"Matt Harvey","NYM",8,10,,4.615384724825458,27,27,,,,128.6999969482422,,134,71,66,13,62,0,7,118,8.251748447415212,4.335664438472399,1.903225806451613,0.9090909306474386,,,,,1.522921559033316,,0.7030371203599549,,,4.113187399377086,-0.12555373612866383,,,,,,,,,473.0799774169922,3.6758351875272024,503.49998474121094,3.912198886404774,,,,,,,,,,,,,,,,,,,"Matt Harvey","11713",518774
"Alberto Cabrera","CHC",6,10,,5.664335798649425,27,25,,,,128.6999969482422,,159,87,81,14,63,1,8,79,5.524475655472896,4.405594510060664,1.253968253968254,0.9790210022357031,,,,,1.724941765843858,,0.6669960474308301,,,4.866878170939493,-0.12555373612866383,,,,,,,,,311.77997741699215,2.4225329045064172,406.49998474121094,3.158508114842368,,,,,,,,,,,,,,,,,,,"Alberto Cabrera","8352",501227
"Steve Johnson","BAL",4,10,,6.713286872473393,27,27,,,,128.6999969482422,,160,103,96,24,73,1,8,78,5.454545583884632,5.104895225943309,1.0684931506849316,1.6783217181183483,,,,,1.8104118533406257,,0.6519558676028084,,,6.125619459528254,-0.12555373612866383,,,,,,,,,154.1799774169922,1.1979796509163632,244.49998474121094,1.8997668262536067,,,,,,,,,,,,,,,,,,,"Steve Johnson","4053",489002
"Allen Webster","LAD",7,11,,4.953488372093023,26,24,,,,129,,141,76,71,13,62,2,8,86,6,4.325581395348837,1.3870967741935485,0.9069767441860465,,,,,1.573643410852713,,0.6872294372294372,,,4.630037448572558,-0.12584640516433865,,,,,,,,,390.0999999999999,3.0240310077519372,438,3.395348837209302,,,,,,,,,,,,,,,,,,,"Allen Webster","3993",543903
"Brandon McCarthy","OAK",8,6,,3.8076923076923075,22,21,,,,130,,130,59,55,13,28,1,2,90,6.230769230769231,1.9384615384615385,3.2142857142857144,0.9,,,,,1.2153846153846153,,0.7081545064377682,,,3.6330785934741683,-0.12682195869274437,,,,,,,,,554.1,4.262307692307693,571,4.392307692307693,,,,,,,,,,,,,,,,,,,"Brandon McCarthy","4662",435221
"Amaury Rivas","MIL",8,10,,4.984615384615385,26,25,,,,130,,140,77,72,15,67,2,8,84,5.815384615384615,4.638461538461539,1.2537313432835822,1.0384615384615385,,,,,1.5923076923076922,,0.6989247311827957,,,4.963847824243399,-0.12682195869274437,,,,,,,,,356.5,2.7423076923076923,398,3.0615384615384613,,,,,,,,,,,,,,,,,,,"Amaury Rivas","sa295179",455361
"Zach Stewart","CHW",5,8,,5.815384615384615,29,23,,,,130,,163,90,84,18,54,2,7,77,5.3307692307692305,3.7384615384615385,1.4259259259259258,1.2461538461538462,,,,,1.6692307692307693,,0.662148070907195,,,5.0484632088587835,-0.12682195869274437,,,,,,,,,287.8,2.213846153846154,387,2.976923076923077,,,,,,,,,,,,,,,,,,,"Zach Stewart","7397",543819
"Adam Warren","NYY",7,8,,5.456638398677368,26,26,,,,130.3000030517578,,154,85,79,17,54,1,7,74,5.1112815380015855,3.7298540952984545,1.3703703703703705,1.1742133262976615,,,,,1.5963161560125072,,0.6677524429967427,,,4.99008309318187,-0.1271146277284192,,,,,,,,,319.72002258300785,2.4537222954323994,395.50001525878906,3.035303192599991,,,,,,,,,,,,,,,,,,,"Adam Warren","9029",476589
"Erik Arnesen","WSN",7,9,,4.820199041393114,29,21,,,,130.6999969482422,,152,75,70,14,37,2,8,81,5.57765889075489,2.5478194933077893,2.189189189189189,0.9640398082786229,,,,,1.4460597124179344,,0.6729634002361274,,,4.211308272156357,-0.12750484318547528,,,,,,,,,426.77997741699215,3.2653403778272394,498.49998474121094,3.8140780136255037,,,,,,,,,,,,,,,,,,,"Erik Arnesen","sa328003",502641
"Kevin Mulvey","ARI",6,8,,5.164498972921194,25,23,,,,130.6999969482422,,152,80,75,15,52,2,8,74,5.095638986615579,3.580719287892028,1.4230769230769231,1.0328997945842389,,,,,1.5608263562606275,,0.6775956284153005,,,4.7621881626012845,-0.12750484318547528,,,,,,,,,355.4799774169922,2.719816264094971,426.49998474121094,3.263198123180576,,,,,,,,,,,,,,,,,,,"Kevin Mulvey","6947",453381
"Bruce Chen","KCR",8,9,,4.534351145038168,26,22,,,,131,,138,71,66,16,47,2,5,86,5.908396946564886,3.2290076335877864,1.8297872340425532,1.099236641221374,,,,,1.4122137404580153,,0.7011070110701108,,,4.491035140743692,-0.1277975122211501,,,,,,,,,429.8000000000001,3.280916030534352,463,3.5343511450381677,,,,,,,,,,,,,,,,,,,"Bruce Chen","769",136600
"Brad Mills","LAA",7,10,,5.221374045801527,23,22,,,,131,,145,81,76,20,51,2,7,95,6.526717557251908,3.50381679389313,1.8627450980392157,1.3740458015267176,,,,,1.4961832061068703,,0.6845238095238095,,,4.887981705629189,-0.1277975122211501,,,,,,,,,362.4000000000001,2.7664122137404585,411,3.1374045801526718,,,,,,,,,,,,,,,,,,,"Brad Mills","4420",502166
"Pat Misch","PHI",7,9,,4.988610593956198,30,20,,,,131.6999969482422,,155,78,73,16,36,2,7,69,4.715262068259968,2.4601367312660707,1.9166666666666667,1.0933941027849203,,,,,1.450265789110554,,0.6702253855278767,,,4.5363961917137985,-0.128480396713881,,,,,,,,,383.7799774169923,2.914046972740759,459.49998474121094,3.4889900940680616,,,,,,,,,,,,,,,,,,,"Pat Misch","5909",435619
"Carlos Hernandez","OAK",6,12,,5.8086561710448885,26,25,,,,131.6999969482422,,169,91,85,16,52,2,8,72,4.920273462532141,3.553530834050991,1.3846153846153846,1.0933941027849203,,,,,1.6780562271907455,,0.6545820745216516,,,4.8780818488340865,-0.128480396713881,,,,,,,,,302.3799774169923,2.295975584083172,414.49998474121094,3.147304436947774,,,,,,,,,,,,,,,,,,,"Carlos Hernandez","sa393410",488957
"Jake Arrieta","BAL",8,11,,5.1252848568043134,25,24,,,,131.6999969482422,,138,80,75,19,65,3,6,94,6.4236903538614065,4.441913542563738,1.4461538461538461,1.2984054970570928,,,,,1.5413819643426305,,0.6972789115646258,,,5.090686257708932,-0.128480396713881,,,,,,,,,357.0799774169922,2.7113134828493872,386.49998474121094,2.9347000280729283,,,,,,,,,,,,,,,,,,,"Jake Arrieta","4153",453562
"Robbie Erlin","SDP",6,6,,3.8181818181818183,28,23,,,,132,,128,60,56,16,30,1,8,110,7.5,2.0454545454545454,3.6666666666666665,1.0909090909090908,,,,,1.196969696969697,,0.7227138643067846,,,3.798113558509133,-0.12877306574955583,,,,,,,,,553.2000000000003,4.190909090909093,558,4.2272727272727275,,,,,,,,,,,,,,,,,,,"Robbie Erlin","10354",572362
"Shairon Martis","PIT",5,9,,5.113636363636363,25,25,,,,132,,152,80,75,15,53,2,7,82,5.590909090909091,3.6136363636363638,1.5471698113207548,1.0227272727272727,,,,,1.553030303030303,,0.6793478260869565,,,4.623871134266709,-0.12877306574955583,,,,,,,,,381.1000000000002,2.8871212121212135,449,3.4015151515151514,,,,,,,,,,,,,,,,,,,"Shairon Martis","6781",463017
"Lucas Harrell","HOU",7,11,,5.045454545454546,28,24,,,,132,,147,79,74,12,67,3,7,77,5.25,4.568181818181818,1.1492537313432836,0.8181818181818182,,,,,1.621212121212121,,0.6845841784989859,,,4.722355982751558,-0.12877306574955583,,,,,,,,,379.00000000000017,2.8712121212121224,436,3.303030303030303,,,,,,,,,,,,,,,,,,,"Lucas Harrell","7541",449173
"Tom Koehler","FLA",7,10,,5.045454545454546,26,26,,,,132,,142,79,74,15,69,2,8,93,6.340909090909091,4.704545454545454,1.3478260869565217,1.0227272727272727,,,,,1.5984848484848484,,0.6947368421052632,,,4.843568103963679,-0.12877306574955583,,,,,,,,,378.1000000000002,2.864393939393941,420,3.1818181818181817,,,,,,,,,,,,,,,,,,,"Tom Koehler","6570",543408
"Rodrigo Lopez","CHC",7,9,,4.9772727272727275,26,22,,,,132,,152,78,73,20,39,2,5,75,5.113636363636363,2.659090909090909,1.9230769230769231,1.3636363636363635,,,,,1.446969696969697,,0.6932515337423313,,,4.858719619115194,-0.12877306574955583,,,,,,,,,353.6000000000002,2.67878787878788,418,3.1666666666666665,,,,,,,,,,,,,,,,,,,"Rodrigo Lopez","150",150438
"Gaby Hernandez","WSN",6,12,,6.136363636363637,26,24,,,,132,,159,96,90,25,62,2,7,77,5.25,4.2272727272727275,1.2419354838709677,1.7045454545454546,,,,,1.6742424242424243,,0.6720430107526881,,,5.889022649418225,-0.12877306574955583,,,,,,,,,202.90000000000015,1.5371212121212132,282,2.1363636363636362,,,,,,,,,,,,,,,,,,,"Gaby Hernandez","sa254327",455100
"Shelby Miller","STL",9,8,,4.013605349595227,25,25,,,,132.3000030517578,,123,63,59,10,68,0,8,126,8.571428373711841,4.625850233431787,1.8529411764705883,0.6802720931517334,,,,,1.443688553244234,,0.7231638418079096,,,3.8265956399383465,-0.12906573478523065,,,,,,,,,560.2200225830079,4.234467193200602,555.5000152587891,4.1987906458435145,,,,,,,,,,,,,,,,,,,"Shelby Miller","10197",571946
"Sean O'Sullivan","KCR",6,11,,5.646258373159387,27,24,,,,132.3000030517578,,162,89,83,18,45,2,5,63,4.2857141868559205,3.0612244191828,1.4,1.2244897676731201,,,,,1.5646258142489868,,0.6490649064906491,,,4.975499619483497,-0.12906573478523065,,,,,,,,,312.4200225830079,2.3614513633894956,403.50001525878906,3.0498866662983644,,,,,,,,,,,,,,,,,,,"Sean O'Sullivan","9137",457711
"James McDonald","PIT",7,8,,4.272795878218072,33,22,,,,132.6999969482422,,132,67,63,14,61,5,5,115,7.79954803166791,4.1371515646238475,1.8852459016393444,0.9495101951595717,,,,,1.454408473538074,,0.726643598615917,,,4.155755565733731,-0.12945595024228673,,,,,,,,,498.57997741699234,3.7571966004751047,513.4999847412109,3.869630720048129,,,,,,,,,,,,,,,,,,,"James McDonald","5523",457428
"Juan Nicasio","COL",8,8,,4.679728819000746,23,23,,,,132.6999969482422,,149,74,69,17,36,3,7,94,6.3752827389285525,2.4415976446960412,2.611111111111111,1.1529766655509084,,,,,1.3941221119406408,,0.6885856079404467,,,4.246185108129881,-0.12945595024228673,,,,,,,,,444.4799774169923,3.3495100801724633,501.49998474121094,3.7792011776519794,,,,,,,,,,,,,,,,,,,"Juan Nicasio","7731",504379
"Kyle McPherson","PIT",7,11,,4.815373132594971,28,25,,,,132.6999969482422,,143,76,71,18,40,1,8,92,6.239638425334328,2.7128862718844906,2.3,1.2207988223480206,,,,,1.3790505215412827,,0.6780735107731305,,,4.487330554519613,-0.12945595024228673,,,,,,,,,428.7799774169924,3.231198095537501,469.49998474121094,3.5380557312622467,,,,,,,,,,,,,,,,,,,"Kyle McPherson","5009",519015
"Mike Antonini","LAD",5,11,,5.69706117095743,26,25,,,,132.6999969482422,,163,90,84,23,42,2,8,84,5.69706117095743,2.848530585478715,2,1.559909606333582,,,,,1.5448380159342237,,0.6655092592592592,,,5.142944736891699,-0.12945595024228673,,,,,,,,,293.27997741699227,2.210097845980977,382.49998474121094,2.882441548890162,,,,,,,,,,,,,,,,,,,"Mike Antonini","sa389223",502103
"Yohan Flande","ATL",7,9,,4.93984962406015,28,22,,,,133,,161,78,73,11,45,2,8,74,5.007518796992481,3.045112781954887,1.6444444444444444,0.7443609022556391,,,,,1.5488721804511278,,0.671563483735572,,,4.183281022623966,-0.12974861927796155,,,,,,,,,419.30000000000007,3.152631578947369,511,3.8421052631578947,,,,,,,,,,,,,,,,,,,"Yohan Flande","5057",456071
"Garrett Richards","LAA",6,10,,5.481203007518797,27,24,,,,133,,154,87,81,18,56,1,8,77,5.2105263157894735,3.789473684210526,1.375,1.218045112781955,,,,,1.5789473684210527,,0.6655844155844155,,,5.070499067736748,-0.12974861927796155,,,,,,,,,324.40000000000003,2.4390977443609025,393,2.954887218045113,,,,,,,,,,,,,,,,,,,"Garrett Richards","9784",572070
"Jonathan Pettibone","PHI",7,11,,5.2781954887218046,25,25,,,,133,,150,83,78,19,53,1,8,73,4.93984962406015,3.5864661654135337,1.3773584905660377,1.2857142857142858,,,,,1.5263157894736843,,0.6802721088435374,,,5.160724631646522,-0.12974861927796155,,,,,,,,,323.5,2.4323308270676693,381,2.8646616541353382,,,,,,,,,,,,,,,,,,,"Jonathan Pettibone","7106",543643
"Guillermo Moscoso","COL",9,9,,4.793698314859668,28,23,,,,133.3000030517578,,142,76,71,18,50,2,6,87,5.873968357644945,3.3758438837039915,1.74,1.215303798133437,,,,,1.4403600570470363,,0.6954436450839329,,,4.735813853525216,-0.13004128831363637,,,,,,,,,401.82002258300776,3.014403701303659,438.50001525878906,3.2895724322566444,,,,,,,,,,,,,,,,,,,"Guillermo Moscoso","5106",446861
"Aaron Harang","LAD",8,9,,4.308152678739257,22,22,,,,133.6999969482422,,141,68,64,16,40,3,3,96,6.462229018108885,2.692595424212035,2.4,1.0770381696848141,,,,,1.35377714383994,,0.712484237074401,,,4.109903887200597,-0.13043150377069246,,,,,,,,,488.97997741699226,3.6572923603452714,523.4999847412109,3.9154823985812635,,,,,,,,,,,,,,,,,,,"Aaron Harang","1451",421685
"Dana Eveland","BAL",7,11,,5.440298507462686,27,24,,,,134,,160,87,81,14,59,2,8,74,4.970149253731344,3.962686567164179,1.2542372881355932,0.9402985074626866,,,,,1.6343283582089552,,0.6619859578736208,,,4.779117629065443,-0.13072417280636728,,,,,,,,,350.39999999999986,2.6149253731343274,435,3.246268656716418,,,,,,,,,,,,,,,,,,,"Dana Eveland","5508",445968
"Anthony Vasquez","SEA",6,13,,5.373134328358209,24,23,,,,134,,167,86,80,17,37,1,9,61,4.097014925373134,2.485074626865672,1.6486486486486487,1.1417910447761195,,,,,1.5223880597014925,,0.6548279689234184,,,4.794043002199771,-0.13072417280636728,,,,,,,,,332.2999999999999,2.479850746268656,433,3.2313432835820897,,,,,,,,,,,,,,,,,,,"Anthony Vasquez","6577",457786
"Martín Pérez","TEX",7,7,,4.758004359491609,27,26,,,,134.3000030517578,,155,76,71,13,52,0,8,100,6.701414590833251,3.4847355872332906,1.9230769230769231,0.8711838968083226,,,,,1.5413253558916478,,0.6938559322033898,,,4.134842701375366,-0.1310168418420421,,,,,,,,,450.92002258300784,3.3575577984851424,522.5000152587891,3.890543584406495,,,,,,,,,,,,,,,,,,,"Martin Perez","6902",527048
"Jacob Turner","DET",5,5,,4.825018505399941,23,23,,,,134.3000030517578,,152,77,72,15,46,0,8,78,5.227103380849936,3.0826507117832955,1.6956521739130435,1.0052121886249876,,,,,1.4743112099833153,,0.6836158192090396,,,4.5220355444012865,-0.1310168418420421,,,,,,,,,408.1200225830078,3.0388683046099607,470.50001525878906,3.503350741380574,,,,,,,,,,,,,,,,,,,"Jacob Turner","10185",545363
"D.J. Mitchell","NYY",8,11,,6.031273131749926,26,23,,,,134.3000030517578,,167,96,90,19,71,2,8,69,4.623976067674944,4.758004359491609,0.971830985915493,1.2732687722583178,,,,,1.772151858464793,,0.6717123935666982,,,5.601707895146644,-0.1310168418420421,,,,,,,,,226.92002258300778,1.6896501669888657,325.50001525878906,2.423678390635217,,,,,,,,,,,,,,,,,,,"D.J. Mitchell","5354",543551
"Kyle Kendrick","PHI",8,8,,4.409799654473946,31,21,,,,134.6999969482422,,143,71,66,17,38,4,6,66,4.409799654473946,2.5389755586365146,1.736842105263158,1.1358574867584408,,,,,1.3437268307403776,,0.6997455470737914,,,4.666069322210719,-0.13140705729909818,,,,,,,,,415.87997741699206,3.0874535028890304,452.49998474121094,3.3593169635711413,,,,,,,,,,,,,,,,,,,"Kyle Kendrick","6230",452718
"Brad Bergesen","BAL",6,8,,4.944320824713213,30,20,,,,134.6999969482422,,150,79,74,19,41,3,5,77,5.144766263552937,2.7394209974762394,1.8780487804878048,1.2694877793182573,,,,,1.4179658821624979,,0.681265206812652,,,4.740308373632839,-0.13140705729909818,,,,,,,,,389.07997741699205,2.888492845077748,442.49998474121094,3.285077912149021,,,,,,,,,,,,,,,,,,,"Brad Bergesen","8375",448269
"Eric Hacker","SFG",6,13,,5.6792874337922035,27,25,,,,134.6999969482422,,168,91,85,16,57,2,7,74,4.944320824713213,3.808463337954772,1.2982456140350878,1.0690423404785323,,,,,1.6703786569977068,,0.6614017769002962,,,4.896210381619293,-0.13140705729909818,,,,,,,,,319.17997741699213,2.3695618756371277,421.49998474121094,3.1291759041625684,,,,,,,,,,,,,,,,,,,"Eric Hacker","8743",459345
"Clayton Mortensen","BOS",7,10,,5.879732872631928,28,23,,,,134.6999969482422,,165,94,88,22,53,3,7,75,5.011135970993121,3.5412027528351384,1.4150943396226414,1.469933218157982,,,,,1.6184113210022226,,0.6623931623931625,,,5.371340310720862,-0.13140705729909818,,,,,,,,,267.1799774169921,1.9835188082421016,357.49998474121094,2.654045975060998,,,,,,,,,,,,,,,,,,,"Clayton Mortensen","3166",489150
"Craig Stammen","WSN",6,9,,4.933333333333334,29,22,,,,135,,155,79,74,17,39,2,5,86,5.733333333333333,2.6,2.2051282051282053,1.1333333333333333,,,,,1.4370370370370371,,0.6756756756756758,,,4.3661270265226015,-0.131699726334773,,,,,,,,,426.9,3.1622222222222223,494,3.6592592592592594,,,,,,,,,,,,,,,,,,,"Craig Stammen","7274",489334
"Wily Peralta","MIL",8,8,,4.666666666666667,25,25,,,,135,,140,75,70,14,68,1,8,105,7,4.533333333333333,1.5441176470588236,0.9333333333333333,,,,,1.5407407407407407,,0.7059447983014862,,,4.506867767263342,-0.131699726334773,,,,,,,,,444.79999999999995,3.2948148148148144,475,3.5185185185185186,,,,,,,,,,,,,,,,,,,"Wily Peralta","7738",503449
"Chris Tillman","BAL",6,12,,6.2,27,27,,,,135,,163,100,93,25,59,1,7,82,5.466666666666667,3.933333333333333,1.3898305084745763,1.6666666666666667,,,,,1.6444444444444444,,0.6524064171122995,,,5.6846455450411195,-0.131699726334773,,,,,,,,,233.7,1.731111111111111,316,2.3407407407407406,,,,,,,,,,,,,,,,,,,"Chris Tillman","5279",501957
"Brett Oberholtzer","HOU",8,12,,4.897058823529412,26,25,,,,136,,156,79,74,15,47,3,8,90,5.955882352941177,3.110294117647059,1.9148936170212767,0.9926470588235294,,,,,1.4926470588235294,,0.6813186813186813,,,4.348915697546566,-0.13267527986317873,,,,,,,,,431.30000000000007,3.171323529411765,500,3.676470588235294,,,,,,,,,,,,,,,,,,,"Brett Oberholtzer","3855",519085
"Tommy Hunter","BAL",7,9,,4.963235294117647,29,22,,,,136,,156,80,75,20,35,2,5,76,5.029411764705882,2.3161764705882355,2.1714285714285713,1.3235294117647058,,,,,1.4044117647058822,,0.6809815950920245,,,4.701856874017155,-0.13267527986317873,,,,,,,,,386.80000000000007,2.844117647058824,452,3.323529411764706,,,,,,,,,,,,,,,,,,,"Tommy Hunter","1157",488984
"Jonathan Sánchez","KCR",8,8,,4.358033651506506,26,25,,,,136.3000030517578,,125,71,66,15,79,3,7,126,8.31988242560333,5.216434219227485,1.5949367088607596,0.9904621935242058,,,,,1.4966984257699112,,0.726775956284153,,,4.500074440584568,-0.13296794889885355,,,,,,,,,493.120022583008,3.6179017721353484,480.50001525878906,3.5253118451972933,,,,,,,,,,,,,,,,,,,"Jonathan Sanchez","7507",456043
"Brian Matusz","BAL",7,11,,5.348495845030712,26,26,,,,136.3000030517578,,153,87,81,21,53,2,5,100,6.603081290161373,3.4996330837855276,1.8867924528301887,1.3866470709338883,,,,,1.5113719397480474,,0.6738391845979615,,,4.837565262081704,-0.13296794889885355,,,,,,,,,378.52002258300803,2.777109421188134,434.50001525878906,3.1878210237001565,,,,,,,,,,,,,,,,,,,"Brian Matusz","2646",451085
"Ross Seaton","HOU",4,11,,6.404988851456531,27,27,,,,136.3000030517578,,179,104,97,21,54,3,9,67,4.4240644644081195,3.5656638966871412,1.2407407407407407,1.3866470709338883,,,,,1.7094643784528887,,0.6335952848722987,,,5.431842578196227,-0.13296794889885355,,,,,,,,,229.920022583008,1.6868673326126005,353.50001525878906,2.593543707585633,,,,,,,,,,,,,,,,,,,"Ross Seaton","sa454510",543758
"Corey Kluber","CLE",6,11,,5.859546582896248,28,26,,,,136.6999969482422,,167,95,89,17,70,2,9,94,6.188734593171318,4.608632143850981,1.3428571428571427,1.1192392349352382,,,,,1.7337235207820358,,0.6660412757973734,,,5.000514347432281,-0.13335816435590964,,,,,,,,,319.27997741699227,2.3356253441459778,413.49998474121094,3.0248719383495795,,,,,,,,,,,,,,,,,,,"Corey Kluber","2429",446372
"Carlos Zambrano","FLA",8,8,,4.204379562043796,27,23,,,,137,,133,68,64,13,64,3,6,115,7.554744525547445,4.204379562043796,1.796875,0.8540145985401459,,,,,1.437956204379562,,0.721476510067114,,,4.112977526657772,-0.13365083339158446,,,,,,,,,528.1000000000001,3.854744525547446,536,3.9124087591240877,,,,,,,,,,,,,,,,,,,"Carlos Zambrano","305",407296
"Chris Schwinden","NYM",7,9,,4.861313868613139,28,23,,,,137,,158,79,74,15,41,3,8,94,6.175182481751825,2.6934306569343067,2.292682926829268,0.9854014598540146,,,,,1.4525547445255473,,0.6741573033707865,,,4.149473877022737,-0.13365083339158446,,,,,,,,,459.50000000000017,3.354014598540147,531,3.875912408759124,,,,,,,,,,,,,,,,,,,"Chris Schwinden","7851",452737
"Wes Roemer","ARI",6,9,,5.518248175182482,25,24,,,,137,,164,90,84,20,52,2,8,82,5.386861313868613,3.4160583941605838,1.5769230769230769,1.313868613138686,,,,,1.5766423357664234,,0.6702127659574468,,,5.039984825927846,-0.13365083339158446,,,,,,,,,325.40000000000015,2.375182481751826,409,2.9854014598540144,,,,,,,,,,,,,,,,,,,"Wes Roemer","sa389931",519218
"Omar Poveda","FLA",5,8,,5.583941605839416,26,26,,,,137,,161,91,85,19,63,0,9,88,5.781021897810219,4.138686131386861,1.3968253968253967,1.2481751824817517,,,,,1.635036496350365,,0.6737588652482269,,,5.120276796730765,-0.13365083339158446,,,,,,,,,321.5000000000001,2.346715328467154,398,2.9051094890510947,,,,,,,,,,,,,,,,,,,"Omar Poveda","sa294843",452326
"Chris Capuano","LAD",8,9,,4.2607428040585935,29,22,,,,137.3000030517578,,138,70,65,19,37,4,4,113,7.407137490132631,2.4253459038487377,3.054054054054054,1.2454478965709734,,,,,1.2745811807012886,,0.7075471698113207,,,4.074184514473206,-0.13394350242725928,,,,,,,,,526.5200225830079,3.8348143545526816,542.5000152587891,3.951201771308654,,,,,,,,,,,,,,,,,,,"Chris Capuano","1701",425626
"Jeff Karstens","PIT",6,9,,4.719592029111057,27,22,,,,137.3000030517578,,152,77,72,21,32,5,3,81,5.309541032749939,2.097596457382692,2.53125,1.3765476751573917,,,,,1.3401310699944977,,0.6921086675291074,,,4.598583628818879,-0.13394350242725928,,,,,,,,,419.5200225830079,3.055499004066751,470.50001525878906,3.426802656962981,,,,,,,,,,,,,,,,,,,"Jeff Karstens","5879",444371
"Alex Torres","TBR",8,9,,4.785141918404267,28,26,,,,137.3000030517578,,142,78,73,12,87,3,8,108,7.079388043666586,5.702840368509194,1.2413793103448276,0.7865986715185095,,,,,1.6678805164605435,,0.7115928369462772,,,4.664133518112089,-0.13394350242725928,,,,,,,,,430.22002258300785,3.133430539115344,461.50001525878906,3.3612527676697717,,,,,,,,,,,,,,,,,,,"Alex Torres","7038",456776
"Mark Cohoon","NYM",7,11,,5.440640811336357,26,26,,,,137.3000030517578,,168,89,83,17,53,1,8,77,5.047341475577102,3.4741441325400837,1.4528301886792452,1.1143481179845551,,,,,1.609613948199913,,0.6693711967545639,,,4.846216543926559,-0.13394350242725928,,,,,,,,,341.1200225830078,2.484486635112573,436.50001525878906,3.179169741855302,,,,,,,,,,,,,,,,,,,"Mark Cohoon","sa455146",543036
"Liam Hendriks","MIN",9,9,,4.313725585798444,26,25,,,,137.6999969482422,,155,71,66,11,31,1,7,81,5.294117764389,2.026143835753815,2.6129032258064515,0.7189542642997407,,,,,1.3507625571692097,,0.6740914419695193,,,3.7152918929381773,-0.13433371788431536,,,,,,,,,528.6799774169924,3.8393608506448214,593.4999847412109,4.310094392843683,,,,,,,,,,,,,,,,,,,"Liam Hendriks","3548",521230
"Oliver Drake","BAL",6,12,,6.130434782608695,26,24,,,,138,,185,101,94,18,51,0,10,68,4.434782608695652,3.3260869565217392,1.3333333333333333,1.173913043478261,,,,,1.710144927536232,,0.6404174573055028,,,5.061618169839832,-0.13462638691999018,,,,,,,,,271.80000000000007,1.9695652173913047,409,2.963768115942029,,,,,,,,,,,,,,,,,,,"Oliver Drake","8823",543118
"Clayton Richard","SDP",8,9,,4.099782989793603,24,24,,,,138.3000030517578,,138,67,63,12,55,3,3,95,6.182212444926861,3.579175626010288,1.7272727272727273,0.7809110456749719,,,,,1.395516961252496,,0.7150964812712827,,,4.037678382027194,-0.134919055955665,,,,,,,,,533.0200225830076,3.8540854000092004,551.5000152587891,3.987707903754666,,,,,,,,,,,,,,,,,,,"Clayton Richard","3551",453385
"Nick Additon","STL",6,9,,5.075921796887317,26,25,,,,138.3000030517578,,148,83,78,19,60,1,8,91,5.921908763035204,3.9045552283748597,1.5166666666666666,1.2364424889853722,,,,,1.5039768287073534,,0.6890848952590959,,,4.9704332421389665,-0.134919055955665,,,,,,,,,382.92002258300766,2.768763659677596,422.50001525878906,3.054953043642894,,,,,,,,,,,,,,,,,,,"Nick Additon","sa393067",502836
"Hisashi Iwakuma","SEA",9,10,,3.9581832161457573,20,20,,,,138.6999969482422,,143,65,61,17,29,0,8,108,7.007930940061341,1.8817592339053602,3.7241379310344827,1.103100240565211,,,,,1.2400865449491263,,0.7219973009446694,,,3.8617237230731316,-0.1353092714127211,,,,,,,,,550.4799774169921,3.968853565457621,577.4999847412109,4.163662562708729,,,,,,,,,,,,,,,,,,,"Hisashi Iwakuma","13048",547874
"Brian Duensing","MIN",8,9,,4.542177461150869,36,20,,,,138.6999969482422,,154,75,70,15,44,3,3,88,5.710165951161093,2.8550829755805465,2,0.9733237416751862,,,,,1.4275414877902732,,0.6949152542372882,,,4.178955164804304,-0.1353092714127211,,,,,,,,,476.4799774169922,3.4353279589097414,533.4999847412109,3.8464311209775572,,,,,,,,,,,,,,,,,,,"Brian Duensing","4064",488846
"Thad Weber","DET",6,12,,6.359048445611217,25,25,,,,138.6999969482422,,182,105,98,26,48,2,8,65,4.217736213925807,3.114635973360596,1.3541666666666667,1.687094485570323,,,,,1.6582552635947618,,0.6456611570247934,,,5.7362731514846015,-0.1353092714127211,,,,,,,,,195.3799774169923,1.4086516345771876,317.49998474121094,2.289113134297259,,,,,,,,,,,,,,,,,,,"Thad Weber","8036",519403
"Tsuyoshi Wada","BAL",10,8,,4.014388489208633,22,22,,,,139,,135,66,62,21,39,0,5,118,7.640287769784172,2.5251798561151078,3.0256410256410255,1.3597122302158273,,,,,1.2517985611510791,,0.7468879668049793,,,4.2412136239113565,-0.1356019404483959,,,,,,,,,523.3000000000002,3.76474820143885,526,3.7841726618705036,,,,,,,,,,,,,,,,,,,"Tsuyoshi Wada","13046",493159
"John Gast","STL",5,11,,6.0086143694412355,25,24,,,,139.3000030517578,,168,100,93,17,78,1,9,79,5.104091776192018,5.039483019531359,1.0128205128205128,1.0983488632311937,,,,,1.7659726820579977,,0.6570657065706571,,,5.351301525565565,-0.13589460948407073,,,,,,,,,281.9200225830078,2.0238335707592094,372.50001525878906,2.674084760216296,,,,,,,,,,,,,,,,,,,"John Gast","11133",518713
"Brad Lincoln","PIT",7,11,,4.896206263006698,27,26,,,,139.6999969482422,,161,81,76,16,38,3,8,87,5.604867695810299,2.448103131503349,2.289473684210526,1.030780265896147,,,,,1.4244810618981476,,0.6681766704416762,,,4.25659604782448,-0.13628482494112681,,,,,,,,,454.37997741699235,3.252541069026199,526.4999847412109,3.76879023795738,,,,,,,,,,,,,,,,,,,"Brad Lincoln","4241",453184
"J.A. Happ","HOU",7,9,,4.6385111965326615,27,24,,,,139.6999969482422,,138,77,72,18,69,3,3,113,7.279885627891538,4.445239896677133,1.6376811594202898,1.1596277991331654,,,,,1.4817466322257113,,0.715071507150715,,,4.628822254953644,-0.13628482494112681,,,,,,,,,463.57997741699234,3.318396474902897,474.49998474121094,3.3965640308282157,,,,,,,,,,,,,,,,,,,"J.A. Happ","7410",457918
"Kevin Millwood","SEA",6,10,,4.70293496315117,23,23,,,,139.6999969482422,,153,78,73,19,49,0,6,90,5.798138995665827,3.15676456430695,1.836734693877551,1.2240515657516744,,,,,1.4459556507709839,,0.7069555302166476,,,4.686087825281208,-0.13628482494112681,,,,,,,,,417.27997741699227,2.9869719866321214,466.49998474121094,3.339298460500652,,,,,,,,,,,,,,,,,,,"Kevin Millwood","106",119154
"Matt Packer","CLE",8,11,,5.347172629336263,28,23,,,,139.6999969482422,,169,89,83,19,39,1,8,78,5.025053796243716,2.512526898121858,2,1.2240515657516744,,,,,1.4889048285166566,,0.6560088202866593,,,4.686087825281208,-0.13628482494112681,,,,,,,,,375.67997741699224,2.68919102092879,466.49998474121094,3.339298460500652,,,,,,,,,,,,,,,,,,,"Matt Packer","sa502757",573077
"Robbie Ross Jr.","TEX",9,9,,5.1539013294807345,27,26,,,,139.6999969482422,,167,86,80,16,49,1,9,72,4.6385111965326615,3.15676456430695,1.469387755102041,1.030780265896147,,,,,1.5461703988442204,,0.6714876033057852,,,4.729037003026881,-0.13628482494112681,,,,,,,,,372.7799774169924,2.668432251685049,460.49998474121094,3.296349282754979,,,,,,,,,,,,,,,,,,,"Robbie Ross Jr.","6819",543726
"Trevor Bauer","ARI",9,8,,4.178571428571429,24,24,,,,140,,128,71,65,19,64,5,3,143,9.192857142857143,4.114285714285714,2.234375,1.2214285714285715,,,,,1.3714285714285714,,0.7315598548972189,,,4.182529142924718,-0.13657749397680163,,,,,,,,,554.5,3.960714285714286,538,3.842857142857143,,,,,,,,,,,,,,,,,,,"Trevor Bauer","12703",545333
"Daniel Bard","BOS",12,8,,3.9130433931456823,28,28,,,,140.3000030517578,,125,67,61,15,50,3,2,128,8.210976300371268,3.2074126173325266,2.56,0.962223785199758,,,,,1.2473271289626493,,0.7012987012987013,,,3.7025067272187275,-0.13687016301247645,,,,,,,,,628.7200225830079,4.481254518227401,606.5000152587891,4.322879558563133,,,,,,,,,,,,,,,,,,,"Daniel Bard","7115",453268
"Scott Diamond","MIN",7,11,,5.6450462065052465,26,26,,,,140.3000030517578,,185,94,88,13,56,4,7,72,4.618674168958838,3.59230213141243,1.2857142857142858,0.8339272805064569,,,,,1.7177476461714198,,0.6597845601436265,,,4.5506891749133285,-0.13687016301247645,,,,,,,,,352.3200225830079,2.511190412825823,487.50001525878906,3.4746971108685316,,,,,,,,,,,,,,,,,,,"Scott Diamond","5089",539438
"Erasmo Ramírez","SEA",5,11,,5.324304944771995,25,24,,,,140.3000030517578,,172,89,83,19,33,2,8,75,4.81111892599879,2.1168923274394675,2.272727272727273,1.2188167945863602,,,,,1.4611546367848176,,0.6502242152466368,,,4.593454676477762,-0.13687016301247645,,,,,,,,,384.32002258300787,2.7392730878361355,481.50001525878906,3.431931609304098,,,,,,,,,,,,,,,,,,,"Erasmo Ramirez","10314",541640
"Patrick Corbin","ARI",7,9,,5.003563683038742,26,26,,,,140.3000030517578,,159,83,78,19,47,1,9,97,6.2223804776251015,3.014967860292575,2.0638297872340425,1.2188167945863602,,,,,1.46828222037889,,0.68561872909699,,,4.6005822600718345,-0.13687016301247645,,,,,,,,,417.1200225830078,2.9730578297217063,480.50001525878906,3.4248040257100256,,,,,,,,,,,,,,,,,,,"Patrick Corbin","9323",571578
"Philip Humber","CHW",7,8,,4.861407354910006,26,23,,,,140.6999969482422,,155,81,76,19,37,3,6,89,5.692963876144613,2.3667377912061873,2.4054054054054053,1.2153518387275015,,,,,1.364605573308072,,0.6711003627569528,,,4.43263578325581,-0.13726037846953254,,,,,,,,,453.47997741699214,3.223027627952323,505.49998474121094,3.5927505025260507,,,,,,,,,,,,,,,,,,,"Philip Humber","8586",458950
"Andy Oliver","DET",8,12,,5.692963876144613,27,27,,,,140.6999969482422,,161,95,89,20,80,2,9,96,6.140725079886324,5.11727089990527,1.2,1.2793177249763175,,,,,1.7128642873294029,,0.6854460093896714,,,5.406338718376674,-0.13726037846953254,,,,,,,,,301.57997741699216,2.1434256144861976,368.49998474121094,2.619047567405187,,,,,,,,,,,,,,,,,,,"Andy Oliver","10257",501989
"Jeff Francis","CIN",7,8,,4.595744680851064,24,24,,,,141,,156,77,72,17,33,4,4,81,5.170212765957447,2.106382978723404,2.4545454545454546,1.0851063829787233,,,,,1.3404255319148937,,0.6779661016949153,,,4.2310600446471085,-0.13755304750520736,,,,,,,,,479.70000000000005,3.4021276595744685,535,3.7943262411347516,,,,,,,,,,,,,,,,,,,"Jeff Francis","4684",433585
"Chris Narveson","MIL",9,8,,4.3189838615419385,34,22,,,,141.6999969482422,,140,73,68,17,56,2,3,115,7.304163883490044,3.5568102389168907,2.0535714285714284,1.0797459653854846,,,,,1.3832039818010131,,0.7142857142857143,,,4.210989698754157,-0.13823593199793827,,,,,,,,,528.4799774169923,3.729569434006598,540.4999847412109,3.8143965870277032,,,,,,,,,,,,,,,,,,,"Chris Narveson","2141",429780
"Joel Pineiro","PHI",8,8,,4.373239436619718,24,22,,,,142,,155,74,69,15,33,3,3,75,4.753521126760563,2.091549295774648,2.272727272727273,0.9507042253521126,,,,,1.323943661971831,,0.6826347305389222,,,4.102851074514255,-0.13852860103361309,,,,,,,,,505.29999999999995,3.558450704225352,557,3.9225352112676055,,,,,,,,,,,,,,,,,,,"Joel Pineiro","1094",334492
"Wade Miley","ARI",7,9,,4.943661971830986,27,26,,,,142,,162,83,78,15,63,2,8,90,5.704225352112676,3.992957746478873,1.4285714285714286,0.9507042253521126,,,,,1.5845070422535212,,0.696078431372549,,,4.631020088598762,-0.13852860103361309,,,,,,,,,412.09999999999997,2.902112676056338,482,3.3943661971830985,,,,,,,,,,,,,,,,,,,"Wade Miley","8779",489119
"Vin Mazzaro","KCR",6,8,,5.133802816901408,27,24,,,,142,,165,87,81,16,60,2,6,87,5.514084507042254,3.8028169014084505,1.45,1.0140845070422535,,,,,1.5845070422535212,,0.6811451135241856,,,4.6591891026832695,-0.13852860103361309,,,,,,,,,401,2.823943661971831,478,3.3661971830985915,,,,,,,,,,,,,,,,,,,"Vin Mazzaro","5231",476570
"Tim Stauffer","SDP",8,8,,3.7947996375206645,24,24,,,,142.3000030517578,,137,64,60,14,46,4,6,100,6.32466606253444,2.909346388765843,2.1739130434782608,0.8854532487548217,,,,,1.2860154327153364,,0.7282741738066095,,,3.995168415370475,-0.1388212700692879,,,,,,,,,568.6200225830078,3.9959241770092406,573.5000152587891,4.030217870411386,,,,,,,,,,,,,,,,,,,"Tim Stauffer","6432",431162
"Kevin Correia","PIT",7,12,,4.996486189402209,26,25,,,,142.3000030517578,,158,85,79,20,43,3,3,86,5.439212813779619,2.7196064068898096,2,1.2649332125068882,,,,,1.412508753966025,,0.6705202312138728,,,4.61358020815162,-0.1388212700692879,,,,,,,,,430.22002258300785,3.023331084726167,485.50001525878906,3.4118060776302404,,,,,,,,,,,,,,,,,,,"Kevin Correia","1767",429781
"Jeff Locke","PIT",6,12,,5.31271949252893,29,28,,,,142.3000030517578,,165,90,84,17,59,1,8,95,6.008432759407719,3.73155297689532,1.6101694915254237,1.075193230630855,,,,,1.5741391088974608,,0.6693306693306693,,,4.6557446485685166,-0.1388212700692879,,,,,,,,,403.92002258300784,2.8385102875654384,479.50001525878906,3.369641637213344,,,,,,,,,,,,,,,,,,,"Jeff Locke","2929",502046
"Luke French","MIN",7,11,,5.818692777531686,26,24,,,,142.3000030517578,,180,98,92,21,52,2,7,66,4.174279601272731,3.2888263525179093,1.2692307692307692,1.3281798731322325,,,,,1.6303583627866558,,0.6614017769002962,,,5.260101627877363,-0.1388212700692879,,,,,,,,,281.7200225830079,1.9797611844079848,393.50001525878906,2.7652846579044974,,,,,,,,,,,,,,,,,,,"Luke French","7529",448287
"Eric Surkamp","SFG",7,7,,3.8472320374269127,26,25,,,,142.6999969482422,,137,65,61,11,59,2,8,116,7.316047808877408,3.72109328210144,1.9661016949152543,0.6937631542900989,,,,,1.3735108913218121,,0.7253599114064231,,,3.8102496522514677,-0.139211485526344,,,,,,,,,595.4799774169921,4.17295017625666,601.4999847412109,4.215136633530393,,,,,,,,,,,,,,,,,,,"Eric Surkamp","2540",474668
"Brad Hand","FLA",7,13,,5.613174611983529,29,28,,,,142.6999969482422,,156,95,89,22,90,2,7,94,5.92852150029721,5.676243989646265,1.0444444444444445,1.3875263085801979,,,,,1.723896322781458,,0.7016728624535317,,,5.751384942537906,-0.139211485526344,,,,,,,,,276.7799774169921,1.9395934361328768,324.49998474121094,2.2740013432439543,,,,,,,,,,,,,,,,,,,"Brad Hand","9111",543272
"Cory Luebke","SDP",9,8,,3.5874125874125875,24,24,,,,143,,127,61,57,14,49,3,5,130,8.181818181818182,3.0839160839160837,2.6530612244897958,0.8811188811188811,,,,,1.2307692307692308,,0.7352941176470588,,,3.612798873194448,-0.1395041545620188,,,,,,,,,653.8,4.572027972027971,631,4.4125874125874125,,,,,,,,,,,,,,,,,,,"Cory Luebke","1984",458537
"Josh Collmenter","ARI",10,9,,4.153846153846154,28,25,,,,143,,142,71,66,16,49,3,7,100,6.293706293706293,3.0839160839160837,2.0408163265306123,1.006993006993007,,,,,1.3356643356643356,,0.7117437722419929,,,4.256155516551091,-0.1395041545620188,,,,,,,,,524.2,3.665734265734266,539,3.769230769230769,,,,,,,,,,,,,,,,,,,"Josh Collmenter","7312",518567
"Brad Peacock","OAK",10,10,,4.216783216783217,28,25,,,,143,,136,72,67,16,67,2,8,127,7.993006993006993,4.216783216783217,1.8955223880597014,1.006993006993007,,,,,1.4195804195804196,,0.7253599114064231,,,4.277134537530112,-0.1395041545620188,,,,,,,,,536.8000000000001,3.7538461538461543,536,3.7482517482517483,,,,,,,,,,,,,,,,,,,"Brad Peacock","5401",502748
"Jay Jackson","CHC",8,12,,5.024424177715801,27,25,,,,143.3000030517578,,166,86,80,17,46,1,7,82,5.150034782158696,2.8890439021865855,1.7826086956521738,1.0676901377646077,,,,,1.4794137856607636,,0.6695005313496281,,,4.5327135390966005,-0.13979682359769363,,,,,,,,,424.7200225830079,2.963852153091758,500.50001525878906,3.4926727466852596,,,,,,,,,,,,,,,,,,,"Jay Jackson","7432",543351
"Carlos Carrasco","CLE",8,10,,4.947808038270785,25,25,,,,143.6999969482422,,156,85,79,20,52,4,6,101,6.325678631206953,3.2567850378491245,1.9423076923076923,1.252609629941971,,,,,1.447460016821833,,0.6833333333333333,,,4.63986091992929,-0.14018703905474972,,,,,,,,,439.7799774169922,3.0604035264899276,486.49998474121094,3.385525365852571,,,,,,,,,,,,,,,,,,,"Carlos Carrasco","6632",471911
"Jeremy Hefner","NYM",7,10,,5.260960445756278,26,26,,,,143.6999969482422,,165,90,84,18,57,2,9,92,5.762004297733067,3.569937445334617,1.6140350877192982,1.127348666947774,,,,,1.544885210261764,,0.6707317073170731,,,4.751203998146353,-0.14018703905474972,,,,,,,,,398.97997741699226,2.7764786770364145,470.49998474121094,3.2741822876355067,,,,,,,,,,,,,,,,,,,"Jeremy Hefner","1989",458550
"Will Smith","KCR",7,12,,5.762004297733067,26,26,,,,143.6999969482422,,182,98,92,19,51,2,9,71,4.446764186293997,3.194154556352026,1.392156862745098,1.1899791484448723,,,,,1.6214335765359957,,0.6540697674418604,,,5.008684866523314,-0.14018703905474972,,,,,,,,,318.4799774169922,2.2162838147568102,433.49998474121094,3.016701419258546,,,,,,,,,,,,,,,,,,,"Will Smith","8048",519293
"David Huff","CLE",8,12,,5.363825250387418,27,26,,,,144.3000030517578,,172,92,86,19,52,2,5,78,4.864864761979286,3.243243174652857,1.5,1.1850311599693133,,,,,1.552321519491966,,0.668693009118541,,,4.841048063044785,-0.14077237712609936,,,,,,,,,371.9200225830078,2.577408279399736,459.50001525878906,3.184338222737076,,,,,,,,,,,,,,,,,,,"David Huff","4257",453307
"Todd Redmond","ATL",7,10,,5.0519749451323355,26,25,,,,144.3000030517578,,157,87,81,23,51,2,7,102,6.361746227203682,3.180873113601841,2,1.434511404173379,,,,,1.4414414109568254,,0.6882821387940842,,,4.889558110528909,-0.14077237712609936,,,,,,,,,406.72002258300773,2.818572515463666,452.50001525878906,3.1358281752529518,,,,,,,,,,,,,,,,,,,"Todd Redmond","9943",445170
"Tyler Chatwood","COL",8,11,,5.659986297670404,28,27,,,,144.6999969482422,,173,97,91,18,75,4,7,74,4.602626220083625,4.664823871706377,0.9866666666666667,1.1195577292095305,,,,,1.7138908447158243,,0.677737881508079,,,5.319788545643368,-0.14116259258315544,,,,,,,,,301.57997741699234,2.0841740413088234,391.49998474121094,2.705597740138493,,,,,,,,,,,,,,,,,,,"Tyler Chatwood","4338",543022
"Matt Moore","TBR",10,7,,3.7241379310344827,29,27,,,,145,,126,64,60,14,69,1,8,150,9.310344827586206,4.2827586206896555,2.1739130434782608,0.8689655172413793,,,,,1.3448275862068966,,0.7468643101482326,,,3.8046966306094467,-0.14145526161883026,,,,,,,,,642.1999999999999,4.428965517241378,612,4.220689655172414,,,,,,,,,,,,,,,,,,,"Matt Moore","1890",519043
"Terry Doyle","MIN",7,12,,5.6482758620689655,25,25,,,,145,,179,97,91,20,50,1,9,76,4.7172413793103445,3.103448275862069,1.52,1.2413793103448276,,,,,1.5793103448275863,,0.6567164179104478,,,4.990903527161171,-0.14145526161883026,,,,,,,,,336.59999999999997,2.3213793103448275,440,3.0344827586206895,,,,,,,,,,,,,,,,,,,"Terry Doyle","sa392100",518631
"John Ely","LAD",7,9,,4.561643835616438,27,25,,,,146,,153,79,74,17,52,2,7,98,6.041095890410959,3.2054794520547945,1.8846153846153846,1.047945205479452,,,,,1.404109589041096,,0.695364238410596,,,4.408947929617477,-0.142430815147236,,,,,,,,,492.50000000000006,3.373287671232877,528,3.6164383561643834,,,,,,,,,,,,,,,,,,,"John Ely","6132",518655
"Joe Wieland","SDP",8,9,,4.060150291246785,27,26,,,,146.3000030517578,,157,71,66,14,34,1,9,103,6.3362951514911945,2.0915925742786468,3.0294117647058822,0.8612440011735605,,,,,1.3055365414615083,,0.7001166861143524,,,3.743089620093161,-0.1427234841829108,,,,,,,,,579.2200225830077,3.9591251572161075,626.5000152587891,4.282296665688699,,,,,,,,,,,,,,,,,,,"Joe Wieland","6109",543921
"Casey Coleman","CHC",8,11,,4.969325256749674,29,26,,,,146.6999969482422,,156,87,81,19,61,4,7,95,5.828220980138506,3.742331366194199,1.5573770491803278,1.1656441960277013,,,,,1.4792093013918783,,0.6827731092436975,,,4.804527427087299,-0.1431136996399669,,,,,,,,,432.2799774169922,2.9466938405561565,472.49998474121094,3.220858858694561,,,,,,,,,,,,,,,,,,,"Casey Coleman","8270",488787
"Nick Blackburn","MIN",8,10,,4.959183673469388,25,25,,,,147,,173,87,81,20,43,3,3,73,4.469387755102041,2.63265306122449,1.697674418604651,1.2244897959183674,,,,,1.469387755102041,,0.6861702127659575,,,4.739672000067575,-0.14340636867564172,,,,,,,,,399.99999999999994,2.721088435374149,483,3.2857142857142856,,,,,,,,,,,,,,,,,,,"Nick Blackburn","4270",448147
"Kyle Drabek","TOR",8,12,,5.804480531474074,30,27,,,,147.3000030517578,,170,102,95,21,87,1,6,88,5.376781965997037,5.3156821709288895,1.0114942528735633,1.2830956964311113,,,,,1.744738592501564,,0.6810193321616872,,,5.577999946406717,-0.14369903771131654,,,,,,,,,286.7200225830079,1.9465038468618436,360.50001525878906,2.447386339375144,,,,,,,,,,,,,,,,,,,"Kyle Drabek","4359",475138
"Francisco Liriano","MIN",10,10,,4.236718311563135,27,25,,,,148.6999969482422,,143,75,70,14,66,0,7,137,8.291862981202136,3.994620122330956,2.0757575757575757,0.847343662312627,,,,,1.405514487486818,,0.7074973600844773,,,3.8794548977953816,-0.14506480669677835,,,,,,,,,611.3799774169922,4.1114995962629,616.4999847412109,4.145931387986479,,,,,,,,,,,,,,,,,,,"Francisco Liriano","3201",434538
"Brandon Dickson","STL",7,10,,4.832214765100671,28,24,,,,149,,173,86,80,16,47,2,8,96,5.798657718120805,2.838926174496644,2.0425531914893615,0.9664429530201343,,,,,1.476510067114094,,0.6781376518218624,,,4.240151386453001,-0.14535747573245317,,,,,,,,,483.00000000000017,3.2416107382550345,564,3.785234899328859,,,,,,,,,,,,,,,,,,,"Brandon Dickson","6979",505447
"Alexi Ogando","TEX",12,7,,3.72,27,26,,,,150,,139,66,62,14,50,1,5,121,7.26,3,2.42,0.84,,,,,1.26,,0.7260920897284533,,,3.7253862857818607,-0.1463330292608589,,,,,,,,,653.3999999999999,4.355999999999999,645,4.3,,,,,,,,,,,,,,,,,,,"Alexi Ogando","10261",468396
"Josh Tomlin","CLE",9,10,,4.56,26,25,,,,150,,157,81,76,21,36,3,5,85,5.1,2.16,2.361111111111111,1.26,,,,,1.2866666666666666,,0.684596577017115,,,4.532052952448527,-0.1463330292608589,,,,,,,,,490.50000000000006,3.2700000000000005,524,3.493333333333333,,,,,,,,,,,,,,,,,,,"Josh Tomlin","9388",458708
"Matt Torra","TBR",6,9,,5.4,25,25,,,,150,,188,96,90,23,35,2,8,63,3.78,2.1,1.8,1.38,,,,,1.4866666666666666,,0.6656184486373166,,,5.038719619115193,-0.1463330292608589,,,,,,,,,335.2999999999999,2.2353333333333327,448,2.986666666666667,,,,,,,,,,,,,,,,,,,"Matt Torra","sa291167",457730
"Barry Enright","ARI",7,10,,5.089820255935471,26,26,,,,150.3000030517578,,168,91,85,26,47,2,7,90,5.389221447461087,2.8143712003407897,1.9148936170212767,1.5568861959332028,,,,,1.430472359511276,,0.6942889137737962,,,5.154461425519574,-0.1466256982965337,,,,,,,,,373.62002258300794,2.4858284430928914,431.50001525878906,2.8709248602622868,,,,,,,,,,,,,,,,,,,"Barry Enright","2412",446264
"Jordan Lyles","HOU",7,10,,4.777704144528175,29,25,,,,150.6999969482422,,169,86,80,17,45,3,8,105,6.270736689693229,2.6874585812970984,2.3333333333333335,1.0152621307122371,,,,,1.4200398429569854,,0.6729758149316509,,,4.153455319906568,-0.1470159137535898,,,,,,,,,517.6799774169922,3.4351691300616882,583.4999847412109,3.871930965875292,,,,,,,,,,,,,,,,,,,"Jordan Lyles","7593",543475
"Shaun Marcum","MIL",10,6,,3.5095835379352347,25,25,,,,151.3000030517578,,137,63,59,16,41,2,2,129,7.673496210061784,2.438863136531265,3.1463414634146343,0.9517514679146399,,,,,1.1764705645055966,,0.7390745501285347,,,3.547527716096142,-0.14760125182493944,,,,,,,,,695.6200225830078,4.597620677806893,677.5000152587891,4.4778585696857185,,,,,,,,,,,,,,,,,,,"Shaun Marcum","6204",451788
"Randall Delgado","ATL",7,9,,4.7587573395732,29,29,,,,151.3000030517578,,156,86,80,20,69,2,9,121,7.197620476104465,4.104428205381884,1.7536231884057971,1.1896893348933,,,,,1.4871116686166248,,0.7055837563451777,,,4.69095135463248,-0.14760125182493944,,,,,,,,,476.02002258300774,3.146199689237067,504.50001525878906,3.33443493114938,,,,,,,,,,,,,,,,,,,"Randall Delgado","5985",517414
"Zach McAllister","CLE",7,10,,5.161503070215276,27,27,,,,151.6999969482422,,185,93,87,17,44,2,7,89,5.28015831320873,2.6104153458560013,2.022727272727273,1.0085695654443643,,,,,1.5095583691945058,,0.6627680311890839,,,4.3174100428217,-0.14799146728199553,,,,,,,,,457.47997741699226,3.0156887713918525,562.4999847412109,3.707976242960161,,,,,,,,,,,,,,,,,,,"Zach McAllister","2895",502083
"Brandon Beachy","ATL",8,5,,3.3157894736842106,26,26,,,,152,,133,60,56,15,48,7,6,166,9.828947368421053,2.8421052631578947,3.4583333333333335,0.8881578947368421,,,,,1.1907894736842106,,0.75625,,,3.189859969992387,-0.14828413631767035,,,,,,,,,764.5,5.029605263157895,735,4.8355263157894735,,,,,,,,,,,,,,,,,,,"Brandon Beachy","8851",545404
"Julio Teheran","ATL",11,9,,3.848684210526316,28,27,,,,152,,146,70,65,13,58,2,8,121,7.1644736842105265,3.4342105263157894,2.086206896551724,0.7697368421052632,,,,,1.3421052631578947,,0.721205597416577,,,3.847754706834492,-0.14828413631767035,,,,,,,,,629.3,4.1401315789473685,635,4.177631578947368,,,,,,,,,,,,,,,,,,,"Julio Teheran","6797",527054
"Chris Sale","CHW",10,8,,3.9489195288221746,26,26,,,,152.6999969482422,,132,72,67,18,75,4,3,163,9.607072883552455,4.420432308383031,2.1733333333333333,1.0609037540119275,,,,,1.355599241237463,,0.7425742574257426,,,3.95531426769355,-0.14896702081040125,,,,,,,,,657.3799774169922,4.305042505271377,621.4999847412109,4.07007201808831,,,,,,,,,,,,,,,,,,,"Chris Sale","10603",519242
"Dallas Keuchel","HOU",7,11,,5.009823282834102,26,26,,,,152.6999969482422,,180,91,85,17,45,1,9,80,4.715127795608566,2.6522593850298186,1.7777777777777777,1.0019646565668203,,,,,1.473477436127677,,0.6660039761431412,,,4.485766144699514,-0.14896702081040125,,,,,,,,,450.8799774169921,2.95271765833642,540.4999847412109,3.539620141082347,,,,,,,,,,,,,,,,,,,"Dallas Keuchel","9434",572971
"Ryan Vogelsong","SFG",8,10,,4.176470588235294,26,25,,,,153,,156,76,71,17,60,4,6,119,7,3.5294117647058822,1.9833333333333334,1,,,,,1.411764705882353,,0.7284079084287202,,,4.208392821729573,-0.14925968984607607,,,,,,,,,557.5,3.6437908496732025,584,3.816993464052288,,,,,,,,,,,,,,,,,,,"Ryan Vogelsong","1011",285064
"Livan Hernandez","ATL",8,9,,4.403131027806331,25,25,,,,153.3000030517578,,167,82,75,14,50,4,3,88,5.166340405959428,2.9354206852042206,1.76,0.8219177918571817,,,,,1.4155250859762574,,0.6838905775075987,,,4.101707203690075,-0.1495523588817509,,,,,,,,,545.0200225830079,3.555251218090295,601.5000152587891,3.9236790820917857,,,,,,,,,,,,,,,,,,,"Livan Hernandez","1116",115817
"Roy Oswalt","PHI",10,7,,3.6818181818181817,25,25,,,,154,,150,67,63,14,39,2,5,114,6.662337662337662,2.279220779220779,2.923076923076923,0.8181818181818182,,,,,1.2272727272727273,,0.7201889020070839,,,3.583827844223419,-0.1502352433744818,,,,,,,,,673.4000000000001,4.372727272727273,684,4.441558441558442,,,,,,,,,,,,,,,,,,,"Roy Oswalt","571",400061
"Josh Beckett","BOS",10,6,,3.7987012987012987,25,25,,,,154,,144,70,65,19,47,2,8,133,7.7727272727272725,2.7467532467532467,2.8297872340425534,1.1103896103896105,,,,,1.2402597402597402,,0.7360097323600973,,,3.9734382338338086,-0.1502352433744818,,,,,,,,,632.5,4.107142857142857,624,4.0519480519480515,,,,,,,,,,,,,,,,,,,"Josh Beckett","510",277417
"Elih Villanueva","FLA",7,11,,5.142857142857143,27,27,,,,154,,179,94,88,21,50,3,9,87,5.084415584415584,2.9220779220779223,1.74,1.2272727272727273,,,,,1.4870129870129871,,0.6763527054108217,,,4.817594077989653,-0.1502352433744818,,,,,,,,,412.90000000000015,2.681168831168832,494,3.207792207792208,,,,,,,,,,,,,,,,,,,"Elih Villanueva","8796",534631
"Jeremy Hellickson","TBR",11,8,,3.6,27,26,,,,155,,139,66,62,16,58,6,5,115,6.67741935483871,3.367741935483871,1.9827586206896552,0.9290322580645162,,,,,1.270967741935484,,0.7502863688430699,,,4.10280564062057,-0.15121079690288752,,,,,,,,,629.8,4.063225806451612,608,3.92258064516129,,,,,,,,,,,,,,,,,,,"Jeremy Hellickson","4371",476451
"Henderson Alvarez III","TOR",9,8,,4.645161290322581,27,25,,,,155,,175,86,80,21,31,0,10,89,5.167741935483871,1.8,2.870967741935484,1.2193548387096773,,,,,1.3290322580645162,,0.6795016987542469,,,4.431837898685086,-0.15121079690288752,,,,,,,,,488.70000000000005,3.152903225806452,557,3.5935483870967744,,,,,,,,,,,,,,,,,,,"Henderson Alvarez III","5669",506693
"Jair Jurrjens","ATL",11,8,,3.8076923076923075,25,25,,,,156,,153,71,66,15,51,4,3,105,6.0576923076923075,2.9423076923076925,2.0588235294117645,0.8653846153846154,,,,,1.3076923076923077,,0.726775956284153,,,3.967693978089553,-0.15218635043129325,,,,,,,,,620.1000000000001,3.975000000000001,633,4.0576923076923075,,,,,,,,,,,,,,,,,,,"Jair Jurrjens","5556",457453
"Hiroki Kuroda","NYY",12,9,,4.326923076923077,26,26,,,,156,,168,80,75,22,40,6,4,111,6.403846153846154,2.3076923076923075,2.775,1.2692307692307692,,,,,1.3333333333333333,,0.7223476297968398,,,4.281796542192117,-0.15218635043129325,,,,,,,,,537,3.4423076923076925,584,3.7435897435897436,,,,,,,,,,,,,,,,,,,"Hiroki Kuroda","3283",493133
"Zack Britton","BAL",10,12,,4.846153846153846,30,29,,,,156,,172,90,84,16,61,3,4,96,5.538461538461538,3.519230769230769,1.5737704918032787,0.9230769230769231,,,,,1.4935897435897436,,0.6790123456790124,,,4.377950388345964,-0.15218635043129325,,,,,,,,,507.40000000000015,3.2525641025641034,569,3.6474358974358974,,,,,,,,,,,,,,,,,,,"Zack Britton","3240",502154
"Randy Wells","CHC",8,10,,4.5,27,27,,,,156,,165,83,78,20,51,4,4,101,5.826923076923077,2.9423076923076925,1.9803921568627452,1.1538461538461537,,,,,1.3846153846153846,,0.7074468085106383,,,4.45487346526904,-0.15218635043129325,,,,,,,,,516.4000000000001,3.310256410256411,557,3.5705128205128207,,,,,,,,,,,,,,,,,,,"Randy Wells","4535",448694
"Matt Harrison","TEX",12,8,,3.973128521273026,26,26,,,,156.3000030517578,,159,74,69,14,52,2,1,103,5.930901995523503,2.9942417841477877,1.9807692307692308,0.8061420188090198,,,,,1.3499679838785967,,0.7157784743991641,,,3.8891098773629533,-0.15247901946696807,,,,,,,,,618.0200225830076,3.9540627672179505,646.5000152587891,4.136276408418907,,,,,,,,,,,,,,,,,,,"Matt Harrison","5551",457448
"Jeff Niemann","TBR",10,9,,4.119516766867339,27,27,,,,157.3000030517578,,154,77,72,19,49,2,6,116,6.636999235508491,2.8035600218958283,2.36734693877551,1.0870947023677702,,,,,1.2905276291266512,,0.7142857142857143,,,4.169696498800566,-0.1534545729953738,,,,,,,,,596.9200225830077,3.794787101094956,606.5000152587891,3.8556897869812947,,,,,,,,,,,,,,,,,,,"Jeff Niemann","8591",435298
"Jonathon Niese","NYM",10,9,,4.166138317780883,27,26,,,,157.6999969482422,,164,78,73,16,48,4,6,133,7.590361592669279,2.7393786199107173,2.7708333333333335,0.9131262066369057,,,,,1.3443246931043336,,0.7067510548523207,,,3.6848663239085147,-0.15384478845242988,,,,,,,,,647.7799774169921,4.107672732736933,684.4999847412109,4.340519961873346,,,,,,,,,,,,,,,,,,,"Jonathon Niese","4424",477003
"Michael Pineda","NYY",11,7,,4.109067929866076,28,28,,,,157.6999969482422,,149,77,72,19,51,2,6,143,8.161065471817345,2.910589783655137,2.803921568627451,1.0843373703813255,,,,,1.268230842551258,,0.7093425605536332,,,3.8624186418656907,-0.15384478845242988,,,,,,,,,660.879977416992,4.190741852924041,656.4999847412109,4.162967643916169,,,,,,,,,,,,,,,,,,,"Michael Pineda","5372",501381
"Homer Bailey","CIN",9,9,,4.2802790936104955,28,27,,,,157.6999969482422,,161,80,75,18,49,3,6,124,7.07672810143602,2.7964490078255237,2.5306122448979593,1.027266982466519,,,,,1.3316423846788208,,0.7034632034632035,,,3.9829005719080603,-0.15384478845242988,,,,,,,,,609.979977416992,3.8679771034947454,637.4999847412109,4.0424857138738,,,,,,,,,,,,,,,,,,,"Homer Bailey","8362",456701
"Derek Lowe","CLE",11,12,,4.679771809014142,28,28,,,,157.6999969482422,,181,88,82,16,48,5,3,99,5.649968403565854,2.7393786199107173,2.0625,0.9131262066369057,,,,,1.4521243147211904,,0.6824782187802517,,,4.058994422461136,-0.15384478845242988,,,,,,,,,544.5799774169922,3.453265617980485,625.4999847412109,3.966391863320725,,,,,,,,,,,,,,,,,,,"Derek Lowe","199",117955
"Chad Bettis","COL",8,8,,4.793912584843755,27,27,,,,157.6999969482422,,169,90,84,18,54,0,10,121,6.9055169376915995,3.081800947399557,2.240740740740741,1.027266982466519,,,,,1.4140773894446526,,0.672396359959555,,,4.192158660929017,-0.15384478845242988,,,,,,,,,556.1799774169922,3.526823006848458,604.4999847412109,3.8332276248528427,,,,,,,,,,,,,,,,,,,"Chad Bettis","10587",518452
"Luke Hochevar","KCR",9,10,,4.662034022568549,26,26,,,,158.3000030517578,,167,88,82,19,51,2,6,106,6.026531785271539,2.8995577457438535,2.0784313725490198,1.0802273954732002,,,,,1.377132001246536,,0.6792058516196448,,,4.326712855767119,-0.15443012652377952,,,,,,,,,544.5200225830079,3.439797928525443,585.5000152587891,3.698673430014741,,,,,,,,,,,,,,,,,,,"Luke Hochevar","6943",460024
"Scott Baker","MIN",10,8,,3.913043553507632,27,26,,,,158.6999969482422,,157,74,69,19,39,1,5,136,7.712665554739681,2.211720269373879,3.4871794871794872,1.0775047466180436,,,,,1.2350346803341319,,0.7201889020070839,,,3.699614402086718,-0.1548203419808356,,,,,,,,,672.4799774169921,4.237429050715812,686.4999847412109,4.325771883695142,,,,,,,,,,,,,,,,,,,"Scott Baker","6176",435044
"Tommy Milone","OAK",10,9,,4.018867924528302,28,28,,,,159,,173,76,71,13,33,3,9,114,6.452830188679245,1.8679245283018868,3.4545454545454546,0.7358490566037735,,,,,1.2955974842767295,,0.6922257720979765,,,3.446769933580603,-0.15511301101651043,,,,,,,,,668.9000000000001,4.206918238993711,728,4.578616352201258,,,,,,,,,,,,,,,,,,,"Tommy Milone","7608",543548
"Mike Leake","CIN",9,9,,4.415094339622642,28,25,,,,159,,166,83,78,23,43,3,6,113,6.39622641509434,2.4339622641509435,2.627906976744186,1.3018867924528301,,,,,1.3144654088050314,,0.7126696832579185,,,4.409034084523999,-0.15511301101651043,,,,,,,,,541.1,3.4031446540880506,575,3.6163522012578615,,,,,,,,,,,,,,,,,,,"Mike Leake","10130",502190
"Dillon Gee","NYM",9,11,,4.69811320754717,29,27,,,,159,,162,89,83,23,64,4,11,122,6.90566037735849,3.6226415094339623,1.90625,1.3018867924528301,,,,,1.421383647798742,,0.7069143446852425,,,4.786392575090037,-0.15511301101651043,,,,,,,,,491.50000000000006,3.0911949685534594,515,3.238993710691824,,,,,,,,,,,,,,,,,,,"Dillon Gee","7396",518716
"Javier Vazquez","FLA",11,9,,3.7453416149068324,27,26,,,,161,,148,72,67,19,47,5,3,147,8.217391304347826,2.627329192546584,3.127659574468085,1.062111801242236,,,,,1.2111801242236024,,0.7304038004750594,,,3.6651378385768916,-0.15706411807332188,,,,,,,,,716.9000000000001,4.452795031055901,702,4.3602484472049685,,,,,,,,,,,,,,,,,,,"Javier Vazquez","801",134320
"John Lackey","BOS",11,10,,4.965901951923558,26,26,,,,161.3000030517578,,185,95,89,19,53,1,13,105,5.858648370246894,2.9572225106960515,1.9811320754716981,1.0601363717589618,,,,,1.4755114413955142,,0.6764427625354777,,,4.4822988434623054,-0.1573567871089967,,,,,,,,,490.9200225830077,3.043521471140219,571.5000152587891,3.5430874423195555,,,,,,,,,,,,,,,,,,,"John Lackey","1507",407793
"Tim Hudson","ATL",11,8,,3.595574744762282,26,26,,,,162.6999969482422,,156,70,65,14,47,5,9,107,5.918869195224064,2.599877123135804,2.276595744680851,0.7744314834872608,,,,,1.2476951678405868,,0.7251908396946565,,,3.861280585418904,-0.1587225560944585,,,,,,,,,672.1799774169921,4.131407437154561,677.4999847412109,4.164105700362956,,,,,,,,,,,,,,,,,,,"Tim Hudson","921",218596
"Charlie Morton","PIT",10,11,,4.085889570552148,28,28,,,,163,,168,79,74,10,65,3,10,108,5.96319018404908,3.588957055214724,1.6615384615384616,0.5521472392638037,,,,,1.4294478527607362,,0.7031963470319634,,,3.8781470219781795,-0.15901522513013333,,,,,,,,,637.4000000000001,3.9104294478527613,676,4.147239263803681,,,,,,,,,,,,,,,,,,,"Charlie Morton","4676",450203
"Paul Maholm","CHC",9,9,,4.196319018404908,26,26,,,,163,,170,81,76,14,52,4,7,102,5.631901840490798,2.871165644171779,1.9615384615384615,0.7730061349693251,,,,,1.361963190184049,,0.6966403162055336,,,3.9763065311806334,-0.15901522513013333,,,,,,,,,619,3.7975460122699385,660,4.049079754601227,,,,,,,,,,,,,,,,,,,"Paul Maholm","8678",430904
"Ian Kennedy","ARI",11,7,,3.4170238185674884,26,26,,,,163.3000030517578,,146,66,62,17,49,1,8,143,7.881200097663723,2.700551082416241,2.9183673469387754,0.9369258857362468,,,,,1.194121226918746,,0.7535046728971964,,,3.674498337337692,-0.15930789416580815,,,,,,,,,734.7200225830078,4.4992039733773845,710.5000152587891,4.350887948444169,,,,,,,,,,,,,,,,,,,"Ian Kennedy","6986",453178
"Wade LeBlanc","FLA",9,10,,4.3982896360569015,29,28,,,,163.6999969482422,,168,86,80,19,55,3,6,124,6.817348935888197,3.0238241247891198,2.2545454545454544,1.0445937885635141,,,,,1.3622480400565125,,0.6975560081466395,,,4.137176166007355,-0.15969810962286424,,,,,,,,,605.8799774169922,3.701160590788259,636.4999847412109,3.8882101197745054,,,,,,,,,,,,,,,,,,,"Wade LeBlanc","5221",453281
"Jason Hammel","BAL",9,10,,4.64480882923395,30,27,,,,164.6999969482422,,182,91,85,20,52,3,6,108,5.9016394536149015,2.8415301072960637,2.076923076923077,1.0928961951138707,,,,,1.4207650536480319,,0.6941747572815534,,,4.349005010975326,-0.16067366315126996,,,,,,,,,541.5799774169923,3.2882816481604826,605.4999847412109,3.6763812748065345,,,,,,,,,,,,,,,,,,,"Jason Hammel","4538",434628
"Travis Wood","CHC",9,9,,4.090909090909091,31,29,,,,165,,166,80,75,16,59,5,7,124,6.763636363636364,3.2181818181818183,2.1016949152542375,0.8727272727272727,,,,,1.3636363636363635,,0.7156959526159922,,,3.982962043357618,-0.16096633218694478,,,,,,,,,642.6,3.8945454545454545,667,4.042424242424242,,,,,,,,,,,,,,,,,,,"Travis Wood","9884",475243
"Brandon Morrow","TOR",11,9,,4.120481927710843,32,29,,,,166,,154,81,76,18,71,1,10,176,9.542168674698795,3.8493975903614457,2.4788732394366195,0.9759036144578314,,,,,1.355421686746988,,0.7207207207207207,,,3.7783983339746317,-0.1619418857153505,,,,,,,,,715.5999999999999,4.3108433734939755,705,4.246987951807229,,,,,,,,,,,,,,,,,,,"Brandon Morrow","9346",453344
"Ted Lilly","LAD",11,10,,3.734215205075644,27,27,,,,166.3000030517578,,152,74,69,24,40,5,5,137,7.4143113492081625,2.164762437725011,3.425,1.2988574626350065,,,,,1.1545399667866725,,0.7449494949494949,,,4.065674901688602,-0.16223455475102533,,,,,,,,,679.2200225830077,4.084305532884524,658.5000152587891,3.9597113840932585,,,,,,,,,,,,,,,,,,,"Ted Lilly","833",150404
"Wei-Yin Chen","BAL",10,10,,4.437762997336272,27,26,,,,166.3000030517578,,171,88,82,29,39,0,6,107,5.790739520914404,2.1106433767818857,2.7435897435897436,1.5694527673506329,,,,,1.262778088672923,,0.7201889020070839,,,4.8173285258986756,-0.16223455475102533,,,,,,,,,508.3200225830077,3.0566446978645123,533.5000152587891,3.2080577598831854,,,,,,,,,,,,,,,,,,,"Wei-Yin Chen","13071",612672
"Chris Volstad","CHC",9,11,,4.821428571428571,29,29,,,,168,,183,96,90,24,53,5,4,107,5.732142857142857,2.8392857142857144,2.018867924528302,1.2857142857142858,,,,,1.4047619047619047,,0.691699604743083,,,4.626576761972337,-0.16389299277216196,,,,,,,,,515.2,3.066666666666667,571,3.3988095238095237,,,,,,,,,,,,,,,,,,,"Chris Volstad","9901",458690
"Vance Worley","PHI",11,9,,3.850267309862844,32,29,,,,168.3000030517578,,164,77,72,17,57,3,6,137,7.326203075711245,3.0481282869747517,2.4035087719298245,0.9090908926065049,,,,,1.313131289320507,,0.7302231237322515,,,3.833467079209865,-0.16418566180783678,,,,,,,,,694.9200225830077,4.129055317778556,705.5000152587891,4.1919192065719955,,,,,,,,,,,,,,,,,,,"Vance Worley","6435",474699
"A.J. Burnett","PIT",9,11,,4.224598853877287,28,28,,,,168.3000030517578,,164,85,79,17,69,1,10,141,7.54010681514807,3.6898395052852258,2.0434782608695654,0.9090908926065049,,,,,1.3844325357994485,,0.7074569789674953,,,4.071137900806336,-0.16418566180783678,,,,,,,,,654.9200225830077,3.891384496182084,665.5000152587891,3.9542483849755237,,,,,,,,,,,,,,,,,,,"A.J. Burnett","512",150359
"Brett Myers","HOU",8,9,,4.260355029585799,28,26,,,,169,,171,86,80,22,48,3,3,128,6.816568047337278,2.5562130177514795,2.6666666666666665,1.1715976331360947,,,,,1.2958579881656804,,0.7066950053134963,,,4.108226522468251,-0.1648685463005677,,,,,,,,,638.4,3.777514792899408,662,3.9171597633136095,,,,,,,,,,,,,,,,,,,"Brett Myers","962",408206
"Bronson Arroyo","CIN",9,11,,4.837566362887886,27,27,,,,169.3000030517578,,180,97,91,30,45,4,6,96,5.1033667124971105,2.3922031464830202,2.1333333333333333,1.594802097655347,,,,,1.3290017480461225,,0.6994535519125683,,,5.098629012733811,-0.1651612153362425,,,,,,,,,454.8200225830078,2.6864738002630855,495.50001525878906,2.926757273048049,,,,,,,,,,,,,,,,,,,"Bronson Arroyo","978",276520
"Neftalí Feliz","TEX",14,7,,3.487962356756216,28,28,,,,170.3000030517578,,154,71,66,14,64,2,4,144,7.610099687468108,3.3822665277636035,2.25,0.7398708029482883,,,,,1.2800939289105306,,0.7409274193548386,,,3.6008413547416405,-0.16613676886464823,,,,,,,,,771.6200225830078,4.530945441900526,753.5000152587891,4.42454493104022,,,,,,,,,,,,,,,,,,,"Neftali Feliz","18",491703
"Tommy Hanson","ATL",13,7,,3.2049036206620567,29,29,,,,171.3000030517578,,146,65,61,16,54,3,8,170,8.931698614959831,2.8371277953401814,3.1481481481481484,0.8406304578785723,,,,,1.1675423026091283,,0.7601351351351352,,,3.3406227074863253,-0.16711232239305396,,,,,,,,,845.2200225830078,4.934150656889521,802.5000152587891,4.684763578295535,,,,,,,,,,,,,,,,,,,"Tommy Hanson","9129",462102
"Wade Davis","TBR",10,10,,4.413309903862505,29,29,,,,171.3000030517578,,173,90,84,22,63,2,7,113,5.936952608767417,3.3099824278968786,1.7936507936507937,1.155866879583037,,,,,1.3776999170787712,,0.7115009746588694,,,4.601568394304183,-0.16711232239305396,,,,,,,,,563.2200225830077,3.2879160102106497,586.5000152587891,3.423817891477677,,,,,,,,,,,,,,,,,,,"Wade Davis","7441",451584
"Jeanmar Gómez","CLE",11,13,,4.898668297333812,30,30,,,,172.6999969482422,,198,101,94,18,66,3,7,97,5.055008774908295,3.4394905066386334,1.4696969696969697,0.9380428654469001,,,,,1.5286624473949482,,0.6825795644891122,,,4.525096792885238,-0.16847809137851577,,,,,,,,,516.779977416992,2.9923566100112313,604.4999847412109,3.5002894928966226,,,,,,,,,,,,,,,,,,,"Jeanmar Gomez","9033",491646
"Derek Holland","TEX",11,8,,4.161849710982659,28,28,,,,173,,173,86,80,20,62,1,6,141,7.335260115606936,3.2254335260115607,2.274193548387097,1.0404624277456647,,,,,1.3583815028901733,,0.7198067632850241,,,4.077409407169144,-0.1687707604141906,,,,,,,,,662.4000000000001,3.8289017341040466,683,3.947976878612717,,,,,,,,,,,,,,,,,,,"Derek Holland","4141",502706
"Adam Wainwright","STL",14,8,,3.1159837881752575,25,25,,,,173.3000030517578,,160,64,60,13,48,1,3,155,8.049624786119415,2.4927870305402062,3.2291666666666665,0.6751298207713058,,,,,1.2002307924823215,,0.7586933614330874,,,3.094630369963533,-0.1690634294498654,,,,,,,,,863.5200225830079,4.982804428024787,854.5000152587891,4.930755915818327,,,,,,,,,,,,,,,,,,,"Adam Wainwright","2233",425794
"Johnny Cueto","CIN",10,7,,3.6353144195378007,29,29,,,,173.3000030517578,,167,75,70,15,56,2,10,123,6.387766765759278,2.9082515356302405,2.1964285714285716,0.7789959470438144,,,,,1.286785897709412,,0.7326732673267327,,,3.8736263170073473,-0.1690634294498654,,,,,,,,,711.7200225830079,4.106866763126631,719.5000152587891,4.151759968774513,,,,,,,,,,,,,,,,,,,"Johnny Cueto","6893",456501
"Rick Porcello","DET",11,11,,4.570109555990378,29,29,,,,173.3000030517578,,193,94,88,18,48,2,7,100,5.193306313625429,2.4927870305402062,2.0833333333333335,0.9347951364525773,,,,,1.3906520239819204,,0.6811862835959221,,,4.173684015127928,-0.1690634294498654,,,,,,,,,594.2200225830079,3.428851772181089,667.5000152587891,3.851702270653933,,,,,,,,,,,,,,,,,,,"Rick Porcello","2717",519144
"Ryan Dempster","CHC",10,10,,4.241379310344827,28,28,,,,174,,172,88,82,21,67,3,6,153,7.913793103448276,3.4655172413793105,2.283582089552239,1.0862068965517242,,,,,1.3735632183908046,,0.7204198473282443,,,4.0943518030232395,-0.16974631394259632,,,,,,,,,669.1000000000001,3.8454022988505754,684,3.9310344827586206,,,,,,,,,,,,,,,,,,,"Ryan Dempster","517",133225
"Aníbal Sánchez","FLA",11,8,,3.6660928790130374,29,29,,,,174.3000030517578,,164,76,71,15,63,6,5,159,8.209982644550323,3.2530119912369204,2.5238095238095237,0.7745266645802191,,,,,1.3023522434052575,,0.7330097087378641,,,3.490102284529992,-0.17003898297827114,,,,,,,,,792.9200225830077,4.549168150889549,790.5000152587891,4.535284001251869,,,,,,,,,,,,,,,,,,,"Anibal Sanchez","3284",434671
"Roberto Hernandez","CLE",10,12,,4.853700431369373,29,29,,,,174.3000030517578,,188,101,94,21,62,2,11,104,5.370051541089519,3.201376880264906,1.6774193548387097,1.0843373304123067,,,,,1.4343086381115169,,0.6754306436990027,,,4.654760898676544,-0.17003898297827114,,,,,,,,,531.7200225830079,3.0506024857906366,587.5000152587891,3.3706253871053167,,,,,,,,,,,,,,,,,,,"Roberto Hernandez","3273",433584
"Brett Cecil","TOR",10,11,,4.99713803806557,29,29,,,,174.6999969482422,,189,104,97,28,59,1,7,122,6.285060212824737,3.0394963324316353,2.0677966101694913,1.4424728357302676,,,,,1.4195764415123269,,0.689655172413793,,,4.84564962610815,-0.17042919843532722,,,,,,,,,502.9799774169922,2.879106961667598,555.4999847412109,3.17973665967371,,,,,,,,,,,,,,,,,,,"Brett Cecil","2660",446399
"John Lannan","WSN",10,11,,4.422857142857143,30,30,,,,175,,192,92,86,17,65,4,6,93,4.782857142857143,3.342857142857143,1.4307692307692308,0.8742857142857143,,,,,1.4685714285714286,,0.7075471698113208,,,4.442529142924718,-0.17072186747100204,,,,,,,,,559.7,3.1982857142857144,627,3.5828571428571427,,,,,,,,,,,,,,,,,,,"John Lannan","7080",458709
"Jason Vargas","SEA",9,11,,4.312606884420812,31,28,,,,175.3000030517578,,181,90,84,19,52,3,3,110,5.647461396265348,2.669709023689074,2.1153846153846154,0.9754706048094692,,,,,1.3291500053836627,,0.6928294573643411,,,4.120651526269686,-0.17101453650667686,,,,,,,,,647.9200225830078,3.696063954954454,684.5000152587891,3.904734759512175,,,,,,,,,,,,,,,,,,,"Jason Vargas","8044",450306
"Blake Beavan","SEA",8,13,,4.78777597403018,29,29,,,,176.6999969482422,,210,101,94,20,33,2,8,82,4.176570530536965,1.6808149696063397,2.484848484848485,1.0186757391553574,,,,,1.3752122478597324,,0.6604651162790698,,,4.264775101754212,-0.17238030549213867,,,,,,,,,556.5799774169923,3.1498584438573705,664.4999847412109,3.7606111840276486,,,,,,,,,,,,,,,,,,,"Blake Beavan","338",518444
"Mike Pelfrey","NYM",9,10,,4.482173252283572,30,29,,,,176.6999969482422,,193,94,88,17,60,6,6,98,4.991511121861251,3.056027217466072,1.6333333333333333,0.8658743782820537,,,,,1.4318053444794745,,0.693717277486911,,,4.287412340402109,-0.17238030549213867,,,,,,,,,594.6799774169924,3.365478141978589,660.4999847412109,3.7379739453797516,,,,,,,,,,,,,,,,,,,"Mike Pelfrey","5203",460059
"Carl Pavano","MIN",10,10,,4.52542372881356,27,27,,,,177,,201,95,89,21,33,1,6,97,4.932203389830509,1.6779661016949152,2.9393939393939394,1.0677966101694916,,,,,1.3220338983050848,,0.6793743890518085,,,4.132730918550222,-0.1726729745278135,,,,,,,,,605.9,3.4231638418079093,689,3.8926553672316384,,,,,,,,,,,,,,,,,,,"Carl Pavano","790",134321
"Jhoulys Chacín","COL",14,8,,3.7055836925632035,30,30,,,,177.3000030517578,,159,78,73,16,82,3,6,152,7.715735907802835,4.162436476577845,1.853658536585366,0.8121827271371406,,,,,1.359278036389242,,0.7456541628545288,,,3.972932800775191,-0.1729656435634883,,,,,,,,,741.8200225830078,4.183982006850017,718.5000152587891,4.052453485006669,,,,,,,,,,,,,,,,,,,"Jhoulys Chacin","2608",468504
"Mark Buehrle","FLA",11,9,,3.691011235955056,27,27,,,,178,,186,78,73,17,40,2,2,100,5.056179775280899,2.0224719101123596,2.5,0.8595505617977528,,,,,1.2696629213483146,,0.731948565776459,,,3.851228982411074,-0.17364852805621922,,,,,,,,,698.4999999999999,3.924157303370786,743,4.174157303370786,,,,,,,,,,,,,,,,,,,"Mark Buehrle","225",279824
"Randy Wolf","MIL",11,8,,4.044943820224719,28,28,,,,178,,175,86,80,22,61,2,9,120,6.067415730337078,3.0842696629213484,1.9672131147540983,1.1123595505617978,,,,,1.3258426966292134,,0.7309941520467836,,,4.463588532972872,-0.17364852805621922,,,,,,,,,621.5999999999999,3.4921348314606737,634,3.561797752808989,,,,,,,,,,,,,,,,,,,"Randy Wolf","976",150116
"Jeremy Guthrie","COL",12,9,,4.196629213483146,28,28,,,,178,,178,89,83,22,44,1,14,102,5.157303370786517,2.2247191011235956,2.3181818181818183,1.1123595505617978,,,,,1.247191011235955,,0.6956066945606695,,,4.463588532972872,-0.17364852805621922,,,,,,,,,613.8,3.448314606741573,634,3.561797752808989,,,,,,,,,,,,,,,,,,,"Jeremy Guthrie","2072",425386
"Mike Minor","ATL",9,8,,4.0381379005977625,32,32,,,,178.3000030517578,,174,86,80,20,62,5,7,168,8.480089591255302,3.129556872963266,2.7096774193548385,1.0095344751494406,,,,,1.3236118674181556,,0.7211538461538461,,,3.7601030426961755,-0.17394119709189404,,,,,,,,,750.0200225830079,4.206505943610603,760.5000152587891,4.265283243085685,,,,,,,,,,,,,,,,,,,"Mike Minor","10021",501985
"Iván Nova","NYY",13,10,,4.441951690657539,31,30,,,,178.3000030517578,,189,94,88,20,60,3,7,111,5.602916337079396,3.0286034254483223,1.85,1.0095344751494406,,,,,1.396522690623393,,0.7013574660633484,,,4.36582372778584,-0.17394119709189404,,,,,,,,,603.0200225830079,3.3820527889052263,652.5000152587891,3.6595625579960203,,,,,,,,,,,,,,,,,,,"Ivan Nova","1994",467100
"R.A. Dickey","NYM",11,8,,3.7709497206703912,28,27,,,,179,,179,80,75,17,45,3,6,114,5.731843575418995,2.2625698324022347,2.533333333333333,0.8547486033519553,,,,,1.2513966480446927,,0.7192807192807193,,,3.8410287438824193,-0.17462408158462495,,,,,,,,,725.0999999999999,4.050837988826816,749,4.184357541899441,,,,,,,,,,,,,,,,,,,"R.A. Dickey","1245",285079
"Wandy Rodriguez","HOU",11,10,,3.893510749406257,29,29,,,,180.3000030517578,,174,83,78,21,61,5,6,156,7.787021498812514,3.0449250732536113,2.557377049180328,1.0482528940709153,,,,,1.3033832280775932,,0.7392996108949417,,,3.923888766414074,-0.1758923041487055,,,,,,,,,734.5200225830079,4.0738769281781595,739.5000152587891,4.101497519367787,,,,,,,,,,,,,,,,,,,"Wandy Rodriguez","2586",434643
"Bud Norris","HOU",8,8,,3.9281767955801103,30,30,,,,181,,170,85,79,22,67,7,5,173,8.602209944751381,3.3314917127071824,2.582089552238806,1.0939226519337018,,,,,1.3093922651933703,,0.7371483996120272,,,3.8872647388205346,-0.1765751886414364,,,,,,,,,756.8000000000002,4.181215469613261,749,4.138121546961326,,,,,,,,,,,,,,,,,,,"Bud Norris","9492",502032
"Joe Saunders","ARI",11,12,,4.567015918712484,29,29,,,,181.3000030517578,,193,98,92,25,60,2,4,103,5.113072169862891,2.978488642638577,1.7166666666666666,1.2410369344327403,,,,,1.3954770862732593,,0.7110091743119266,,,4.740775115153337,-0.17686785767711122,,,,,,,,,546.3200225830078,3.013348115758407,595.5000152587891,3.2846111706285233,,,,,,,,,,,,,,,,,,,"Joe Saunders","4366",434578
"Ricky Nolasco","FLA",11,11,,4.210236724538375,29,29,,,,181.6999969482422,,192,91,85,21,39,5,3,152,7.528893907409801,1.9317556736117252,3.8974358974358974,1.040176131944775,,,,,1.2713263834880584,,0.6944444444444444,,,3.548226140463097,-0.1772580731341673,,,,,,,,,765.0799774169923,4.2106768864444595,813.4999847412109,4.477160145318764,,,,,,,,,,,,,,,,,,,"Ricky Nolasco","3830",445060
"Doug Fister","DET",12,9,,3.977086676829758,31,28,,,,183.3000030517578,,196,87,81,16,32,2,9,105,5.155482729223761,1.5711947365253365,3.28125,0.7855973682626682,,,,,1.2438624997492247,,0.6857976653696498,,,3.685506296613686,-0.17881896473392267,,,,,,,,,737.020022583008,4.020840209014607,795.5000152587891,4.339879989168175,,,,,,,,,,,,,,,,,,,"Doug Fister","9425",450729
"Jaime García","STL",12,8,,3.5764834562578187,31,31,,,,183.6999969482422,,179,78,73,14,55,3,2,148,7.25095276063229,2.6946108232079458,2.690909090909091,0.685900936816568,,,,,1.2738160255164834,,0.7276119402985074,,,3.335674804817927,-0.17920918019097876,,,,,,,,,846.7799774169921,4.6095807919668825,861.4999847412109,4.6897114809639335,,,,,,,,,,,,,,,,,,,"Jaime Garcia","8137",448802
"Colby Lewis","TEX",13,9,,4.164398544957734,30,30,,,,183.6999969482422,,177,91,85,26,57,1,6,160,7.838867849332206,2.792596671324598,2.807017543859649,1.2738160255164834,,,,,1.2738160255164834,,0.7236842105263158,,,4.152223539123365,-0.17920918019097876,,,,,,,,,710.3799774169922,3.867065809571805,711.4999847412109,3.8731627466584952,,,,,,,,,,,,,,,,,,,"Colby Lewis","1259",407890
"Gavin Floyd","CHW",12,11,,4.0798704131096795,30,29,,,,185.3000030517578,,182,90,84,20,50,3,7,149,7.236912994682646,2.4284942935176663,2.98,0.9713977174070665,,,,,1.2520237246579968,,0.696078431372549,,,3.7431412658659706,-0.18077007179073412,,,,,,,,,779.0200225830079,4.2041015097307515,793.5000152587891,4.28224501991589,,,,,,,,,,,,,,,,,,,"Gavin Floyd","3886",425856
"Max Scherzer","DET",12,10,,4.07108245785653,31,31,,,,185.6999969482422,,182,90,84,23,61,1,7,172,8.3360259851348,2.956381308681528,2.819672131147541,1.1147011491750023,,,,,1.3085622185967418,,0.7258064516129031,,,3.88160600906121,-0.1811602872477902,,,,,,,,,758.079977416992,4.0822831980351735,769.4999847412109,4.14378027672065,,,,,,,,,,,,,,,,,,,"Max Scherzer","3137",453286
"Jon Lester","BOS",16,8,,3.459690279988591,30,30,,,,187.3000030517578,,163,77,72,18,74,0,10,186,8.937533223303861,3.5557927877660522,2.5135135135135136,0.8649225699971478,,,,,1.265349685736568,,0.7554296506137865,,,3.6340355017057795,-0.18272117884754557,,,,,,,,,860.8200225830078,4.595942384182086,822.5000152587891,4.3913507840760815,,,,,,,,,,,,,,,,,,,"Jon Lester","4930",452657
"John Danks","CHW",12,11,,4.212765957446808,30,30,,,,188,,187,94,88,23,58,3,6,145,6.941489361702128,2.776595744680851,2.5,1.101063829787234,,,,,1.303191489361702,,0.7095864661654135,,,4.094535221952073,-0.18340406334027648,,,,,,,,,720.0999999999999,3.83031914893617,739,3.9308510638297873,,,,,,,,,,,,,,,,,,,"John Danks","6329",433579
"Chad Billingsley","LAD",12,10,,3.7421052631578946,32,31,,,,190,,177,85,79,14,77,6,8,165,7.815789473684211,3.6473684210526316,2.142857142857143,0.6631578947368421,,,,,1.3368421052631578,,0.7209897610921502,,,3.588544180518703,-0.18535517039708793,,,,,,,,,848.5999999999999,4.466315789473684,843,4.436842105263158,,,,,,,,,,,,,,,,,,,"Chad Billingsley","5842",451532
"Mat Latos","CIN",15,9,,3.380281743953058,32,32,,,,191.6999969482422,,168,77,72,19,56,3,1,189,8.873239577876777,2.6291080230746005,3.375,0.892018793543168,,,,,1.1684924546998225,,0.7446808510638298,,,3.234045652692543,-0.18701360841822456,,,,,,,,,955.0799774169923,4.982159585922466,918.4999847412109,4.791340633089318,,,,,,,,,,,,,,,,,,,"Mat Latos","3815",502009
"Daniel Hudson","ARI",16,10,,3.421875,32,31,,,,192,,178,78,73,17,52,2,8,163,7.640625,2.4375,3.1346153846153846,0.796875,,,,,1.1979166666666667,,0.7371483996120272,,,3.4160112857818605,-0.18730627745389938,,,,,,,,,894.9000000000003,4.660937500000002,885,4.609375,,,,,,,,,,,,,,,,,,,"Daniel Hudson","7146",543339
"Yu Darvish","TEX",13,7,,3.618556701030928,26,26,,,,194,,196,83,78,18,46,1,8,169,7.84020618556701,2.134020618556701,3.6739130434782608,0.8350515463917526,,,,,1.2474226804123711,,0.7333948339483395,,,3.324355357946809,-0.18925738451071084,,,,,,,,,880.6,4.539175257731959,912,4.701030927835052,,,,,,,,,,,,,,,,,,,"Yu Darvish","13074",506433
"Matt Garza","CHC",12,9,,3.520329332253255,31,30,,,,194.3000030517578,,176,81,76,19,64,3,6,181,8.383942225497885,2.964487858739583,2.828125,0.8800823330633137,,,,,1.2352032744748263,,0.7450796626054358,,,3.514320915261479,-0.18955005354638566,,,,,,,,,898.5200225830077,4.624395308648858,876.5000152587891,4.511065370520381,,,,,,,,,,,,,,,,,,,"Matt Garza","3340",490063
"Yovani Gallardo","MIL",16,9,,3.45622114414977,32,32,,,,195.3000030517578,,173,80,75,20,70,3,3,206,9.493087409264701,3.225806401206452,2.942857142857143,0.921658971773272,,,,,1.2442396118939172,,0.7581395348837209,,,3.368448236386356,-0.19052560707479138,,,,,,,,,942.420022583008,4.825499272179994,909.5000152587891,4.656938049395504,,,,,,,,,,,,,,,,,,,"Yovani Gallardo","8173",451596
"Gio González","WSN",14,10,,3.5483870413270973,33,32,,,,195.3000030517578,,173,82,77,18,83,2,6,190,8.755760231846084,3.824884732859079,2.289156626506024,0.8294930745959449,,,,,1.3108038709664314,,0.7538994800693241,,,3.6449459279183376,-0.19052560707479138,,,,,,,,,887.0200225830079,4.541833121978664,855.5000152587891,4.380440357863523,,,,,,,,,,,,,,,,,,,"Gio Gonzalez","7448",461829
"Ervin Santana","LAA",11,10,,4.184977070881637,30,29,,,,195.6999969482422,,194,97,91,25,62,3,9,151,6.944302612122278,2.851303059281995,2.435483870967742,1.1497189755169335,,,,,1.3081247010325998,,0.7194570135746606,,,4.231313744546289,-0.19091582253184747,,,,,,,,,725.2799774169921,3.7060806782169275,742.4999847412109,3.7940725412355722,,,,,,,,,,,,,,,,,,,"Ervin Santana","3200",429722
"Ubaldo Jiménez","CLE",15,9,,3.5231317272584888,31,31,,,,196.6999969482422,,175,82,77,14,80,6,9,188,8.601932009410337,3.6603965997490793,2.35,0.6405694049560889,,,,,1.2963904624111322,,0.7349192863211554,,,3.3965098299230867,-0.1918913760602532,,,,,,,,,937.3799774169922,4.765531225013927,910.4999847412109,4.628876455858774,,,,,,,,,,,,,,,,,,,"Ubaldo Jimenez","3374",434622
"Madison Bumgarner","SFG",13,10,,3.4493191602295172,32,32,,,,198.3000030517578,,197,81,76,15,48,5,6,164,7.443267661547906,2.1785173643554847,3.4166666666666665,0.6807866763610889,,,,,1.235501745988643,,0.7321428571428571,,,3.171629349592761,-0.19345226766000856,,,,,,,,,936.7200225830079,4.7237519322605195,962.5000152587891,4.853756936189099,,,,,,,,,,,,,,,,,,,"Madison Bumgarner","5524",518516
"Zack Greinke","MIL",16,7,,2.9849246231155777,31,31,,,,199,,170,71,66,17,49,0,5,224,10.130653266331658,2.2160804020100504,4.571428571428571,0.7688442211055276,,,,,1.100502512562814,,0.7581967213114754,,,2.698753119952715,-0.19413515215273947,,,,,,,,,1107.5,5.565326633165829,1060,5.326633165829146,,,,,,,,,,,,,,,,,,,"Zack Greinke","1943",425844
"Cole Hamels","PHI",14,8,,3.301507537688442,31,31,,,,199,,177,78,73,22,47,3,6,187,8.457286432160805,2.1256281407035176,3.978723404255319,0.9949748743718593,,,,,1.1256281407035176,,0.7556935817805384,,,3.3821702053798504,-0.19413515215273947,,,,,,,,,956.8,4.808040201005025,924,4.64321608040201,,,,,,,,,,,,,,,,,,,"Cole Hamels","4972",430935
"Edwin Jackson","WSN",11,9,,3.7856785756283133,31,30,,,,199.6999969482422,,199,90,84,18,58,4,4,151,6.805207915712801,2.6139209212671686,2.603448275862069,0.8112168376346386,,,,,1.2869304152598895,,0.720448662640207,,,3.6162726243058563,-0.19481803664547037,,,,,,,,,854.9799774169923,4.281321935315723,880.4999847412109,4.409113661476004,,,,,,,,,,,,,,,,,,,"Edwin Jackson","1841",429719
"David Price","TBR",15,9,,3.465,32,32,,,,200,,175,82,77,20,68,3,7,184,8.28,3.06,2.7058823529411766,0.9,,,,,1.215,,0.7488372093023256,,,3.6103862857818605,-0.1951107056811452,,,,,,,,,922,4.61,883,4.415,,,,,,,,,,,,,,,,,,,"David Price","3184",456034
"C.J. Wilson","LAA",14,8,,3.3699450310321715,32,32,,,,200.3000030517578,,179,80,75,14,76,0,9,178,7.998002873649686,3.4148776314459335,2.3421052631578947,0.629056405792672,,,,,1.273090345056598,,0.7434154630416312,,,3.429779689505721,-0.19540337471682,,,,,,,,,945.6200225830078,4.72101851310835,920.5000152587891,4.59560659627614,,,,,,,,,,,,,,,,,,,"C.J. Wilson","3580",450351
"Trevor Cahill","ARI",14,11,,3.9013453508019986,32,32,,,,200.6999969482422,,193,93,87,21,68,1,7,143,6.412556151318228,3.04932740062685,2.1029411764705883,0.9417040501935859,,,,,1.300448450267333,,0.7253886010362695,,,4.08168924155456,-0.1957935901738761,,,,,,,,,786.0799774169923,3.9166915265061597,791.4999847412109,3.9436970442273003,,,,,,,,,,,,,,,,,,,"Trevor Cahill","6249",502239
"Chris Carpenter","STL",12,8,,3.4925373134328357,29,29,,,,201,,194,83,78,16,49,3,7,151,6.7611940298507465,2.1940298507462686,3.0816326530612246,0.7164179104477612,,,,,1.208955223880597,,0.7252946509519492,,,3.39354548976196,-0.19608625920955092,,,,,,,,,920.2,4.578109452736318,931,4.6318407960199,,,,,,,,,,,,,,,,,,,"Chris Carpenter","1292",112020
"Justin Masterson","CLE",12,9,,3.7058823529411766,33,31,,,,204,,205,90,84,13,65,4,11,153,6.75,2.8676470588235294,2.353846153846154,0.5735294117647058,,,,,1.3235294117647058,,0.7148530579825257,,,3.4714647171544097,-0.1990129197947681,,,,,,,,,894.7,4.38578431372549,929,4.553921568627451,,,,,,,,,,,,,,,,,,,"Justin Masterson","2038",475416
"Roy Halladay","PHI",17,7,,2.832618066974079,34,34,,,,209.6999969482422,,194,71,66,16,32,2,4,186,7.982832734199676,1.373390577926826,5.8125,0.686695288963413,,,,,1.077730106289801,,0.7612966601178782,,,2.758338117851644,-0.20457357192952763,,,,,,,,,1114.5799774169923,5.315116803230527,1104.499984741211,5.267048167930216,,,,,,,,,,,,,,,,,,,"Roy Halladay","1303",136880
"Cliff Lee","PHI",16,7,,2.8285714285714287,29,29,,,,210,,187,71,66,17,34,1,4,200,8.571428571428571,1.457142857142857,5.882352941176471,0.7285714285714285,,,,,1.0523809523809524,,0.7606490872210954,,,2.715862476258051,-0.20486624096520245,,,,,,,,,1144.7,5.450952380952381,1115,5.309523809523809,,,,,,,,,,,,,,,,,,,"Cliff Lee","1636",424324
"Ricky Romero","TOR",15,9,,3.7232524424038766,31,31,,,,210.3000030517578,,190,93,87,23,79,2,11,171,7.318116869552448,3.3808844017230606,2.1645569620253164,0.9843081169573468,,,,,1.2791250408769386,,0.7432432432432432,,,4.104796636261656,-0.20515891000087727,,,,,,,,,851.3200225830078,4.048121779501287,824.5000152587891,3.9205896495202044,,,,,,,,,,,,,,,,,,,"Ricky Romero","3403",460069
"Tim Lincecum","SFG",16,9,,2.9196051194636943,32,32,,,,212.6999969482422,,177,74,69,15,75,5,6,225,9.520451476512045,3.1734838255040154,3,0.6346967651008031,,,,,1.1847672948548325,,0.7705627705627706,,,2.968968795550678,-0.2075002325147448,,,,,,,,,1136.2799774169923,5.3421720438176195,1075.499984741211,5.0564174902311825,,,,,,,,,,,,,,,,,,,"Tim Lincecum","5705",453311
"Matt Cain","SFG",14,8,,3.0422535211267605,32,32,,,,213,,183,77,72,16,62,5,6,171,7.225352112676056,2.619718309859155,2.7580645161290325,0.676056338028169,,,,,1.1502347417840375,,0.7547169811320755,,,3.3540247834344425,-0.20779290155041963,,,,,,,,,1041.6000000000001,4.890140845070423,995,4.671361502347418,,,,,,,,,,,,,,,,,,,"Matt Cain","4732",430912
"James Shields","TBR",15,11,,3.7621922365011633,31,31,,,,215.3000030517578,,207,96,90,26,55,1,4,184,7.691593016846823,2.299117477861822,3.3454545454545452,1.086855534989225,,,,,1.2169066246460554,,0.7358156028368794,,,3.70815450648022,-0.2100366776429059,,,,,,,,,926.2200225830079,4.301997257103364,929.5000152587891,4.317231779301641,,,,,,,,,,,,,,,,,,,"James Shields","7059",448306
"Dan Haren","LAA",14,9,,3.5883171578612654,32,32,,,,215.6999969482422,,209,92,86,24,38,3,4,177,7.38525740629586,1.5855354883573032,4.657894736842105,1.001390834751981,,,,,1.1451089638136078,,0.7263355201499532,,,3.4148160548520754,-0.210426893099962,,,,,,,,,985.5799774169922,4.56921646435389,994.4999847412109,4.610570230929786,,,,,,,,,,,,,,,,,,,"Dan Haren","1757",429717
"Jered Weaver","LAA",16,8,,3.156437515609981,32,32,,,,216.6999969482422,,188,81,76,21,54,1,2,196,8.140286224467845,2.242731918986039,3.6296296296296298,0.8721735240501263,,,,,1.1167512847625956,,0.7572906867356538,,,3.251505347572634,-0.2114024466283677,,,,,,,,,1080.4799774169924,4.986063648515233,1034.499984741211,4.773880938209227,,,,,,,,,,,,,,,,,,,"Jered Weaver","4235",450308
"CC Sabathia","NYY",17,8,,3.55045871559633,31,31,,,,218,,211,92,86,19,63,4,7,189,7.802752293577981,2.6009174311926606,3,0.7844036697247706,,,,,1.2568807339449541,,0.7356507679870654,,,3.387771606882778,-0.21267066919244826,,,,,,,,,998.9,4.582110091743119,1011,4.637614678899083,,,,,,,,,,,,,,,,,,,"CC Sabathia","404",282332
"Justin Verlander","DET",19,8,,2.956058548507879,32,32,,,,225.3000030517578,,185,79,74,19,59,1,4,231,9.227696279801624,2.356857491377904,3.9152542372881354,0.758988005697969,,,,,1.0830004291830668,,0.7589696412143514,,,2.9099846007049766,-0.21979221292696316,,,,,,,,,1225.5200225830079,5.439502911597702,1152.500015258789,5.115401685076884,,,,,,,,,,,,,,,,,,,"Justin Verlander","8700",434378
"Clayton Kershaw","LAD",18,8,,2.545293823386565,34,34,,,,226.3000030517578,,178,68,64,16,64,5,5,240,9.54485183769962,2.545293823386565,3.75,0.6363234558466413,,,,,1.0693769188533833,,0.7923497267759563,,,2.738156948073307,-0.22076776645536889,,,,,,,,,1288.020022583008,5.691648277567283,1196.500015258789,5.2872293377085535,,,,,,,,,,,,,,,,,,,"Clayton Kershaw","2036",477132
"Félix Hernández","SEA",16,10,,2.996207293958285,33,33,,,,237.3000030517578,,206,85,79,18,67,0,7,226,8.571428461197119,2.541087198673482,3.373134328358209,0.6826801429272041,,,,,1.1504424630810293,,0.7586763518966908,,,3.0422425856072235,-0.23149885526783187,,,,,,,,,1229.0200225830076,5.179182498008416,1182.500015258789,4.983143700174637,,,,,,,,,,,,,,,,,,,"Felix Hernandez","4772",433587