Name,Team,W,L,QS,ERA,G,GS,SV,HLD,BS,IP,TBF,H,R,ER,HR,BB,IBB,HBP,SO,K/9,BB/9,K/BB,HR/9,K%,BB%,K-BB%,AVG,WHIP,BABIP,LOB%,GB%,HR/FB,FIP,WAR,RA9-WAR,ADP,InterSD,InterSK,IntraSD,Vol,Skew,Dim,FPTS,FPTS/IP,SPTS,SPTS/IP,P10,P20,P30,P40,P50,P60,P70,P80,P90,TT10,TT20,TT30,TT40,TT50,TT60,TT70,TT80,TT90,NameASCII,PlayerId,MLBAMID
"Clayton Kershaw","LAD",18,6,,2.2569291381979713,33,33,,,,227.3000030517578,,172,61,57,14,54,3,3,233,9.22569279298469,2.1381433940822885,4.314814814814815,0.5543334725398525,,,,,0.994280672968307,,0.7994186046511628,,,2.5507140393550802,6.284019552676695,,,,,,,,,1357.6200225830075,5.972811281810093,1249.500015258789,5.497140336484153,,,,,,,,,,,,,,,,,,,"Clayton Kershaw","2036",477132
"Justin Verlander","DET",17,7,,3.07337337046235,32,32,,,,216.6999969482422,,186,79,74,19,60,1,4,225,9.344716329108495,2.4919243544289325,3.75,0.7891093789024952,,,,,1.1352099836842913,,0.7611668185961713,,,2.9970929538045703,5.626213037918707,,,,,,,,,1144.279977416992,5.28047989631628,1094.499984741211,5.050761422034664,,,,,,,,,,,,,,,,,,,"Justin Verlander","8700",434378
"Félix Hernández","SEA",13,9,,3.0667297238101447,31,31,,,,211.3000030517578,,188,77,72,16,50,0,6,220,9.370563044975443,2.1296734193126006,4.4,0.6814954941800322,,,,,1.1263606084364421,,0.7467532467532467,,,2.744967489536997,5.515265681507394,,,,,,,,,1150.020022583008,5.4425934972717975,1120.500015258789,5.302886886302237,,,,,,,,,,,,,,,,,,,"Felix Hernandez","4772",433587
"Masahiro Tanaka","NYY",12,8,,3.675392670157068,29,29,,,,191,,180,83,78,17,35,2,12,187,8.811518324607329,1.649214659685864,5.3428571428571425,0.8010471204188482,,,,,1.12565445026178,,0.690376569037657,,,2.9850271507083437,4.964980771189734,,,,,,,,,969.3000000000002,5.074869109947645,967,5.06282722513089,,,,,,,,,,,,,,,,,,,"Masahiro Tanaka","15764",547888
"Adam Wainwright","STL",17,9,,3.197311523008063,31,31,,,,208.3000030517578,,197,79,74,15,39,2,6,183,7.906864982573994,1.6850695864501954,4.6923076923076925,0.648103687096229,,,,,1.1329812604052596,,0.7302325581395349,,,2.875026725946906,4.7670864839595595,,,,,,,,,1075.720022583008,5.164282317920638,1077.500015258789,5.172827649892327,,,,,,,,,,,,,,,,,,,"Adam Wainwright","2233",425794
"Chris Sale","CHW",16,9,,3.1718061200216146,30,29,,,,204.3000030517578,,177,77,72,22,49,3,11,224,9.867841262289469,2.158590276125821,4.571428571428571,0.9691629811177156,,,,,1.106216331982847,,0.7633196721311476,,,3.1359601013953897,4.729427868283361,,,,,,,,,1049.0200225830079,5.134703900700613,1003.5000152587891,4.911894274443844,,,,,,,,,,,,,,,,,,,"Chris Sale","10603",519242
"Cliff Lee","PHI",12,7,,3.040847154412864,28,28,,,,198.3000030517578,,180,72,67,20,31,0,3,195,8.850226792694157,1.4069591311462506,6.290322580645161,0.907715568481452,,,,,1.0640443608310353,,0.7595628415300546,,,2.9066541762976743,4.65500267003595,,,,,,,,,1041.420022583008,5.251739821260564,1019.5000152587891,5.141200199541559,,,,,,,,,,,,,,,,,,,"Cliff Lee","1636",424324
"Max Scherzer","DET",16,8,,3.3453795054687046,31,31,,,,193.6999969482422,,165,77,72,21,55,1,5,225,10.454310954589701,2.5554982333441494,4.090909090909091,0.9757356890950388,,,,,1.1357769925973997,,0.7502623294858343,,,3.0633422439201072,4.621418443013373,,,,,,,,,1016.0799774169923,5.245637549950478,965.4999847412109,4.984512131919127,,,,,,,,,,,,,,,,,,,"Max Scherzer","3137",453286
"Yu Darvish","TEX",16,7,,3.034209267524402,31,31,,,,201.6999969482422,,152,73,68,22,79,1,9,263,11.735250549395849,3.5250372372709964,3.329113924050633,0.9816559394931889,,,,,1.1452652627420536,,0.7892107892107892,,,3.1668429745656805,4.620571063366362,,,,,,,,,1088.7799774169923,5.3980168264275274,984.4999847412109,4.881011401273553,,,,,,,,,,,,,,,,,,,"Yu Darvish","13074",506433
"David Price","TBR",14,8,,3.090909090909091,30,30,,,,198,,174,73,68,18,46,2,5,189,8.590909090909092,2.090909090909091,4.108695652173913,0.8181818181818182,,,,,1.1111111111111112,,0.7546201232032854,,,3.093308921293779,4.5136844020685984,,,,,,,,,1016.3999999999999,5.133333333333333,981,4.954545454545454,,,,,,,,,,,,,,,,,,,"David Price","3184",456034
"Cole Hamels","PHI",13,9,,3.3110367410201516,31,31,,,,209.3000030517578,,189,82,77,21,46,4,6,194,8.342092568284539,1.97802194918087,4.217391304347826,0.9030100202782232,,,,,1.1227902368538754,,0.7441634241245136,,,3.243745438439271,4.33419195150066,,,,,,,,,1031.1200225830078,4.926516997364888,1005.5000152587891,4.804108937399962,,,,,,,,,,,,,,,,,,,"Cole Hamels","4972",430935
"Zack Greinke","LAD",13,8,,2.953125,31,31,,,,192,,167,67,63,15,44,0,5,176,8.25,2.0625,4,0.703125,,,,,1.0989583333333333,,0.7578947368421053,,,2.9957710425059,4.217541915985763,,,,,,,,,1007.1000000000001,5.245312500000001,970,5.052083333333333,,,,,,,,,,,,,,,,,,,"Zack Greinke","1943",425844
"Mat Latos","CIN",13,7,,3.283725347954227,32,32,,,,208.3000030517578,,187,81,76,19,57,6,6,186,8.036485719993241,2.4627940109656703,3.263157894736842,0.8209313369885568,,,,,1.1713874048257769,,0.749770009199632,,,3.3551035312033717,4.086877133940307,,,,,,,,,1004.5200225830079,4.822467632578035,977.5000152587891,4.692750844635862,,,,,,,,,,,,,,,,,,,"Mat Latos","3815",502009
"Aníbal Sánchez","DET",13,7,,3.5160064529028747,30,30,,,,184.3000030517578,,175,77,72,18,52,3,3,186,9.083016669999093,2.5393379937631875,3.576923076923077,0.8790016132257187,,,,,1.2316874456928282,,0.7433102081268582,,,3.1943546447101867,4.041960486691417,,,,,,,,,894.4200225830077,4.853065695999059,894.5000152587891,4.853499731129047,,,,,,,,,,,,,,,,,,,"Anibal Sanchez","3284",434671
"Madison Bumgarner","SFG",15,9,,2.8578407851560232,32,32,,,,204.6999969482422,,167,70,65,17,54,6,6,196,8.617489136778163,2.374206190745004,3.6296296296296298,0.7474352822715753,,,,,1.079628741058942,,0.7657200811359027,,,3.0918211571493264,3.781372817770462,,,,,,,,,1083.4799774169921,5.293014135661893,1014.4999847412109,4.956033218689908,,,,,,,,,,,,,,,,,,,"Madison Bumgarner","5524",518516
"Matt Harvey","NYM",11,6,,3.0127814413007954,28,28,,,,164.3000030517578,,140,59,55,12,49,1,7,167,9.147900012676962,2.684114374977072,3.4081632653061225,0.6573341326474463,,,,,1.150334732133031,,0.7549361207897793,,,2.9869901042978033,3.7044923263071183,,,,,,,,,870.2200225830079,5.296530775528172,831.5000152587891,5.06086427154143,,,,,,,,,,,,,,,,,,,"Matt Harvey","11713",518774
"James Shields","KCR",13,9,,3.608490566037736,31,31,,,,212,,204,91,85,22,59,1,8,194,8.235849056603774,2.5047169811320753,3.288135593220339,0.9339622641509434,,,,,1.240566037735849,,0.7407407407407408,,,3.514835507914705,3.579304061600608,,,,,,,,,954.8000000000003,4.5037735849056615,961,4.533018867924528,,,,,,,,,,,,,,,,,,,"James Shields","7059",448306
"Doug Fister","WSN",13,8,,3.1875,30,29,,,,192,,184,73,68,13,36,2,12,144,6.75,1.6875,4,0.609375,,,,,1.1458333333333333,,0.7284440039643211,,,3.178062709172567,3.52771222867572,,,,,,,,,926.5,4.825520833333333,935,4.869791666666667,,,,,,,,,,,,,,,,,,,"Doug Fister","9425",450729
"CC Sabathia","NYY",13,11,,4.03464079310878,29,29,,,,196.3000030517578,,196,94,88,23,53,4,5,180,8.252674349540685,2.4299541140314243,3.3962264150943398,1.0545083891079765,,,,,1.2684666129849573,,0.7149446494464944,,,3.6235038829368245,3.46146971822367,,,,,,,,,846.1200225830079,4.310341362347885,868.5000152587891,4.424350492902409,,,,,,,,,,,,,,,,,,,"CC Sabathia","404",282332
"Hisashi Iwakuma","SEA",10,8,,3.230769230769231,30,30,,,,195,,172,75,70,23,40,4,2,174,8.03076923076923,1.8461538461538463,4.35,1.0615384615384615,,,,,1.087179487179487,,0.7619577308120133,,,3.4427261707110284,3.4544903369590974,,,,,,,,,934.8999999999999,4.794358974358974,898,4.605128205128205,,,,,,,,,,,,,,,,,,,"Hisashi Iwakuma","13048",547874
"José Fernández","MIA",12,5,,2.5714285714285716,27,27,,,,154,,117,47,44,9,54,3,6,163,9.525974025974026,3.155844155844156,3.0185185185185186,0.525974025974026,,,,,1.1103896103896105,,0.7828282828282828,,,2.8595426875275454,3.343420340828137,,,,,,,,,870.7,5.653896103896104,799,5.188311688311688,,,,,,,,,,,,,,,,,,,"Jose Fernandez","11530",605228
"Gio González","WSN",15,8,,3.1545405755342864,30,30,,,,188.3000030517578,,160,71,66,15,69,2,4,183,8.746680686708704,3.2979287835131177,2.652173913043478,0.716941039894156,,,,,1.216144430635272,,0.7596153846153846,,,3.302766745579378,3.3364566442626375,,,,,,,,,939.920022583008,4.991609173392595,893.5000152587891,4.745087630259856,,,,,,,,,,,,,,,,,,,"Gio Gonzalez","7448",461829
"Stephen Strasburg","WSN",11,5,,2.825651360208441,26,26,,,,149.6999969482422,,120,50,47,13,41,1,7,164,9.859719639876262,2.4649299099690656,4,0.7815631421853134,,,,,1.0754843238618417,,0.7773109243697478,,,2.9476539729949627,3.2416471698545504,,,,,,,,,819.8799774169922,5.476820268075627,763.4999847412109,5.100200402844271,,,,,,,,,,,,,,,,,,,"Stephen Strasburg","10131",544931
"Justin Masterson","CLE",12,11,,3.7788017842704154,32,30,,,,195.3000030517578,,180,88,82,15,72,1,14,179,8.248847797370784,3.3179722983837796,2.486111111111111,0.6912442288299541,,,,,1.290322560482581,,0.70995670995671,,,3.5342854998306827,3.172584448559952,,,,,,,,,892.7200225830079,4.571018989418151,881.5000152587891,4.513568876008551,,,,,,,,,,,,,,,,,,,"Justin Masterson","2038",475416
"Jordan Zimmermann","WSN",14,9,,3.2857142857142856,30,30,,,,189,,179,74,69,17,36,1,7,141,6.714285714285714,1.7142857142857142,3.9166666666666665,0.8095238095238095,,,,,1.1375661375661377,,0.7374476987447699,,,3.4076427356275936,3.1477499304010284,,,,,,,,,877.0999999999999,4.64074074074074,877,4.64021164021164,,,,,,,,,,,,,,,,,,,"Jordan Zimmermann","4505",519455
"Patrick Corbin","ARI",13,9,,3.5250372372709964,33,31,,,,201.6999969482422,,192,85,79,19,52,2,9,167,7.451660995243752,2.320277675165719,3.2115384615384617,0.8477937659259358,,,,,1.2097174203855459,,0.7313707451701932,,,3.5238087707450223,3.0987987366624705,,,,,,,,,910.6799774169922,4.515022266711684,912.4999847412109,4.524045605094211,,,,,,,,,,,,,,,,,,,"Patrick Corbin","9323",571578
"Jered Weaver","LAA",13,8,,3.2385373773463044,27,27,,,,172.3000030517578,,152,66,62,18,42,0,5,142,7.417295283599601,2.1938479007829805,3.380952380952381,0.9402205289069916,,,,,1.1259431025182491,,0.7582938388625592,,,3.5760029445462473,3.0639224296439864,,,,,,,,,801.4200225830077,4.651305910553387,770.5000152587891,4.471851431292986,,,,,,,,,,,,,,,,,,,"Jered Weaver","4235",450308
"Jose Quintana","CHW",9,7,,3.979754992782357,33,32,,,,187.6999969482422,,185,89,83,21,58,3,5,151,7.240277155543806,2.781033609414177,2.603448275862069,1.006925962029271,,,,,1.294619094037634,,0.7209737827715356,,,3.900278470678828,3.0594621567945905,,,,,,,,,762.6799774169922,4.063292433762262,778.4999847412109,4.147575905160405,,,,,,,,,,,,,,,,,,,"Jose Quintana","11423",500779
"Jeff Samardzija","CHC",11,9,,3.5648398758598594,29,29,,,,184.3000030517578,,168,78,73,19,56,3,6,179,8.741182709300203,2.734671685591125,3.1964285714285716,0.9278350361827031,,,,,1.2154096380405,,0.7396149949341438,,,3.4547995671474365,3.0381503021910237,,,,,,,,,865.3200225830078,4.695170961771477,846.5000152587891,4.593054808691797,,,,,,,,,,,,,,,,,,,"Jeff Samardzija","3254",502188
"Homer Bailey","CIN",13,9,,3.5625,30,30,,,,192,,179,81,76,21,46,2,8,163,7.640625,2.15625,3.5434782608695654,0.984375,,,,,1.171875,,0.7361963190184049,,,3.615562709172567,3.0366147308850637,,,,,,,,,861.1000000000001,4.484895833333334,851,4.432291666666667,,,,,,,,,,,,,,,,,,,"Homer Bailey","8362",456701
"Jon Lester","BOS",14,8,,3.732928737440538,31,31,,,,197.6999969482422,,188,88,82,20,64,1,7,176,8.012139729140667,2.913505356051152,2.75,0.910470423765985,,,,,1.274658593272379,,0.7321428571428571,,,3.6598928273708125,3.027785851408545,,,,,,,,,867.1799774169924,4.386342897334591,867.4999847412109,4.387961548468422,,,,,,,,,,,,,,,,,,,"Jon Lester","4930",452657
"Danny Salazar","CLE",9,7,,3.7058823529411766,26,26,,,,153,,141,67,63,15,55,0,7,162,9.529411764705882,3.235294117647059,2.9454545454545453,0.8823529411764706,,,,,1.2810457516339868,,0.7371428571428571,,,3.4204033954470767,3.0172583284580607,,,,,,,,,719.1,4.7,708,4.627450980392157,,,,,,,,,,,,,,,,,,,"Danny Salazar","5867",517593
"Ubaldo Jiménez","BAL",12,9,,3.7674418604651163,30,30,,,,172,,154,77,72,18,75,1,4,183,9.575581395348838,3.9244186046511627,2.44,0.9418604651162791,,,,,1.3313953488372092,,0.7458292443572129,,,3.658319492118303,2.993508017726443,,,,,,,,,779.9999999999998,4.534883720930231,755,4.3895348837209305,,,,,,,,,,,,,,,,,,,"Ubaldo Jimenez","3374",434622
"Lance Lynn","STL",13,9,,3.5233161240777635,33,27,,,,173.6999969482422,,160,73,68,13,62,1,9,166,8.601036420542776,3.2124352896003137,2.6774193548387095,0.6735751413678077,,,,,1.2780656528517378,,0.7311089303238468,,,3.3357070003553906,2.9698532011453085,,,,,,,,,828.4799774169921,4.769602717171356,818.4999847412109,4.712147375483843,,,,,,,,,,,,,,,,,,,"Lance Lynn","2520",458681
"Francisco Liriano","PIT",14,10,,3.130434782608696,28,28,,,,161,,137,60,56,10,59,0,2,151,8.440993788819876,3.298136645962733,2.559322033898305,0.5590062111801242,,,,,1.2173913043478262,,0.7472527472527473,,,3.116177357205693,2.952421486500533,,,,,,,,,831.2,5.162732919254658,794,4.931677018633541,,,,,,,,,,,,,,,,,,,"Francisco Liriano","3201",434538
"Shelby Miller","STL",15,9,,3.2970807673834686,31,31,,,,174.6999969482422,,154,68,64,18,55,0,5,171,8.809387675352706,2.8334287844701684,3.109090909090909,0.9273039658266006,,,,,1.1963365978874045,,0.7671381936887921,,,3.4599894717621673,2.9120929869486374,,,,,,,,,832.9799774169921,4.76805948464771,801.4999847412109,4.587864904077066,,,,,,,,,,,,,,,,,,,"Shelby Miller","10197",571946
"Matt Moore","TBR",12,9,,3.4150612351317,31,30,,,,171.3000030517578,,144,70,65,16,75,2,6,180,9.457092651133939,3.9404552713058076,2.4,0.8406304578785723,,,,,1.2784588213569954,,0.757884028484232,,,3.5790861235263867,2.8829762496681193,,,,,,,,,813.4200225830077,4.748511430774669,765.5000152587891,4.468768252312847,,,,,,,,,,,,,,,,,,,"Matt Moore","1890",519043
"Sonny Gray","OAK",15,11,,3.545601668535793,33,31,,,,185.3000030517578,,171,78,73,14,70,0,7,163,7.916891396867592,3.399892010924733,2.3285714285714287,0.6799784021849465,,,,,1.3005936105283502,,0.7362240289069557,,,3.5173632725859822,2.877712965447678,,,,,,,,,849.4200225830078,4.584025950316626,839.5000152587891,4.530491103253251,,,,,,,,,,,,,,,,,,,"Sonny Gray","12768",543243
"Corey Kluber","CLE",9,9,,4.024844720496894,26,26,,,,161,,162,77,72,18,38,0,6,148,8.273291925465838,2.124223602484472,3.8947368421052633,1.0062111801242235,,,,,1.2422360248447204,,0.7036613272311212,,,3.482636984534886,2.864424506838494,,,,,,,,,712.8,4.427329192546583,735,4.565217391304348,,,,,,,,,,,,,,,,,,,"Corey Kluber","2429",446372
"C.J. Wilson","LAA",13,9,,3.5124175837858704,31,31,,,,197.3000030517578,,180,82,77,16,77,2,7,180,8.210846299759178,3.5124175837858704,2.3376623376623376,0.729853004423038,,,,,1.3025848759494496,,0.7459505541346974,,,3.5546967400218987,2.8432360444565044,,,,,,,,,903.2200225830079,4.577901716230921,886.5000152587891,4.493157635817335,,,,,,,,,,,,,,,,,,,"C.J. Wilson","3580",450351
"Mike Minor","ATL",13,8,,3.405149708924371,31,31,,,,190.3000030517578,,173,77,72,21,48,4,3,167,7.898055574866249,2.2700998059495805,3.4791666666666665,0.9931686651029416,,,,,1.1613242062843918,,0.7515657620041754,,,3.5313015567359036,2.839759780243197,,,,,,,,,881.120022583008,4.630162945101797,859.5000152587891,4.51655281910333,,,,,,,,,,,,,,,,,,,"Mike Minor","10021",501985
"Derek Holland","TEX",12,8,,3.957578830431598,31,30,,,,193.3000030517578,,187,91,85,25,59,0,4,176,8.194516166540721,2.7470253058289917,2.983050847457627,1.1639937736563524,,,,,1.2726331925309453,,0.7345971563981043,,,3.885929892871807,2.819181822578714,,,,,,,,,799.7200225830079,4.137196119799728,804.5000152587891,4.161924482967426,,,,,,,,,,,,,,,,,,,"Derek Holland","4141",502706
"Kris Medlen","ATL",15,9,,3.310562217009805,30,30,,,,190.3000030517578,,182,75,70,17,43,1,5,150,7.094061893592439,2.0336310761631657,3.488372093023256,0.8039936812738098,,,,,1.182343648932073,,0.7455268389662029,,,3.3894203188640546,2.8125855328106133,,,,,,,,,881.920022583008,4.634366833631334,886.5000152587891,4.658434056975179,,,,,,,,,,,,,,,,,,,"Kris Medlen","9417",450665
"Julio Teheran","ATL",14,9,,3.386829055538362,31,30,,,,180.6999969482422,,170,73,68,17,48,3,11,155,7.719977994241855,2.3907028627329616,3.2291666666666665,0.8467072638845905,,,,,1.2064195001754296,,0.7466529351184347,,,3.534849403432985,2.7614025021575235,,,,,,,,,819.0799774169923,4.532816775041789,815.4999847412109,4.513004972406248,,,,,,,,,,,,,,,,,,,"Julio Teheran","6797",527054
"Matt Cain","SFG",11,8,,3.1924883137334437,30,30,,,,191.6999969482422,,165,73,68,18,51,3,7,164,7.6995306390041875,2.3943662353000827,3.215686274509804,0.8450704359882645,,,,,1.126760581317686,,0.7494758909853249,,,3.465173109660599,2.713923508835736,,,,,,,,,922.1799774169922,4.810537256638429,878.4999847412109,4.582681266178635,,,,,,,,,,,,,,,,,,,"Matt Cain","4732",430912
"Jake Peavy","BOS",10,6,,3.73744131677317,24,24,,,,149.3000030517578,,142,66,62,17,32,1,4,126,7.595445256668055,1.9290019699474426,3.9375,1.0247822965345788,,,,,1.1654386901765799,,0.7190412782956059,,,3.563594485859904,2.651109455680692,,,,,,,,,670.5200225830079,4.491091821013284,669.5000152587891,4.48425988997933,,,,,,,,,,,,,,,,,,,"Jake Peavy","1051",408241
"Hiroki Kuroda","NYY",13,9,,3.741573033707865,28,28,,,,178,,177,79,74,21,42,2,5,135,6.825842696629214,2.1235955056179776,3.2142857142857144,1.0617977528089888,,,,,1.2303370786516854,,0.7383966244725738,,,3.8568431398841776,2.6412995233459835,,,,,,,,,727.7,4.0882022471910116,746,4.191011235955056,,,,,,,,,,,,,,,,,,,"Hiroki Kuroda","3283",493133
"Ian Kennedy","SDP",11,10,,3.492396490078386,30,30,,,,190.6999969482422,,173,79,74,20,58,2,11,174,8.21185120640053,2.7372837354668436,3,0.9438909432644287,,,,,1.2113267105226835,,0.7487684729064039,,,3.671871166108495,2.567972380696687,,,,,,,,,856.3799774169922,4.490718359316083,834.4999847412109,4.375983209730739,,,,,,,,,,,,,,,,,,,"Ian Kennedy","6986",453178
"Tommy Milone","OAK",11,9,,3.7967913750036377,29,28,,,,168.3000030517578,,168,76,71,21,34,2,4,140,7.486630880288863,1.8181817852130098,4.117647058823529,1.1229946320433295,,,,,1.2002376490621829,,0.7300115874855156,,,3.683623823609796,2.5494130058194338,,,,,,,,,716.320022583008,4.25620920733267,734.5000152587891,4.364230552229437,,,,,,,,,,,,,,,,,,,"Tommy Milone","7608",543548
"Zach McAllister","CLE",8,9,,4.050880545581824,27,27,,,,153.3000030517578,,160,74,69,13,44,1,6,113,6.634050748561538,2.583170202979714,2.5681818181818183,0.7632093781530973,,,,,1.3307240439592465,,0.6996770721205597,,,3.6545079841147725,2.546020962420911,,,,,,,,,634.5200225830079,4.139073776592023,673.5000152587891,4.393346391724461,,,,,,,,,,,,,,,,,,,"Zach McAllister","2895",502083
"Ricky Nolasco","MIN",10,11,,4.203714197122778,30,30,,,,177.6999969482422,,189,89,83,20,39,2,8,139,7.039955101205616,1.975239201057691,3.5641025641025643,1.012943180029585,,,,,1.2830613613708077,,0.695,,,3.7400322155261168,2.5358495582684255,,,,,,,,,714.579977416992,4.021271748390205,765.4999847412109,4.307822160313117,,,,,,,,,,,,,,,,,,,"Ricky Nolasco","3830",445060
"Alex Cobb","TBR",11,7,,3.310082499058783,27,27,,,,157.6999969482422,,142,62,58,13,53,3,6,140,7.989854308072926,3.0247305594847504,2.641509433962264,0.7419150428924859,,,,,1.2365250714874765,,0.752262443438914,,,3.466370553881149,2.532828351509788,,,,,,,,,740.879977416992,4.6980341899445435,722.4999847412109,4.581483821958085,,,,,,,,,,,,,,,,,,,"Alex Cobb","6562",502171
"Yovani Gallardo","MIL",13,10,,3.885590869628266,31,31,,,,185.3000030517578,,176,86,80,21,64,2,2,170,8.256880597960066,3.1084726957026128,2.65625,1.0199676032774199,,,,,1.2951969565427555,,0.7312440645773979,,,3.754816047952154,2.509298474800375,,,,,,,,,797.3200225830079,4.302860277667137,795.5000152587891,4.293038327887079,,,,,,,,,,,,,,,,,,,"Yovani Gallardo","8173",451596
"Rick Porcello","DET",12,10,,4.3540125969686505,32,29,,,,175.6999969482422,,194,91,85,18,41,3,5,129,6.60785441187007,2.1001707820672317,3.1463414634146343,0.9220261970051261,,,,,1.3375071376308927,,0.6863679694947569,,,3.6966876255835817,2.50821637463538,,,,,,,,,694.379977416992,3.9520773447795956,764.4999847412109,4.351166750255652,,,,,,,,,,,,,,,,,,,"Rick Porcello","2717",519144
"Dan Haren","LAD",11,10,,3.706207813831891,27,27,,,,162.6999969482422,,159,72,67,20,30,1,5,138,7.633681765802999,1.6594960360441302,4.6,1.1063306906960868,,,,,1.1616472252308911,,0.7267080745341615,,,3.5948734395722988,2.453975647775146,,,,,,,,,715.579977416992,4.3981560592446165,724.4999847412109,4.452980936266935,,,,,,,,,,,,,,,,,,,"Dan Haren","1757",429717
"Tim Hudson","SFG",9,8,,3.278688585341612,25,25,,,,164.6999969482422,,153,64,60,10,46,4,6,126,6.885246029217385,2.5136612487619026,2.739130434782609,0.5464480975569354,,,,,1.2082574601536682,,0.7297297297297297,,,3.254290323805187,2.4173874978911534,,,,,,,,,793.9799774169924,4.820764979531266,789.4999847412109,4.793564052034046,,,,,,,,,,,,,,,,,,,"Tim Hudson","921",218596
"Bartolo Colon","NYM",10,8,,3.5951253281750293,24,24,,,,147.6999969482422,,155,63,59,14,24,1,0,97,5.910629776830133,1.4624238623084864,4.041666666666667,0.8530805863466171,,,,,1.2119160710797179,,0.7277289836888331,,,3.45408322648048,2.3994764125973416,,,,,,,,,639.7799774169921,4.331618081489786,678.4999847412109,4.593771149358754,,,,,,,,,,,,,,,,,,,"Bartolo Colon","375",112526
"Matt Garza","MIL",10,7,,3.6986300633573177,25,25,,,,153.3000030517578,,143,67,63,18,45,3,5,146,8.571428400796323,2.6418786166837984,3.2444444444444445,1.0567514466735193,,,,,1.226353530707541,,0.7432432432432432,,,3.6479848270365407,2.3946737457134035,,,,,,,,,683.2200225830079,4.456751526301902,674.5000152587891,4.399869548802693,,,,,,,,,,,,,,,,,,,"Matt Garza","3340",490063
"Zack Wheeler","NYM",10,8,,3.6172766109121306,30,30,,,,166.6999969482422,,154,72,67,15,66,2,8,151,8.15236967533928,3.563287407764188,2.287878787878788,0.8098380472191337,,,,,1.3197360769496993,,0.7437185929648241,,,3.73771641606294,2.392547635926041,,,,,,,,,728.6799774169922,4.37120570340044,718.4999847412109,4.310137959776293,,,,,,,,,,,,,,,,,,,"Zack Wheeler","10310",554430
"R.A. Dickey","TOR",13,10,,4.001022034798928,30,29,,,,195.6999969482422,,186,93,87,27,56,1,8,162,7.450178961349728,2.575370505157931,2.892857142857143,1.2416964935582882,,,,,1.2365866314448795,,0.7296767874632714,,,4.166914178675715,2.3659150692410056,,,,,,,,,764.4799774169923,3.9063872730625455,759.4999847412109,3.8809401971635182,,,,,,,,,,,,,,,,,,,"R.A. Dickey","1245",285079
"Kevin Gausman","BAL",10,9,,4.276985654770371,27,27,,,,147.3000030517578,,151,75,70,18,36,2,4,129,7.881873563791112,2.1995926224533338,3.5833333333333335,1.0997963112266669,,,,,1.269517964193745,,0.6922126081582199,,,3.699585523232814,2.359480806986751,,,,,,,,,614.0200225830079,4.168499727506831,640.5000152587891,4.348268852606419,,,,,,,,,,,,,,,,,,,"Kevin Gausman","14107",592332
"Bud Norris","BAL",10,9,,4.310444240309106,30,29,,,,173.3000030517578,,172,89,83,22,64,2,6,158,8.205423975528179,3.323716040720275,2.46875,1.1425273889975944,,,,,1.361800322239557,,0.716374269005848,,,4.086515638564319,2.309239949695701,,,,,,,,,670.6200225830078,3.8697057748044026,686.5000152587891,3.961338737274914,,,,,,,,,,,,,,,,,,,"Bud Norris","9492",502032
"Wei-Yin Chen","BAL",9,8,,4.1625,27,27,,,,160,,161,79,74,21,46,1,4,129,7.25625,2.5875,2.8043478260869565,1.18125,,,,,1.29375,,0.7207207207207208,,,4.079104375839234,2.2136706817950706,,,,,,,,,615.1,3.8443750000000003,635,3.96875,,,,,,,,,,,,,,,,,,,"Wei-Yin Chen","13071",612672
"Jhoulys Chacín","COL",13,8,,4.023269979926236,27,27,,,,163.3000030517578,,166,78,73,15,58,2,4,113,6.227801475776229,3.1965706689824893,1.9482758620689655,0.8266993109437472,,,,,1.371708486306662,,0.7192118226600985,,,3.997027658774647,2.209030557405858,,,,,,,,,632.3200225830079,3.872137236780054,661.5000152587891,4.050826717064586,,,,,,,,,,,,,,,,,,,"Jhoulys Chacin","2608",468504
"Tyler Skaggs","LAA",10,9,,3.80922292087918,28,27,,,,158.3000030517578,,148,72,67,14,63,1,9,140,7.9595702824341075,3.5818066270953484,2.2222222222222223,0.7959570282434107,,,,,1.3329121663441243,,0.7262277951933124,,,3.7932744499084596,2.1951642903315185,,,,,,,,,678.420022583008,4.285660199015862,673.5000152587891,4.254579925930774,,,,,,,,,,,,,,,,,,,"Tyler Skaggs","10190",572140
"Michael Wacha","STL",10,6,,3.5350932982083156,28,24,,,,155.3000030517578,,142,65,61,15,45,0,5,135,7.823567135379059,2.60785571179302,3,0.8692852372643399,,,,,1.2041210323587523,,0.7349397590361446,,,3.530790618763867,2.1838467611188075,,,,,,,,,715.5200225830079,4.607340685914488,701.5000152587891,4.517063757075367,,,,,,,,,,,,,,,,,,,"Michael Wacha","14078",608379
"Johnny Cueto","CIN",11,6,,3.1694790192774587,23,23,,,,136.3000030517578,,125,51,48,11,35,2,7,102,6.7351429159646,2.3110784515564804,2.914285714285714,0.726338941917751,,,,,1.1738811182509108,,0.7538035961272476,,,3.524743580128666,2.170003474997858,,,,,,,,,626.320022583008,4.595157803079232,616.5000152587891,4.523110795710568,,,,,,,,,,,,,,,,,,,"Johnny Cueto","6893",456501
"Edwin Jackson","CHC",11,11,,3.989637375793938,29,29,,,,173.6999969482422,,177,82,77,17,54,5,3,139,7.202072665394252,2.7979275102970473,2.574074074074074,0.8808290310194409,,,,,1.329879125264646,,0.7191119691119692,,,3.7041583597360717,2.1619361793980487,,,,,,,,,723.079977416992,4.162809384691296,754.4999847412109,4.343696016103162,,,,,,,,,,,,,,,,,,,"Edwin Jackson","1841",429719
"Jonathon Niese","NYM",10,9,,3.7847867133596313,27,27,,,,161.6999969482422,,161,73,68,14,49,1,4,121,6.734694004654639,2.72727277874444,2.4693877551020407,0.779220793926983,,,,,1.2987013232116382,,0.7195378151260504,,,3.660099285353292,2.1571473619589896,,,,,,,,,688.7799774169922,4.259616514633953,709.4999847412109,4.387755090485942,,,,,,,,,,,,,,,,,,,"Jonathon Niese","4424",477003
"Wade Miley","ARI",12,9,,3.808248589297549,31,30,,,,186.6999969482422,,187,85,79,18,53,2,4,136,6.555972254993248,2.5549009523135453,2.5660377358490565,0.8677022102196947,,,,,1.2854847558810292,,0.7216014897579143,,,3.7602271780566374,2.149463256158915,,,,,,,,,774.9799774169921,4.150937279510699,800.4999847412109,4.287627197782596,,,,,,,,,,,,,,,,,,,"Wade Miley","8779",489119
"Gerrit Cole","PIT",12,10,,3.478527607361963,30,30,,,,163,,153,67,63,13,52,0,7,134,7.398773006134969,2.871165644171779,2.576923076923077,0.7177914110429447,,,,,1.2576687116564418,,0.7387580299785866,,,3.5263819832011967,2.1360629498444124,,,,,,,,,739.5,4.53680981595092,737,4.521472392638037,,,,,,,,,,,,,,,,,,,"Gerrit Cole","13125",543037
"Marco Estrada","MIL",8,6,,3.9246118848709166,23,23,,,,135.3000030517578,,126,63,59,18,35,0,2,125,8.31485568828584,2.328159592720035,3.5714285714285716,1.197339219113161,,,,,1.1899482362791292,,0.7216494845360825,,,3.7499977450722604,2.132109976813313,,,,,,,,,591.2200225830079,4.369697038046938,581.5000152587891,4.297856630766973,,,,,,,,,,,,,,,,,,,"Marco Estrada","1118",462136
"Dan Straily","OAK",11,9,,3.841775820854692,31,31,,,,175.6999969482422,,159,80,75,20,68,1,10,160,8.195788417823342,3.483210077574921,2.3529411764705883,1.0244735522279178,,,,,1.2919749797540965,,0.7386934673366834,,,4.038178809659554,2.1262218103000774,,,,,,,,,726.7799774169921,4.136482584180621,704.4999847412109,4.00967556617968,,,,,,,,,,,,,,,,,,,"Dan Straily","9460",573185
"A.J. Griffin","OAK",11,10,,3.968426848724429,31,31,,,,183.6999969482422,,172,87,81,27,50,2,5,157,7.691889077157227,2.4496462029163144,3.14,1.3228089495748097,,,,,1.2084921267720483,,0.7328990228013029,,,4.147473338037224,2.1175014577979403,,,,,,,,,729.079977416992,3.9688622184485483,716.4999847412109,3.90038103780201,,,,,,,,,,,,,,,,,,,"A.J. Griffin","11132",456167
"Andrew Cashner","SDP",9,7,,3.1914893617021276,33,21,,,,141,,126,54,50,10,39,2,4,110,7.0212765957446805,2.4893617021276597,2.8205128205128207,0.6382978723404256,,,,,1.1702127659574468,,0.7350993377483444,,,3.3244501205200847,2.097094953835235,,,,,,,,,683.8000000000001,4.849645390070923,666,4.723404255319149,,,,,,,,,,,,,,,,,,,"Andrew Cashner","8782",488768
"Brandon Morrow","TOR",9,7,,3.866348542554967,23,23,,,,125.69999694824219,,113,58,54,15,49,1,4,137,9.80906945055612,3.508353307133211,2.795918367346939,1.0739857062652687,,,,,1.2887828475183223,,0.7375886524822695,,,3.684290349922356,2.085794963913524,,,,,,,,,566.8799774169922,4.509785132695022,548.4999847412109,4.363564025916878,,,,,,,,,,,,,,,,,,,"Brandon Morrow","9346",453344
"Iván Nova","NYY",11,9,,3.981818181818182,28,26,,,,165,,167,78,73,16,53,3,11,124,6.763636363636364,2.890909090909091,2.339622641509434,0.8727272727272727,,,,,1.3333333333333333,,0.7186234817813766,,,3.969066497051355,2.0778351156051422,,,,,,,,,646,3.915151515151515,673,4.078787878787879,,,,,,,,,,,,,,,,,,,"Ivan Nova","1994",467100
"Chris Tillman","BAL",14,11,,4.13903743315508,32,32,,,,187,,176,92,86,27,66,1,4,167,8.037433155080214,3.176470588235294,2.5303030303030303,1.2994652406417113,,,,,1.2941176470588236,,0.7345739471106758,,,4.261758119154742,2.0509510891664458,,,,,,,,,718.0999999999998,3.8401069518716566,708,3.786096256684492,,,,,,,,,,,,,,,,,,,"Chris Tillman","5279",501957
"A.J. Burnett","PHI",11,10,,3.9404552713058076,28,28,,,,171.3000030517578,,162,80,75,19,65,2,8,168,8.82661980772501,3.4150612351317,2.5846153846153848,0.9982486687308046,,,,,1.3251605134613604,,0.7335329341317365,,,3.806756872535167,2.0436602230155203,,,,,,,,,729.7200225830077,4.259894977132749,726.5000152587891,4.241097503304067,,,,,,,,,,,,,,,,,,,"A.J. Burnett","512",150359
"Eric Stults","SDP",8,9,,3.77027027027027,26,24,,,,148,,149,66,62,12,38,1,3,95,5.777027027027027,2.310810810810811,2.5,0.7297297297297297,,,,,1.2635135135135136,,0.7109283196239718,,,3.649205727190585,2.032493268764879,,,,,,,,,627.2,4.237837837837838,651,4.398648648648648,,,,,,,,,,,,,,,,,,,"Eric Stults","8011",445590
"Drew Smyly","DET",10,8,,4.066666666666666,25,25,,,,135,,130,65,61,16,41,1,4,127,8.466666666666667,2.7333333333333334,3.097560975609756,1.0666666666666667,,,,,1.2666666666666666,,0.7133243606998655,,,3.7071136350984926,2.0314689364598615,,,,,,,,,583.2,4.32,586,4.340740740740741,,,,,,,,,,,,,,,,,,,"Drew Smyly","11760",592767
"Craig Kimbrel","ATL",6,1,,1.434782608695652,70,0,,,,69,,41,12,11,4,21,1,2,111,14.478260869565217,2.739130434782609,5.285714285714286,0.5217391304347826,,,,,0.8985507246376812,,0.8865248226950355,,,1.5840862598972045,2.0119860077458647,,,,,,,,,507.79999999999995,7.359420289855072,446,6.463768115942029,,,,,,,,,,,,,,,,,,,"Craig Kimbrel","6655",518886
"Tim Lincecum","SFG",11,12,,3.8,29,29,,,,180,,162,81,76,17,71,5,5,177,8.85,3.55,2.492957746478873,0.85,,,,,1.2944444444444445,,0.7265774378585086,,,3.5756321536170113,1.9632925005287802,,,,,,,,,827.7,4.598333333333334,805,4.472222222222222,,,,,,,,,,,,,,,,,,,"Tim Lincecum","5705",453311
"Rafael Montero","NYM",10,9,,3.7635184678107203,25,25,,,,138.6999969482422,,134,62,58,14,33,0,8,110,7.137707438951366,2.1413122316854096,3.3333333333333335,0.9084354922301738,,,,,1.204037517479675,,0.7123473541383989,,,3.6606878428199066,1.9514758182336962,,,,,,,,,602.7799774169921,4.345926392788082,608.4999847412109,4.387166533019327,,,,,,,,,,,,,,,,,,,"Rafael Montero","12760",606160
"Tony Cingrani","CIN",9,6,,3.4565217391304346,30,25,,,,138,,113,57,53,17,59,1,6,153,9.978260869565217,3.847826086956522,2.593220338983051,1.108695652173913,,,,,1.2463768115942029,,0.775978407557355,,,3.844955825114596,1.9233306342723004,,,,,,,,,629.3,4.560144927536231,580,4.202898550724638,,,,,,,,,,,,,,,,,,,"Tony Cingrani","12555",571561
"Kyle Lohse","MIL",10,8,,3.865698658214301,27,27,,,,165.3000030517578,,167,76,71,22,33,1,3,111,6.043557057208273,1.7967331791700272,3.3636363636363638,1.1978221194466847,,,,,1.2099213327744291,,0.7328605200945627,,,4.088386722025243,1.9074998793817821,,,,,,,,,632.420022583008,3.8258923829843376,654.5000152587891,3.959467653813991,,,,,,,,,,,,,,,,,,,"Kyle Lohse","739",346798
"Hyun Jin Ryu","LAD",11,10,,3.6533186442729364,27,27,,,,182.3000030517578,,170,79,74,24,50,6,4,157,7.750959826362851,2.46845854342766,3.14,1.1848601008452766,,,,,1.2068019545646336,,0.7564377682403434,,,3.9255285246135125,1.893006298470207,,,,,,,,,763.8200225830078,4.189906800858075,751.5000152587891,4.122325851225721,,,,,,,,,,,,,,,,,,,"Hyun Jin Ryu","14444",547943
"John Lackey","BOS",13,9,,4.066265060240964,27,26,,,,166,,168,80,75,22,41,0,8,139,7.536144578313253,2.2228915662650603,3.3902439024390243,1.1927710843373494,,,,,1.2590361445783131,,0.7239057239057239,,,3.98158931559827,1.8744213560392202,,,,,,,,,652.0000000000002,3.9277108433734953,675,4.066265060240964,,,,,,,,,,,,,,,,,,,"John Lackey","1507",407793
"Jaime García","STL",7,6,,3.7919173553567203,19,19,,,,116.30000305175781,,119,52,49,10,29,1,1,93,7.196904368330102,2.244195985823365,3.206896551724138,0.7738606847666777,,,,,1.2725709038385367,,0.7164179104477612,,,3.3402017456399786,1.8711866508751724,,,,,,,,,524.2200225830079,4.507480729383219,547.5000152587891,4.707652630199255,,,,,,,,,,,,,,,,,,,"Jaime Garcia","8137",448802
"Travis Wood","CHC",11,10,,3.8788870057969245,31,31,,,,183.3000030517578,,172,85,79,21,61,3,8,136,6.677577630232681,2.9950899665014226,2.2295081967213113,1.031096545844752,,,,,1.271140186147234,,0.7269155206286837,,,4.182606129996421,1.82442433829281,,,,,,,,,715.920022583008,3.9057283724150076,708.5000152587891,3.8652482458428126,,,,,,,,,,,,,,,,,,,"Travis Wood","9884",475243
"Josh Johnson","SDP",6,6,,3.609415963514066,20,20,,,,114.69999694824219,,107,49,46,10,38,4,3,106,8.317349828967195,2.981691448120315,2.789473684210526,0.7846556442421883,,,,,1.2641674268346366,,0.732824427480916,,,3.405308613771786,1.8130640022693996,,,,,,,,,536.579977416992,4.678116754084319,532.4999847412109,4.6425457620674475,,,,,,,,,,,,,,,,,,,"Josh Johnson","4567",435178
"Alex Wood","ATL",7,4,,3.294642857142857,34,19,,,,112,,103,44,41,7,38,1,5,98,7.875,3.0535714285714284,2.5789473684210527,0.5625,,,,,1.2589285714285714,,0.739329268292683,,,3.262140090124948,1.7961267664347085,,,,,,,,,541.9000000000001,4.838392857142858,536,4.785714285714286,,,,,,,,,,,,,,,,,,,"Alex Wood","13781",622072
"Jarrod Parker","OAK",11,9,,3.9310344827586206,30,30,,,,174,,164,81,76,18,63,2,6,133,6.879310344827586,3.2586206896551726,2.111111111111111,0.9310344827586207,,,,,1.3045977011494252,,0.7234886025768087,,,4.053601502276015,1.7924606450169112,,,,,,,,,698.8,4.016091954022988,695,3.9942528735632186,,,,,,,,,,,,,,,,,,,"Jarrod Parker","4913",519105
"Brandon McCarthy","ARI",8,7,,4.05228767150763,22,22,,,,137.6999969482422,,148,66,62,14,24,2,5,89,5.816993592970629,1.5686274857448887,3.7083333333333335,0.9150327000178518,,,,,1.2490922571672263,,0.6955380577427821,,,3.7087113258521267,1.785537015610263,,,,,,,,,552.9799774169924,4.015831442791121,597.4999847412109,4.339143049987107,,,,,,,,,,,,,,,,,,,"Brandon McCarthy","4662",435221
"Juan Nicasio","COL",8,6,,4.464,24,24,,,,125,,133,66,62,14,42,4,4,99,7.128,3.024,2.357142857142857,1.008,,,,,1.4,,0.7014157014157014,,,4.0238543758392336,1.7767857876585378,,,,,,,,,466.99999999999994,3.7359999999999998,503,4.024,,,,,,,,,,,,,,,,,,,"Juan Nicasio","7731",504379
"Andy Pettitte","NYY",8,7,,4.191002468744472,21,21,,,,126.69999694824219,,132,63,59,15,35,1,2,95,6.7482243140800815,2.486187905187398,2.7142857142857144,1.0655091022231706,,,,,1.3180742227501445,,0.7123287671232876,,,3.9634029377495135,1.7443008534915847,,,,,,,,,488.8799774169923,3.85856345061084,517.4999847412109,4.08445143808972,,,,,,,,,,,,,,,,,,,"Andy Pettitte","840",120485
"Noah Syndergaard","NYM",8,6,,3.6153846153846154,27,24,,,,117,,108,50,47,12,39,0,7,114,8.76923076923077,3,2.923076923076923,0.9230769230769231,,,,,1.2564102564102564,,0.7450076804915515,,,3.6119569399417975,1.687314419710236,,,,,,,,,527.4000000000001,4.5076923076923086,519,4.435897435897436,,,,,,,,,,,,,,,,,,,"Noah Syndergaard","11762",592789
"Tyler Chatwood","COL",9,7,,4.309859154929577,29,27,,,,142,,153,73,68,11,55,4,5,91,5.767605633802817,3.4859154929577465,1.6545454545454545,0.6971830985915493,,,,,1.4647887323943662,,0.7009345794392523,,,4.040812122318107,1.680695193560306,,,,,,,,,519.7,3.6598591549295776,569,4.007042253521127,,,,,,,,,,,,,,,,,,,"Tyler Chatwood","4338",543022
"Edwin Escobar","SFG",8,8,,3.5864661654135337,25,24,,,,133,,126,57,53,11,37,0,7,107,7.2406015037593985,2.5037593984962405,2.891891891891892,0.7443609022556391,,,,,1.2255639097744362,,0.7181571815718157,,,3.506500992380587,1.6751755491469744,,,,,,,,,603.3000000000001,4.53609022556391,604,4.541353383458647,,,,,,,,,,,,,,,,,,,"Edwin Escobar","10337",546276
"Jameson Taillon","PIT",8,8,,3.742331366194199,24,23,,,,146.6999969482422,,143,65,61,12,48,2,8,110,6.748466398055113,2.94478533733314,2.2916666666666665,0.736196334333285,,,,,1.3019768505338651,,0.7233065442020666,,,3.756784179271286,1.666912720823546,,,,,,,,,618.1799774169922,4.2139058641909495,629.4999847412109,4.291070196567948,,,,,,,,,,,,,,,,,,,"Jameson Taillon","11674",592791
"Miguel González","BAL",10,8,,4.180491126462153,29,24,,,,150.6999969482422,,147,75,70,20,49,3,5,117,6.987392311372456,2.926343788523507,2.3877551020408165,1.1944260361320438,,,,,1.300597239343781,,0.7202380952380952,,,4.295366013577146,1.6527042076175065,,,,,,,,,558.9799774169921,3.7092235483519844,565.4999847412109,3.7524883622620875,,,,,,,,,,,,,,,,,,,"Miguel Gonzalez","7024",456068
"Clay Buchholz","BOS",8,5,,3.6363637225897545,21,21,,,,128.6999969482422,,119,56,52,12,46,1,4,105,7.3426575167677735,3.216783293060167,2.282608695652174,0.8391608590591741,,,,,1.282051312451516,,0.7354925775978408,,,3.7937751394473884,1.651771661431955,,,,,,,,,555.3799774169922,4.31530684216211,547.4999847412109,4.254079236391846,,,,,,,,,,,,,,,,,,,"Clay Buchholz","3543",453329
"Chris Archer","TBR",11,9,,3.72291522415341,30,29,,,,152.3000030517578,,141,67,63,15,60,1,10,131,7.741299910541218,3.5456335468127715,2.183333333333333,0.8864083867031929,,,,,1.3197635979803095,,0.7444444444444445,,,3.986790666939653,1.6312191332400536,,,,,,,,,627.9200225830078,4.122915364418048,618.5000152587891,4.061063708899581,,,,,,,,,,,,,,,,,,,"Chris Archer","6345",502042
"Mike Leake","CIN",11,9,,4.01561621720754,30,29,,,,179.3000030517578,,183,86,80,23,41,3,5,119,5.973229123096215,2.058003311318864,2.902439024390244,1.1544896624471677,,,,,1.2493028231312344,,0.7194994786235662,,,4.1577260803174285,1.6239328346719988,,,,,,,,,668.1200225830078,3.7262688857297133,697.5000152587891,3.890128295521805,,,,,,,,,,,,,,,,,,,"Mike Leake","10130",502190
"Shaun Marcum","CLE",6,7,,4.293148195128807,20,19,,,,115.30000305175781,,116,59,55,14,33,2,3,91,7.10320883194039,2.5758889170772843,2.757575757575758,1.09280135876006,,,,,1.2922809718670552,,0.6955177743431221,,,3.9845412547764276,1.6236640107800286,,,,,,,,,453.42002258300784,3.932523942601016,468.50001525878906,4.063313121062806,,,,,,,,,,,,,,,,,,,"Shaun Marcum","6204",451788
"Kenley Jansen","LAD",5,1,,1.9094767443742655,70,0,,,,70.69999694824219,,45,16,15,6,21,1,3,108,13.748232559494712,2.6732674421239717,5.142857142857143,0.7637906977497062,,,,,0.9335219639163076,,0.8680555555555556,,,2.114332411922926,1.5486394190305508,,,,,,,,,476.37997741699223,6.738048061950256,419.49998474121094,5.9335219639163075,,,,,,,,,,,,,,,,,,,"Kenley Jansen","3096",445276
"Roy Halladay","PHI",7,7,,4.094355623378111,20,20,,,,118.69999694824219,,116,58,54,14,34,1,6,98,7.4304972424269415,2.577927614719551,2.8823529411764706,1.0614996060609918,,,,,1.2636900072154664,,0.705521472392638,,,3.940861980938163,1.5413478434714616,,,,,,,,,480.57997741699216,4.048694100864583,487.49998474121094,4.10699239490107,,,,,,,,,,,,,,,,,,,"Roy Halladay","1303",136880
"Trevor Rosenthal","STL",5,2,,2.371392813512127,75,0,,,,79.69999694824219,,60,22,21,5,24,0,5,103,11.631117132940433,2.710163215442431,4.291666666666667,0.5646173365505065,,,,,1.0539523615609454,,0.8051948051948052,,,2.3703135719786257,1.534306014158582,,,,,,,,,491.2799774169922,6.164115385550558,452.49998474121094,5.677540803860608,,,,,,,,,,,,,,,,,,,"Trevor Rosenthal","10745",572096
"Wade Davis","KCR",8,9,,4.554525916612188,27,23,,,,140.3000030517578,,151,76,71,16,54,1,6,118,7.569493776904763,3.464005626719129,2.185185185185185,1.0263720375464085,,,,,1.4611546367848176,,0.7064622124863089,,,4.13124708213822,1.5259930094005099,,,,,,,,,504.8200225830079,3.598146910921846,549.5000152587891,3.9166072937010132,,,,,,,,,,,,,,,,,,,"Wade Davis","7441",451584
"Taijuan Walker","SEA",9,11,,4.072992700729927,23,23,,,,137,,129,66,62,14,58,1,9,122,8.014598540145986,3.81021897810219,2.103448275862069,0.9197080291970803,,,,,1.364963503649635,,0.7228195937873357,,,4.062452915985219,1.5118404411721467,,,,,,,,,549.2,4.008759124087591,546,3.9854014598540144,,,,,,,,,,,,,,,,,,,"Taijuan Walker","11836",592836
"Phil Hughes","MIN",8,11,,4.636556204302376,27,26,,,,141.6999969482422,,152,78,73,20,39,2,5,118,7.494707289146306,2.4770642735314063,3.0256410256410255,1.2702893710417467,,,,,1.3479181659387425,,0.6932515337423313,,,4.1487718307420804,1.5057440494973489,,,,,,,,,511.3799774169923,3.6088919437576323,552.4999847412109,3.8990825450971527,,,,,,,,,,,,,,,,,,,"Phil Hughes","7450",461833
"Mark Buehrle","TOR",10,9,,4.321280457542984,27,27,,,,168.6999969482422,,181,87,81,23,39,3,5,110,5.868405559626274,2.08061651659477,2.8205128205128207,1.2270302533764028,,,,,1.3040901243613943,,0.7082002129925452,,,4.2985953587494805,1.5011208742370439,,,,,,,,,582.8799774169921,3.4551273738067816,632.4999847412109,3.7492590170897535,,,,,,,,,,,,,,,,,,,"Mark Buehrle","225",279824
"Greg Holland","KCR",5,2,,2.337662234718918,66,0,,,,69.30000305175781,,49,19,18,5,26,3,0,100,12.987012415105099,3.376623227927326,3.8461538461538463,0.649350620755255,,,,,1.0822510345920917,,0.8235294117647058,,,2.2253435895492437,1.4964930184767475,,,,,,,,,445.92002258300784,6.4346320771438545,403.50001525878906,5.82251078628999,,,,,,,,,,,,,,,,,,,"Greg Holland","7196",518813
"Mike Wright Jr.","BAL",7,7,,4.467153284671533,25,25,,,,137,,148,73,68,17,36,1,7,93,6.109489051094891,2.3649635036496353,2.5833333333333335,1.1167883211678833,,,,,1.3430656934306568,,0.6928838951310862,,,4.244934667810036,1.492660288277245,,,,,,,,,476.90000000000015,3.48102189781022,521,3.802919708029197,,,,,,,,,,,,,,,,,,,"Mike Wright Jr.","12586",605541
"Burch Smith","SDP",7,8,,3.846153937354548,28,26,,,,128.6999969482422,,120,59,55,15,43,1,6,120,8.39160859059174,3.0069930782953738,2.7906976744186047,1.0489510738239676,,,,,1.2665112965430128,,0.7323943661971831,,,3.840395187172898,1.4808122199733085,,,,,,,,,548.8799774169922,4.264801790459475,541.4999847412109,4.207459188666336,,,,,,,,,,,,,,,,,,,"Burch Smith","12784",572143
"Felix Doubront","BOS",9,7,,4.2607428040585935,29,24,,,,137.3000030517578,,133,70,65,16,57,0,4,128,8.390385829530768,3.7363436897129203,2.245614035087719,1.048798228691346,,,,,1.3838309961899704,,0.7159904534606205,,,4.03110271523737,1.4677509909778645,,,,,,,,,546.420022583008,3.9797524431010003,551.5000152587891,4.016751660601863,,,,,,,,,,,,,,,,,,,"Felix Doubront","1478",467094
"Cory Luebke","SDP",5,4,,3.155680089335605,12,12,,,,71.30000305175781,,61,27,25,6,22,1,0,71,8.962131453713118,2.7769984786153326,3.227272727272727,0.7573632214405452,,,,,1.164095321843801,,0.7506702412868633,,,3.0759048655222165,1.4590261759832823,,,,,,,,,371.2200225830078,5.206451706790717,354.50001525878906,4.971949510317017,,,,,,,,,,,,,,,,,,,"Cory Luebke","1984",458537
"Tim Cooney","STL",10,9,,4.18604641579295,23,23,,,,133.3000030517578,,143,66,62,13,29,1,9,87,5.873968357644945,1.957989452548315,3,0.8777194097630378,,,,,1.2903225511046368,,0.6892067620286085,,,3.8655587832253113,1.4401494425158818,,,,,,,,,514.7200225830077,3.861365422348504,557.5000152587891,4.182295592613922,,,,,,,,,,,,,,,,,,,"Tim Cooney","13762",608641
"Koji Uehara","BOS",3,1,,2.065009590353294,56,0,,,,52.29999923706055,,35,13,12,5,7,1,1,71,12.217973409590325,1.2045889277060884,10.142857142857142,0.860420662647206,,,,,0.8030592851373922,,0.8285714285714286,,,2.0344700398325246,1.430244474486561,,,,,,,,,352.51999435424807,6.740344158637143,314.49999618530273,6.013384336006709,,,,,,,,,,,,,,,,,,,"Koji Uehara","9227",493157
"Clayton Blackburn","SFG",6,6,,3.7218045112781954,23,23,,,,133,,131,59,55,13,33,0,7,104,7.037593984962406,2.2330827067669174,3.1515151515151514,0.8796992481203008,,,,,1.2330827067669172,,0.7201646090534979,,,3.656876932230211,1.4282846681505694,,,,,,,,,571.7,4.298496240601504,584,4.390977443609023,,,,,,,,,,,,,,,,,,,"Clayton Blackburn","sa598302",607185
"Jason Hammel","CHC",7,7,,4.008908776794496,25,22,,,,134.6999969482422,,132,64,60,14,48,2,5,103,6.881960066830552,3.207127021435597,2.1458333333333335,0.9354120479187159,,,,,1.3363029255981655,,0.7231920199501246,,,4.050081570037857,1.4078520906378973,,,,,,,,,528.379977416992,3.9226428313878836,538.4999847412109,3.9977728058013757,,,,,,,,,,,,,,,,,,,"Jason Hammel","4538",434628
"Erik Bedard","TBR",7,8,,4.239669421487603,24,22,,,,121,,114,61,57,14,54,1,3,112,8.330578512396695,4.016528925619835,2.074074074074074,1.0413223140495869,,,,,1.3884297520661157,,0.7210242587601078,,,4.113970078318572,1.402910722915094,,,,,,,,,479.8,3.9652892561983473,476,3.9338842975206614,,,,,,,,,,,,,,,,,,,"Erik Bedard","126",407853
"Gavin Floyd","ATL",8,6,,3.7663470923625035,19,18,,,,114.69999694824219,,108,51,48,12,34,1,6,92,7.218831927028132,2.66782919042344,2.7058823529411766,0.9415867730906259,,,,,1.2380122386932304,,0.7268370607028753,,,3.8499468121756926,1.3501010797238253,,,,,,,,,484.37997741699206,4.22301648042385,481.49998474121094,4.197907563663541,,,,,,,,,,,,,,,,,,,"Gavin Floyd","3886",425856
"Justin Grimm","CHC",8,9,,4.266666666666667,30,24,,,,135,,141,68,64,12,47,0,6,95,6.333333333333333,3.1333333333333333,2.021276595744681,0.8,,,,,1.3925925925925926,,0.7009345794392524,,,3.9737803017651596,1.3475362200666254,,,,,,,,,515.8,3.8207407407407405,550,4.074074074074074,,,,,,,,,,,,,,,,,,,"Justin Grimm","11720",518748
"Dillon Gee","NYM",9,9,,4.088291666817172,26,25,,,,156.3000030517578,,158,76,71,18,44,1,8,115,6.621880868788377,2.533589201971205,2.6136363636363638,1.036468309897311,,,,,1.2923864111065237,,0.7126696832579185,,,4.071526780676084,1.3423401139778843,,,,,,,,,598.4200225830077,3.828662897625437,621.5000152587891,3.9763275951631494,,,,,,,,,,,,,,,,,,,"Dillon Gee","7396",518716
"Sean Doolittle","OAK",5,2,,2.869565217391304,67,0,,,,69,,56,24,22,5,19,1,2,76,9.91304347826087,2.4782608695652173,4,0.6521739130434783,,,,,1.0869565217391304,,0.75,,,2.700028288882712,1.3292934295752097,,,,,,,,,392.5,5.688405797101449,369,5.3478260869565215,,,,,,,,,,,,,,,,,,,"Sean Doolittle","1581",448281
"Kyle Kendrick","PHI",10,10,,4.231788079470198,31,24,,,,151,,158,76,71,17,40,4,7,98,5.841059602649007,2.384105960264901,2.45,1.0132450331125828,,,,,1.3112582781456954,,0.7003444316877153,,,4.147192124183604,1.3262573414088092,,,,,,,,,552.5,3.6589403973509933,589,3.9006622516556293,,,,,,,,,,,,,,,,,,,"Kyle Kendrick","6230",452718
"Trevor Cahill","ARI",12,10,,4.0381379005977625,30,30,,,,178.3000030517578,,175,86,80,17,69,1,8,131,6.612450812228837,3.4828939392655704,1.8985507246376812,0.8581043038770246,,,,,1.3684800663136862,,0.7175295186194369,,,4.113474099608087,1.3199718494511363,,,,,,,,,686.3200225830078,3.8492429099049392,701.5000152587891,3.934380276231146,,,,,,,,,,,,,,,,,,,"Trevor Cahill","6249",502239
"Wandy Rodriguez","PIT",8,7,,3.630252100840336,20,20,,,,119,,113,51,48,12,32,2,3,83,6.277310924369748,2.4201680672268906,2.59375,0.907563025210084,,,,,1.218487394957983,,0.733229329173167,,,3.846173703570326,1.3151590713137038,,,,,,,,,500.1999999999999,4.203361344537814,500,4.201680672268908,,,,,,,,,,,,,,,,,,,"Wandy Rodriguez","2586",434643
"Matt Barnes","BOS",9,7,,4.204918032786885,25,25,,,,122,,119,61,57,14,48,0,6,114,8.40983606557377,3.540983606557377,2.375,1.0327868852459017,,,,,1.3688524590163935,,0.7191316146540027,,,3.998674047970381,1.3141083233136144,,,,,,,,,487.2000000000001,3.9934426229508206,494,4.049180327868853,,,,,,,,,,,,,,,,,,,"Matt Barnes","12863",598264
"Jeremy Hellickson","TBR",10,10,,4.115853658536586,29,29,,,,164,,157,80,75,22,53,3,4,126,6.914634146341464,2.908536585365854,2.3773584905660377,1.2073170731707317,,,,,1.2804878048780488,,0.7254464285714286,,,4.297854375839234,1.29426041686059,,,,,,,,,615.8,3.7548780487804874,615,3.75,,,,,,,,,,,,,,,,,,,"Jeremy Hellickson","4371",476451
"Chris Capuano","LAD",7,8,,4.112718868613694,25,23,,,,131.3000030517578,,132,64,60,16,35,4,2,107,7.3343486490277545,2.3990860066913218,3.057142857142857,1.0967250316303185,,,,,1.27189639084905,,0.7123098201936376,,,3.8475497114030075,1.292365650849992,,,,,,,,,534.620022583008,4.071744174844104,551.5000152587891,4.200304664436226,,,,,,,,,,,,,,,,,,,"Chris Capuano","1701",425626
"Aroldis Chapman","CIN",7,2,,2.2052066350726407,69,0,,,,65.30000305175781,,39,17,16,6,29,0,3,107,14.747319372048283,3.996937026069161,3.689655172413793,0.8269524881522402,,,,,1.0413475776731913,,0.8557046979865771,,,2.4352969772079445,1.2787068041229006,,,,,,,,,426.020022583008,6.524042919957259,366.50001525878906,5.612557398631289,,,,,,,,,,,,,,,,,,,"Aroldis Chapman","10233",547973
"Matt Andriese","TBR",9,9,,4.090909090909091,27,25,,,,132,,134,64,60,12,42,0,8,85,5.795454545454546,2.8636363636363638,2.0238095238095237,0.8181818181818182,,,,,1.3333333333333333,,0.7035175879396985,,,4.078157406142264,1.278595294279593,,,,,,,,,500.8000000000001,3.793939393939395,524,3.9696969696969697,,,,,,,,,,,,,,,,,,,"Matt Andriese","12022",542882
"Will Smith","MIL",8,8,,4.24836610722574,40,18,,,,137.6999969482422,,136,70,65,18,45,0,6,121,7.908496907297147,2.9411765357716666,2.688888888888889,1.1764706143086665,,,,,1.31445173573993,,0.7124518613607188,,,4.1008681972883485,1.265293836890762,,,,,,,,,532.9799774169924,3.8705881570740015,543.4999847412109,3.9469861785508846,,,,,,,,,,,,,,,,,,,"Will Smith","8048",519293
"Ervin Santana","KCR",10,10,,4.26494352727827,29,29,,,,185.6999969482422,,184,94,88,27,55,3,7,147,7.124394301248929,2.6655897045489185,2.672727272727273,1.3085622185967418,,,,,1.2870220997721042,,0.7206759443339961,,,4.356416594435975,1.2650026038238358,,,,,,,,,671.6799774169922,3.6170166314229992,685.4999847412109,3.691437781403258,,,,,,,,,,,,,,,,,,,"Ervin Santana","3200",429722
"Matt Harrison","TEX",9,7,,4.123989105252328,19,19,,,,111.30000305175781,,114,55,51,12,37,1,1,78,6.3072774550917945,2.9919136645948257,2.108108108108108,0.97035037770643,,,,,1.356693583645101,,0.7153502235469449,,,4.0721131078626875,1.2536773698483925,,,,,,,,,421.6200225830078,3.7881402607593997,442.50001525878906,3.975741267976546,,,,,,,,,,,,,,,,,,,"Matt Harrison","5551",457448
"Alex Meyer","MIN",6,6,,4.20059595649654,21,21,,,,100.69999694824219,,98,50,47,9,47,0,6,92,8.222443148886843,4.20059595649654,1.9574468085106382,0.8043694384780607,,,,,1.4399205997446767,,0.7175226586102719,,,3.961459170159994,1.2425401611096547,,,,,,,,,404.67997741699213,4.018669212323707,411.49998474121094,4.086395205679239,,,,,,,,,,,,,,,,,,,"Alex Meyer","12833",543542
"J.A. Happ","TOR",8,9,,4.68,24,23,,,,125,,124,70,65,17,56,1,2,112,8.064,4.032,2,1.224,,,,,1.44,,0.7042253521126761,,,4.415854375839234,1.2370335685633107,,,,,,,,,443.49999999999994,3.5479999999999996,454,3.632,,,,,,,,,,,,,,,,,,,"J.A. Happ","7410",457918
"Scott Feldman","HOU",8,9,,4.419329590906285,26,22,,,,128.3000030517578,,133,67,63,16,39,1,5,97,6.804364608220788,2.7357754610372242,2.4871794871794872,1.1223694199127074,,,,,1.340607918229067,,0.7018716577540107,,,4.1858122599173955,1.23579758970712,,,,,,,,,468.82002258300776,3.6540920610413385,495.50001525878906,3.8620421159218385,,,,,,,,,,,,,,,,,,,"Scott Feldman","6283",444857
"Joe Kelly","STL",9,7,,3.8650307552497463,33,22,,,,146.6999969482422,,150,67,63,12,51,3,6,97,5.950920369194054,3.1288344209164616,1.9019607843137254,0.736196334333285,,,,,1.370143177786947,,0.7274701411509229,,,3.9544665283052236,1.1959022729015314,,,,,,,,,570.9799774169923,3.8921607995564034,600.4999847412109,4.09338784753401,,,,,,,,,,,,,,,,,,,"Joe Kelly","9761",523260
"Jordan Lyles","COL",10,10,,5.181818181818182,31,30,,,,165,,193,102,95,20,50,2,10,103,5.618181818181818,2.727272727272727,2.06,1.0909090909090908,,,,,1.4727272727272727,,0.6558139534883721,,,4.466036194021052,1.1921752715271159,,,,,,,,,499.2,3.0254545454545454,591,3.581818181818182,,,,,,,,,,,,,,,,,,,"Jordan Lyles","7593",543475
"Scott Kazmir","OAK",6,5,,4.04162089447921,17,17,,,,91.30000305175781,,86,44,41,10,33,0,3,86,8.477546266468586,3.2530119394588763,2.606060606060606,0.985761193775417,,,,,1.3033953562141625,,0.7142857142857143,,,3.770745917941206,1.1905471241885501,,,,,,,,,393.02002258300786,4.304709851545191,390.50001525878906,4.277108457898027,,,,,,,,,,,,,,,,,,,"Scott Kazmir","4897",431148
"Yordano Ventura","KCR",7,7,,4.195192914765384,26,26,,,,137.3000030517578,,137,68,64,14,57,1,9,114,7.472687379425841,3.7363436897129203,2,0.9176984501049278,,,,,1.4129642803202855,,0.7224770642201834,,,4.15491917279121,1.190137742601542,,,,,,,,,517.6200225830078,3.76999279736273,534.5000152587891,3.8929352030480238,,,,,,,,,,,,,,,,,,,"Yordano Ventura","11855",570649
"Chad Billingsley","LAD",6,6,,3.8969072164948453,16,16,,,,97,,95,45,42,8,36,2,3,77,7.144329896907217,3.3402061855670104,2.138888888888889,0.7422680412371134,,,,,1.3505154639175259,,0.7178631051752922,,,3.73857602532377,1.1780253898851227,,,,,,,,,409.4000000000001,4.220618556701032,418,4.309278350515464,,,,,,,,,,,,,,,,,,,"Chad Billingsley","5842",451532
"Jonathan Pettibone","PHI",7,8,,4.2,24,24,,,,135,,142,67,63,12,47,2,7,85,5.666666666666667,3.1333333333333333,1.8085106382978724,0.8,,,,,1.4,,0.7084785133565622,,,4.14415067213553,1.1719052485412158,,,,,,,,,490.2,3.631111111111111,527,3.903703703703704,,,,,,,,,,,,,,,,,,,"Jonathan Pettibone","7106",543643
"Marcus Stroman","TOR",7,7,,4.409448701167371,21,21,,,,114.30000305175781,,113,60,56,20,28,0,5,113,8.89763755771273,2.2047243505836853,4.035714285714286,1.5748031075597753,,,,,1.2335957675884905,,0.7168141592920354,,,4.2114588942028455,1.159337273075862,,,,,,,,,433.0200225830078,3.7884515399962484,438.50001525878906,3.836395481636388,,,,,,,,,,,,,,,,,,,"Marcus Stroman","13431",573186
"Wily Peralta","MIL",11,11,,4.3982896360569015,30,30,,,,163.6999969482422,,164,86,80,17,76,2,8,129,7.0922420381417535,4.178375154254057,1.6973684210526316,0.9346365476620916,,,,,1.4660965453523005,,0.7123034227567068,,,4.361232531050669,1.156147155266611,,,,,,,,,581.8799774169922,3.5545509362530288,603.4999847412109,3.686621844788564,,,,,,,,,,,,,,,,,,,"Wily Peralta","7738",503449
"Nate Karns","TBR",8,8,,3.9904987159300425,25,23,,,,126.30000305175781,,114,60,56,16,56,1,7,122,8.693586488276164,3.9904987159300425,2.1785714285714284,1.1401424902657264,,,,,1.3460015510081493,,0.7452574525745258,,,4.259255771746568,1.1504528285153177,,,,,,,,,496.420022583008,3.930483060871937,478.50001525878906,3.7885986040926656,,,,,,,,,,,,,,,,,,,"Nate Karns","12638",501992
"David Robertson","NYY",5,2,,2.7142857142857144,67,0,,,,63,,48,20,19,6,22,2,1,85,12.142857142857142,3.142857142857143,3.8636363636363638,0.8571428571428571,,,,,1.1111111111111112,,0.8116883116883117,,,2.6827750107598685,1.1474443473106561,,,,,,,,,368.6,5.850793650793651,338,5.365079365079365,,,,,,,,,,,,,,,,,,,"David Robertson","8241",502085
"Henderson Alvarez III","MIA",8,9,,3.944706594482204,25,25,,,,148.3000030517578,,153,70,65,12,40,1,7,78,4.733647913378644,2.427511750450587,1.95,0.728253525135176,,,,,1.3014160217693425,,0.6980703745743474,,,3.99862981143238,1.1370187517791086,,,,,,,,,567.0200225830079,3.823466021002802,600.5000152587891,4.049224564406853,,,,,,,,,,,,,,,,,,,"Henderson Alvarez III","5669",506693
"Ross Detwiler","WSN",7,7,,3.956896551724138,23,20,,,,116,,120,55,51,10,33,1,5,70,5.431034482758621,2.560344827586207,2.121212121212121,0.7758620689655172,,,,,1.3189655172413792,,0.7050359712230215,,,3.9444060999771646,1.1123215251509353,,,,,,,,,449.4000000000001,3.8741379310344835,476,4.103448275862069,,,,,,,,,,,,,,,,,,,"Ross Detwiler","2859",446321
"Josh Beckett","LAD",6,6,,3.731919106932626,17,17,,,,103.69999694824219,,96,46,43,12,31,2,4,90,7.810993479626426,2.690453309649102,2.903225806451613,1.0414657972835235,,,,,1.22468663199081,,0.73502722323049,,,3.828953723801876,1.1109279247455048,,,,,,,,,445.1799774169922,4.292960371437489,437.49998474121094,4.218900652037357,,,,,,,,,,,,,,,,,,,"Josh Beckett","510",277417
"Kelvin Herrera","KCR",7,4,,3.274780551992938,74,0,,,,79.69999694824219,,68,31,29,8,26,4,3,93,10.50188245983942,2.936010150062634,3.576923076923077,0.9033877384808104,,,,,1.1794228807943914,,0.7608695652173914,,,3.1105896354559563,1.0953040237549128,,,,,,,,,413.5799774169922,5.1892094511066835,393.49998474121094,4.937264740383277,,,,,,,,,,,,,,,,,,,"Kelvin Herrera","6033",516969
"Carlos Martinez","STL",7,5,,3.739612082988085,32,18,,,,108.30000305175781,,106,48,45,8,39,1,8,84,6.980609221577759,3.2409971385896736,2.1538461538461537,0.6648199258645484,,,,,1.338873461810549,,0.7249626307922271,,,3.758842352111042,1.088737228153033,,,,,,,,,454.42002258300784,4.1959373017361346,464.50001525878906,4.2890120237281915,,,,,,,,,,,,,,,,,,,"Carlos Martinez","11682",593372
"Danny Farquhar","SEA",3,3,,3.182461240623776,55,0,,,,70.69999694824219,,59,27,25,5,26,2,2,83,10.565771318870937,3.3097596902487267,3.1923076923076925,0.6364922481247551,,,,,1.2022631353467599,,0.7435897435897436,,,2.8074017487698817,1.078677310014214,,,,,,,,,390.2799774169922,5.52022622720489,370.49998474121094,5.240452627069352,,,,,,,,,,,,,,,,,,,"Danny Farquhar","8501",543144
"Jacob deGrom","NYM",6,7,,4.322834645669292,23,23,,,,127,,133,65,61,12,40,2,8,81,5.74015748031496,2.8346456692913384,2.025,0.8503937007874016,,,,,1.3622047244094488,,0.6914212548015365,,,4.13446854906758,1.0647500416320679,,,,,,,,,464.40000000000015,3.656692913385828,497,3.9133858267716537,,,,,,,,,,,,,,,,,,,"Jacob deGrom","10954",594798
"Tyson Ross","SDP",7,8,,3.814181023960528,31,19,,,,122.69999694824219,,115,56,52,9,51,3,7,98,7.188264237464071,3.740831388884364,1.9215686274509804,0.6601467156854759,,,,,1.3528932691825803,,0.7170795306388527,,,3.822100523865409,1.0536205004733183,,,,,,,,,520.2799774169923,4.240260720107915,518.4999847412109,4.225753851973825,,,,,,,,,,,,,,,,,,,"Tyson Ross","7872",475115
"Addison Reed","ARI",4,2,,3.2142857142857144,63,0,,,,70,,61,27,25,6,19,2,3,75,9.642857142857142,2.442857142857143,3.9473684210526314,0.7714285714285715,,,,,1.1428571428571428,,0.7402234636871509,,,2.9621400901249477,1.0523010709353477,,,,,,,,,369.6,5.28,356,5.085714285714285,,,,,,,,,,,,,,,,,,,"Addison Reed","10586",592665
"Jesse Biddle","PHI",9,9,,4.253563293467029,27,27,,,,133.3000030517578,,123,67,63,13,74,0,8,127,8.574643464608139,4.996248947881908,1.7162162162162162,0.8777194097630378,,,,,1.4778694335326363,,0.727069351230425,,,4.25565629867555,1.0463053113947327,,,,,,,,,514.7200225830077,3.861365422348504,505.50001525878906,3.792198077163683,,,,,,,,,,,,,,,,,,,"Jesse Biddle","11437",592145
"Héctor Santiago","LAA",6,5,,3.814181023960528,34,18,,,,122.69999694824219,,112,56,52,13,53,2,11,113,8.288508763606531,3.887530659036692,2.1320754716981134,0.953545255990132,,,,,1.3447433097296733,,0.7425068119891007,,,4.148098901981694,1.0446243525256964,,,,,,,,,490.8799774169924,4.000651912192446,478.49998474121094,3.89975547385754,,,,,,,,,,,,,,,,,,,"Hector Santiago","4026",502327
"Joe Nathan","DET",5,2,,2.903225764421528,57,0,,,,52.70000076293945,,43,18,17,4,16,2,1,61,10.417457154689012,2.7324477782790852,3.8125,0.6831119445697713,,,,,1.1195445758226807,,0.7677902621722846,,,2.6873230717607433,1.0425740751727575,,,,,,,,,299.980005645752,5.692220138575572,282.50000381469727,5.36053130407849,,,,,,,,,,,,,,,,,,,"Joe Nathan","1122",150274
"Paul Maholm","LAD",9,10,,3.97148667942963,24,24,,,,147.3000030517578,,149,70,65,16,41,3,9,100,6.109979506814815,2.5050915977940744,2.4390243902439024,0.9775967210903704,,,,,1.2898845625497943,,0.7159904534606205,,,4.120495222591168,1.0309686890091267,,,,,,,,,555.8200225830078,3.773387719399473,578.5000152587891,3.927359153248066,,,,,,,,,,,,,,,,,,,"Paul Maholm","8678",430904
"Ryan Dempster","BOS",9,7,,4.469798657718121,27,25,,,,149,,150,79,74,21,57,1,4,132,7.973154362416107,3.442953020134228,2.3157894736842106,1.2684563758389262,,,,,1.389261744966443,,0.7207207207207208,,,4.336444979866079,1.0294398067464898,,,,,,,,,535.3000000000002,3.5926174496644308,553,3.7114093959731544,,,,,,,,,,,,,,,,,,,"Ryan Dempster","517",133225
"Mike Pelfrey","MIN",5,8,,5.004212428573247,22,21,,,,118.69999694824219,,137,71,66,14,39,2,4,77,5.838247833335455,2.957034616884191,1.9743589743589745,1.0614996060609918,,,,,1.4827296084661472,,0.6713554987212276,,,4.370516583391422,1.029304596068085,,,,,,,,,374.9799774169922,3.159056335784895,436.49998474121094,3.677337792447812,,,,,,,,,,,,,,,,,,,"Mike Pelfrey","5203",460059
"Joaquín Benoit","SDP",4,2,,2.55,61,0,,,,60,,44,18,17,5,19,2,1,75,11.25,2.85,3.9473684210526314,0.75,,,,,1.05,,0.8035714285714286,,,2.631187709172567,1.0247102788508782,,,,,,,,,358.1,5.968333333333334,325,5.416666666666667,,,,,,,,,,,,,,,,,,,"Joaquin Benoit","1437",276542
"Luis Leroy Cruz","HOU",7,10,,4.872389676184429,30,21,,,,129.3000030517578,,136,75,70,15,53,0,8,106,7.378190081079279,3.6890950405396397,2,1.0440835020395207,,,,,1.461716902855329,,0.6785714285714286,,,4.331690385754496,1.0234911275313339,,,,,,,,,447.7200225830078,3.462645104530963,480.50001525878906,3.7161639900847376,,,,,,,,,,,,,,,,,,,"Luis Leroy Cruz","sa454687",543071
"Vance Worley","MIN",6,9,,4.889763779527559,23,22,,,,127,,146,74,69,15,42,3,6,88,6.2362204724409445,2.9763779527559056,2.0952380952380953,1.062992125984252,,,,,1.4803149606299213,,0.6826347305389222,,,4.331318942768368,1.0212511564889382,,,,,,,,,407.70000000000016,3.210236220472442,472,3.716535433070866,,,,,,,,,,,,,,,,,,,"Vance Worley","6435",474699
"Brett Anderson","COL",5,3,,4.339035563892913,15,10,,,,64.30000305175781,,69,33,31,6,18,1,3,52,7.2783822362074675,2.5194400048410466,2.888888888888889,0.8398133349470155,,,,,1.3530325951924138,,0.6870229007633588,,,3.623282031265892,1.018598326821295,,,,,,,,,263.62002258300777,4.099844635634135,284.50001525878906,4.424572344573341,,,,,,,,,,,,,,,,,,,"Brett Anderson","8223",474463
"Martín Pérez","TEX",11,10,,4.528662420382165,30,27,,,,157,,169,85,79,20,56,1,7,106,6.076433121019108,3.210191082802548,1.8928571428571428,1.1464968152866242,,,,,1.4331210191082802,,0.7106598984771574,,,4.557408515966622,1.0167617599989678,,,,,,,,,499.3999999999999,3.1808917197452224,548,3.4904458598726116,,,,,,,,,,,,,,,,,,,"Martin Perez","6902",527048
"Bruce Chen","KCR",7,8,,4.425,26,19,,,,120,,124,63,59,16,37,3,4,85,6.375,2.775,2.2972972972972974,1.2,,,,,1.3416666666666666,,0.7070707070707071,,,4.3895210425059,0.9985068313324832,,,,,,,,,415.8,3.4650000000000003,439,3.658333333333333,,,,,,,,,,,,,,,,,,,"Bruce Chen","769",136600
"Bronson Arroyo","ARI",10,10,,4.254545454545455,26,26,,,,165,,176,83,78,23,30,2,5,96,5.236363636363636,1.6363636363636365,3.2,1.2545454545454546,,,,,1.2484848484848485,,0.7077100115074798,,,4.332702860687719,0.9930041396271807,,,,,,,,,567.4999999999999,3.4393939393939386,613,3.7151515151515153,,,,,,,,,,,,,,,,,,,"Bronson Arroyo","978",276520
"Mark Melancon","PIT",4,2,,2.7510918252644245,67,0,,,,68.69999694824219,,60,22,21,4,14,2,2,64,8.384279848424914,1.8340612168429498,4.571428571428571,0.5240174905265571,,,,,1.077147063860145,,0.7602339181286549,,,2.6402852165408004,0.9889001057265507,,,,,,,,,383.1799774169922,5.577583616279862,371.49998474121094,5.407569159298434,,,,,,,,,,,,,,,,,,,"Mark Melancon","4264",453343
"Dallas Keuchel","HOU",7,11,,5.019230769230769,30,26,,,,156,,177,93,87,19,52,2,6,103,5.9423076923076925,3,1.9807692307692308,1.0961538461538463,,,,,1.4679487179487178,,0.6719367588932806,,,4.426059504044362,0.9797201972469916,,,,,,,,,492.50000000000006,3.1570512820512824,565,3.621794871794872,,,,,,,,,,,,,,,,,,,"Dallas Keuchel","9434",572971
"Glen Perkins","MIN",3,1,,2.789559577948859,62,0,,,,61.29999923706055,,50,20,19,6,17,2,2,74,10.86460046148503,2.4959217276384527,4.352941176470588,0.8809135509312186,,,,,1.0929853317109564,,0.8020477815699658,,,2.835782595059496,0.9619720343059117,,,,,,,,,340.8199943542481,5.559869471388121,319.49999618530273,5.212071780779738,,,,,,,,,,,,,,,,,,,"Glen Perkins","8041",450282
"Edinson Volquez","PIT",8,11,,4.480874399966869,30,29,,,,164.6999969482422,,166,88,82,16,73,3,5,130,7.1038252682401595,3.989071112165628,1.7808219178082192,0.8743169560910965,,,,,1.4511232812900838,,0.6971375807940905,,,4.152893862009925,0.9448154346988136,,,,,,,,,616.3799774169923,3.7424407336855805,641.4999847412109,3.8949605138293086,,,,,,,,,,,,,,,,,,,"Edinson Volquez","3990",450172
"Nathan Eovaldi","MIA",7,8,,4.087862900408283,26,25,,,,134.3000030517578,,137,65,61,12,52,2,4,93,6.232315569474924,3.4847355872332906,1.7884615384615385,0.8041697508999902,,,,,1.407297064074983,,0.7200929152148665,,,4.075404613100332,0.9446427832761939,,,,,,,,,508.0200225830078,3.7827253241924517,533.5000152587891,3.9724497627389015,,,,,,,,,,,,,,,,,,,"Nathan Eovaldi","9132",543135
"Danny Duffy","KCR",5,4,,4.117021276595745,16,16,,,,94,,89,46,43,9,47,1,4,90,8.617021276595745,4.5,1.9148936170212767,0.8617021276595744,,,,,1.446808510638298,,0.7293354943273905,,,4.005301184349872,0.9436453783870828,,,,,,,,,380.5,4.047872340425532,380,4.042553191489362,,,,,,,,,,,,,,,,,,,"Danny Duffy","3542",518633
"Severino González","PHI",6,6,,4.231975056582685,25,14,,,,95.69999694824219,,97,48,45,11,29,1,5,78,7.335423431409987,2.7272728142421747,2.689655172413793,1.0344827916091008,,,,,1.3166144620479463,,0.705244122965642,,,3.977843956174688,0.9310714666487094,,,,,,,,,374.6799774169922,3.915151404023888,389.49998474121094,4.070010419664546,,,,,,,,,,,,,,,,,,,"Severino Gonzalez","14697",605894
"Luke Hochevar","KCR",5,2,,3.055162790998825,61,0,,,,70.69999694824219,,56,26,24,8,20,1,2,83,10.565771318870937,2.5459689924990205,4.15,1.0183875969996083,,,,,1.0749646857218087,,0.7716049382716049,,,3.104431464561434,0.9266866169912813,,,,,,,,,379.1799774169922,5.363224806000783,349.49998474121094,4.9434229112778,,,,,,,,,,,,,,,,,,,"Luke Hochevar","6943",460024
"Jorge De La Rosa","COL",7,5,,4.548387096774194,18,18,,,,93,,100,50,47,10,34,3,3,64,6.193548387096774,3.2903225806451615,1.8823529411764706,0.967741935483871,,,,,1.4408602150537635,,0.7,,,4.262908139280094,0.9167669239508927,,,,,,,,,322.20000000000005,3.4645161290322584,352,3.78494623655914,,,,,,,,,,,,,,,,,,,"Jorge De La Rosa","2047",407822
"Sergio Romo","SFG",6,3,,2.3908918059941997,63,0,,,,52.70000076293945,,42,15,14,4,11,2,1,58,9.905123196261684,1.878557847566871,5.2727272727272725,0.6831119445697713,,,,,1.005692585061052,,0.8016877637130801,,,2.5165450856183003,0.9159619206601471,,,,,,,,,311.580005645752,5.9123339873813885,291.50000381469727,5.531309290220933,,,,,,,,,,,,,,,,,,,"Sergio Romo","9817",489265
"Roy Oswalt","COL",5,6,,5.328185537456008,17,14,,,,77.69999694824219,,95,49,46,10,22,0,3,54,6.254826500491836,2.548262648348526,2.4545454545454546,1.1583012037947844,,,,,1.5057915649332196,,0.6601941747572816,,,4.296245673262501,0.9151458164548341,,,,,,,,,237.97997741699226,3.0628054924573083,291.49998474121094,3.7516087025767324,,,,,,,,,,,,,,,,,,,"Roy Oswalt","571",400061
"Rex Brothers","COL",4,2,,3.3097596902487267,75,0,,,,70.69999694824219,,59,28,26,6,35,4,1,88,11.202263566995692,4.455445736873286,2.5142857142857142,0.7637906977497062,,,,,1.3295615849717108,,0.7710280373831776,,,3.189297097644735,0.9111369410191013,,,,,,,,,363.97997741699226,5.148231868856422,343.49998474121094,4.858557278194499,,,,,,,,,,,,,,,,,,,"Rex Brothers","9794",571521
"Jonathan Papelbon","PHI",4,2,,3.03541319250989,59,0,,,,59.29999923706055,,51,21,20,6,13,1,2,67,10.168634194908131,1.9730185751314286,5.153846153846154,0.910623957752967,,,,,1.0792580240035166,,0.7733812949640287,,,2.8623569029636293,0.9031702968401741,,,,,,,,,321.41999435424816,5.420236062218551,307.49999618530273,5.185497472875604,,,,,,,,,,,,,,,,,,,"Jonathan Papelbon","5975",449097
"Nick Tepesch","TEX",7,7,,4.752,25,23,,,,125,,137,71,66,17,35,2,8,86,6.192,2.52,2.4571428571428573,1.224,,,,,1.376,,0.6815114709851553,,,4.471854375839234,0.895839374647549,,,,,,,,,402.7,3.2216,447,3.576,,,,,,,,,,,,,,,,,,,"Nick Tepesch","11716",519344
"Nick Kingham","PIT",7,8,,4.12781954887218,27,26,,,,133,,133,65,61,14,45,0,8,98,6.631578947368421,3.045112781954887,2.1777777777777776,0.9473684210526315,,,,,1.3383458646616542,,0.7133838383838383,,,4.138079939749008,0.894990026980689,,,,,,,,,503.2,3.783458646616541,520,3.9097744360902253,,,,,,,,,,,,,,,,,,,"Nick Kingham","11694",592468
"Taylor Jordan","WSN",7,7,,4.044943926916069,22,21,,,,115.69999694824219,,122,56,52,10,30,0,7,64,4.978392525435162,2.333621496297732,2.1333333333333333,0.7778738320992441,,,,,1.3137424719898345,,0.6956521739130435,,,4.024518187252729,0.8876759447512228,,,,,,,,,432.9799774169922,3.7422643806177764,465.49998474121094,4.023336188586504,,,,,,,,,,,,,,,,,,,"Taylor Jordan","10466",518863
"Yusmeiro Petit","SFG",5,7,,4.101461629263391,20,20,,,,116.30000305175781,,119,57,53,13,28,0,5,88,6.809974025946763,2.1668099173466975,3.142857142857143,1.006018890196681,,,,,1.2639724517855735,,0.6987577639751552,,,3.8389119647118375,0.872206071023382,,,,,,,,,468.320022583008,4.026827259622583,489.50001525878906,4.2089424111273965,,,,,,,,,,,,,,,,,,,"Yusmeiro Petit","4020",433589
"Jeremy Hefner","NYM",6,8,,4.422933629949946,27,22,,,,134.3000030517578,,141,71,66,17,38,2,6,94,6.299329715383256,2.5465375445166356,2.473684210526316,1.1392404804416527,,,,,1.3328369019546134,,0.6958762886597939,,,4.27644705082533,0.8673556894936266,,,,,,,,,474.12002258300777,3.530305374604399,506.50001525878906,3.7714073250139037,,,,,,,,,,,,,,,,,,,"Jeremy Hefner","1989",458550
"Kyle Hendricks","CHC",6,8,,4.458004209585433,25,24,,,,139.3000030517578,,155,74,69,19,23,0,8,81,5.233309289513334,1.4860014031951443,3.5217391304347827,1.2275663765525107,,,,,1.2778176317330228,,0.6869220607661822,,,4.325672007572257,0.8662369712044493,,,,,,,,,463.12002258300777,3.3246232048604663,518.5000152587891,3.7221823682669775,,,,,,,,,,,,,,,,,,,"Kyle Hendricks","12049",543294
"Carlos Villanueva","CHC",7,6,,3.789473684210526,39,14,,,,114,,105,51,48,13,37,4,3,96,7.578947368421052,2.9210526315789473,2.5945945945945947,1.0263157894736843,,,,,1.2456140350877194,,0.7350565428109854,,,3.89873156882169,0.8646201216003463,,,,,,,,,482.69999999999993,4.234210526315789,473,4.149122807017544,,,,,,,,,,,,,,,,,,,"Carlos Villanueva","4138",453646
"Jarred Cosart","HOU",6,7,,4.295454545454546,26,25,,,,132,,132,67,63,11,69,1,7,95,6.4772727272727275,4.704545454545454,1.3768115942028984,0.75,,,,,1.5227272727272727,,0.7219827586206897,,,4.419066497051355,0.861272141378939,,,,,,,,,460.30000000000024,3.487121212121214,479,3.628787878787879,,,,,,,,,,,,,,,,,,,"Jarred Cosart","10304",543054
"Sean Nolin","TOR",6,7,,4.512534946807463,22,21,,,,107.69999694824219,,111,58,54,14,40,1,6,93,7.771587963946186,3.3426184791166396,2.325,1.1699164676908238,,,,,1.4020427509628126,,0.7077625570776256,,,4.292051254177094,0.8606863567792311,,,,,,,,,384.1799774169922,3.56713081061292,404.49998474121094,3.7558031216621397,,,,,,,,,,,,,,,,,,,"Sean Nolin","11341",543594
"Matt Wisler","SDP",7,9,,4.209677419354839,26,26,,,,124,,123,62,58,12,46,0,9,92,6.67741935483871,3.338709677419355,2,0.8709677419354839,,,,,1.3629032258064515,,0.7030223390275954,,,4.152693085516653,0.8599777269903747,,,,,,,,,469.1999999999999,3.7838709677419344,483,3.8951612903225805,,,,,,,,,,,,,,,,,,,"Matt Wisler","12804",605538
"Eddie Butler","COL",7,6,,4.766107550352992,24,24,,,,113.30000305175781,,123,64,60,12,47,0,8,76,6.037069563780457,3.7334509144431776,1.6170212765957446,0.9532215100705985,,,,,1.500441265851868,,0.6919060052219321,,,4.539469516597856,0.8575603244902206,,,,,,,,,358.0200225830078,3.159929505204486,397.50001525878906,3.5083848592413784,,,,,,,,,,,,,,,,,,,"Eddie Butler","13453",572750
"Jason Grilli","PIT",3,1,,2.6838966609870907,51,0,,,,50.29999923706055,,39,16,15,4,16,2,2,64,11.451292420211587,2.8628231050528967,4,0.7157057762632242,,,,,1.093439380402148,,0.7894736842105263,,,2.6104786236783744,0.849973230574763,,,,,,,,,295.6199943542481,5.877137153839919,273.49999618530273,5.437375752160859,,,,,,,,,,,,,,,,,,,"Jason Grilli","521",276351
"Charlie Morton","PIT",6,7,,4.006595117665639,22,22,,,,121.30000305175781,,125,58,54,9,43,2,11,78,5.787304058850368,3.190436852955972,1.813953488372093,0.6677658529442733,,,,,1.3849958431436777,,0.7078507078507078,,,4.0618691895694266,0.8476228268036362,,,,,,,,,455.92002258300795,3.7586150957347484,483.50001525878906,3.9859851862698075,,,,,,,,,,,,,,,,,,,"Charlie Morton","4676",450203
"Brian Flynn","MIA",8,10,,4.393063669920144,28,28,,,,155.6999969482422,,164,81,76,14,62,0,9,103,5.953757342128616,3.5838150991453803,1.6612903225806452,0.8092485707747633,,,,,1.4515093412309246,,0.7025193798449613,,,4.261727232001379,0.8258069815337352,,,,,,,,,546.579977416992,3.510468774117486,589.4999847412109,3.786127143837855,,,,,,,,,,,,,,,,,,,"Brian Flynn","12027",543169
"Chris Heston","SFG",6,8,,4.03422992918902,21,21,,,,122.69999694824219,,123,59,55,10,45,1,7,86,6.308068616550103,3.3007335784273795,1.9111111111111112,0.7334963507616399,,,,,1.3691931880883945,,0.7077922077922078,,,3.9769497534706444,0.82452623348327,,,,,,,,,481.17997741699236,3.9215973054992466,499.49998474121094,4.070904622368589,,,,,,,,,,,,,,,,,,,"Chris Heston","10302",518790
"Miguel Alfredo Gonzalez","PHI",7,10,,4.707501621705748,23,23,,,,145.3000030517578,,154,81,76,19,42,3,5,91,5.636613783884513,2.601514054100545,2.1666666666666665,1.176875405426437,,,,,1.3489332132373195,,0.678866587957497,,,4.465610712200906,0.7994483611068197,,,,,,,,,482.1200225830078,3.3181005674946213,520.5000152587891,3.5822436636383275,,,,,,,,,,,,,,,,,,,"Miguel Alfredo Gonzalez","15675",646057
"Alexi Ogando","TEX",6,5,,4.155124536653428,36,17,,,,108.30000305175781,,104,54,50,15,35,1,5,85,7.063711712310828,2.9085871756573995,2.4285714285714284,1.2465373609960284,,,,,1.2834718013218367,,0.7203389830508474,,,4.386727837649783,0.7945964217049222,,,,,,,,,396.5200225830078,3.66131127802006,396.50001525878906,3.661126538189451,,,,,,,,,,,,,,,,,,,"Alexi Ogando","10261",468396
"David Phelps","NYY",5,6,,4.51327447171505,26,15,,,,101.69999694824219,,101,55,51,14,38,1,5,92,8.141593164662444,3.3628319593170963,2.4210526315789473,1.2389380902747198,,,,,1.3667650360967145,,0.7035175879396984,,,4.2966253081002606,0.7875343030604918,,,,,,,,,372.7799774169922,3.6654866136004878,381.49998474121094,3.751229067738973,,,,,,,,,,,,,,,,,,,"David Phelps","6316",475479
"Michael Pineda","NYY",4,4,,4.649446319938694,16,16,,,,81.30000305175781,,80,45,42,12,30,1,3,75,8.302582714176241,3.321033085670496,2.5,1.3284132342681985,,,,,1.3530134793472393,,0.6974248927038627,,,4.339367242488871,0.7863875544223357,,,,,,,,,297.02002258300786,3.6533826744621,301.50001525878906,3.7084871333503626,,,,,,,,,,,,,,,,,,,"Michael Pineda","5372",501381
"Jordan Walden","ATL",5,3,,2.9254302530005,56,0,,,,52.29999923706055,,42,18,17,4,19,3,1,62,10.669216216825353,3.2695985180593827,3.263157894736842,0.6883365301177647,,,,,1.1663480093662124,,0.776173285198556,,,2.8184088657999786,0.7833086351964391,,,,,,,,,292.6199943542481,5.595028654357862,273.49999618530273,5.2294455100392545,,,,,,,,,,,,,,,,,,,"Jordan Walden","3271",477229
"Archie Bradley","ARI",10,10,,4.292307692307692,24,24,,,,130,,130,66,62,12,58,2,9,95,6.576923076923077,4.015384615384615,1.6379310344827587,0.8307692307692308,,,,,1.4461538461538461,,0.7126168224299065,,,4.332469760454618,0.7819814612238435,,,,,,,,,465.4,3.5799999999999996,483,3.7153846153846155,,,,,,,,,,,,,,,,,,,"Archie Bradley","12918",605151
"Eric Surkamp","CHW",6,7,,4.864864864864865,22,22,,,,111,,116,64,60,15,48,0,8,86,6.972972972972973,3.891891891891892,1.7916666666666667,1.2162162162162162,,,,,1.4774774774774775,,0.6993006993006993,,,4.768575096559954,0.7800686545124548,,,,,,,,,339.30000000000007,3.0567567567567573,364,3.279279279279279,,,,,,,,,,,,,,,,,,,"Eric Surkamp","2540",474668
"Jeff Karstens","PIT",5,5,,4.054945054945055,18,15,,,,91,,96,44,41,10,19,2,2,55,5.43956043956044,1.879120879120879,2.8947368421052633,0.989010989010989,,,,,1.2637362637362637,,0.7029702970297029,,,3.9599422879271455,0.7799632885827725,,,,,,,,,347.79999999999995,3.8219780219780213,372,4.087912087912088,,,,,,,,,,,,,,,,,,,"Jeff Karstens","5879",444371
"Cody Allen","CLE",4,3,,3.391304347826087,73,0,,,,69,,60,28,26,7,27,2,1,82,10.695652173913043,3.5217391304347827,3.037037037037037,0.9130434782608695,,,,,1.2608695652173914,,0.7642487046632124,,,3.207274665694306,0.7760087307288619,,,,,,,,,348.5,5.050724637681159,334,4.840579710144928,,,,,,,,,,,,,,,,,,,"Cody Allen","12183",592102
"Erasmo Ramírez","SEA",5,8,,4.464566929133858,26,22,,,,127,,130,67,63,16,43,0,7,96,6.803149606299213,3.047244094488189,2.2325581395348837,1.1338582677165354,,,,,1.3622047244094488,,0.703851261620186,,,4.354940990012462,0.7726364284924503,,,,,,,,,447.0000000000002,3.5196850393700805,469,3.6929133858267718,,,,,,,,,,,,,,,,,,,"Erasmo Ramirez","10314",541640
"Erik Johnson","CHW",8,9,,4.579799645153734,25,25,,,,129.6999969482422,,130,71,66,17,57,0,8,109,7.5636085048751065,3.9552815117236797,1.912280701754386,1.179645363145659,,,,,1.4417887771780276,,0.7107843137254902,,,4.574454257557145,0.7616763322523094,,,,,,,,,435.6799774169921,3.3591363736951636,450.49998474121094,3.4734001182820884,,,,,,,,,,,,,,,,,,,"Erik Johnson","12520",605304
"Ryan Cook","OAK",6,3,,3.013100570527703,69,0,,,,68.69999694824219,,57,25,23,5,28,2,4,73,9.563319202109666,3.6681224336858995,2.607142857142857,0.6550218631581963,,,,,1.2372635192988153,,0.7692307692307693,,,3.266194996891966,0.7605509389892762,,,,,,,,,348.6799774169922,5.075400187858579,328.49998474121094,4.781659378947268,,,,,,,,,,,,,,,,,,,"Ryan Cook","8855",475857
"Chad Gaudin","PHI",3,3,,4.013513513513513,31,7,,,,74,,71,35,33,7,28,3,2,63,7.662162162162162,3.4054054054054053,2.25,0.8513513513513513,,,,,1.337837837837838,,0.7174887892376681,,,3.7910976190824766,0.7441449242809091,,,,,,,,,312.9,4.228378378378378,315,4.256756756756757,,,,,,,,,,,,,,,,,,,"Chad Gaudin","1783",429985
"Justin Nicolino","MIA",5,7,,4.454045454888703,27,25,,,,127.30000305175781,,138,67,63,12,38,0,8,75,5.302435065343695,2.686567099774139,1.9736842105263157,0.8483896104549912,,,,,1.382560846667393,,0.6846733668341709,,,4.179040523112555,0.7430867938198107,,,,,,,,,447.6200225830078,3.516260894361596,492.50001525878906,3.8688138527266784,,,,,,,,,,,,,,,,,,,"Justin Nicolino","11754",592593
"Matt Belisle","COL",7,4,,3.9531477003799504,68,0,,,,68.30000305175781,,72,32,30,6,15,3,2,56,7.379209040709241,1.9765738501899752,3.7333333333333334,0.7906295400759901,,,,,1.2737920367890951,,0.6997455470737914,,,3.2967562680853786,0.740605874255325,,,,,,,,,305.42002258300784,4.471742444163,324.50001525878906,4.7510981077538545,,,,,,,,,,,,,,,,,,,"Matt Belisle","1837",279571
"Allen Webster","BOS",8,7,,4.545454653237193,30,27,,,,128.6999969482422,,132,70,65,13,61,1,10,95,6.643356800885129,4.265734366884135,1.5573770491803278,0.9090909306474386,,,,,1.4996115351705612,,0.7036613272311212,,,4.539695903055543,0.7386959186602824,,,,,,,,,426.27997741699227,3.3121988152682276,451.49998474121094,3.5081584727836903,,,,,,,,,,,,,,,,,,,"Allen Webster","3993",543903
"Tim Stauffer","SDP",5,5,,3.773929001979192,32,14,,,,109.69999694824219,,106,49,46,10,35,2,6,79,6.481312851225133,2.871467718897211,2.257142857142857,0.820419348256346,,,,,1.2853236456016088,,0.7244094488188977,,,3.913852576776488,0.7383785458048897,,,,,,,,,448.1799774169922,4.085505833044362,453.49998474121094,4.134001799062746,,,,,,,,,,,,,,,,,,,"Tim Stauffer","6432",431162
"Ty Blach","SFG",7,9,,4.11996852859626,22,20,,,,126.69999694824219,,130,62,58,12,40,0,7,86,6.108918852746179,2.8413576059284553,2.15,0.8524072817785365,,,,,1.3417522027995483,,0.7049608355091385,,,4.034436877897725,0.7366838885002173,,,,,,,,,482.97997741699226,3.811996756513679,508.49998474121094,4.013417497941509,,,,,,,,,,,,,,,,,,,"Ty Blach","14361",621389
"Liam Hendriks","MIN",6,11,,5.410821753590632,27,26,,,,149.6999969482422,,179,96,90,22,42,1,8,88,5.290581270177507,2.5250501516756283,2.0952380952380953,1.3226453175443766,,,,,1.4762859352389255,,0.6572029442691903,,,4.784661358473263,0.7364032608599953,,,,,,,,,397.77997741699227,2.657180932037842,488.49998474121094,3.2631930173659702,,,,,,,,,,,,,,,,,,,"Liam Hendriks","3548",521230
"Brandon Beachy","ATL",6,5,,3.7617556058512753,18,18,,,,95.69999694824219,,85,43,40,12,36,3,3,91,8.557994003311652,3.3855800452661478,2.5277777777777777,1.1285266817553827,,,,,1.2643678564111231,,0.7485604606525912,,,3.998742598429417,0.730474773986353,,,,,,,,,404.57997741699216,4.227586105732091,387.49998474121094,4.049111777409816,,,,,,,,,,,,,,,,,,,"Brandon Beachy","8851",545404
"Ernesto Frieri","LAA",4,2,,3.0307465702912952,66,0,,,,68.30000305175781,,50,25,23,8,30,2,6,96,12.650072641215841,3.9531477003799504,3.2,1.0541727201013202,,,,,1.1713030223348002,,0.7994186046511629,,,3.3406801314229337,0.7228669728155181,,,,,,,,,361.02002258300786,5.285798044685686,321.50001525878906,4.7071742444163,,,,,,,,,,,,,,,,,,,"Ernesto Frieri","5178",457117
"Jake McGee","TBR",6,3,,3.098360655737705,70,0,,,,61,,48,22,21,7,20,4,1,75,11.065573770491802,2.9508196721311477,3.75,1.0327868852459017,,,,,1.1147540983606556,,0.7903780068728522,,,3.113428146331037,0.7220143426556449,,,,,,,,,327.50000000000006,5.368852459016394,301,4.934426229508197,,,,,,,,,,,,,,,,,,,"Jake McGee","7550",459429
"A.J. Cole","WSN",7,8,,4.4,26,26,,,,135,,138,71,66,20,34,1,8,106,7.066666666666666,2.2666666666666666,3.1176470588235294,1.3333333333333333,,,,,1.2740740740740741,,0.7013888888888888,,,4.336743264728122,0.7121542614198185,,,,,,,,,480.2,3.5570370370370368,501,3.7111111111111112,,,,,,,,,,,,,,,,,,,"A.J. Cole","11467",595918
"Tim Collins","KCR",6,4,,3.5236542037248744,70,0,,,,61.29999923706055,,52,26,24,5,30,4,1,73,10.717781536329827,4.404567754656093,2.433333333333333,0.7340946257760156,,,,,1.3376835403029617,,0.7466666666666667,,,3.2436129427128377,0.7104749096024469,,,,,,,,,309.91999435424805,5.055791161688591,294.49999618530273,4.804241433126396,,,,,,,,,,,,,,,,,,,"Tim Collins","3164",525768
"Jeff Locke","PIT",8,10,,4.093493288108969,30,29,,,,158.3000030517578,,154,77,72,15,71,2,8,118,6.708780666623033,4.036639214663012,1.6619718309859155,0.8528111016893687,,,,,1.4213518361489477,,0.7254901960784313,,,4.286009753106761,0.7095978764578205,,,,,,,,,585.5200225830079,3.69879981866814,595.5000152587891,3.761844622732472,,,,,,,,,,,,,,,,,,,"Jeff Locke","2929",502046
"Jeff Francis","CIN",7,8,,4.601503759398496,29,23,,,,133,,141,73,68,20,34,3,6,94,6.360902255639098,2.300751879699248,2.764705882352941,1.3533834586466165,,,,,1.3157894736842106,,0.6938775510204082,,,4.4914633983956245,0.7072685949395527,,,,,,,,,439.6,3.305263157894737,473,3.556390977443609,,,,,,,,,,,,,,,,,,,"Jeff Francis","4684",433585
"Jeremy Guthrie","KCR",9,11,,4.554216867469879,28,26,,,,166,,184,90,84,22,48,1,7,96,5.204819277108434,2.602409638554217,2,1.1927710843373494,,,,,1.3975903614457832,,0.705765407554672,,,4.608095339694655,0.7042003626998762,,,,,,,,,506.40000000000003,3.0506024096385542,571,3.4397590361445785,,,,,,,,,,,,,,,,,,,"Jeremy Guthrie","2072",425386
"Neal Cotts","TEX",7,3,,3.2264150943396226,50,0,,,,53,,44,20,19,5,21,1,1,61,10.358490566037736,3.5660377358490565,2.9047619047619047,0.8490566037735849,,,,,1.2264150943396226,,0.7758620689655172,,,3.2176656965939507,0.7029430936956883,,,,,,,,,272.30000000000007,5.137735849056605,256,4.830188679245283,,,,,,,,,,,,,,,,,,,"Neal Cotts","1797",425840
"Tyler Clippard","WSN",5,2,,2.800565891748923,70,0,,,,70.69999694824219,,52,24,22,8,24,1,2,81,10.311174419621034,3.055162790998825,3.375,1.0183875969996083,,,,,1.0749646857218087,,0.8024691358024691,,,3.330739819450236,0.7025492513249053,,,,,,,,,373.57997741699216,5.284016881789703,333.49998474121094,4.717114556388998,,,,,,,,,,,,,,,,,,,"Tyler Clippard","5640",461325
"Lucas Harrell","HOU",8,12,,4.9655172413793105,30,23,,,,145,,155,86,80,17,66,4,5,101,6.268965517241379,4.096551724137931,1.5303030303030303,1.0551724137931036,,,,,1.5241379310344827,,0.6845841784989859,,,4.647854375839234,0.7009625199687093,,,,,,,,,449.9,3.102758620689655,493,3.4,,,,,,,,,,,,,,,,,,,"Lucas Harrell","7541",449173
"Josh Collmenter","ARI",5,3,,3.3461538461538463,54,0,,,,78,,70,31,29,8,22,4,2,72,8.307692307692308,2.5384615384615383,3.272727272727273,0.9230769230769231,,,,,1.1794871794871795,,0.754950495049505,,,3.4581107860956437,0.6964316179799614,,,,,,,,,368.80000000000007,4.728205128205129,358,4.589743589743589,,,,,,,,,,,,,,,,,,,"Josh Collmenter","7312",518567
"Brett Cecil","TOR",4,2,,3.272727272727273,65,0,,,,66,,56,26,24,6,24,2,4,73,9.954545454545455,3.272727272727273,3.0416666666666665,0.8181818181818182,,,,,1.2121212121212122,,0.7541899441340782,,,3.290278618263476,0.6940862640495233,,,,,,,,,331.0000000000001,5.0151515151515165,314,4.757575757575758,,,,,,,,,,,,,,,,,,,"Brett Cecil","2660",446399
"Stolmy Pimentel","PIT",6,7,,4.174279601272731,27,24,,,,142.3000030517578,,144,71,66,14,49,1,8,87,5.502459474404963,3.099086370641876,1.7755102040816326,0.8854532487548217,,,,,1.35628950007683,,0.7035755478662052,,,4.305760181609973,0.685535452767853,,,,,,,,,509.4200225830078,3.5799016982291976,532.5000152587891,3.7420941942292614,,,,,,,,,,,,,,,,,,,"Stolmy Pimentel","6415",516935
"Junichi Tazawa","BOS",5,3,,3.419267441448794,70,0,,,,73.69999694824219,,67,30,28,8,20,1,3,76,9.280868769646727,2.4423338867491386,3.8,0.9769335546996555,,,,,1.180461378595417,,0.7519788918205805,,,3.3327933292933,0.6831293825794,,,,,,,,,355.7799774169922,4.827408305957574,347.49998474121094,4.715061046545934,,,,,,,,,,,,,,,,,,,"Junichi Tazawa","4079",547749
"Kyle McPherson","PIT",5,6,,4.231975056582685,20,17,,,,95.69999694824219,,101,48,45,11,22,0,6,64,6.01880896936204,2.0689655832182017,2.909090909090909,1.0344827916091008,,,,,1.2852664986658524,,0.6970260223048328,,,4.082337167448334,0.6824202207476224,,,,,,,,,354.2799774169922,3.7019852530256494,379.49998474121094,3.9655172083908994,,,,,,,,,,,,,,,,,,,"Kyle McPherson","5009",519015
"Casey Janssen","TOR",3,1,,3.039399668271631,56,0,,,,53.29999923706055,,45,19,18,5,13,1,2,55,9.287054541941094,2.195121982640622,4.230769230769231,0.8442776856310086,,,,,1.0881801281466332,,0.7647058823529411,,,3.0478543758392336,0.680777886688014,,,,,,,,,280.91999435424805,5.270544059575123,266.49999618530273,5,,,,,,,,,,,,,,,,,,,"Casey Janssen","7355",445163
"Brandon Workman","BOS",9,8,,4.5,31,21,,,,124,,128,66,62,17,43,0,6,102,7.403225806451613,3.120967741935484,2.372093023255814,1.2338709677419355,,,,,1.3790322580645162,,0.7133152173913044,,,4.370435021000524,0.6747631517005949,,,,,,,,,432.6999999999999,3.489516129032257,456,3.6774193548387095,,,,,,,,,,,,,,,,,,,"Brandon Workman","11428",519443
"Blake Treinen","WSN",6,6,,4.152457499220608,24,16,,,,99.69999694824219,,105,49,46,11,24,1,5,61,5.506519727227328,2.166499564810752,2.5416666666666665,0.992978967204928,,,,,1.2938816845397547,,0.7042253521126761,,,4.131104158244609,0.6740787747381807,,,,,,,,,364.47997741699214,3.655767187296973,390.49998474121094,3.916750217594624,,,,,,,,,,,,,,,,,,,"Blake Treinen","12572",595014
"Ryan Vogelsong","SFG",7,9,,4.0208487544999505,24,23,,,,134.3000030517578,,134,64,60,14,45,4,6,98,6.5673862990165865,3.015636565874963,2.1777777777777776,0.9381980427166552,,,,,1.3328369019546134,,0.7214554579673776,,,4.082850629312369,0.6733494687321685,,,,,,,,,516.2200225830077,3.8437826571311535,532.5000152587891,3.9650037465268646,,,,,,,,,,,,,,,,,,,"Ryan Vogelsong","1011",285064
"Ross Stripling","LAD",5,7,,4.35,24,19,,,,120,,123,62,58,12,42,1,8,79,5.925,3.15,1.880952380952381,0.9,,,,,1.375,,0.6950067476383266,,,4.281187709172567,0.6666896308658558,,,,,,,,,428.59999999999997,3.5716666666666663,452,3.7666666666666666,,,,,,,,,,,,,,,,,,,"Ross Stripling","13273",548389
"Nate Jones","CHW",4,3,,3.676056338028169,61,0,,,,71,,64,31,29,7,30,2,2,76,9.633802816901408,3.8028169014084505,2.533333333333333,0.8873239436619719,,,,,1.323943661971831,,0.7482185273159144,,,3.5408121223181066,0.6663819477803142,,,,,,,,,328.9,4.6323943661971825,320,4.507042253521127,,,,,,,,,,,,,,,,,,,"Nate Jones","4696",518858
"Mike Fiers","MIL",6,7,,4.7227722772277225,25,17,,,,101,,102,57,53,16,36,0,4,88,7.841584158415841,3.207920792079208,2.4444444444444446,1.4257425742574257,,,,,1.3663366336633664,,0.7006920415224914,,,4.552804870888739,0.655850955782198,,,,,,,,,341.40000000000015,3.380198019801982,353,3.495049504950495,,,,,,,,,,,,,,,,,,,"Mike Fiers","7754",571666
"Bryan Shaw","CLE",5,4,,3.452054794520548,72,0,,,,73,,64,30,28,6,27,2,4,73,9,3.328767123287671,2.7037037037037037,0.7397260273972602,,,,,1.2465753424657535,,0.738498789346247,,,3.390320129263891,0.6498306278211115,,,,,,,,,353.0000000000001,4.8356164383561655,340,4.657534246575342,,,,,,,,,,,,,,,,,,,"Bryan Shaw","8110",543766
"Adam Ottavino","COL",3,2,,3.950177792942041,56,0,,,,84.30000305175781,,81,40,37,8,34,6,2,82,8.754448081655335,3.6298931070278213,2.411764705882353,0.8540924957712521,,,,,1.3641755140790832,,0.7225433526011561,,,3.6172493730200683,0.6477234881972127,,,,,,,,,370.8200225830078,4.398813869026017,373.50001525878906,4.430605002819165,,,,,,,,,,,,,,,,,,,"Adam Ottavino","1247",493603
"Danny Hultzen","SEA",5,6,,4.096728129413626,16,16,,,,70.30000305175781,,65,34,32,6,39,0,5,66,8.449501766915605,4.992887407722857,1.6923076923076923,0.768136524265055,,,,,1.4793740467326983,,0.7322175732217574,,,4.157384910888757,0.6410188867768215,,,,,,,,,277.4200225830078,3.946230590897123,273.50001525878906,3.8904694649504763,,,,,,,,,,,,,,,,,,,"Danny Hultzen","12874",543343
"Sean Marshall","CIN",4,2,,2.6799007951514158,47,0,,,,40.29999923706055,,33,13,12,3,11,1,2,44,9.82630291555519,2.4565757288887977,4,0.6699751987878539,,,,,1.0918114350616879,,0.7788944723618091,,,2.7997154133252136,0.6313485190265579,,,,,,,,,224.519994354248,5.571215846271672,211.49999618530273,5.24813896251402,,,,,,,,,,,,,,,,,,,"Sean Marshall","5905",445156
"Adam Conley","MIA",7,9,,4.381484330636639,26,25,,,,125.30000305175781,,128,65,61,11,53,0,9,89,6.392657466010835,3.8068634348154413,1.679245283018868,0.7901037317541482,,,,,1.4445330853282912,,0.7004830917874396,,,4.252962087908692,0.6310367498870033,,,,,,,,,451.12002258300794,3.600319326382325,475.50001525878906,3.7948922879305416,,,,,,,,,,,,,,,,,,,"Adam Conley","14457",543045
"Darren O'Day","BAL",5,3,,3.338954511760879,66,0,,,,59.29999923706055,,51,24,22,7,15,1,4,62,9.40978089678066,2.2765598943824177,4.133333333333334,1.0623946173784615,,,,,1.1129848372536264,,0.7473309608540925,,,3.452576134840552,0.6303873389532761,,,,,,,,,287.1199943542481,4.8418212149791655,272.49999618530273,4.595278240998681,,,,,,,,,,,,,,,,,,,"Darren O'Day","3321",503285
"Nick Tropeano","HOU",7,11,,5.093023255813954,27,22,,,,129,,142,78,73,16,58,0,9,102,7.116279069767442,4.046511627906977,1.7586206896551724,1.1162790697674418,,,,,1.550387596899225,,0.6869369369369369,,,4.637001662660939,0.625432490617966,,,,,,,,,391.59999999999997,3.035658914728682,440,3.4108527131782944,,,,,,,,,,,,,,,,,,,"Nick Tropeano","12385",607374
"Michael Tonkin","MIN",3,3,,3.930131178949178,56,0,,,,68.69999694824219,,66,32,30,6,26,1,3,65,8.515284221056552,3.406113688422621,2.5,0.7860262357898355,,,,,1.3391558091234237,,0.7177033492822967,,,3.5573158249622754,0.6219458068770283,,,,,,,,,305.97997741699226,4.453857219928469,308.49998474121094,4.490538550876958,,,,,,,,,,,,,,,,,,,"Michael Tonkin","10315",543859
"Kevin Slowey","MIA",4,5,,4.296205790832063,17,13,,,,81.69999694824219,,89,42,39,10,17,0,4,57,6.279070001985324,1.8727050883114122,3.3529411764705883,1.101591228418478,,,,,1.2974296690262073,,0.6956521739130435,,,4.014806676339897,0.6218095923035633,,,,,,,,,301.1799774169922,3.6864135699759313,329.49998474121094,4.0330476994993365,,,,,,,,,,,,,,,,,,,"Kevin Slowey","9918",458713
"Jake Westbrook","STL",8,8,,4.465116279069767,22,22,,,,129,,143,68,64,10,46,3,6,64,4.465116279069767,3.2093023255813953,1.391304347826087,0.6976744186046512,,,,,1.4651162790697674,,0.6914285714285714,,,4.272660577389621,0.620908511057956,,,,,,,,,431.7999999999999,3.3472868217054255,487,3.7751937984496124,,,,,,,,,,,,,,,,,,,"Jake Westbrook","412",150414
"Aaron Harang","CLE",6,10,,4.922394567465218,24,24,,,,135.3000030517578,,145,79,74,20,48,4,4,102,6.784922241641246,3.1929045843017625,2.125,1.3303769101257346,,,,,1.4264596869681485,,0.6909090909090909,,,4.614742736653987,0.619900877912287,,,,,,,,,426.2200225830079,3.150184870431682,464.50001525878906,3.4331116391852463,,,,,,,,,,,,,,,,,,,"Aaron Harang","1451",421685
"Steve Cishek","MIA",5,3,,2.8125,63,0,,,,64,,53,21,20,4,23,6,3,67,9.421875,3.234375,2.9130434782608696,0.5625,,,,,1.1875,,0.7812499999999999,,,2.9853543758392336,0.6151266998210813,,,,,,,,,342.6,5.353125,324,5.0625,,,,,,,,,,,,,,,,,,,"Steve Cishek","6483",518553
"Joe Saunders","SEA",8,14,,4.772301843019903,27,27,,,,160.3000030517578,,178,91,85,21,51,3,3,99,5.558328028929064,2.8633811058119423,1.9411764705882353,1.179039278863741,,,,,1.4285714013745856,,0.6913827655310621,,,4.526332201715988,0.6064531405082916,,,,,,,,,501.12002258300794,3.1261385716955092,564.5000152587891,3.5215221741232456,,,,,,,,,,,,,,,,,,,"Joe Saunders","4366",434578
"Charlie Furbush","SEA",5,3,,3.134328397865718,65,0,,,,60.29999923706055,,47,22,21,6,25,3,3,76,11.343283725609265,3.7313433307925212,3.04,0.8955223993902052,,,,,1.1940298658536068,,0.7861635220125786,,,3.21369185720779,0.5982624787203265,,,,,,,,,318.219994354248,5.277280238482476,291.49999618530273,4.834162518631444,,,,,,,,,,,,,,,,,,,"Charlie Furbush","1370",518703
"Robbie Erlin","SDP",5,7,,4.395887004414589,24,23,,,,116.69999694824219,,119,61,57,14,42,0,5,85,6.555270094302457,3.2390746348318022,2.0238095238095237,1.0796915449439342,,,,,1.3796058629839159,,0.7072135785007072,,,4.358908394699725,0.5951994034722071,,,,,,,,,410.9799774169922,3.5216794187172655,430.49998474121094,3.6889459811395087,,,,,,,,,,,,,,,,,,,"Robbie Erlin","10354",572362
"Chad Bettis","COL",6,7,,5.193734411788792,27,22,,,,121.30000305175781,,137,75,70,18,43,1,7,90,6.677658529442732,3.190436852955972,2.0930232558139537,1.3355317058885465,,,,,1.4839241176539404,,0.6782945736434108,,,4.729635042513699,0.5901185460655107,,,,,,,,,350.02002258300803,2.8855730731816807,402.50001525878906,3.3182193333255343,,,,,,,,,,,,,,,,,,,"Chad Bettis","10587",518452
"Casey Kelly","SDP",3,4,,4.285714285714286,12,12,,,,63,,69,32,30,6,19,0,4,45,6.428571428571429,2.7142857142857144,2.3684210526315788,0.8571428571428571,,,,,1.3968253968253967,,0.7035175879396985,,,3.9526162806011382,0.5887596599152723,,,,,,,,,234.00000000000003,3.714285714285715,258,4.095238095238095,,,,,,,,,,,,,,,,,,,"Casey Kelly","9174",543391
"Cory Mazzoni","NYM",5,7,,4.444444315637534,20,19,,,,105.30000305175781,,109,56,52,13,33,0,5,72,6.1538459754981245,2.8205127387699735,2.1818181818181817,1.1111110789093834,,,,,1.3485279761122433,,0.6946688206785138,,,4.3678923242871335,0.5861365982019399,,,,,,,,,365.9200225830079,3.475023855442324,387.50001525878906,3.6799620515521,,,,,,,,,,,,,,,,,,,"Cory Mazzoni","12537",543508
"Kyle Lobstein","DET",8,10,,5.233309289513334,27,27,,,,139.3000030517578,,158,87,81,16,64,0,9,99,6.3962669094051865,4.134960426282141,1.546875,1.0337401065705352,,,,,1.5936826642962418,,0.6763527054108217,,,4.6917882953159875,0.5830789435192582,,,,,,,,,402.22002258300785,2.887437284790011,467.50001525878906,3.356066080523246,,,,,,,,,,,,,,,,,,,"Kyle Lobstein","9178",543456
"Jeanmar Gómez","PIT",7,8,,3.99844105843902,32,20,,,,128.3000030517578,,127,61,57,11,43,3,6,75,5.261106655840816,3.016367816015401,1.744186046511628,0.7716289761899863,,,,,1.3250194540636129,,0.7050452781371281,,,4.139046867421032,0.577300098642878,,,,,,,,,486.9200225830078,3.7951676617387,501.50001525878906,3.9088075084182012,,,,,,,,,,,,,,,,,,,"Jeanmar Gomez","9033",491646
"Eduardo Rodriguez","BAL",7,8,,4.937655735091193,23,23,,,,120.30000305175781,,132,71,66,15,49,1,7,76,5.685785391923192,3.665835318476795,1.5510204081632653,1.1221944852479984,,,,,1.5045718654065756,,0.6875,,,4.801802793523143,0.573833167353971,,,,,,,,,346.5200225830079,2.8804656175604695,390.50001525878906,3.2460515823160914,,,,,,,,,,,,,,,,,,,"Eduardo Rodriguez","13164",593958
"Josh Tomlin","CLE",4,5,,4.707347268173303,17,15,,,,80.30000305175781,,89,45,42,11,14,1,2,46,5.155666055618379,1.5691157560577675,3.2857142857142856,1.2328766654739602,,,,,1.2826898640789688,,0.6621004566210046,,,4.280731041313194,0.5727447534513327,,,,,,,,,271.52002258300774,3.381320202540939,302.50001525878906,3.76712333452604,,,,,,,,,,,,,,,,,,,"Josh Tomlin","9388",458708
"Garrett Richards","LAA",7,8,,4.467625899280575,40,19,,,,139,,145,74,69,14,54,2,4,95,6.151079136690647,3.4964028776978417,1.7592592592592593,0.9064748201438849,,,,,1.4316546762589928,,0.6967670011148271,,,4.24209898015578,0.5704099487880671,,,,,,,,,495.4000000000001,3.564028776978418,529,3.805755395683453,,,,,,,,,,,,,,,,,,,"Garrett Richards","9784",572070
"J.R. Graham","ATL",5,4,,4.129411764705883,17,17,,,,85,,88,42,39,7,29,1,5,50,5.294117647058823,3.070588235294118,1.7241379310344827,0.7411764705882353,,,,,1.3764705882352941,,0.6996268656716418,,,4.141972022898058,0.5702269890190514,,,,,,,,,312.09999999999997,3.6717647058823526,332,3.9058823529411764,,,,,,,,,,,,,,,,,,,"J.R. Graham","12042",543242
"Phil Irwin","PIT",4,6,,4.53972239780412,15,15,,,,79.30000305175781,,88,43,40,9,20,0,5,46,5.220680757474738,2.26986119890206,2.3,1.021437539505927,,,,,1.361916719341236,,0.6813417190775681,,,4.308888375229267,0.568007407101885,,,,,,,,,264.3200225830078,3.3331653519671427,296.50001525878906,3.7389660006099668,,,,,,,,,,,,,,,,,,,"Phil Irwin","9489",572947
"Tom Gorzelanny","MIL",4,4,,4.126394208088671,38,8,,,,80.69999694824219,,77,40,37,11,30,2,3,77,8.587360919535882,3.345725033585409,2.566666666666667,1.2267658456479833,,,,,1.3258984392356992,,0.7314410480349346,,,4.138312905304108,0.556780937925209,,,,,,,,,316.6799774169922,3.924163437330714,315.49998474121094,3.909541470535126,,,,,,,,,,,,,,,,,,,"Tom Gorzelanny","6244",452733
"Brian Matusz","BAL",3,2,,3.6610169491525424,69,0,,,,59,,54,26,24,6,21,2,2,58,8.847457627118644,3.2033898305084745,2.761904761904762,0.9152542372881356,,,,,1.271186440677966,,0.7357357357357358,,,3.573278104652793,0.5562264328427858,,,,,,,,,269.4,4.566101694915254,264,4.47457627118644,,,,,,,,,,,,,,,,,,,"Brian Matusz","2646",451085
"Wade LeBlanc","LAA",6,8,,4.707692307692308,34,20,,,,130,,141,73,68,18,41,2,6,88,6.092307692307692,2.8384615384615386,2.1463414634146343,1.2461538461538462,,,,,1.4,,0.6951530612244897,,,4.578623606608464,0.5545940663344623,,,,,,,,,409,3.146153846153846,451,3.4692307692307693,,,,,,,,,,,,,,,,,,,"Wade LeBlanc","5221",453281
"Tyler Lyons","STL",8,8,,4.393700787401575,28,21,,,,127,,132,66,62,14,41,0,8,88,6.2362204724409445,2.905511811023622,2.1463414634146343,0.9921259842519685,,,,,1.3622047244094488,,0.6975228161668839,,,4.252578785288053,0.5543881030653575,,,,,,,,,453.40000000000015,3.5700787401574816,482,3.795275590551181,,,,,,,,,,,,,,,,,,,"Tyler Lyons","11334",544928
"Craig Stammen","WSN",6,4,,3.274780551992938,54,0,,,,79.69999694824219,,71,31,29,6,28,3,2,75,8.469260048257597,3.161857084682836,2.6785714285714284,0.6775408038606078,,,,,1.2421581404111144,,0.750551876379691,,,3.2737013104594364,0.5523888387447702,,,,,,,,,391.3799774169921,4.910664898408433,380.49998474121094,4.774153065379798,,,,,,,,,,,,,,,,,,,"Craig Stammen","7274",489334
"Brandon Cumpton","PIT",8,10,,4.338129496402877,26,25,,,,139,,146,72,67,12,49,0,8,76,4.920863309352518,3.172661870503597,1.5510204081632653,0.7769784172661871,,,,,1.4028776978417266,,0.6902356902356903,,,4.306847181594629,0.5490993202680622,,,,,,,,,482.4000000000001,3.4705035971223026,520,3.741007194244604,,,,,,,,,,,,,,,,,,,"Brandon Cumpton","11366",592238
"Bobby Parnell","NYM",6,4,,3.1746031318865966,59,0,,,,56.70000076293945,,51,21,20,4,16,3,1,50,7.936507829716492,2.539682505509277,3.125,0.6349206263773193,,,,,1.1816578324244553,,0.749185667752443,,,3.1007644280373436,0.54829560235193,,,,,,,,,286.780005645752,5.057848356030334,280.50000381469727,4.94708994780189,,,,,,,,,,,,,,,,,,,"Bobby Parnell","9926",458730
"Jose Veras","CHC",4,2,,3.354943232421093,67,0,,,,61.70000076293945,,50,25,23,5,28,1,3,68,9.918962600201493,4.084278717730027,2.4285714285714284,0.7293354853089333,,,,,1.2641815078688177,,0.7464788732394366,,,3.4044183908791563,0.5414751303774129,,,,,,,,,308.08000564575195,4.99319289848052,286.50000381469727,4.643435984960077,,,,,,,,,,,,,,,,,,,"Jose Veras","2063",407842
"Fernando Rodney","SEA",4,3,,3.056603773584906,57,0,,,,53,,42,19,18,4,25,1,2,62,10.528301886792454,4.245283018867925,2.48,0.6792452830188679,,,,,1.2641509433962264,,0.7817589576547231,,,3.2176656965939507,0.5409551877107345,,,,,,,,,276.80000000000007,5.222641509433964,256,4.830188679245283,,,,,,,,,,,,,,,,,,,"Fernando Rodney","494",407845
"Jesse Crain","HOU",4,2,,3.4,47,0,,,,45,,39,18,17,5,17,2,1,52,10.4,3.4,3.0588235294117645,1,,,,,1.2444444444444445,,0.7755102040816326,,,3.381187709172567,0.539978957370344,,,,,,,,,220.1,4.891111111111111,210,4.666666666666667,,,,,,,,,,,,,,,,,,,"Jesse Crain","4817",430884
"Joe Blanton","LAA",5,8,,4.9576271186440675,23,18,,,,118,,133,70,65,20,25,2,3,95,7.245762711864407,1.9067796610169492,3.8,1.5254237288135593,,,,,1.3389830508474576,,0.676923076923077,,,4.3529391216019455,0.5394366916652598,,,,,,,,,387.40000000000003,3.2830508474576274,436,3.694915254237288,,,,,,,,,,,,,,,,,,,"Joe Blanton","4849",430599
"Joel Peralta","TBR",5,3,,3.1871838521353846,69,0,,,,59.29999923706055,,46,22,21,7,23,1,0,68,10.320404854533626,3.4907251713863734,2.9565217391304346,1.0623946173784615,,,,,1.1635750571287913,,0.7939189189189189,,,3.452576134840552,0.537751690965473,,,,,,,,,300.1199943542481,5.06104550110488,272.49999618530273,4.595278240998681,,,,,,,,,,,,,,,,,,,"Joel Peralta","2332",407908
"Jeff Niemann","TBR",5,5,,4.125,14,14,,,,72,,71,35,33,9,23,0,3,53,6.625,2.875,2.3043478260869565,1.125,,,,,1.3055555555555556,,0.7248157248157248,,,4.283965486950345,0.534966267137617,,,,,,,,,265.5000000000001,3.6875000000000018,271,3.763888888888889,,,,,,,,,,,,,,,,,,,"Jeff Niemann","8591",435298
"Andrew Heaney","MIA",8,10,,4.2631578947368425,24,24,,,,133,,134,67,63,14,52,0,9,96,6.496240601503759,3.518796992481203,1.8461538461538463,0.9473684210526315,,,,,1.3984962406015038,,0.7151442307692307,,,4.348606255538481,0.5347309473094841,,,,,,,,,472.59999999999997,3.5533834586466164,492,3.699248120300752,,,,,,,,,,,,,,,,,,,"Andrew Heaney","15423",571760
"Tanner Roark","WSN",10,10,,4.195488721804511,34,19,,,,133,,137,66,62,14,43,1,8,83,5.616541353383458,2.9097744360902253,1.930232558139535,0.9473684210526315,,,,,1.3533834586466165,,0.71072319201995,,,4.318531067568557,0.5234120699355769,,,,,,,,,468.8,3.524812030075188,496,3.7293233082706765,,,,,,,,,,,,,,,,,,,"Tanner Roark","8753",543699
"Logan Verrett","NYM",6,8,,4.65393806048283,22,22,,,,125.69999694824219,,132,70,65,21,27,0,7,96,6.87350852009772,1.9331742712774835,3.5555555555555554,1.503579988771376,,,,,1.2649164984902053,,0.6867283950617284,,,4.503701666554376,0.5208464939437358,,,,,,,,,418.67997741699224,3.330787490706038,445.49998474121094,3.544152709284858,,,,,,,,,,,,,,,,,,,"Logan Verrett","12905",548337
"David Hernandez","ARI",5,3,,3.3088235294117645,70,0,,,,68,,55,27,25,7,26,2,4,79,10.455882352941176,3.4411764705882355,3.0384615384615383,0.9264705882352942,,,,,1.1911764705882353,,0.7584269662921348,,,3.3860896699568808,0.5207806326851212,,,,,,,,,342.1,5.030882352941177,317,4.661764705882353,,,,,,,,,,,,,,,,,,,"David Hernandez","4259",456696
"J.J. Hoover","CIN",5,3,,3.2579184020757475,68,0,,,,66.30000305175781,,53,26,24,7,27,3,2,72,9.773755206227243,3.665158202335216,2.6666666666666665,0.9502262006054264,,,,,1.2066364452132399,,0.7692307692307692,,,3.5606748650548603,0.5207780804010207,,,,,,,,,323.72002258300773,4.882654716173877,297.50001525878906,4.487179510784373,,,,,,,,,,,,,,,,,,,"J.J. Hoover","9037",543331
"Drew Pomeranz","OAK",7,8,,4.390243902439025,26,25,,,,123,,117,64,60,14,62,1,6,105,7.682926829268292,4.536585365853658,1.6935483870967742,1.024390243902439,,,,,1.4552845528455285,,0.7214554579673776,,,4.478748684782323,0.5182756059589045,,,,,,,,,439.8,3.575609756097561,439,3.569105691056911,,,,,,,,,,,,,,,,,,,"Drew Pomeranz","11426",519141
"Anthony DeSclafani","MIA",6,9,,4.463414634146342,27,24,,,,123,,134,65,61,14,35,0,8,78,5.7073170731707314,2.5609756097560976,2.2285714285714286,1.024390243902439,,,,,1.3739837398373984,,0.6961178045515395,,,4.30801697746525,0.5173083200703963,,,,,,,,,416.59999999999997,3.386991869918699,460,3.7398373983739837,,,,,,,,,,,,,,,,,,,"Anthony DeSclafani","13050",543101
"Jesse Chavez","OAK",5,5,,4.232922587705996,38,8,,,,89.30000305175781,,89,45,42,10,29,2,6,71,7.15565485064585,2.922732262939854,2.4482758620689653,1.0078387113585705,,,,,1.3213885326701256,,0.7019230769230769,,,4.0892877109097565,0.5165674386029444,,,,,,,,,343.42002258300784,3.845688811275442,353.50001525878906,3.958566664929477,,,,,,,,,,,,,,,,,,,"Jesse Chavez","5448",445926
"Jesse Hahn","SDP",2,3,,4.421052631578948,26,26,,,,114,,118,60,56,11,44,0,4,69,5.447368421052632,3.473684210526316,1.5681818181818181,0.868421052631579,,,,,1.4210526315789473,,0.6957708049113234,,,4.3548719196988825,0.5161540682952985,,,,,,,,,395.49999999999994,3.4692982456140347,421,3.692982456140351,,,,,,,,,,,,,,,,,,,"Jesse Hahn","13287",534910
"Felipe Paulino","CHW",3,3,,4.404567754656093,16,11,,,,61.29999923706055,,58,32,30,9,27,0,3,63,9.249592284777796,3.964110979190484,2.3333333333333335,1.321370326396828,,,,,1.3866231820213626,,0.7320441988950276,,,4.369224702236061,0.5147412744920763,,,,,,,,,228.1199943542481,3.7213702641668562,225.49999618530273,3.678629673603172,,,,,,,,,,,,,,,,,,,"Felipe Paulino","3777",462956
"Dan Otero","OAK",4,2,,3.4260613403292903,56,0,,,,68.30000305175781,,69,28,26,5,12,1,3,44,5.79794996055726,1.5812590801519801,3.6666666666666665,0.658857950063325,,,,,1.1859443101139853,,0.7162162162162162,,,3.369962706981304,0.508118335016033,,,,,,,,,307.52002258300786,4.502489148499289,319.50001525878906,4.67789166885793,,,,,,,,,,,,,,,,,,,"Dan Otero","7385",519096
"Joe Wieland","SDP",3,3,,3.8863636363636362,9,9,,,,44,,40,20,19,5,14,2,1,39,7.9772727272727275,2.8636363636363638,2.7857142857142856,1.0227272727272727,,,,,1.2272727272727273,,0.723404255319149,,,3.775127103111961,0.5065627529116663,,,,,,,,,193.10000000000002,4.388636363636365,188,4.2727272727272725,,,,,,,,,,,,,,,,,,,"Joe Wieland","6109",543921
"Andrew Albers","MIN",6,9,,5.225806451612903,28,21,,,,124,,145,77,72,18,33,0,7,73,5.298387096774194,2.3951612903225805,2.212121212121212,1.3064516129032258,,,,,1.435483870967742,,0.6609947643979057,,,4.7252737306779435,0.504499864487767,,,,,,,,,345.19999999999993,2.783870967741935,412,3.3225806451612905,,,,,,,,,,,,,,,,,,,"Andrew Albers","7853",452027
"Jenrry Mejia","NYM",4,4,,4.216867642153397,21,13,,,,74.69999694824219,,77,37,35,7,29,0,3,53,6.385542429546573,3.493976046355672,1.8275862068965518,0.8433735284306795,,,,,1.4190094287881274,,0.7172557172557172,,,4.1321917695358215,0.49829780548529823,,,,,,,,,276.47997741699214,3.7012046681683053,292.49998474121094,3.915662606303412,,,,,,,,,,,,,,,,,,,"Jenrry Mejia","8476",516769
"Antonio Bastardo","PHI",4,2,,3.14168372901613,57,0,,,,48.70000076293945,,37,18,17,5,22,1,1,62,11.457905364647063,4.065708355197345,2.8181818181818183,0.9240246261812147,,,,,1.2114989543264816,,0.7884615384615384,,,3.253193181657281,0.4966006939143205,,,,,,,,,257.680005645752,5.29117046424865,233.50000381469727,4.794661194181952,,,,,,,,,,,,,,,,,,,"Antonio Bastardo","8844",455374
"Carlos Carrasco","CLE",5,7,,5.073720594243135,26,21,,,,115.30000305175781,,127,70,65,15,43,2,5,85,6.634865392471792,3.356461316191613,1.9767441860465116,1.1708585986714928,,,,,1.4744145316603985,,0.6711409395973155,,,4.513595880842806,0.4946722979296506,,,,,,,,,364.5200225830079,3.1614918728091967,407.50001525878906,3.5342584949964273,,,,,,,,,,,,,,,,,,,"Carlos Carrasco","6632",471911
"Robbie Ross Jr.","TEX",4,2,,3.6,64,0,,,,65,,62,28,26,6,21,2,4,58,8.03076923076923,2.9076923076923076,2.761904761904762,0.8307692307692308,,,,,1.2769230769230768,,0.7372654155495979,,,3.6170851450700026,0.4932045651011563,,,,,,,,,287,4.415384615384616,288,4.430769230769231,,,,,,,,,,,,,,,,,,,"Robbie Ross Jr.","6819",543726
"Raul Valdes","HOU",3,5,,4.78854004620103,33,8,,,,73.30000305175781,,78,42,39,11,22,1,4,62,7.61255084267856,2.701227718369812,2.8181818181818183,1.350613859184906,,,,,1.3642564234190968,,0.6855791962174942,,,4.371183106555757,0.4906358952765968,,,,,,,,,250.3200225830078,3.415006987192818,269.50001525878906,3.676671269283476,,,,,,,,,,,,,,,,,,,"Raul Valdes","1953",447744
"Dylan Bundy","BAL",5,6,,4.615384615384615,13,13,,,,78,,81,43,40,10,33,0,5,59,6.8076923076923075,3.8076923076923075,1.7878787878787878,1.1538461538461537,,,,,1.4615384615384615,,0.71,,,4.663238991223849,0.4904488490122543,,,,,,,,,247.60000000000005,3.174358974358975,264,3.3846153846153846,,,,,,,,,,,,,,,,,,,"Dylan Bundy","12917",605164
"Daniel Hudson","ARI",3,3,,4.2857143534107776,8,8,,,,48.29999923706055,,50,25,23,6,12,0,1,36,6.708074640121217,2.236024880040406,3,1.118012440020203,,,,,1.2836439126157886,,0.6902985074626865,,,3.9795314091894025,0.4903129102154672,,,,,,,,,186.61999435424804,3.863768060084247,196.49999618530273,4.068322966649831,,,,,,,,,,,,,,,,,,,"Daniel Hudson","7146",543339
"Carlos Torres","NYM",8,9,,4.138737235928108,41,17,,,,128.3000030517578,,124,63,59,16,43,1,8,102,7.15510505194351,3.016367816015401,2.372093023255814,1.1223694199127074,,,,,1.3016367578154315,,0.719225449515906,,,4.271548812827394,0.4894775636736989,,,,,,,,,481.22002258300773,3.750740538867155,484.50001525878906,3.77630556301184,,,,,,,,,,,,,,,,,,,"Carlos Torres","7624",448614
"Jim Johnson","OAK",5,3,,3.25,69,0,,,,72,,67,28,26,5,18,3,4,52,6.5,2.25,2.888888888888889,0.625,,,,,1.1805555555555556,,0.7307692307692307,,,3.4228543758392336,0.487038044937824,,,,,,,,,335.1,4.654166666666667,333,4.625,,,,,,,,,,,,,,,,,,,"Jim Johnson","3656",462382
"James Paxton","SEA",6,9,,4.425,25,24,,,,120,,116,63,59,14,57,1,8,102,7.65,4.275,1.7894736842105263,1.05,,,,,1.4416666666666667,,0.7170795306388527,,,4.4895210425059,0.48639161438474765,,,,,,,,,423.19999999999993,3.526666666666666,427,3.558333333333333,,,,,,,,,,,,,,,,,,,"James Paxton","11828",572020
"Collin McHugh","HOU",6,10,,5.25,27,24,,,,132,,149,82,77,18,50,1,8,94,6.409090909090909,3.409090909090909,1.88,1.2272727272727273,,,,,1.5075757575757576,,0.673187571921749,,,4.7145210425059005,0.48592123876161897,,,,,,,,,382.00000000000017,2.8939393939393954,440,3.3333333333333335,,,,,,,,,,,,,,,,,,,"Collin McHugh","7531",543521
"Grant Balfour","TBR",3,2,,2.9842932334526187,60,0,,,,57.29999923706055,,44,20,19,6,22,2,0,64,10.052356154787768,3.4554974282082953,2.909090909090909,0.9424083895113533,,,,,1.1518324760694318,,0.798611111111111,,,3.3270864912500047,0.4839664176153202,,,,,,,,,297.819994354248,5.1975566896975405,270.49999618530273,4.720767884589229,,,,,,,,,,,,,,,,,,,"Grant Balfour","718",346797
"Luke Jackson","TEX",8,8,,4.77216250673972,26,25,,,,120.69999694824219,,121,68,64,14,74,0,8,107,7.978459190955469,5.517812898417802,1.445945945945946,1.0439105483493138,,,,,1.6155758486358427,,0.7240592930444698,,,4.820845307162672,0.47844035535186447,,,,,,,,,374.3799774169921,3.10173974219346,389.49998474121094,3.2270090686765625,,,,,,,,,,,,,,,,,,,"Luke Jackson","11752",592426
"Anthony Ranaudo","BOS",7,6,,4.586538461538462,21,20,,,,104,,107,57,53,12,45,0,6,78,6.75,3.894230769230769,1.7333333333333334,1.0384615384615385,,,,,1.4615384615384615,,0.7026627218934912,,,4.519008221993079,0.4784252090404335,,,,,,,,,346.8,3.3346153846153848,367,3.5288461538461537,,,,,,,,,,,,,,,,,,,"Anthony Ranaudo","11424",519168
"Jerome Williams","HOU",6,9,,5.06949535823608,30,19,,,,136.6999969482422,,152,82,77,21,42,1,5,95,6.254572195226332,2.765179286310589,2.261904761904762,1.3825896431552944,,,,,1.4191660887414133,,0.6804374240583232,,,4.6864791380973605,0.4700450726614077,,,,,,,,,407.07997741699234,2.9779077286382263,459.49998474121094,3.361375237741873,,,,,,,,,,,,,,,,,,,"Jerome Williams","1137",425532
"Luke Gregerson","OAK",5,3,,3.3014353665263907,69,0,,,,62.70000076293945,,56,25,23,5,19,2,3,54,7.751196077931526,2.7272726940870187,2.8421052631578947,0.7177033405492154,,,,,1.1961722342486922,,0.7352941176470589,,,3.4146805276754995,0.46912458607167773,,,,,,,,,298.880005645752,4.766826188340547,290.50000381469727,4.633173848163734,,,,,,,,,,,,,,,,,,,"Luke Gregerson","4090",502381
"Jared Burton","MIN",4,4,,3.6610169491525424,63,0,,,,59,,54,26,24,6,19,3,5,56,8.542372881355933,2.8983050847457625,2.9473684210526314,0.9152542372881356,,,,,1.2372881355932204,,0.7275541795665635,,,3.691922172449403,0.46675602306308794,,,,,,,,,262.4,4.447457627118644,257,4.3559322033898304,,,,,,,,,,,,,,,,,,,"Jared Burton","8346",454537
"Cory Burns","TEX",3,2,,3.9004815886971316,59,0,,,,62.29999923706055,,61,29,27,5,26,3,4,53,7.656500896331406,3.7560193076342747,2.0384615384615383,0.7223114053142836,,,,,1.3964687169409482,,0.725,,,3.8343712394036755,0.4651632869257516,,,,,,,,,256.91999435424805,4.123916492785661,262.49999618530273,4.213483136435558,,,,,,,,,,,,,,,,,,,"Cory Burns","6620",451132
"Shawn Kelley","NYY",3,2,,3.880903429961102,50,0,,,,48.70000076293945,,44,22,21,6,19,3,1,57,10.533880738465848,3.511293579488616,3,1.1088295514174578,,,,,1.2936344766537007,,0.7509157509157509,,,3.540667509802548,0.4649377875678834,,,,,,,,,226.18000564575195,4.644353225921799,219.50000381469727,4.507186866036686,,,,,,,,,,,,,,,,,,,"Shawn Kelley","7773",518875
"Zack Britton","BAL",8,9,,4.928732070207827,26,25,,,,133.3000030517578,,145,78,73,17,61,4,6,93,6.279069623689424,4.118529538118869,1.5245901639344261,1.1477869204593572,,,,,1.545386311206716,,0.7025246981339188,,,4.818296945959549,0.4586192734199671,,,,,,,,,385.3200225830077,2.890622758901179,430.50001525878906,3.2295574298796845,,,,,,,,,,,,,,,,,,,"Zack Britton","3240",502154
"Jason Vargas","KCR",10,12,,4.712041884816754,30,30,,,,191,,198,107,100,33,50,1,3,123,5.795811518324608,2.356020942408377,2.46,1.5549738219895288,,,,,1.2984293193717278,,0.6987115956392468,,,4.8384302920696,0.45530736147326967,,,,,,,,,579.6999999999999,3.0350785340314133,613,3.2094240837696337,,,,,,,,,,,,,,,,,,,"Jason Vargas","8044",450306
"Jose De Paula","SFG",5,7,,4.271844800826707,20,18,,,,92.69999694824219,,99,47,44,7,31,0,6,52,5.048543855522472,3.009708836946089,1.6774193548387097,0.6796116728587943,,,,,1.4023732932006867,,0.6905158069883527,,,4.105028089175136,0.45293229750738884,,,,,,,,,335.4799774169922,3.6189858517935334,365.49998474121094,3.942826286664098,,,,,,,,,,,,,,,,,,,"Jose De Paula","5744",517059
"Brian Wilson","LAD",4,3,,3.054830348058762,41,0,,,,38.29999923706055,,32,14,13,3,14,0,1,39,9.164491044176287,3.2898172979094364,2.7857142857142856,0.7049608495520221,,,,,1.2010444103478894,,0.7655502392344498,,,3.2045123424063497,0.4446754809765077,,,,,,,,,196.31999435424808,5.125848518667366,185.49999618530273,4.843342033432884,,,,,,,,,,,,,,,,,,,"Brian Wilson","6485",451216
"Sam LeCure","CIN",3,1,,3.15,55,0,,,,60,,50,22,21,6,21,1,2,63,9.45,3.15,3,0.9,,,,,1.1833333333333333,,0.7827476038338658,,,3.3978543758392337,0.4428067310470998,,,,,,,,,297.2,4.953333333333333,279,4.65,,,,,,,,,,,,,,,,,,,"Sam LeCure","4664",459967
"Matt Reynolds","ARI",2,1,,3.5831381092806223,53,0,,,,42.70000076293945,,40,18,17,4,12,3,0,40,8.430913198307346,2.529273959492204,3.3333333333333335,0.8430913198307346,,,,,1.217798573088839,,0.7327586206896552,,,3.2352080024682857,0.44211355584523265,,,,,,,,,206.780005645752,4.842622996513439,205.50000381469727,4.8126463733709475,,,,,,,,,,,,,,,,,,,"Matt Reynolds","8887",519186
"Colby Lewis","TEX",5,4,,4.846153846153846,14,14,,,,78,,80,45,42,14,22,0,3,65,7.5,2.5384615384615383,2.9545454545454546,1.6153846153846154,,,,,1.3076923076923077,,0.6917475728155339,,,4.676059504044362,0.44105425975369883,,,,,,,,,252,3.230769230769231,263,3.371794871794872,,,,,,,,,,,,,,,,,,,"Colby Lewis","1259",407890
"Kyle Crick","SFG",4,4,,3.825265781272547,19,19,,,,84.69999694824219,,72,39,36,4,61,0,6,82,8.713105390676358,6.481700351600705,1.3442622950819672,0.4250295312525052,,,,,1.5702479904606443,,0.7378335949764521,,,4.098621828102371,0.43836002014774933,,,,,,,,,353.3799774169921,4.172136837654585,334.49998474121094,3.949232547736862,,,,,,,,,,,,,,,,,,,"Kyle Crick","13182",605195
"Scott Diamond","MIN",9,14,,5.173652694610778,29,29,,,,167,,199,103,96,23,45,3,5,83,4.473053892215569,2.4251497005988023,1.8444444444444446,1.2395209580838322,,,,,1.4610778443113772,,0.6657223796033994,,,4.742465154282347,0.43696657001997197,,,,,,,,,451.4999999999999,2.7035928143712566,552,3.305389221556886,,,,,,,,,,,,,,,,,,,"Scott Diamond","5089",539438
"TJ House","CLE",7,11,,5.141087297389172,27,27,,,,145.3000030517578,,162,89,83,17,65,0,9,96,5.946317837944102,4.026152702774652,1.476923076923077,1.0529937838026016,,,,,1.5622848949228139,,0.6791338582677166,,,4.775314766260495,0.436001651404308,,,,,,,,,414.9200225830079,2.8556091800989694,475.50001525878906,3.2725396095787387,,,,,,,,,,,,,,,,,,,"TJ House","9121",543334
"Sean O'Sullivan","PHI",7,10,,4.829931861377307,27,21,,,,132.3000030517578,,149,76,71,14,50,1,8,72,4.8979590706924805,3.4013604657586667,1.44,0.9523809304124268,,,,,1.5041571837466106,,0.68561872909699,,,4.6502730841522055,0.43442254151294457,,,,,,,,,389.4200225830078,2.9434619319748663,449.50001525878906,3.397581291687028,,,,,,,,,,,,,,,,,,,"Sean O'Sullivan","9137",457711
"Aaron Loup","TOR",5,3,,3.713892865665771,67,0,,,,72.69999694824219,,71,32,30,7,17,3,5,58,7.180192873620491,2.104539290543937,3.411764705882353,0.86657500198868,,,,,1.210453971031807,,0.7161125319693095,,,3.6118158850699618,0.43310559808393434,,,,,,,,,317.2799774169922,4.364236461287275,322.49998474121094,4.436038490769271,,,,,,,,,,,,,,,,,,,"Aaron Loup","10343",571901
"Josh Outman","CLE",2,2,,3.7557961586055684,65,0,,,,64.69999694824219,,60,29,27,6,26,2,4,69,9.598145738658674,3.6166925971757324,2.6538461538461537,0.8346213685790151,,,,,1.3292118092184315,,0.7345360824742269,,,3.5115329139386864,0.42398396448978887,,,,,,,,,296.9799774169922,4.590108059117315,293.49998474121094,4.536321461900547,,,,,,,,,,,,,,,,,,,"Josh Outman","4004",489189
"J.J. Putz","ARI",3,1,,3.2142857142857144,47,0,,,,42,,35,16,15,4,13,1,1,45,9.642857142857142,2.7857142857142856,3.4615384615384617,0.8571428571428571,,,,,1.1428571428571428,,0.7547169811320755,,,3.143092471077329,0.4210672845329202,,,,,,,,,218.60000000000002,5.204761904761905,206,4.904761904761905,,,,,,,,,,,,,,,,,,,"J.J. Putz","1795",407816
"Brian Duensing","MIN",4,4,,4.123222798511364,69,0,,,,63.29999923706055,,65,31,29,6,21,4,2,55,7.8199053075215526,2.9857820265082293,2.619047619047619,0.8530805790023512,,,,,1.3586098110037446,,0.7087628865979382,,,3.6323725503408446,0.4171696353666913,,,,,,,,,266.61999435424804,4.212006280691213,279.49999618530273,4.415481825498389,,,,,,,,,,,,,,,,,,,"Brian Duensing","4064",488846
"Boone Logan","COL",5,3,,3.8863636363636362,67,0,,,,44,,40,20,19,5,16,4,2,51,10.431818181818182,3.272727272727273,3.1875,1.0227272727272727,,,,,1.2727272727272727,,0.7346938775510204,,,3.43421801220287,0.41598818186597997,,,,,,,,,208.10000000000002,4.729545454545455,203,4.613636363636363,,,,,,,,,,,,,,,,,,,"Boone Logan","5525",457429
"Matt Lindstrom","CHW",2,2,,3.757115695133742,61,0,,,,52.70000076293945,,52,24,22,4,18,2,2,42,7.172675417982599,3.074003750563971,2.3333333333333335,0.6831119445697713,,,,,1.328273225552333,,0.7142857142857142,,,3.579163666060167,0.4157062418987465,,,,,,,,,229.58000564575198,4.356356780305798,235.50000381469727,4.468690709779067,,,,,,,,,,,,,,,,,,,"Matt Lindstrom","4604",434637
"Trevor May","MIN",7,12,,5.131860187732043,26,26,,,,140.3000030517578,,146,86,80,21,68,0,7,127,8.146828048024618,4.362081159572236,1.8676470588235294,1.3471132992796613,,,,,1.5253028891314682,,0.6933911159263272,,,4.78698477279287,0.4145294235130931,,,,,,,,,429.3200225830079,3.060014349569389,457.50001525878906,3.2608696030463635,,,,,,,,,,,,,,,,,,,"Trevor May","6398",543507
"Sergio Santos","TOR",2,1,,3.375,35,0,,,,32,,26,13,12,3,11,2,1,37,10.40625,3.09375,3.3636363636363638,0.84375,,,,,1.15625,,0.7317073170731708,,,3.0791043758392336,0.41336984330547605,,,,,,,,,170.3,5.321875,159,4.96875,,,,,,,,,,,,,,,,,,,"Sergio Santos","4734",435045
"Drew Hutchison","TOR",4,4,,4.553119788764835,14,13,,,,59.29999923706055,,60,32,30,8,24,0,3,50,7.588532981274725,3.642495831011868,2.0833333333333335,1.214165277003956,,,,,1.4165261565046154,,0.7142857142857143,,,4.481243938968904,0.41017235798293505,,,,,,,,,203.41999435424816,3.430354080462068,211.49999618530273,3.5666104368703295,,,,,,,,,,,,,,,,,,,"Drew Hutchison","10732",571800
"Raúl Alcántara","OAK",8,10,,4.768656716417911,28,24,,,,134,,149,76,71,17,39,0,8,73,4.902985074626866,2.6194029850746268,1.8717948717948718,1.1417910447761195,,,,,1.4029850746268657,,0.6820950060901341,,,4.6597946743466965,0.4097094403646666,,,,,,,,,400.09999999999985,2.985820895522387,454,3.388059701492537,,,,,,,,,,,,,,,,,,,"Raul Alcantara","12790",593417
"Huston Street","SDP",3,2,,3.2206759931845084,54,0,,,,50.29999923706055,,43,19,18,6,12,1,0,49,8.767395759224495,2.1471173287896725,4.083333333333333,1.0735586643948363,,,,,1.093439380402148,,0.7725321888412017,,,3.365945831956222,0.407432135053847,,,,,,,,,248.61999435424804,4.942743501496263,235.49999618530273,4.6819085438830115,,,,,,,,,,,,,,,,,,,"Huston Street","8258",434718
"Carson Smith","SEA",3,2,,3.554757581471009,49,0,,,,55.70000076293945,,49,24,22,4,24,3,4,56,9.048473843744386,3.877917361604737,2.3333333333333335,0.6463195602674562,,,,,1.3105924416534527,,0.7270029673590503,,,3.4787340826842046,0.4048626127596363,,,,,,,,,263.58000564575195,4.732136481784889,254.50000381469727,4.569120293155029,,,,,,,,,,,,,,,,,,,"Carson Smith","13172",605476
"Anthony Swarzak","MIN",3,2,,3.754227863100273,48,0,,,,88.69999694824219,,88,40,37,9,23,1,2,68,6.899662018670772,2.333709212197467,2.9565217391304346,0.913190561294661,,,,,1.251409287700091,,0.7215447154471545,,,3.6791959984627027,0.399135954157394,,,,,,,,,377.8799774169922,4.260202823202925,387.49998474121094,4.368658377376531,,,,,,,,,,,,,,,,,,,"Anthony Swarzak","7466",461872
"Tommy Hanson","TEX",7,9,,5.311236994410744,23,22,,,,123.69999694824219,,133,78,73,24,49,3,4,109,7.93047715603796,3.5650768866592664,2.2244897959183674,1.7461601077514775,,,,,1.4713015722720781,,0.7008086253369272,,,5.093125242788881,0.39795062502982825,,,,,,,,,333.3799774169922,2.695068598558519,365.49998474121094,2.954729133050353,,,,,,,,,,,,,,,,,,,"Tommy Hanson","9129",462102
"Brad Boxberger","TBR",4,2,,3.25,60,0,,,,72,,57,28,26,7,36,1,4,86,10.75,4.5,2.388888888888889,0.875,,,,,1.2916666666666667,,0.78125,,,3.5895210425059,0.3968928732728021,,,,,,,,,350.5,4.868055555555555,321,4.458333333333333,,,,,,,,,,,,,,,,,,,"Brad Boxberger","10133",502202
"Jack Leathersich","NYM",3,2,,3.409090909090909,47,0,,,,66,,51,27,25,5,42,1,3,85,11.590909090909092,5.7272727272727275,2.0238095238095237,0.6818181818181818,,,,,1.4090909090909092,,0.7674418604651163,,,3.502399830384688,0.3953449233677343,,,,,,,,,329.30000000000007,4.98939393939394,300,4.545454545454546,,,,,,,,,,,,,,,,,,,"Jack Leathersich","12562",605333
"Wilton Lopez","COL",4,3,,4.155843972833632,70,0,,,,69.30000305175781,,76,34,32,7,15,3,2,48,6.233765959250448,1.948051862265765,3.2,0.9090908690573569,,,,,1.3131312553050711,,0.7019704433497537,,,3.71163501038905,0.39513965812927226,,,,,,,,,274.12002258300777,3.955555707238236,300.50001525878906,4.336219365450184,,,,,,,,,,,,,,,,,,,"Wilton Lopez","4227",446641
"Mariano Rivera","NYY",3,2,,3.6,36,0,,,,35,,34,15,14,4,7,2,1,31,7.9714285714285715,1.8,4.428571428571429,1.0285714285714285,,,,,1.1714285714285715,,0.7344632768361582,,,3.4478543758392335,0.39152551655375334,,,,,,,,,159.4,4.554285714285714,161,4.6,,,,,,,,,,,,,,,,,,,"Mariano Rivera","844",121250
"Rafael Betancourt","COL",3,2,,3.7388723189159285,37,0,,,,33.70000076293945,,33,15,14,3,10,2,0,31,8.278931563313842,2.6706230849399493,3.1,0.8011869254819848,,,,,1.2759643628046424,,0.7216494845360826,,,3.2555695046678963,0.3829636585899111,,,,,,,,,158.68000564575198,4.708605402177185,161.50000381469727,4.792284871171337,,,,,,,,,,,,,,,,,,,"Rafael Betancourt","177",429783
"Paco Rodríguez","LAD",3,2,,3.0215826785303443,59,0,,,,41.70000076293945,,33,15,14,4,16,3,2,47,10.143884706494728,3.453237346891822,2.9375,0.8633093367229555,,,,,1.1750599305395784,,0.783410138248848,,,3.3356241547468857,0.3812755063025563,,,,,,,,,213.58000564575195,5.121822583647756,196.50000381469727,4.712230221092348,,,,,,,,,,,,,,,,,,,"Paco Rodriguez","13398",572089
"T.J. McFarland","BAL",6,8,,5.00455802436371,31,14,,,,109.69999694824219,,122,65,61,13,45,2,5,69,5.660893502968787,3.691887067153557,1.5333333333333334,1.06654515273325,,,,,1.522333679542331,,0.6854838709677419,,,4.697808842888107,0.3797995842464525,,,,,,,,,322.67997741699224,2.941476630753569,367.49998474121094,3.3500455329511265,,,,,,,,,,,,,,,,,,,"T.J. McFarland","3237",519008
"Angel Castro","STL",5,5,,4.3742404210313195,22,12,,,,82.30000305175781,,85,43,40,7,34,2,5,54,5.905224568392282,3.718104357876622,1.588235294117647,0.765492073680481,,,,,1.445929472507575,,0.6959706959706959,,,4.262921159459045,0.37775323077942347,,,,,,,,,292.92002258300784,3.5591738969777773,311.50001525878906,3.784933216380189,,,,,,,,,,,,,,,,,,,"Angel Castro","3243",502162
"Josh Lueke","TBR",3,3,,4,53,0,,,,72,,70,34,32,6,29,1,4,61,7.625,3.625,2.103448275862069,0.75,,,,,1.375,,0.717439293598234,,,3.8117432647281224,0.3751908895087924,,,,,,,,,300.00000000000006,4.166666666666668,305,4.236111111111111,,,,,,,,,,,,,,,,,,,"Josh Lueke","5722",518961
"Carter Capps","MIA",3,3,,3.8247010402116697,60,0,,,,75.30000305175781,,71,34,32,8,28,3,3,78,9.322708785515944,3.3466134101852107,2.7857142857142856,0.9561752600529174,,,,,1.3147409825727614,,0.7403189066059226,,,3.5923430655915896,0.3734711088396379,,,,,,,,,337.2200225830078,4.47835337206053,335.50001525878906,4.455511310247644,,,,,,,,,,,,,,,,,,,"Carter Capps","12803",605169
"Erik Goeddel","NYM",5,8,,4.660714285714286,23,22,,,,112,,115,62,58,13,51,1,6,85,6.830357142857143,4.098214285714286,1.6666666666666667,1.0446428571428572,,,,,1.4821428571428572,,0.7036535859269283,,,4.565711518696377,0.3702001475852468,,,,,,,,,368.9000000000001,3.2937500000000006,390,3.482142857142857,,,,,,,,,,,,,,,,,,,"Erik Goeddel","11712",592340
"Johan Santana","NYM",2,3,,4.429530125739077,9,9,,,,44.70000076293945,,45,24,22,6,15,0,0,37,7.449664302379356,3.0201341766402794,2.466666666666667,1.2080536706561118,,,,,1.3422818562845686,,0.6976744186046512,,,4.144051225138298,0.36942393313076954,,,,,,,,,168.98000564575193,3.780313260885946,174.50000381469727,3.9038031507009356,,,,,,,,,,,,,,,,,,,"Johan Santana","755",276371
"Vinnie Pestano","CLE",2,2,,3.6315789473684212,60,0,,,,57,,49,25,23,6,24,1,3,66,10.421052631578947,3.789473684210526,2.75,0.9473684210526315,,,,,1.280701754385965,,0.7430340557275542,,,3.5215385863655495,0.368633881340542,,,,,,,,,271.5999999999999,4.764912280701753,258,4.526315789473684,,,,,,,,,,,,,,,,,,,"Vinnie Pestano","4782",502260
"Kevin Correia","MIN",8,12,,5.065202576923621,26,25,,,,145.6999969482422,,170,88,82,22,40,1,2,82,5.065202576923621,2.4708305253285956,2.05,1.3589567889307275,,,,,1.4413178064416807,,0.6808035714285715,,,4.749982071065599,0.3680598413774171,,,,,,,,,403.57997741699216,2.7699381322592487,480.49998474121094,3.2978723047736342,,,,,,,,,,,,,,,,,,,"Kevin Correia","1767",429781
"Cody Anderson","CLE",5,7,,5.072727272727272,25,25,,,,110,,121,66,62,15,40,0,7,75,6.136363636363637,3.272727272727273,1.875,1.2272727272727273,,,,,1.4636363636363636,,0.6785714285714286,,,4.738763466748324,0.3676225180769935,,,,,,,,,323.9,2.9445454545454544,364,3.309090909090909,,,,,,,,,,,,,,,,,,,"Cody Anderson","12799",594736
"Mike Dunn","MIA",4,3,,3.412322316009405,72,0,,,,63.29999923706055,,55,26,24,5,30,5,1,67,9.526066465526254,4.265402895011756,2.2333333333333334,0.7109004825019594,,,,,1.342812022503701,,0.7564102564102564,,,3.4270012998402786,0.3652382818977909,,,,,,,,,304.91999435424805,4.817061580242881,292.49999618530273,4.620853075998955,,,,,,,,,,,,,,,,,,,"Mike Dunn","9948",445197
"Mike Adams","PHI",4,3,,3.6272039605204784,44,0,,,,39.70000076293945,,36,17,16,4,13,1,1,38,8.614609406236136,2.947103217922889,2.923076923076923,0.9068009901301196,,,,,1.234256903232663,,0.7373271889400922,,,3.5012548709042934,0.36428811898856667,,,,,,,,,184.98000564575193,4.659445896495638,180.50000381469727,4.546599504934941,,,,,,,,,,,,,,,,,,,"Mike Adams","1937",430606
"Wesley Wright","CHC",2,2,,3.4315424156315584,69,1,,,,57.70000076293945,,51,24,22,5,20,1,4,57,8.890814440499947,3.1195840142105076,2.85,0.7798960035526269,,,,,1.2305025833830334,,0.734375,,,3.446467888766132,0.3607812360471593,,,,,,,,,274.880005645752,4.763951507992123,265.50000381469727,4.601386487073102,,,,,,,,,,,,,,,,,,,"Wesley Wright","5960",449079
"Kyle Zimmer","KCR",7,9,,4.813753721971447,23,23,,,,104.69999694824219,,103,60,56,16,47,0,6,98,8.424069013450033,4.040114730940322,2.0851063829787235,1.3753582062775564,,,,,1.4326647982057878,,0.7053291536050157,,,4.681092245793832,0.35701776704157584,,,,,,,,,347.17997741699213,3.3159502152480336,352.49998474121094,3.366762130045402,,,,,,,,,,,,,,,,,,,"Kyle Zimmer","14169",622092
"Dane De La Rosa","LAA",4,3,,3.6154951367807104,70,0,,,,69.69999694824219,,62,30,28,6,29,1,2,65,8.393113710383792,3.7446199630943076,2.2413793103448274,0.7747489578815808,,,,,1.3055954660597011,,0.738498789346247,,,3.6360896957122857,0.3535468613549692,,,,,,,,,317.7799774169922,4.559253821100871,307.49998474121094,4.4117646801269474,,,,,,,,,,,,,,,,,,,"Dane De La Rosa","10095",451773
"Joakim Soria","TEX",3,2,,3.7592136887456404,43,0,,,,40.70000076293945,,36,18,17,5,14,1,1,44,9.729729547341657,3.0958230377905274,3.142857142857143,1.1056510849251884,,,,,1.2285012054724316,,0.7441860465116279,,,3.5883949062471032,0.3531835789565315,,,,,,,,,189.08000564575195,4.645700297330809,181.50000381469727,4.45945946959213,,,,,,,,,,,,,,,,,,,"Joakim Soria","6941",465657
"Rafael Soriano","WSN",3,2,,3.492063445075256,59,0,,,,56.70000076293945,,52,24,22,6,17,2,0,48,7.619047516527831,2.698412662103607,2.823529411764706,0.9523809395659789,,,,,1.2169312005565287,,0.7425742574257426,,,3.629864950018443,0.35315530397234357,,,,,,,,,255.58000564575192,4.5075838131699895,250.50000381469727,4.417989425820791,,,,,,,,,,,,,,,,,,,"Rafael Soriano","1100",400089
"Corey Black","CHC",5,6,,4.464487188551676,21,21,,,,88.69999694824219,,85,47,44,8,51,1,6,72,7.305524490357288,5.174746514003079,1.411764705882353,0.811724943373032,,,,,1.5332582263712826,,0.7131410256410257,,,4.524742814476278,0.3518401684233372,,,,,,,,,309.97997741699226,3.494701105771969,312.49998474121094,3.523111561362956,,,,,,,,,,,,,,,,,,,"Corey Black","sa658004",621203
"Jake Odorizzi","TBR",7,10,,4.5661764705882355,27,25,,,,136,,135,74,69,17,62,1,9,100,6.617647058823529,4.102941176470588,1.6129032258064515,1.125,,,,,1.4485294117647058,,0.710161662817552,,,4.768442611133351,0.35108882582565537,,,,,,,,,433.30000000000007,3.1860294117647063,446,3.2794117647058822,,,,,,,,,,,,,,,,,,,"Jake Odorizzi","6397",543606
"Jesus Adrian Castillo","OAK",3,3,,3.8388626055105806,39,5,,,,63.29999923706055,,64,29,27,5,20,2,4,39,5.545023763515283,2.8436019300078375,1.95,0.7109004825019594,,,,,1.3270142340036575,,0.7142857142857143,,,3.9799238973418025,0.34767709459874707,,,,,,,,,246.51999435424804,3.894470731840338,257.49999618530273,4.0679304784974315,,,,,,,,,,,,,,,,,,,"Jesus Adrian Castillo","sa287103",447763
"Dylan Axelrod","CHW",6,8,,5.273708682298239,28,21,,,,129.6999969482422,,148,81,76,20,50,1,6,88,6.1063995268716456,3.469545185722526,1.76,1.3878180742890105,,,,,1.5265998817179114,,0.6882352941176471,,,4.990799679843848,0.3472275207268581,,,,,,,,,336.9799774169921,2.598149462960023,396.49998474121094,3.0570546959953853,,,,,,,,,,,,,,,,,,,"Dylan Axelrod","9303",518420
"John Axford","CLE",6,5,,3.8356166165201366,71,0,,,,65.69999694824219,,60,30,28,8,26,2,1,74,10.13698677223179,3.5616440010544124,2.8461538461538463,1.0958904618628962,,,,,1.3089802738917926,,0.7486631016042781,,,3.6110203076298886,0.34403300349512084,,,,,,,,,298.7799774169922,4.547640658984629,291.49998474121094,4.436834068209345,,,,,,,,,,,,,,,,,,,"John Axford","9059",446099
"Jason Frasor","TEX",3,2,,3.8255032904110204,53,0,,,,44.70000076293945,,40,20,19,5,19,2,1,47,9.463087086806208,3.8255032904110204,2.473684210526316,1.0067113922134263,,,,,1.319910492013159,,0.75,,,3.7413666682529274,0.34368380766883283,,,,,,,,,199.28000564575194,4.4581655983096535,192.50000381469727,4.306487707586307,,,,,,,,,,,,,,,,,,,"Jason Frasor","1906",430630
"Jason Motte","STL",4,2,,3.0784707776924183,52,0,,,,49.70000076293945,,42,18,17,5,14,1,3,50,9.054325816742407,2.535211228687874,3.5714285714285716,0.9054325816742407,,,,,1.1267605460834995,,0.7755102040816326,,,3.3697859604345193,0.3433669377190102,,,,,,,,,246.080005645752,4.951307884672111,232.50000381469727,4.678068415404715,,,,,,,,,,,,,,,,,,,"Jason Motte","5861",435400
"Jake Arrieta","CHC",8,11,,4.6385111965326615,28,26,,,,139.6999969482422,,135,77,72,17,69,2,8,115,7.4087331611285565,4.445239896677133,1.6666666666666667,1.0952040325146561,,,,,1.4602720433528749,,0.704772475027747,,,4.636973952429127,0.340386370401036,,,,,,,,,472.6799774169923,3.3835360611505005,476.49998474121094,3.4108804234101067,,,,,,,,,,,,,,,,,,,"Jake Arrieta","4153",453562
"Aaron Northcraft","ATL",8,9,,4.407039123559419,25,25,,,,130.6999969482422,,133,68,64,12,64,1,9,93,6.403978726422281,4.407039123559419,1.453125,0.8263198356673911,,,,,1.5072685891340374,,0.7158712541620422,,,4.493914088257168,0.33748403522530057,,,,,,,,,440.77997741699215,3.3724559120804196,464.49998474121094,3.5539402875820656,,,,,,,,,,,,,,,,,,,"Aaron Northcraft","10218",573062
"Adalberto Mejía","SFG",6,8,,4.1993635968670135,22,16,,,,94.30000305175781,,97,47,44,10,28,0,6,63,6.012725150059587,2.672322288915372,2.25,0.9544008174697757,,,,,1.325556690930244,,0.7027027027027027,,,4.171926449748081,0.33632565277460513,,,,,,,,,346.62002258300777,3.6757159211623858,365.50001525878906,3.875927926091153,,,,,,,,,,,,,,,,,,,"Adalberto Mejia","13188",606167
"Matt Shoemaker","LAA",8,12,,4.888352534206808,27,27,,,,165.6999969482422,,192,96,90,24,38,0,10,100,5.4315028157853416,2.0639710699984297,2.6315789473684212,1.3035606757884821,,,,,1.3880507195895875,,0.6822810590631364,,,4.592815176773731,0.3351731198545272,,,,,,,,,487.7799774169921,2.943753689804559,572.4999847412109,3.455039199065503,,,,,,,,,,,,,,,,,,,"Matt Shoemaker","4776",533167
"Francisco Rodríguez","MIL",4,3,,3.679727379771564,62,0,,,,58.70000076293945,,52,26,24,7,23,3,1,64,9.812606346057503,3.5264054056144154,2.782608695652174,1.0732538191000396,,,,,1.2776831179762376,,0.7515337423312883,,,3.6441064975614776,0.3340709832373116,,,,,,,,,269.08000564575184,4.583986407980371,258.50000381469727,4.4037478782777555,,,,,,,,,,,,,,,,,,,"Francisco Rodriguez","1642",408061
"Neftalí Feliz","TEX",2,1,,3.6486486486486487,27,4,,,,37,,32,16,15,4,18,1,1,35,8.513513513513514,4.378378378378378,1.9444444444444444,0.972972972972973,,,,,1.3513513513513513,,0.7657657657657658,,,4.101908429893287,0.3338431936792613,,,,,,,,,154.40000000000003,4.172972972972974,146,3.945945945945946,,,,,,,,,,,,,,,,,,,"Neftali Feliz","18",491703
"John Danks","CHW",6,9,,5.121951219512195,21,21,,,,123,,135,75,70,21,39,1,4,86,6.2926829268292686,2.8536585365853657,2.2051282051282053,1.5365853658536586,,,,,1.4146341463414633,,0.6846473029045643,,,4.917773075026226,0.3335181154770088,,,,,,,,,343.9000000000001,2.7959349593495944,385,3.130081300813008,,,,,,,,,,,,,,,,,,,"John Danks","6329",433579
"Casey Fien","MIN",4,4,,4.068716150166077,58,0,,,,55.29999923706055,,52,27,25,8,17,3,1,58,9.4394214683853,2.7667269821129326,3.411764705882353,1.3019891680531448,,,,,1.2477396193842638,,0.726643598615917,,,3.8073480572035683,0.33183648050948505,,,,,,,,,237.619994354248,4.296925816140004,234.49999618530273,4.240506318635665,,,,,,,,,,,,,,,,,,,"Casey Fien","3926",502272
"Donn Roach","SDP",7,11,,4.586466282345733,24,23,,,,119.69999694824219,,129,65,61,9,49,0,8,57,4.2857143949788,3.6842106202449334,1.163265306122449,0.6766917465756,,,,,1.4870509986476148,,0.683192261185006,,,4.501488498112745,0.33121220242361915,,,,,,,,,382.67997741699213,3.196992374047106,424.49998474121094,3.5463658777264886,,,,,,,,,,,,,,,,,,,"Donn Roach","10620",543698
"LaTroy Hawkins","COL",2,2,,4.269449653561071,56,0,,,,52.70000076293945,,59,27,25,6,11,1,1,35,5.977229514985499,1.878557847566871,3.1818181818181817,1.0246679168546569,,,,,1.328273225552333,,0.698051948051948,,,3.882768974757843,0.3257089395498983,,,,,,,,,196.78000564575197,3.733965897475561,219.50000381469727,4.165085401081391,,,,,,,,,,,,,,,,,,,"LaTroy Hawkins","729",115629
"Kevin Siegrist","STL",4,2,,3.254972920132862,58,0,,,,55.29999923706055,,45,21,20,4,26,1,2,58,9.4394214683853,4.2314647961727205,2.230769230769231,0.6509945840265724,,,,,1.2839059851635177,,0.7645259938837919,,,3.4095180336317736,0.32273205190815896,,,,,,,,,275.019994354248,4.973236856212055,256.49999618530273,4.6383363422074595,,,,,,,,,,,,,,,,,,,"Kevin Siegrist","8180",543779
"Casey Sadler","PIT",6,9,,4.407039123559419,28,22,,,,130.6999969482422,,139,68,64,13,41,1,7,64,4.407039123559419,2.8232594385302527,1.5609756097560976,0.895179821973007,,,,,1.3771997261123186,,0.6922126081582199,,,4.4633096498991165,0.31834301705066886,,,,,,,,,429.8799774169922,3.2890588175547295,468.49998474121094,3.584544725940117,,,,,,,,,,,,,,,,,,,"Casey Sadler","11209",594987
"Edgar Gonzalez","CIN",4,5,,4.642438286429106,21,14,,,,85.30000305175781,,90,47,44,13,24,0,4,52,5.486517974870761,2.5322390653249665,2.1666666666666665,1.3716294937176903,,,,,1.336459506699288,,0.6993736951983299,,,4.794630397753215,0.318078487076234,,,,,,,,,257.3200225830078,3.0166472846064583,277.50001525878906,3.2532239780860186,,,,,,,,,,,,,,,,,,,"Edgar Gonzalez","1727",429440
"Boone Whiting","STL",5,5,,4.556962160727799,22,21,,,,102.69999694824219,,107,56,52,12,39,0,7,72,6.309639914853874,3.4177216205458487,1.8461538461538463,1.0516066524756458,,,,,1.4216164005689285,,0.6965944272445821,,,4.508419170944297,0.31768405069930744,,,,,,,,,340.17997741699224,3.3123659934326293,363.49998474121094,3.5394352048949367,,,,,,,,,,,,,,,,,,,"Boone Whiting","sa549392",595031
"Seth Rosin","LAD",4,5,,4.360824742268041,32,15,,,,97,,98,50,47,12,32,1,5,70,6.494845360824742,2.9690721649484537,2.1875,1.1134020618556701,,,,,1.3402061855670102,,0.7067137809187279,,,4.357132726354697,0.31485098330167455,,,,,,,,,344.40000000000003,3.550515463917526,358,3.6907216494845363,,,,,,,,,,,,,,,,,,,"Seth Rosin","10606",519229
"Jake Buchanan","HOU",6,11,,5.480557470833939,29,22,,,,136.3000030517578,,166,89,83,18,41,2,9,69,4.556126090211347,2.707263328966163,1.6829268292682926,1.188554632229047,,,,,1.5187086967371157,,0.6490649064906491,,,4.852696595150009,0.31479711699526075,,,,,,,,,343.620022583008,2.521056602269654,435.50001525878906,3.195157780689225,,,,,,,,,,,,,,,,,,,"Jake Buchanan","10962",594772
"Joe Smith","LAA",5,3,,3.270142219509013,70,0,,,,63.29999923706055,,56,25,23,5,23,2,2,54,7.677725211021161,3.270142219509013,2.347826086956522,0.7109004825019594,,,,,1.2480252915034398,,0.75,,,3.553383607840627,0.3146526397953933,,,,,,,,,294.319994354248,4.64960502214242,284.49999618530273,4.494470767998607,,,,,,,,,,,,,,,,,,,"Joe Smith","3281",501925
"C.C. Lee","CLE",1,1,,3.7837838704744144,31,0,,,,33.29999923706055,,31,15,14,3,14,0,2,35,9.459459676186036,3.7837838704744144,2.5,0.8108108293873745,,,,,1.351351382312291,,0.7352941176470589,,,3.558364898046099,0.3145435647648715,,,,,,,,,150.91999435424805,4.532132066426138,149.49999618530273,4.489489477793135,,,,,,,,,,,,,,,,,,,"C.C. Lee","5177",547348
"Luis Mendoza","KCR",5,7,,4.786399429877348,25,17,,,,114.69999694824219,,125,65,61,12,48,1,6,68,5.33565838084688,3.7663470923625035,1.4166666666666667,0.9415867730906259,,,,,1.5082825161544284,,0.6914212548015365,,,4.6346024564178805,0.31423772157835367,,,,,,,,,350.1799774169922,3.053007730898277,391.49998474121094,3.4132519194213526,,,,,,,,,,,,,,,,,,,"Luis Mendoza","3126",434669
"Brad Peacock","HOU",7,12,,5.255474452554744,29,25,,,,137,,141,86,80,23,63,1,8,126,8.277372262773723,4.138686131386861,2,1.510948905109489,,,,,1.489051094890511,,0.6868451688009313,,,4.945664594817336,0.3140184522748521,,,,,,,,,403.30000000000007,2.9437956204379567,425,3.102189781021898,,,,,,,,,,,,,,,,,,,"Brad Peacock","5401",502748
"Christian Friedrich","COL",4,5,,5.421686968482939,15,15,,,,74.69999694824219,,86,48,45,11,28,0,4,52,6.265060496913619,3.373494113722718,1.8571428571428572,1.3253012589624962,,,,,1.52610448001742,,0.6693711967545639,,,4.855083365333547,0.3126291897118025,,,,,,,,,201.8799774169922,2.702543315455152,238.49998474121094,3.192771010505687,,,,,,,,,,,,,,,,,,,"Christian Friedrich","7942",543184
"Louis Coleman","KCR",3,2,,3.506493352078377,53,0,,,,69.30000305175781,,59,29,27,7,31,4,3,75,9.740259311328824,4.025973848682581,2.4193548387096775,0.9090908690573569,,,,,1.29870124151051,,0.7605985037406483,,,3.668344969005366,0.31129818889124544,,,,,,,,,321.3200225830078,4.636652358341526,303.50001525878906,4.379509406833868,,,,,,,,,,,,,,,,,,,"Louis Coleman","9720",488786
"Brandon Maurer","SEA",6,10,,4.984615384615385,28,23,,,,130,,141,77,72,15,59,0,9,96,6.6461538461538465,4.084615384615384,1.6271186440677967,1.0384615384615385,,,,,1.5384615384615385,,0.6871508379888268,,,4.6401620681469256,0.3101931555403879,,,,,,,,,398.9,3.068461538461538,443,3.4076923076923076,,,,,,,,,,,,,,,,,,,"Brandon Maurer","4878",543506
"Vidal Nuño","NYY",4,5,,5.197183098591549,18,12,,,,71,,79,44,41,13,19,0,4,52,6.591549295774648,2.408450704225352,2.736842105263158,1.647887323943662,,,,,1.380281690140845,,0.6766917293233083,,,4.935178319501206,0.3095751541976264,,,,,,,,,195.1,2.747887323943662,221,3.112676056338028,,,,,,,,,,,,,,,,,,,"Vidal Nuno","9674",573064
"Troy Patton","BAL",2,1,,3.986371328085861,51,0,,,,58.70000076293945,,58,28,26,7,16,2,2,47,7.20613278538598,2.453151586514376,2.9375,1.0732538191000396,,,,,1.2606473430698877,,0.7165109034267912,,,3.916678896063075,0.3056408425111108,,,,,,,,,237.48000564575187,4.0456559209397165,242.50000381469727,4.131175479776158,,,,,,,,,,,,,,,,,,,"Troy Patton","8368",461856
"Fernando Abad","OAK",3,3,,4.151565021953991,55,3,,,,60.70000076293945,,61,30,28,7,19,1,3,48,7.116968609063984,2.817133407754494,2.526315789473684,1.0378912554884978,,,,,1.3179571498266638,,0.7122507122507122,,,4.052796702582064,0.30478594720393504,,,,,,,,,234.48000564575196,3.862932499152691,242.50000381469727,3.9950576732571688,,,,,,,,,,,,,,,,,,,"Fernando Abad","4994",472551
"Matt Thornton","NYY",4,3,,3.9622640875688133,57,0,,,,47.70000076293945,,48,22,21,5,14,2,2,40,7.547169690607264,2.6415093917125425,2.857142857142857,0.943396211325908,,,,,1.2997903356045843,,0.7272727272727273,,,3.7396782641448993,0.3028973199154073,,,,,,,,,198.68000564575198,4.165199213164721,205.50000381469727,4.308176111694334,,,,,,,,,,,,,,,,,,,"Matt Thornton","1918",407819
"Zack Thornton","PIT",4,4,,3.660588903629302,45,0,,,,71.30000305175781,,68,31,29,6,20,1,5,59,7.4474050108320275,2.524544071468484,2.95,0.7573632214405452,,,,,1.2342215460512589,,0.7160804020100503,,,3.5387379452914387,0.29724266873715516,,,,,,,,,320.02002258300786,4.4883591709063495,321.50001525878906,4.509116430547794,,,,,,,,,,,,,,,,,,,"Zack Thornton","sa549662",543856
"Nick Vincent","SDP",6,5,,3.3088235294117645,66,0,,,,68,,59,27,25,6,24,2,4,65,8.602941176470589,3.176470588235294,2.7083333333333335,0.7941176470588235,,,,,1.2205882352941178,,0.7506702412868633,,,3.5184426111333513,0.2970635571948241,,,,,,,,,322,4.735294117647059,308,4.529411764705882,,,,,,,,,,,,,,,,,,,"Nick Vincent","7555",543883
"Dale Thayer","SDP",4,3,,3.554502412509797,65,0,,,,63.29999923706055,,59,27,25,6,17,2,2,54,7.677725211021161,2.417061640506662,3.176470588235294,0.8530805790023512,,,,,1.2006319260033091,,0.7248520710059172,,,3.474394665340409,0.2957054482540623,,,,,,,,,292.219994354248,4.616429666292327,289.49999618530273,4.573459710498825,,,,,,,,,,,,,,,,,,,"Dale Thayer","5032",445612
"David Carpenter","ATL",4,3,,3.4714285714285715,61,0,,,,70,,62,29,27,7,24,3,4,69,8.871428571428572,3.085714285714286,2.875,0.9,,,,,1.2285714285714286,,0.7480314960629921,,,3.576425804410662,0.29520332269330696,,,,,,,,,324.69999999999993,4.638571428571428,313,4.4714285714285715,,,,,,,,,,,,,,,,,,,"David Carpenter","3959",502304
"Manny Parra","CIN",2,2,,3.5011441036347604,47,0,,,,43.70000076293945,,38,18,17,4,17,1,2,45,9.267734391974367,3.5011441036347604,2.6470588235294117,0.8237986126199437,,,,,1.258581213724914,,0.7489878542510122,,,3.482636976944204,0.2942429740270953,,,,,,,,,208.38000564575196,4.76842109857518,199.50000381469727,4.5652173988950295,,,,,,,,,,,,,,,,,,,"Manny Parra","4279",448159
"Octavio Dotel","DET",2,1,,3.8076923076923075,27,0,,,,26,,25,12,11,2,8,1,0,24,8.307692307692308,2.769230769230769,3,0.6923076923076923,,,,,1.2692307692307692,,0.695364238410596,,,3.1247774527623107,0.29259602105205146,,,,,,,,,126.80000000000001,4.876923076923077,128,4.923076923076923,,,,,,,,,,,,,,,,,,,"Octavio Dotel","555",136734
"David Martinez","HOU",5,10,,5.4135339726048,31,18,,,,119.69999694824219,,141,77,72,17,39,1,8,68,5.112782085237867,2.9323309018276,1.7435897435897436,1.2781955213094667,,,,,1.5037594368346667,,0.6594110115236876,,,4.935907890976093,0.2923485868505838,,,,,,,,,305.07997741699216,2.5487049723894946,372.49998474121094,3.111946484863141,,,,,,,,,,,,,,,,,,,"David Martinez","8893",451075
"Drew VerHagen","DET",5,6,,5.028506446360135,20,18,,,,87.69999694824219,,100,52,49,8,40,1,5,45,4.618016124208287,4.1049032215184775,1.125,0.8209806443036956,,,,,1.5963512528127413,,0.6832298136645962,,,4.746828209189937,0.29087490604944527,,,,,,,,,245.57997741699228,2.8002278901095736,289.49998474121094,3.301026166649297,,,,,,,,,,,,,,,,,,,"Drew VerHagen","13424",572403
"Jerry Blevins","WSN",3,2,,3.3962264595388536,61,0,,,,58.29999923706055,,51,24,22,6,18,3,4,52,8.027444358910017,2.778730739622698,2.888888888888889,0.9262435798742328,,,,,1.1835334631726309,,0.7425742574257426,,,3.7339607313016283,0.2881899793661622,,,,,,,,,263.01999435424807,4.511492243503319,251.49999618530273,4.313893644537606,,,,,,,,,,,,,,,,,,,"Jerry Blevins","7841",460283
"Vic Black","NYM",5,4,,3.6466774265446666,56,0,,,,61.70000076293945,,52,27,25,5,32,2,4,68,9.918962600201493,4.667747105977173,2.125,0.7293354853089333,,,,,1.361426239243342,,0.7402597402597403,,,3.6475302193154677,0.28687683480204224,,,,,,,,,287.8800056457519,4.665802302852954,271.50000381469727,4.400324156523766,,,,,,,,,,,,,,,,,,,"Vic Black","9195",502195
"Evan Scribner","OAK",2,2,,3.875598038965763,49,0,,,,62.70000076293945,,60,29,27,6,21,0,2,52,7.46411474171184,3.0143540303067047,2.4761904761904763,0.8612440086590585,,,,,1.2918660129885877,,0.7162534435261708,,,3.733659790141817,0.2864192479245143,,,,,,,,,269.18000564575203,4.293141983578065,270.50000381469727,4.314194585697416,,,,,,,,,,,,,,,,,,,"Evan Scribner","7525",519267
"Greg Reynolds","CIN",8,9,,4.786605288197242,27,23,,,,152.3000030517578,,170,87,81,20,43,1,11,70,4.136572471281567,2.5410373752158195,1.627906976744186,1.1818778489375905,,,,,1.3985554545761487,,0.6810810810810811,,,4.899463005841459,0.28435388605710177,,,,,,,,,417.02002258300786,2.738148484746171,479.50001525878906,3.148391369997775,,,,,,,,,,,,,,,,,,,"Greg Reynolds","5712",453353
"Jose A. Flores","OAK",5,4,,3.7313433307925212,53,0,,,,60.29999923706055,,57,27,25,4,26,2,3,50,7.4626866615850425,3.880597064024222,1.9230769230769231,0.5970149329268034,,,,,1.376451095359019,,0.7235142118863048,,,3.694620553176604,0.2827266773310955,,,,,,,,,261.819994354248,4.341956843563818,262.49999618530273,4.35323382266263,,,,,,,,,,,,,,,,,,,"Jose A. Flores","sa503583",501320
"Tanner Scheppers","TEX",4,3,,3.75,73,0,,,,72,,70,32,30,8,21,4,6,59,7.375,2.625,2.8095238095238093,1,,,,,1.2638888888888888,,0.7393483709273183,,,3.978409931394789,0.28121629275008697,,,,,,,,,289.4000000000001,4.019444444444446,293,4.069444444444445,,,,,,,,,,,,,,,,,,,"Tanner Scheppers","10267",489294
"Tony Watson","PIT",4,3,,3.270142219509013,66,0,,,,63.29999923706055,,55,25,23,5,19,2,4,54,7.677725211021161,2.7014218335074456,2.8421052631578947,0.7109004825019594,,,,,1.169036349003222,,0.7313432835820896,,,3.4585968768403657,0.2801030909173446,,,,,,,,,302.91999435424805,4.785466003242794,290.49999618530273,4.589257498998868,,,,,,,,,,,,,,,,,,,"Tony Watson","3132",453265
"Cristhian Martinez","ATL",2,2,,3.498920144048903,29,1,,,,46.29999923706055,,44,19,18,4,12,2,1,37,7.192224740544968,2.3326134293659355,3.0833333333333335,0.7775378097886452,,,,,1.2095032596712258,,0.7341269841269842,,,3.415025008239427,0.2747544398590485,,,,,,,,,214.01999435424804,4.622462157255006,214.49999618530273,4.632829367599807,,,,,,,,,,,,,,,,,,,"Cristhian Martinez","5337",450852
"Scott Atchison","CLE",2,2,,4.00468376919599,44,0,,,,42.70000076293945,,43,20,19,4,10,1,0,31,6.533957728688193,2.1077282995768365,3.1,0.8430913198307346,,,,,1.2412177764174706,,0.6962025316455697,,,3.516238442411864,0.27175948512539944,,,,,,,,,186.980005645752,4.378922770606535,193.50000381469727,4.53161593342737,,,,,,,,,,,,,,,,,,,"Scott Atchison","2642",425786
"Fernando Salas","LAA",4,3,,3.679727379771564,59,0,,,,58.70000076293945,,53,26,24,6,18,3,2,55,8.432708578643167,2.759795534828673,3.0555555555555554,0.919931844942891,,,,,1.2095400183508382,,0.7188498402555911,,,3.524856073217029,0.27000031616325326,,,,,,,,,272.7800056457519,4.647018775133866,265.50000381469727,4.522998302622205,,,,,,,,,,,,,,,,,,,"Fernando Salas","4971",477569
"Andrew Bailey","BOS",2,1,,3.8110748238560475,32,0,,,,30.700000762939453,,27,14,13,4,11,1,0,35,10.26058606422782,3.2247556201858862,3.1818181818181817,1.1726384073403222,,,,,1.2377849855258958,,0.7407407407407408,,,3.5364537122310344,0.26999560517825943,,,,,,,,,144.780005645752,4.715960978754375,138.50000381469727,4.511400663608199,,,,,,,,,,,,,,,,,,,"Andrew Bailey","1368",457732
"Drew Storen","WSN",4,3,,3.4838709677419355,66,0,,,,62,,56,26,24,7,17,2,1,58,8.419354838709678,2.467741935483871,3.411764705882353,1.0161290322580645,,,,,1.1774193548387097,,0.7436708860759493,,,3.5155963113231046,0.26755503383296714,,,,,,,,,289.0999999999999,4.66290322580645,281,4.532258064516129,,,,,,,,,,,,,,,,,,,"Drew Storen","6983",519322
"Tommy Hunter","BAL",6,4,,4,70,0,,,,81,,79,39,36,12,17,1,2,69,7.666666666666667,1.8888888888888888,4.0588235294117645,1.3333333333333333,,,,,1.1851851851851851,,0.7196969696969697,,,3.9737803017651596,0.26631062322227633,,,,,,,,,327.4,4.041975308641975,330,4.074074074074074,,,,,,,,,,,,,,,,,,,"Tommy Hunter","1157",488984
"Preston Claiborne","NYY",1,1,,4.285714285714286,55,0,,,,63,,64,32,30,8,19,4,3,53,7.571428571428571,2.7142857142857144,2.789473684210526,1.1428571428571428,,,,,1.3174603174603174,,0.7103064066852368,,,4.063727391712249,0.2624469333340251,,,,,,,,,241.40000000000006,3.831746031746033,251,3.984126984126984,,,,,,,,,,,,,,,,,,,"Preston Claiborne","10500",502011
"Aaron Barrett","WSN",2,1,,3.5761590006267725,43,0,,,,45.29999923706055,,40,19,18,4,17,0,2,45,8.940397501566931,3.3774835005919517,2.6470588235294117,0.7947020001392827,,,,,1.2582781668871976,,0.7392996108949417,,,3.4672804314682995,0.2612472426013039,,,,,,,,,215.01999435424807,4.746578321757173,207.49999618530273,4.580573944370934,,,,,,,,,,,,,,,,,,,"Aaron Barrett","11243",502578
"Robert Stephenson","CIN",6,7,,4.558093484709011,22,22,,,,100.69999694824219,,97,55,51,16,42,0,7,90,8.043694384780608,3.7537240462309502,2.142857142857143,1.4299901128498858,,,,,1.3803376783759314,,0.7204116638078902,,,4.785689582427636,0.2563877689147951,,,,,,,,,329.1799774169922,3.2689174517669968,328.49998474121094,3.262164793411597,,,,,,,,,,,,,,,,,,,"Robert Stephenson","13594",596112
"Will Harris","ARI",3,2,,3.706754483887492,60,0,,,,60.70000076293945,,56,27,25,6,23,1,3,60,8.89621076132998,3.4102141251764926,2.608695652173913,0.889621076132998,,,,,1.3014826854538306,,0.7365439093484419,,,3.6409350932612323,0.25112922071039756,,,,,,,,,271.780005645752,4.477430020259374,267.50000381469727,4.406919282578001,,,,,,,,,,,,,,,,,,,"Will Harris","3192",501789
"Jean Machi","SFG",3,3,,3.4670947455085614,59,0,,,,62.29999923706055,,59,26,24,4,18,2,2,48,6.934189491017123,2.600321059131421,2.6666666666666665,0.5778491242514269,,,,,1.235955071315552,,0.7142857142857142,,,3.304676208839868,0.24922983641931834,,,,,,,,,294.41999435424805,4.725842663880897,295.49999618530273,4.743178166999366,,,,,,,,,,,,,,,,,,,"Jean Machi","3220",466948
"Jim Henderson","MIL",6,4,,3.5008103294828796,62,0,,,,61.70000076293945,,51,26,24,7,29,2,3,73,10.648298085510426,4.230145814791813,2.5172413793103448,1.0210696794325067,,,,,1.2965964183269925,,0.7692307692307692,,,3.7123600402318173,0.2488855592799506,,,,,,,,,287.8800056457519,4.665802302852954,267.50000381469727,4.335494335607416,,,,,,,,,,,,,,,,,,,"Jim Henderson","6653",449104
"David Bromberg","ATL",6,6,,4.240384615384615,26,15,,,,104,,101,52,49,11,47,1,6,81,7.009615384615385,4.0673076923076925,1.7234042553191489,0.9519230769230769,,,,,1.4230769230769231,,0.7239819004524887,,,4.394008221993079,0.24882225491116566,,,,,,,,,374.69999999999993,3.602884615384615,380,3.6538461538461537,,,,,,,,,,,,,,,,,,,"David Bromberg","sa326256",488735
"Bruce Rondón","DET",3,2,,4.105263157894737,63,0,,,,57,,53,28,26,5,29,0,2,59,9.31578947368421,4.578947368421052,2.0344827586206895,0.7894736842105263,,,,,1.4385964912280702,,0.72,,,3.749608761804146,0.2469563993955609,,,,,,,,,247.49999999999994,4.342105263157894,245,4.298245614035087,,,,,,,,,,,,,,,,,,,"Bruce Rondon","5766",541652
"Jonny Venters","ATL",4,2,,3.231597801337281,57,0,,,,55.70000076293945,,47,21,20,4,26,4,4,58,9.371633623878115,4.201077141738465,2.230769230769231,0.6463195602674562,,,,,1.3105924416534527,,0.7715133531157269,,,3.514640724921285,0.24630411981134664,,,,,,,,,266.780005645752,4.78958710936422,252.50000381469727,4.533213650917948,,,,,,,,,,,,,,,,,,,"Jonny Venters","7175",458924
"Brett Myers","CLE",4,6,,4.928292243024177,31,10,,,,76.69999694824219,,83,45,42,13,21,1,2,57,6.688396615532811,2.4641461215120883,2.7142857142857144,1.5254237895074834,,,,,1.3559322573399852,,0.6876456876456877,,,4.6645428365138315,0.24380971319313116,,,,,,,,,236.87997741699218,3.088396177862182,259.49998474121094,3.3833115393254025,,,,,,,,,,,,,,,,,,,"Brett Myers","962",408206
"Andrew Miller","BOS",2,1,,3.4351145705034205,47,0,,,,39.29999923706055,,30,16,15,4,22,0,2,54,12.366412453812314,5.03816803673835,2.4545454545454546,0.9160305521342456,,,,,1.3231552419716879,,0.7758620689655172,,,3.454979065676676,0.24102486006227664,,,,,,,,,199.6199943542481,5.0793892679265795,180.49999618530273,4.592875310162557,,,,,,,,,,,,,,,,,,,"Andrew Miller","6785",453192
"Andrew Chafin","ARI",8,9,,4.669172932330827,27,24,,,,133,,138,74,69,13,67,1,9,90,6.090225563909774,4.533834586466165,1.3432835820895523,0.8796992481203008,,,,,1.5413533834586466,,0.7012847965738758,,,4.679433323207655,0.2397450636897654,,,,,,,,,417.50000000000006,3.1390977443609027,448,3.3684210526315788,,,,,,,,,,,,,,,,,,,"Andrew Chafin","12988",605177
"Esmil Rogers","TOR",5,6,,4.821428571428571,44,13,,,,112,,120,64,60,16,40,3,6,90,7.232142857142857,3.2142857142857144,2.25,1.2857142857142858,,,,,1.4285714285714286,,0.6976744186046512,,,4.52999723298209,0.23888111867792355,,,,,,,,,362,3.232142857142857,394,3.517857142857143,,,,,,,,,,,,,,,,,,,"Esmil Rogers","6317",469134
"Aaron Crow","KCR",5,4,,3.7696335580454132,63,0,,,,57.29999923706055,,53,26,24,6,24,3,1,59,9.267015830194973,3.7696335580454132,2.4583333333333335,0.9424083895113533,,,,,1.343804555414337,,0.7434402332361517,,,3.6586746283002958,0.23854373578245497,,,,,,,,,255.41999435424805,4.4575915838589975,251.49999618530273,4.389179747538938,,,,,,,,,,,,,,,,,,,"Aaron Crow","10149",543070
"Micah Owings","MIL",4,4,,4.242424133444016,30,6,,,,59.400001525878906,,60,30,28,8,20,0,2,48,7.272727085904026,3.0303029524600107,2.4,1.2121211809840045,,,,,1.3468013122044493,,0.7267441860465117,,,4.293645589628349,0.2369780864733395,,,,,,,,,107.58000564575201,3.6222223192665215,111.50000381469727,3.7542087862108846,,,,,,,,,,,,,,,,,,,"Micah Owings","4253",452249
"Gonzalez Germen","NYM",7,8,,4.065244823163646,65,0,,,,79.69999694824219,,77,39,36,9,28,1,3,69,7.791719244396989,3.161857084682836,2.4642857142857144,1.0163112057909116,,,,,1.3174404519511818,,0.7142857142857142,,,3.951242114320044,0.23598913282085615,,,,,,,,,323.8799774169921,4.063738893582673,326.49998474121094,4.09661226151919,,,,,,,,,,,,,,,,,,,"Gonzalez Germen","5876",542674
"Jamey Wright","LAD",3,2,,3.5084745762711864,55,0,,,,59,,55,25,23,4,22,4,4,51,7.779661016949152,3.3559322033898304,2.3181818181818183,0.6101694915254238,,,,,1.305084745762712,,0.7282913165266106,,,3.5224306470256743,0.23474132041174423,,,,,,,,,268.40000000000003,4.549152542372882,267,4.52542372881356,,,,,,,,,,,,,,,,,,,"Jamey Wright","715",124604
"Frank Francisco","NYM",1,1,,4.1042344256911285,34,0,,,,30.700000762939453,,28,15,14,3,13,1,0,31,9.087947656887497,3.8110748238560475,2.3846153846153846,0.8794788055052417,,,,,1.335504852804256,,0.7065217391304348,,,3.5690270013238212,0.23366615848370448,,,,,,,,,140.480005645752,4.575895835655391,137.50000381469727,4.478827374515412,,,,,,,,,,,,,,,,,,,"Frank Francisco","1933",407911
"Joely Rodríguez","PIT",5,8,,4.555874058294405,21,21,,,,104.69999694824219,,114,57,53,10,36,0,7,52,4.469914170402058,3.0945559641245017,1.4444444444444444,0.8595988789234728,,,,,1.4326647982057878,,0.6838235294117647,,,4.528274667318548,0.23263284855727884,,,,,,,,,330.3799774169922,3.155491757848986,368.49998474121094,3.519579708520686,,,,,,,,,,,,,,,,,,,"Joely Rodriguez","11487",570257
"Jose Mijares","BOS",2,1,,4.022346311567846,65,0,,,,53.70000076293945,,53,26,24,5,22,3,3,50,8.379888149099678,3.6871507856038583,2.272727272727273,0.8379888149099678,,,,,1.3966480248499464,,0.7205882352941176,,,3.792733322425872,0.23031222516824607,,,,,,,,,223.08000564575195,4.1541899902487245,228.50000381469727,4.255121053413362,,,,,,,,,,,,,,,,,,,"Jose Mijares","4140",467726
"Travis Blackley","TEX",4,3,,4.68,39,9,,,,75,,76,42,39,11,27,2,2,56,6.72,3.24,2.074074074074074,1.32,,,,,1.3733333333333333,,0.6963470319634704,,,4.621187709172567,0.22848202864726253,,,,,,,,,247.1,3.2946666666666666,257,3.4266666666666667,,,,,,,,,,,,,,,,,,,"Travis Blackley","3234",429715
"Kevin Quackenbush","SDP",4,4,,3.473684210526316,53,0,,,,57,,48,24,22,4,29,1,3,59,9.31578947368421,4.578947368421052,2.0344827586206895,0.631578947368421,,,,,1.3508771929824561,,0.7422969187675069,,,3.5741701653129176,0.2282669002201037,,,,,,,,,269.79999999999995,4.7333333333333325,255,4.473684210526316,,,,,,,,,,,,,,,,,,,"Kevin Quackenbush","12360",534812
"Heath Bell","TBR",4,3,,3.8135593220338984,62,0,,,,59,,56,27,25,7,19,2,2,56,8.542372881355933,2.8983050847457625,2.9473684210526314,1.0677966101694916,,,,,1.271186440677966,,0.7361963190184049,,,3.7597187826188945,0.2269406654087313,,,,,,,,,253.9,4.303389830508475,253,4.288135593220339,,,,,,,,,,,,,,,,,,,"Heath Bell","2080",425514
"Brad Ziegler","ARI",4,2,,3.2300163534144684,69,0,,,,61.29999923706055,,57,24,22,4,19,4,2,41,6.0195759313633275,2.789559577948859,2.1578947368421053,0.5872757006208125,,,,,1.2398042568661596,,0.7386363636363635,,,3.586190434741645,0.22614522736952608,,,,,,,,,275.2199943542481,4.489722639145753,273.49999618530273,4.461663941097589,,,,,,,,,,,,,,,,,,,"Brad Ziegler","7293",446899
"Brandon Kintzler","MIL",3,2,,3.7435008170526087,53,0,,,,57.70000076293945,,57,26,24,5,18,2,2,43,6.707105630552591,2.8076256127894568,2.388888888888889,0.7798960035526269,,,,,1.2998266725877115,,0.7205882352941176,,,3.7237642455848436,0.2250560332145679,,,,,,,,,243.28000564575203,4.2162912032751665,249.50000381469727,4.32409013025439,,,,,,,,,,,,,,,,,,,"Brandon Kintzler","9939",445213
"Alfredo Figaro","MIL",4,4,,4.655172413793103,26,12,,,,87,,93,48,45,14,20,3,3,60,6.206896551724138,2.0689655172413794,3,1.4482758620689655,,,,,1.2988505747126438,,0.6959314775160599,,,4.553601502276015,0.223613063100365,,,,,,,,,280.8,3.227586206896552,304,3.4942528735632186,,,,,,,,,,,,,,,,,,,"Alfredo Figaro","8404",451628
"Andrew Triggs","KCR",3,3,,4.05,37,0,,,,60,,62,29,27,5,18,1,4,43,6.45,2.7,2.388888888888889,0.75,,,,,1.3333333333333333,,0.6986301369863014,,,3.7978543758392336,0.22165606083336947,,,,,,,,,241.29999999999998,4.0216666666666665,255,4.25,,,,,,,,,,,,,,,,,,,"Andrew Triggs","13533",592811
"Oliver Pérez","SEA",3,3,,3.9056603773584904,55,0,,,,53,,46,25,23,6,27,2,1,62,10.528301886792454,4.584905660377358,2.2962962962962963,1.0188679245283019,,,,,1.3773584905660377,,0.7430340557275542,,,3.764835507914705,0.21867549840938283,,,,,,,,,238.8,4.505660377358491,227,4.283018867924528,,,,,,,,,,,,,,,,,,,"Oliver Perez","1514",424144
"Colt Hynes","CLE",3,4,,4.838709853841943,52,6,,,,83.69999694824219,,97,48,45,9,25,1,5,51,5.483871167687535,2.6881721410233013,2.04,0.9677419707683885,,,,,1.4575866720215234,,0.676416819012797,,,4.302334708316774,0.2186519668823016,,,,,,,,,268.47997741699214,3.207646203177437,313.49998474121094,3.7455196675224594,,,,,,,,,,,,,,,,,,,"Colt Hynes","7560",518833
"Chris Rusin","CHC",8,11,,4.682081016625417,29,28,,,,155.6999969482422,,170,87,81,19,50,2,9,83,4.797687955307525,2.890173467052726,1.66,1.098265917480036,,,,,1.412973695003555,,0.687693898655636,,,4.70488716361613,0.2180484106659869,,,,,,,,,465.47997741699214,2.9895952892775397,520.4999847412109,3.342967212223104,,,,,,,,,,,,,,,,,,,"Chris Rusin","9895",543734
"Brett Bochy","SFG",2,2,,3.481624706841995,44,0,,,,51.70000076293945,,46,21,20,4,17,1,3,47,8.181818061078689,2.959381000815696,2.764705882352941,0.6963249413683991,,,,,1.2185686473946984,,0.7317073170731707,,,3.396016846523433,0.21266090330202864,,,,,,,,,247.78000564575194,4.792649941764995,240.50000381469727,4.6518375293158005,,,,,,,,,,,,,,,,,,,"Brett Bochy","11867",594762
"John Gast","STL",6,7,,4.736842248815247,19,19,,,,100.69999694824219,,108,57,53,10,41,1,6,62,5.541211687293307,3.6643496641778324,1.5121951219512195,0.8937438205311786,,,,,1.4796425473238402,,0.6814814814814815,,,4.507635949373492,0.21138995212506534,,,,,,,,,324.3799774169922,3.2212511146720004,356.49998474121094,3.5402184264657417,,,,,,,,,,,,,,,,,,,"John Gast","11133",518713
"Neil Wagner","TOR",4,3,,4.11864406779661,57,0,,,,59,,56,29,27,7,25,1,2,57,8.694915254237289,3.8135593220338984,2.28,1.0677966101694916,,,,,1.3728813559322033,,0.7303370786516854,,,4.030905223296861,0.2111056776298572,,,,,,,,,237.9,4.032203389830508,237,4.016949152542373,,,,,,,,,,,,,,,,,,,"Neil Wagner","8162",474599
"AJ Ramos","MIA",4,3,,3.4478204824559193,68,0,,,,75.69999694824219,,63,31,29,6,37,2,3,79,9.39233855565578,4.398943374167897,2.135135135135135,0.7133421687839833,,,,,1.3210040162666357,,0.7532751091703057,,,3.576255982345888,0.21074617894711473,,,,,,,,,360.5799774169922,4.763275983531796,338.49998474121094,4.471598393493346,,,,,,,,,,,,,,,,,,,"AJ Ramos","8350",573109
"Darren Oliver","TOR",3,2,,3.6818181818181817,47,0,,,,44,,41,19,18,5,13,1,2,39,7.9772727272727275,2.659090909090909,3,1.0227272727272727,,,,,1.2272727272727273,,0.7446808510638298,,,3.775127103111961,0.21052949750584782,,,,,,,,,190.5,4.329545454545454,188,4.2727272727272725,,,,,,,,,,,,,,,,,,,"Darren Oliver","206",119984
"Caleb Thielbar","MIN",4,4,,4.114285714285714,60,0,,,,70,,67,34,32,8,27,4,3,60,7.714285714285714,3.4714285714285715,2.2222222222222223,1.0285714285714285,,,,,1.3428571428571427,,0.7246376811594203,,,4.1049972329820905,0.21047828447363442,,,,,,,,,275.4,3.934285714285714,276,3.942857142857143,,,,,,,,,,,,,,,,,,,"Caleb Thielbar","10078",573204
"Derek Lowe","TEX",3,3,,5.359342831851046,15,6,,,,48.70000076293945,,57,31,29,5,17,1,2,21,3.880903429961102,3.14168372901613,1.2352941176470589,0.9240246261812147,,,,,1.519507163053553,,0.6417910447761194,,,4.690564822383616,0.20972305905273786,,,,,,,,,135.68000564575195,2.786037033268468,163.50000381469727,3.3572895534556184,,,,,,,,,,,,,,,,,,,"Derek Lowe","199",117955
"Vin Mazzaro","PIT",5,4,,3.4928847262685867,62,0,,,,77.30000305175781,,74,32,30,5,24,2,3,53,6.170763016407837,2.7943077810148695,2.2083333333333335,0.5821474543780978,,,,,1.267787789534524,,0.7252747252747253,,,3.565318779730876,0.20885964761245085,,,,,,,,,343.1200225830079,4.438809948730077,346.50001525878906,4.482535596108358,,,,,,,,,,,,,,,,,,,"Vin Mazzaro","5231",476570
"Burke Badenhop","BOS",3,2,,3.9560439086621355,62,0,,,,63.70000076293945,,66,30,28,6,16,4,1,44,6.216640427897642,2.2605965192355058,2.75,0.8477236947133148,,,,,1.2872841290091075,,0.7065217391304348,,,3.691496440343787,0.2080593098315544,,,,,,,,,262.98000564575193,4.12841448188417,277.50000381469727,4.3563579354954465,,,,,,,,,,,,,,,,,,,"Burke Badenhop","9736",488674
"José Ureña","MIA",7,10,,4.607065710595881,27,25,,,,138.6999969482422,,152,76,71,17,41,0,9,81,5.255948205046006,2.660418227245509,1.975609756097561,1.103100240565211,,,,,1.3914924603208219,,0.6914893617021277,,,4.5547037240623,0.200146218680176,,,,,,,,,434.0799774169922,3.129632205968794,484.49998474121094,3.4931506517769337,,,,,,,,,,,,,,,,,,,"Jose Urena","11589",570632
"Tim Berry","BAL",7,11,,5.442176745213867,26,25,,,,132.3000030517578,,155,86,80,19,50,0,9,76,5.1700679079531735,3.4013604657586667,1.52,1.2925169769882934,,,,,1.5495086566233927,,0.6670403587443946,,,5.103787812920028,0.1956581132116657,,,,,,,,,317.3200225830078,2.3984883995722,389.50001525878906,2.9440665629192058,,,,,,,,,,,,,,,,,,,"Tim Berry","sa503777",572718
"Kyuji Fujikawa","CHC",2,1,,3.4494772602180386,32,0,,,,28.700000762939453,,24,12,11,3,10,0,2,32,10.034842938816112,3.135888418380035,3.2,0.9407665255140105,,,,,1.1846689580546799,,0.7382550335570469,,,3.4311296269745712,0.18840006223644695,,,,,,,,,141.08000564575195,4.915679508550039,132.50000381469727,4.616724748864662,,,,,,,,,,,,,,,,,,,"Kyuji Fujikawa","14443",493117
"Scott Downs","CHW",3,2,,3.860589891297489,55,0,,,,37.29999923706055,,36,17,16,3,16,2,1,31,7.479892914388885,3.860589891297489,1.9375,0.7238606046182792,,,,,1.39410190519076,,0.7322175732217574,,,3.798524632480412,0.18834988784726517,,,,,,,,,156.51999435424807,4.196246583263543,158.49999618530273,4.249329743358822,,,,,,,,,,,,,,,,,,,"Scott Downs","773",275933
"Pedro Strop","CHC",5,3,,3.2857142857142856,66,0,,,,63,,53,25,23,5,29,2,5,64,9.142857142857142,4.142857142857143,2.206896551724138,0.7142857142857143,,,,,1.3015873015873016,,0.76,,,3.6669019948868526,0.1863769960700524,,,,,,,,,292.90000000000003,4.64920634920635,276,4.380952380952381,,,,,,,,,,,,,,,,,,,"Pedro Strop","4070",467008
"Eric O'Flaherty","OAK",2,1,,3.292682926829268,46,0,,,,41,,37,16,15,4,13,3,1,33,7.2439024390243905,2.8536585365853657,2.5384615384615383,0.8780487804878049,,,,,1.2195121951219512,,0.7657657657657658,,,3.7307812051075264,0.18530375350398953,,,,,,,,,182.00000000000006,4.439024390243904,177,4.317073170731708,,,,,,,,,,,,,,,,,,,"Eric O'Flaherty","5746",447714
"Cory Gearrin","ATL",3,2,,3.519553022621865,49,0,,,,53.70000076293945,,48,22,21,3,25,2,5,50,8.379888149099678,4.189944074549839,2,0.5027932889459807,,,,,1.3594040775206144,,0.7412790697674418,,,3.587891612114546,0.1838956373033124,,,,,,,,,245.68000564575192,4.575046595070175,239.50000381469727,4.459962763724687,,,,,,,,,,,,,,,,,,,"Cory Gearrin","7947",518715
"Sammy Solís","WSN",3,4,,4.540750144149163,17,16,,,,77.30000305175781,,82,42,39,9,28,0,5,49,5.7050450529053585,3.2600257445173475,1.75,1.047865417880576,,,,,1.4230271107020167,,0.6981519507186857,,,4.574374367319579,0.18350602491753737,,,,,,,,,247.12002258300785,3.1968953793901345,268.50001525878906,3.4734800085196547,,,,,,,,,,,,,,,,,,,"Sammy Solis","11457",519301
"Javier López","SFG",3,2,,3.1621621621621623,63,0,,,,37,,33,14,13,2,14,4,1,31,7.54054054054054,3.4054054054054053,2.2142857142857144,0.4864864864864865,,,,,1.2702702702702702,,0.7466063348416289,,,3.291097619082477,0.18021299946368338,,,,,,,,,180.39999999999998,4.875675675675675,176,4.756756756756757,,,,,,,,,,,,,,,,,,,"Javier Lopez","1663",425657
"Nick Hill","SEA",3,3,,3.91304354007071,44,0,,,,48.29999923706055,,43,22,21,4,25,3,4,52,9.689441146841759,4.658385166750845,2.08,0.7453416266801353,,,,,1.4078675170624777,,0.7371794871794872,,,3.7724920684449206,0.1794469564931457,,,,,,,,,213.41999435424805,4.418633493279459,206.49999618530273,4.275362307394313,,,,,,,,,,,,,,,,,,,"Nick Hill","sa390200",502108
"Kyle Davies","CLE",4,6,,5.219236434622992,17,14,,,,70.69999694824219,,79,44,41,11,25,1,4,54,6.874116279747356,3.182461240623776,2.16,1.4002829458744614,,,,,1.471004306777212,,0.6772009029345373,,,4.773455581866347,0.17879217113290258,,,,,,,,,203.47997741699217,2.878076183878128,231.49998474121094,3.274398793972886,,,,,,,,,,,,,,,,,,,"Kyle Davies","3642",434678
"Merrill Kelly","TBR",7,10,,4.846153846153846,28,20,,,,117,,123,67,63,12,58,1,9,80,6.153846153846154,4.461538461538462,1.3793103448275863,0.9230769230769231,,,,,1.547008547008547,,0.6942752740560293,,,4.731615059599918,0.17744363366805826,,,,,,,,,357.40000000000015,3.054700854700856,388,3.3162393162393164,,,,,,,,,,,,,,,,,,,"Merrill Kelly","11156",518876
"Ian Krol","DET",3,2,,4.156305562540133,60,0,,,,56.29999923706055,,56,28,26,7,17,1,1,51,8.152753218828723,2.7175844062762406,3,1.119005343760805,,,,,1.2966252395958535,,0.7120253164556962,,,3.8116199279299416,0.17492476865577117,,,,,,,,,232.91999435424808,4.137122513510161,238.49999618530273,4.2362344479092915,,,,,,,,,,,,,,,,,,,"Ian Krol","10066",571871
"Scott Elbert","LAD",1,1,,3.279352125427242,32,0,,,,24.700000762939453,,22,10,9,2,9,1,1,24,8.744939001139313,3.279352125427242,2.6666666666666665,0.7287449167616094,,,,,1.2550606899783272,,0.7446808510638298,,,3.37174100551106,0.17443696528020922,,,,,,,,,118.98000564575197,4.817004128367185,115.50000381469727,4.676113370328173,,,,,,,,,,,,,,,,,,,"Scott Elbert","7489",455092
"Jeff Walters","NYM",5,4,,3.516873937533959,49,0,,,,56.29999923706055,,53,24,22,5,18,1,4,46,7.353463687571005,2.8774423125277844,2.5555555555555554,0.799289531257718,,,,,1.2611012604288439,,0.734375,,,3.7405719695959223,0.17398987494426243,,,,,,,,,243.31999435424808,4.321847205178612,242.49999618530273,4.307282406243311,,,,,,,,,,,,,,,,,,,"Jeff Walters","sa328221",502368
"Asher Wojciechowski","HOU",6,11,,5.384615512296367,26,23,,,,128.6999969482422,,147,82,77,18,51,1,9,83,5.804195941825954,3.56643365100149,1.6274509803921569,1.2587412885887612,,,,,1.5384615749418191,,0.6712962962962963,,,4.974816348493634,0.17379138241542208,,,,,,,,,334.77997741699227,2.601243087454205,395.49998474121094,3.0730380273456004,,,,,,,,,,,,,,,,,,,"Asher Wojciechowski","10836",592879
"Justin De Fratus","PHI",4,3,,3.9193548387096775,59,0,,,,62,,58,29,27,5,26,2,5,54,7.838709677419355,3.774193548387097,2.076923076923077,0.7258064516129032,,,,,1.3548387096774193,,0.7142857142857143,,,3.8543059887424596,0.17053141826457036,,,,,,,,,261.49999999999994,4.21774193548387,260,4.193548387096774,,,,,,,,,,,,,,,,,,,"Justin De Fratus","4955",518603
"Darin Downs","HOU",2,2,,4.153846153846154,46,0,,,,52,,51,26,24,5,21,2,3,48,8.307692307692308,3.6346153846153846,2.2857142857142856,0.8653846153846154,,,,,1.3846153846153846,,0.7076923076923077,,,3.836315914300772,0.17034222132314278,,,,,,,,,214.70000000000002,4.128846153846154,219,4.211538461538462,,,,,,,,,,,,,,,,,,,"Darin Downs","5903",445153
"Chaz Roe","MIA",1,1,,3.375,48,0,,,,48,,43,19,18,4,19,3,1,44,8.25,3.5625,2.3157894736842106,0.75,,,,,1.2916666666666667,,0.7624113475177305,,,3.5478543758392336,0.16945003022246374,,,,,,,,,222.20000000000005,4.629166666666667,216,4.5,,,,,,,,,,,,,,,,,,,"Chaz Roe","9866",475054
"George Kontos","SFG",4,4,,3.58565722519844,67,0,,,,75.30000305175781,,72,32,30,7,21,1,3,62,7.4103582654101094,2.5099600576389083,2.9523809523809526,0.8366533525463027,,,,,1.235059710901685,,0.7331730769230769,,,3.5657826417012304,0.16109843120904482,,,,,,,,,335.9200225830077,4.461089096531795,337.50001525878906,4.482071734138003,,,,,,,,,,,,,,,,,,,"George Kontos","9486",502004
"Josh Kinney","PIT",2,2,,3.5403727267306424,43,0,,,,48.29999923706055,,46,20,19,3,17,2,3,36,6.708074640121217,3.167701913390575,2.1176470588235294,0.5590062200101015,,,,,1.3043478466902367,,0.7312925170068028,,,3.606860595849335,0.1601621604813385,,,,,,,,,212.91999435424805,4.408281526242235,214.49999618530273,4.440993779989898,,,,,,,,,,,,,,,,,,,"Josh Kinney","3638",448337
"Michael Brady","MIA",3,3,,3.812154749695088,51,0,,,,54.29999923706055,,54,25,23,5,14,2,4,44,7.292817782025385,2.3204420215535317,3.142857142857143,0.8287292934119755,,,,,1.2523020433780965,,0.7049180327868853,,,3.6187567779674836,0.15628282889984774,,,,,,,,,233.91999435424808,4.307918925247319,240.49999618530273,4.42909759787175,,,,,,,,,,,,,,,,,,,"Michael Brady","8461",572728
"Craig Breslow","BOS",3,2,,3.789473684210526,62,0,,,,57,,55,26,24,5,22,1,2,43,6.7894736842105265,3.473684210526316,1.9545454545454546,0.7894736842105263,,,,,1.3508771929824561,,0.7285714285714285,,,3.942591217944497,0.15373923376707965,,,,,,,,,231.3,4.057894736842106,234,4.105263157894737,,,,,,,,,,,,,,,,,,,"Craig Breslow","4363",444520
"Taylor Hill","WSN",8,10,,4.756348761257546,27,25,,,,145.6999969482422,,165,82,77,19,32,0,9,65,4.0150996036589675,1.9766644202628765,2.03125,1.1736444995310829,,,,,1.3520933708048148,,0.6748826291079812,,,4.695074726058297,0.15182539370509957,,,,,,,,,422.47997741699214,2.8996567348389997,488.49998474121094,3.3527796497809366,,,,,,,,,,,,,,,,,,,"Taylor Hill","12515",592398
"Freddy Garcia","ATL",8,8,,4.51146995554727,24,19,,,,117.69999694824219,,121,63,59,17,37,2,4,80,6.11724739735223,2.8292269212754064,2.1621621621621623,1.299915071937349,,,,,1.3423959566411838,,0.7078986587183309,,,4.611150932940359,0.1503482745631765,,,,,,,,,384.2799774169923,3.2649106829287087,404.49998474121094,3.4367034428988745,,,,,,,,,,,,,,,,,,,"Freddy Garcia","1077",150119
"Ryan Madson","LAA",1,1,,3.6322871197854325,23,0,,,,22.299999237060547,,21,10,9,2,7,3,0,19,7.668161697324802,2.8251122042775587,2.7142857142857144,0.8071749155078739,,,,,1.2556054241233594,,0.7142857142857143,,,3.4514418335931705,0.15020702385359896,,,,,,,,,102.81999435424805,4.610762236411681,102.49999618530273,4.596412542246063,,,,,,,,,,,,,,,,,,,"Ryan Madson","1852",425492
"James Russell","CHC",4,3,,3.91959793985903,72,0,,,,59.70000076293945,,59,28,26,7,17,6,1,44,6.63316574437682,2.562814037600135,2.588235294117647,1.055276368423585,,,,,1.2730318095268645,,0.7250755287009063,,,4.002628232984382,0.14715255819124404,,,,,,,,,236.28000564575197,3.9577889887135442,241.50000381469727,4.045226142854852,,,,,,,,,,,,,,,,,,,"James Russell","4089",460701
"Barret Loux","CHC",5,7,,4.760935762673215,22,21,,,,98.30000305175781,,102,56,52,10,49,0,7,66,6.042726160316004,4.486266391749761,1.346938775510204,0.9155645697448491,,,,,1.5361138892385802,,0.6934306569343066,,,4.736562360035289,0.14617600213800094,,,,,,,,,303.22002258300785,3.0846389946026114,325.50001525878906,3.3112920158039447,,,,,,,,,,,,,,,,,,,"Barret Loux","sa392162",518954
"Joe Thatcher","ARI",2,2,,3.8110748238560475,54,0,,,,30.700000762939453,,29,14,13,3,10,1,1,29,8.501628453217336,2.9315960183508056,2.9,0.8794788055052417,,,,,1.2703582746186826,,0.7183908045977012,,,3.5038804231382477,0.14481420123581215,,,,,,,,,139.88000564575196,4.556351862199719,139.50000381469727,4.543973952700986,,,,,,,,,,,,,,,,,,,"Joe Thatcher","4620",491159
"Arturo Lopez","SDP",4,6,,4.2800530127039,31,12,,,,75.69999694824219,,75,39,36,8,34,1,4,59,7.0145313263758355,4.042272289775905,1.7352941176470589,0.9511228917119777,,,,,1.439894377730633,,0.7157464212678937,,,4.368858392105869,0.14103069033986265,,,,,,,,,270.7799774169922,3.5770143769243563,278.49998474121094,3.678995983733364,,,,,,,,,,,,,,,,,,,"Arturo Lopez","3319",445995
"Kyle Farnsworth","NYM",3,3,,4.114285714285714,43,0,,,,35,,35,17,16,3,12,1,1,28,7.2,3.085714285714286,2.3333333333333335,0.7714285714285715,,,,,1.3428571428571427,,0.7009345794392524,,,3.676425804410662,0.13964414940024564,,,,,,,,,148.1,4.231428571428571,153,4.371428571428571,,,,,,,,,,,,,,,,,,,"Kyle Farnsworth","278",150035
"Sam Dyson","MIA",6,8,,4.530493573804752,33,16,,,,103.30000305175781,,114,56,52,6,42,2,7,47,4.094869191708141,3.65924480961153,1.119047619047619,0.5227492585159329,,,,,1.5101645246015838,,0.6775067750677507,,,4.3160053548315895,0.1372265794975886,,,,,,,,,341.22002258300773,3.3031946999269843,385.50001525878906,3.7318490210076445,,,,,,,,,,,,,,,,,,,"Sam Dyson","11710",473879
"Anthony Bass","HOU",4,7,,5.236363636363636,35,16,,,,110,,124,68,64,16,41,3,4,77,6.3,3.3545454545454545,1.8780487804878048,1.309090909090909,,,,,1.5,,0.6802244039270687,,,4.766036194021051,0.13330047555273014,,,,,,,,,313.8,2.852727272727273,361,3.2818181818181817,,,,,,,,,,,,,,,,,,,"Anthony Bass","7982",542914
"Marco Antonio Duarte","BOS",5,5,,4.870349660238192,22,14,,,,88.69999694824219,,92,51,48,12,42,0,5,75,7.609921344122175,4.261555952708418,1.7857142857142858,1.217587415059548,,,,,1.5107103112775873,,0.7081911262798635,,,4.705126135225841,0.13316138554153842,,,,,,,,,278.57997741699216,3.1406988388009514,296.49998474121094,3.342728240613393,,,,,,,,,,,,,,,,,,,"Marco Antonio Duarte","sa393279",514720
"Josh Osich","SFG",3,3,,3.375,47,0,,,,56,,51,22,21,4,20,1,3,47,7.553571428571429,3.2142857142857144,2.35,0.6428571428571429,,,,,1.2678571428571428,,0.7492354740061161,,,3.529997232982091,0.13287937732745378,,,,,,,,,257.6,4.6000000000000005,253,4.517857142857143,,,,,,,,,,,,,,,,,,,"Josh Osich","11528",592612
"Phil Coke","DET",3,3,,4.47084240628471,57,0,,,,46.29999923706055,,48,25,23,5,18,6,0,40,7.775378097886452,3.498920144048903,2.2222222222222223,0.9719222622358065,,,,,1.425485984612516,,0.6949152542372882,,,3.890187003110266,0.13234358887436456,,,,,,,,,182.31999435424802,3.9377969191911157,192.49999618530273,4.157667372728968,,,,,,,,,,,,,,,,,,,"Phil Coke","5535",457435
"Joel Carreno","NYM",5,4,,3.6466774265446666,51,0,,,,61.70000076293945,,55,27,25,6,30,3,4,66,9.627228406077919,4.3760129118536,2.2,0.8752025823707199,,,,,1.3776336944724294,,0.7571801566579635,,,3.825812226835429,0.12691853190634697,,,,,,,,,269.78000564575194,4.372447363206472,260.50000381469727,4.222042149003805,,,,,,,,,,,,,,,,,,,"Joel Carreno","2746",468528
"Charles Brewer","ARI",6,8,,4.995857624243144,23,20,,,,120.69999694824219,,134,72,67,18,39,0,8,77,5.741508015921226,2.908036527544517,1.9743589743589745,1.3421707050205463,,,,,1.4333057528923117,,0.6833558863328822,,,4.878840337626522,0.1261645575094442,,,,,,,,,336.3799774169922,2.7869095768182706,382.49998474121094,3.1690140382127114,,,,,,,,,,,,,,,,,,,"Charles Brewer","9155",502033
"Jose Ceda","MIA",1,1,,3.6,23,0,,,,25,,22,11,10,2,11,0,1,26,9.36,3.96,2.3636363636363638,0.72,,,,,1.32,,0.728476821192053,,,3.4478543758392335,0.12570838443519552,,,,,,,,,119.2,4.768,115,4.6,,,,,,,,,,,,,,,,,,,"Jose Ceda","2377",469167
"Adam Morgan","PHI",5,8,,5.09433962264151,22,22,,,,106,,115,64,60,15,41,1,7,74,6.283018867924528,3.481132075471698,1.8048780487804879,1.2735849056603774,,,,,1.471698113207547,,0.6814814814814815,,,4.849741168292064,0.1236507698943834,,,,,,,,,304.9000000000001,2.8764150943396234,339,3.19811320754717,,,,,,,,,,,,,,,,,,,"Adam Morgan","12580",605388
"Randall Delgado","ARI",8,10,,4.882352941176471,29,28,,,,153,,160,89,83,25,57,3,5,114,6.705882352941177,3.3529411764705883,2,1.4705882352941178,,,,,1.4183006535947713,,0.7032967032967034,,,4.897527578453612,0.12295831350953085,,,,,,,,,450.70000000000005,2.9457516339869283,482,3.150326797385621,,,,,,,,,,,,,,,,,,,"Randall Delgado","5985",517414
"Shae Simmons","ATL",2,1,,3.3256351625232856,39,0,,,,43.29999923706055,,35,17,16,3,24,0,3,47,9.769053289912152,4.988452743784928,1.9583333333333333,0.623556592973116,,,,,1.3625866290894018,,0.7664233576642336,,,3.6483162801837157,0.11906245106858415,,,,,,,,,205.51999435424807,4.746420276569962,190.49999618530273,4.399538095655518,,,,,,,,,,,,,,,,,,,"Shae Simmons","14200",623406
"Tyler Thornburg","MIL",6,7,,4.818897637795276,29,22,,,,127,,128,73,68,19,60,1,8,106,7.511811023622047,4.251968503937008,1.7666666666666666,1.3464566929133859,,,,,1.4803149606299213,,0.7125154894671623,,,4.929744139618761,0.11681041866521094,,,,,,,,,381.3000000000001,3.0023622047244105,396,3.1181102362204722,,,,,,,,,,,,,,,,,,,"Tyler Thornburg","10688",592804
"Jacob Turner","MIA",8,9,,4.348378809471081,28,28,,,,157.3000030517578,,160,81,76,16,67,5,7,98,5.607120043791657,3.8334392136126634,1.462686567164179,0.9154481704149644,,,,,1.4431023241958119,,0.7135874877810362,,,4.535457652763551,0.11665704238155067,,,,,,,,,525.2200225830079,3.338970199575839,552.5000152587891,3.5123967230756827,,,,,,,,,,,,,,,,,,,"Jacob Turner","10185",545363
"Dontrelle Willis","SFG",2,3,,4.266365761963403,9,8,,,,44.29999923706055,,45,22,21,4,19,1,2,30,6.09480823137629,3.860045213204984,1.5789473684210527,0.8126410975168387,,,,,1.44469528447438,,0.7191780821917808,,,4.289389385934404,0.11631220158816358,,,,,,,,,158.6199943542481,3.580586841670859,166.49999618530273,3.7584649899048297,,,,,,,,,,,,,,,,,,,"Dontrelle Willis","1703",425883
"Brandon Gomes","TBR",3,3,,4.130019180706588,50,0,,,,52.29999923706055,,48,26,24,7,20,3,3,53,9.120459024060382,3.441682650588824,2.65,1.2045889277060884,,,,,1.3001912235557778,,0.7216494845360825,,,4.08035917101588,0.11555870403604668,,,,,,,,,213.11999435424804,4.074952150347797,207.49999618530273,3.967495204823353,,,,,,,,,,,,,,,,,,,"Brandon Gomes","2267",460156
"Roberto Hernandez","PHI",6,9,,5.021796123150005,22,19,,,,114.69999694824219,,126,68,64,18,31,4,9,78,6.120314025089068,2.4324324971507836,2.5161290322580645,1.4123801596359389,,,,,1.3687881794002617,,0.6752655538694992,,,4.774096793172047,0.1130812944111678,,,,,,,,,335.7799774169922,2.9274628278195274,375.49998474121094,3.273757582667186,,,,,,,,,,,,,,,,,,,"Roberto Hernandez","3273",433584
"Christian Garcia","WSN",2,2,,3.6346153846153846,48,0,,,,52,,47,22,21,4,21,0,4,45,7.788461538461538,3.6346153846153846,2.142857142857143,0.6923076923076923,,,,,1.3076923076923077,,0.7371794871794872,,,3.7593928373776953,0.11273795982306217,,,,,,,,,228.40000000000003,4.392307692307693,223,4.288461538461538,,,,,,,,,,,,,,,,,,,"Christian Garcia","4067",451600
"Ryan Webb","BAL",4,4,,4.173913043478261,64,0,,,,69,,71,34,32,7,24,6,3,46,6,3.130434782608696,1.9166666666666667,0.9130434782608695,,,,,1.3768115942028984,,0.715962441314554,,,4.207274665694306,0.11026172557553085,,,,,,,,,250.9,3.6362318840579713,265,3.8405797101449277,,,,,,,,,,,,,,,,,,,"Ryan Webb","7474",444436
"Al Alburquerque","DET",4,3,,3.857142857142857,48,0,,,,49,,38,22,21,6,33,3,2,71,13.040816326530612,6.061224489795919,2.1515151515151514,1.1020408163265305,,,,,1.4489795918367347,,0.7827476038338658,,,3.8845890697167844,0.11010916030431322,,,,,,,,,227,4.63265306122449,204,4.163265306122449,,,,,,,,,,,,,,,,,,,"Al Alburquerque","6324",456379
"Kyle Gibson","MIN",4,7,,5.272353380370548,21,20,,,,97.30000305175781,,111,61,57,13,40,0,7,65,6.0123328021769415,3.699897109031964,1.625,1.2024665604353884,,,,,1.5519012873995182,,0.677710843373494,,,4.8978029303552155,0.10826636841073245,,,,,,,,,260.52002258300786,2.67749243999948,306.50001525878906,3.150051445484018,,,,,,,,,,,,,,,,,,,"Kyle Gibson","10123",502043
"Zeke Spruill","ARI",7,10,,5.042210165866429,26,23,,,,130.3000030517578,,149,78,73,15,52,1,9,64,4.42056781665002,3.5917113510281413,1.2307692307692308,1.0360705820273486,,,,,1.5425939776851634,,0.6833333333333333,,,4.966503601815805,0.10773084940898245,,,,,,,,,337.32002258300787,2.5887952009411506,401.50001525878906,3.081350774023429,,,,,,,,,,,,,,,,,,,"Zeke Spruill","3873",543809
"Zech Zinicola","BAL",2,2,,4.332603866400122,36,0,,,,45.70000076293945,,47,24,22,5,16,1,2,35,6.89277887836383,3.1509846301091797,2.1875,0.9846826969091186,,,,,1.378555775672766,,0.6964285714285714,,,4.120064423584719,0.10557581889271911,,,,,,,,,170.480005645752,3.730415816185352,179.50000381469727,3.9277899522545154,,,,,,,,,,,,,,,,,,,"Zech Zinicola","sa326785",453216
"Fernando Nieve","OAK",4,5,,4.686064099529361,22,9,,,,65.30000305175781,,68,36,34,8,26,0,4,46,6.339969075833841,3.5834607819930406,1.7692307692307692,1.1026033175363203,,,,,1.4395098867835292,,0.7004830917874396,,,4.60987574234902,0.10470772817818938,,,,,,,,,210.02002258300791,3.2162329673482977,224.50001525878906,3.437978633490213,,,,,,,,,,,,,,,,,,,"Fernando Nieve","2173",430588
"Austin Adams","CLE",2,3,,4.254545454545455,46,0,,,,55,,50,28,26,6,29,1,3,61,9.981818181818182,4.745454545454545,2.103448275862069,0.9818181818181818,,,,,1.4363636363636363,,0.7223796033994335,,,3.993308921293779,0.10389724946527781,,,,,,,,,229.2,4.167272727272727,223,4.054545454545455,,,,,,,,,,,,,,,,,,,"Austin Adams","7411",542866
"Tsuyoshi Wada","CHC",5,7,,4.751848093996721,17,17,,,,94.69999694824219,,98,54,50,13,41,1,5,71,6.7476242934753445,3.8965154370773116,1.7317073170731707,1.2354805044391477,,,,,1.4677930779234318,,0.7036423841059603,,,4.7901986769713645,0.1029443005765718,,,,,,,,,290.0799774169922,3.0631466395456592,308.49998474121094,3.2576556988678687,,,,,,,,,,,,,,,,,,,"Tsuyoshi Wada","13046",493159
"Randy Choate","STL",1,1,,3.4838709677419355,63,0,,,,31,,28,13,12,2,11,0,3,26,7.548387096774194,3.193548387096774,2.3636363636363638,0.5806451612903226,,,,,1.2580645161290323,,0.718232044198895,,,3.563983408097298,0.10148891621767375,,,,,,,,,142,4.580645161290323,139,4.483870967741935,,,,,,,,,,,,,,,,,,,"Randy Choate","813",329092
"Danny Rosenbaum","WSN",7,9,,4.602626220083625,26,25,,,,144.6999969482422,,156,79,74,14,63,0,9,77,4.78921917495188,3.918452052233356,1.2222222222222223,0.8707671227185236,,,,,1.5134761894869577,,0.7021063189568706,,,4.734101819833835,0.10142276806401396,,,,,,,,,430.97997741699226,2.978438054640386,479.49998474121094,3.3137525560053986,,,,,,,,,,,,,,,,,,,"Danny Rosenbaum","sa502078",572095
"Jon Garland","COL",3,4,,5.493716262273377,10,10,,,,55.70000076293945,,67,36,34,8,20,2,2,28,4.524236921872193,3.231597801337281,1.4,1.2926391205349124,,,,,1.561938937313019,,0.6728232189973615,,,5.0945329833528445,0.099333574711538,,,,,,,,,129.58000564575198,2.3263914519004696,164.50000381469727,2.953321392486389,,,,,,,,,,,,,,,,,,,"Jon Garland","232",279782
"Matt Palmer","SEA",5,9,,5.00455802436371,22,19,,,,109.69999694824219,,116,65,61,12,55,0,7,72,5.907019307445691,4.512306415409903,1.309090909090909,0.9845032179076152,,,,,1.5587967616870575,,0.6874189364461738,,,4.852776942003195,0.09849340855563818,,,,,,,,,320.57997741699216,2.922333512627587,350.49998474121094,3.1950774338360386,,,,,,,,,,,,,,,,,,,"Matt Palmer","4457",461212
"Lee Stoppelman","STL",4,3,,3.7058823529411766,44,0,,,,51,,46,22,21,4,24,1,3,48,8.470588235294118,4.235294117647059,2,0.7058823529411765,,,,,1.3725490196078431,,0.7453416149068323,,,3.773344571917665,0.09831967361477006,,,,,,,,,223.60000000000002,4.3843137254901965,218,4.2745098039215685,,,,,,,,,,,,,,,,,,,"Lee Stoppelman","sa658588",623336
"Caleb Clay","WSN",5,6,,4.51327447171505,29,13,,,,101.69999694824219,,109,55,51,13,28,2,6,60,5.309734672605941,2.4778761805494396,2.142857142857143,1.150442512397954,,,,,1.3470993521241,,0.6902356902356902,,,4.532613515771636,0.09482815069514683,,,,,,,,,327.27997741699227,3.2180923032235063,357.49998474121094,3.515240860067598,,,,,,,,,,,,,,,,,,,"Caleb Clay","sa326518",502175
"Chris Withrow","LAD",3,3,,3.4806630323302974,47,0,,,,54.29999923706055,,46,22,21,5,26,0,3,56,9.281768086214127,4.309392325742273,2.1538461538461537,0.8287292934119755,,,,,1.3259668694591609,,0.7692307692307693,,,3.7845026366498784,0.09172871735355592,,,,,,,,,245.71999435424812,4.5252301621864595,231.49999618530273,4.263351739189355,,,,,,,,,,,,,,,,,,,"Chris Withrow","7161",519437
"Chia-Jen Lo","HOU",1,1,,4.5,31,0,,,,32,,32,17,16,4,13,0,1,29,8.15625,3.65625,2.230769230769231,1.125,,,,,1.40625,,0.7106598984771574,,,4.172854375839234,0.0911635667963199,,,,,,,,,120.40000000000002,3.7625000000000006,124,3.875,,,,,,,,,,,,,,,,,,,"Chia-Jen Lo","5440",547568
"Steve Delabar","TOR",5,4,,3.9004815886971316,56,0,,,,62.29999923706055,,52,29,27,8,36,3,4,78,11.268057922902825,5.200642118262842,2.1666666666666665,1.1556982485028537,,,,,1.412520081503488,,0.7682291666666667,,,4.1393471660919285,0.08948164994780497,,,,,,,,,263.41999435424805,4.228250362442168,243.49999618530273,3.9085072097473046,,,,,,,,,,,,,,,,,,,"Steve Delabar","11827",447755
"Rich Hill","BOS",1,1,,3.9747633112774845,43,0,,,,31.700000762939453,,27,15,14,3,18,3,1,37,10.50473160837621,5.11040997164248,2.0555555555555554,0.8517349952737466,,,,,1.4195583254562445,,0.7352941176470589,,,3.7418606682845086,0.08603247033499167,,,,,,,,,144.48000564575193,4.557728775030941,136.50000381469727,4.305993707554725,,,,,,,,,,,,,,,,,,,"Rich Hill","4806",448179
"Derek Law","SFG",4,4,,3.4670947455085614,43,0,,,,62.29999923706055,,55,26,24,6,23,2,4,62,8.956661425897117,3.3226324644457046,2.6956521739130435,0.8667736863771404,,,,,1.2520064358780916,,0.7471264367816093,,,3.609652135528121,0.08353271048668359,,,,,,,,,287.21999435424806,4.610272839030611,276.49999618530273,4.438202240311113,,,,,,,,,,,,,,,,,,,"Derek Law","13133",571882
"Robert Coello","NYY",3,3,,4.651162699003733,29,1,,,,38.70000076293945,,36,21,20,5,21,0,2,43,9.999999802858026,4.8837208339539195,2.0476190476190474,1.1627906747509333,,,,,1.472868188017849,,0.72,,,4.288164428906896,0.08328130086908546,,,,,,,,,148.28000564575194,3.8315246181532467,145.50000381469727,3.7596899469323377,,,,,,,,,,,,,,,,,,,"Robert Coello","1149",445193
"Brad Lincoln","PHI",4,3,,4.072398002594684,56,0,,,,66.30000305175781,,63,32,30,8,26,1,4,60,8.144796005189368,3.5294116022487265,2.3076923076923075,1.0859728006919158,,,,,1.3423830452997294,,0.7326478149100257,,,4.16399308766148,0.08276902538531986,,,,,,,,,258.4200225830078,3.897737717768571,257.50001525878906,3.8838612881777532,,,,,,,,,,,,,,,,,,,"Brad Lincoln","4241",453184
"Chang-Yong Lim","CHC",1,1,,3.9009288847112247,36,0,,,,32.29999923706055,,30,15,14,2,17,1,2,31,8.637771101860569,4.736842217149344,1.8235294117647058,0.5572755549587464,,,,,1.4551083935033933,,0.7239819004524887,,,3.698009189957771,0.08141900992898714,,,,,,,,,141.41999435424808,4.378328102001465,140.49999618530273,4.349845185881462,,,,,,,,,,,,,,,,,,,"Chang-Yong Lim","14445",547939
"Tim Bascom","BAL",4,5,,5.198187815814153,25,13,,,,88.30000305175781,,96,55,51,10,46,0,5,55,5.605888820976047,4.688561559361785,1.1956521739130435,1.0192525129047358,,,,,1.60815396480525,,0.6796875,,,5.00708420620056,0.07979713697834373,,,,,,,,,237.8200225830078,2.693318395964353,268.50001525878906,3.0407701696386744,,,,,,,,,,,,,,,,,,,"Tim Bascom","sa326787",502157
"André Rienzo","CHW",6,9,,5.074393230116047,24,24,,,,127.69999694824219,,135,77,72,18,64,0,8,96,6.765857640154729,4.5105717601031525,1.5,1.2685983075290117,,,,,1.5583398962856378,,0.7019562715765247,,,5.068214643385438,0.07961009218567902,,,,,,,,,348.5799774169924,2.7296788233931957,380.49998474121094,2.979639732453796,,,,,,,,,,,,,,,,,,,"Andre Rienzo","3507",516589
"Tony Sipp","SDP",3,3,,3.655705942184095,64,0,,,,51.70000076293945,,43,22,21,6,24,2,2,54,9.400386708473388,4.177949648210395,2.25,1.0444874120525987,,,,,1.2959380853245204,,0.7679180887372014,,,3.976287630997099,0.0773450251791159,,,,,,,,,226.98000564575193,4.390328864529919,210.50000381469727,4.071566744842134,,,,,,,,,,,,,,,,,,,"Tony Sipp","8280",448609
"Nick Wittgren","MIA",2,2,,3.679727379771564,56,0,,,,58.70000076293945,,56,26,24,5,21,1,3,48,7.359454759543128,3.2197614573001183,2.2857142857142856,0.7666098707857425,,,,,1.3117546677889371,,0.7285714285714285,,,3.746321146999577,0.07502213639273467,,,,,,,,,251.2800056457519,4.280749614647345,252.50000381469727,4.301533228839657,,,,,,,,,,,,,,,,,,,"Nick Wittgren","15594",621295
"Blake Parker","CHC",2,2,,3.8333333333333335,51,0,,,,54,,48,25,23,6,24,1,3,55,9.166666666666666,4,2.2916666666666665,1,,,,,1.3333333333333333,,0.7389937106918238,,,3.955261783246641,0.07287821116175416,,,,,,,,,230,4.2592592592592595,221,4.092592592592593,,,,,,,,,,,,,,,,,,,"Blake Parker","5224",453284
"Josh Lindblom","OAK",5,6,,4.514106727021531,48,11,,,,95.69999694824219,,96,51,48,13,39,2,5,70,6.583072310239732,3.6677117157049937,1.794871794871795,1.2225705719016644,,,,,1.4106583521942282,,0.7191780821917808,,,4.730195077344943,0.06740339412471319,,,,,,,,,306.6799774169922,3.2045975673630913,317.49998474121094,3.3176592984942905,,,,,,,,,,,,,,,,,,,"Josh Lindblom","7882",458676
"Brian Gordon","NYY",2,2,,4.6408840431070635,46,0,,,,54.29999923706055,,60,30,28,7,12,0,4,38,6.298342629931015,1.9889503041887413,3.1666666666666665,1.1602210107767659,,,,,1.3259668694591609,,0.67524115755627,,,4.208075386616,0.06231319092955094,,,,,,,,,187.71999435424806,3.457090184011023,208.49999618530273,3.8397789892232344,,,,,,,,,,,,,,,,,,,"Brian Gordon","2374",430950
"Tom Wilhelmsen","SEA",2,3,,3.8737447894079042,66,0,,,,69.69999694824219,,61,32,30,7,33,4,2,68,8.780488189324583,4.261119268348694,2.0606060606060606,0.9038737841951776,,,,,1.3486370748309,,0.7363420427553444,,,3.9086865512632123,0.06089372882862126,,,,,,,,,302.07997741699216,4.334002735198262,288.49998474121094,4.139167824576021,,,,,,,,,,,,,,,,,,,"Tom Wilhelmsen","9975",452666
"Brian Sanches","KCR",4,5,,4.785820008938901,31,6,,,,67.69999694824219,,76,39,36,7,23,2,4,37,4.918759453631648,3.057607227933187,1.608695652173913,0.9305761128492308,,,,,1.4623338916202198,,0.6726457399103138,,,4.495417218049148,0.05970730951809898,,,,,,,,,210.27997741699212,3.106055936424263,240.49998474121094,3.5524371577900853,,,,,,,,,,,,,,,,,,,"Brian Sanches","2739",430083
"Pat Neshek","STL",3,2,,3.8297872340425534,50,0,,,,47,,46,21,20,5,15,2,1,37,7.085106382978723,2.872340425531915,2.466666666666667,0.9574468085106383,,,,,1.297872340425532,,0.7407407407407407,,,3.8776416098817865,0.05887518881796103,,,,,,,,,192.7,4.1,196,4.170212765957447,,,,,,,,,,,,,,,,,,,"Pat Neshek","4682",450212
"Aaron Cook","COL",4,6,,5.837837837837838,14,14,,,,74,,95,51,48,10,25,2,3,28,3.4054054054054053,3.0405405405405403,1.12,1.2162162162162162,,,,,1.6216216216216217,,0.6509433962264151,,,5.182989510974369,0.05824419789399615,,,,,,,,,149.60000000000002,2.021621621621622,212,2.864864864864865,,,,,,,,,,,,,,,,,,,"Aaron Cook","1571",346871
"Alfredo Simon","CIN",4,3,,3.5146445010577936,51,0,,,,71.69999694824219,,67,30,28,7,22,2,6,55,6.903765984220667,2.7615063936882667,2.5,0.8786611252644484,,,,,1.2412831769608874,,0.7449494949494949,,,3.9544095050803314,0.0581943230489341,,,,,,,,,296.2799774169921,4.13221743413555,293.49998474121094,4.093444870758902,,,,,,,,,,,,,,,,,,,"Alfredo Simon","2155",430580
"Edward Mujica","BOS",3,2,,3.9004815886971316,64,1,,,,62.29999923706055,,62,29,27,9,10,2,1,47,6.789727209954266,1.4446228106285672,4.7,1.3001605295657106,,,,,1.1556982485028537,,0.7239057239057239,,,3.9467307913414533,0.05730044413735935,,,,,,,,,250.11999435424806,4.014767213760391,255.49999618530273,4.10112358449778,,,,,,,,,,,,,,,,,,,"Edward Mujica","3970",465629
"Kendry Flores","SFG",5,7,,4.41,18,17,,,,100,,106,52,49,15,19,1,7,65,5.85,1.71,3.4210526315789473,1.35,,,,,1.25,,0.7019230769230769,,,4.477854375839233,0.056257814514079324,,,,,,,,,331.9,3.319,357,3.57,,,,,,,,,,,,,,,,,,,"Kendry Flores","12118",572309
"Stephen Fife","LAD",7,10,,4.57258064516129,25,22,,,,124,,131,67,63,13,53,1,9,76,5.516129032258065,3.846774193548387,1.4339622641509433,0.9435483870967742,,,,,1.4838709677419355,,0.7056694813027744,,,4.6849511500327825,0.05615503188898868,,,,,,,,,383.0999999999999,3.0895161290322575,417,3.3629032258064515,,,,,,,,,,,,,,,,,,,"Stephen Fife","8077",543155
"Samuel Deduno","MIN",6,8,,4.827272727272727,21,21,,,,110,,112,63,59,12,60,0,9,79,6.463636363636364,4.909090909090909,1.3166666666666667,0.9818181818181818,,,,,1.5636363636363637,,0.702319587628866,,,4.911490739475597,0.055856163946883836,,,,,,,,,326.2,2.9654545454545453,345,3.1363636363636362,,,,,,,,,,,,,,,,,,,"Samuel Deduno","5285",465679
"R.J. Alvarez","LAA",3,3,,3.829787303118105,34,0,,,,42.29999923706055,,36,19,18,4,23,0,3,47,10.00000018036394,4.8936171095398,2.0434782608695654,0.8510638451373566,,,,,1.3947990795306677,,0.7490636704119851,,,3.89891822097659,0.05233875502430507,,,,,,,,,186.21999435424806,4.402364012127311,175.49999618530273,4.1489361548626436,,,,,,,,,,,,,,,,,,,"R.J. Alvarez","13401",571439
"Pedro Feliciano","NYM",1,1,,4.05,29,0,,,,20,,19,10,9,2,7,1,1,16,7.2,3.15,2.2857142857142856,0.9,,,,,1.3,,0.6896551724137931,,,3.9478543758392335,0.050426460662916645,,,,,,,,,82,4.1,82,4.1,,,,,,,,,,,,,,,,,,,"Pedro Feliciano","1601",408230
"John Lannan","NYM",7,10,,4.868735201735885,23,23,,,,125.69999694824219,,138,73,68,13,54,2,8,69,4.9403342488202355,3.866348542554967,1.2777777777777777,0.9307876120965661,,,,,1.5274463377994931,,0.6846950517836593,,,4.774186955539703,0.049690942289598056,,,,,,,,,363.4799774169922,2.8916466685886832,411.49998474121094,3.2736674202995313,,,,,,,,,,,,,,,,,,,"John Lannan","7080",458709
"Shawn Tolleson","TEX",2,2,,4.4141688455655705,36,0,,,,36.70000076293945,,34,19,18,5,16,0,2,39,9.564032498725403,3.923705640502729,2.4375,1.226158012657103,,,,,1.3623977918412253,,0.7209302325581395,,,4.165020565149039,0.04920682521773703,,,,,,,,,145.68000564575195,3.969482360143794,142.50000381469727,3.882833810690195,,,,,,,,,,,,,,,,,,,"Shawn Tolleson","10481",474521
"David Huff","SFG",6,10,,4.669172932330827,31,21,,,,133,,142,74,69,16,45,1,7,79,5.345864661654136,3.045112781954887,1.7555555555555555,1.0827067669172932,,,,,1.406015037593985,,0.6865127582017011,,,4.596726556290362,0.049073130961054506,,,,,,,,,420.2000000000001,3.1593984962406023,459,3.4511278195488724,,,,,,,,,,,,,,,,,,,"David Huff","4257",453307
"Fautino De Los Santos","SDP",2,2,,3.4411764705882355,28,0,,,,34,,30,14,13,3,16,2,2,34,9,4.235294117647059,2.125,0.7941176470588235,,,,,1.3529411764705883,,0.7655502392344498,,,3.7831484934862925,0.04798502937849693,,,,,,,,,150.70000000000002,4.432352941176471,145,4.264705882352941,,,,,,,,,,,,,,,,,,,"Fautino De Los Santos","5841",501745
"Mike Morin","LAA",3,3,,4.143646467059878,46,0,,,,54.29999923706055,,55,27,25,6,15,2,3,42,6.961326064660595,2.4861878802359265,2.8,0.9944751520943707,,,,,1.2891344564186287,,0.698051948051948,,,3.9318322888120076,0.0453245522078633,,,,,,,,,215.01999435424807,3.9598526220142887,223.49999618530273,4.116022087027226,,,,,,,,,,,,,,,,,,,"Mike Morin","13442",573046
"Luis Ayala","WSN",3,2,,3.757115695133742,51,0,,,,52.70000076293945,,53,24,22,4,16,2,3,35,5.977229514985499,2.7324477782790852,2.1875,0.6831119445697713,,,,,1.3092978937587283,,0.7097791798107256,,,3.787892315789819,0.044862083727252394,,,,,,,,,215.980005645752,4.098292267912773,224.50000381469727,4.259962060049414,,,,,,,,,,,,,,,,,,,"Luis Ayala","1650",425646
"Brett Oberholtzer","HOU",7,13,,5.462244295479511,27,25,,,,141.6999969482422,,159,92,86,26,47,1,7,100,6.351446855208733,2.985180021948105,2.127659574468085,1.6513761823542707,,,,,1.4537756135255546,,0.6721698113207547,,,5.165003327575478,0.04377391290197605,,,,,,,,,353.3799774169923,2.493860162509877,408.49998474121094,2.8828510482637553,,,,,,,,,,,,,,,,,,,"Brett Oberholtzer","3855",519085
"Cody Martin","ATL",7,8,,4.395887004414589,26,21,,,,116.69999694824219,,114,61,57,13,61,1,8,95,7.326478340690981,4.704370302969998,1.5573770491803278,1.0025707203050815,,,,,1.4995715901999085,,0.7270408163265306,,,4.64168475170885,0.041935577721731926,,,,,,,,,390.27997741699227,3.3443015220479055,397.49998474121094,3.406169624130383,,,,,,,,,,,,,,,,,,,"Cody Martin","12182",592533
"J.P. Howell","LAD",2,2,,3.3727810143347594,59,0,,,,50.70000076293945,,44,20,19,5,21,2,2,46,8.16568035049468,3.7278105947910496,2.1904761904761907,0.8875739511407261,,,,,1.2820512627588267,,0.7758620689655172,,,3.8762567302372446,0.0399405946093864,,,,,,,,,222.28000564575197,4.384220952679622,211.50000381469727,4.171597645601989,,,,,,,,,,,,,,,,,,,"J.P. Howell","8245",434442
"Michael Gonzalez","MIL",1,1,,4.186046511627907,56,0,,,,43,,41,21,20,6,18,1,1,47,9.837209302325581,3.7674418604651163,2.611111111111111,1.255813953488372,,,,,1.372093023255814,,0.7509881422924901,,,4.001342747932257,0.03833362381654615,,,,,,,,,174.79999999999995,4.065116279069766,174,4.046511627906977,,,,,,,,,,,,,,,,,,,"Michael Gonzalez","1794",283166
"Jeremy Horst","PHI",2,2,,4.346076392036355,43,0,,,,49.70000076293945,,51,26,24,5,21,1,3,40,7.243460653393925,3.802816843031811,1.9047619047619047,0.9054325816742407,,,,,1.448692130678785,,0.7076923076923077,,,4.1947356459599385,0.03479151560394382,,,,,,,,,181.680005645752,3.655533256676086,191.50000381469727,3.853118729879295,,,,,,,,,,,,,,,,,,,"Jeremy Horst","596",456662
"Matt Maloney","BOS",2,3,,5.079006859480242,18,6,,,,44.29999923706055,,52,27,25,6,10,0,3,24,4.875846585101033,2.0316027437920967,2.4,1.2189616462752582,,,,,1.3995485568345556,,0.6529850746268656,,,4.605416479413174,0.031780006347490994,,,,,,,,,127.81999435424805,2.885327236017563,152.49999618530273,3.442437896426059,,,,,,,,,,,,,,,,,,,"Matt Maloney","9920",476011
"Jose Valverde","NYM",2,2,,3.854389658658117,49,0,,,,46.70000076293945,,41,21,20,5,21,2,3,43,8.286937766114951,4.047109141591023,2.0476190476190474,0.9635974146645292,,,,,1.3276231046489069,,0.7454545454545455,,,4.139931445792366,0.03156799611211154,,,,,,,,,191.48000564575193,4.100214186671023,182.50000381469727,3.9079229300468667,,,,,,,,,,,,,,,,,,,"Jose Valverde","1726",407878
"Chris Narveson","MIL",4,6,,5.054794520547945,15,14,,,,73,,79,44,41,11,29,0,2,50,6.164383561643835,3.5753424657534247,1.7241379310344827,1.356164383561644,,,,,1.4794520547945205,,0.6911447084233262,,,4.91086807446937,0.031118559183822198,,,,,,,,,206.50000000000003,2.8287671232876717,229,3.136986301369863,,,,,,,,,,,,,,,,,,,"Chris Narveson","2141",429780
"Stephen Pryor","SEA",1,1,,4.2,30,0,,,,30,,27,15,14,3,17,1,1,31,9.3,5.1,1.8235294117647058,0.9,,,,,1.4666666666666666,,0.7286432160804021,,,4.081187709172567,0.0295163720415181,,,,,,,,,122.89999999999999,4.096666666666667,119,3.966666666666667,,,,,,,,,,,,,,,,,,,"Stephen Pryor","10663",543668
"Chad Qualls","HOU",3,4,,4.442413100744201,60,0,,,,54.70000076293945,,58,29,27,6,17,4,1,38,6.252285104751097,2.797074915283386,2.235294117647059,0.9872029112764891,,,,,1.3711151545506792,,0.6906906906906908,,,4.071620357903741,0.029057609106336355,,,,,,,,,202.18000564575198,3.6961609291737654,217.50000381469727,3.976234017935493,,,,,,,,,,,,,,,,,,,"Chad Qualls","2170",430589
"Alex Torres","SDP",3,3,,3.5834607819930406,61,0,,,,65.30000305175781,,52,28,26,4,43,1,5,70,9.647779028442802,5.926492831757721,1.627906976744186,0.5513016587681602,,,,,1.4548238217493115,,0.7494407158836689,,,3.9054347339230384,0.026775977597544423,,,,,,,,,294.8200225830079,4.514854652446631,270.50001525878906,4.142419641916195,,,,,,,,,,,,,,,,,,,"Alex Torres","7038",456776
"Blake Johnson","LAD",4,6,,4.341176470588235,33,10,,,,85,,87,44,41,9,33,0,5,54,5.7176470588235295,3.4941176470588236,1.6363636363636365,0.9529411764705882,,,,,1.411764705882353,,0.7076350093109869,,,4.4949131993686455,0.02452440766746014,,,,,,,,,286.0999999999999,3.3658823529411754,302,3.552941176470588,,,,,,,,,,,,,,,,,,,"Blake Johnson","sa253230",455106
"Brandon Lyon","LAA",2,2,,4.18604642910336,40,0,,,,38.70000076293945,,39,19,18,4,12,2,1,30,6.9767440485056,2.79069761940224,2.5,0.9302325398007466,,,,,1.317829431384391,,0.7048458149779736,,,3.8488879517787655,0.024215483734531654,,,,,,,,,156.78000564575197,4.051162856717313,162.50000381469727,4.198966424060468,,,,,,,,,,,,,,,,,,,"Brandon Lyon","1312",407193
"Justin Germano","TEX",6,9,,5.823529411764706,25,19,,,,119,,147,82,77,21,31,1,9,61,4.61344537815126,2.3445378151260505,1.967741935483871,1.588235294117647,,,,,1.495798319327731,,0.6460296096904442,,,5.325165300208981,0.02361923836137822,,,,,,,,,242.09999999999997,2.034453781512605,324,2.722689075630252,,,,,,,,,,,,,,,,,,,"Justin Germano","1938",430683
"Chris Jakubauskas","CLE",1,2,,5.031055980090913,24,5,,,,48.29999923706055,,54,29,27,5,21,1,3,31,5.776397606771048,3.91304354007071,1.4761904761904763,0.931677033350169,,,,,1.5527950555836152,,0.6764705882352942,,,4.600649431422848,0.022636638159606648,,,,,,,,,145.51999435424804,3.012836369624426,166.49999618530273,3.447204944416385,,,,,,,,,,,,,,,,,,,"Chris Jakubauskas","7831",499856
"Jake Barrett","ARI",3,2,,4.022346311567846,55,0,,,,53.70000076293945,,53,26,24,6,15,1,4,43,7.206703808225723,2.5139664447299035,2.8666666666666667,1.0055865778919615,,,,,1.2662942091972846,,0.7046979865771812,,,3.9603310854078653,0.019570292099951453,,,,,,,,,214.78000564575194,3.999627608831997,219.50000381469727,4.087523290431369,,,,,,,,,,,,,,,,,,,"Jake Barrett","13322",545332
"Matt Magill","LAD",5,8,,4.6035804428899185,24,23,,,,117.30000305175781,,109,64,60,13,74,1,7,107,8.209718456487021,5.677749212897566,1.445945945945946,0.9974424292928157,,,,,1.5601022612015834,,0.7220873786407767,,,4.7358338715655375,0.018683728149935824,,,,,,,,,395.72002258300785,3.373572142264985,388.50001525878906,3.3120205042736965,,,,,,,,,,,,,,,,,,,"Matt Magill","3950",543483
"Eddie Gamboa","BAL",6,8,,5.380906619298204,24,18,,,,103.69999694824219,,117,66,62,15,43,0,6,61,5.294117802857911,3.731919106932626,1.4186046511627908,1.3018322466044043,,,,,1.5429122922718865,,0.6762589928057554,,,5.169358777713078,0.017729053393692726,,,,,,,,,253.67997741699224,2.4462872216245746,298.49998474121094,2.8784955981261557,,,,,,,,,,,,,,,,,,,"Eddie Gamboa","6911",543195
"Jeurys Familia","NYM",2,3,,4.477611996951025,21,11,,,,60.29999923706055,,60,32,30,7,31,1,3,50,7.4626866615850425,4.626865730182726,1.6129032258064515,1.044776132621906,,,,,1.5091210804538642,,0.7266009852216748,,,4.59014295256681,0.017441263544011196,,,,,,,,,202.11999435424798,3.3519070797935346,208.49999618530273,3.4577114232724244,,,,,,,,,,,,,,,,,,,"Jeurys Familia","5114",544727
"Josh Fields","HOU",2,3,,4.5,45,0,,,,50,,48,27,25,7,24,2,2,51,9.18,4.32,2.125,1.26,,,,,1.44,,0.7234726688102894,,,4.387854375839233,0.017144045386388584,,,,,,,,,183.09999999999997,3.6619999999999995,183,3.66,,,,,,,,,,,,,,,,,,,"Josh Fields","5070",451661
"Steven Matz","NYM",4,5,,4.618421052631579,17,17,,,,76,,75,42,39,9,42,0,6,62,7.342105263157895,4.973684210526316,1.4761904761904763,1.0657894736842106,,,,,1.5394736842105263,,0.7183908045977011,,,4.850485954786602,0.012274812039161254,,,,,,,,,236.7,3.1144736842105263,243,3.1973684210526314,,,,,,,,,,,,,,,,,,,"Steven Matz","13361",571927
"Ronald Belisario","CHW",5,5,,4.317841277016579,74,0,,,,66.69999694824219,,66,34,32,6,31,7,4,53,7.151424615058709,4.182908737109812,1.7096774193548387,0.8095952394406086,,,,,1.4542729301062784,,0.7110609480812642,,,4.202277217263806,0.011630797783353006,,,,,,,,,249.17997741699227,3.735831916309543,256.49998474121094,3.8455771585754284,,,,,,,,,,,,,,,,,,,"Ronald Belisario","2203",430613
"Juan Carlos Oviedo","TBR",1,1,,4.311377048543734,18,0,,,,16.700000762939453,,16,9,8,2,6,0,0,14,7.544909834951534,3.2335327864078,2.3333333333333335,1.0778442621359334,,,,,1.3173652092772519,,0.6770833333333334,,,4.005938164404507,0.011594938641478956,,,,,,,,,67.38000564575196,4.034730692664475,67.50000381469727,4.041916211434726,,,,,,,,,,,,,,,,,,,"Juan Carlos Oviedo","2886",434663
"Matt Albers","HOU",2,3,,4.22110547369434,57,0,,,,59.70000076293945,,58,30,28,6,25,2,2,48,7.23618081204744,3.768844172941375,1.92,0.90452260150593,,,,,1.3902847393517073,,0.710455764075067,,,4.103130744262819,0.009849528802600205,,,,,,,,,232.18000564575198,3.8891122726732794,235.50000381469727,3.944723631576415,,,,,,,,,,,,,,,,,,,"Matt Albers","4300",458006
"Franklin Morales","COL",3,3,,4.833333333333333,38,5,,,,54,,55,31,29,8,25,2,4,48,8,4.166666666666667,1.92,1.3333333333333333,,,,,1.4814814814814814,,0.7122093023255814,,,4.807113635098493,0.00874033485213474,,,,,,,,,167.20000000000005,3.096296296296297,175,3.240740740740741,,,,,,,,,,,,,,,,,,,"Franklin Morales","5088",462985
"Zac Rosscup","CHC",2,1,,3.796526126464505,39,0,,,,40.29999923706055,,34,18,17,4,25,0,3,45,10.049627981817808,5.583126656565449,1.8,0.8933002650504719,,,,,1.4640198788327177,,0.7677902621722846,,,4.189293603403725,0.0085454385824721,,,,,,,,,166.61999435424806,4.134491253315498,155.49999618530273,3.858560772435508,,,,,,,,,,,,,,,,,,,"Zac Rosscup","9419",573127
"Michael Stutes","PHI",3,3,,4.201474122715716,36,0,,,,40.70000076293945,,39,20,19,4,19,1,2,33,7.297297160506243,4.201474122715716,1.736842105263158,0.8845208679401507,,,,,1.4250613983480205,,0.7251908396946565,,,4.251785557202217,0.008347101749951923,,,,,,,,,153.58000564575198,3.773464441445383,154.50000381469727,3.7960688186370173,,,,,,,,,,,,,,,,,,,"Michael Stutes","6550",452741
"James McDonald","CHC",6,8,,4.724409322679326,23,22,,,,114.30000305175781,,111,64,60,16,58,3,5,98,7.716535227042899,4.5669290119233485,1.6896551724137931,1.2598424860478201,,,,,1.4785651398755668,,0.7162346521145976,,,4.806384512614316,0.007317940127116118,,,,,,,,,367.42002258300784,3.214523296352242,370.50001525878906,3.2414698632249177,,,,,,,,,,,,,,,,,,,"James McDonald","5523",457428
"Drake Britton","BOS",8,8,,5.040650545463818,30,20,,,,110.69999694824219,,119,66,62,14,56,0,6,80,6.504065219953314,4.55284565396732,1.4285714285714286,1.13821141349183,,,,,1.5808491854053193,,0.7014157014157014,,,4.9268065504924135,0.0049908826733850165,,,,,,,,,311.5799774169921,2.814634019932913,345.49998474121094,3.1210478253468206,,,,,,,,,,,,,,,,,,,"Drake Britton","2868",518493
"Jon Moscot","CIN",6,7,,4.813753721971447,23,23,,,,104.69999694824219,,107,60,56,17,41,2,6,78,6.704871255603087,3.524355403586238,1.9024390243902438,1.4613180941699035,,,,,1.4135626008963773,,0.7085346215780999,,,5.015380698708515,0.0043718369762209275,,,,,,,,,302.4799774169922,2.8890161053827095,317.49998474121094,3.032473677130718,,,,,,,,,,,,,,,,,,,"Jon Moscot","13849",621209
"Nick Hagadone","CLE",3,3,,4.524236921872193,52,0,,,,55.70000076293945,,52,30,28,6,32,1,2,56,9.048473843744386,5.1705564821396495,1.75,0.9694793404011842,,,,,1.5080789739573977,,0.7142857142857143,,,4.268680211899984,0.004009361440141634,,,,,,,,,213.18000564575195,3.8272890974104508,210.50000381469727,3.7791741639392495,,,,,,,,,,,,,,,,,,,"Nick Hagadone","1351",444935
"Hunter Strickland","SFG",1,1,,3.6382978723404253,45,0,,,,47,,45,20,19,4,15,1,2,36,6.8936170212765955,2.872340425531915,2.4,0.7659574468085106,,,,,1.2765957446808511,,0.7352941176470589,,,3.70742884392434,0.003549602980968257,,,,,,,,,202.60000000000002,4.310638297872341,204,4.340425531914893,,,,,,,,,,,,,,,,,,,"Hunter Strickland","7836",519326
"Brandon League","LAD",4,4,,4.029850797255923,63,0,,,,60.29999923706055,,61,29,27,5,19,2,2,40,5.970149329268034,2.835820931402316,2.1052631578947367,0.7462686661585043,,,,,1.326699850948452,,0.6986301369863014,,,3.8438742864083046,0.0024312852517058003,,,,,,,,,243.119994354248,4.031840753404617,253.49999618530273,4.203980089430929,,,,,,,,,,,,,,,,,,,"Brandon League","3731",434181
"Chris Carpenter","STL",1,1,,4.838709578181655,2,2,,,,9.300000190734863,,10,5,5,1,4,0,1,6,5.806451493817986,3.8709676625453238,1.5,0.9677419156363309,,,,,1.5053763132120703,,0.7142857142857143,,,4.7682844480816,0.0020685106139548496,,,,,,,,,27.52000141143799,2.959139876024392,30.500000953674316,3.279569927757634,,,,,,,,,,,,,,,,,,,"Chris Carpenter","1292",112020
"Luke Putkonen","DET",3,3,,4.189406150822845,50,0,,,,62.29999923706055,,63,31,29,6,28,0,2,52,7.512038615268549,4.044943869759988,1.8571428571428572,0.8667736863771404,,,,,1.4606741751911068,,0.7263922518159807,,,4.07514170784177,0.0004867078477115705,,,,,,,,,237.41999435424805,3.8109148838161375,247.49999618530273,3.972712667997463,,,,,,,,,,,,,,,,,,,"Luke Putkonen","6736",446367
"Arquimedes Caminero","MIA",3,3,,4.0754716981132075,48,0,,,,53,,50,26,24,5,24,0,4,48,8.150943396226415,4.0754716981132075,2,0.8490566037735849,,,,,1.3962264150943395,,0.7164179104477612,,,4.047854375839234,0.0004035511435780889,,,,,,,,,212.70000000000005,4.013207547169812,212,4,,,,,,,,,,,,,,,,,,,"Arquimedes Caminero","8992",491708
"Clay Rapada","LAA",1,1,,4.363636363636363,50,0,,,,33,,32,17,16,3,15,0,2,26,7.090909090909091,4.090909090909091,1.7333333333333334,0.8181818181818182,,,,,1.4242424242424243,,0.7009345794392524,,,4.199369527354385,0.00024348048540600437,,,,,,,,,125.10000000000004,3.790909090909092,127,3.8484848484848486,,,,,,,,,,,,,,,,,,,"Clay Rapada","4831",449060
"Fernando Rodriguez Jr.","OAK",4,4,,4.098671667418627,47,0,,,,52.70000076293945,,47,26,24,6,27,5,2,55,9.392789237834355,4.611005625845956,2.037037037037037,1.0246679168546569,,,,,1.4041745527267522,,0.7317073170731708,,,4.091497624487495,-0.004360660939121852,,,,,,,,,216.980005645752,4.117267599706378,208.50000381469727,3.956356751351738,,,,,,,,,,,,,,,,,,,"Fernando Rodriguez Jr.","7558",451775
"Neil Ramírez","CHC",6,8,,4.946962537096736,25,25,,,,103.69999694824219,,102,61,57,13,60,0,7,90,7.810993479626426,5.207328986417617,1.5,1.1282546137238172,,,,,1.5621986959252852,,0.7023643949930458,,,4.880062722912099,-0.006019504145483301,,,,,,,,,321.27997741699227,3.0981676651094467,328.49998474121094,3.167791652927135,,,,,,,,,,,,,,,,,,,"Neil Ramirez","7677",519166
"Xavier Cedeño","WSN",1,1,,3.957935048177147,61,0,,,,52.29999923706055,,49,25,23,5,23,3,4,46,7.915870096354294,3.957935048177147,2,0.860420662647206,,,,,1.3766730602355295,,0.7230769230769231,,,4.08035917101588,-0.008768443917074119,,,,,,,,,209.11999435424806,3.9984703136680464,207.49999618530273,3.967495204823353,,,,,,,,,,,,,,,,,,,"Xavier Cedeno","36",458584
"Mark Mulder","LAA",0,0,,5.046729061924036,9,0,,,,10.699999809265137,,11,6,6,1,4,0,0,7,5.887850572244708,3.36448604128269,1.75,0.8411215103206725,,,,,1.4018691838677875,,0.6617647058823529,,,4.075891777342278,-0.009884194817274606,,,,,,,,,40.279998588562016,3.7644859165028715,42.499999046325684,3.971962598496956,,,,,,,,,,,,,,,,,,,"Mark Mulder","932",150426
"Kelvin De La Cruz","BAL",2,2,,4.216690880405281,53,0,,,,68.30000305175781,,64,34,32,7,37,1,4,63,8.301610170797897,4.875548830468606,1.7027027027027026,0.9224011300886551,,,,,1.4787700656976852,,0.7346491228070176,,,4.336287700407514,-0.010213905256334102,,,,,,,,,255.9200225830078,3.746998699093342,253.50001525878906,3.71156667543172,,,,,,,,,,,,,,,,,,,"Kelvin De La Cruz","sa328950",456061
"Juan Pablo Oramas","SDP",2,4,,4.821428571428571,13,13,,,,56,,56,32,30,7,29,0,4,47,7.553571428571429,4.660714285714286,1.6206896551724137,1.125,,,,,1.5178571428571428,,0.7047872340425532,,,4.762140090124948,-0.01113899035922436,,,,,,,,,177.70000000000002,3.173214285714286,184,3.2857142857142856,,,,,,,,,,,,,,,,,,,"Juan Pablo Oramas","sa508100",517062
"Chase Anderson","ARI",4,5,,4.980695176317573,20,14,,,,77.69999694824219,,84,46,43,11,28,0,5,53,6.138996380112357,3.2432433706253962,1.8928571428571428,1.274131324174263,,,,,1.4414414980557317,,0.6832298136645963,,,4.798176194906908,-0.013705378700679602,,,,,,,,,228.27997741699224,2.937966362714981,252.49998474121094,3.249678180932326,,,,,,,,,,,,,,,,,,,"Chase Anderson","6895",502624
"Alex White","HOU",4,8,,5.24185571572681,21,20,,,,101.30000305175781,,111,63,59,15,48,5,6,73,6.48568588556029,4.264560582286219,1.5208333333333333,1.3326751819644433,,,,,1.5695952143136775,,0.6956521739130435,,,5.130776326909586,-0.01779531647211416,,,,,,,,,260.52002258300786,2.571767174082895,295.50001525878906,2.917078048929648,,,,,,,,,,,,,,,,,,,"Alex White","10054",502229
"Joel Hanrahan","BOS",2,2,,4.2857141941249175,39,0,,,,35.70000076293945,,32,18,17,5,17,0,1,37,9.327730893095408,4.2857141941249175,2.176470588235294,1.2605041747426229,,,,,1.3725489902753003,,0.7380952380952381,,,4.308358550581857,-0.01991891472455864,,,,,,,,,139.480005645752,3.9070028757687774,133.50000381469727,3.7394958252573773,,,,,,,,,,,,,,,,,,,"Joel Hanrahan","2186",430629
"Nick Blackburn","MIN",3,6,,5.777777777777778,15,15,,,,81,,102,56,52,12,24,1,3,36,4,2.6666666666666665,1.5,1.3333333333333333,,,,,1.5555555555555556,,0.641025641025641,,,5.084891412876271,-0.02096209398973478,,,,,,,,,177.59999999999997,2.192592592592592,240,2.962962962962963,,,,,,,,,,,,,,,,,,,"Nick Blackburn","4270",448147
"Luis Perez","TOR",1,1,,4.0740742019865,21,0,,,,24.299999237060547,,23,12,11,3,10,0,1,22,8.148148403973,3.703703819987727,2.2,1.111111145996318,,,,,1.3580247339954998,,0.7291666666666666,,,4.200117786502082,-0.02192078488564386,,,,,,,,,94.11999435424804,3.873250918078353,93.49999618530273,3.847736589337152,,,,,,,,,,,,,,,,,,,"Luis Perez","6389",469802
"Jonathan Broxton","CIN",3,2,,3.6486486486486487,38,0,,,,37,,34,16,15,4,13,1,3,31,7.54054054054054,3.1621621621621623,2.3846153846153846,0.972972972972973,,,,,1.2702702702702702,,0.748792270531401,,,4.074881402866261,-0.022290065380591157,,,,,,,,,150.20000000000002,4.05945945945946,147,3.972972972972973,,,,,,,,,,,,,,,,,,,"Jonathan Broxton","4759",455009
"Nick Masset","COL",2,2,,4.719100988749501,28,0,,,,26.700000762939453,,29,15,14,3,12,1,1,21,7.0786514831242515,4.04494370464243,1.75,1.0112359261606074,,,,,1.5355804804661075,,0.7065217391304348,,,4.396168944053377,-0.02378914889088955,,,,,,,,,88.28000564575194,3.3063671581720597,97.50000381469727,3.651685431785857,,,,,,,,,,,,,,,,,,,"Nick Masset","7267",434665
"Yohan Pino","MIN",5,8,,5.23724275723184,32,16,,,,111.69999694824219,,127,70,65,18,33,1,7,73,5.881826481198836,2.6589078613638573,2.212121212121212,1.4503133789257403,,,,,1.4324082754822125,,0.6676557863501483,,,4.90998513396611,-0.024369260298918144,,,,,,,,,300.9799774169923,2.6945388150409326,350.49998474121094,3.1378692418731235,,,,,,,,,,,,,,,,,,,"Yohan Pino","6955",464416
"Juan Ramon Noriega","LAD",5,5,,3.996937026069161,49,0,,,,65.30000305175781,,64,31,29,6,23,1,4,49,6.753445319909962,3.1699845379169207,2.130434782608696,0.8269524881522402,,,,,1.3323123420230536,,0.712468193384224,,,3.9820044087519495,-0.027629567660936362,,,,,,,,,260.02002258300786,3.981929715637408,265.50001525878906,4.065849967087284,,,,,,,,,,,,,,,,,,,"Juan Ramon Noriega","sa543294",585671
"Greg Burke","COL",3,3,,5.086342168279888,56,0,,,,63.70000076293945,,72,39,36,7,27,1,3,45,6.357927710349861,3.8147566262099164,1.6666666666666667,0.9890109771655339,,,,,1.5541601069744104,,0.6726457399103138,,,4.47642578730056,-0.027891415254735603,,,,,,,,,198.08000564575187,3.109576189534278,227.50000381469727,3.5714285885386734,,,,,,,,,,,,,,,,,,,"Greg Burke","6282",457566
"Daisuke Matsuzaka","NYM",5,8,,5.186766444277001,20,19,,,,93.69999694824219,,97,58,54,13,47,0,7,70,6.723586131470187,4.514407831129983,1.4893617021276595,1.2486659958444633,,,,,1.5368196871931856,,0.6836248012718601,,,5.086274933157973,-0.029552916080020787,,,,,,,,,259.2799774169922,2.7671289846488762,277.49998474121094,2.961579442681261,,,,,,,,,,,,,,,,,,,"Daisuke Matsuzaka","7775",493137
"Joe Martinez","CLE",5,10,,5.785714285714286,27,20,,,,126,,155,87,81,20,40,0,8,66,4.714285714285714,2.857142857142857,1.65,1.4285714285714286,,,,,1.5476190476190477,,0.6467065868263473,,,5.206584534569393,-0.029937618955505646,,,,,,,,,271.4000000000001,2.1539682539682548,358,2.8412698412698414,,,,,,,,,,,,,,,,,,,"Joe Martinez","3935",458155
"Ross Wolf","TEX",3,3,,4.777618573603082,41,4,,,,69.69999694824219,,77,40,37,8,26,1,3,40,5.164993052543872,3.357245484153517,1.5384615384615385,1.0329986105087745,,,,,1.477761901144497,,0.6862745098039216,,,4.640393900373594,-0.030206285888936077,,,,,,,,,210.17997741699222,3.015494786507202,237.49998474121094,3.4074604754656392,,,,,,,,,,,,,,,,,,,"Ross Wolf","4534",448693
"Philip Humber","OAK",6,8,,4.978392525435162,31,17,,,,115.69999694824219,,123,68,64,17,40,2,4,78,6.067415890374104,3.1114953283969764,1.95,1.322385514568715,,,,,1.40881594035752,,0.6824712643678161,,,4.75053376387869,-0.03048868216078375,,,,,,,,,351.27997741699215,3.0361278019232403,381.49998474121094,3.2973206119605436,,,,,,,,,,,,,,,,,,,"Philip Humber","8586",458950
"Ted Lilly","LAD",2,4,,4.947145957174901,10,10,,,,47.29999923706055,,50,28,26,7,17,0,3,31,5.8985201797085365,3.2346723566143587,1.8235294117647058,1.331923911547089,,,,,1.4164905091056341,,0.6818181818181818,,,4.929461171516867,-0.0314441289522793,,,,,,,,,135.91999435424805,2.8735728656788617,147.49999618530273,3.1183932043223668,,,,,,,,,,,,,,,,,,,"Ted Lilly","833",150404
"Barry Zito","SFG",5,9,,4.769230769230769,24,21,,,,117,,127,66,62,14,45,2,3,74,5.6923076923076925,3.4615384615384617,1.6444444444444444,1.0769230769230769,,,,,1.4700854700854702,,0.6955380577427821,,,4.569221897206755,-0.03195427594996417,,,,,,,,,367.40000000000003,3.1401709401709406,407,3.4786324786324787,,,,,,,,,,,,,,,,,,,"Barry Zito","944",217096
"Michael Kohn","LAA",3,2,,3.986371328085861,65,0,,,,58.70000076293945,,52,28,26,8,26,2,3,61,9.352640423586058,3.986371328085861,2.3461538461538463,1.226575793257188,,,,,1.328790442695287,,0.7485029940119761,,,4.223322844377372,-0.03291635763683032,,,,,,,,,235.7800056457519,4.016695103598923,224.50000381469727,3.8245315314618615,,,,,,,,,,,,,,,,,,,"Michael Kohn","8505",543409
"Héctor Rondón","CHC",1,1,,4.1042344256911285,25,0,,,,30.700000762939453,,29,15,14,3,12,3,2,25,7.328990045877014,3.517915222020967,2.0833333333333335,0.8794788055052417,,,,,1.335504852804256,,0.7065217391304348,,,4.0576263377156225,-0.0380349882460623,,,,,,,,,122.88000564575196,4.002605947622344,122.50000381469727,3.9902280381236115,,,,,,,,,,,,,,,,,,,"Hector Rondon","2391",444468
"Brian Moran","LAA",4,4,,4.238618473566573,48,0,,,,63.70000076293945,,64,32,30,8,20,3,4,56,7.912087817324271,2.8257456490443826,2.8,1.1302982596177529,,,,,1.3186813028873785,,0.7142857142857143,,,4.052563939943903,-0.040667690127946056,,,,,,,,,246.58000564575192,3.8709576560823487,254.50000381469727,3.9952904358953307,,,,,,,,,,,,,,,,,,,"Brian Moran","9646",572383
"Justin Wilson","PIT",4,3,,3.375,64,0,,,,72,,61,29,27,6,34,1,4,62,7.75,4.25,1.8235294117647058,0.75,,,,,1.3194444444444444,,0.7621247113163973,,,3.992298820283678,-0.04121580036594527,,,,,,,,,310.4000000000001,4.311111111111113,292,4.055555555555555,,,,,,,,,,,,,,,,,,,"Justin Wilson","4301",458677
"Shawn Camp","PHI",2,2,,4.673076923076923,51,0,,,,52,,56,29,27,7,15,2,1,36,6.230769230769231,2.5961538461538463,2.4,1.2115384615384615,,,,,1.3653846153846154,,0.6862745098039216,,,4.336315914300772,-0.04152256504403546,,,,,,,,,177.1,3.4057692307692307,193,3.7115384615384617,,,,,,,,,,,,,,,,,,,"Shawn Camp","1855",425861
"Manny Bañuelos","NYY",1,1,,5.785714285714286,7,7,,,,28,,31,19,18,5,14,0,2,24,7.714285714285714,4.5,1.7142857142857142,1.6071428571428572,,,,,1.6071428571428572,,0.6842105263157895,,,5.369282947267806,-0.042879685408833385,,,,,,,,,65.10000000000001,2.325,75,2.6785714285714284,,,,,,,,,,,,,,,,,,,"Manny Banuelos","5365",544365
"Tim Byrdak","NYM",2,2,,4.225352264022908,35,0,,,,21.299999237060547,,19,11,10,2,13,2,1,20,8.450704528045817,5.492957943229781,1.5384615384615385,0.8450704528045816,,,,,1.5023474716525895,,0.7191780821917808,,,4.362408413535249,-0.042888554892761846,,,,,,,,,81.61999435424806,3.8319247548251005,78.49999618530273,3.685445962303984,,,,,,,,,,,,,,,,,,,"Tim Byrdak","1995",136263
"Brian Schlitter","CHC",4,4,,4.153846153846154,53,0,,,,65,,67,32,30,6,19,2,5,42,5.815384615384615,2.6307692307692307,2.210526315789474,0.8307692307692308,,,,,1.323076923076923,,0.6958762886597939,,,4.063238991223849,-0.043995024263067777,,,,,,,,,244.99999999999997,3.7692307692307687,259,3.9846153846153847,,,,,,,,,,,,,,,,,,,"Brian Schlitter","3599",489295
"Mike Kickham","SFG",7,10,,4.5969671665695895,27,23,,,,125.30000305175781,,127,68,64,13,57,1,7,94,6.751795525899084,4.09417388272604,1.6491228070175439,0.9337589557094478,,,,,1.4684756226541744,,0.6996381182147164,,,4.42854069496517,-0.044531000388912376,,,,,,,,,433.12002258300794,3.456664102427025,453.50001525878906,3.6193136808740642,,,,,,,,,,,,,,,,,,,"Mike Kickham","11618",592464
"Kyle Simon","PHI",5,6,,4.574333087163364,41,5,,,,78.69999694824219,,86,43,40,8,27,1,5,44,5.0317663958797,3.0876748338352704,1.6296296296296295,0.9148666174326727,,,,,1.4358323301373892,,0.68762278978389,,,4.4709802251789466,-0.04899224645545921,,,,,,,,,252.37997741699226,3.2068613367669174,281.49998474121094,3.5768741506602866,,,,,,,,,,,,,,,,,,,"Kyle Simon","sa577011",605473
"Ben Rowen","TEX",4,3,,4.397905817719648,46,0,,,,57.29999923706055,,61,30,28,6,19,1,4,36,5.65445033706812,2.9842932334526187,1.894736842105263,0.9424083895113533,,,,,1.3961605770538568,,0.6983240223463688,,,4.356754916827224,-0.0490765472521404,,,,,,,,,194.61999435424806,3.3965095452980663,211.49999618530273,3.691099459012009,,,,,,,,,,,,,,,,,,,"Ben Rowen","10983",594985
"Sean Burnett","LAA",2,1,,3.9705882352941178,42,0,,,,34,,33,16,15,4,11,2,2,29,7.676470588235294,2.911764705882353,2.6363636363636362,1.0588235294117647,,,,,1.2941176470588236,,0.7291666666666667,,,4.018442611133351,-0.04917387668922484,,,,,,,,,135.60000000000002,3.9882352941176475,137,4.029411764705882,,,,,,,,,,,,,,,,,,,"Sean Burnett","1886",430634
"Erik Davis","WSN",6,5,,4.072398002594684,53,0,,,,66.30000305175781,,65,32,30,7,23,3,4,53,7.194569804583942,3.122171801989258,2.3043478260869565,0.9502262006054264,,,,,1.327300089734564,,0.7161125319693095,,,4.0433294431401565,-0.051223875023868666,,,,,,,,,260.52002258300774,3.929411924455418,265.50001525878906,4.004524932699077,,,,,,,,,,,,,,,,,,,"Erik Davis","8422",458530
"Marcos Mateo","ARI",2,2,,4.14985581653923,30,0,,,,34.70000076293945,,34,17,16,3,16,0,2,28,7.262247678943652,4.14985581653923,1.75,0.7780979656011056,,,,,1.4409221585205658,,0.7205240174672489,,,4.114136773144452,-0.051766565477925394,,,,,,,,,133.48000564575193,3.8466859570882836,136.50000381469727,3.9337176026947813,,,,,,,,,,,,,,,,,,,"Marcos Mateo","6869",456496
"Rafael Perez","TEX",2,2,,4.645161290322581,33,0,,,,31,,33,17,16,4,10,0,1,21,6.096774193548387,2.903225806451613,2.1,1.1612903225806452,,,,,1.3870967741935485,,0.6951871657754011,,,4.4349511500327825,-0.05437530737742051,,,,,,,,,103.39999999999999,3.3354838709677415,112,3.6129032258064515,,,,,,,,,,,,,,,,,,,"Rafael Perez","4078",460370
"Blake Beavan","SEA",6,12,,5.436638105112917,28,24,,,,152.3000030517578,,181,98,92,25,36,0,8,74,4.372948041069085,2.127380128087663,2.0555555555555554,1.4773473111719881,,,,,1.424819406774762,,0.6538461538461539,,,5.076744683182097,-0.054996778645799285,,,,,,,,,364.92002258300784,2.396060507359235,452.50001525878906,2.9711096926571363,,,,,,,,,,,,,,,,,,,"Blake Beavan","338",518444
"Matt Guerrier","MIN",2,3,,4.462810011152998,42,0,,,,36.29999923706055,,37,19,18,4,14,2,1,27,6.694215016729497,3.4710744531189985,1.9285714285714286,0.9917355580339996,,,,,1.4049587072148326,,0.7048458149779736,,,4.232427403490956,-0.055822974606821577,,,,,,,,,132.21999435424806,3.6424241634489576,138.49999618530273,3.8154269723482783,,,,,,,,,,,,,,,,,,,"Matt Guerrier","2061",407825
"Adam Warren","NYY",3,3,,4.633204815179138,43,2,,,,77.69999694824219,,81,43,40,11,32,2,2,63,7.297297583907142,3.70656385214331,1.96875,1.274131324174263,,,,,1.4543115114312293,,0.7172131147540984,,,4.579385967523448,-0.055906573837823395,,,,,,,,,253.07997741699225,3.257142694427322,269.49998474121094,3.4684684083157853,,,,,,,,,,,,,,,,,,,"Adam Warren","9029",476589
"Marcus Walden","TOR",7,10,,5.298329484241992,26,22,,,,125.69999694824219,,147,79,74,16,50,0,7,58,4.152744730892372,3.579952354217562,1.16,1.14558475334962,,,,,1.5672235861796884,,0.6758304696449027,,,5.140137640637498,-0.058061912371255756,,,,,,,,,296.17997741699224,2.3562449053912573,365.49998474121094,2.9077167352017357,,,,,,,,,,,,,,,,,,,"Marcus Walden","8004",519393
"Scott Baker","SEA",2,3,,4.959183673469388,11,10,,,,49,,51,29,27,9,16,1,2,38,6.979591836734694,2.938775510204082,2.375,1.653061224489796,,,,,1.3673469387755102,,0.698529411764706,,,4.986629886043315,-0.06174079810492992,,,,,,,,,141.30000000000004,2.8836734693877557,150,3.061224489795918,,,,,,,,,,,,,,,,,,,"Scott Baker","6176",435044
"Ross Ohlendorf","WSN",5,7,,4.892221320804823,24,18,,,,106.69999694824219,,115,62,58,15,41,2,6,68,5.735707755426344,3.458294381948237,1.6585365853658536,1.2652296519322819,,,,,1.4620431533439702,,0.6962962962962963,,,4.92226867499817,-0.06255039518885708,,,,,,,,,301.0799774169923,2.8217430743042993,333.49998474121094,3.125585700841064,,,,,,,,,,,,,,,,,,,"Ross Ohlendorf","8268",456027
"Oliver Drake","BAL",2,2,,4.426229429111357,32,0,,,,42.70000076293945,,42,22,21,5,18,0,3,34,7.1662762185612445,3.793910939238306,1.8888888888888888,1.0538641497884182,,,,,1.405152199717891,,0.7169811320754716,,,4.453006575557125,-0.06285277916757885,,,,,,,,,150.280005645752,3.5194380084457584,153.50000381469727,3.5948478002821087,,,,,,,,,,,,,,,,,,,"Oliver Drake","8823",543118
"Matt Fox","NYM",4,6,,4.994096992216936,18,16,,,,84.69999694824219,,93,50,47,12,29,0,5,50,5.312869140656315,3.081464101580663,1.7241379310344827,1.2750885937575156,,,,,1.4403778559112677,,0.6844106463878327,,,4.913261763003007,-0.06360789442241083,,,,,,,,,235.37997741699218,2.778984485215818,265.49998474121094,3.134592612836227,,,,,,,,,,,,,,,,,,,"Matt Fox","7320",460257
"Marc Rzepczynski","CLE",2,2,,4.131147540983607,69,0,,,,61,,60,30,28,6,25,3,4,49,7.229508196721311,3.6885245901639343,1.96,0.8852459016393442,,,,,1.3934426229508197,,0.7180156657963447,,,4.146215031576938,-0.06693176820607122,,,,,,,,,232.60000000000008,3.813114754098362,238,3.901639344262295,,,,,,,,,,,,,,,,,,,"Marc Rzepczynski","6612",519240
"Preston Guilmet","CLE",3,3,,4.576271186440678,54,0,,,,59,,62,32,30,7,19,1,3,46,7.016949152542373,2.8983050847457625,2.4210526315789473,1.0677966101694916,,,,,1.3728813559322033,,0.6882022471910112,,,4.149549291093471,-0.06694057796625004,,,,,,,,,215.29999999999998,3.6491525423728812,230,3.8983050847457625,,,,,,,,,,,,,,,,,,,"Preston Guilmet","7303",543258
"Lucas Luetge","SEA",2,2,,4.35,57,0,,,,60,,58,31,29,6,30,3,3,54,8.1,4.5,1.8,0.9,,,,,1.4666666666666666,,0.7160804020100503,,,4.197854375839233,-0.0719393624622305,,,,,,,,,228.39999999999998,3.806666666666666,231,3.85,,,,,,,,,,,,,,,,,,,"Lucas Luetge","8337",476595
"Wilmer Font","TEX",3,2,,4.381338810196678,56,0,,,,49.29999923706055,,44,26,24,6,31,0,4,53,9.675456539184331,5.6592292965040425,1.7096774193548387,1.0953347025491695,,,,,1.5212981979849578,,0.7357357357357358,,,4.609720525770457,-0.07227398773373266,,,,,,,,,177.61999435424806,3.602839697829546,169.49999618530273,3.438133850068777,,,,,,,,,,,,,,,,,,,"Wilmer Font","5257",521655
"Chris Martin","COL",4,3,,4.70489044839033,38,0,,,,59.29999923706055,,67,33,31,7,19,1,4,39,5.919055725394285,2.8836425328843958,2.0526315789473686,1.0623946173784615,,,,,1.4502529697547253,,0.6955380577427821,,,4.430653719093739,-0.0754206922908701,,,,,,,,,187.5199943542481,3.162225915123693,214.49999618530273,3.6172006567454944,,,,,,,,,,,,,,,,,,,"Chris Martin","11847",455119
"Austin Bibens-Dirkx","TOR",6,8,,5.243478260869566,30,16,,,,115,,127,72,67,18,45,1,7,80,6.260869565217392,3.5217391304347827,1.7777777777777777,1.4086956521739131,,,,,1.4956521739130435,,0.6811989100817438,,,5.047854375839234,-0.0824220156908885,,,,,,,,,303.40000000000003,2.638260869565218,345,3,,,,,,,,,,,,,,,,,,,"Austin Bibens-Dirkx","9559",502212
"Seth Maness","STL",3,3,,3.908045824694644,76,0,,,,78.30000305175781,,83,36,34,8,14,4,4,45,5.172413591507617,1.6091953395801475,3.2142857142857144,0.9195401940457986,,,,,1.2388249836450342,,0.710955710955711,,,3.9163090035491543,-0.0824733010057249,,,,,,,,,301.22002258300785,3.8469988613397064,323.50001525878906,4.131545372290079,,,,,,,,,,,,,,,,,,,"Seth Maness","12235",595307
"Clayton Richard","SDP",5,9,,4.711623907530924,20,19,,,,112.69999694824219,,123,63,59,16,29,2,3,58,4.631765875199891,2.3158829375999455,2,1.2777285172965216,,,,,1.3487134349241061,,0.6867283950617284,,,4.71599994008747,-0.0839952179783949,,,,,,,,,337.3799774169922,2.99361123826769,375.49998474121094,3.3318544357517634,,,,,,,,,,,,,,,,,,,"Clayton Richard","3551",453385
"Giovanni Soto","CLE",3,4,,5.222437060262993,15,10,,,,51.70000076293945,,54,32,30,7,28,0,3,39,6.789168178341891,4.874274589578794,1.3928571428571428,1.2185686473946984,,,,,1.5860734775613534,,0.6925207756232686,,,5.09814448097952,-0.08476712414113186,,,,,,,,,141.08000564575192,2.728820184986989,152.50000381469727,2.949709894859714,,,,,,,,,,,,,,,,,,,"Giovanni Soto","10330",543803
"Lisalverto Bonilla","TEX",5,4,,4.5,42,0,,,,62,,58,33,31,8,32,2,4,64,9.290322580645162,4.645161290322581,2,1.1612903225806452,,,,,1.4516129032258065,,0.7233502538071066,,,4.402693085516653,-0.08550901033095172,,,,,,,,,229.59999999999997,3.7032258064516124,226,3.6451612903225805,,,,,,,,,,,,,,,,,,,"Lisalverto Bonilla","11266",570810
"Daryl Thompson","NYM",2,4,,5.222437060262993,11,10,,,,51.70000076293945,,56,32,30,7,25,0,3,37,6.441005707657691,4.352030883552494,1.48,1.2185686473946984,,,,,1.5667311180788979,,0.6882022471910112,,,5.001432683567242,-0.08654406128936104,,,,,,,,,140.88000564575194,2.7249517130904986,157.50000381469727,3.0464216922719918,,,,,,,,,,,,,,,,,,,"Daryl Thompson","6603",444354
"Michael Bowden","CHC",3,2,,3.9375,53,0,,,,64,,59,30,28,7,27,2,3,54,7.59375,3.796875,2,0.984375,,,,,1.34375,,0.7349081364829396,,,4.188479375839234,-0.0867103197713613,,,,,,,,,252.1,3.9390625,247,3.859375,,,,,,,,,,,,,,,,,,,"Michael Bowden","4440",476601
"Arnold Leon","OAK",4,6,,4.976470588235294,26,12,,,,85,,95,50,47,12,26,0,5,47,4.976470588235294,2.7529411764705882,1.8076923076923077,1.2705882352941176,,,,,1.423529411764706,,0.6813819577735124,,,4.871383787603939,-0.08688726840673436,,,,,,,,,235.39999999999998,2.769411764705882,270,3.176470588235294,,,,,,,,,,,,,,,,,,,"Arnold Leon","5595",504186
"Sandy Rosario","SFG",3,3,,3.8793103448275863,54,0,,,,58,,57,27,25,4,23,3,2,41,6.362068965517241,3.5689655172413794,1.7826086956521738,0.6206896551724138,,,,,1.3793103448275863,,0.7123655913978494,,,3.823716444804751,-0.08702409911485898,,,,,,,,,238.80000000000004,4.117241379310346,245,4.224137931034483,,,,,,,,,,,,,,,,,,,"Sandy Rosario","1525",466459
"Steve Johnson","BAL",5,7,,5.563309900519696,27,18,,,,100.30000305175781,,105,66,62,17,57,1,5,84,7.5373876071557175,5.114655876284237,1.4736842105263157,1.5254236824005618,,,,,1.6151544872476538,,0.694645441389291,,,5.430705749000896,-0.08868920148140223,,,,,,,,,242.12002258300788,2.413958277329929,262.50001525878906,2.617148626838338,,,,,,,,,,,,,,,,,,,"Steve Johnson","4053",489002
"Trey Haley","CLE",2,3,,4.3249427162547045,36,0,,,,43.70000076293945,,40,22,21,3,31,1,2,41,8.443935779354423,6.384439247804563,1.3225806451612903,0.6178489594649578,,,,,1.6247139304448888,,0.7335329341317366,,,4.329318884359146,-0.09050218368802077,,,,,,,,,165.48000564575193,3.786727751869747,162.50000381469727,3.718535491480088,,,,,,,,,,,,,,,,,,,"Trey Haley","sa456039",543270
"Jeremy Affeldt","SFG",2,2,,3.477272727272727,49,0,,,,44,,40,18,17,3,18,3,3,35,7.159090909090909,3.6818181818181817,1.9444444444444444,0.6136363636363636,,,,,1.3181818181818181,,0.7434944237918216,,,3.775127103111961,-0.09197733149194769,,,,,,,,,191.70000000000005,4.356818181818183,188,4.2727272727272725,,,,,,,,,,,,,,,,,,,"Jeremy Affeldt","583",346793
"Alex Burnett","CHC",3,3,,4.047109141591023,47,0,,,,46.70000076293945,,47,22,21,4,18,2,4,28,5.396145522121364,3.4689506927923053,1.5555555555555556,0.7708779317316234,,,,,1.391862932293209,,0.7239057239057239,,,4.37547748048814,-0.09469481396797925,,,,,,,,,164.18000564575198,3.515631755107876,171.50000381469727,3.672376895351093,,,,,,,,,,,,,,,,,,,"Alex Burnett","4065",488751
"Joba Chamberlain","DET",1,1,,4.7745357123957115,38,0,,,,37.70000076293945,,39,21,20,5,15,1,1,33,7.8779839254529245,3.580901784296784,2.2,1.1936339280989279,,,,,1.4323607137187135,,0.7021276595744681,,,4.294538700742558,-0.09664645264924801,,,,,,,,,134.08000564575198,3.5564987515214526,141.50000381469727,3.753315675096675,,,,,,,,,,,,,,,,,,,"Joba Chamberlain","2692",501955
"George Sherrill","KCR",1,1,,4.8502991796117,20,0,,,,16.700000762939453,,17,10,9,2,9,1,1,15,8.0838319660195,4.8502991796117,1.6666666666666667,1.0778442621359334,,,,,1.5568861564185705,,0.6896551724137931,,,4.604740532257804,-0.09882031514305054,,,,,,,,,54.780005645751956,3.2802397091693214,57.500003814697266,3.4431138435814295,,,,,,,,,,,,,,,,,,,"George Sherrill","6291",430941
"Dustin McGowan","TOR",1,1,,4.2857141941249175,35,0,,,,35.70000076293945,,33,18,17,4,20,1,3,36,9.075630058146885,5.0420166989704915,1.8,1.0084033397940984,,,,,1.484593805807978,,0.7383966244725738,,,4.420403366114534,-0.09905009631549881,,,,,,,,,132.18000564575198,3.7025210874216405,129.50000381469727,3.6274510097246995,,,,,,,,,,,,,,,,,,,"Dustin McGowan","8600",430661
"Duane Below","DET",5,6,,5.276212131924708,24,14,,,,88.69999694824219,,103,56,52,11,35,2,5,47,4.768884042316563,3.551296627257015,1.3428571428571427,1.116121797137919,,,,,1.555806141464978,,0.66884176182708,,,4.953153201256489,-0.10254046103269865,,,,,,,,,227.2799774169922,2.5623448166476663,274.49998474121094,3.0947011745827444,,,,,,,,,,,,,,,,,,,"Duane Below","3124",502102
"Heath Hembree","SFG",2,2,,3.516873937533959,59,0,,,,56.29999923706055,,50,24,22,5,24,0,3,53,8.47246903133181,3.836589750037046,2.2083333333333335,0.799289531257718,,,,,1.3143872291793584,,0.746268656716418,,,3.7583339591794274,-0.10545423082957742,,,,,,,,,250.1199943542481,4.442628734346445,241.49999618530273,4.289520416659807,,,,,,,,,,,,,,,,,,,"Heath Hembree","11632",592390
"Nestor Molina","CHW",4,6,,5.686512547340715,22,14,,,,82.30000305175781,,98,56,52,14,28,0,6,52,5.686512547340715,3.061968294721924,1.8571428571428572,1.530984147360962,,,,,1.530984147360962,,0.6578947368421052,,,5.234974586354893,-0.10550891702761299,,,,,,,,,184.0200225830078,2.2359661696158026,231.50001525878906,2.8128797894843403,,,,,,,,,,,,,,,,,,,"Nestor Molina","sa503616",500882
"Kevin Gregg","CHC",3,3,,3.96,48,0,,,,50,,47,24,22,5,24,2,2,44,7.92,4.32,1.8333333333333333,0.9,,,,,1.42,,0.734375,,,4.147854375839234,-0.10800519318208181,,,,,,,,,196.3,3.926,195,3.9,,,,,,,,,,,,,,,,,,,"Kevin Gregg","1793",276514
"Robbie Ray","DET",7,9,,5.204317778583789,27,27,,,,129.6999969482422,,136,80,75,22,65,0,8,116,8.04934483087626,4.510408741439284,1.7846153846153847,1.5265998817179114,,,,,1.5497301829560617,,0.7109283196239718,,,5.152711788510899,-0.11017403108388965,,,,,,,,,348.57997741699205,2.687586627747537,375.49998474121094,2.8951425873283343,,,,,,,,,,,,,,,,,,,"Robbie Ray","11486",592662
"Hideki Okajima","OAK",3,3,,4.395348837209302,37,0,,,,43,,44,22,21,5,13,2,2,30,6.27906976744186,2.7209302325581395,2.3076923076923075,1.0465116279069768,,,,,1.3255813953488371,,0.7,,,4.2106450735136525,-0.11611073173763077,,,,,,,,,157.29999999999998,3.6581395348837207,165,3.8372093023255816,,,,,,,,,,,,,,,,,,,"Hideki Okajima","7763",506606
"Matt Capps","CLE",2,2,,4.790874663693813,28,0,,,,26.299999237060547,,29,15,14,4,6,1,1,17,5.817490663056773,2.05323199872592,2.8333333333333335,1.3688213324839467,,,,,1.330798517692726,,0.6802721088435374,,,4.530744152696842,-0.11679343058264675,,,,,,,,,83.01999435424804,3.156653869299765,92.49999618530273,3.517110223142391,,,,,,,,,,,,,,,,,,,"Matt Capps","4788",448165
"Alberto Cabrera","CHC",5,8,,4.938053097345133,42,14,,,,113,,118,66,62,16,49,2,7,87,6.929203539823009,3.9026548672566372,1.7755102040816326,1.2743362831858407,,,,,1.4778761061946903,,0.698478561549101,,,4.83546499530826,-0.11701834416691098,,,,,,,,,338.6000000000001,2.996460176991151,363,3.2123893805309733,,,,,,,,,,,,,,,,,,,"Alberto Cabrera","8352",501227
"Matt Stites","ARI",2,2,,4.3125,47,0,,,,48,,49,25,23,7,11,1,3,39,7.3125,2.0625,3.5454545454545454,1.3125,,,,,1.25,,0.697211155378486,,,4.193687709172567,-0.11770783028758491,,,,,,,,,177.70000000000002,3.702083333333334,185,3.8541666666666665,,,,,,,,,,,,,,,,,,,"Matt Stites","12165",592781
"Juan Gutierrez","SFG",2,2,,3.789473684210526,35,0,,,,38,,36,17,16,4,14,1,1,33,7.815789473684211,3.3157894736842106,2.357142857142857,0.9473684210526315,,,,,1.3157894736842106,,0.7432432432432433,,,3.863643849523444,-0.11825654573554663,,,,,,,,,159.39999999999998,4.194736842105263,159,4.184210526315789,,,,,,,,,,,,,,,,,,,"Juan Gutierrez","3265",434641
"Bill Bray","WSN",1,1,,4.196891357615233,28,0,,,,19.299999237060547,,18,10,9,2,10,1,1,16,7.46114019131597,4.663212619572481,1.6,0.9326425239144962,,,,,1.4507772594225496,,0.7142857142857143,,,4.446818161710977,-0.12046641575819891,,,,,,,,,70.41999435424805,3.648704514921693,69.49999618530273,3.6010362141282557,,,,,,,,,,,,,,,,,,,"Bill Bray","8538",435538
"Rob Delaney","LAA",2,2,,4.37632142365472,35,0,,,,47.29999923706055,,50,25,23,4,17,2,2,27,5.137420801681628,3.2346723566143587,1.588235294117647,0.7610993780269079,,,,,1.4164905091056341,,0.6840390879478827,,,4.210645092269232,-0.12111895201389751,,,,,,,,,167.81999435424808,3.5479914812082614,181.49999618530273,3.837209283570002,,,,,,,,,,,,,,,,,,,"Rob Delaney","5100",503438
"Kevin Jepsen","LAA",3,3,,4.224489795918367,54,0,,,,49,,49,25,23,6,19,3,2,43,7.8979591836734695,3.489795918367347,2.263157894736842,1.1020408163265305,,,,,1.3877551020408163,,0.7214765100671141,,,4.17030335543107,-0.12169110355609071,,,,,,,,,184.4,3.7632653061224492,190,3.877551020408163,,,,,,,,,,,,,,,,,,,"Kevin Jepsen","6475",448178
"Javy Guerra","LAD",2,2,,3.9964476562885896,47,0,,,,56.29999923706055,,55,27,25,5,23,2,3,44,7.033747875067918,3.6767318437855026,1.9130434782608696,0.799289531257718,,,,,1.3854351875133777,,0.7183098591549296,,,4.024763802932,-0.12173826889594414,,,,,,,,,222.1199943542481,3.945293026008309,226.49999618530273,4.0230905729072335,,,,,,,,,,,,,,,,,,,"Javy Guerra","7407",457915
"Sean Henn","NYM",3,3,,4.239828624523929,38,0,,,,46.70000076293945,,45,24,22,3,28,2,3,34,6.552462419718799,5.396145522121364,1.2142857142857142,0.5781584487987176,,,,,1.5631691393446807,,0.7122093023255814,,,4.418304032251008,-0.12497194691697494,,,,,,,,,166.68000564575198,3.569164944811461,169.50000381469727,3.629550343588225,,,,,,,,,,,,,,,,,,,"Sean Henn","2147",430675
"Yohan Flande","COL",7,9,,5.721271535940791,29,20,,,,122.69999694824219,,150,83,78,16,57,1,8,65,4.76772627995066,4.180929199341348,1.1403508771929824,1.1735941612186238,,,,,1.6870416067517717,,0.6717226435536295,,,5.272793306482875,-0.13278138122509142,,,,,,,,,256.1799774169924,2.0878564285951473,340.49998474121094,2.775061069356359,,,,,,,,,,,,,,,,,,,"Yohan Flande","5057",456071
"Chris Perez","LAD",4,4,,3.9460371502628573,61,0,,,,59.29999923706055,,54,28,26,8,20,2,3,57,8.650927598653187,3.03541319250989,2.85,1.214165277003956,,,,,1.247892090254066,,0.7324840764331211,,,4.042795366717475,-0.13343061041366588,,,,,,,,,245.01999435424815,4.131871796064353,237.49999618530273,4.005059009121759,,,,,,,,,,,,,,,,,,,"Chris Perez","5213",453198
"Kyler Newby","OAK",5,4,,4.0554592184736595,49,0,,,,57.70000076293945,,55,28,26,6,26,1,3,47,7.3310224333946925,4.0554592184736595,1.8076923076923077,0.9358752042631522,,,,,1.4038128063947284,,0.7300275482093664,,,4.2783569592222666,-0.13357942847638232,,,,,,,,,217.18000564575203,3.7639515212146435,217.50000381469727,3.7694974166169666,,,,,,,,,,,,,,,,,,,"Kyler Newby","sa288761",460313
"Jake Dunning","SFG",3,3,,3.6834923432315616,57,0,,,,73.30000305175781,,71,32,30,5,24,2,5,50,6.139153905385936,2.946793874585249,2.0833333333333335,0.6139153905385936,,,,,1.296043602248142,,0.7159090909090909,,,3.757267716017164,-0.13595960548762592,,,,,,,,,309.3200225830078,4.219918277010085,314.50001525878906,4.290586659822069,,,,,,,,,,,,,,,,,,,"Jake Dunning","10803",572827
"José Domínguez","LAD",2,2,,4.172185500731235,39,0,,,,45.29999923706055,,41,22,21,4,29,1,2,42,8.34437100146247,5.7615895010098,1.4482758620689655,0.7947020001392827,,,,,1.5452538891597165,,0.7453416149068323,,,4.3944327649641295,-0.13633031668474993,,,,,,,,,170.41999435424805,3.762030843806839,165.49999618530273,3.653421610875104,,,,,,,,,,,,,,,,,,,"Jose Dominguez","11571",523848
"Todd Redmond","TOR",6,9,,5.488721944446533,24,22,,,,119.69999694824219,,132,78,73,25,41,2,8,96,7.2180452968064,3.082706845511067,2.341463414634146,1.8796992960433334,,,,,1.4452799031799852,,0.6884057971014492,,,5.387035722026493,-0.13775204954524753,,,,,,,,,280.0799774169921,2.3398494950513458,318.49998474121094,2.6608186538127407,,,,,,,,,,,,,,,,,,,"Todd Redmond","9943",445170
"Steve Ames","MIA",3,3,,4.1133454636520375,49,0,,,,54.70000076293945,,55,27,25,5,20,1,3,42,6.910420378935424,3.2906763709216302,2.1,0.8226690927304076,,,,,1.3711151545506792,,0.7058823529411765,,,3.9619311455396864,-0.14562091012681777,,,,,,,,,215.280005645752,3.935649042835285,223.50000381469727,4.085923230299547,,,,,,,,,,,,,,,,,,,"Steve Ames","9615",571441
"Chris Rearick","SDP",3,3,,4.068716150166077,45,0,,,,55.29999923706055,,53,27,25,5,24,2,4,45,7.323689070298939,3.905967504159434,1.875,0.8137432300332155,,,,,1.3924050825012797,,0.7142857142857143,,,4.114762166327227,-0.14815047587612465,,,,,,,,,215.91999435424805,3.904520747435099,217.49999618530273,3.933092209512006,,,,,,,,,,,,,,,,,,,"Chris Rearick","11050",595371
"Dan Jennings","MIA",5,5,,3.9375,61,0,,,,64,,61,30,28,5,30,2,3,52,7.3125,4.21875,1.7333333333333334,0.703125,,,,,1.421875,,0.7261904761904762,,,3.9853543758392336,-0.14987479844563656,,,,,,,,,258.5,4.0390625,260,4.0625,,,,,,,,,,,,,,,,,,,"Dan Jennings","8073",543359
"Lester Oliveros","MIN",1,2,,4.864864976324247,27,0,,,,33.29999923706055,,34,19,18,4,16,2,2,28,7.567567740948829,4.3243244233993305,1.75,1.0810811058498326,,,,,1.5015015359025454,,0.6981981981981982,,,4.549355911741779,-0.15204530810141262,,,,,,,,,110.81999435424805,3.3279278346322974,116.49999618530273,3.498498464097455,,,,,,,,,,,,,,,,,,,"Lester Oliveros","9167",500902
"Jose Campos","NYY",2,3,,5.753424924780205,20,15,,,,65.69999694824219,,78,45,42,12,22,0,5,42,5.753424924780205,3.0136987701229643,1.9090909090909092,1.6438356927943443,,,,,1.522070085920689,,0.6610576923076923,,,5.3766216072978885,-0.15369872478919616,,,,,,,,,138.77997741699215,2.1123285215115253,175.49998474121094,2.6712327685413455,,,,,,,,,,,,,,,,,,,"Jose Campos","11681",553883
"Ryan Pressly","MIN",3,3,,4.396200996148449,52,0,,,,73.69999694824219,,76,39,36,8,29,1,1,52,6.35006810554776,3.541384135786251,1.793103448275862,0.9769335546996555,,,,,1.424694767270331,,0.7036247334754797,,,4.2690213192138025,-0.15391742551698526,,,,,,,,,263.37997741699223,3.5736769107596835,278.49998474121094,3.7788330566254307,,,,,,,,,,,,,,,,,,,"Ryan Pressly","7005",519151
"Cesar Jimenez","PHI",3,4,,4.567164179104478,45,1,,,,67,,68,36,34,6,36,2,5,50,6.7164179104477615,4.835820895522388,1.3888888888888888,0.8059701492537313,,,,,1.5522388059701493,,0.7112970711297072,,,4.555317062406398,-0.15800545766920993,,,,,,,,,222.19999999999993,3.3164179104477602,234,3.4925373134328357,,,,,,,,,,,,,,,,,,,"Cesar Jimenez","3762",462945
"Chris Leroux","NYY",2,3,,5.166666666666667,26,5,,,,54,,59,33,31,8,24,1,3,41,6.833333333333333,4,1.7083333333333333,1.3333333333333333,,,,,1.537037037037037,,0.6963788300835655,,,4.955261783246641,-0.15810423146516292,,,,,,,,,148.80000000000004,2.7555555555555564,167,3.0925925925925926,,,,,,,,,,,,,,,,,,,"Chris Leroux","7645",460092
"Rob Wooten","MIL",3,3,,4.5,60,0,,,,70,,73,37,35,8,25,3,4,49,6.3,3.2142857142857144,1.96,1.0285714285714285,,,,,1.4,,0.7027649769585254,,,4.376425804410662,-0.16075447746430582,,,,,,,,,240.8,3.44,257,3.6714285714285713,,,,,,,,,,,,,,,,,,,"Rob Wooten","8532",543942
"Jared Hughes","PIT",3,3,,3.875598038965763,56,0,,,,62.70000076293945,,61,29,27,5,23,2,4,43,6.172248728723252,3.3014353665263907,1.8695652173913044,0.7177033405492154,,,,,1.3397129023585355,,0.7142857142857143,,,4.0047921632381875,-0.1607786481732864,,,,,,,,,248.88000564575205,3.969378032174752,253.50000381469727,4.043062212601046,,,,,,,,,,,,,,,,,,,"Jared Hughes","9325",453172
"Carlos Contreras","CIN",8,9,,4.717741935483871,26,26,,,,124,,122,70,65,16,70,3,8,91,6.604838709677419,5.080645161290323,1.3,1.1612903225806452,,,,,1.5483870967741935,,0.7193396226415094,,,5.144628569387621,-0.1632302508847739,,,,,,,,,351.59999999999997,2.8354838709677415,360,2.903225806451613,,,,,,,,,,,,,,,,,,,"Carlos Contreras","10386",542266
"Blake Wood","CLE",2,2,,4.4226043397007535,38,0,,,,40.70000076293945,,40,21,20,4,23,3,2,36,7.960687811461356,5.085994990655866,1.565217391304348,0.8845208679401507,,,,,1.5479115188952637,,0.7317073170731707,,,4.399205701858908,-0.16551858762565916,,,,,,,,,144.980005645752,3.562162234104125,148.50000381469727,3.6486486739803254,,,,,,,,,,,,,,,,,,,"Blake Wood","1345",502028
"Jose Casilla","SFG",4,5,,3.905325385019195,33,1,,,,50.70000076293945,,52,24,22,4,15,0,3,27,4.7928993361599215,2.6627218534221786,1.8,0.7100591609125809,,,,,1.3214989939206367,,0.7003257328990228,,,4.073495386046295,-0.16571836140430082,,,,,,,,,190.78000564575197,3.762919186881114,201.50000381469727,3.974358989792939,,,,,,,,,,,,,,,,,,,"Jose Casilla","sa456056",503474
"Alex Wilson","BOS",4,4,,4.83734108574814,37,7,,,,70.69999694824219,,76,41,38,7,36,2,4,50,6.364922481247552,4.582744186498237,1.3888888888888888,0.8910891473746573,,,,,1.584158484221613,,0.6947162426614482,,,4.617868587880296,-0.16935222143530948,,,,,,,,,219.47997741699217,3.1043845387669298,242.49998474121094,3.429985787958937,,,,,,,,,,,,,,,,,,,"Alex Wilson","9239",543935
"Matt Grace","WSN",5,5,,4.056338028169014,52,0,,,,71,,73,34,32,6,23,1,4,41,5.197183098591549,2.915492957746479,1.7826086956521738,0.7605633802816901,,,,,1.352112676056338,,0.7077625570776256,,,4.132361418092755,-0.16984954815240091,,,,,,,,,262.79999999999995,3.701408450704225,278,3.915492957746479,,,,,,,,,,,,,,,,,,,"Matt Grace","11449",594840
"Scott Rice","NYM",3,4,,4.016227242680288,55,0,,,,49.29999923706055,,47,24,22,4,24,2,3,36,6.572008215295018,4.381338810196678,1.5,0.7302231350327797,,,,,1.4401622940924266,,0.7186544342507645,,,4.285176910200333,-0.17423260760295015,,,,,,,,,184.4199943542481,3.7407707344468495,185.49999618530273,3.7626774656389013,,,,,,,,,,,,,,,,,,,"Scott Rice","2743",446488
"Edgmer Escalona","BAL",3,3,,4.554973882638207,47,0,,,,57.29999923706055,,57,31,29,9,20,2,2,48,7.5392671160908264,3.1413612983711774,2.4,1.41361258426703,,,,,1.343804555414337,,0.7142857142857142,,,4.566179003385303,-0.17465020496583353,,,,,,,,,195.11999435424806,3.405235548904653,199.49999618530273,3.481675372453931,,,,,,,,,,,,,,,,,,,"Edgmer Escalona","8574",467850
"Yoshinori Tateyama","NYY",2,2,,4.920634854424224,39,0,,,,56.70000076293945,,61,33,31,9,17,2,3,45,7.142857046744842,2.698412662103607,2.6470588235294117,1.4285714093489685,,,,,1.3756613571508585,,0.6880733944954128,,,4.582245889584422,-0.1758451830098678,,,,,,,,,180.28000564575197,3.1795415029974308,196.50000381469727,3.4656084862548115,,,,,,,,,,,,,,,,,,,"Yoshinori Tateyama","11651",599899
"Santiago Casilla","SFG",4,4,,3.4406438103621144,56,0,,,,49.70000076293945,,44,20,19,4,22,4,2,41,7.424547169728774,3.983903359366659,1.8636363636363635,0.7243460653393925,,,,,1.327967786455553,,0.7615894039735099,,,3.892924785401858,-0.17931299701582273,,,,,,,,,214.180005645752,4.309456787885259,206.50000381469727,4.1549295904373755,,,,,,,,,,,,,,,,,,,"Santiago Casilla","2873",433586
"Anthony Varvaro","ATL",3,3,,3.7058823529411766,54,0,,,,68,,62,30,28,5,34,4,3,55,7.279411764705882,4.5,1.6176470588235294,0.6617647058823529,,,,,1.411764705882353,,0.7415730337078652,,,4.018442611133351,-0.17937292815264422,,,,,,,,,279.5,4.110294117647059,274,4.029411764705882,,,,,,,,,,,,,,,,,,,"Anthony Varvaro","2385",460008
"Felipe Vázquez","WSN",6,9,,4.977334404445883,25,21,,,,110.30000305175781,,120,65,61,12,52,1,7,64,5.222121342369451,4.242973590675178,1.2307692307692308,0.9791477516942719,,,,,1.5593834564019886,,0.6894329896907218,,,4.906421867481138,-0.18177823085924216,,,,,,,,,307.6200225830079,2.788939384150864,346.50001525878906,3.1414325083580947,,,,,,,,,,,,,,,,,,,"Felipe Vazquez","12076",553878
"Blaine Hardy","DET",4,5,,4.875,36,4,,,,72,,76,42,39,10,32,1,5,60,7.5,4,1.875,1.25,,,,,1.5,,0.7021276595744681,,,4.728409931394789,-0.18368411520974648,,,,,,,,,221.20000000000007,3.0722222222222233,239,3.3194444444444446,,,,,,,,,,,,,,,,,,,"Blaine Hardy","6499",543278
"Cole De Vries","MIN",5,9,,5.881826481198836,23,21,,,,111.69999694824219,,136,78,73,21,30,1,7,61,4.914950895248342,2.417188964876234,2.033333333333333,1.6920322754133637,,,,,1.4861235858127955,,0.6442166910688141,,,5.393422926941357,-0.18687877316325524,,,,,,,,,225.6799774169923,2.020411670392116,296.49998474121094,2.654431448897877,,,,,,,,,,,,,,,,,,,"Cole De Vries","8201",453301
"Joe Savery","OAK",3,3,,4.295454545454546,38,0,,,,44,,42,22,21,5,18,1,2,34,6.954545454545454,3.6818181818181817,1.8888888888888888,1.0227272727272727,,,,,1.3636363636363635,,0.7169811320754716,,,4.343308921293779,-0.18828649305603246,,,,,,,,,162.90000000000003,3.702272727272728,163,3.7045454545454546,,,,,,,,,,,,,,,,,,,"Joe Savery","2835",456045
"Chien-Ming Wang","CIN",6,8,,5.19061568093351,20,18,,,,102.30000305175781,,119,63,59,15,30,0,5,46,4.046920700388838,2.6392961089492424,1.5333333333333334,1.3196480544746212,,,,,1.4565004453090262,,0.671875,,,5.081089896807539,-0.19129709396096511,,,,,,,,,250.12002258300782,2.444965934717145,303.50001525878906,2.9667644790316947,,,,,,,,,,,,,,,,,,,"Chien-Ming Wang","2074",425426
"Mike McClendon","COL",6,6,,4.846153846153846,44,0,,,,65,,73,37,35,5,32,2,5,38,5.2615384615384615,4.430769230769231,1.1875,0.6923076923076923,,,,,1.6153846153846154,,0.6938775510204082,,,4.586315914300772,-0.19569388820276024,,,,,,,,,194.7,2.9953846153846153,225,3.4615384615384617,,,,,,,,,,,,,,,,,,,"Mike McClendon","9587",501873
"Dallas Beeler","CHC",3,6,,5.174746514003079,18,18,,,,88.69999694824219,,102,55,51,12,30,0,7,43,4.363021570630047,3.04396853764887,1.4333333333333333,1.217587415059548,,,,,1.488162396183892,,0.6684027777777778,,,5.088440691818661,-0.19885966460630863,,,,,,,,,218.57997741699222,2.464261385990092,262.49998474121094,2.9594136840205723,,,,,,,,,,,,,,,,,,,"Dallas Beeler","11471",542923
"Devin Jones","BAL",5,8,,5.6010228721827335,26,19,,,,117.30000305175781,,136,78,73,21,43,0,6,75,5.754475553612398,3.2992326507377747,1.744186046511628,1.6112531550114715,,,,,1.5260016653283248,,0.6751336898395722,,,5.349644597284193,-0.20606054546728958,,,,,,,,,259.1200225830079,2.209036793193202,316.50001525878906,2.6982097785550407,,,,,,,,,,,,,,,,,,,"Devin Jones","sa577952",543371
"Cody Eppley","PIT",2,2,,4.210526378408902,57,0,,,,51.29999923706055,,50,26,24,3,27,3,2,36,6.315789567613353,4.736842175710015,1.3333333333333333,0.5263157973011128,,,,,1.5009746811920623,,0.7005494505494506,,,4.10048597044146,-0.2084054454450465,,,,,,,,,197.71999435424812,3.8541909804047267,202.49999618530273,3.9473684053977744,,,,,,,,,,,,,,,,,,,"Cody Eppley","9095",543136
"Peter Moylan","HOU",2,3,,4.84419273925852,34,0,,,,35.29999923706055,,38,20,19,4,17,2,2,26,6.628895327406396,4.334277714073413,1.5294117647058822,1.0198300503702147,,,,,1.5580736880656059,,0.708502024291498,,,4.662585288925407,-0.20951887357746876,,,,,,,,,108.21999435424807,3.065722285926588,119.49999618530273,3.3852690869138264,,,,,,,,,,,,,,,,,,,"Peter Moylan","4891",493247
"Jeremy Jeffress","TOR",2,3,,4.440227639703513,45,0,,,,52.70000076293945,,51,28,26,5,31,1,3,46,7.85578736255237,5.294117570415727,1.4838709677419355,0.8538899307122141,,,,,1.5559772070755902,,0.72,,,4.4710042603595905,-0.21254802011661592,,,,,,,,,185.880005645752,3.5271347809252696,188.50000381469727,3.576850115479643,,,,,,,,,,,,,,,,,,,"Jeremy Jeffress","9490",502026
"Logan Darnell","MIN",6,13,,5.662033776731206,26,25,,,,136.6999969482422,,164,92,86,21,51,0,8,78,5.135332960291094,3.357717704805715,1.5294117647058822,1.3825896431552944,,,,,1.5727871602031127,,0.6627155172413793,,,5.198549376303025,-0.21351780499157588,,,,,,,,,305.8799774169923,2.2376004699751793,389.49998474121094,2.8493049995362085,,,,,,,,,,,,,,,,,,,"Logan Darnell","11261",592244
"Joe Ortiz","TEX",3,3,,4.722638896736884,53,0,,,,66.69999694824219,,72,37,35,10,18,2,3,45,6.071964295804565,2.428785718321826,2.5,1.349325399067681,,,,,1.349325399067681,,0.6973684210526315,,,4.592082332550024,-0.21625453055800256,,,,,,,,,210.37997741699226,3.154122744267031,230.49998474121094,3.4557720432892096,,,,,,,,,,,,,,,,,,,"Joe Ortiz","7955",517451
"Jose Contreras","TEX",2,2,,5.101214417331265,25,0,,,,24.700000762939453,,25,15,14,4,12,0,1,22,8.016194084377704,4.3724695005696566,1.8333333333333333,1.4574898335232187,,,,,1.4979756622321971,,0.7006369426751593,,,4.950688325161214,-0.2163388766959025,,,,,,,,,73.58000564575195,2.97894750497957,76.50000381469727,3.09716605067802,,,,,,,,,,,,,,,,,,,"Jose Contreras","1660",425747
"Daniel Schlereth","PIT",1,1,,4.3724695005696566,24,0,,,,24.700000762939453,,23,13,12,2,16,2,2,21,7.651821625996899,5.829959334092875,1.3125,0.7287449167616094,,,,,1.5789473196501536,,0.718232044198895,,,4.586315866780409,-0.21752422352980205,,,,,,,,,86.38000564575196,3.4971661124544924,85.50000381469727,3.4615385090588244,,,,,,,,,,,,,,,,,,,"Daniel Schlereth","8739",519259
"Deolis Guerra","MIN",1,2,,4.9655172413793105,17,0,,,,29,,31,17,16,4,13,0,2,23,7.137931034482759,4.0344827586206895,1.7692307692307692,1.2413793103448276,,,,,1.5172413793103448,,0.703125,,,4.806475065494406,-0.21817325600161558,,,,,,,,,85.80000000000003,2.958620689655173,94,3.2413793103448274,,,,,,,,,,,,,,,,,,,"Deolis Guerra","8410",500610
"Bobby LaFromboise","SEA",3,4,,4.5211930384710115,51,0,,,,63.70000076293945,,66,34,32,6,28,3,4,48,6.781789557706518,3.9560439086621355,1.7142857142857142,0.8477236947133148,,,,,1.4756671722787331,,0.7009345794392524,,,4.2723441570917995,-0.22113264253451537,,,,,,,,,225.9800056457519,3.5475667651361578,240.50000381469727,3.775510218747434,,,,,,,,,,,,,,,,,,,"Bobby LaFromboise","7758",489039
"Carlos Hernandez","OAK",7,10,,5.004088182573465,27,20,,,,122.30000305175781,,137,73,68,17,46,1,8,68,5.004088182573465,3.3851184764467557,1.4782608695652173,1.2510220456433663,,,,,1.496320485965595,,0.6909547738693468,,,5.067478201158917,-0.2228908073779926,,,,,,,,,313.72002258300785,2.5651677412488727,364.50001525878906,2.980376174680317,,,,,,,,,,,,,,,,,,,"Carlos Hernandez","sa393410",488957
"Ramon E Ramirez","SEA",2,3,,4.43786975570363,47,0,,,,50.70000076293945,,49,27,25,5,27,2,2,43,7.633135979810245,4.7928993361599215,1.5925925925925926,0.8875739511407261,,,,,1.4990137841487818,,0.7101449275362319,,,4.349629504178965,-0.2228922732647545,,,,,,,,,185.28000564575197,3.654437926186136,187.50000381469727,3.698224871660268,,,,,,,,,,,,,,,,,,,"Ramon E Ramirez","7986",430673
"Arodys Vizcaíno","CHC",3,4,,5.120689655172414,23,10,,,,58,,64,35,33,8,27,1,3,40,6.206896551724138,4.189655172413793,1.4814814814814814,1.2413793103448276,,,,,1.5689655172413792,,0.7017543859649124,,,5.013371617218544,-0.2229715362343234,,,,,,,,,154.40000000000006,2.6620689655172423,176,3.0344827586206895,,,,,,,,,,,,,,,,,,,"Arodys Vizcaino","5498",527055
"Grant Dayton","MIA",4,5,,4.090909090909091,38,0,,,,55,,52,27,25,6,26,1,4,53,8.672727272727272,4.254545454545455,2.0384615384615383,0.9818181818181818,,,,,1.4181818181818182,,0.7327586206896552,,,4.175127103111961,-0.22322902720303223,,,,,,,,,213.99999999999997,3.89090909090909,213,3.8727272727272726,,,,,,,,,,,,,,,,,,,"Grant Dayton","11203",594795
"Bobby Doran","HOU",5,10,,5.714285714285714,28,22,,,,126,,149,86,80,21,40,0,9,72,5.142857142857143,2.857142857142857,1.8,1.5,,,,,1.5,,0.6453634085213033,,,5.238330566315424,-0.22411350492494062,,,,,,,,,283.7000000000001,2.2515873015873025,354,2.8095238095238093,,,,,,,,,,,,,,,,,,,"Bobby Doran","sa503077",571625
"Sergio Escalona","HOU",1,2,,5.1923076923076925,32,0,,,,26,,27,16,15,4,12,1,2,22,7.615384615384615,4.153846153846154,1.8333333333333333,1.3846153846153846,,,,,1.5,,0.688622754491018,,,4.970931298916157,-0.22683223212358555,,,,,,,,,74.99999999999999,2.884615384615384,80,3.076923076923077,,,,,,,,,,,,,,,,,,,"Sergio Escalona","7122",465065
"Tom Koehler","MIA",7,11,,4.6138071491440735,30,26,,,,146.3000030517578,,150,80,75,17,70,2,7,102,6.274777722835941,4.306220005867802,1.457142857142857,1.0457962871393234,,,,,1.5037593671284388,,0.7135575942915393,,,4.743001298784019,-0.22905201202900555,,,,,,,,,456.52002258300774,3.1204375465494745,483.50001525878906,3.3048530770552142,,,,,,,,,,,,,,,,,,,"Tom Koehler","6570",543408
"Jon Rauch","KCR",3,4,,5.206611679678498,41,0,,,,36.29999923706055,,40,22,21,6,12,2,1,26,6.446281127220997,2.9752066741019987,2.1666666666666665,1.4876033370509993,,,,,1.4325069171602216,,0.6880733944954128,,,4.838488022289511,-0.2291967678955311,,,,,,,,,103.81999435424802,2.8600550009999126,116.49999618530273,3.209366353549723,,,,,,,,,,,,,,,,,,,"Jon Rauch","1475",400010
"Justin Hampson","NYM",3,4,,4.35,55,0,,,,60,,61,31,29,5,27,1,4,41,6.15,4.05,1.5185185185185186,0.75,,,,,1.4666666666666666,,0.7037037037037037,,,4.3145210425059,-0.2300435946942794,,,,,,,,,212.9,3.5483333333333333,224,3.7333333333333334,,,,,,,,,,,,,,,,,,,"Justin Hampson","2209",430618
"Ryan Mattheus","WSN",2,3,,4.2778792821981195,55,0,,,,54.70000076293945,,57,28,26,5,19,2,2,33,5.4296160120206896,3.1261425523755486,1.736842105263158,0.8226690927304076,,,,,1.3893966899446883,,0.6956521739130435,,,4.181309570267795,-0.2304879428667444,,,,,,,,,198.08000564575198,3.6212066340583284,211.50000381469727,3.8665448055714386,,,,,,,,,,,,,,,,,,,"Ryan Mattheus","7169",458919
"J.D. Martin","TBR",6,9,,5.004088182573465,26,20,,,,122.30000305175781,,140,73,68,20,28,0,8,61,4.488961457896785,2.0605068987067208,2.1785714285714284,1.4717906419333722,,,,,1.3736712658044807,,0.6785714285714286,,,5.059301586481508,-0.23255255789539353,,,,,,,,,309.02002258300786,2.5267376522650573,365.50001525878906,2.988552789357725,,,,,,,,,,,,,,,,,,,"J.D. Martin","3685",455605
"Aaron Thompson","MIN",3,6,,5.447368421052632,35,8,,,,76,,91,49,46,10,27,0,5,41,4.855263157894737,3.1973684210526314,1.5185185185185186,1.1842105263157894,,,,,1.5526315789473684,,0.6634615384615384,,,4.942591217944496,-0.23351899969321,,,,,,,,,188.79999999999998,2.484210526315789,236,3.1052631578947367,,,,,,,,,,,,,,,,,,,"Aaron Thompson","999",457744
"Josh Roenicke","WSN",2,2,,4.131994442035098,59,0,,,,69.69999694824219,,67,34,32,7,32,3,2,49,6.327116489366244,4.131994442035098,1.53125,0.9038737841951776,,,,,1.420373089449565,,0.7286995515695067,,,4.410838653593867,-0.2335590813183469,,,,,,,,,251.47997741699217,3.6080342672573735,253.49998474121094,3.637015722245367,,,,,,,,,,,,,,,,,,,"Josh Roenicke","3241",502158
"Carlos Marmol","MIA",3,3,,3.899480017763134,60,0,,,,57.70000076293945,,46,27,25,6,40,2,4,70,10.918544049736775,6.239168028421015,1.75,0.9358752042631522,,,,,1.4904679179005758,,0.7603092783505155,,,4.261025936921097,-0.2351966828887761,,,,,,,,,241.580005645752,4.186828465363178,218.50000381469727,3.786828438918136,,,,,,,,,,,,,,,,,,,"Carlos Marmol","2790",461791
"David Pauley","ARI",2,3,,5.012106630119464,23,2,,,,41.29999923706055,,46,25,23,5,14,1,3,23,5.012106630119464,3.050847513985761,1.6428571428571428,1.0895883978520575,,,,,1.45278453046941,,0.660377358490566,,,4.742769661386879,-0.2367010870327531,,,,,,,,,119.51999435424803,2.893946647994046,136.49999618530273,3.305084714452355,,,,,,,,,,,,,,,,,,,"David Pauley","3625",456102
"Mark Prior","CIN",0,0,,5.413533756951156,11,0,,,,13.300000190734863,,13,9,8,2,10,1,1,12,8.120300635426734,6.766917196188945,1.2,1.353383439237789,,,,,1.7293232834705083,,0.6930693069306931,,,5.679433285468268,-0.2385528031247922,,,,,,,,,31.020001411437995,2.3323308997429457,31.500000953674316,2.3684210903709655,,,,,,,,,,,,,,,,,,,"Mark Prior","301",407578
"Roman Colon","COL",2,2,,5.510204204196857,22,0,,,,34.29999923706055,,40,22,21,4,15,1,2,19,4.985422851416204,3.9358601458548974,1.2666666666666666,1.049562705561306,,,,,1.6034985779408841,,0.6680161943319838,,,4.94289814976937,-0.23877487007261922,,,,,,,,,87.61999435424804,2.554518842658637,106.49999618530273,3.104956226069864,,,,,,,,,,,,,,,,,,,"Roman Colon","2242",430638
"Zach Putnam","CHW",3,3,,4.746450377713068,40,0,,,,49.29999923706055,,51,28,26,6,23,1,3,39,7.119675566569602,4.198783026438483,1.6956521739130435,1.0953347025491695,,,,,1.501014222011825,,0.701219512195122,,,4.630004501743589,-0.24080776003871696,,,,,,,,,158.41999435424808,3.213387359145397,168.49999618530273,3.417849874095644,,,,,,,,,,,,,,,,,,,"Zach Putnam","9080",474029
"Cesár Ramos","TBR",3,3,,4.410413270145281,48,2,,,,65.30000305175781,,64,34,32,8,26,5,3,50,6.891270734602002,3.5834607819930406,1.9230769230769231,1.1026033175363203,,,,,1.3782541469204004,,0.7106598984771574,,,4.441422457725416,-0.24131741476606744,,,,,,,,,231.42002258300792,3.543951175616037,235.50001525878906,3.6064319181138176,,,,,,,,,,,,,,,,,,,"Cesar Ramos","3357",459987
"Mark Lowe","TBR",2,2,,4.332603866400122,43,0,,,,45.70000076293945,,43,24,22,6,21,1,1,41,8.074398114654773,4.135667327018298,1.9523809523809523,1.1816192362909423,,,,,1.4004376133818577,,0.7194244604316546,,,4.404528313802908,-0.24149087699135163,,,,,,,,,168.58000564575195,3.688840324538077,166.50000381469727,3.6433260620363255,,,,,,,,,,,,,,,,,,,"Mark Lowe","7416",450275
"Zach Duke","MIL",4,6,,5.233751607436059,37,10,,,,87.69999694824219,,103,55,51,13,29,1,4,50,5.131129026898097,2.976054835600896,1.7241379310344827,1.3340935469935051,,,,,1.5051311812234418,,0.6766256590509666,,,4.963475879214523,-0.2416899753070687,,,,,,,,,222.27997741699227,2.534549431605739,270.49998474121094,3.0843784966247103,,,,,,,,,,,,,,,,,,,"Zach Duke","3840",435043
"Jason Stoffel","HOU",3,4,,4.88135593220339,55,0,,,,59,,62,34,32,6,30,5,4,45,6.864406779661017,4.576271186440678,1.5,0.9152542372881356,,,,,1.5593220338983051,,0.6937799043062202,,,4.573278104652793,-0.24335515989978604,,,,,,,,,189.6,3.2135593220338983,205,3.4745762711864407,,,,,,,,,,,,,,,,,,,"Jason Stoffel","sa501226",572168
"B.J. Rosenberg","PHI",4,6,,4.994337313233206,44,10,,,,88.30000305175781,,93,52,49,11,45,1,6,65,6.625141333880784,4.586636308071312,1.4444444444444444,1.1211777641952094,,,,,1.562853853120595,,0.701468189233279,,,4.927809010752413,-0.2434230165844818,,,,,,,,,253.3200225830078,2.8688563287423907,275.50001525878906,3.1200453650868205,,,,,,,,,,,,,,,,,,,"B.J. Rosenberg","7183",543725
"Bryan Price","CLE",2,3,,4.984615384615385,41,1,,,,65,,69,39,36,9,24,0,4,51,7.061538461538461,3.3230769230769233,2.125,1.2461538461538462,,,,,1.4307692307692308,,0.6716417910447761,,,4.570931298916157,-0.24537436743544702,,,,,,,,,208.9,3.213846153846154,226,3.476923076923077,,,,,,,,,,,,,,,,,,,"Bryan Price","8436",458669
"Joe Paterson","ARI",2,2,,4.212765957446808,55,0,,,,47,,47,24,22,5,18,2,5,37,7.085106382978723,3.4468085106382977,2.0555555555555554,0.9574468085106383,,,,,1.3829787234042554,,0.7068965517241379,,,4.324450120520085,-0.24595444038566958,,,,,,,,,169.10000000000002,3.5978723404255324,175,3.723404255319149,,,,,,,,,,,,,,,,,,,"Joe Paterson","2565",519110
"Kyle Waldrop","PIT",2,2,,4.1509433298339955,32,1,,,,47.70000076293945,,51,24,22,4,16,2,3,22,4.1509433298339955,3.0188678762429055,1.375,0.7547169690607264,,,,,1.4046121368630184,,0.7003257328990228,,,4.410537792198879,-0.2495045440221108,,,,,,,,,158.180005645752,3.316142622971404,173.50000381469727,3.637316583640355,,,,,,,,,,,,,,,,,,,"Kyle Waldrop","7513",448252
"Brad Brach","BAL",4,4,,4.621621621621622,71,0,,,,74,,73,41,38,12,31,3,3,71,8.635135135135135,3.77027027027027,2.2903225806451615,1.4594594594594594,,,,,1.4054054054054055,,0.7224770642201834,,,4.615421943406801,-0.2506114310713743,,,,,,,,,250.2,3.381081081081081,254,3.4324324324324325,,,,,,,,,,,,,,,,,,,"Brad Brach","6627",542960
"Kyle Hunter","SEA",2,4,,4.636363636363637,37,2,,,,66,,71,36,34,8,23,0,5,43,5.863636363636363,3.1363636363636362,1.8695652173913044,1.0909090909090908,,,,,1.4242424242424243,,0.7004830917874396,,,4.593308921293779,-0.2536758031951569,,,,,,,,,207.40000000000012,3.1424242424242443,228,3.4545454545454546,,,,,,,,,,,,,,,,,,,"Kyle Hunter","sa550211",543347
"Jason Marquis","SDP",5,9,,4.699115044247788,19,19,,,,113,,119,63,59,15,47,2,4,71,5.654867256637168,3.743362831858407,1.5106382978723405,1.1946902654867257,,,,,1.4690265486725664,,0.7103448275862069,,,4.870863225396755,-0.2561272975401336,,,,,,,,,331.3,2.931858407079646,359,3.1769911504424777,,,,,,,,,,,,,,,,,,,"Jason Marquis","105",150302
"Donnie Veal","CHW",4,5,,4.6408840431070635,63,0,,,,54.29999923706055,,51,30,28,6,36,1,3,52,8.618784651484546,5.966850912566224,1.4444444444444444,0.9944751520943707,,,,,1.6022099672631527,,0.7251908396946566,,,4.723729169183451,-0.2583480129590595,,,,,,,,,182.41999435424808,3.3594842894536128,180.49999618530273,3.3241252066557827,,,,,,,,,,,,,,,,,,,"Donnie Veal","4741",453264
"Matt Langwell","ARI",3,3,,4.235294117647059,50,0,,,,68,,68,34,32,5,34,1,5,50,6.617647058823529,4.5,1.4705882352941178,0.6617647058823529,,,,,1.5,,0.7157894736842105,,,4.25373672878041,-0.261959676032103,,,,,,,,,247.90000000000003,3.645588235294118,258,3.7941176470588234,,,,,,,,,,,,,,,,,,,"Matt Langwell","8130",543426
"Jimmy Nelson","MIL",7,9,,5.056947725380256,26,25,,,,131.6999969482422,,135,79,74,16,80,0,9,99,6.765376010981694,5.466970513924601,1.2375,1.0933941027849203,,,,,1.6324981395747074,,0.7061266874350987,,,5.15111942077967,-0.26677621956038045,,,,,,,,,357.7799774169923,2.7166285930712593,381.49998474121094,2.8967349550595634,,,,,,,,,,,,,,,,,,,"Jimmy Nelson","10547",519076
"John Stilson","TOR",4,4,,4.658385166750845,38,0,,,,48.29999923706055,,49,27,25,7,20,0,3,40,7.453416266801352,3.726708133400676,2,1.3043478466902367,,,,,1.4285714511369259,,0.7094594594594594,,,4.70416910179509,-0.26861371168712234,,,,,,,,,154.91999435424802,3.2074533499242386,161.49999618530273,3.343685274044144,,,,,,,,,,,,,,,,,,,"John Stilson","sa502049",572166
"J.C. Romero","CLE",0,1,,5.2105263157894735,22,0,,,,19,,21,12,11,3,9,0,2,14,6.631578947368421,4.2631578947368425,1.5555555555555556,1.4210526315789473,,,,,1.5789473684210527,,0.6976744186046512,,,5.363643849523444,-0.2689499283069265,,,,,,,,,44.09999999999999,2.321052631578947,51,2.6842105263157894,,,,,,,,,,,,,,,,,,,"J.C. Romero","754",240694
"Jake Diekman","PHI",2,2,,4.209677419354839,65,0,,,,62,,56,31,29,5,44,3,3,63,9.14516129032258,6.387096774193548,1.4318181818181819,0.7258064516129032,,,,,1.6129032258064515,,0.7419354838709677,,,4.338176956484395,-0.2709824238412478,,,,,,,,,236.69999999999996,3.81774193548387,230,3.7096774193548385,,,,,,,,,,,,,,,,,,,"Jake Diekman","5003",518617
"Luis Avilán","ATL",3,3,,3.6166925971757324,76,0,,,,64.69999694824219,,59,28,26,6,26,2,4,47,6.537867387202286,3.6166925971757324,1.8076923076923077,0.8346213685790151,,,,,1.3137558579484498,,0.7441253263707572,,,4.191594769817884,-0.2716880300143697,,,,,,,,,255.5799774169922,3.9502316765400707,249.49998474121094,3.8562596060213497,,,,,,,,,,,,,,,,,,,"Luis Avilan","2882",501593
"Randy Henry","TEX",2,2,,4.708249424706051,39,0,,,,49.70000076293945,,54,28,26,6,18,0,4,29,5.251508973710596,3.2595572940272666,1.6111111111111112,1.0865190980090889,,,,,1.448692130678785,,0.6918238993710691,,,4.778236643038894,-0.2810070192136429,,,,,,,,,145.58000564575198,2.929175118932972,162.50000381469727,3.26961773280034,,,,,,,,,,,,,,,,,,,"Randy Henry","sa501222",571770
"Mike Broadway","TOR",1,1,,5.015479994628717,26,0,,,,32.29999923706055,,34,19,18,5,14,0,2,25,6.965944436984329,3.9009288847112247,1.7857142857142858,1.3931888873968659,,,,,1.486068146556657,,0.7073170731707317,,,4.998318818194846,-0.2884619367224073,,,,,,,,,91.11999435424806,2.8210525234223014,98.49999618530273,3.0495355576443877,,,,,,,,,,,,,,,,,,,"Mike Broadway","9894",458678
"Logan Ondrusek","CIN",3,3,,4.131147540983607,63,0,,,,61,,58,30,28,8,25,3,2,50,7.377049180327869,3.6885245901639343,2,1.180327868852459,,,,,1.360655737704918,,0.7381615598885795,,,4.441296998790053,-0.29141578123590617,,,,,,,,,221.2000000000001,3.626229508196723,220,3.6065573770491803,,,,,,,,,,,,,,,,,,,"Logan Ondrusek","3677",446185
"José Cisnero","HOU",2,4,,5.007728211474091,41,0,,,,64.69999694824219,,66,39,36,9,35,5,2,64,8.902627931509496,4.868624650044255,1.8285714285714285,1.2519320528685227,,,,,1.561051078268158,,0.7013574660633484,,,4.59344950283741,-0.2918285953440489,,,,,,,,,213.47997741699223,3.299536128073839,223.49998474121094,3.4544048730018235,,,,,,,,,,,,,,,,,,,"Jose Cisnero","6399",542585
"Justin Miller","DET",3,3,,4.71698105662954,40,0,,,,47.70000076293945,,49,27,25,6,24,1,3,40,7.547169690607264,4.528301814364358,1.6666666666666667,1.1320754535910895,,,,,1.5303982983731397,,0.7120743034055729,,,4.7040388357224945,-0.29391456853964243,,,,,,,,,150.78000564575197,3.1610063571089206,159.50000381469727,3.3438155401167395,,,,,,,,,,,,,,,,,,,"Justin Miller","8580",502522
"Kameron Loe","SFG",5,6,,4.116899778447028,55,5,,,,78.69999694824219,,83,39,36,8,23,3,3,47,5.374841377416953,2.6302415251189344,2.0434782608695654,0.9148666174326727,,,,,1.3468869645536572,,0.7067510548523207,,,4.1660246860347225,-0.2946445577592033,,,,,,,,,284.17997741699224,3.6109274261330144,305.49998474121094,3.881829689804511,,,,,,,,,,,,,,,,,,,"Kameron Loe","4422",434180
"Eric Jokisch","CHC",8,12,,4.985611510791367,26,25,,,,139,,150,82,77,19,61,1,10,89,5.762589928057554,3.949640287769784,1.459016393442623,1.2302158273381294,,,,,1.5179856115107915,,0.6995661605206074,,,5.0766313542565,-0.2957601023164902,,,,,,,,,369.9000000000001,2.6611510791366912,413,2.971223021582734,,,,,,,,,,,,,,,,,,,"Eric Jokisch","11157",518852
"Josh Edgin","NYM",2,3,,4.421052631578948,58,0,,,,57,,55,30,28,6,27,2,4,49,7.7368421052631575,4.2631578947368425,1.8148148148148149,0.9473684210526315,,,,,1.4385964912280702,,0.7065217391304348,,,4.3285561302251985,-0.29669614681991197,,,,,,,,,209.99999999999994,3.6842105263157885,212,3.719298245614035,,,,,,,,,,,,,,,,,,,"Josh Edgin","10796",572831
"Yimi García","LAD",5,6,,4.24083775280109,52,0,,,,57.29999923706055,,52,29,27,9,23,2,4,61,9.581151960032091,3.612565493126854,2.652173913043478,1.41361258426703,,,,,1.3089005409879906,,0.7371794871794872,,,4.374206924040397,-0.2974392920247366,,,,,,,,,219.11999435424806,3.8240837220208097,210.49999618530273,3.673647451798836,,,,,,,,,,,,,,,,,,,"Yimi Garcia","12095",554340
"Shane Loux","SFG",3,5,,4.6528805642461535,20,9,,,,67.69999694824219,,75,37,35,7,22,0,4,28,3.7223044513969232,2.9246677832404395,1.2727272727272727,0.9305761128492308,,,,,1.4327917927996092,,0.6880733944954128,,,4.716982959203727,-0.29839743483077863,,,,,,,,,197.87997741699212,2.922894923736478,225.49998474121094,3.3308714166355067,,,,,,,,,,,,,,,,,,,"Shane Loux","1613",400076
"Nick Maronde","LAA",3,4,,4.670406532216695,45,7,,,,71.30000305175781,,72,40,37,9,33,2,4,57,7.19495060368518,4.165497717922999,1.7272727272727273,1.1360448321608179,,,,,1.4726507083566156,,0.7034632034632035,,,4.646732287769273,-0.2999646946184382,,,,,,,,,232.72002258300788,3.2639552962441347,242.50001525878906,3.40112208806996,,,,,,,,,,,,,,,,,,,"Nick Maronde","12530",543488
"Nick McBride","CIN",4,5,,5.180723103217031,25,13,,,,74.69999694824219,,83,46,43,8,38,1,5,35,4.216867642153397,4.57831344005226,0.9210526315789473,0.9638554610636336,,,,,1.619812649843051,,0.6830601092896175,,,5.229916044636071,-0.304068419371207,,,,,,,,,179.57997741699222,2.4040158601534993,210.49998474121094,2.8179383312031625,,,,,,,,,,,,,,,,,,,"Nick McBride","sa501460",571931
"Barret Browning","STL",2,3,,4.643734556685791,35,0,,,,40.70000076293945,,42,22,21,4,19,1,2,27,5.970515858596017,4.201474122715716,1.4210526315789473,0.8845208679401507,,,,,1.4987714706763664,,0.703971119133574,,,4.5466258465155995,-0.30536919087224995,,,,,,,,,133.780005645752,3.2869779640783006,142.50000381469727,3.5012285293236336,,,,,,,,,,,,,,,,,,,"Barret Browning","9356",446135
"Taylor Thompson","CHW",3,4,,4.806629901789458,42,0,,,,54.29999923706055,,56,31,29,6,29,1,4,41,6.7955802059782,4.806629901789458,1.4137931034482758,0.9944751520943707,,,,,1.5653775542226205,,0.7049608355091385,,,4.797393995264516,-0.3064221671967548,,,,,,,,,165.41999435424808,3.0464087786090888,176.49999618530273,3.2504603805747183,,,,,,,,,,,,,,,,,,,"Taylor Thompson","10019",543853
"Michael Roth","LAA",3,5,,5.285935334333763,24,13,,,,64.69999694824219,,70,41,38,9,32,1,5,50,6.955178071491793,4.451313965754748,1.5625,1.2519320528685227,,,,,1.5765070295381398,,0.6823266219239373,,,5.026216138396899,-0.3069239229618246,,,,,,,,,175.07997741699222,2.7060275993065392,195.49998474121094,3.0216382374423345,,,,,,,,,,,,,,,,,,,"Michael Roth","13736",607706
"Alex Colomé","TBR",6,9,,5.025853312695833,20,20,,,,96.69999694824219,,98,58,54,11,62,0,7,67,6.235780962048534,5.770424173835957,1.0806451612903225,1.02378493406767,,,,,1.654601913644719,,0.7053941908713693,,,5.281566959259604,-0.3077989764459173,,,,,,,,,252.47997741699226,2.6109615861945676,267.49998474121094,2.7662874165796296,,,,,,,,,,,,,,,,,,,"Alex Colome","6661",517008
"Mason Tobin","SFG",1,1,,4.68,22,0,,,,25,,26,14,13,2,13,0,2,15,5.4,4.68,1.1538461538461537,0.72,,,,,1.56,,0.6906077348066297,,,4.687854375839233,-0.31139653326418687,,,,,,,,,77.8,3.112,84,3.36,,,,,,,,,,,,,,,,,,,"Mason Tobin","2534",474226
"Mark Rogers","SEA",3,6,,5.075653583076554,22,18,,,,72.69999694824219,,71,44,41,6,60,2,5,55,6.808803587053914,7.427785731331542,0.9166666666666666,0.7427785731331542,,,,,1.8019257977859853,,0.7096247960848288,,,5.289945254000422,-0.31173894282094194,,,,,,,,,194.57997741699225,2.676478481223609,200.49998474121094,2.757909121838812,,,,,,,,,,,,,,,,,,,"Mark Rogers","4083",449161
"Kirby Yates","TBR",3,3,,4.271186440677966,51,0,,,,59,,52,30,28,6,38,2,4,59,9,5.796610169491525,1.5526315789473684,0.9152542372881356,,,,,1.5254237288135593,,0.7352941176470589,,,4.505481494483301,-0.3121968268311582,,,,,,,,,219.6,3.7220338983050847,209,3.542372881355932,,,,,,,,,,,,,,,,,,,"Kirby Yates","9073",489446
"Cesar Cabral","NYY",2,2,,5.196304941442634,34,0,,,,43.29999923706055,,45,27,25,5,26,1,3,37,7.690531313335098,5.404157139100339,1.4230769230769231,1.0392609882885269,,,,,1.639722892633009,,0.6875,,,4.84924008887268,-0.31364170784330697,,,,,,,,,128.91999435424805,2.9773671276166027,138.49999618530273,3.1986142869665537,,,,,,,,,,,,,,,,,,,"Cesar Cabral","6741",501627
"Jeff Manship","PHI",5,7,,5.20900304505235,30,14,,,,93.30000305175781,,104,58,54,12,42,1,5,54,5.20900304505235,4.051446812818495,1.2857142857142858,1.1575562322338555,,,,,1.56484453616799,,0.6811145510835914,,,5.073577782248481,-0.3158119902084301,,,,,,,,,239.42002258300778,2.5661309190975103,277.50001525878906,2.9742765935907527,,,,,,,,,,,,,,,,,,,"Jeff Manship","6865",453249
"Chad Durbin","PHI",1,2,,4.9347259468641544,39,0,,,,38.29999923706055,,40,22,21,6,16,2,1,33,7.754569345072243,3.7597911976107845,2.0625,1.4099216991040442,,,,,1.4621410212930828,,0.7142857142857143,,,4.692763024793952,-0.315866772312797,,,,,,,,,120.61999435424804,3.149347173812252,128.49999618530273,3.355091351045282,,,,,,,,,,,,,,,,,,,"Chad Durbin","1442",239795
"Keith Butler","STL",2,2,,4.339285714285714,52,0,,,,56,,53,29,27,6,29,2,4,48,7.714285714285714,4.660714285714286,1.6551724137931034,0.9642857142857143,,,,,1.4642857142857142,,0.720108695652174,,,4.494282947267805,-0.3170419229362969,,,,,,,,,199.8,3.567857142857143,199,3.5535714285714284,,,,,,,,,,,,,,,,,,,"Keith Butler","10080",572751
"Henry Alberto Rodriguez","MIA",2,2,,4.285714285714286,42,0,,,,42,,37,21,20,3,30,1,2,40,8.571428571428571,6.428571428571429,1.3333333333333333,0.6428571428571429,,,,,1.5952380952380953,,0.7324840764331211,,,4.357378185363043,-0.3179941597051664,,,,,,,,,161.7,3.8499999999999996,155,3.6904761904761907,,,,,,,,,,,,,,,,,,,"Henry Alberto Rodriguez","6371",469159
"Michael Crotta","WSN",4,5,,4.5,44,0,,,,46,,48,25,23,4,20,6,3,27,5.282608695652174,3.9130434782608696,1.35,0.782608695652174,,,,,1.4782608695652173,,0.6891025641025641,,,4.504376114969668,-0.3182922689473156,,,,,,,,,151.40000000000003,3.2913043478260877,163,3.5434782608695654,,,,,,,,,,,,,,,,,,,"Michael Crotta","9337",453273
"Clay Hensley","WSN",3,4,,4.913151457777595,34,2,,,,40.29999923706055,,41,24,22,5,19,1,2,29,6.476426921615921,4.243176258989742,1.5263157894736843,1.1166253313130898,,,,,1.4888337750841198,,0.6792452830188679,,,4.784827113437373,-0.3187356598829523,,,,,,,,,125.11999435424805,3.1047145588823146,131.49999618530273,3.2630272624018604,,,,,,,,,,,,,,,,,,,"Clay Hensley","4593",454535
"Brad Hand","MIA",6,8,,4.631765875199891,25,22,,,,112.69999694824219,,110,62,58,14,64,2,6,91,7.267080942123966,5.110914069186086,1.421875,1.1180124526344564,,,,,1.5439219583999637,,0.7253886010362695,,,4.9112084635633275,-0.31948185327348755,,,,,,,,,347.7799774169922,3.08589163118355,353.49998474121094,3.136645912275906,,,,,,,,,,,,,,,,,,,"Brad Hand","9111",543272
"Deck McGuire","TOR",7,11,,5.5782311638442135,25,24,,,,132.3000030517578,,147,88,82,23,58,0,7,94,6.394557675626293,3.9455781402800536,1.6206896551724137,1.5646258142489868,,,,,1.5495086566233927,,0.6770833333333333,,,5.360779492555126,-0.3231196981906729,,,,,,,,,306.9200225830078,2.319879179919111,355.50001525878906,2.6870748832841067,,,,,,,,,,,,,,,,,,,"Deck McGuire","11596",592547
"Everett Teaford","KCR",4,5,,5.006046133944865,31,11,,,,82.69999694824219,,89,49,46,11,38,1,5,56,6.094317032628532,4.135429414997932,1.4736842105263157,1.1970979885520332,,,,,1.5356711570313961,,0.6989247311827957,,,4.982558195721307,-0.32737612643228553,,,,,,,,,228.27997741699224,2.7603384019453028,253.49998474121094,3.0652961801179264,,,,,,,,,,,,,,,,,,,"Everett Teaford","3732",501870
"Mickey Storey","TOR",3,3,,4.736841899634506,49,0,,,,70.30000305175781,,72,40,37,11,25,1,4,63,8.065433504783076,3.2005688511043955,2.52,1.408250294485934,,,,,1.3798007935872283,,0.698529411764706,,,4.527228422571932,-0.32837323109627026,,,,,,,,,236.72002258300776,3.367283247608461,247.50001525878906,3.5206259532673014,,,,,,,,,,,,,,,,,,,"Mickey Storey","4721",493547
"Sam Runion","TBR",3,3,,4.477611996951025,39,0,,,,60.29999923706055,,63,32,30,6,23,1,4,35,5.22388066310953,3.4328358643291197,1.5217391304347827,0.8955223993902052,,,,,1.426202339769586,,0.6958762886597939,,,4.523807960019386,-0.33115022385246906,,,,,,,,,197.61999435424798,3.277280213177684,212.49999618530273,3.5240464158198472,,,,,,,,,,,,,,,,,,,"Sam Runion","sa390308",519236
"Nick Additon","BAL",6,9,,5.590062263172282,22,20,,,,112.69999694824219,,124,75,70,21,49,0,7,81,6.468500618813641,3.9130435842205973,1.653061224489796,1.6770186789516845,,,,,1.5350488436965155,,0.6824512534818942,,,5.5234533781012445,-0.3330088545345554,,,,,,,,,247.27997741699215,2.194143603487019,284.49998474121094,2.5244009977379895,,,,,,,,,,,,,,,,,,,"Nick Additon","sa393067",502836
"Brian Omogrosso","CHW",1,2,,5.0625,34,0,,,,48,,52,29,27,7,23,1,2,40,7.5,4.3125,1.7391304347826086,1.3125,,,,,1.5625,,0.705521472392638,,,4.8395210425059005,-0.3342728858313167,,,,,,,,,138.9,2.8937500000000003,154,3.2083333333333335,,,,,,,,,,,,,,,,,,,"Brian Omogrosso","1353",476134
"Zach Kroenke","MIL",6,9,,5.307892313977434,29,18,,,,115.30000305175781,,131,73,68,15,51,0,7,59,4.605377154774539,3.980919235483076,1.1568627450980393,1.1708585986714928,,,,,1.5784908515423088,,0.6770186335403726,,,5.224784066702528,-0.3370888326783209,,,,,,,,,272.1200225830079,2.360104209718486,325.50001525878906,2.823070309136706,,,,,,,,,,,,,,,,,,,"Zach Kroenke","4383",476127
"John Maine","MIA",1,3,,5.446685759207739,8,6,,,,34.70000076293945,,38,22,21,5,21,1,2,23,5.965417736275143,5.446685759207739,1.0952380952380953,1.2968299426685093,,,,,1.7002881470542677,,0.7115384615384616,,,5.58387737483543,-0.33873142200010875,,,,,,,,,73.48000564575194,2.1175793668636054,85.50000381469727,2.463977001003804,,,,,,,,,,,,,,,,,,,"John Maine","4773",429720
"Casey Coleman","CHC",4,6,,5.010309278350515,35,12,,,,97,,103,58,54,13,44,2,5,67,6.216494845360825,4.082474226804123,1.5227272727272727,1.2061855670103092,,,,,1.5154639175257731,,0.6909937888198757,,,4.924143035633048,-0.3391126205058943,,,,,,,,,277.1000000000001,2.856701030927836,303,3.1237113402061856,,,,,,,,,,,,,,,,,,,"Casey Coleman","8270",488787
"Cole Kimball","NYY",0,1,,5.915493169632072,20,0,,,,21.299999237060547,,23,15,14,4,12,1,1,17,7.183098848838944,5.07042271682749,1.4166666666666667,1.6901409056091632,,,,,1.64319254712002,,0.6802721088435374,,,5.723910809720409,-0.33917085918419265,,,,,,,,,43.61999435424806,2.04788713223765,49.499996185302734,2.3239435661188246,,,,,,,,,,,,,,,,,,,"Cole Kimball","9480",501993
"Jose G. Valdez","DET",1,2,,4.958677790169998,42,0,,,,36.29999923706055,,34,21,20,4,28,1,2,36,8.925620022305996,6.942148906237997,1.2857142857142858,0.9917355580339996,,,,,1.7079890166141103,,0.7269503546099291,,,4.976229072016455,-0.33918665331749065,,,,,,,,,113.01999435424804,3.1134985324974904,111.49999618530273,3.0716253038227785,,,,,,,,,,,,,,,,,,,"Jose G. Valdez","3217",451990
"Hisanori Takahashi","COL",1,1,,5.318181818181818,39,0,,,,44,,49,28,26,7,19,1,2,36,7.363636363636363,3.8863636363636362,1.894736842105263,1.4318181818181819,,,,,1.5454545454545454,,0.6872852233676976,,,4.911490739475597,-0.3410262849034922,,,,,,,,,121.1,2.752272727272727,138,3.1363636363636362,,,,,,,,,,,,,,,,,,,"Hisanori Takahashi","10091",538227
"Michael Ynoa","OAK",2,4,,5.337726456797989,21,19,,,,60.70000076293945,,64,39,36,8,37,0,4,41,6.079077353575487,5.485996636153488,1.1081081081081081,1.1861614348439975,,,,,1.6639209016561631,,0.690423162583519,,,5.436651709900062,-0.3486162429759331,,,,,,,,,143.380005645752,2.362108794787578,158.50000381469727,2.611202665939172,,,,,,,,,,,,,,,,,,,"Michael Ynoa","14093",573589
"Mike Foltynewicz","HOU",4,8,,5.582564819474972,29,23,,,,119.30000305175781,,132,79,74,18,63,0,9,88,6.6387257312675345,4.75272410306653,1.3968253968253967,1.357921172304723,,,,,1.6345347444408702,,0.6831566548881036,,,5.344585247515123,-0.35131619613151743,,,,,,,,,278.22002258300785,2.3321040692874355,322.50001525878906,2.7032691283241106,,,,,,,,,,,,,,,,,,,"Mike Foltynewicz","10811",592314
"Bo Schultz","ARI",4,5,,4.976303377513715,32,8,,,,63.29999923706055,,69,37,35,7,29,2,5,35,4.976303377513715,4.123222798511364,1.206896551724138,0.9952606755027431,,,,,1.548183273004267,,0.691609977324263,,,4.990982361344589,-0.353739008156006,,,,,,,,,170.91999435424802,2.700157921237046,193.49999618530273,3.0568720144946444,,,,,,,,,,,,,,,,,,,"Bo Schultz","5028",544759
"Pat Egan","CIN",4,4,,4.451313965754748,45,0,,,,64.69999694824219,,68,34,32,7,23,2,4,36,5.007728211474091,3.1993819128862246,1.565217391304348,0.9737249300088511,,,,,1.4064915655683403,,0.7019704433497537,,,4.59344950283741,-0.353810874773749,,,,,,,,,206.87997741699218,3.1975268496919584,223.49998474121094,3.4544048730018235,,,,,,,,,,,,,,,,,,,"Pat Egan","sa386802",520969
"Jake Petricka","CHW",3,4,,4.5,48,0,,,,68,,68,36,34,6,43,1,5,56,7.411764705882353,5.6911764705882355,1.302325581395349,0.7941176470588235,,,,,1.6323529411764706,,0.7309941520467836,,,4.6655014346627635,-0.3552678857040392,,,,,,,,,220.60000000000002,3.244117647058824,230,3.3823529411764706,,,,,,,,,,,,,,,,,,,"Jake Petricka","10534",502593
"Justin Thomas","LAA",3,5,,5.087482967351738,35,10,,,,74.30000305175781,,81,45,42,9,34,1,5,46,5.572005154718569,4.118438592618073,1.3529411764705883,1.0901749215753724,,,,,1.5477792096440472,,0.68359375,,,4.959025226008405,-0.3553105713450731,,,,,,,,,203.52002258300783,2.7391657365240563,229.50001525878906,3.0888291498308287,,,,,,,,,,,,,,,,,,,"Justin Thomas","9910",476206
"Nik Turley","NYY",6,10,,5.714285859971733,25,24,,,,119.69999694824219,,128,81,76,20,70,0,7,98,7.368421240489867,5.2631580289213336,1.4,1.5037594368346667,,,,,1.6541353805181334,,0.6882352941176471,,,5.512349008429382,-0.3555824870092427,,,,,,,,,271.9799774169921,2.2721803203937854,303.49998474121094,2.5355053674098516,,,,,,,,,,,,,,,,,,,"Nik Turley","5530",543867
"Chad Cordero","LAA",2,3,,4.833333333333333,55,0,,,,54,,60,31,29,7,15,1,3,32,5.333333333333333,2.5,2.1333333333333333,1.1666666666666667,,,,,1.3888888888888888,,0.6748466257668712,,,4.547854375839234,-0.35958839467635506,,,,,,,,,167.5,3.1018518518518516,189,3.5,,,,,,,,,,,,,,,,,,,"Chad Cordero","1816",430101
"John Lamb","KCR",4,8,,5.942228585065234,17,17,,,,72.69999694824219,,91,51,48,13,24,0,5,41,5.075653583076554,2.971114292532617,1.7083333333333333,1.6093535751218342,,,,,1.581843257598384,,0.6611570247933884,,,5.441252000379397,-0.3596622055109193,,,,,,,,,136.47997741699228,1.8773037571673823,189.49998474121094,2.606602375459836,,,,,,,,,,,,,,,,,,,"John Lamb","8493",543424
"Daniel Webb","CHW",2,2,,4.736842047624822,47,0,,,,62.70000076293945,,61,35,33,6,39,0,5,53,7.6076554098216835,5.59808605628388,1.358974358974359,0.8612440086590585,,,,,1.5948963123315898,,0.7096069868995634,,,4.706546540664087,-0.3601710983086102,,,,,,,,,205.58000564575204,3.2787879289351736,209.50000381469727,3.3413078351751464,,,,,,,,,,,,,,,,,,,"Daniel Webb","10558",543900
"Enny Romero","TBR",6,9,,5.2631580289213336,26,26,,,,119.69999694824219,,118,75,70,14,90,1,9,98,7.368421240489867,6.766917465756,1.0888888888888888,1.0526316057842666,,,,,1.7376775714533927,,0.7059447983014862,,,5.412098379307071,-0.3608368091437474,,,,,,,,,305.77997741699204,2.5545529257549613,315.49998474121094,2.6357559965321626,,,,,,,,,,,,,,,,,,,"Enny Romero","4001",544836
"Jeff Beliveau","TBR",4,4,,4.211438419184185,51,0,,,,57.70000076293945,,53,29,27,7,32,2,4,58,9.046793641210472,4.991334422736812,1.8125,1.0918544049736776,,,,,1.4731368955994062,,0.7446808510638298,,,4.4863292268363,-0.36096482813755587,,,,,,,,,211.080005645752,3.658232285177509,205.50000381469727,3.5615251490029327,,,,,,,,,,,,,,,,,,,"Jeff Beliveau","8504",542924
"Adys Portillo","SDP",3,6,,5.100548374928526,13,13,,,,54.70000076293945,,54,33,31,5,42,0,4,39,6.416818923297178,6.910420378935424,0.9285714285714286,0.8226690927304076,,,,,1.7550273978248694,,0.7078651685393258,,,5.333046300090366,-0.3611839382303513,,,,,,,,,142.880005645752,2.6120658803090286,148.50000381469727,2.7148080757488677,,,,,,,,,,,,,,,,,,,"Adys Portillo","sa503004",573584
"Yoervis Medina","SEA",5,6,,4.200848837623385,60,0,,,,70.69999694824219,,62,35,33,8,44,5,4,72,9.165488372996474,5.601131783497846,1.6363636363636365,1.0183875969996083,,,,,1.4992928511383121,,0.748945147679325,,,4.518858682616446,-0.3637836330144515,,,,,,,,,263.57997741699216,3.72814694192919,249.49998474121094,3.528995693222788,,,,,,,,,,,,,,,,,,,"Yoervis Medina","10498",500721
"Hector Noesí","SEA",3,8,,5.526315789473684,31,16,,,,114,,130,75,70,19,44,3,5,75,5.921052631578948,3.473684210526316,1.7045454545454546,1.5,,,,,1.5263157894736843,,0.6716417910447761,,,5.188205253032216,-0.36381674905555783,,,,,,,,,274.9,2.4114035087719294,326,2.8596491228070176,,,,,,,,,,,,,,,,,,,"Hector Noesi","3292",456051
"Justin Berg","COL",1,2,,5.934066099902313,15,2,,,,27.299999237060547,,34,19,18,4,15,0,2,12,3.956044066601542,4.945055083251927,0.8,1.3186813555338472,,,,,1.794871845032181,,0.6912442396313364,,,5.941627350482954,-0.3661160906197614,,,,,,,,,37.41999435424806,1.3706958021980207,57.499996185302734,2.1062270253562794,,,,,,,,,,,,,,,,,,,"Justin Berg","1973",448753
"Zach Lee","LAD",6,10,,4.822753382375306,26,24,,,,121.30000305175781,,125,70,65,20,41,2,8,81,6.009892676498459,3.042044441190578,1.975609756097561,1.4839241176539404,,,,,1.3685077973919673,,0.6956521739130435,,,5.067639980423763,-0.36887302809820083,,,,,,,,,341.620022583008,2.8163232810244963,361.50001525878906,2.98021439541547,,,,,,,,,,,,,,,,,,,"Zach Lee","11468",545346
"Dan Wheeler","KCR",2,3,,5.3943216367337286,28,0,,,,31.700000762939453,,36,20,19,5,12,1,1,19,5.3943216367337286,3.4069399810949865,1.5833333333333333,1.4195583254562445,,,,,1.5141955471533273,,0.6829268292682927,,,5.129873253175059,-0.38241469181015936,,,,,,,,,78.48000564575194,2.475709897695116,92.50000381469727,2.917981122664175,,,,,,,,,,,,,,,,,,,"Dan Wheeler","120",235095
"Pat Urckfitz","HOU",3,4,,5.0625,49,0,,,,64,,71,39,36,6,32,5,4,39,5.484375,4.5,1.21875,0.84375,,,,,1.609375,,0.6765327695560254,,,4.735354375839234,-0.3828092643224339,,,,,,,,,185.20000000000002,2.8937500000000003,212,3.3125,,,,,,,,,,,,,,,,,,,"Pat Urckfitz","sa457153",545117
"Ryan Brasier","LAA",3,4,,4.5,51,0,,,,62,,63,33,31,7,27,0,4,46,6.67741935483871,3.9193548387096775,1.7037037037037037,1.0161290322580645,,,,,1.4516129032258065,,0.71072319201995,,,4.531725343581169,-0.38328620521134255,,,,,,,,,207.89999999999992,3.353225806451612,218,3.5161290322580645,,,,,,,,,,,,,,,,,,,"Ryan Brasier","5615",518489
"Roman Mendez","TEX",3,4,,5.849056510220629,21,6,,,,47.70000076293945,,53,33,31,8,24,1,4,33,6.226414994750993,4.528301814364358,1.375,1.5094339381214528,,,,,1.614255739379887,,0.668693009118541,,,5.6055063265450285,-0.38423802034508947,,,,,,,,,98.78000564575197,2.0708596240212045,116.50000381469727,2.442348049294205,,,,,,,,,,,,,,,,,,,"Roman Mendez","10307",542669
"Mauricio Robles","CHW",4,5,,5.041186098086989,55,0,,,,60.70000076293945,,57,36,34,5,54,2,3,57,8.451400223263482,8.006589685196982,1.0555555555555556,0.7413508967774984,,,,,1.828665545384496,,0.7211538461538461,,,5.057739029324896,-0.3844987902295943,,,,,,,,,182.48000564575196,3.0062603517653597,181.50000381469727,2.9901153465143375,,,,,,,,,,,,,,,,,,,"Mauricio Robles","8895",500909
"Rafael Dolis","SFG",3,4,,4.304347826086956,40,0,,,,46,,46,24,22,3,22,1,3,29,5.673913043478261,4.304347826086956,1.3181818181818181,0.5869565217391305,,,,,1.4782608695652173,,0.6896551724137931,,,4.26524568018706,-0.38459779731094973,,,,,,,,,166.89999999999998,3.6282608695652168,174,3.782608695652174,,,,,,,,,,,,,,,,,,,"Rafael Dolis","4185",503569
"Tommy Hottovy","CHC",1,1,,4.756871112668175,42,0,,,,47.29999923706055,,48,27,25,6,21,1,3,36,6.849894402242171,3.9957717346412664,1.7142857142857142,1.1416490670403618,,,,,1.4587738078849068,,0.693069306930693,,,4.696903028230867,-0.3901816714602686,,,,,,,,,151.41999435424805,3.201268431218225,158.49999618530273,3.3509513476083663,,,,,,,,,,,,,,,,,,,"Tommy Hottovy","7542",459415
"Jeremy Berg","LAA",2,3,,4.542973889985593,52,0,,,,73.30000305175781,,77,40,37,9,25,1,4,51,6.261936983493655,3.069576952692968,2.04,1.1050477029694685,,,,,1.3915415518874787,,0.6935123042505592,,,4.4393959277267125,-0.39043869216675114,,,,,,,,,246.52002258300783,3.3631652431028924,264.50001525878906,3.608458448112521,,,,,,,,,,,,,,,,,,,"Jeremy Berg","sa510226",576828
"Jon Link","DET",3,4,,5.491525423728813,29,6,,,,59,,70,39,36,9,21,1,4,31,4.728813559322034,3.2033898305084745,1.4761904761904763,1.3728813559322033,,,,,1.5423728813559323,,0.6632653061224489,,,5.2512442063477085,-0.39379964662418804,,,,,,,,,130.90000000000003,2.218644067796611,165,2.7966101694915255,,,,,,,,,,,,,,,,,,,"Jon Link","3894",456899
"Victor Marte","STL",3,3,,4.333333333333333,51,0,,,,54,,55,28,26,5,26,4,4,40,6.666666666666667,4.333333333333333,1.5384615384615385,0.8333333333333334,,,,,1.5,,0.7162162162162162,,,4.436743264728122,-0.3991055845715927,,,,,,,,,185.10000000000002,3.427777777777778,195,3.611111111111111,,,,,,,,,,,,,,,,,,,"Victor Marte","5158",469690
"Ryne Harper","ATL",3,4,,4.309392325742273,38,0,,,,54.29999923706055,,54,28,26,7,22,1,4,46,7.624309499390176,3.6464088910126926,2.090909090909091,1.1602210107767659,,,,,1.3996316955402255,,0.7250755287009063,,,4.465902277899725,-0.39951583589215695,,,,,,,,,189.31999435424805,3.4865561144434487,194.49999618530273,3.5819520979395083,,,,,,,,,,,,,,,,,,,"Ryne Harper","12680",607560
"Clay Zavada","SDP",1,1,,5.056179630803037,23,0,,,,26.700000762939453,,28,16,15,3,15,0,2,17,5.730336914910108,5.056179630803037,1.1333333333333333,1.0112359261606074,,,,,1.6104868453668932,,0.6958762886597939,,,5.145232593061234,-0.4061254364070834,,,,,,,,,70.88000564575195,2.654681783535224,77.50000381469727,2.9026217827779996,,,,,,,,,,,,,,,,,,,"Clay Zavada","8577",501826
"Michael Kirkman","TEX",4,4,,5.301542550083816,37,6,,,,71.30000305175781,,73,45,42,10,46,3,4,63,7.952313825125724,5.806451364377513,1.3695652173913044,1.262272035734242,,,,,1.6690041361374977,,0.7047619047619048,,,5.207742081428936,-0.40645545256902504,,,,,,,,,190.82002258300787,2.6762975373856372,202.50001525878906,2.840112294410297,,,,,,,,,,,,,,,,,,,"Michael Kirkman","9877",457779
"Lee Hyde","CIN",3,3,,4.736842022564676,50,0,,,,43.70000076293945,,43,25,23,5,25,1,2,32,6.5903889009595495,5.148741328874648,1.28,1.0297482657749295,,,,,1.5560640460598936,,0.7049180327868853,,,4.924284549029105,-0.4081064127359691,,,,,,,,,133.08000564575195,3.0453090005117978,136.50000381469727,3.123569826810128,,,,,,,,,,,,,,,,,,,"Lee Hyde","sa326720",453173
"Brayan Villarreal","BOS",4,3,,4.4741874457654704,50,0,,,,52.29999923706055,,46,28,26,5,41,2,2,56,9.636711421648707,7.055449433707088,1.3658536585365855,0.860420662647206,,,,,1.663479947784598,,0.7375,,,4.615732027774142,-0.40909752605325744,,,,,,,,,188.91999435424805,3.6122370384353,179.49999618530273,3.4321223480650915,,,,,,,,,,,,,,,,,,,"Brayan Villarreal","5180",500903
"Chris Volstad","LAA",6,10,,5.304755417355467,29,26,,,,149.3000030517578,,175,94,88,21,51,3,7,78,4.701942301746891,3.0743468896037367,1.5294117647058822,1.265907542778009,,,,,1.5137307125282013,,0.671414038657172,,,4.996950116306962,-0.4126285196474021,,,,,,,,,373.52002258300786,2.501808539504984,455.50001525878906,3.0509042595322717,,,,,,,,,,,,,,,,,,,"Chris Volstad","9901",458690
"Kanekoa Texeira","CIN",1,1,,5.251989283635283,26,2,,,,37.70000076293945,,41,24,22,5,18,1,3,21,5.013262498015497,4.297082141156141,1.1666666666666667,1.1936339280989279,,,,,1.5649867057297056,,0.6730769230769231,,,5.3290214384282955,-0.41313835195593296,,,,,,,,,89.88000564575198,2.3840849821442833,102.50000381469727,2.7188329374109377,,,,,,,,,,,,,,,,,,,"Kanekoa Texeira","334",444427
"Tim Dillard","MIL",3,3,,5,43,0,,,,54,,58,32,30,6,27,1,3,36,6,4.5,1.3333333333333333,1,,,,,1.5740740740740742,,0.6919060052219321,,,4.825632153617011,-0.4161162667798437,,,,,,,,,157,2.9074074074074074,174,3.2222222222222223,,,,,,,,,,,,,,,,,,,"Tim Dillard","5518",457422
"Chris Young","WSN",2,3,,5.332136372206513,11,11,,,,55.70000076293945,,62,35,33,10,20,1,2,30,4.847396702005921,3.231597801337281,1.5,1.6157989006686404,,,,,1.4721723317203168,,0.6911764705882353,,,5.4895060479607345,-0.4163015966405347,,,,,,,,,121.98000564575196,2.189946211399562,142.50000381469727,2.558348327878499,,,,,,,,,,,,,,,,,,,"Chris Young","3196",432934
"Francisley Bueno","KCR",3,4,,4.834123281013324,43,0,,,,63.29999923706055,,68,36,34,7,27,2,4,39,5.545023763515283,3.8388626055105806,1.4444444444444444,0.9952606755027431,,,,,1.5007899075041364,,0.6924882629107981,,,4.722419956843849,-0.4250560895713985,,,,,,,,,190.519994354248,3.0097945758378994,210.49999618530273,3.3254344189953846,,,,,,,,,,,,,,,,,,,"Francisley Bueno","5980",499107
"Sam Freeman","STL",4,4,,4.328147287248335,63,0,,,,70.69999694824219,,71,36,34,6,35,1,4,50,6.364922481247552,4.455445736873286,1.4285714285714286,0.7637906977497062,,,,,1.4992928511383121,,0.7172131147540984,,,4.391560232991495,-0.42755755077359914,,,,,,,,,247.77997741699218,3.5046674414764984,258.49998474121094,3.656294142847739,,,,,,,,,,,,,,,,,,,"Sam Freeman","6832",518693
"Pedro Hernandez","COL",5,8,,6.34995278101112,24,20,,,,106.30000305175781,,138,80,75,20,35,0,5,55,4.656632039408154,2.963311297805189,1.5714285714285714,1.6933207416029652,,,,,1.6274693794295165,,0.6413793103448275,,,5.587835488243681,-0.43214793955182124,,,,,,,,,171.82002258300787,1.6163689336805396,261.50001525878906,2.4600188875955524,,,,,,,,,,,,,,,,,,,"Pedro Hernandez","4578",517060
"Brad Mills","MIL",6,9,,5.635514018691588,20,19,,,,107,,122,72,67,18,46,0,7,68,5.719626168224299,3.869158878504673,1.4782608695652173,1.514018691588785,,,,,1.5700934579439252,,0.6722689075630252,,,5.449723534717738,-0.4333400009244231,,,,,,,,,230.2000000000001,2.1514018691588794,278,2.5981308411214954,,,,,,,,,,,,,,,,,,,"Brad Mills","4420",502166
"Frank Herrmann","CLE",1,2,,5.162523975883236,41,0,,,,52.29999923706055,,59,32,30,8,19,1,2,36,6.195028771059882,3.2695985180593827,1.894736842105263,1.3766730602355295,,,,,1.491395815255157,,0.688622754491018,,,4.864297996983335,-0.4347198717468652,,,,,,,,,144.2199943542481,2.757552513539076,166.49999618530273,3.1835563788558985,,,,,,,,,,,,,,,,,,,"Frank Herrmann","7960",497807
"Tyler Matzek","COL",6,9,,5.893290363661236,26,26,,,,123.69999694824219,,141,87,81,16,85,0,9,87,6.329830390599105,6.184317048286482,1.0235294117647058,1.164106738500985,,,,,1.8270008534807125,,0.6827111984282908,,,5.602421940883062,-0.4381884310360836,,,,,,,,,243.97997741699226,1.9723523317391585,302.49998474121094,2.445432434956172,,,,,,,,,,,,,,,,,,,"Tyler Matzek","10058",554431
"Paul Clemens","HOU",5,11,,5.88134120422675,32,19,,,,116.30000305175781,,136,81,76,21,46,2,6,78,6.036113341180085,3.559759149926717,1.6956521739130435,1.625107438010023,,,,,1.5649182736392815,,0.6618610747051115,,,5.395231786298156,-0.4395707648167772,,,,,,,,,248.7200225830078,2.1386071887918883,308.50001525878906,2.6526225895410778,,,,,,,,,,,,,,,,,,,"Paul Clemens","8037",518560
"Matt Hoffman","MIN",2,4,,5.282167133859452,45,0,,,,44.29999923706055,,50,28,26,5,23,1,3,28,5.688487682617871,4.672686310721822,1.2173913043478262,1.0158013718960484,,,,,1.6478555588535897,,0.6818181818181818,,,5.011737028171594,-0.4413804386821629,,,,,,,,,114.31999435424808,2.580586824448749,134.49999618530273,3.03611734766764,,,,,,,,,,,,,,,,,,,"Matt Hoffman","sa392188",518809
"Trevor Bell","CIN",2,3,,5.234521650912253,26,6,,,,53.29999923706055,,58,33,31,9,22,0,3,34,5.741088262290858,3.7148218167764377,1.5454545454545454,1.5196998341358154,,,,,1.5009381077884596,,0.6973293768545994,,,5.374308442911346,-0.4417308929066202,,,,,,,,,125.91999435424805,2.362476475734982,142.49999618530273,2.6735459329278877,,,,,,,,,,,,,,,,,,,"Trevor Bell","7074",457707
"Cory Wade","KCR",3,4,,5.123076923076923,49,2,,,,65,,73,40,37,9,24,1,3,41,5.676923076923077,3.3230769230769233,1.7083333333333333,1.2461538461538462,,,,,1.4923076923076923,,0.6753554502369667,,,4.832469760454618,-0.4426574799412726,,,,,,,,,181.5,2.792307692307692,209,3.2153846153846155,,,,,,,,,,,,,,,,,,,"Cory Wade","7570",460677
"P.J. Walters","KCR",5,10,,5.721271535940791,26,25,,,,122.69999694824219,,143,83,78,17,63,1,7,76,5.574572265788463,4.621027009798332,1.2063492063492063,1.2469437962947878,,,,,1.6788916472988646,,0.6750823271130626,,,5.321693063200318,-0.4430898072126107,,,,,,,,,269.07997741699234,2.1929909055376484,334.49998474121094,2.7261613126389164,,,,,,,,,,,,,,,,,,,"P.J. Walters","9557",502208
"Eduardo Sanchez","DET",2,3,,5.404157139100339,41,0,,,,43.29999923706055,,44,28,26,5,30,3,3,34,7.066974720361983,6.235565929731161,1.1333333333333333,1.0392609882885269,,,,,1.7090069585189107,,0.6865671641791045,,,5.26494448418809,-0.4481152812874751,,,,,,,,,113.51999435424804,2.62170892273564,120.49999618530273,2.7829098916511428,,,,,,,,,,,,,,,,,,,"Eduardo Sanchez","2966",500674
"Hiram Burgos","MIL",4,7,,5.58,21,20,,,,100,,113,66,62,17,44,0,7,65,5.85,3.96,1.4772727272727273,1.53,,,,,1.57,,0.6831831831831833,,,5.487854375839234,-0.44934628612087774,,,,,,,,,214.09999999999997,2.1409999999999996,256,2.56,,,,,,,,,,,,,,,,,,,"Hiram Burgos","9412",572744
"Sean Gilmartin","MIN",4,9,,5.801253515702961,22,22,,,,111.69999694824219,,135,77,72,18,45,1,8,63,5.076096826240091,3.6257834473143506,1.4,1.4503133789257403,,,,,1.6114593099174892,,0.6653746770025839,,,5.438185685550176,-0.449473912464787,,,,,,,,,221.1799774169923,1.9801251876441792,291.49998474121094,2.6096686902890576,,,,,,,,,,,,,,,,,,,"Sean Gilmartin","12781",543219
"Kyle McClellan","TEX",3,4,,5.368421052631579,30,4,,,,57,,62,36,34,10,21,1,3,34,5.368421052631579,3.3157894736842106,1.619047619047619,1.5789473684210527,,,,,1.456140350877193,,0.6811594202898551,,,5.39873156882169,-0.4540795687965934,,,,,,,,,133.6,2.3438596491228068,151,2.6491228070175437,,,,,,,,,,,,,,,,,,,"Kyle McClellan","4845",449072
"David Aardsma","CLE",1,2,,5.27687283303145,31,0,,,,30.700000762939453,,32,19,18,5,17,4,3,26,7.622149647712095,4.983713231196369,1.5294117647058822,1.4657980091754028,,,,,1.5960911655465497,,0.7142857142857143,,,5.425704479612665,-0.4543175445013453,,,,,,,,,74.48000564575197,2.426058755531467,80.50000381469727,2.622149896226569,,,,,,,,,,,,,,,,,,,"David Aardsma","1902",430911
"Chris Resop","BOS",3,3,,4.959481300100746,55,0,,,,61.70000076293945,,67,36,34,9,24,4,3,48,7.001620658965759,3.5008103294828796,2,1.3128038735560799,,,,,1.474878425846954,,0.7015306122448979,,,4.701014809206149,-0.4551747726547164,,,,,,,,,186.68000564575195,3.025607833669309,206.50000381469727,3.3468395666330846,,,,,,,,,,,,,,,,,,,"Chris Resop","3799",434592
"Eddie Bonine","SDP",2,5,,5.375,17,13,,,,72,,83,46,43,9,27,0,5,27,3.375,3.375,1,1.125,,,,,1.5277777777777777,,0.6570841889117043,,,5.256187709172567,-0.4558339354171701,,,,,,,,,164.30000000000007,2.2819444444444454,201,2.7916666666666665,,,,,,,,,,,,,,,,,,,"Eddie Bonine","5890",444382
"Jake Pettit","BAL",6,10,,5.93724844634719,24,23,,,,124.30000305175781,,148,88,82,23,46,0,7,70,5.068382820052479,3.3306515674630575,1.5217391304347827,1.6653257837315287,,,,,1.5607401064923507,,0.6551297898640296,,,5.606180942151437,-0.45595043682763253,,,,,,,,,233.1200225830077,1.8754627261427972,303.50001525878906,2.4416734336877965,,,,,,,,,,,,,,,,,,,"Jake Pettit","sa550144",595360
"Brooks Raley","MIN",6,11,,5.530358572621178,29,24,,,,136.6999969482422,,161,90,84,21,52,0,9,76,5.003657756181066,3.423555306860729,1.4615384615384615,1.3825896431552944,,,,,1.5581565819686651,,0.6699346405228759,,,5.271702267475263,-0.4574660036142302,,,,,,,,,303.6799774169923,2.221506833917287,379.49998474121094,2.776152108363971,,,,,,,,,,,,,,,,,,,"Brooks Raley","10061",548384
"Mark Montgomery","NYY",3,4,,5.053995763626194,35,0,,,,46.29999923706055,,44,28,26,7,33,1,3,50,9.719222622358064,6.414686930756322,1.5151515151515151,1.360691167130129,,,,,1.6630669820479356,,0.7291666666666666,,,5.186083352758008,-0.45795271815123184,,,,,,,,,134.119994354248,2.896760184974096,132.49999618530273,2.861771023081226,,,,,,,,,,,,,,,,,,,"Mark Montgomery","sa598328",605384
"Scott Barnes","CLE",3,5,,5.276381842117925,33,5,,,,59.70000076293945,,60,37,35,9,34,0,5,55,8.291457180471024,5.12562807520027,1.6176470588235294,1.356783902258895,,,,,1.5745393433621744,,0.7002457002457002,,,5.124906275593592,-0.45804905278562563,,,,,,,,,168.080005645752,2.8154104438486485,174.50000381469727,2.9229481002456423,,,,,,,,,,,,,,,,,,,"Scott Barnes","8718",488683
"Graham Godfrey","PIT",6,11,,5.004412927870642,27,18,,,,113.30000305175781,,128,67,63,15,38,0,7,55,4.36893192115691,3.0185347818902284,1.4473684210526316,1.191526887588248,,,,,1.465136765478883,,0.6827586206896552,,,4.989601896353416,-0.4584888271061676,,,,,,,,,296.1200225830078,2.613592361932541,346.50001525878906,3.0582524794858177,,,,,,,,,,,,,,,,,,,"Graham Godfrey","3128",453232
"Thad Weber","TOR",7,10,,5.552170472628488,27,22,,,,131.3000030517578,,152,87,81,23,44,0,8,78,5.346534529197803,3.015993836983376,1.7727272727272727,1.5765422329685828,,,,,1.4927646263857113,,0.6654456654456654,,,5.325082045682742,-0.46400042937517555,,,,,,,,,293.5200225830079,2.235491361468619,357.50001525878906,2.7227723301564914,,,,,,,,,,,,,,,,,,,"Thad Weber","8036",519403
"Donovan Hand","MIL",4,4,,4.870588235294117,48,4,,,,85,,93,49,46,12,28,2,6,51,5.4,2.9647058823529413,1.8214285714285714,1.2705882352941176,,,,,1.423529411764706,,0.690978886756238,,,4.883148493486292,-0.4645144568011553,,,,,,,,,239.59999999999997,2.8188235294117643,269,3.164705882352941,,,,,,,,,,,,,,,,,,,"Donovan Hand","8728",518764
"Jairo Asencio","CHW",2,3,,5.188866877908375,48,0,,,,50.29999923706055,,52,31,29,8,26,2,3,46,8.230616427027078,4.652087545710957,1.7692307692307692,1.4314115525264484,,,,,1.5506958485703188,,0.7035928143712575,,,5.0160452605631,-0.46532880664636994,,,,,,,,,143.619994354248,2.855268320728526,152.49999618530273,3.0318091152761335,,,,,,,,,,,,,,,,,,,"Jairo Asencio","3332",446003
"Jonathan Albaladejo","MIA",4,5,,4.339035563892913,53,0,,,,64.30000305175781,,65,33,31,7,28,4,4,49,6.85847556873396,3.9191288964194055,1.75,0.9797822241048514,,,,,1.4463451879643043,,0.7211538461538461,,,4.431991168622277,-0.46569264071895183,,,,,,,,,222.7200225830078,3.4637637949057476,232.50001525878906,3.615863207216956,,,,,,,,,,,,,,,,,,,"Jonathan Albaladejo","3521",452293
"Jeffry Antigua","CHC",4,5,,4.653215457749223,35,3,,,,79.30000305175781,,83,44,41,11,31,1,5,57,6.469104416870871,3.518284858298193,1.8387096774193548,1.2484236593961329,,,,,1.4375787593046379,,0.7099391480730224,,,4.775470955003579,-0.4659883186449723,,,,,,,,,241.7200225830078,3.048171668104995,259.50001525878906,3.2723834208356544,,,,,,,,,,,,,,,,,,,"Jeffry Antigua","sa456113",506694
"Collin Balester","PIT",2,3,,4.588235294117647,28,2,,,,51,,52,28,26,7,21,2,4,37,6.529411764705882,3.7058823529411766,1.7619047619047619,1.2352941176470589,,,,,1.4313725490196079,,0.7120253164556962,,,4.851775944466684,-0.4667795954267164,,,,,,,,,155.1,3.041176470588235,163,3.196078431372549,,,,,,,,,,,,,,,,,,,"Collin Balester","6883",444446
"Kevin Shackelford","MIL",2,3,,5.234521650912253,39,0,,,,53.29999923706055,,60,33,31,7,19,2,4,30,5.065666113786051,3.2082552053978324,1.5789473684210527,1.181988759883412,,,,,1.482176381441104,,0.6647398843930635,,,4.924027010574808,-0.47019344104003186,,,,,,,,,143.31999435424802,2.688930514178972,166.49999618530273,3.1238273652644253,,,,,,,,,,,,,,,,,,,"Kevin Shackelford","11012",594992
"Jesus Sanchez","MIA",3,4,,4.343891202767663,51,0,,,,66.30000305175781,,69,34,32,6,27,0,4,40,5.4298640034595795,3.665158202335216,1.4814814814814814,0.8144796005189369,,,,,1.4479637342558878,,0.7077625570776256,,,4.420403332269294,-0.4703146620792917,,,,,,,,,224.42002258300775,3.3849172285529434,240.50001525878906,3.62745104356994,,,,,,,,,,,,,,,,,,,"Jesus Sanchez","1476",133260
"Scott McGregor","STL",6,9,,5.264624104608707,21,20,,,,107.69999694824219,,123,67,63,15,42,1,7,56,4.679665870763295,3.509749403072471,1.3333333333333333,1.2534819296687398,,,,,1.5320334695951263,,0.6805555555555556,,,5.183416181941531,-0.47195368582838254,,,,,,,,,257.67997741699224,2.3925718172566572,308.49998474121094,2.8644381938977026,,,,,,,,,,,,,,,,,,,"Scott McGregor","sa455250",543520
"Evan Reed","DET",3,3,,5.1705564821396495,43,0,,,,55.70000076293945,,61,34,32,6,30,1,4,41,6.624775492741426,4.847396702005921,1.3666666666666667,0.9694793404011842,,,,,1.633752221787181,,0.6900726392251817,,,4.807279845456198,-0.47373728021192213,,,,,,,,,159.78000564575197,2.868581749680391,180.50000381469727,3.2405745303830362,,,,,,,,,,,,,,,,,,,"Evan Reed","1349",519175
"Joe Beimel","SEA",1,2,,5.586206896551724,31,0,,,,29,,32,19,18,5,14,1,1,20,6.206896551724138,4.344827586206897,1.4285714285714286,1.5517241379310345,,,,,1.5862068965517242,,0.6923076923076923,,,5.461647479287509,-0.4744628738053122,,,,,,,,,64.90000000000002,2.2379310344827594,75,2.586206896551724,,,,,,,,,,,,,,,,,,,"Joe Beimel","979",346847
"Josh Wall","LAA",3,4,,4.74464573937599,56,0,,,,60.70000076293945,,63,34,32,7,26,2,4,45,6.672158070997486,3.8550246632429914,1.7307692307692308,1.0378912554884978,,,,,1.4662273291821635,,0.6944444444444444,,,4.547030633767063,-0.47647494698615006,,,,,,,,,199.28000564575194,3.283031353228959,212.50000381469727,3.50082374207217,,,,,,,,,,,,,,,,,,,"Josh Wall","4436",476205
"Bobby Cassevah","COL",2,2,,5.837837837837838,32,0,,,,37,,43,26,24,5,19,1,2,19,4.621621621621622,4.621621621621622,1,1.2162162162162162,,,,,1.6756756756756757,,0.6545454545454545,,,5.480286808271666,-0.47802177691045633,,,,,,,,,75.50000000000001,2.040540540540541,95,2.5675675675675675,,,,,,,,,,,,,,,,,,,"Bobby Cassevah","6950",445001
"Jeff Gray","CHW",1,2,,5.864022789628735,29,0,,,,35.29999923706055,,39,25,23,5,20,0,2,22,5.609065277036181,5.099150251851074,1.1,1.2747875629627685,,,,,1.6713881381067408,,0.6538461538461539,,,5.512443664233919,-0.48231329173101933,,,,,,,,,76.31999435424805,2.162039546848536,89.49999618530273,2.5354107116053144,,,,,,,,,,,,,,,,,,,"Jeff Gray","7718",462522
"Carlos Perez","ATL",2,3,,4.404255319148936,28,0,,,,47,,44,25,23,5,29,0,4,43,8.23404255319149,5.553191489361702,1.4827586206896552,0.9574468085106383,,,,,1.553191489361702,,0.7272727272727273,,,4.70742884392434,-0.4827635021840195,,,,,,,,,158.9,3.3808510638297875,157,3.3404255319148937,,,,,,,,,,,,,,,,,,,"Carlos Perez","sa503632",573673
"Kraig Sitton","COL",4,4,,5.459016393442623,50,0,,,,61,,72,40,37,8,25,0,4,35,5.163934426229508,3.6885245901639343,1.4,1.180327868852459,,,,,1.5901639344262295,,0.6643356643356644,,,5.031460933216283,-0.4858371186454324,,,,,,,,,148.8000000000001,2.4393442622950836,184,3.0163934426229506,,,,,,,,,,,,,,,,,,,"Kraig Sitton","sa501975",552668
"Rudy Owens","HOU",3,8,,6.052303630508532,15,15,,,,80.30000305175781,,97,58,54,15,33,1,5,47,5.267745752479648,3.6986299964218805,1.4242424242424243,1.6811954529190367,,,,,1.618928954662776,,0.6605504587155964,,,5.72531380085844,-0.4913175237479598,,,,,,,,,137.52002258300777,1.7125780492731548,186.50001525878906,2.3225405749807937,,,,,,,,,,,,,,,,,,,"Rudy Owens","5226",502168
"Nate Robertson","TEX",3,4,,5.625,29,4,,,,48,,56,32,30,7,24,1,3,25,4.6875,4.5,1.0416666666666667,1.3125,,,,,1.6666666666666667,,0.6837606837606838,,,5.5895210425059005,-0.4914140818726103,,,,,,,,,92.50000000000003,1.927083333333334,118,2.4583333333333335,,,,,,,,,,,,,,,,,,,"Nate Robertson","1620",425146
"Shane Greene","NYY",6,11,,5.942720908001153,25,25,,,,125.69999694824219,,146,89,83,21,66,0,8,86,6.1575180492542065,4.725537107567182,1.303030303030303,1.503579988771376,,,,,1.6865553313202737,,0.6736035049288062,,,5.617464621199839,-0.4914654729087836,,,,,,,,,242.2799774169922,1.9274461678527535,305.49998474121094,2.4303897546393944,,,,,,,,,,,,,,,,,,,"Shane Greene","10756",572888
"Brian Sweeney","SEA",2,6,,5.68149235779826,25,8,,,,69.69999694824219,,81,47,44,11,25,0,5,38,4.906743399916679,3.22812065783992,1.52,1.420373089449565,,,,,1.5208035099156958,,0.6512141280353201,,,5.300365234865311,-0.4924215616930319,,,,,,,,,155.8799774169922,2.236441667748501,191.49998474121094,2.747489140973922,,,,,,,,,,,,,,,,,,,"Brian Sweeney","1801",425789
"Nate Adcock","TEX",5,7,,5.647058823529412,26,15,,,,102,,116,68,64,15,48,1,6,52,4.588235294117647,4.235294117647059,1.0833333333333333,1.3235294117647058,,,,,1.607843137254902,,0.6713286713286714,,,5.528246532701979,-0.4937020031282379,,,,,,,,,210.70000000000005,2.0656862745098046,257,2.519607843137255,,,,,,,,,,,,,,,,,,,"Nate Adcock","3282",502264
"Zach Phillips","MIA",3,3,,4.2,53,0,,,,60,,59,30,28,5,33,4,4,47,7.05,4.95,1.4242424242424243,0.75,,,,,1.5333333333333334,,0.7294117647058823,,,4.4145210425059,-0.49596494387044804,,,,,,,,,212.1,3.5349999999999997,218,3.6333333333333333,,,,,,,,,,,,,,,,,,,"Zach Phillips","99",452061
"Tommy Kahnle","COL",2,2,,5.265082193474608,42,0,,,,54.70000076293945,,54,34,32,7,40,2,3,53,8.72029238294232,6.5813527418432605,1.325,1.1517367298225705,,,,,1.7184643270368514,,0.7125890736342042,,,5.131949410756266,-0.49597742247142673,,,,,,,,,155.28000564575197,2.838756919194741,159.50000381469727,2.9159049650829676,,,,,,,,,,,,,,,,,,,"Tommy Kahnle","11384",592454
"Rob Scahill","COL",4,4,,4.95,59,0,,,,80,,87,47,44,11,33,1,6,60,6.75,3.7125,1.8181818181818181,1.2375,,,,,1.5,,0.6978967495219885,,,4.797854375839234,-0.499611686975857,,,,,,,,,233.49999999999997,2.9187499999999997,260,3.25,,,,,,,,,,,,,,,,,,,"Rob Scahill","9286",543746
"Daniel McCutchen","TEX",3,4,,5.370967741935484,39,3,,,,62,,69,40,37,10,25,2,4,40,5.806451612903226,3.629032258064516,1.6,1.4516129032258065,,,,,1.5161290322580645,,0.675,,,5.2575317951940725,-0.5005130868696782,,,,,,,,,149.39999999999995,2.409677419354838,173,2.7903225806451615,,,,,,,,,,,,,,,,,,,"Daniel McCutchen","263",445216
"Kris Johnson","MIN",4,7,,5.581395160209675,25,14,,,,90.30000305175781,,103,60,56,12,46,1,6,53,5.282391848055586,4.584717453029376,1.1521739130434783,1.196013248616359,,,,,1.6500553152207176,,0.6732223903177005,,,5.329138905607474,-0.5044214566645866,,,,,,,,,202.82002258300776,2.2460688342032076,245.50001525878906,2.7187154702317597,,,,,,,,,,,,,,,,,,,"Kris Johnson","886",453241
"Jose De La Torre","MIL",3,4,,4.89681057665985,39,0,,,,53.29999923706055,,51,31,29,6,36,1,4,48,8.105065782057682,6.078799336543262,1.3333333333333333,1.0131332227572103,,,,,1.6322701922199498,,0.712468193384224,,,4.9615504632695195,-0.5050514079589988,,,,,,,,,164.01999435424804,3.0772982495692363,164.49999618530273,3.086303912569714,,,,,,,,,,,,,,,,,,,"Jose De La Torre","787",473265
"Eury De La Rosa","ARI",4,5,,4.691943184512931,61,0,,,,63.29999923706055,,63,35,33,9,29,2,3,53,7.535545114520769,4.123222798511364,1.8275862068965518,1.2796208685035269,,,,,1.4533965420040058,,0.7178841309823677,,,4.738217745343892,-0.5065229371681219,,,,,,,,,203.91999435424805,3.2214849417384834,209.49999618530273,3.309636630495341,,,,,,,,,,,,,,,,,,,"Eury De La Rosa","4055",545001
"Ryan Rowland-Smith","ARI",4,5,,5.2388059701492535,30,7,,,,67,,72,42,39,9,34,0,4,45,6.044776119402985,4.567164179104478,1.3235294117647058,1.208955223880597,,,,,1.5820895522388059,,0.6852248394004282,,,5.152331987779532,-0.5108849223705223,,,,,,,,,173.89999999999995,2.5955223880597007,194,2.8955223880597014,,,,,,,,,,,,,,,,,,,"Ryan Rowland-Smith","3245",434884
"Alex Sanabia","ARI",4,7,,5.5,14,14,,,,72,,85,47,44,13,24,2,4,39,4.875,3,1.625,1.625,,,,,1.5138888888888888,,0.6828193832599119,,,5.478409931394789,-0.5136884725651389,,,,,,,,,145.9000000000001,2.0263888888888903,185,2.5694444444444446,,,,,,,,,,,,,,,,,,,"Alex Sanabia","5350",502253
"Red Patterson","LAD",4,7,,4.867256783222113,37,12,,,,101.69999694824219,,103,59,55,14,49,1,7,77,6.814159496510959,4.336283315961519,1.5714285714285714,1.2389380902747198,,,,,1.4945919819187095,,0.702416918429003,,,4.975091405155464,-0.5182535041584146,,,,,,,,,298.5799774169922,2.9358897382164866,312.49998474121094,3.0727629706837694,,,,,,,,,,,,,,,,,,,"Red Patterson","10710",572017
"Juan Jaime","ATL",3,3,,4.332603866400122,40,0,,,,45.70000076293945,,38,24,22,5,36,2,3,51,10.04376350847301,7.089715417745654,1.4166666666666667,0.9846826969091186,,,,,1.6192559904727728,,0.746268656716418,,,4.798401392566555,-0.5231158168063414,,,,,,,,,162.88000564575196,3.564113849596256,148.50000381469727,3.249452983272678,,,,,,,,,,,,,,,,,,,"Juan Jaime","6127",462089
"Mark Sappington","LAA",6,10,,5.294117526758269,26,26,,,,134.3000030517578,,139,85,79,17,79,0,9,96,6.433358007199922,5.294117526758269,1.2151898734177216,1.1392404804416527,,,,,1.6232315342240542,,0.6848609680741504,,,5.229537125966059,-0.5331367084028024,,,,,,,,,351.32002258300776,2.6159345837662618,378.50001525878906,2.818317249873175,,,,,,,,,,,,,,,,,,,"Mark Sappington","sa658007",621212
"Logan Kensing","SEA",2,3,,5.099150251851074,34,0,,,,35.29999923706055,,36,21,20,5,21,1,2,28,7.138810352591503,5.3541077644436275,1.3333333333333333,1.2747875629627685,,,,,1.6147309130861733,,0.72,,,5.257486151641365,-0.5335780107429644,,,,,,,,,93.11999435424805,2.6379602370213027,98.49999618530273,2.7903682241978682,,,,,,,,,,,,,,,,,,,"Logan Kensing","6166",434137
"Jeremy Accardo","WSN",2,2,,4.8936171095398,34,0,,,,42.29999923706055,,44,25,23,5,21,2,2,26,5.531914993392818,4.4680851869711224,1.2380952380952381,1.0638298064216958,,,,,1.5366430537202271,,0.6896551724137931,,,4.986388689763213,-0.537056570762021,,,,,,,,,120.11999435424806,2.8397162298056644,129.49999618530273,3.061465686076021,,,,,,,,,,,,,,,,,,,"Jeremy Accardo","6428",435618
"Melvin Mercedes","DET",3,3,,5.1705564821396495,48,0,,,,55.70000076293945,,64,34,32,7,22,0,4,30,4.847396702005921,3.554757581471009,1.3636363636363635,1.1310592304680482,,,,,1.5439856161944787,,0.6824146981627296,,,5.004766377760142,-0.5370994311099684,,,,,,,,,141.68000564575195,2.5436266374348087,169.50000381469727,3.0430879980790912,,,,,,,,,,,,,,,,,,,"Melvin Mercedes","10181",542235
"Steve Geltz","TBR",3,4,,4.660714285714286,43,0,,,,56,,53,31,29,8,30,1,4,52,8.357142857142858,4.821428571428571,1.7333333333333334,1.2857142857142858,,,,,1.4821428571428572,,0.7242339832869081,,,4.869282947267805,-0.5373949859139732,,,,,,,,,180.2000000000001,3.2178571428571447,178,3.1785714285714284,,,,,,,,,,,,,,,,,,,"Steve Geltz","8402",544993
"Tyler Robertson","WSN",4,5,,4.553119788764835,59,0,,,,59.29999923706055,,60,32,30,6,29,3,4,43,6.526138363896264,4.401349129139341,1.4827586206896552,0.910623957752967,,,,,1.5008431896298902,,0.707196029776675,,,4.582424378719233,-0.5382125204272014,,,,,,,,,196.01999435424813,3.3055648714366606,205.49999618530273,3.46542999712,,,,,,,,,,,,,,,,,,,"Tyler Robertson","3223",502356
"Boof Bonser","CLE",2,4,,6.1403509685129825,13,10,,,,51.29999923706055,,61,37,35,8,28,0,4,25,4.385964977509273,4.9122807748103865,0.8928571428571429,1.4035087928029675,,,,,1.7348928133258903,,0.6683804627249358,,,5.971831027512082,-0.5396002235543625,,,,,,,,,76.61999435424809,1.493567163620846,106.49999618530273,2.0760233483271513,,,,,,,,,,,,,,,,,,,"Boof Bonser","2159",425818
"Bryan Morris","PIT",4,5,,4.216867642153397,57,0,,,,74.69999694824219,,75,37,35,8,26,3,4,48,5.783132766381802,3.1325302484568094,1.8461538461538463,0.9638554610636336,,,,,1.3520750217698194,,0.7126948775055679,,,4.359768753398068,-0.5403475555660266,,,,,,,,,265.37997741699223,3.552610284587663,275.49998474121094,3.6880856224411653,,,,,,,,,,,,,,,,,,,"Bryan Morris","10234",457768
"Justin Freeman","CIN",2,3,,5.251989283635283,34,0,,,,37.70000076293945,,40,24,22,7,15,1,2,29,6.923076782973782,3.580901784296784,1.9333333333333333,1.6710874993384992,,,,,1.458885912120912,,0.6858407079646017,,,5.275971041623899,-0.5468533030707187,,,,,,,,,95.88000564575196,2.5432361725574735,104.50000381469727,2.7718833342153344,,,,,,,,,,,,,,,,,,,"Justin Freeman","7568",543178
"Brock Huntzinger","BAL",4,6,,5.517241164274791,41,7,,,,78.30000305175781,,87,51,48,13,38,1,4,55,6.321838834064866,4.367815921717543,1.4473684210526316,1.4942528153244228,,,,,1.5964239479961781,,0.6928838951310862,,,5.410561818873577,-0.5502952159551535,,,,,,,,,177.32002258300784,2.2646234440858946,206.50001525878906,2.6372925569656562,,,,,,,,,,,,,,,,,,,"Brock Huntzinger","sa390376",518830
"Jess Todd","ARI",3,3,,4.70489044839033,44,0,,,,59.29999923706055,,61,33,31,7,29,2,4,44,6.677909023521758,4.401349129139341,1.5172413793103448,1.0623946173784615,,,,,1.517706596254945,,0.71072319201995,,,4.7679218515948385,-0.5514094210188865,,,,,,,,,183.11999435424812,3.088026925973452,194.49999618530273,3.2799325242443955,,,,,,,,,,,,,,,,,,,"Jess Todd","3805",519357
"Miles Mikolas","TEX",3,3,,4.868624650044255,59,0,,,,64.69999694824219,,70,37,35,9,24,1,5,41,5.70324601862327,3.3384854743160606,1.7083333333333333,1.2519320528685227,,,,,1.4528594193782858,,0.7002457002457002,,,4.933480430777008,-0.5534506237533015,,,,,,,,,181.07997741699222,2.7987633069264297,201.49998474121094,3.114373945062225,,,,,,,,,,,,,,,,,,,"Miles Mikolas","9803",571945
"Duke Welker","PIT",3,4,,4.47602137504322,47,0,,,,56.29999923706055,,55,30,28,4,34,0,4,40,6.394316250061744,5.435168812552481,1.1764705882352942,0.6394316250061743,,,,,1.5808170729319309,,0.7074340527577937,,,4.57538548002065,-0.5561725757524825,,,,,,,,,190.4199943542481,3.3822379562112057,195.49999618530273,3.4724688958185834,,,,,,,,,,,,,,,,,,,"Duke Welker","792",444992
"Jair Jurrjens","DET",7,10,,5.853658536585366,23,23,,,,123,,155,86,80,19,45,1,7,56,4.097560975609756,3.292682926829268,1.2444444444444445,1.3902439024390243,,,,,1.6260162601626016,,0.657439446366782,,,5.413708034375819,-0.5575091025089581,,,,,,,,,229.5,1.8658536585365855,324,2.6341463414634148,,,,,,,,,,,,,,,,,,,"Jair Jurrjens","5556",457453
"Juan Sosa","MIA",4,6,,4.6125,44,3,,,,80,,81,44,41,8,42,0,5,59,6.6375,4.725,1.4047619047619047,0.9,,,,,1.5375,,0.7066189624329159,,,4.635354375839233,-0.5599398213736275,,,,,,,,,260,3.25,273,3.4125,,,,,,,,,,,,,,,,,,,"Juan Sosa","sa503978",516755
"Kevin Chapman","HOU",2,4,,4.959481300100746,58,0,,,,61.70000076293945,,60,36,34,7,44,2,4,57,8.314424532521839,6.418152270718613,1.2954545454545454,1.0210696794325067,,,,,1.6855753438250902,,0.721868365180467,,,5.00895645855881,-0.5644503325659299,,,,,,,,,184.48000564575193,2.9899514321653164,187.50000381469727,3.038897917280424,,,,,,,,,,,,,,,,,,,"Kevin Chapman","11240",502087
"Guillermo Moscoso","SFG",7,11,,4.5,31,20,,,,130,,126,70,65,17,58,2,7,98,6.7846153846153845,4.015384615384615,1.6896551724137931,1.176923076923077,,,,,1.4153846153846155,,0.7116104868913858,,,4.740162068146926,-0.5666049505764628,,,,,,,,,426.29999999999995,3.279230769230769,430,3.3076923076923075,,,,,,,,,,,,,,,,,,,"Guillermo Moscoso","5106",446861
"Sam Demel","LAD",2,3,,4.673076923076923,45,0,,,,52,,51,29,27,7,27,2,4,45,7.788461538461538,4.673076923076923,1.6666666666666667,1.2115384615384615,,,,,1.5,,0.7184750733137829,,,4.855546683531541,-0.5710756088125853,,,,,,,,,163.1,3.1365384615384615,166,3.1923076923076925,,,,,,,,,,,,,,,,,,,"Sam Demel","868",451585
"Joe Gardner","COL",4,5,,5.522388129572931,47,0,,,,60.29999923706055,,68,40,37,8,29,2,5,39,5.820895596036333,4.328358263719325,1.3448275862068966,1.1940298658536068,,,,,1.6086235692749982,,0.6643356643356644,,,5.170574137356757,-0.5725499127115912,,,,,,,,,147.019994354248,2.438142557452789,173.49999618530273,2.8772802384824767,,,,,,,,,,,,,,,,,,,"Joe Gardner","sa501227",571688
"Dusty Hughes","ATL",2,2,,4.809160398704789,33,0,,,,39.29999923706055,,39,22,21,4,26,2,3,30,6.870229141006841,5.954198588872596,1.1538461538461537,0.9160305521342456,,,,,1.6539440524646098,,0.7239057239057239,,,5.058032531911605,-0.5735227199798579,,,,,,,,,113.21999435424809,2.88091594280439,117.49999618530273,2.989821843927628,,,,,,,,,,,,,,,,,,,"Dusty Hughes","6164",458250
"Alex Hinshaw","TOR",1,1,,5.785714285714286,29,0,,,,28,,27,19,18,4,27,1,2,28,9,8.678571428571429,1.037037037037037,1.2857142857142858,,,,,1.9285714285714286,,0.7231404958677686,,,6.012140090124948,-0.5735962262290706,,,,,,,,,56.80000000000004,2.02857142857143,57,2.0357142857142856,,,,,,,,,,,,,,,,,,,"Alex Hinshaw","3941",450527
"Buddy Carlyle","NYM",2,4,,5.117647058823529,31,2,,,,51,,53,31,29,9,22,0,3,42,7.411764705882353,3.8823529411764706,1.9090909090909092,1.588235294117647,,,,,1.4705882352941178,,0.7051282051282052,,,5.1655014346627635,-0.5754415434282402,,,,,,,,,137.90000000000003,2.7039215686274516,147,2.8823529411764706,,,,,,,,,,,,,,,,,,,"Buddy Carlyle","2010",234194
"Rubby De La Rosa","BOS",3,4,,5.633188023160488,25,15,,,,68.69999694824219,,72,46,43,10,47,1,4,56,7.336244867371799,6.157205513687045,1.1914893617021276,1.3100437263163927,,,,,1.7321689270183414,,0.6952380952380952,,,5.53693745584038,-0.578299233637038,,,,,,,,,157.17997741699222,2.287918259085366,172.49998474121094,2.510916919998854,,,,,,,,,,,,,,,,,,,"Rubby De La Rosa","3862",523989
"Phillippe Aumont","PHI",3,4,,4.795737187546307,55,0,,,,56.29999923706055,,52,32,30,4,48,2,5,55,8.792184843834898,7.673179500074092,1.1458333333333333,0.6394316250061743,,,,,1.7761989583504842,,0.7203389830508474,,,4.841815323773223,-0.578812204199842,,,,,,,,,183.2199943542481,3.2543516312099707,180.49999618530273,3.206039052066011,,,,,,,,,,,,,,,,,,,"Phillippe Aumont","5362",518418
"Kip Wells","LAA",2,4,,6.347606930910837,9,8,,,,39.70000076293945,,47,30,28,6,25,1,2,17,3.853904208053008,5.667506188313247,0.68,1.3602014851951794,,,,,1.8136019802602392,,0.660377358490566,,,6.196468924902149,-0.5789130134273673,,,,,,,,,50.78000564575193,1.279093316621692,73.50000381469727,1.8513854509370846,,,,,,,,,,,,,,,,,,,"Kip Wells","1012",150337
"Austin Wright","PHI",5,8,,5.416666666666667,26,19,,,,108,,115,70,65,15,62,0,7,75,6.25,5.166666666666667,1.2096774193548387,1.25,,,,,1.6388888888888888,,0.6858974358974359,,,5.381187709172567,-0.5797789082992352,,,,,,,,,258.70000000000005,2.3953703703703706,288,2.6666666666666665,,,,,,,,,,,,,,,,,,,"Austin Wright","sa455460",543944
"Marcus Hatley","CHC",3,4,,4.679376021315761,48,0,,,,57.70000076293945,,55,32,30,6,38,2,4,50,7.798960035526268,5.927209626999964,1.3157894736842106,0.9358752042631522,,,,,1.6117850740087623,,0.7210401891252955,,,4.85028069516086,-0.5803674738172021,,,,,,,,,184.18000564575203,3.1920277852760504,184.50000381469727,3.1975736806783734,,,,,,,,,,,,,,,,,,,"Marcus Hatley","4002",502281
"Josh Zeid","HOU",2,3,,5.142857142857143,61,0,,,,63,,64,39,36,9,36,2,4,58,8.285714285714286,5.142857142857143,1.6111111111111112,1.2857142857142858,,,,,1.5873015873015872,,0.6979405034324943,,,4.9684892964741545,-0.5848275570477108,,,,,,,,,185.10000000000005,2.9380952380952388,194,3.0793650793650795,,,,,,,,,,,,,,,,,,,"Josh Zeid","6527",473646
"Michael Mariot","KCR",4,6,,5.5079561420923895,39,7,,,,81.69999694824219,,94,54,50,11,37,2,6,49,5.397797019250541,4.075887545148368,1.3243243243243243,1.2117503512603256,,,,,1.6034272324757843,,0.6660899653979239,,,5.177597417448291,-0.5911342907880093,,,,,,,,,193.87997741699215,2.3730720276503456,234.49998474121094,2.870256958390943,,,,,,,,,,,,,,,,,,,"Michael Mariot","10835",592527
"David Holmberg","CIN",6,8,,5.142857142857143,26,26,,,,147,,160,90,84,24,56,1,10,88,5.387755102040816,3.4285714285714284,1.5714285714285714,1.469387755102041,,,,,1.469387755102041,,0.6907894736842105,,,5.319963219376648,-0.5930228710897412,,,,,,,,,354.5999999999999,2.412244897959183,401,2.727891156462585,,,,,,,,,,,,,,,,,,,"David Holmberg","7725",571787
"Jose Ortega","DET",4,5,,5.079365011018554,47,0,,,,56.70000076293945,,57,34,32,8,38,3,4,58,9.20634908247113,6.031745950584534,1.5263157894736843,1.2698412527546385,,,,,1.6754849862734815,,0.7279236276849642,,,5.058436359367411,-0.5954926735630068,,,,,,,,,162.98000564575196,2.8744268686549965,169.50000381469727,2.9894180164718223,,,,,,,,,,,,,,,,,,,"Jose Ortega","9651",514639
"Eric Fornataro","STL",3,3,,4.691943184512931,51,0,,,,63.29999923706055,,68,35,33,6,29,1,4,36,5.118483474014107,4.123222798511364,1.2413793103448276,0.8530805790023512,,,,,1.5323854845042235,,0.6997742663656885,,,4.706622168343806,-0.5967070603377863,,,,,,,,,190.81999435424802,3.014533912387913,211.49999618530273,3.341232207495428,,,,,,,,,,,,,,,,,,,"Eric Fornataro","7042",543174
"Logan Bawcom","SEA",3,5,,4.8929159187314895,53,0,,,,60.70000076293945,,60,35,33,7,38,0,4,52,7.710049326485983,5.634266815508988,1.368421052631579,1.0378912554884978,,,,,1.6144975085376632,,0.7142857142857143,,,4.909468849969397,-0.5971025994647038,,,,,,,,,185.08000564575195,3.049093959134726,190.50000381469727,3.1383855258698374,,,,,,,,,,,,,,,,,,,"Logan Bawcom","sa549287",594747
"Billy Buckner","LAA",5,9,,5.352241387614415,23,21,,,,109.30000305175781,,120,70,65,16,47,0,7,65,5.352241387614415,3.8700822341211922,1.3829787234042554,1.3174748031050867,,,,,1.5279048063788159,,0.6708160442600277,,,5.2436457143477115,-0.5983107249950559,,,,,,,,,268.02002258300786,2.4521501838942306,306.50001525878906,2.804208661491522,,,,,,,,,,,,,,,,,,,"Billy Buckner","8253",434438
"Jonathan Sánchez","CHC",4,8,,5.765124346455952,18,18,,,,84.30000305175781,,86,58,54,14,59,1,6,75,8.007117147855489,6.2989321563129845,1.271186440677966,1.4946618675996912,,,,,1.720047387317105,,0.69377990430622,,,5.740618216673598,-0.5994214134920025,,,,,,,,,183.02002258300777,2.1710559425560003,194.50001525878906,2.307236159165636,,,,,,,,,,,,,,,,,,,"Jonathan Sanchez","7507",456043
"Michael Morrison","DET",3,4,,5.403377188038455,39,0,,,,53.29999923706055,,56,34,32,6,35,0,3,40,6.754221485048069,5.90994379941706,1.1428571428571428,1.0131332227572103,,,,,1.7073170976093728,,0.6900726392251817,,,5.149167726743077,-0.601056252358507,,,,,,,,,141.01999435424804,2.645778543580054,154.49999618530273,2.8986866490961565,,,,,,,,,,,,,,,,,,,"Michael Morrison","sa502419",571965
"Ryan Reid","NYM",3,4,,4.813614203038959,45,0,,,,61.70000076293945,,63,35,33,8,30,1,5,45,6.5640193677804,4.3760129118536,1.5,1.1669367764942933,,,,,1.5072933363051289,,0.7090464547677262,,,4.976541548100635,-0.6017271422188895,,,,,,,,,179.38000564575196,2.907293410496971,189.50000381469727,3.071312827738599,,,,,,,,,,,,,,,,,,,"Ryan Reid","9385",474256
"Evan Meek","BAL",3,5,,5.716396121788132,36,7,,,,67.69999694824219,,76,46,43,10,39,1,4,42,5.583456677095384,5.184638343017143,1.0769230769230769,1.3293944469274726,,,,,1.6986706821851039,,0.6831683168316832,,,5.632788022642652,-0.6133438366129275,,,,,,,,,135.37997741699215,1.9997043355924,163.49998474121094,2.4150663531965813,,,,,,,,,,,,,,,,,,,"Evan Meek","5109",457425
"Luis García","PHI",3,3,,4.545454345286785,58,0,,,,69.30000305175781,,68,37,35,8,36,0,4,54,7.012986704156754,4.675324469437836,1.5,1.038960993208408,,,,,1.5007214346343671,,0.7219827586206897,,,4.721735976008335,-0.6139831029998798,,,,,,,,,225.62002258300782,3.255700038202017,230.50001525878906,3.3261183998308983,,,,,,,,,,,,,,,,,,,"Luis Garcia","6984",472610
"Deryk Hooker","OAK",2,3,,4.728813559322034,50,0,,,,59,,60,33,31,8,27,2,4,42,6.406779661016949,4.11864406779661,1.5555555555555556,1.2203389830508475,,,,,1.4745762711864407,,0.712401055408971,,,4.963108613127369,-0.61485436985509,,,,,,,,,173.20000000000005,2.935593220338984,182,3.0847457627118646,,,,,,,,,,,,,,,,,,,"Deryk Hooker","sa389288",518818
"Chris Reed","LAD",4,8,,5.204386681131329,21,19,,,,100.30000305175781,,105,62,58,12,60,1,7,63,5.653040705366788,5.3838482908255125,1.05,1.0767696581651025,,,,,1.6450647555300177,,0.6950067476383266,,,5.350945033581258,-0.6149947395175841,,,,,,,,,246.62002258300788,2.4588236797534746,270.50001525878906,2.696909342257975,,,,,,,,,,,,,,,,,,,"Chris Reed","12801",607068
"Joe Bisenius","ATL",5,7,,5.23932708940288,16,14,,,,77.30000305175781,,82,48,45,10,46,1,5,50,5.821474543780978,5.355756580278499,1.0869565217391304,1.1642949087561956,,,,,1.655886092453256,,0.7017543859649122,,,5.415254023643498,-0.6192396315937942,,,,,,,,,182.82002258300784,2.3650713501343192,203.50001525878906,2.6326003521957357,,,,,,,,,,,,,,,,,,,"Joe Bisenius","7370",445202
"Jose Arredondo","CIN",3,3,,4.5569620881860065,53,0,,,,55.29999923706055,,50,30,28,7,39,2,3,52,8.462929592345441,6.34719719425908,1.3333333333333333,1.1392405220465016,,,,,1.6094032771768039,,0.7449494949494949,,,5.091254042367085,-0.6220059866703774,,,,,,,,,171.11999435424798,3.0943941539798074,163.49999618530273,2.956600333472148,,,,,,,,,,,,,,,,,,,"Jose Arredondo","4722",461766
"Edgar Ibarra","MIN",2,4,,5.178848898839929,46,0,,,,64.30000305175781,,69,40,37,8,35,2,4,48,6.718506679576124,4.898911120524257,1.3714285714285714,1.1197511132626872,,,,,1.6174182747127706,,0.6896551724137931,,,4.9918667252536215,-0.6228968473327549,,,,,,,,,177.02002258300783,2.7530328799598482,196.50001525878906,3.0559876505856125,,,,,,,,,,,,,,,,,,,"Edgar Ibarra","5195",500891
"Adam Liberatore","TBR",4,5,,4.81426426906436,44,0,,,,67.30000305175781,,70,39,36,6,38,1,5,43,5.750371210271319,5.081723395123491,1.131578947368421,0.8023773781773933,,,,,1.6047547563547866,,0.6927710843373495,,,4.845774056570059,-0.6255886219414581,,,,,,,,,199.22002258300785,2.9601785074184246,215.50001525878906,3.2020803192691742,,,,,,,,,,,,,,,,,,,"Adam Liberatore","10637",571893
"Erik Cordier","SFG",3,5,,4.833333333333333,31,6,,,,54,,54,31,29,5,38,1,4,41,6.833333333333333,6.333333333333333,1.0789473684210527,0.8333333333333334,,,,,1.7037037037037037,,0.7176470588235294,,,5.066372894357752,-0.626121836187955,,,,,,,,,153.70000000000002,2.8462962962962965,161,2.9814814814814814,,,,,,,,,,,,,,,,,,,"Erik Cordier","4086",449170
"Kevin Thomas","STL",4,5,,4.662480320923231,49,0,,,,63.70000076293945,,65,35,33,8,30,0,4,49,6.923076840158737,4.238618473566573,1.6333333333333333,1.1302982596177529,,,,,1.4913657592178684,,0.7159904534606205,,,4.743301765265863,-0.6281696142719433,,,,,,,,,199.98000564575193,3.1394035047186364,210.50000381469727,3.3045526105733707,,,,,,,,,,,,,,,,,,,"Kevin Thomas","sa455028",543850
"Mike Belfiore","BAL",2,2,,5.376955669855384,39,0,,,,70.30000305175781,,75,45,42,12,36,2,4,58,7.425319734562198,4.60881914559033,1.6111111111111112,1.53627304853011,,,,,1.5789472998781684,,0.7006369426751592,,,5.323814447735693,-0.6299202140458514,,,,,,,,,173.62002258300777,2.469701494254295,191.50001525878906,2.724039928103541,,,,,,,,,,,,,,,,,,,"Mike Belfiore","9324",506988
"Josh Geer","SDP",3,8,,5.418060385001205,23,13,,,,89.69999694824219,,104,58,54,13,33,1,7,46,4.615384772408434,3.311036901945181,1.393939393939394,1.3043478704632532,,,,,1.5273133184056895,,0.664983164983165,,,5.244064038072232,-0.6308585809553093,,,,,,,,,205.4799774169922,2.2907467603990694,251.49998474121094,2.8037903377670013,,,,,,,,,,,,,,,,,,,"Josh Geer","4781",446207
"Miguel Batista","TOR",1,2,,6.621253268348355,16,6,,,,36.70000076293945,,43,29,27,7,24,0,2,22,5.395095255691253,5.885558460754094,0.9166666666666666,1.716621217719944,,,,,1.8256130410672422,,0.6643356643356643,,,6.453848855442297,-0.6311118740043937,,,,,,,,,39.68000564575193,1.0811990414403958,58.500003814697266,1.5940055203969363,,,,,,,,,,,,,,,,,,,"Miguel Batista","46",110683
"Jorge De Leon","HOU",2,5,,5.914285714285715,47,6,,,,70,,81,49,46,11,35,1,5,43,5.5285714285714285,4.5,1.2285714285714286,1.4142857142857144,,,,,1.6571428571428573,,0.6660039761431412,,,5.576425804410662,-0.6320361130179383,,,,,,,,,138.1,1.9728571428571429,173,2.4714285714285715,,,,,,,,,,,,,,,,,,,"Jorge De Leon","5397",501529
"C.J. Riefenhauser","TBR",3,4,,4.657534462917309,54,0,,,,65.69999694824219,,66,36,34,9,30,0,5,51,6.986301694375963,4.1095892319858605,1.7,1.232876769595758,,,,,1.4611872824838616,,0.7194244604316546,,,4.87433847894406,-0.6350118877954896,,,,,,,,,200.8799774169922,3.057534044868274,208.49998474121094,3.173515896895173,,,,,,,,,,,,,,,,,,,"C.J. Riefenhauser","11193",592677
"Kyle Drabek","TOR",4,6,,5.862068737041966,20,16,,,,78.30000305175781,,88,55,51,14,42,0,3,53,6.091953785553415,4.827586018740442,1.2619047619047619,1.6091953395801475,,,,,1.6602809059160253,,0.6793478260869565,,,5.742618000056782,-0.6356827797528274,,,,,,,,,149.42002258300778,1.908301618893147,180.50001525878906,2.305236375782451,,,,,,,,,,,,,,,,,,,"Kyle Drabek","4359",475138
"Dan Runzler","SFG",3,5,,4.6408840431070635,46,3,,,,54.29999923706055,,52,30,28,5,37,3,3,44,7.292817782025385,6.132596771248619,1.1891891891891893,0.8287292934119755,,,,,1.639042380303685,,0.7195121951219512,,,4.834226408305048,-0.6357656682794182,,,,,,,,,173.11999435424806,3.188213568815138,174.49999618530273,3.213627967534186,,,,,,,,,,,,,,,,,,,"Dan Runzler","4080",502130
"Jose Alvarez","DET",7,10,,5.826351730536067,28,23,,,,131.3000030517578,,159,91,85,24,44,1,9,78,5.346534529197803,3.015993836983376,1.7727272727272727,1.6450875474454778,,,,,1.5460776487566295,,0.6611570247933884,,,5.446940382530555,-0.6359688325135073,,,,,,,,,260.0200225830079,1.9803504686935103,341.50001525878906,2.6009139933086782,,,,,,,,,,,,,,,,,,,"Jose Alvarez","5358",501625
"Daniel Stange","WSN",3,4,,4.835355222026286,48,0,,,,57.70000076293945,,59,33,31,7,27,1,4,43,6.707105630552591,4.211438419184185,1.5925925925925926,1.0918544049736776,,,,,1.4904679179005758,,0.6955380577427821,,,4.746294561353843,-0.6361868547869052,,,,,,,,,180.48000564575202,3.1279030027617227,190.50000381469727,3.3015598144853904,,,,,,,,,,,,,,,,,,,"Daniel Stange","9404",458094
"Mike Zagurski","CLE",2,3,,5.294117647058823,49,0,,,,51,,51,32,30,8,31,1,3,50,8.823529411764707,5.470588235294118,1.6129032258064515,1.411764705882353,,,,,1.607843137254902,,0.7062146892655368,,,5.126285748388254,-0.6391541443759334,,,,,,,,,144.4,2.831372549019608,149,2.9215686274509802,,,,,,,,,,,,,,,,,,,"Mike Zagurski","9683",489448
"Chad Rogers","CIN",6,8,,5.358004695484049,25,25,,,,124.30000305175781,,136,79,74,22,49,2,8,75,5.430410164341942,3.5478679740367354,1.530612244897959,1.5929203148736362,,,,,1.4883346376344582,,0.6874189364461738,,,5.517685369102901,-0.6440945363653118,,,,,,,,,274.62002258300777,2.2093323880986353,314.50001525878906,2.530169006736332,,,,,,,,,,,,,,,,,,,"Chad Rogers","sa549784",572090
"David Purcey","CHW",2,2,,5.117647058823529,44,0,,,,51,,51,31,29,6,36,2,4,41,7.235294117647059,6.352941176470588,1.1388888888888888,1.0588235294117647,,,,,1.7058823529411764,,0.712468193384224,,,5.322364179760802,-0.6461588289763351,,,,,,,,,133.00000000000003,2.6078431372549025,139,2.7254901960784315,,,,,,,,,,,,,,,,,,,"David Purcey","8360",453515
"Johan Yan","TEX",2,2,,5.248713619287319,47,0,,,,58.29999923706055,,64,36,34,8,29,2,4,37,5.7118354092244354,4.476843969392125,1.2758620689655173,1.2349914398323103,,,,,1.5951972764500675,,0.6968215158924206,,,5.2605473722054565,-0.6468418947973044,,,,,,,,,141.61999435424806,2.4291594546749513,162.49999618530273,2.7873070036337775,,,,,,,,,,,,,,,,,,,"Johan Yan","sa328938",503571
"Mark Lamm","ATL",4,5,,4.71971073419265,45,0,,,,55.29999923706055,,56,31,29,5,33,3,4,39,6.34719719425908,5.370705318219222,1.1818181818181819,0.8137432300332155,,,,,1.6094032771768039,,0.7073170731707317,,,4.820006299022681,-0.6468576393354442,,,,,,,,,169.11999435424806,3.058227788200555,178.49999618530273,3.227848076816553,,,,,,,,,,,,,,,,,,,"Mark Lamm","sa545076",571876
"Robert Carson","LAA",2,3,,4.909090909090909,59,0,,,,66,,69,39,36,9,27,2,4,43,5.863636363636363,3.6818181818181817,1.5925925925925926,1.2272727272727273,,,,,1.4545454545454546,,0.6834532374100719,,,4.9266422546271125,-0.6505769307565846,,,,,,,,,191.3000000000001,2.8984848484848498,206,3.121212121212121,,,,,,,,,,,,,,,,,,,"Robert Carson","2570",518533
"Will Latimer","BOS",4,4,,5.1923076923076925,27,0,,,,52,,56,32,30,7,26,1,3,35,6.0576923076923075,4.5,1.3461538461538463,1.2115384615384615,,,,,1.5769230769230769,,0.6925207756232686,,,5.124777452762311,-0.6510436812361534,,,,,,,,,136.1,2.6173076923076923,152,2.923076923076923,,,,,,,,,,,,,,,,,,,"Will Latimer","sa389847",518920
"Adam Reifer","SFG",1,2,,4.958677790169998,32,0,,,,36.29999923706055,,37,21,20,4,22,0,2,24,5.950413348203997,5.4545455691869975,1.0909090909090908,0.9917355580339996,,,,,1.6253443867779438,,0.7116104868913858,,,5.141518331688788,-0.6593851683870594,,,,,,,,,99.21999435424804,2.7333332352511244,105.49999618530273,2.9063360441504456,,,,,,,,,,,,,,,,,,,"Adam Reifer","sa389398",519179
"Jumbo Díaz","CIN",2,3,,5.234899239509818,44,0,,,,44.70000076293945,,45,28,26,7,25,2,3,35,7.046979745493985,5.0335569610671325,1.4,1.409395949098797,,,,,1.5659954989986633,,0.6976744186046512,,,5.396847624337228,-0.6599821063619458,,,,,,,,,113.68000564575192,2.543176816677002,118.50000381469727,2.651006751502005,,,,,,,,,,,,,,,,,,,"Jumbo Diaz","3397",471822
"Frank De Los Santos","CHW",3,4,,5.615514406143297,39,3,,,,59.29999923706055,,69,40,37,8,31,2,4,30,4.553119788764835,4.70489044839033,0.967741935483871,1.214165277003956,,,,,1.6863406625054944,,0.6756756756756757,,,5.56050196297242,-0.6638201529161888,,,,,,,,,116.01999435424804,1.9564923414322637,147.49999618530273,2.487352412866813,,,,,,,,,,,,,,,,,,,"Frank De Los Santos","sa393084",501679
"Justin Marks","KCR",5,10,,5.82210226623858,24,20,,,,111.30000305175781,,128,77,72,16,62,0,8,72,5.82210226623858,5.013476951483222,1.1612903225806452,1.2938005036085733,,,,,1.7070978867057565,,0.6742243436754177,,,5.509669222983325,-0.6646890100159967,,,,,,,,,228.0200225830078,2.0486973614634287,282.50001525878906,2.538185152855909,,,,,,,,,,,,,,,,,,,"Justin Marks","10265",476123
"Deunte Heath","CHW",2,4,,5.571428571428571,35,5,,,,63,,67,42,39,9,41,0,4,47,6.714285714285714,5.857142857142857,1.146341463414634,1.2857142857142858,,,,,1.7142857142857142,,0.6918238993710691,,,5.5557908837757415,-0.6662622355569452,,,,,,,,,140.30000000000004,2.2269841269841275,157,2.492063492063492,,,,,,,,,,,,,,,,,,,"Deunte Heath","7371",445177
"Tyler Wilson","BAL",7,11,,5.952848841955815,35,25,,,,152.6999969482422,,178,108,101,29,59,0,9,96,5.658153354730279,3.4774067492613177,1.6271186440677967,1.7092338259081052,,,,,1.5520628993878198,,0.6568228105906313,,,5.595333143188862,-0.6672087195872893,,,,,,,,,298.4799774169921,1.9546822749326063,374.49998474121094,2.452521232650372,,,,,,,,,,,,,,,,,,,"Tyler Wilson","12691",592869
"Hector Ambriz","HOU",3,5,,5.577889375953235,55,0,,,,59.70000076293945,,67,40,37,9,28,2,3,44,6.63316574437682,4.22110547369434,1.5714285714285714,1.356783902258895,,,,,1.5912897619085806,,0.6674757281553397,,,5.091405438500779,-0.6698815236985894,,,,,,,,,151.880005645752,2.544053663396869,176.50000381469727,2.9564489373384544,,,,,,,,,,,,,,,,,,,"Hector Ambriz","559",459932
"Mike MacDougal","PHI",1,2,,5.538461538461538,40,0,,,,39,,41,26,24,5,28,2,2,29,6.6923076923076925,6.461538461538462,1.0357142857142858,1.1538461538461537,,,,,1.7692307692307692,,0.6935483870967742,,,5.535033863018721,-0.6704181313888323,,,,,,,,,88.50000000000001,2.2692307692307696,98,2.5128205128205128,,,,,,,,,,,,,,,,,,,"Mike MacDougal","612",213680
"Anthony Carter","SDP",2,3,,4.868852459016393,48,0,,,,61,,62,35,33,7,32,1,4,46,6.786885245901639,4.721311475409836,1.4375,1.0327868852459017,,,,,1.540983606557377,,0.7007125890736342,,,4.801952736494972,-0.6741815347211029,,,,,,,,,188.10000000000005,3.08360655737705,198,3.2459016393442623,,,,,,,,,,,,,,,,,,,"Anthony Carter","sa302341",457580
"Jerry Gil","CLE",3,5,,5.613682006380293,43,0,,,,49.70000076293945,,54,33,31,6,32,1,3,35,6.338028071719685,5.79476852271514,1.09375,1.0865190980090889,,,,,1.73038226719966,,0.6829896907216495,,,5.321496192043438,-0.6764389570928686,,,,,,,,,118.58000564575198,2.385915569928428,135.50000381469727,2.7263581837957958,,,,,,,,,,,,,,,,,,,"Jerry Gil","2207",430667
"Jason Bergmann","KCR",2,4,,6.075,21,3,,,,40,,46,29,27,6,26,1,3,24,5.4,5.85,0.9230769230769231,1.35,,,,,1.8,,0.6761006289308176,,,5.972854375839233,-0.6775760272220865,,,,,,,,,63.59999999999998,1.5899999999999994,83,2.075,,,,,,,,,,,,,,,,,,,"Jason Bergmann","4640",456589
"Manny Corpas","COL",3,4,,5.37848583779766,55,0,,,,75.30000305175781,,86,48,45,12,29,3,5,47,5.61752965281089,3.4661353176918257,1.6206896551724137,1.4342628900793761,,,,,1.527224373695632,,0.6822810590631364,,,5.225809134848657,-0.6844226635151257,,,,,,,,,178.02002258300777,2.364143630387968,212.50001525878906,2.822045240990577,,,,,,,,,,,,,,,,,,,"Manny Corpas","2807",466918
"Chad Beck","TOR",2,4,,5.788667417065681,38,6,,,,65.30000305175781,,75,45,42,10,33,0,4,38,5.237365758297521,4.548238684837321,1.1515151515151516,1.3782541469204004,,,,,1.6539049763044804,,0.6702127659574468,,,5.574653645193301,-0.6867228011031157,,,,,,,,,130.2200225830079,1.9941809570788758,161.50001525878906,2.473200730645933,,,,,,,,,,,,,,,,,,,"Chad Beck","9258",444447
"Randy Wells","TEX",3,5,,6.285714285714286,14,12,,,,63,,74,47,44,13,31,1,3,35,5,4.428571428571429,1.1290322580645162,1.8571428571428572,,,,,1.6666666666666667,,0.6682027649769585,,,6.238330566315424,-0.6872451488521631,,,,,,,,,81.90000000000006,1.300000000000001,114,1.8095238095238095,,,,,,,,,,,,,,,,,,,"Randy Wells","4535",448694
"Jeremy Bonderman","DET",4,7,,6.123545377686459,25,17,,,,111.69999694824219,,138,81,76,18,44,4,6,52,4.189794205785472,3.545210481818476,1.1818181818181819,1.4503133789257403,,,,,1.6293644133610168,,0.6441326530612245,,,5.554568857933106,-0.6926096770739125,,,,,,,,,200.3799774169923,1.7939121118314914,278.49998474121094,2.493285517906128,,,,,,,,,,,,,,,,,,,"Jeremy Bonderman","1667",425827
"Ryan Perry","WSN",4,6,,5.248932915811209,37,8,,,,70.30000305175781,,76,44,41,10,33,1,4,43,5.50497842389956,4.224750883457802,1.303030303030303,1.2802275404417582,,,,,1.5504977989794626,,0.6842105263157895,,,5.252690695488928,-0.6965682050735994,,,,,,,,,174.6200225830078,2.4839262447036483,196.50001525878906,2.7951636803503055,,,,,,,,,,,,,,,,,,,"Ryan Perry","8799",543634
"Zach Miner","SEA",3,6,,5.450704225352113,31,10,,,,71,,80,46,43,9,39,2,5,38,4.816901408450704,4.943661971830986,0.9743589743589743,1.1408450704225352,,,,,1.676056338028169,,0.6860902255639098,,,5.484474094149093,-0.7014920272228876,,,,,,,,,150.7,2.1225352112676057,182,2.563380281690141,,,,,,,,,,,,,,,,,,,"Zach Miner","3193",435261
"Brett Lorin","ARI",4,6,,5.4935064935064934,30,9,,,,77,,88,50,47,12,30,1,6,43,5.025974025974026,3.5064935064935066,1.4333333333333333,1.4025974025974026,,,,,1.5324675324675325,,0.6719367588932806,,,5.359542687527545,-0.702879747517696,,,,,,,,,171.40000000000003,2.2259740259740264,207,2.688311688311688,,,,,,,,,,,,,,,,,,,"Brett Lorin","sa454589",543466
"Sean White","LAD",2,4,,5.1,35,4,,,,60,,63,36,34,5,40,0,4,32,4.8,6,0.8,0.75,,,,,1.7166666666666666,,0.6979166666666666,,,5.2645210425059,-0.7079339457397356,,,,,,,,,150.7,2.5116666666666663,167,2.783333333333333,,,,,,,,,,,,,,,,,,,"Sean White","5564",457461
"Wirfin Obispo","ATL",3,3,,4.71971073419265,54,0,,,,55.29999923706055,,52,31,29,5,39,2,5,47,7.649186362312225,6.34719719425908,1.205128205128205,0.8137432300332155,,,,,1.645569642956058,,0.7142857142857143,,,4.910422213470816,-0.709588973945296,,,,,,,,,174.51999435424804,3.1558769758045404,173.49999618530273,3.137432162368418,,,,,,,,,,,,,,,,,,,"Wirfin Obispo","sa530473",467031
"Mitch Lively","SFG",4,7,,4.720638704746249,39,9,,,,87.69999694824219,,89,49,46,9,46,0,6,58,5.952109671201792,4.720638704746249,1.2608695652173914,0.9236032248416575,,,,,1.539338708069429,,0.7026143790849673,,,4.838048280779236,-0.7122374270727672,,,,,,,,,266.87997741699223,3.043101330716083,281.49998474121094,3.209806095059997,,,,,,,,,,,,,,,,,,,"Mitch Lively","sa390254",518944
"Chris Hatcher","MIA",2,3,,4.662480320923231,57,0,,,,63.70000076293945,,65,35,33,7,32,3,4,48,6.781789557706518,4.5211930384710115,1.5,0.9890109771655339,,,,,1.5227629330961394,,0.7110091743119266,,,4.664808830570186,-0.7226380298929996,,,,,,,,,204.28000564575188,3.206907428556918,215.50000381469727,3.3830455452690478,,,,,,,,,,,,,,,,,,,"Chris Hatcher","3299",501822
"Donnie Joseph","KCR",3,5,,5.160202427266813,56,0,,,,59.29999923706055,,58,36,34,7,44,2,4,58,8.802698258278681,6.677909023521758,1.3181818181818181,1.0623946173784615,,,,,1.7200674757556045,,0.7158351409978307,,,5.054599764220772,-0.7331866738224798,,,,,,,,,173.9199943542481,2.932883585022946,177.49999618530273,2.9932546116184615,,,,,,,,,,,,,,,,,,,"Donnie Joseph","6491",548348
"Onelki Garcia","LAD",2,4,,5.041186098086989,38,8,,,,60.70000076293945,,59,36,34,7,44,0,5,49,7.2652387884194845,6.523887891641986,1.1136363636363635,1.0378912554884978,,,,,1.6968698304018297,,0.7188841201716738,,,5.354279388035895,-0.7438795400832756,,,,,,,,,160.68000564575195,2.6471170284375938,163.50000381469727,2.693574987803338,,,,,,,,,,,,,,,,,,,"Onelki Garcia","13674",607162
"Rett Varner","MIA",4,7,,5.188235294117647,32,12,,,,85,,96,52,49,11,38,2,6,46,4.870588235294117,4.023529411764706,1.2105263157894737,1.1647058823529413,,,,,1.576470588235294,,0.6913996627318719,,,5.200795552309822,-0.7442802538814314,,,,,,,,,204.09999999999997,2.401176470588235,242,2.847058823529412,,,,,,,,,,,,,,,,,,,"Rett Varner","sa503048",572224
"Chris Carpenter","BOS",1,1,,5.447941989260288,33,0,,,,41.29999923706055,,43,27,25,5,31,1,3,31,6.7554480666827565,6.7554480666827565,1,1.0895883978520575,,,,,1.7917675875789392,,0.7014925373134329,,,5.590227304160701,-0.7464128431337127,,,,,,,,,92.31999435424804,2.235350994181247,101.49999618530273,2.4576270716785324,,,,,,,,,,,,,,,,,,,"Chris Carpenter","8556",452764
"Alfredo Aceves","BAL",5,7,,5.486517974870761,41,8,,,,85.30000305175781,,90,56,52,16,40,1,6,65,6.858147468588451,4.220398442208277,1.625,1.688159376883311,,,,,1.5240327707974335,,0.6877323420074349,,,5.5800934411642,-0.7545238741670044,,,,,,,,,192.42002258300778,2.2558032321083545,210.50001525878906,2.4677609346750335,,,,,,,,,,,,,,,,,,,"Alfredo Aceves","5164",469686
"JC Ramírez","CLE",3,5,,5.402635190519265,50,0,,,,68.30000305175781,,75,44,41,9,38,2,3,48,6.3250363206079205,5.00732042048127,1.263157894736842,1.1859443101139853,,,,,1.6544655190479052,,0.6872509960159362,,,5.156199816041874,-0.7579674282410765,,,,,,,,,172.72002258300785,2.5288435558651505,197.50001525878906,2.8916545597973595,,,,,,,,,,,,,,,,,,,"JC Ramirez","8302",500724
"Bryan Mitchell","NYY",6,11,,6.134663186022392,26,25,,,,120.30000305175781,,136,88,82,17,86,0,9,85,6.359102083071991,6.433915048755191,0.9883720930232558,1.2718204166143983,,,,,1.845386486852264,,0.6760847628657922,,,5.840871761345364,-0.7607986779194844,,,,,,,,,212.52002258300786,1.7665836840550482,265.50001525878906,2.2069826144938705,,,,,,,,,,,,,,,,,,,"Bryan Mitchell","11479",571951
"Mitchell Boggs","CHW",3,4,,5.271428571428571,62,2,,,,70,,75,44,41,10,36,3,5,48,6.171428571428572,4.628571428571429,1.3333333333333333,1.2857142857142858,,,,,1.5857142857142856,,0.6907216494845361,,,5.2907115186963765,-0.7624830927527748,,,,,,,,,173,2.4714285714285715,193,2.757142857142857,,,,,,,,,,,,,,,,,,,"Mitchell Boggs","3344",459939
"Jarret Martin","LAD",4,8,,5.157303370786517,32,16,,,,89,,87,55,51,10,69,1,6,73,7.382022471910112,6.977528089887641,1.0579710144927537,1.0112359550561798,,,,,1.752808988764045,,0.7112676056338029,,,5.396168982580807,-0.767118955968271,,,,,,,,,230.4,2.5887640449438205,236,2.651685393258427,,,,,,,,,,,,,,,,,,,"Jarret Martin","sa455420",543496
"Ramon Pena","CHW",4,7,,5.977859554206893,30,10,,,,81.30000305175781,,97,58,54,12,45,1,6,42,4.649446319938694,4.981549628505745,0.9333333333333333,1.3284132342681985,,,,,1.7466174006118906,,0.6709265175718849,,,5.815381947231314,-0.7697514740071943,,,,,,,,,132.82002258300784,1.6337025534728575,181.50001525878906,2.23247242860792,,,,,,,,,,,,,,,,,,,"Ramon Pena","4573",430963
"Yunesky Maya","ATL",7,9,,5.090337662729947,23,22,,,,127.30000305175781,,144,77,72,18,43,3,9,60,4.241948052274956,3.040062770797052,1.3953488372093024,1.2725844156824868,,,,,1.468970899584105,,0.6798516687268232,,,5.168828401976711,-0.7717120931982668,,,,,,,,,310.22002258300785,2.4369207788383016,366.50001525878906,2.879025973862522,,,,,,,,,,,,,,,,,,,"Yunesky Maya","11420",493337
"Tommy Layne","BOS",4,4,,5.072727272727272,59,0,,,,55,,57,33,31,6,34,2,5,40,6.545454545454546,5.5636363636363635,1.1764705882352942,0.9818181818181818,,,,,1.6545454545454545,,0.7021791767554479,,,5.138763466748324,-0.7719319764371856,,,,,,,,,147.99999999999997,2.6909090909090905,160,2.909090909090909,,,,,,,,,,,,,,,,,,,"Tommy Layne","7501",518927
"Matt Torra","WSN",3,6,,5.605536529489503,16,15,,,,86.69999694824219,,104,58,54,16,22,0,6,34,3.529411888937835,2.2837371046068347,1.5454545454545454,1.6608997124413343,,,,,1.4532872483861674,,0.6563706563706564,,,5.631476150747975,-0.7774613244649494,,,,,,,,,158.37997741699212,1.8267587426968557,209.49998474121094,2.416378225091258,,,,,,,,,,,,,,,,,,,"Matt Torra","sa291167",457730
"Trevor Bauer","CLE",5,11,,5.818036570189636,25,25,,,,125.30000305175781,,131,87,81,18,97,0,9,104,7.470071645675582,6.967278361832034,1.0721649484536082,1.2928970155976969,,,,,1.819632836767129,,0.6952662721893491,,,5.793265322540516,-0.778280123587117,,,,,,,,,255.2200225830079,2.0368716390021464,282.50001525878906,2.2545890532987176,,,,,,,,,,,,,,,,,,,"Trevor Bauer","12703",545333
"Buddy Boshers","LAA",3,4,,5.203125,57,1,,,,64,,65,40,37,8,40,2,4,51,7.171875,5.625,1.275,1.125,,,,,1.640625,,0.6929637526652452,,,5.141604375839234,-0.7796190148262714,,,,,,,,,176.20000000000005,2.7531250000000007,186,2.90625,,,,,,,,,,,,,,,,,,,"Buddy Boshers","8490",542953
"Will Startup","DET",3,4,,5.850860506001,32,0,,,,52.29999923706055,,63,36,34,9,19,1,3,28,4.8183557108243535,3.2695985180593827,1.4736842105263157,1.5487571927649706,,,,,1.5678776519349085,,0.6628242074927954,,,5.476152690421348,-0.7816923520591217,,,,,,,,,102.51999435424807,1.9602293661526653,134.49999618530273,2.5717016854178856,,,,,,,,,,,,,,,,,,,"Will Startup","sa290704",489336
"Nelson Figueroa","ARI",2,5,,6.975,9,6,,,,40,,51,33,31,8,21,0,3,16,3.6,4.725,0.7619047619047619,1.8,,,,,1.8,,0.6414473684210527,,,6.647854375839234,-0.7829428905911032,,,,,,,,,25,0.625,56,1.4,,,,,,,,,,,,,,,,,,,"Nelson Figueroa","683",150153
"Chris Jones","BAL",3,5,,5.426470588235294,41,0,,,,68,,76,44,41,8,40,2,5,41,5.426470588235294,5.294117647058823,1.025,1.0588235294117647,,,,,1.7058823529411764,,0.6870229007633588,,,5.356677905250998,-0.7852108486325803,,,,,,,,,154.20000000000007,2.2676470588235307,183,2.6911764705882355,,,,,,,,,,,,,,,,,,,"Chris Jones","sa392067",518854
"Jason Berken","SFG",5,10,,5.182481623554916,30,21,,,,123.30000305175781,,141,76,71,15,52,1,8,67,4.890510827861682,3.7956203440120517,1.2884615384615385,1.0948904838496303,,,,,1.5652878769109528,,0.6802325581395349,,,5.0024366470078325,-0.795548572617333,,,,,,,,,315.3200225830077,2.5573399414324864,375.50001525878906,3.0454177288314006,,,,,,,,,,,,,,,,,,,"Jason Berken","5673",460072
"David Hale","ATL",5,8,,5.0838480537098585,25,20,,,,113.30000305175781,,123,68,64,15,55,2,8,70,5.560458808745158,4.36893192115691,1.2727272727272727,1.191526887588248,,,,,1.5710502665978383,,0.7006369426751592,,,5.201428898591327,-0.8001475324821806,,,,,,,,,285.1200225830078,2.516504985906832,322.50001525878906,2.846425477247907,,,,,,,,,,,,,,,,,,,"David Hale","9756",571735
"Tim Crabbe","CIN",6,9,,5.387567026542212,27,24,,,,130.3000030517578,,140,83,78,21,68,1,10,88,6.0782807478937775,4.696853305190646,1.2941176470588236,1.4504988148382878,,,,,1.5963161560125072,,0.6998880179171333,,,5.588145951032214,-0.8058460607485667,,,,,,,,,283.92002258300795,2.178971726272555,320.50001525878906,2.45970842480702,,,,,,,,,,,,,,,,,,,"Tim Crabbe","sa501702",571588
"Daniel Bard","TEX",3,5,,5.58,39,3,,,,50,,49,33,31,6,44,1,4,40,7.2,7.92,0.9090909090909091,1.08,,,,,1.86,,0.7092198581560284,,,5.887854375839233,-0.8118799186283819,,,,,,,,,104.79999999999998,2.0959999999999996,108,2.16,,,,,,,,,,,,,,,,,,,"Daniel Bard","7115",453268
"Anthony Fernandez","SEA",4,11,,5.8646618036552,23,23,,,,119.69999694824219,,140,83,78,20,53,0,8,68,5.112782085237867,3.9849625076118667,1.2830188679245282,1.5037594368346667,,,,,1.6123642850505038,,0.6666666666666666,,,5.612599637551693,-0.8214304799076693,,,,,,,,,228.7799774169922,1.9112780555534665,291.49998474121094,2.4352547382875405,,,,,,,,,,,,,,,,,,,"Anthony Fernandez","sa503582",517529
"Ramon Troncoso","CHW",2,4,,5.741379310344827,48,0,,,,58,,65,40,37,9,31,1,3,36,5.586206896551724,4.810344827586207,1.1612903225806452,1.396551724137931,,,,,1.6551724137931034,,0.671462829736211,,,5.582337134459923,-0.8376593589880104,,,,,,,,,119.50000000000006,2.0603448275862077,143,2.4655172413793105,,,,,,,,,,,,,,,,,,,"Ramon Troncoso","4685",470462
"Michael Blazek","MIL",2,3,,5.275862068965517,57,0,,,,58,,57,36,34,8,43,1,5,51,7.913793103448276,6.672413793103448,1.186046511627907,1.2413793103448276,,,,,1.7241379310344827,,0.7207207207207208,,,5.565095755149578,-0.8385519778130354,,,,,,,,,140.60000000000005,2.4241379310344837,144,2.4827586206896552,,,,,,,,,,,,,,,,,,,"Michael Blazek","9654",518468
"Clayton Mortensen","KCR",3,5,,5.50497842389956,42,4,,,,70.30000305175781,,75,46,43,10,43,1,5,51,6.529160456252967,5.50497842389956,1.186046511627907,1.2802275404417582,,,,,1.6785205530236385,,0.6923076923076923,,,5.494511453127927,-0.8410160540480863,,,,,,,,,160.2200225830078,2.279089838232967,179.50001525878906,2.5533429227113067,,,,,,,,,,,,,,,,,,,"Clayton Mortensen","3166",489150
"Jim Miller","NYY",3,5,,5.454545388174037,49,0,,,,62.70000076293945,,66,41,38,12,32,1,4,58,8.3253587503709,4.593301379514979,1.8125,1.722488017318117,,,,,1.562998386084958,,0.7019704433497537,,,5.408300918089987,-0.845395821938956,,,,,,,,,152.78000564575203,2.436682676024094,165.50000381469727,2.639553457749247,,,,,,,,,,,,,,,,,,,"Jim Miller","7458",461848
"Luis Vasquez","ATL",2,3,,5.546218368867541,28,0,,,,35.70000076293945,,35,24,22,3,35,4,3,27,6.806722543610163,8.82352922319836,0.7714285714285715,0.7563025048455737,,,,,1.9607842718218578,,0.6990881458966566,,,5.820963560273004,-0.8465998936932925,,,,,,,,,76.28000564575197,2.136694790352471,79.50000381469727,2.2268908155662297,,,,,,,,,,,,,,,,,,,"Luis Vasquez","sa393198",471174
"Juan Cedeno","ATL",1,2,,4.847396702005921,48,0,,,,55.70000076293945,,58,32,30,5,34,2,4,32,5.1705564821396495,5.493716262273377,0.9411764705882353,0.8078994503343202,,,,,1.6517055429057212,,0.7058823529411765,,,5.1124863044713855,-0.8499670465983982,,,,,,,,,149.88000564575196,2.6908438706068405,163.50000381469727,2.9353680713678485,,,,,,,,,,,,,,,,,,,"Juan Cedeno","sa202013",434667
"Tyler Cloyd","CLE",6,13,,6.086670922028591,30,27,,,,152.3000030517578,,184,110,103,32,48,2,9,99,5.850295352241074,2.836506837450217,2.0625,1.891004558300145,,,,,1.5233092275195612,,0.6517094017094017,,,5.60202372715436,-0.8652868090057965,,,,,,,,,282.0200225830078,1.8517400980429777,372.50001525878906,2.4458306486848738,,,,,,,,,,,,,,,,,,,"Tyler Cloyd","8536",543031
"Wilfredo Boscan","SDP",2,5,,5.617367939523019,25,10,,,,73.69999694824219,,84,49,46,12,31,1,5,39,4.76255107916082,3.785617524461165,1.2580645161290323,1.4654003320494833,,,,,1.5603799832008385,,0.6720977596741344,,,5.571599392146677,-0.8808807012749847,,,,,,,,,149.3799774169922,2.026865449151895,182.49998474121094,2.4762549836925567,,,,,,,,,,,,,,,,,,,"Wilfredo Boscan","7655",517448
"Nick Christiani","CIN",4,5,,5.285714285714286,55,0,,,,63,,68,40,37,10,28,4,5,36,5.142857142857143,4,1.2857142857142858,1.4285714285714286,,,,,1.5238095238095237,,0.6829268292682927,,,5.539917867902726,-0.8873720380448521,,,,,,,,,139.40000000000003,2.2126984126984133,158,2.507936507936508,,,,,,,,,,,,,,,,,,,"Nick Christiani","10332",543023
"Claudio Vargas","TOR",3,5,,6.507692307692308,17,11,,,,65,,78,50,47,13,34,0,5,36,4.984615384615385,4.707692307692308,1.0588235294117647,1.8,,,,,1.7230769230769232,,0.6609808102345416,,,6.340162068146926,-0.8922128132368734,,,,,,,,,73.30000000000001,1.1276923076923078,111,1.7076923076923076,,,,,,,,,,,,,,,,,,,"Claudio Vargas","1695",282567
"Dave Bush","TOR",3,6,,6.514032789944616,16,11,,,,67.69999694824219,,85,52,49,17,18,0,4,36,4.785820008938901,2.3929100044694507,2,2.2599705597767032,,,,,1.5214180892614408,,0.6439393939393939,,,6.223629999054863,-0.8950504901380136,,,,,,,,,76.87997741699212,1.1355979450895424,123.49998474121094,1.824224376784371,,,,,,,,,,,,,,,,,,,"Dave Bush","4635",433657
"Tim Alderson","BAL",3,5,,5.85,39,4,,,,80,,91,56,52,16,33,1,5,56,6.3,3.7125,1.696969696969697,1.8,,,,,1.55,,0.6692913385826772,,,5.672854375839234,-0.903100701182717,,,,,,,,,156.6,1.9575,190,2.375,,,,,,,,,,,,,,,,,,,"Tim Alderson","sa389899",518396
"Drew Granier","OAK",7,12,,5.464285714285714,27,27,,,,140,,147,91,85,20,90,0,10,103,6.621428571428571,5.785714285714286,1.1444444444444444,1.2857142857142858,,,,,1.6928571428571428,,0.6985645933014354,,,5.576425804410662,-0.9033533941288345,,,,,,,,,313.8,2.2414285714285715,346,2.4714285714285715,,,,,,,,,,,,,,,,,,,"Drew Granier","sa599479",607549
"Kevin Whelan","CIN",2,3,,5.970515858596017,40,0,,,,40.70000076293945,,40,29,27,8,30,0,3,40,8.845208679401507,6.63390650955113,1.3333333333333333,1.7690417358803014,,,,,1.7199016876614042,,0.6972789115646258,,,6.069967341301416,-0.9131175204006869,,,,,,,,,79.78000564575197,1.9601966621680738,80.50000381469727,1.9778870345378186,,,,,,,,,,,,,,,,,,,"Kevin Whelan","3462",460128
"Pedro Báez","LAD",2,4,,5.138662380432109,50,0,,,,61.29999923706055,,65,37,35,9,28,1,4,41,6.0195759313633275,4.110929904345687,1.4642857142857142,1.321370326396828,,,,,1.517128893270432,,0.6965174129353233,,,5.184885397542745,-0.9131773278918742,,,,,,,,,159.9199943542481,2.6088090757685394,175.49999618530273,2.862968978296488,,,,,,,,,,,,,,,,,,,"Pedro Baez","5420",520980
"Carlos Pimentel","CHC",5,8,,5.53125,30,15,,,,96,,100,63,59,14,62,0,8,75,7.03125,5.8125,1.2096774193548387,1.3125,,,,,1.6875,,0.6952247191011236,,,5.568687709172567,-0.9136486493220503,,,,,,,,,218.20000000000005,2.272916666666667,238,2.4791666666666665,,,,,,,,,,,,,,,,,,,"Carlos Pimentel","sa393262",522228
"Warner Madrigal","ARI",1,2,,5.3403142072310015,45,0,,,,57.29999923706055,,59,36,34,9,32,0,4,47,7.382199051172267,5.026178077393884,1.46875,1.41361258426703,,,,,1.5881326563987619,,0.7015306122448979,,,5.334067320764924,-0.9156728966718116,,,,,,,,,145.91999435424808,2.5465967940165313,155.49999618530273,2.7137870550743095,,,,,,,,,,,,,,,,,,,"Warner Madrigal","6419",444127
"Ethan Martin","PHI",6,12,,5.726569067273415,30,21,,,,116.30000305175781,,122,79,74,16,87,1,8,95,7.351676505283438,6.732587957470096,1.0919540229885059,1.2381770956266842,,,,,1.7970764790692848,,0.6966773847802787,,,5.653185347887048,-0.9191771319905389,,,,,,,,,251.62002258300805,2.1635426997454834,278.50001525878906,2.3946690279521854,,,,,,,,,,,,,,,,,,,"Ethan Martin","3877",543495
"Ryan Chaffee","LAA",2,4,,5.435168812552481,53,0,,,,56.29999923706055,,55,36,34,7,43,3,4,51,8.152753218828723,6.873889968816374,1.186046511627907,1.119005343760805,,,,,1.7406749791834746,,0.7029478458049886,,,5.356913021694863,-0.9207565757117799,,,,,,,,,148.51999435424807,2.638010592662352,151.49999618530273,2.6909413541443703,,,,,,,,,,,,,,,,,,,"Ryan Chaffee","sa454506",518543
"Adam Russell","ARI",2,3,,5.325443706844357,43,0,,,,50.70000076293945,,53,32,30,5,39,2,4,34,6.035502867756938,6.9230768188976635,0.8717948717948718,0.8875739511407261,,,,,1.8145956334432622,,0.7058823529411765,,,5.533061439033267,-0.929641981638409,,,,,,,,,114.88000564575196,2.265877789290422,127.50000381469727,2.514792936805967,,,,,,,,,,,,,,,,,,,"Adam Russell","7334",452240
"Atahualpa Severino","ATL",1,2,,5.203426039188458,42,0,,,,46.70000076293945,,47,29,27,7,31,2,3,39,7.516059834383328,5.974303970920081,1.2580645161290323,1.349036380530341,,,,,1.6702355187518507,,0.7184750733137829,,,5.510381102204142,-0.9375080378119717,,,,,,,,,113.28000564575193,2.4256960127428853,118.50000381469727,2.537473273635092,,,,,,,,,,,,,,,,,,,"Atahualpa Severino","5332",463037
"Manny Delcarmen","WSN",2,4,,5.478260869565218,39,0,,,,46,,49,30,28,6,30,1,3,29,5.673913043478261,5.869565217391305,0.9666666666666667,1.173913043478261,,,,,1.7173913043478262,,0.6940509915014165,,,5.6348108975783635,-0.9389289628994653,,,,,,,,,98.20000000000002,2.1347826086956525,111,2.4130434782608696,,,,,,,,,,,,,,,,,,,"Manny Delcarmen","3180",434668
"Greg Smith","PHI",5,10,,5.871388463019053,23,18,,,,107.30000305175781,,131,75,70,18,41,1,8,46,3.858340989983949,3.4389560997683026,1.1219512195121952,1.5097856047763278,,,,,1.6029822470464716,,0.6607629427792915,,,5.741237337446386,-0.9486254764933854,,,,,,,,,177.02002258300786,1.6497671719321343,247.50001525878906,2.3066170383928473,,,,,,,,,,,,,,,,,,,"Greg Smith","3455",460105
"Garrett Mock","ARI",3,6,,5.68881678540968,34,7,,,,61.70000076293945,,68,42,39,10,37,1,4,42,6.12641807659504,5.3970825912861065,1.135135135135135,1.4586709706178667,,,,,1.7017827990541776,,0.6923076923076923,,,5.786914309555005,-0.9493807803555241,,,,,,,,,117.78000564575194,1.9089141683851865,139.50000381469727,2.2609400662842285,,,,,,,,,,,,,,,,,,,"Garrett Mock","7335",452241
"Maikel Cleto","KCR",3,4,,5.397653409026479,49,5,,,,76.69999694824219,,79,49,46,9,58,1,6,65,7.627118947537416,6.805736907033387,1.1206896551724137,1.0560626235051807,,,,,1.7861799928420958,,0.7073954983922829,,,5.3816223956840155,-0.9526347458746455,,,,,,,,,189.47997741699217,2.47040397595915,204.49998474121094,2.666231980155218,,,,,,,,,,,,,,,,,,,"Maikel Cleto","5529",521055
"Cory Rasmus","LAA",3,5,,5.016393442622951,62,0,,,,61,,60,36,34,8,41,2,4,54,7.967213114754099,6.049180327868853,1.3170731707317074,1.180327868852459,,,,,1.6557377049180328,,0.7238307349665924,,,5.195395359445791,-0.9541192937774077,,,,,,,,,170.0000000000001,2.786885245901641,174,2.8524590163934427,,,,,,,,,,,,,,,,,,,"Cory Rasmus","2413",474284
"Fernando Cabrera","LAA",2,4,,5.370967741935484,52,1,,,,62,,66,40,37,10,31,2,4,46,6.67741935483871,4.5,1.4838709677419355,1.4516129032258065,,,,,1.564516129032258,,0.6867469879518072,,,5.3543059887424596,-0.954582669830517,,,,,,,,,151.19999999999996,2.438709677419354,167,2.693548387096774,,,,,,,,,,,,,,,,,,,"Fernando Cabrera","2105",425507
"Charlie Leesman","CHW",4,9,,6.2907733532347,24,21,,,,107.30000305175781,,122,80,75,19,71,0,8,85,7.129543133665993,5.955265441062182,1.1971830985915493,1.5936625828194573,,,,,1.7986951958137734,,0.6790865384615384,,,5.974228943121746,-0.9666466607754194,,,,,,,,,176.12002258300782,1.641379474127821,222.50001525878906,2.073625432717488,,,,,,,,,,,,,,,,,,,"Charlie Leesman","9124",489056
"Zach Jackson","WSN",4,7,,5.481727389491645,29,12,,,,90.30000305175781,,105,59,55,12,40,0,6,35,3.4883719751310474,3.986710828721197,0.875,1.196013248616359,,,,,1.6057585282349265,,0.670826833073323,,,5.528474447043534,-0.9671141632079752,,,,,,,,,179.62002258300777,1.9891474696856195,227.50001525878906,2.5193799287956997,,,,,,,,,,,,,,,,,,,"Zach Jackson","8356",435638
"Doug Mathis","TEX",4,7,,6.230769230769231,20,18,,,,91,,108,67,63,16,53,2,6,48,4.747252747252747,5.241758241758242,0.9056603773584906,1.5824175824175823,,,,,1.7692307692307692,,0.6782106782106783,,,6.22367855166341,-0.9682750853264217,,,,,,,,,114.79999999999995,1.261538461538461,166,1.8241758241758241,,,,,,,,,,,,,,,,,,,"Doug Mathis","3944",450545
"Simon Castro","CHW",4,8,,6.589769509632704,26,17,,,,99.69999694824219,,120,78,73,22,47,0,7,64,5.777332172828672,4.242728314421056,1.3617021276595744,1.985957934409856,,,,,1.6750251264972018,,0.6534508076358297,,,6.257483360744051,-0.9705177474174376,,,,,,,,,121.17997741699219,1.2154461497115292,178.49998474121094,1.7903710150951822,,,,,,,,,,,,,,,,,,,"Simon Castro","9243",501563
"Ricky Romero","TOR",7,11,,5.644171896555186,27,26,,,,146.6999969482422,,159,98,92,23,87,1,10,102,6.257668841832923,5.3374234239163165,1.1724137931034482,1.4110429741387964,,,,,1.676891650425816,,0.6922357343311506,,,5.679074607808197,-0.9744972556083487,,,,,,,,,302.27997741699215,2.060531586266091,347.49998474121094,2.368779768031037,,,,,,,,,,,,,,,,,,,"Ricky Romero","3403",460069
"Bobby Korecky","TOR",2,3,,6.054545454545455,33,1,,,,55,,66,40,37,11,21,0,4,30,4.909090909090909,3.4363636363636365,1.4285714285714286,1.8,,,,,1.5818181818181818,,0.6564245810055866,,,5.920581648566506,-0.9819150453705296,,,,,,,,,85.1,1.5472727272727271,117,2.1272727272727274,,,,,,,,,,,,,,,,,,,"Bobby Korecky","4608",445090
"Mike Montgomery","TBR",5,10,,5.629754715294608,23,22,,,,118.30000305175781,,131,79,74,18,63,0,8,65,4.945054817488507,4.792899284642706,1.0317460317460319,1.3693997956122017,,,,,1.639898520671402,,0.6812796208530805,,,5.727482370956937,-0.9937383163466121,,,,,,,,,230.42002258300784,1.947760073025493,274.50001525878906,2.3203720048822962,,,,,,,,,,,,,,,,,,,"Mike Montgomery","4869",543557
"Ryan Feierabend","TEX",4,7,,6.474819940805937,21,16,,,,97.30000305175781,,120,75,70,21,37,1,7,51,4.717368814015754,3.4224048258545667,1.3783783783783783,1.942445982241781,,,,,1.6135662392167176,,0.6426332288401254,,,6.161934442607803,-1.009479636986431,,,,,,,,,119.72002258300785,1.2304215706892005,183.50001525878906,1.8859199332314303,,,,,,,,,,,,,,,,,,,"Ryan Feierabend","6336",456387
"Brandon Hynick","LAA",5,10,,5.785714285714286,23,20,,,,112,,131,77,72,21,37,0,8,57,4.580357142857143,2.9732142857142856,1.5405405405405406,1.6875,,,,,1.5,,0.6565656565656566,,,5.672854375839234,-1.0119500132061066,,,,,,,,,208.89999999999998,1.8651785714285711,266,2.375,,,,,,,,,,,,,,,,,,,"Brandon Hynick","sa326872",502001
"Pedro Villarreal","CIN",5,10,,5.990139837965949,29,22,,,,121.69999694824219,,142,87,81,27,40,0,8,72,5.324568744858622,2.958093747143679,1.8,1.996713279321983,,,,,1.4954807277226376,,0.6588072122052705,,,5.93199577930432,-1.0164628960955335,,,,,,,,,199.27997741699227,1.6374690420226066,257.49998474121094,2.1158585965349133,,,,,,,,,,,,,,,,,,,"Pedro Villarreal","9904",543881
"Taylor Jungmann","MIL",7,11,,5.806451612903226,25,25,,,,124,,141,86,80,18,71,1,10,63,4.57258064516129,5.153225806451613,0.8873239436619719,1.3064516129032258,,,,,1.7096774193548387,,0.6745182012847966,,,5.8784995371295565,-1.0370416937310956,,,,,,,,,212.5999999999999,1.7145161290322573,269,2.1693548387096775,,,,,,,,,,,,,,,,,,,"Taylor Jungmann","13119",543380
"José Ramirez","NYY",3,7,,6.75,19,17,,,,76,,87,61,57,18,47,0,5,62,7.342105263157895,5.565789473684211,1.3191489361702127,2.1315789473684212,,,,,1.763157894736842,,0.6709558823529412,,,6.547854375839234,-1.039655668844024,,,,,,,,,82.79999999999998,1.0894736842105261,114,1.5,,,,,,,,,,,,,,,,,,,"Jose Ramirez","10171",542432
"Rhiner Cruz","HOU",1,3,,6.079077353575487,54,0,,,,60.70000076293945,,67,44,41,10,42,2,4,47,6.968698429708485,6.227347532930986,1.119047619047619,1.4827017935549969,,,,,1.7957166166388294,,0.6842105263157895,,,5.914411176712227,-1.0410132139887605,,,,,,,,,107.98000564575196,1.778912755989279,129.50000381469727,2.133443199127006,,,,,,,,,,,,,,,,,,,"Rhiner Cruz","711",462480
"Brooks Hall","MIL",3,6,,6.220735997593977,23,19,,,,89.69999694824219,,105,66,62,15,53,0,7,49,4.916388127130723,5.317725933427109,0.9245283018867925,1.505016773611446,,,,,1.7614270387452478,,0.6715328467153284,,,6.1359258298419785,-1.0531452445399125,,,,,,,,,124.27997741699221,1.3855070417527775,171.49998474121094,1.9119285459972555,,,,,,,,,,,,,,,,,,,"Brooks Hall","sa501327",571736
"Robbie Weinhardt","DET",2,2,,6,38,0,,,,63,,75,45,42,10,31,0,4,36,5.142857142857143,4.428571428571429,1.1612903225806452,1.4285714285714286,,,,,1.6825396825396826,,0.6630434782608695,,,5.6351559631408215,-1.05399367278479,,,,,,,,,115.20000000000005,1.8285714285714294,152,2.4126984126984126,,,,,,,,,,,,,,,,,,,"Robbie Weinhardt","8479",519405
"Andrew Russell","ATL",4,5,,5.160202427266813,49,0,,,,59.29999923706055,,62,36,34,6,39,2,4,36,5.463743746517802,5.919055725394285,0.9230769230769231,0.910623957752967,,,,,1.7032040691305494,,0.7019438444924406,,,5.324414270221651,-1.0558111820884717,,,,,,,,,146.81999435424805,2.475885265483956,161.49999618530273,2.7234401056175823,,,,,,,,,,,,,,,,,,,"Andrew Russell","sa590306",599696
"Jorge Rondon","STL",3,5,,5.373134396341231,52,0,,,,60.29999923706055,,65,39,36,6,41,2,4,36,5.373134396341231,6.119403062499735,0.8780487804878049,0.8955223993902052,,,,,1.757877302506699,,0.6864754098360656,,,5.38616286313588,-1.05938320819004,,,,,,,,,140.419994354248,2.328689819749541,160.49999618530273,2.6616915127033534,,,,,,,,,,,,,,,,,,,"Jorge Rondon","5791",504083
"Ryan Buchter","ATL",3,4,,4.972375760471853,50,0,,,,54.29999923706055,,47,32,30,6,54,3,4,60,9.944751520943706,8.950276368849336,1.1111111111111112,0.9944751520943707,,,,,1.8600368585468785,,0.7451403887688985,,,5.478793636514363,-1.0699626407435954,,,,,,,,,151.81999435424814,2.7959483699334706,139.49999618530273,2.5690607393248714,,,,,,,,,,,,,,,,,,,"Ryan Buchter","9456",488748
"Ryan Dennick","CIN",5,9,,5.783540221532853,31,11,,,,88.69999694824219,,99,61,57,16,41,0,6,49,4.971815278159821,4.160090334786789,1.1951219512195121,1.623449886746064,,,,,1.5783540565586733,,0.6717687074829932,,,5.877617720097998,-1.0849478965041042,,,,,,,,,159.1799774169922,1.7945883077073401,192.49998474121094,2.1702366557412356,,,,,,,,,,,,,,,,,,,"Ryan Dennick","9261",572810
"A.J. Schugel","ARI",4,7,,6.042726160316004,23,20,,,,98.30000305175781,,113,71,66,16,55,0,7,59,5.40183096149461,5.03560513359667,1.0727272727272728,1.4649033115917587,,,,,1.7090538635237185,,0.6662087912087913,,,5.855585723056771,-1.0881046454337813,,,,,,,,,168.8200225830078,1.7173959037836364,215.50001525878906,2.1922686527824626,,,,,,,,,,,,,,,,,,,"A.J. Schugel","11432",519263
"Leyson Septimo","CHW",1,3,,6.347606930910837,37,0,,,,39.70000076293945,,39,30,28,6,45,0,3,36,8.161208911171077,10.201511138963845,0.8,1.3602014851951794,,,,,2.115868976970279,,0.7142857142857143,,,6.826191834714733,-1.1190900161219337,,,,,,,,,46.580005645751925,1.173299867773178,48.500003814697266,1.2216625411245017,,,,,,,,,,,,,,,,,,,"Leyson Septimo","341",465015
"Pat Misch","DET",4,9,,6.877076179544065,18,16,,,,90.30000305175781,,120,74,69,21,30,1,6,44,4.385381911593317,2.9900331215408977,1.4666666666666666,2.0930231850786285,,,,,1.6611295119671654,,0.6301824212271974,,,6.29259402254843,-1.1409670185448653,,,,,,,,,77.92002258300778,0.8629016605718814,158.50001525878906,1.7552603532908035,,,,,,,,,,,,,,,,,,,"Pat Misch","5909",435619
"Mark Hendrickson","BAL",2,4,,6.666666765814095,31,0,,,,51.29999923706055,,64,41,38,11,21,1,3,23,4.035087779308531,3.6842105811077897,1.0952380952380953,1.9298245901040803,,,,,1.6569201026146143,,0.632183908045977,,,6.342201403390643,-1.1416889122772906,,,,,,,,,51.919994354248075,1.0120856749787166,87.49999618530273,1.7056529724485903,,,,,,,,,,,,,,,,,,,"Mark Hendrickson","1574",424805
"Aaron Laffey","BAL",4,8,,6.097561143706232,32,19,,,,110.69999694824219,,132,80,75,20,51,1,8,51,4.1463415777202375,4.1463415777202375,1,1.6260163049883285,,,,,1.653116576738134,,0.6645161290322581,,,6.074051387900845,-1.1422765062880291,,,,,,,,,154.9799774169922,1.399999834593068,218.49998474121094,1.9738029879383887,,,,,,,,,,,,,,,,,,,"Aaron Laffey","6248",444836
"Steve Edlefsen","SFG",2,3,,5.195530652441801,48,0,,,,53.70000076293945,,56,33,31,5,40,0,3,34,5.698323941387781,6.703910519279742,0.85,0.8379888149099678,,,,,1.7877094718079314,,0.7078651685393258,,,5.394223057587143,-1.1452652844558902,,,,,,,,,129.28000564575197,2.4074488605030586,142.50000381469727,2.6536313182520903,,,,,,,,,,,,,,,,,,,"Steve Edlefsen","2185",453580
"Zach Clark","BAL",6,12,,6.246786795747047,24,22,,,,116.69999694824219,,141,87,81,17,71,0,8,50,3.856041231942622,5.475578549358523,0.704225352112676,1.3110540188604913,,,,,1.8166238692707461,,0.6641870350690755,,,6.115549400362475,-1.1481476736522522,,,,,,,,,150.87997741699223,1.2928875866544305,225.49998474121094,1.9323049754767587,,,,,,,,,,,,,,,,,,,"Zach Clark","9189",503483
"Edgar Olmos","MIA",3,5,,5.166666666666667,44,0,,,,54,,58,33,31,5,39,1,4,31,5.166666666666667,6.5,0.7948717948717948,0.8333333333333334,,,,,1.7962962962962963,,0.7111111111111111,,,5.492298820283678,-1.1533394186125896,,,,,,,,,120.30000000000001,2.227777777777778,138,2.5555555555555554,,,,,,,,,,,,,,,,,,,"Edgar Olmos","10174",543607
"Casey Crosby","DET",4,8,,6.567845154429564,19,19,,,,87.69999694824219,,100,68,64,13,75,1,6,61,6.259977412815678,7.6966935403471455,0.8133333333333334,1.3340935469935051,,,,,1.9954390660159265,,0.6823979591836734,,,6.35458197095134,-1.1563645348545077,,,,,,,,,108.07997741699228,1.2323829096684886,148.49998474121094,1.693272404887893,,,,,,,,,,,,,,,,,,,"Casey Crosby","5261",518582
"Chad Jenkins","TOR",5,8,,6,30,19,,,,117,,141,83,78,23,42,1,7,58,4.461538461538462,3.230769230769231,1.380952380952381,1.7692307692307692,,,,,1.564102564102564,,0.663129973474801,,,5.868367196352054,-1.1674962389199004,,,,,,,,,185.30000000000007,1.5837606837606844,255,2.1794871794871793,,,,,,,,,,,,,,,,,,,"Chad Jenkins","10326",554432
"Curtis Partch","CIN",2,2,,5.22388066310953,48,0,,,,60.29999923706055,,58,37,35,11,34,3,7,48,7.164179195121641,5.074626929877829,1.411764705882353,1.6417910655487093,,,,,1.5257048285907198,,0.7180156657963447,,,5.867091559104694,-1.1679046519539589,,,,,,,,,133.11999435424798,2.2076284583504946,131.49999618530273,2.180762816734539,,,,,,,,,,,,,,,,,,,"Curtis Partch","1333",489197
"Matt Buschmann","OAK",6,10,,5.77197135697024,26,23,,,,126.30000305175781,,140,87,81,19,77,1,10,79,5.629453545687024,5.486935734403809,1.025974025974026,1.3539192071905501,,,,,1.7181313915809906,,0.6827731092436975,,,5.819034039679541,-1.1743643109965516,,,,,,,,,233.92002258300795,1.852098312991706,281.50001525878906,2.2288203361596928,,,,,,,,,,,,,,,,,,,"Matt Buschmann","3832",501936
"Dellin Betances","NYY",4,8,,6.235780962048534,34,16,,,,96.69999694824219,,102,72,67,15,84,0,7,87,8.097208114898843,7.817994041971296,1.0357142857142858,1.3960703646377315,,,,,1.9234747246119857,,0.6909090909090909,,,6.088185392161405,-1.178227969855623,,,,,,,,,166.8799774169923,1.7257495623946433,189.49998474121094,1.959668983677829,,,,,,,,,,,,,,,,,,,"Dellin Betances","6216",476454
"Loek Van Mil","CIN",3,5,,5.672913043814495,43,0,,,,58.70000076293945,,64,40,37,9,33,3,4,31,4.752981198871604,5.0596251471859,0.9393939393939394,1.3798977674143365,,,,,1.6524701659159338,,0.6753554502369667,,,5.875793010293306,-1.1798213163930513,,,,,,,,,108.28000564575197,1.8446338030393197,127.50000381469727,2.1720613655459275,,,,,,,,,,,,,,,,,,,"Loek Van Mil","sa328812",503441
"Armando Rodriguez","TEX",2,4,,6.2068968357113325,38,5,,,,66.69999694824219,,74,49,46,16,35,1,4,54,7.2863571549654775,4.722638896736884,1.542857142857143,2.1589206385082895,,,,,1.6341829833153025,,0.6928406466512702,,,6.301227838035754,-1.2069063806175124,,,,,,,,,95.37997741699226,1.4299847343472165,116.49998474121094,1.74662653780348,,,,,,,,,,,,,,,,,,,"Armando Rodriguez","sa503637",518169
"Armando Galarraga","TEX",4,7,,6.777777777777778,17,17,,,,81,,97,65,61,18,46,1,5,45,5,5.111111111111111,0.9782608695652174,2,,,,,1.7654320987654322,,0.6621392190152802,,,6.7145210425059005,-1.2166601399562986,,,,,,,,,62.79999999999998,0.7753086419753085,108,1.3333333333333333,,,,,,,,,,,,,,,,,,,"Armando Galarraga","4222",451482
"Brooks Brown","COL",4,7,,6.8023255813953485,29,13,,,,86,,110,70,65,17,46,0,6,44,4.604651162790698,4.813953488372093,0.9565217391304348,1.7790697674418605,,,,,1.813953488372093,,0.6505295007564297,,,6.408319492118304,-1.2167012718866366,,,,,,,,,73.29999999999995,0.8523255813953483,141,1.6395348837209303,,,,,,,,,,,,,,,,,,,"Brooks Brown","5679",453156
"Ramon Ortiz","TOR",2,6,,7.304347826086956,14,12,,,,69,,90,60,56,18,30,1,5,30,3.9130434782608696,3.9130434782608696,1,2.347826086956522,,,,,1.7391304347826086,,0.6329113924050633,,,7.091332636708799,-1.2247165274753138,,,,,,,,,10.200000000000017,0.147826086956522,66,0.9565217391304348,,,,,,,,,,,,,,,,,,,"Ramon Ortiz","27",150009
"Pedro Beato","CIN",3,5,,5.672913043814495,49,0,,,,58.70000076293945,,63,40,37,11,31,2,4,39,5.979556992128791,4.752981198871604,1.2580645161290323,1.6865417157286335,,,,,1.6013628411968843,,0.6870229007633588,,,5.943936109918705,-1.2287152099376564,,,,,,,,,108.28000564575188,1.8446338030393181,123.50000381469727,2.1039182659205284,,,,,,,,,,,,,,,,,,,"Pedro Beato","1330",474039
"Angel Sánchez","MIA",5,11,,5.713107852967671,25,23,,,,121.30000305175781,,135,82,77,20,64,0,8,83,6.158285088263853,4.74855717649261,1.296875,1.4839241176539404,,,,,1.6405605522951898,,0.6842105263157895,,,5.603501467354354,-1.2381344831563899,,,,,,,,,250.620022583008,2.066117199321671,296.50001525878906,2.44435290848488,,,,,,,,,,,,,,,,,,,"Angel Sanchez","11776",605795
"Omar Poveda","CHW",5,9,,6.157894736842105,25,24,,,,133,,153,97,91,25,78,3,9,86,5.819548872180451,5.2781954887218046,1.1025641025641026,1.6917293233082706,,,,,1.736842105263158,,0.6836734693877551,,,6.160636330726452,-1.2452520859877632,,,,,,,,,189.90000000000003,1.4278195488721808,251,1.887218045112782,,,,,,,,,,,,,,,,,,,"Omar Poveda","sa294843",452326
"Jason Adam","KCR",6,12,,6.237623617397436,25,25,,,,131.3000030517578,,156,97,91,23,69,1,9,77,5.2779892147209075,4.729626698905748,1.1159420289855073,1.5765422329685828,,,,,1.7136328619223726,,0.6639004149377593,,,5.934373729921807,-1.2803874530081694,,,,,,,,,203.12002258300788,1.5469917582784745,277.50001525878906,2.113480645917426,,,,,,,,,,,,,,,,,,,"Jason Adam","11861",592094
"Shairon Martis","MIN",3,8,,6.3708871441435235,35,13,,,,100.30000305175781,,118,76,71,20,51,1,6,68,6.101694729602247,4.576271047201685,1.3333333333333333,1.7946160969418374,,,,,1.6849451132398363,,0.6595744680851063,,,5.989030756938356,-1.2832268241514542,,,,,,,,,154.4200225830079,1.5395814345421557,206.50001525878906,2.0588236189008775,,,,,,,,,,,,,,,,,,,"Shairon Martis","6781",463017
"Chance Ruffin","SEA",3,7,,5.783540221532853,47,8,,,,88.69999694824219,,100,61,57,16,43,1,7,62,6.290868311140998,4.363021570630047,1.441860465116279,1.623449886746064,,,,,1.6121759291992164,,0.6799336650082919,,,5.685960441801587,-1.3065956065198536,,,,,,,,,173.57997741699222,1.956933296381947,209.49998474121094,2.361893934037646,,,,,,,,,,,,,,,,,,,"Chance Ruffin","11745",592704
"Ryan Verdugo","KCR",4,8,,6.387096774193548,23,19,,,,93,,106,71,66,17,61,1,6,61,5.903225806451613,5.903225806451613,1,1.6451612903225807,,,,,1.7956989247311828,,0.670391061452514,,,6.273660827452137,-1.3104672508452195,,,,,,,,,124.5,1.3387096774193548,165,1.7741935483870968,,,,,,,,,,,,,,,,,,,"Ryan Verdugo","9154",489400
"Ariel Peña","MIL",5,10,,6.058394010634621,26,26,,,,123.30000305175781,,134,89,83,23,82,0,10,99,7.22627719340756,5.985401311711312,1.2073170731707317,1.6788320752360997,,,,,1.7518247741594084,,0.6909684439608269,,,6.1054374307378305,-1.3176539863369656,,,,,,,,,203.1200225830076,1.6473642948552372,239.50001525878906,1.9424169451014028,,,,,,,,,,,,,,,,,,,"Ariel Pena","10240",516414
"Dan Cortes","SDP",1,3,,5.9361702127659575,38,0,,,,47,,49,33,31,8,35,0,3,34,6.51063829787234,6.702127659574468,0.9714285714285714,1.5319148936170213,,,,,1.7872340425531914,,0.7005494505494506,,,6.239343737541361,-1.3237305097234344,,,,,,,,,76,1.6170212765957446,85,1.8085106382978724,,,,,,,,,,,,,,,,,,,"Dan Cortes","4027",451135
"Tom Cochran","PHI",4,9,,6.358695652173913,23,18,,,,92,,105,70,65,14,67,0,7,53,5.184782608695652,6.554347826086956,0.7910447761194029,1.3695652173913044,,,,,1.8695652173913044,,0.6692913385826771,,,6.286984810621842,-1.349384712827836,,,,,,,,,119.60000000000002,1.3000000000000003,162,1.7608695652173914,,,,,,,,,,,,,,,,,,,"Tom Cochran","sa499795",458911
"Pedro Figueroa","TEX",2,3,,6.254237288135593,51,0,,,,59,,66,44,41,11,37,1,4,39,5.9491525423728815,5.6440677966101696,1.054054054054054,1.6779661016949152,,,,,1.7457627118644068,,0.6735159817351598,,,6.234295053805335,-1.3598311415982696,,,,,,,,,84.70000000000002,1.4355932203389834,107,1.8135593220338984,,,,,,,,,,,,,,,,,,,"Pedro Figueroa","6616",471896
"Keyvius Sampson","SDP",6,13,,5.5041322314049586,27,26,,,,121,,124,79,74,18,83,2,10,92,6.8429752066115705,6.1735537190082646,1.108433734939759,1.3388429752066116,,,,,1.7107438016528926,,0.704070407040704,,,5.766862640302044,-1.3606787053432214,,,,,,,,,256.6000000000001,2.120661157024794,276,2.28099173553719,,,,,,,,,,,,,,,,,,,"Keyvius Sampson","10039",572102
"Barry Enright","PHI",5,12,,6.266258753811049,27,25,,,,130.6999969482422,,158,97,91,27,55,1,8,76,5.23335895922681,3.787299246808876,1.3818181818181818,1.85921963025163,,,,,1.6296863425662436,,0.6621004566210046,,,6.0164848965702316,-1.4014930503349696,,,,,,,,,187.27997741699215,1.4328996311389044,265.49998474121094,2.0313694792690025,,,,,,,,,,,,,,,,,,,"Barry Enright","2412",446264
"Josh Stinson","BAL",6,10,,6.102883720775346,38,21,,,,128.3000030517578,,148,93,87,20,79,0,9,67,4.699921945884462,5.541699010818992,0.8481012658227848,1.4029617748908843,,,,,1.7692906827790595,,0.6733668341708543,,,6.087604888102816,-1.4530705913320674,,,,,,,,,188.6200225830077,1.4701482314611953,251.50001525878906,1.9602494877364176,,,,,,,,,,,,,,,,,,,"Josh Stinson","3219",502139
"Johnny Hellweg","MIL",6,12,,6.015037747338667,29,24,,,,119.69999694824219,,130,86,80,14,106,1,11,82,6.165413691022134,7.969925015223733,0.7735849056603774,1.0526316057842666,,,,,1.9715957060721185,,0.6931608133086876,,,6.1305612213503,-1.4679528481778221,,,,,,,,,188.57997741699205,1.575438447993723,229.49998474121094,1.9172931544889331,,,,,,,,,,,,,,,,,,,"Johnny Hellweg","10065",518782
"Andy Oliver","PIT",4,9,,5.508620689655173,27,22,,,,116,,114,76,71,11,112,1,8,88,6.827586206896552,8.689655172413794,0.7857142857142857,0.853448275862069,,,,,1.9482758620689655,,0.7122507122507122,,,5.8668198930806135,-1.5209336589448095,,,,,,,,,242.7000000000001,2.092241379310346,253,2.1810344827586206,,,,,,,,,,,,,,,,,,,"Andy Oliver","10257",501989
"James Gillheeney","SEA",4,11,,6.475343732911728,25,25,,,,123.69999694824219,,146,95,89,25,65,0,8,78,5.675020350192302,4.7291836251602515,1.2,1.818916778907789,,,,,1.70573973488686,,0.6590909090909091,,,6.1844753101335534,-1.5742165202211045,,,,,,,,,165.2799774169922,1.336135662850078,230.49998474121094,1.8633790657056795,,,,,,,,,,,,,,,,,,,"James Gillheeney","sa501532",571706
"Steve Garrison","BAL",2,6,,7.425319734562198,33,11,,,,70.30000305175781,,93,62,58,20,26,1,5,35,4.4807963915461535,3.328591605148571,1.3461538461538463,2.5604550808835165,,,,,1.6927453034729913,,0.6263736263736264,,,7.073458753006095,-1.5818643719704353,,,,,,,,,9.420022583007778,0.13399747047055408,68.50001525878906,0.9743956228331381,,,,,,,,,,,,,,,,,,,"Steve Garrison","9869",477237
"Rob Rasmussen","TOR",5,11,,6.4550699117946415,26,24,,,,121.30000305175781,,140,93,87,24,76,1,9,80,5.9356964706157616,5.638911647084974,1.0526315789473684,1.7807089411847286,,,,,1.7807089411847286,,0.6743421052631579,,,6.4031716863123105,-1.5921204964493174,,,,,,,,,143.42002258300795,1.1823579470299905,199.50001525878906,1.6446826895269235,,,,,,,,,,,,,,,,,,,"Rob Rasmussen","11250",519169
"Ross Seaton","HOU",4,11,,7.015748031496063,25,24,,,,127,,165,106,99,29,49,4,9,64,4.535433070866142,3.47244094488189,1.3061224489795917,2.0551181102362204,,,,,1.68503937007874,,0.6228373702422145,,,6.378563037256557,-1.6105642151857729,,,,,,,,,108.10000000000014,0.8511811023622058,212,1.669291338582677,,,,,,,,,,,,,,,,,,,"Ross Seaton","sa454510",543758
"Sean Gallagher","COL",5,10,,7.152318087295578,22,21,,,,105.69999694824219,,133,90,84,21,72,1,8,57,4.853358702093428,6.130558360539067,0.7916666666666666,1.7880795218238945,,,,,1.9394513331952294,,0.6548974943052392,,,6.822688921911899,-1.6182458361843735,,,,,,,,,52.079977416992165,0.4927150323617702,129.49998474121094,1.2251654539273338,,,,,,,,,,,,,,,,,,,"Sean Gallagher","8261",451595
"Shawn Hill","DET",4,10,,7.1468142030438955,20,19,,,,108.30000305175781,,146,92,86,23,47,1,8,41,3.407202120055811,3.9058170644542223,0.8723404255319149,1.9113572868605768,,,,,1.7820867457202478,,0.6281094527363184,,,6.575093426953922,-1.6220055675193132,,,,,,,,,55.92002258300778,0.5163436842774876,159.50001525878906,1.4727609488853124,,,,,,,,,,,,,,,,,,,"Shawn Hill","1882",429718
"Chad Reineke","CIN",5,10,,6.217354835500094,24,21,,,,118.69999694824219,,142,88,82,27,46,1,8,61,4.625105426408607,3.487784419914687,1.326086956521739,2.0471778116890555,,,,,1.5838248090433844,,0.6657789613848203,,,6.341872994647549,-1.622241192396761,,,,,,,,,137.07997741699222,1.1548439843411658,202.49998474121094,1.7059813811916844,,,,,,,,,,,,,,,,,,,"Chad Reineke","7641",448656
"Scott Richmond","TEX",4,9,,7.128712871287129,22,19,,,,101,,128,86,80,25,47,0,7,52,4.633663366336633,4.188118811881188,1.1063829787234043,2.227722772277228,,,,,1.7326732673267327,,0.6357142857142857,,,6.8399335837600255,-1.6768331504111518,,,,,,,,,49.10000000000008,0.4861386138613869,122,1.2079207920792079,,,,,,,,,,,,,,,,,,,"Scott Richmond","4307",446341
"Ismael Guillón","CIN",4,8,,6.29904539530052,23,22,,,,94.30000305175781,,94,71,66,19,85,0,7,85,8.112406948493094,8.112406948493094,1,1.8133615531925737,,,,,1.8981971814121095,,0.7086614173228346,,,6.791226471026243,-1.7268871572726014,,,,,,,,,113.72002258300776,1.2059386946211552,118.50001525878906,1.256627904812991,,,,,,,,,,,,,,,,,,,"Ismael Guillon","sa550236",570145
"Noel Arguelles","KCR",3,10,,7.3770488964316945,26,17,,,,79.30000305175781,,96,70,65,13,71,1,6,46,5.220680757474738,8.058007256102313,0.647887323943662,1.475409779286339,,,,,2.1059267789813556,,0.6518817204301075,,,6.931839093960536,-1.7438715401995017,,,,,,,,,38.32002258300781,0.48322851334566735,88.50001525878906,1.1160152818786975,,,,,,,,,,,,,,,,,,,"Noel Arguelles","sa536642",580016
"Charlie Haeger","BOS",4,8,,6.556291580020947,20,20,,,,105.69999694824219,,122,82,77,19,79,0,7,65,5.534531853264435,6.726584867813698,0.8227848101265823,1.6177862340311426,,,,,1.9016083803523958,,0.6823394495412843,,,6.5956312048548975,-1.776186437867478,,,,,,,,,103.27997741699215,0.9771048287500421,153.49998474121094,1.4522231709843363,,,,,,,,,,,,,,,,,,,"Charlie Haeger","3545",446624
"Steven Wright","BOS",5,9,,6.359102083071991,25,22,,,,120.30000305175781,,139,91,85,19,86,0,9,69,5.162094632140793,6.433915048755191,0.8023255813953488,1.421446347980798,,,,,1.8703241420799974,,0.6754032258064516,,,6.322999762414874,-1.826370831202902,,,,,,,,,148.12002258300782,1.2312553518330398,207.50001525878906,1.72485461342436,,,,,,,,,,,,,,,,,,,"Steven Wright","8185",453214
"Chris Dwyer","KCR",6,13,,6.383476075753523,27,25,,,,128.3000030517578,,148,97,91,21,90,0,9,74,5.1909585670962715,6.313327987008979,0.8222222222222222,1.4731098636354285,,,,,1.855027235689058,,0.675934803451582,,,6.3370203147500845,-1.9360947340233927,,,,,,,,,157.32002258300776,1.2261887672718363,219.50001525878906,1.7108340610891493,,,,,,,,,,,,,,,,,,,"Chris Dwyer","10045",543125
"Victor Mateo","TBR",4,10,,6.352941176470588,27,21,,,,119,,137,90,84,22,71,4,9,57,4.310924369747899,5.369747899159663,0.8028169014084507,1.6638655462184875,,,,,1.7478991596638656,,0.6659142212189617,,,6.5100392497888135,-2.0288748338963476,,,,,,,,,127.80000000000001,1.073949579831933,183,1.5378151260504203,,,,,,,,,,,,,,,,,,,"Victor Mateo","sa504206",517014
"Daniel Corcino","CIN",6,13,,6.487845601011454,26,23,,,,119.30000305175781,,133,92,86,24,83,0,9,73,5.507124754346932,6.261525405627334,0.8795180722891566,1.810561563072964,,,,,1.810561563072964,,0.6798245614035088,,,6.752799796571873,-2.12041636555094,,,,,,,,,111.82002258300776,0.9373010873645586,154.50001525878906,1.2950545792673607,,,,,,,,,,,,,,,,,,,"Daniel Corcino","9266",542289
"Sugar Ray Marimon","KCR",4,11,,7.213420111709122,23,21,,,,107.30000305175781,,136,92,86,26,60,0,8,60,5.03261868258776,5.03261868258776,1,2.1808014291213627,,,,,1.8266541884948164,,0.6516290726817043,,,6.980752679639298,-2.18673524227026,,,,,,,,,36.620022583007824,0.3412863144593164,114.50001525878906,1.067101696199936,,,,,,,,,,,,,,,,,,,"Sugar Ray Marimon","6027",516970
"Brett Marshall","CIN",5,12,,6.5549889293209125,27,25,,,,137.3000030517578,,156,107,100,32,79,1,8,91,5.965039925682031,5.178441254163521,1.1518987341772151,2.097596457382692,,,,,1.7115804426560162,,0.6729758149316509,,,6.653098286965736,-2.297155987044491,,,,,,,,,137.8200225830078,1.003787469189305,191.50001525878906,1.394756088873498,,,,,,,,,,,,,,,,,,,"Brett Marshall","5364",543493