Name,Team,G,PA,AB,H,1B,2B,3B,HR,R,RBI,BB,IBB,SO,HBP,SF,SH,GDP,SB,CS,AVG,BB%,K%,BB/K,OBP,SLG,wOBA,OPS,ISO,Spd,BABIP,UBR,wSB,wRC,wRAA,wRC+,BsR,Fld,Off,Def,WAR,ADP,InterSD,InterSK,IntraSD,Vol,Skew,Dim,FPTS,FPTS/G,SPTS,SPTS/G,P10,P20,P30,P40,P50,P60,P70,P80,P90,TT10,TT20,TT30,TT40,TT50,TT60,TT70,TT80,TT90,NameASCII,PlayerId,MLBAMID
"Aaron Judge","NYY",146,635,517,145,73,26,0,46,103,122,109,13,168,5,4,0,15,8,1,0.280464,0.171654,0.264567,0.64881,0.407874,0.597679,0.419646,1.00555,0.317215,3.28722,0.322476,,-0.178288,130.228,55.9473,178.972,-0.178288,-6.2,57.200835809111595,-3.8668134212493896,7.69897,3.119999885559082,,,,,,,1157.2,7.926027397,1157.2,7.926027397,,,,,,,,,,,,,,,,,,,"Aaron Judge","15640",592450
"Shohei Ohtani","LAD",152,677,586,170,87,33,5,45,126,138,82,10,156,5,4,0,6,41,5,0.290102,0.121123,0.230428,0.525641,0.379616,0.593857,0.407055,0.973473,0.303754,7.3014,0.321337,,4.88061,131.981,52.787,165.341,4.88061,0,57.77831220626831,-17.412551879882812,6.49302,1.5499999523162842,,,,,,,1238.1,8.145394736,1238.1,8.145394736,,,,,,,,,,,,,,,,,,,"Shohei Ohtani","19755",660271
"Juan Soto","NYM",152,664,522,144,84,25,2,33,108,100,135,8,107,3,4,0,14,7,4,0.275862,0.203313,0.161145,1.26168,0.424699,0.521073,0.405369,0.945772,0.245211,3.58339,0.287565,,-1.909,128.546,50.8721,166.021,-1.909,-3.6,50.51296639442444,-10.91922378540039,6.36866,7.079999923706055,,,,,,,1094.6,7.201315789,1094.6,7.201315789,,,,,,,,,,,,,,,,,,,"Juan Soto","20123",665742
"Bobby Witt Jr.","KCR",152,661,601,174,101,36,8,29,103,103,47,4,112,6,7,0,8,28,10,0.289517,0.0711044,0.16944,0.419643,0.343419,0.520799,0.365791,0.864218,0.231281,7.01772,0.310493,,0.366073,106.909,29.5862,136.627,0.366073,2.9,28.067740440368652,10.186155319213867,6.23123,1.6299999952316284,,,,,,,980.2,6.44868421,980.2,6.44868421,,,,,,,,,,,,,,,,,,,"Bobby Witt Jr.","25764",677951
"Gunnar Henderson","BAL",152,658,574,157,93,29,7,28,106,97,73,1,150,6,5,0,6,16,4,0.273519,0.110942,0.227964,0.486667,0.358663,0.494774,0.366568,0.853436,0.221254,6.51291,0.321696,,0.23037,106.835,29.8634,144.266,0.23037,-4,33.557980209589005,3.253086566925049,6.07187,9.329999923706055,,,,,,,948.6,6.240789473,948.6,6.240789473,,,,,,,,,,,,,,,,,,,"Gunnar Henderson","26289",683002
"Julio Rodríguez","SEA",151,649,594,167,109,28,2,28,92,93,45,3,154,8,2,0,11,26,7,0.281145,0.0693374,0.237288,0.292208,0.338983,0.476431,0.350627,0.815414,0.195286,5.55628,0.335749,,1.11006,97.0468,21.1281,136.808,1.11006,5.2,28.44352376461029,7.5846264362335205,5.95996,13.710000038146973,,,,,,,885.8,5.866225165,885.8,5.866225165,,,,,,,,,,,,,,,,,,,"Julio Rodriguez","23697",677594
"Francisco Lindor","NYM",151,658,581,151,92,30,3,26,97,91,61,2,123,10,5,1,8,21,4,0.259897,0.0927052,0.18693,0.495935,0.3379,0.45611,0.343009,0.79401,0.196213,5.92114,0.286041,,1.30929,94.3583,17.3868,124.049,1.30929,7.8,20.231968641281128,15.053086757659912,5.90307,14.149999618530273,,,,,,,854.8,5.660927152,854.8,5.660927152,,,,,,,,,,,,,,,,,,,"Francisco Lindor","12916",596019
"José Ramírez","CLE",151,647,575,155,87,37,3,28,93,98,62,15,77,3,7,0,8,26,5,0.269565,0.0958269,0.119011,0.805195,0.340031,0.490435,0.347835,0.830466,0.22087,5.9455,0.266247,,2.09371,95.2941,19.6093,129.708,2.09371,4.2,24.086965560913086,6.577277898788452,5.39909,4.900000095367432,,,,,,,911,6.033112582,911,6.033112582,,,,,,,,,,,,,,,,,,,"Jose Ramirez","13510",608070
"Yordan Alvarez","HOU",145,611,526,156,86,32,2,36,91,105,70,11,108,10,5,0,12,3,0,0.296578,0.114566,0.176759,0.648148,0.386252,0.570342,0.401326,0.956594,0.273764,3.41862,0.310078,,-0.623325,116.297,44.8235,167.637,-0.623325,0,46.66254794597626,-15.715020179748535,5.30414,17.149999618530273,,,,,,,1035.9,7.144137931,1035.9,7.144137931,,,,,,,,,,,,,,,,,,,"Yordan Alvarez","19556",670541
"Corey Seager","TEX",129,555,488,136,81,26,1,28,76,85,58,8,96,5,4,0,9,1,1,0.278689,0.104505,0.172973,0.604167,0.358559,0.508197,0.367588,0.866755,0.229508,2.33777,0.293478,,-1.27838,90.5673,25.6445,142.377,-1.27838,1,25.63258147239685,7.117724895477295,5.29713,46.439998626708984,,,,,,,806,6.248062015,806,6.248062015,,,,,,,,,,,,,,,,,,,"Corey Seager","13624",608369
"Elly De La Cruz","CIN",152,653,585,156,90,32,8,26,105,90,62,2,192,4,1,1,10,53,13,0.266667,0.0949464,0.294028,0.322917,0.340491,0.482051,0.353437,0.822542,0.215385,8.37139,0.353261,,4.11948,99.1219,22.7352,121.079,4.11948,0.8,20.579540252685547,7.997971832752228,5.19316,4.300000190734863,,,,,,,933.7,6.142763157,933.7,6.142763157,,,,,,,,,,,,,,,,,,,"Elly De La Cruz","26668",682829
"Cal Raleigh","SEA",135,523,465,106,56,21,1,28,63,80,51,2,142,3,4,0,6,3,1,0.227957,0.0975143,0.271511,0.359155,0.305927,0.458065,0.327497,0.763992,0.230108,3.04051,0.26087,,-0.657388,68.4696,7.29004,120.539,-0.657388,10.9,11.633307158946991,20.508317947387695,5.12387,85.55000305175781,,,,,,,623.3,4.617037037,623.3,4.617037037,,,,,,,,,,,,,,,,,,,"Cal Raleigh","21534",663728
"Adley Rutschman","BAL",135,572,500,131,84,29,1,17,69,70,63,3,90,4,5,0,8,2,0,0.262,0.11014,0.157343,0.7,0.346154,0.426,0.33586,0.772154,0.164,2.92943,0.286432,,-0.768079,78.7346,11.8232,122.666,-0.768079,5.8,14.06653243303299,16.308524131774902,5.11047,61.56999969482422,,,,,,,688,5.096296296,688,5.096296296,,,,,,,,,,,,,,,,,,,"Adley Rutschman","26288",668939
"Mookie Betts","LAD",131,586,500,141,85,30,2,24,94,86,75,3,79,6,5,0,6,13,3,0.282,0.127986,0.134812,0.949367,0.37884,0.494,0.375451,0.87284,0.212,5.02084,0.291045,,0.098516,99.3345,30.7853,144.069,0.098516,-7.7,30.979646183550358,-1.2405643463134766,5.08312,13.65999984741211,,,,,,,872.9,6.663358778,872.9,6.663358778,,,,,,,,,,,,,,,,,,,"Mookie Betts","13611",605141
"Ronald Acuña Jr.","ATL",121,547,466,137,83,26,2,26,105,77,69,2,103,9,3,0,8,36,8,0.293991,0.126143,0.1883,0.669903,0.393053,0.525751,0.39435,0.918804,0.23176,6.88374,0.326471,,2.70505,101.044,37.057,153.898,2.70505,-1.3,37.96027588844299,-7.329541444778442,5.04132,37.599998474121094,,,,,,,912.4,7.540495867,912.4,7.540495867,,,,,,,,,,,,,,,,,,,"Ronald Acuna Jr.","18401",660670
"Fernando Tatis Jr.","SDP",122,523,469,129,71,28,1,29,83,82,47,1,115,5,2,0,11,16,3,0.275053,0.0898662,0.219885,0.408696,0.34608,0.52452,0.371754,0.870601,0.249467,5.31194,0.30581,,1.02211,87.099,25.9195,143.559,1.02211,6,28.264384388923645,0.23500871658325195,4.73881,11.619999885559082,,,,,,,790.9,6.482786885,790.9,6.482786885,,,,,,,,,,,,,,,,,,,"Fernando Tatis Jr.","19709",665487
"Michael Harris II","ATL",138,559,521,153,100,29,4,20,77,75,29,2,110,6,3,0,9,16,4,0.293666,0.0518784,0.19678,0.263636,0.336315,0.479846,0.349784,0.816161,0.18618,5.77365,0.337563,,0.530282,83.2096,17.8188,123.902,0.530282,7.5,16.507787942886353,9.553938865661621,4.61064,41.880001068115234,,,,,,,754.9,5.470289855,754.9,5.470289855,,,,,,,,,,,,,,,,,,,"Michael Harris II","25931",671739
"William Contreras","MIL",135,561,494,134,86,27,1,20,76,75,62,3,118,3,2,0,15,6,1,0.271255,0.110517,0.210339,0.525424,0.354724,0.451417,0.349639,0.806141,0.180162,3.89063,0.318436,,-0.373085,83.4419,17.8172,124.625,-0.373085,-0.5,16.146881222724915,9.806437492370605,4.60631,24.790000915527344,,,,,,,732,5.422222222,732,5.422222222,,,,,,,,,,,,,,,,,,,"William Contreras","20503",661388
"Andrés Giménez","TOR",152,604,545,145,102,27,3,13,67,71,32,2,102,20,4,3,10,26,4,0.266055,0.0529801,0.168874,0.313726,0.327787,0.398165,0.317691,0.725952,0.13211,6.03947,0.304147,,2.38033,74.3066,3.65187,108.609,2.38033,13.7,8.330093383789062,15.919282674789429,4.58822,163.10000610351562,,,,,,,678.8,4.465789473,678.8,4.465789473,,,,,,,,,,,,,,,,,,,"Andres Gimenez","19950",665926
"Corbin Carroll","ARI",152,651,565,147,89,25,11,22,109,87,67,1,133,11,5,3,5,34,6,0.260177,0.102919,0.204301,0.503759,0.347222,0.460177,0.349024,0.807399,0.2,8.42925,0.301205,,3.05982,96.5061,20.3534,122.949,3.05982,-1.3,20.92490315437317,1.091975450515747,4.50873,7.889999866485596,,,,,,,882,5.802631578,882,5.802631578,,,,,,,,,,,,,,,,,,,"Corbin Carroll","25878",682998
"Willy Adames","SFG",152,639,571,143,84,34,1,24,79,83,62,2,147,2,4,0,11,13,3,0.250438,0.0970266,0.230047,0.421769,0.323944,0.43958,0.330116,0.763523,0.189142,4.40882,0.294554,,0.232687,85.0025,10.2535,113.824,0.232687,4,10.795926243066788,11.04365062713623,4.44922,91.93000030517578,,,,,,,768,5.052631578,768,5.052631578,,,,,,,,,,,,,,,,,,,"Willy Adames","15986",642715
"Trea Turner","PHI",136,597,550,156,105,28,2,21,89,75,39,1,116,5,3,0,11,21,3,0.283636,0.0653266,0.194305,0.336207,0.335008,0.456364,0.341801,0.791372,0.172727,5.89848,0.324519,,1.8169,85.0305,15.1946,119.133,1.8169,0.4,15.475801587104797,6.980688005685806,4.36875,24.110000610351562,,,,,,,777.1,5.713970588,777.1,5.713970588,,,,,,,,,,,,,,,,,,,"Trea Turner","16252",607208
"Marcus Semien","TEX",149,670,601,149,93,30,3,23,97,82,62,1,104,4,3,0,7,8,2,0.24792,0.0925373,0.155224,0.596154,0.320896,0.422629,0.323559,0.743524,0.174709,4.92747,0.264151,,-0.457016,85.5906,7.21525,111.406,-0.457016,9.1,8.287142276763916,11.561787605285645,4.36146,104.12000274658203,,,,,,,761.3,5.109395973,761.3,5.109395973,,,,,,,,,,,,,,,,,,,"Marcus Semien","12533",543760
"Vladimir Guerrero Jr.","TOR",152,657,578,168,105,34,0,29,91,97,70,8,93,6,3,0,20,4,2,0.290657,0.106545,0.141553,0.752688,0.371385,0.5,0.372445,0.871385,0.209343,2.55594,0.302832,,-1.3754,109.78,32.9258,147.124,-1.3754,-1.8,34.049917817115784,-13.870105504989624,4.35078,13.180000305175781,,,,,,,964,6.342105263,964,6.342105263,,,,,,,,,,,,,,,,,,,"Vladimir Guerrero Jr.","19611",665489
"Austin Riley","ATL",142,604,539,147,86,30,2,29,84,88,50,1,147,9,6,0,12,1,0,0.272727,0.0827815,0.243377,0.340136,0.34106,0.497217,0.358753,0.838277,0.22449,2.97531,0.319783,,-0.936509,94.2684,23.6136,129.939,-0.936509,-1.2,20.687571823596954,1.0192828178405762,4.31536,29.6200008392334,,,,,,,834.1,5.873943661,834.1,5.873943661,,,,,,,,,,,,,,,,,,,"Austin Riley","18360",663586
"Dansby Swanson","CHC",147,603,542,134,87,27,2,18,79,69,54,1,146,4,3,0,9,13,3,0.247232,0.0895522,0.242123,0.369863,0.318408,0.404059,0.315708,0.722467,0.156827,5.04695,0.304462,,0.248472,73.2213,2.68351,104.705,0.248472,11.2,3.6414308696985245,17.846825122833252,4.28935,170.38999938964844,,,,,,,657.6,4.473469387,657.6,4.473469387,,,,,,,,,,,,,,,,,,,"Dansby Swanson","18314",621020
"Jackson Merrill","SDP",152,587,545,153,102,25,5,21,75,84,33,2,97,1,5,3,5,14,4,0.280734,0.0562181,0.165247,0.340206,0.320205,0.46055,0.33397,0.780756,0.179817,5.63223,0.305556,,0.12239,79.906,11.2399,118.128,0.12239,6.9,12.846969619393349,9.056819677352905,4.27734,27.280000686645508,,,,,,,727.6,4.786842105,727.6,4.786842105,,,,,,,,,,,,,,,,,,,"Jackson Merrill","29490",701538
"Matt Chapman","SFG",146,600,524,127,72,29,2,24,81,71,65,2,156,7,4,0,8,8,2,0.242366,0.108333,0.26,0.416667,0.331667,0.442748,0.335601,0.774415,0.200382,4.69573,0.295977,,-0.330737,82.4633,12.2765,117.516,-0.330737,6.7,12.236578345298767,8.904585361480713,4.24321,125.16999816894531,,,,,,,733.9,5.026712328,733.9,5.026712328,,,,,,,,,,,,,,,,,,,"Matt Chapman","16505",656305
"Freddie Freeman","LAD",142,623,540,160,101,35,2,22,92,87,69,9,101,9,5,0,10,10,2,0.296296,0.110754,0.162119,0.683168,0.382022,0.490741,0.373061,0.872763,0.194444,4.59065,0.327014,,-0.151725,104.408,31.5306,142.46,-0.151725,0.1,31.480719789862633,-11.345473669469357,4.21828,26.920000076293945,,,,,,,923.1,6.500704225,923.1,6.500704225,,,,,,,,,,,,,,,,,,,"Freddie Freeman","5361",518692
"Nico Hoerner","CHC",147,618,563,155,114,29,3,9,79,59,41,2,67,11,3,0,10,28,5,0.275311,0.066343,0.108414,0.61194,0.334951,0.385435,0.31641,0.720387,0.110124,6.22843,0.297959,,2.28061,75.3916,3.09916,105.178,2.28061,11.6,6.106870889663696,13.870723485946655,4.18483,203.32000732421875,,,,,,,686,4.666666666,686,4.666666666,,,,,,,,,,,,,,,,,,,"Nico Hoerner","21479",663538
"Will Smith","LAD",133,552,473,119,74,23,2,20,74,74,57,4,101,13,9,0,9,2,1,0.251586,0.103261,0.182971,0.564356,0.342391,0.435518,0.336053,0.777909,0.183932,3.35011,0.274238,,-1.10995,76.0675,11.4956,117.552,-1.10995,1.5,10.475877523422241,11.641093254089355,4.1792,107.08000183105469,,,,,,,670.5,5.041353383,670.5,5.041353383,,,,,,,,,,,,,,,,,,,"Will Smith","19197",669257
"Isaac Paredes","HOU",152,591,504,123,71,26,1,25,68,89,69,1,97,14,4,0,14,1,1,0.244048,0.116751,0.164129,0.71134,0.348562,0.448413,0.347442,0.796974,0.204365,2.13431,0.253886,,-1.41255,86.859,17.725,129.734,-1.41255,-0.4,18.694209218025208,1.7715166509151459,4.15261,184.41000366210938,,,,,,,749,4.927631578,749,4.927631578,,,,,,,,,,,,,,,,,,,"Isaac Paredes","20036",670623
"Wyatt Langford","TEX",142,595,532,144,87,30,5,22,85,88,55,2,117,5,3,0,5,18,4,0.270677,0.092437,0.196639,0.470085,0.342857,0.469925,0.349929,0.812782,0.199248,6.129,0.308081,,0.835573,88.638,19.0361,129.956,0.835573,4.9,21.229421615600586,-1.6586418151855469,4.07398,41.31999969482422,,,,,,,799.7,5.63169014,799.7,5.63169014,,,,,,,,,,,,,,,,,,,"Wyatt Langford","33333",694671
"Riley Greene","DET",133,567,501,134,84,25,5,20,77,71,59,2,145,4,3,0,8,5,2,0.267465,0.104056,0.255732,0.406897,0.347443,0.457086,0.347837,0.804529,0.189621,4.85176,0.336283,,-0.954414,83.5119,17.1854,129.657,-0.954414,7.9,18.286064445972443,1.6500000953674316,4.0151,109.87000274658203,,,,,,,731.3,5.49849624,731.3,5.49849624,,,,,,,,,,,,,,,,,,,"Riley Greene","25976",682985
"Brent Rooker","ATH",146,590,522,141,77,25,2,37,76,101,56,3,170,7,5,0,8,8,2,0.270115,0.0949153,0.288136,0.329412,0.345763,0.538314,0.374504,0.884077,0.268199,4.12058,0.325,,-0.291275,99.5627,30.5456,151.194,-0.291275,0,34.26918065547943,-15.174897193908691,4.00752,62.2400016784668,,,,,,,897.9,6.15,897.9,6.15,,,,,,,,,,,,,,,,,,,"Brent Rooker","19627",667670
"Jarren Duran","BOS",151,637,580,152,86,38,10,18,89,77,48,1,144,6,2,1,5,26,5,0.262069,0.0753532,0.22606,0.333333,0.323899,0.455172,0.335431,0.779072,0.193103,7.82798,0.319048,,2.07792,87.4614,12.9464,113.944,2.07792,2.5,12.24107313156128,4.840534925460815,3.9618,21.389999389648438,,,,,,,805,5.331125827,805,5.331125827,,,,,,,,,,,,,,,,,,,"Jarren Duran","24617",680776
"Carlos Correa","HOU",116,495,433,116,74,24,1,17,64,63,54,3,97,4,4,0,16,0,0,0.267898,0.109091,0.19596,0.556701,0.351515,0.445727,0.345148,0.797243,0.177829,1.93779,0.306502,,-1.01812,71.8362,13.932,127.251,-1.01812,1.6,14.416441202163696,7.056349396705627,3.92541,237.5800018310547,,,,,,,625.7,5.393965517,625.7,5.393965517,,,,,,,,,,,,,,,,,,,"Carlos Correa","14162",621043
"Ketel Marte","ARI",136,571,501,136,81,29,3,23,80,81,59,4,103,5,6,0,11,5,1,0.271457,0.103327,0.180385,0.572816,0.350263,0.479042,0.35487,0.829305,0.207585,4.53746,0.296588,,-0.517838,87.3335,20.539,126.884,-0.517838,-1,17.83860355615616,1.0980305671691895,3.91597,30.65999984741211,,,,,,,776.7,5.711029411,776.7,5.711029411,,,,,,,,,,,,,,,,,,,"Ketel Marte","13613",606466
"Bryce Harper","PHI",131,562,481,137,77,35,0,25,80,82,72,10,124,4,4,1,14,8,3,0.284823,0.128114,0.220641,0.580645,0.379679,0.513514,0.378665,0.893193,0.22869,3.2922,0.333333,,-0.743636,96.7201,30.9784,143.945,-0.743636,0.5,28.78907734155655,-9.824809074401855,3.88793,22.260000228881836,,,,,,,857.5,6.545801526,857.5,6.545801526,,,,,,,,,,,,,,,,,,,"Bryce Harper","11579",547180
"Rafael Devers","SFG",145,625,551,147,81,34,3,29,87,95,64,12,136,6,4,0,14,3,1,0.266788,0.1024,0.2176,0.470588,0.3472,0.497278,0.356336,0.844478,0.23049,3.67212,0.302564,,-0.902053,96.3301,23.2188,128.649,-0.902053,-5.6,19.58596682548523,-3.3035566806793213,3.83786,40.939998626708984,,,,,,,873.4,6.023448275,873.4,6.023448275,,,,,,,,,,,,,,,,,,,"Rafael Devers","17350",646240
"Alejandro Kirk","TOR",120,430,378,101,73,18,0,10,36,49,43,1,51,4,5,0,14,0,0,0.267196,0.1,0.118605,0.843137,0.344186,0.39418,0.324628,0.738366,0.126984,0.730544,0.282609,,-0.939198,55.3011,5.00053,113.488,-0.939198,8.9,5.6972496509552,16.79976463317871,3.80694,255.17999267578125,,,,,,,474.8,3.956666666,474.8,3.956666666,,,,,,,,,,,,,,,,,,,"Alejandro Kirk","22581",672386
"Steven Kwan","CLE",141,621,548,156,118,25,5,8,86,57,62,1,58,6,3,2,8,16,5,0.284672,0.099839,0.0933977,1.06897,0.361874,0.392336,0.333507,0.75421,0.107664,5.54832,0.305155,,-0.28513,84.3033,11.6599,119.63,-0.28513,8.8,13.662983298301697,1.9547619819641113,3.75542,144.2899932861328,,,,,,,722.2,5.121985815,722.2,5.121985815,,,,,,,,,,,,,,,,,,,"Steven Kwan","24610",680757
"Manny Machado","SDP",144,605,552,145,91,28,1,25,74,92,47,5,117,1,5,0,17,8,2,0.262681,0.077686,0.193388,0.401709,0.319008,0.452899,0.329757,0.771907,0.190217,3.90179,0.289157,,-0.267597,80.3049,9.53316,115.292,-0.267597,3.2,10.795790493488312,5.422957181930542,3.75199,37.45000076293945,,,,,,,735.5,5.107638888,735.5,5.107638888,,,,,,,,,,,,,,,,,,,"Manny Machado","11493",592518
"Jordan Westburg","BAL",124,521,474,122,74,27,4,17,70,70,36,0,121,8,2,1,8,7,2,0.257384,0.0690979,0.232246,0.297521,0.319231,0.438819,0.328634,0.758049,0.181435,5.43089,0.310651,,-0.341319,68.6845,7.73893,117.583,-0.341319,6.2,10.140557736158371,8.114314913749695,3.68277,90.2300033569336,,,,,,,609.8,4.917741935,609.8,4.917741935,,,,,,,,,,,,,,,,,,,"Jordan Westburg","27815",676059
"Brandon Nimmo","NYM",142,622,536,134,87,25,4,18,81,71,71,0,137,11,3,1,6,8,1,0.25,0.114148,0.220257,0.518248,0.347826,0.412313,0.335222,0.76014,0.162313,5.00006,0.302083,,-0.138826,85.2976,12.5372,118.808,-0.138826,7.6,13.850240349769592,0.7437386512756348,3.64255,193.07000732421875,,,,,,,737.3,5.192253521,737.3,5.192253521,,,,,,,,,,,,,,,,,,,"Brandon Nimmo","12927",607043
"Matt McLain","CIN",122,536,472,120,70,27,4,19,70,75,53,1,148,9,2,0,7,17,6,0.254237,0.0988806,0.276119,0.358108,0.339552,0.449153,0.342446,0.788705,0.194915,6.1029,0.32899,,-0.0639457,76.6203,13.9201,113.682,-0.0639457,2.8,8.705329932272434,8.708289384841919,3.63852,86.18000030517578,,,,,,,681.2,5.583606557,681.2,5.583606557,,,,,,,,,,,,,,,,,,,"Matt McLain","29695",680574
"Carson Williams","TBR",123,530,477,112,68,21,5,18,68,69,43,1,174,7,3,0,7,17,8,0.234801,0.0811321,0.328302,0.247126,0.30566,0.412998,0.312149,0.718658,0.178197,6.50167,0.326389,,-0.763465,62.8389,0.840533,107.413,-0.763465,7.8,3.7320969700813293,13.642151832580566,3.62288,999,,,,,,,568.7,4.623577235,568.7,4.623577235,,,,,,,,,,,,,,,,,,,"Carson Williams","30038",700246
"Anthony Volpe","NYY",152,638,575,137,83,32,5,17,80,74,50,1,149,8,4,1,7,26,5,0.238261,0.0783699,0.233542,0.33557,0.306122,0.4,0.30762,0.706122,0.161739,6.71191,0.290557,,2.07003,73.3178,-1.31423,100.17,2.07003,4.4,2.1943884417414665,11.432628154754639,3.60847,142.30999755859375,,,,,,,682.7,4.491447368,682.7,4.491447368,,,,,,,,,,,,,,,,,,,"Anthony Volpe","27647",683011
"Gabriel Moreno","ARI",102,372,329,94,67,18,1,8,42,45,36,1,62,4,3,0,12,4,2,0.285714,0.0967742,0.166667,0.580645,0.360215,0.419453,0.341353,0.779668,0.133739,3.31244,0.328244,,-0.84661,52.8494,9.33359,117.785,-0.84661,8.6,7.0650858879089355,15.434215545654297,3.60075,184.36000061035156,,,,,,,452.5,4.436274509,452.5,4.436274509,,,,,,,,,,,,,,,,,,,"Gabriel Moreno","22664",672515
"Zach Neto","LAA",140,554,492,124,73,29,1,21,70,75,38,1,125,19,2,3,12,23,7,0.252033,0.0685921,0.225632,0.304,0.328494,0.443089,0.335558,0.771583,0.191057,5.43737,0.295977,,0.746833,76.1223,11.3164,118.057,0.746833,-2,12.193191409111023,4.106701850891113,3.59472,197.19000244140625,,,,,,,684.7,4.890714285,684.7,4.890714285,,,,,,,,,,,,,,,,,,,"Zach Neto","31347",687263
"Kyle Tucker","CHC",127,527,454,119,70,24,2,23,71,75,67,5,82,1,5,0,9,17,2,0.262115,0.127135,0.155598,0.817073,0.354839,0.475771,0.355543,0.83061,0.213656,5.19935,0.271186,,1.5403,80.8892,19.2418,131.517,1.5403,1.6,21.402111411094666,-4.2090829610824585,3.58484,8.710000038146973,,,,,,,740.3,5.829133858,740.3,5.829133858,,,,,,,,,,,,,,,,,,,"Kyle Tucker","18345",663656
"Jazz Chisholm Jr.","NYY",137,554,498,124,77,20,3,24,73,85,47,3,141,4,3,2,4,31,8,0.248996,0.0848375,0.254513,0.333333,0.317029,0.445783,0.32813,0.762812,0.196787,6.42523,0.297619,,1.9734,72.8102,8.00435,114.598,1.9734,2.8,11.226922750473022,4.835567235946655,3.5702,21.799999237060547,,,,,,,686.6,5.011678832,686.6,5.011678832,,,,,,,,,,,,,,,,,,,"Jazz Chisholm Jr.","20454",665862
"Pete Crow-Armstrong","CHC",137,537,491,124,79,22,7,16,79,72,29,2,140,8,3,6,3,31,6,0.252546,0.0540037,0.260708,0.207143,0.303201,0.423625,0.312938,0.726827,0.171079,8.48236,0.319527,,2.87023,64.0096,1.19241,102.841,2.87023,9.4,4.694435119628906,11.373103618621826,3.50293,127.38999938964844,,,,,,,610.6,4.456934306,610.6,4.456934306,,,,,,,,,,,,,,,,,,,"Pete Crow-Armstrong","27769",691718
"Bo Bichette","TOR",129,552,514,147,101,28,1,17,71,71,32,1,103,3,3,0,14,9,4,0.285992,0.057971,0.186594,0.31068,0.32971,0.44358,0.334182,0.77329,0.157588,4.0996,0.327456,,-0.885503,75.2359,10.664,120.209,-0.885503,-2.5,11.87859171628952,3.584656238555908,3.50141,113.95999908447266,,,,,,,666.8,5.168992248,666.8,5.168992248,,,,,,,,,,,,,,,,,,,"Bo Bichette","19612",666182
"Ha-Seong Kim","ATL",140,521,451,110,76,21,2,11,61,53,58,2,90,4,4,4,8,21,5,0.243902,0.111324,0.172745,0.644444,0.332689,0.372506,0.31175,0.705194,0.128603,5.36789,0.279661,,1.1016,61.6041,0.658552,107.132,1.1016,5.3,5.353112578392029,11.042945384979248,3.4908,382.4700012207031,,,,,,,552.6,3.947142857,552.6,3.947142857,,,,,,,,,,,,,,,,,,,"Ha-Seong Kim","27506",673490
"Ezequiel Tovar","COL",152,640,600,159,94,38,4,23,80,86,28,1,167,5,4,3,13,7,4,0.265,0.04375,0.260938,0.167665,0.301413,0.456667,0.324305,0.75808,0.191667,4.63139,0.328502,,-1.21447,82.1424,7.27639,94.841,-1.21447,10.5,-5.162765264511108,17.554673671722412,3.47692,129.3000030517578,,,,,,,740.7,4.873026315,740.7,4.873026315,,,,,,,,,,,,,,,,,,,"Ezequiel Tovar","24064",678662
"Patrick Bailey","SFG",111,425,382,90,61,18,1,10,45,45,36,0,102,2,4,1,9,3,0,0.235602,0.0847059,0.24,0.352941,0.301887,0.366492,0.294103,0.668379,0.13089,3.60875,0.291971,,-0.18135,44.2165,-5.49921,89.5848,-0.18135,17.2,-5.474558413028717,25.00790786743164,3.47638,307.2900085449219,,,,,,,393.6,3.545945945,393.6,3.545945945,,,,,,,,,,,,,,,,,,,"Patrick Bailey","27478",672275
"Alex Bregman","BOS",145,628,549,140,88,30,2,20,80,80,65,1,81,8,6,0,16,3,1,0.255009,0.103503,0.128981,0.802469,0.339172,0.42623,0.333751,0.765401,0.17122,3.43991,0.264317,,-1.06779,85.3767,11.9145,112.762,-1.06779,1.9,8.102784991264343,4.207466244697571,3.43798,110.41000366210938,,,,,,,743.3,5.126206896,743.3,5.126206896,,,,,,,,,,,,,,,,,,,"Alex Bregman","17678",608324
"Colton Cowser","BAL",141,564,492,125,80,24,2,19,80,76,59,2,163,9,4,0,9,9,4,0.254065,0.10461,0.289007,0.361963,0.342199,0.426829,0.335459,0.769028,0.172764,4.7962,0.33758,,-0.972319,77.4514,11.4758,122.384,-0.972319,7.1,13.472791075706482,0.8830685615539551,3.42844,161.9499969482422,,,,,,,677.5,4.804964539,677.5,4.804964539,,,,,,,,,,,,,,,,,,,"Colton Cowser","29591",681297
"Ian Happ","CHC",152,629,545,136,79,33,2,22,81,80,74,2,153,6,4,0,10,11,3,0.249541,0.117647,0.243243,0.48366,0.343402,0.438532,0.34013,0.781934,0.188991,4.48123,0.304813,,-0.254129,88.7422,15.163,121.143,-0.254129,3.2,15.648941904306412,-3.733421564102173,3.38996,130.16000366210938,,,,,,,783,5.151315789,783,5.151315789,,,,,,,,,,,,,,,,,,,"Ian Happ","17919",664023
"James Wood","WSN",139,589,518,137,81,30,5,21,82,78,66,2,162,3,2,0,5,17,6,0.264479,0.112054,0.275042,0.407407,0.349745,0.46332,0.351462,0.813066,0.198842,5.97092,0.344214,,-0.198117,88.4708,19.5708,126.588,-0.198117,1,18.528933867812157,-5.492504596710205,3.3684,53.29999923706055,,,,,,,784.6,5.644604316,784.6,5.644604316,,,,,,,,,,,,,,,,,,,"James Wood","29518",695578
"Daulton Varsho","TOR",143,533,479,108,59,22,4,23,72,72,46,1,131,4,3,1,5,11,3,0.22547,0.0863039,0.245779,0.351145,0.296992,0.43215,0.314522,0.729143,0.206681,5.89625,0.259146,,0.132599,64.2123,1.863,106.38,0.132599,8.6,4.023380592465401,10.558407187461853,3.34483,315.2699890136719,,,,,,,591.1,4.133566433,591.1,4.133566433,,,,,,,,,,,,,,,,,,,"Daulton Varsho","19918",662139
"Anthony Santander","TOR",151,633,566,141,74,32,1,34,80,98,55,2,131,7,5,0,11,2,1,0.249117,0.0868878,0.206951,0.419847,0.320695,0.489399,0.345849,0.810094,0.240283,2.68109,0.263547,,-1.06259,92.2202,18.1731,128.416,-1.06259,-1.6,19.518723130226135,-8.577513337135315,3.31384,99.44999694824219,,,,,,,828.7,5.48807947,828.7,5.48807947,,,,,,,,,,,,,,,,,,,"Anthony Santander","14551",623993
"Jose Altuve","HOU",132,584,527,142,95,28,0,19,85,68,49,2,102,6,2,0,12,14,4,0.26945,0.0839041,0.174658,0.480392,0.337329,0.43074,0.334261,0.768069,0.16129,4.4454,0.301471,,0.0118959,79.6346,11.3195,120.462,0.0118959,-3.3,13.68490195274353,-1.1542034149169922,3.30895,61.189998626708984,,,,,,,708.4,5.366666666,708.4,5.366666666,,,,,,,,,,,,,,,,,,,"Jose Altuve","5417",514888
"Jeremy Peña","HOU",151,621,573,150,105,26,2,17,76,70,32,1,116,10,4,2,10,14,5,0.26178,0.0515298,0.186795,0.275862,0.310178,0.403141,0.310329,0.713319,0.141361,4.94859,0.29955,,-0.377326,72.7184,0.0750096,103.628,-0.377326,2.2,2.200348973274231,9.045238256454468,3.30387,156.9499969482422,,,,,,,652.2,4.319205298,652.2,4.319205298,,,,,,,,,,,,,,,,,,,"Jeremy Pena","21636",665161
"Sean Murphy","ATL",107,417,364,85,49,18,1,17,46,55,40,1,101,11,2,0,11,0,0,0.233516,0.0959233,0.242206,0.39604,0.326139,0.428571,0.329364,0.75471,0.195055,1.9461,0.274194,,-0.78135,55.2188,6.43893,110.158,-0.78135,6.1,4.284006416797638,13.760934829711914,3.2952,295.67999267578125,,,,,,,482.7,4.511214953,482.7,4.511214953,,,,,,,,,,,,,,,,,,,"Sean Murphy","19352",669221
"Bryson Stott","PHI",144,570,509,133,95,23,3,12,70,61,52,1,98,3,6,0,8,23,3,0.261297,0.0912281,0.17193,0.530612,0.329825,0.388998,0.31509,0.718823,0.127701,5.93103,0.298765,,2.20901,68.9304,2.25289,101.154,2.20901,7.5,2.995618522167206,9.594356298446655,3.25707,172.64999389648438,,,,,,,632.7,4.39375,632.7,4.39375,,,,,,,,,,,,,,,,,,,"Bryson Stott","26294",681082
"Jackson Holliday","BAL",136,590,507,119,74,28,2,15,103,67,76,1,153,4,3,0,6,12,3,0.234714,0.128814,0.259322,0.496732,0.337288,0.386588,0.320646,0.723876,0.151874,5.97578,0.304094,,-0.0225598,73.9876,4.97053,111.964,-0.0225598,1.5,8.054183311760426,3.667842388153076,3.24613,206.38999938964844,,,,,,,647.4,4.760294117,647.4,4.760294117,,,,,,,,,,,,,,,,,,,"Jackson Holliday","31781",702616
"Gleyber Torres","DET",152,637,562,147,101,27,1,18,77,64,65,0,114,3,6,1,13,7,4,0.261566,0.102041,0.178964,0.570175,0.33805,0.409253,0.32761,0.747303,0.147687,3.45804,0.295872,,-1.55385,83.4517,8.93666,115.429,-1.55385,-1.9,9.691639304161072,0.44053494930267334,3.24408,228.8800048828125,,,,,,,720.5,4.740131578,720.5,4.740131578,,,,,,,,,,,,,,,,,,,"Gleyber Torres","16997",650402
"Yainer Diaz","HOU",135,544,513,142,96,25,2,19,63,79,23,1,99,3,5,0,20,1,0,0.276803,0.0422794,0.181985,0.232323,0.308824,0.444444,0.323111,0.753268,0.167641,2.86771,0.3075,,-0.754983,69.2982,5.66217,112.619,-0.754983,-4,7.099532902240753,5.994121551513672,3.22909,60.08000183105469,,,,,,,624.6,4.626666666,624.6,4.626666666,,,,,,,,,,,,,,,,,,,"Yainer Diaz","23003",673237
"Byron Buxton","MIN",96,379,339,85,42,22,2,19,59,54,29,1,107,8,3,0,2,7,1,0.250737,0.0765171,0.282322,0.271028,0.3219,0.495575,0.348702,0.817475,0.244838,6.03585,0.305556,,0.379385,56.0858,11.7511,129.751,0.379385,3.9,13.280891090631485,5.292563319206238,3.22578,224.94000244140625,,,,,,,512.3,5.336458333,512.3,5.336458333,,,,,,,,,,,,,,,,,,,"Byron Buxton","14161",621439
"Alec Bohm","PHI",147,609,555,158,105,34,2,17,72,83,42,1,95,5,7,0,19,4,2,0.284685,0.0689655,0.155993,0.442105,0.336617,0.445045,0.337351,0.781662,0.16036,3.41286,0.313333,,-1.20177,84.5582,13.3185,116.137,-1.20177,-2,10.550153017044067,0.2376542091369629,3.20483,164.69000244140625,,,,,,,742.6,5.05170068,742.6,5.05170068,,,,,,,,,,,,,,,,,,,"Alec Bohm","21618",664761
"Oneil Cruz","PIT",142,594,531,134,78,27,4,25,83,84,55,4,172,4,4,0,7,22,4,0.252354,0.0925926,0.289562,0.319767,0.324916,0.45951,0.336051,0.784426,0.207156,6.45582,0.322485,,1.73028,81.8538,12.3688,113.265,1.73028,-2.4,11.152437686920166,-0.21746039390563965,3.16854,37.369998931884766,,,,,,,763.1,5.373943661,763.1,5.373943661,,,,,,,,,,,,,,,,,,,"Oneil Cruz","21711",665833
"Jackson Chourio","MIL",148,605,559,153,99,32,3,19,82,85,39,3,124,3,3,1,11,30,8,0.273703,0.0644628,0.204959,0.314516,0.322848,0.443649,0.329639,0.766497,0.169946,6.18981,0.319809,,1.67079,80.2477,9.47601,111.164,1.67079,7.4,9.747785568237305,0.7311286926269531,3.1592,16.420000076293945,,,,,,,746.9,5.046621621,746.9,5.046621621,,,,,,,,,,,,,,,,,,,"Jackson Chourio","28806",694192
"Masyn Winn","STL",147,638,581,147,99,28,6,14,86,69,45,1,117,3,6,3,6,14,4,0.253012,0.0705329,0.183386,0.384615,0.307087,0.394148,0.304622,0.701235,0.141136,6.29388,0.291667,,0.0276807,71.7783,-2.85369,96.1657,0.0276807,4.9,-2.897606983780861,11.932628154754639,3.12336,157.3800048828125,,,,,,,648.6,4.412244897,648.6,4.412244897,,,,,,,,,,,,,,,,,,,"Masyn Winn","27479",691026
"Matt Wallner","MIN",139,562,488,117,61,29,3,24,68,84,55,2,193,17,2,0,6,4,1,0.239754,0.0978648,0.343416,0.284974,0.336299,0.459016,0.344448,0.795315,0.219262,4.42094,0.340659,,-0.638914,81.2426,15.5009,126.758,-0.638914,1,16.567938208580017,-5.19488525390625,3.11349,264.8399963378906,,,,,,,714.8,5.142446043,714.8,5.142446043,,,,,,,,,,,,,,,,,,,"Matt Wallner","26466",670242
"Nolan Arenado","STL",140,581,528,139,92,28,1,18,60,77,42,3,84,5,6,0,16,2,2,0.263258,0.0722892,0.144578,0.5,0.320138,0.422348,0.320418,0.742486,0.159091,2.37788,0.280093,,-1.48338,72.7524,4.78817,106.798,-1.48338,5.4,3.2395825386047363,7.534773826599121,3.10732,222.5399932861328,,,,,,,645.7,4.612142857,645.7,4.612142857,,,,,,,,,,,,,,,,,,,"Nolan Arenado","9777",571448
"Cody Bellinger","NYY",134,556,500,133,85,26,2,20,79,82,43,4,89,4,9,0,7,10,3,0.266,0.0773381,0.160072,0.483146,0.323741,0.446,0.328786,0.769741,0.18,4.90612,0.2825,,-0.225249,73.3665,8.32669,115.059,-0.225249,-0.1,9.355126410722733,1.9429158195853233,3.08504,92.4000015258789,,,,,,,671.2,5.008955223,671.2,5.008955223,,,,,,,,,,,,,,,,,,,"Cody Bellinger","15998",641355
"Mike Trout","LAA",78,324,275,72,38,14,2,18,48,49,43,4,88,5,1,0,3,4,1,0.261818,0.132716,0.271605,0.488636,0.37037,0.523636,0.380054,0.894007,0.261818,4.89577,0.317647,,-0.252185,56.1224,18.2215,149.356,-0.252185,-0.2,18.04531556367874,0.9904761761426926,3.08378,111.9000015258789,,,,,,,498.2,6.387179487,498.2,6.387179487,,,,,,,,,,,,,,,,,,,"Mike Trout","10155",545361
"Shea Langeliers","ATH",135,519,471,112,61,22,2,27,62,78,39,2,136,5,4,0,11,3,2,0.237792,0.0751445,0.262042,0.286765,0.300578,0.464968,0.326886,0.765546,0.227176,3.46824,0.272436,,-1.02293,67.6907,6.97904,117.699,-1.02293,-6.8,9.487807989120483,2.7348318099975586,3.05288,119.69000244140625,,,,,,,617.3,4.572592592,617.3,4.572592592,,,,,,,,,,,,,,,,,,,"Shea Langeliers","25816",669127
"Tommy Edman","LAD",116,469,428,110,72,23,2,13,66,54,32,1,81,4,3,2,7,19,2,0.257009,0.0682303,0.172708,0.395062,0.312634,0.411215,0.314172,0.723849,0.154206,6.57935,0.287834,,2.1455,56.3699,1.50714,102.824,2.1455,8.5,3.7293200492858887,10.223250985145569,3.05106,169.00999450683594,,,,,,,526.8,4.54137931,526.8,4.54137931,,,,,,,,,,,,,,,,,,,"Tommy Edman","19470",669242
"Mark Vientos","NYM",139,562,508,126,75,23,2,26,65,85,44,1,166,6,4,0,11,0,0,0.248031,0.0782918,0.295374,0.26506,0.313167,0.454724,0.330489,0.767892,0.206693,2.21057,0.3125,,-0.97866,74.9283,9.1866,115.622,-0.97866,-0.9,9.519753694534302,1.1649616956710815,3.03283,105.8499984741211,,,,,,,670.1,4.820863309,670.1,4.820863309,,,,,,,,,,,,,,,,,,,"Mark Vientos","22184",668901
"J.P. Crawford","SEA",129,545,472,114,78,24,1,11,68,51,63,0,109,6,3,1,7,4,1,0.241525,0.115596,0.2,0.577982,0.336397,0.366525,0.313883,0.702922,0.125,3.654,0.290141,,-0.765193,65.3776,1.62458,110.962,-0.765193,-1.1,6.070394992828369,4.907495379447937,3.01402,442.010009765625,,,,,,,556.9,4.317054263,556.9,4.317054263,,,,,,,,,,,,,,,,,,,"J.P. Crawford","15491",641487
"Willson Contreras","STL",105,423,362,88,53,20,0,15,50,51,45,1,105,14,2,0,11,4,2,0.243094,0.106383,0.248227,0.428571,0.347518,0.422652,0.338787,0.77017,0.179558,2.90858,0.29918,,-0.886072,59.2215,9.73981,119.161,-0.886072,-1.5,8.806268215179443,6.2711639404296875,3.00932,72.54000091552734,,,,,,,508.8,4.845714285,508.8,4.845714285,,,,,,,,,,,,,,,,,,,"Willson Contreras","11609",575929
"Brayden Taylor","TBR",118,501,444,97,51,24,5,17,68,62,51,0,164,2,3,1,3,14,4,0.218468,0.101796,0.327345,0.310976,0.3,0.40991,0.308906,0.70991,0.191441,7.0194,0.300752,,0.359162,58.0926,-0.513394,105.132,0.359162,7.1,3.300804525613785,8.940828800201416,2.99274,999,,,,,,,531.5,4.504237288,531.5,4.504237288,,,,,,,,,,,,,,,,,,,"Brayden Taylor","sa3022921",694966
"Seiya Suzuki","CHC",133,561,491,131,81,25,4,21,72,72,60,3,140,5,5,0,8,11,5,0.266802,0.106952,0.249554,0.428571,0.349376,0.462322,0.349575,0.811698,0.195519,5.01473,0.328358,,-0.953648,83.4128,17.7881,127.5,-0.953648,-1.2,17.494506061077118,-7.383862257003784,2.97011,84.3499984741211,,,,,,,737.2,5.542857142,737.2,5.542857142,,,,,,,,,,,,,,,,,,,"Seiya Suzuki","30116",673548
"Matt Olson","ATL",152,649,562,140,76,32,1,31,84,100,76,6,151,6,5,0,14,1,0,0.24911,0.117103,0.232666,0.503311,0.342065,0.475089,0.349674,0.817154,0.225979,2.4314,0.283117,,-0.999648,96.5492,20.6304,123.828,-0.999648,1.5,17.49299132823944,-10.423133850097656,2.95817,33.970001220703125,,,,,,,859.8,5.656578947,859.8,5.656578947,,,,,,,,,,,,,,,,,,,"Matt Olson","14344",621566
"Teoscar Hernández","LAD",147,612,559,150,93,28,1,28,78,99,42,2,174,8,3,0,7,9,3,0.268336,0.0686275,0.284314,0.241379,0.326797,0.472272,0.343327,0.799069,0.203936,3.99575,0.338889,,-0.527851,87.9183,16.3278,122.447,-0.527851,-1,15.899963736534119,-7.746031761169434,2.94311,56.880001068115234,,,,,,,789.8,5.372789115,789.8,5.372789115,,,,,,,,,,,,,,,,,,,"Teoscar Hernandez","13066",606192
"Xander Bogaerts","SDP",131,543,488,128,91,23,1,13,63,58,44,1,101,5,6,0,14,10,2,0.262295,0.0810313,0.186004,0.435644,0.325967,0.393443,0.31468,0.719409,0.131148,4.37262,0.302632,,0.0929405,65.486,1.96694,105.144,0.0929405,4.8,3.433286599814892,6.79515016078949,2.92048,155.3699951171875,,,,,,,583.8,4.456488549,583.8,4.456488549,,,,,,,,,,,,,,,,,,,"Xander Bogaerts","12161",593428
"Brenton Doyle","COL",139,549,503,127,83,21,4,19,72,72,35,1,156,4,4,3,12,22,4,0.252485,0.0637523,0.284153,0.224359,0.304029,0.423459,0.314016,0.727489,0.170974,6.68596,0.325301,,1.82499,65.9165,1.6955,87.9159,1.82499,14.1,-6.108183264732361,16.117196083068848,2.91842,71.72000122070312,,,,,,,618.1,4.446762589,618.1,4.446762589,,,,,,,,,,,,,,,,,,,"Brenton Doyle","25479",686668
"Christian Walker","HOU",133,553,484,114,62,24,1,27,70,83,55,3,130,8,6,0,11,4,1,0.235537,0.0994575,0.235081,0.423077,0.320072,0.456612,0.33327,0.776684,0.221074,3.45963,0.261261,,-0.567882,74.9664,10.2775,119.765,-0.567882,8,11.93824827671051,-2.1594648361206055,2.91778,110.98999786376953,,,,,,,677.3,5.092481203,677.3,5.092481203,,,,,,,,,,,,,,,,,,,"Christian Walker","13419",572233
"Pete Alonso","NYM",152,641,554,134,75,26,1,32,81,100,67,7,146,14,6,0,16,4,0,0.241877,0.104524,0.227769,0.458904,0.335413,0.465704,0.342826,0.801117,0.223827,3.42507,0.267016,,-0.375971,91.8262,16.8432,123.926,-0.375971,0.7,17.96348562836647,-11.076161205768585,2.91185,47.630001068115234,,,,,,,828.9,5.453289473,828.9,5.453289473,,,,,,,,,,,,,,,,,,,"Pete Alonso","19251",624413
"Luis Robert Jr.","CHW",119,490,451,114,68,25,0,21,63,65,30,3,137,7,2,0,8,18,4,0.252772,0.0612245,0.279592,0.218978,0.308163,0.447894,0.32445,0.756057,0.195122,4.89042,0.315254,,1.17495,62.9475,5.62823,111.504,1.17495,2.4,7.6249576807022095,4.200411677360535,2.9118,87.75,,,,,,,591.3,4.968907563,591.3,4.968907563,,,,,,,,,,,,,,,,,,,"Luis Robert Jr.","20043",673357
"Leody Taveras","SEA",148,545,494,125,84,23,4,14,67,61,43,0,115,1,4,3,5,21,5,0.253036,0.0788991,0.211009,0.373913,0.311808,0.40081,0.310559,0.712618,0.147773,6.3079,0.300813,,1.16474,63.9197,0.166649,102.262,1.16474,5.4,2.5750532150268555,7.402498722076416,2.91071,449.3999938964844,,,,,,,585,3.952702702,585,3.952702702,,,,,,,,,,,,,,,,,,,"Leody Taveras","18900",665750
"Brandon Lowe","TBR",112,446,394,96,54,20,1,21,60,66,43,1,115,6,3,0,5,5,1,0.243655,0.0964126,0.257848,0.373913,0.325112,0.459391,0.338422,0.784503,0.215736,4.05564,0.287356,,-0.210033,62.3104,10.1382,125.894,-0.210033,-1.4,13.003929078578949,0.23874199390411377,2.90638,211.94000244140625,,,,,,,558.4,4.985714285,558.4,4.985714285,,,,,,,,,,,,,,,,,,,"Brandon Lowe","18882",664040
"Josh Lowe","TBR",126,485,440,117,73,27,2,15,58,62,41,3,140,1,3,0,4,23,1,0.265909,0.0845361,0.28866,0.292857,0.327835,0.438636,0.330013,0.766471,0.172727,6.17937,0.354167,,3.31104,64.4765,7.74217,119.978,3.31104,2.8,14.397904872894287,-2.5461199283599854,2.89728,146.6199951171875,,,,,,,612.8,4.863492063,612.8,4.863492063,,,,,,,,,,,,,,,,,,,"Josh Lowe","19953",666139
"Dalton Rushing","LAD",115,484,414,94,54,21,1,18,56,71,53,1,122,15,2,0,6,1,1,0.227053,0.109504,0.252066,0.434426,0.334711,0.413043,0.329351,0.747754,0.18599,2.44063,0.275362,,-1.15999,64.0857,7.46832,113.04,-1.15999,-3.4,6.3874591588974,5.491828441619873,2.88843,999,,,,,,,551.3,4.793913043,551.3,4.793913043,,,,,,,,,,,,,,,,,,,"Dalton Rushing","31382",687221
"Jonathan India","KCR",140,589,498,126,82,29,2,13,79,58,67,0,109,18,5,1,13,10,3,0.253012,0.113752,0.185059,0.614679,0.358844,0.39759,0.336121,0.756434,0.144578,4.72874,0.296588,,-0.533054,81.1982,12.2981,115.756,-0.533054,-4,10.085838913917542,-1.835831880569458,2.8841,232.60000610351562,,,,,,,690.9,4.935,690.9,4.935,,,,,,,,,,,,,,,,,,,"Jonathan India","21523",663697
"Josh Smith","TEX",140,524,456,111,72,24,3,12,65,57,47,1,108,16,3,2,6,9,3,0.243421,0.0896947,0.206107,0.435185,0.333333,0.388158,0.31896,0.721491,0.144737,5.23554,0.292035,,-0.472604,64.9997,3.70322,108.171,-0.472604,4,4.426365375518799,5.92533802986145,2.8769,399.80999755859375,,,,,,,562.8,4.02,562.8,4.02,,,,,,,,,,,,,,,,,,,"Josh Smith","26396",669701
"Zack Gelof","ATH",132,552,499,118,72,24,2,20,68,68,44,0,174,4,3,2,10,21,4,0.236473,0.0797101,0.315217,0.252874,0.301818,0.412826,0.310844,0.714644,0.176353,5.9243,0.318182,,1.63288,64.8675,0.295615,106.415,1.63288,1.7,5.684753179550171,3.7282187938690186,2.87655,245.74000549316406,,,,,,,603.5,4.571969696,603.5,4.571969696,,,,,,,,,,,,,,,,,,,"Zack Gelof","29766",680869
"Randy Arozarena","SEA",149,626,542,134,84,29,1,20,81,72,64,1,157,16,4,0,11,21,9,0.247232,0.102236,0.250799,0.407643,0.341853,0.415129,0.332741,0.756982,0.167897,4.8591,0.308943,,-0.731522,84.5959,11.3676,124.227,-0.731522,-2.9,16.62159836292267,-9.800353050231934,2.86419,134.9199981689453,,,,,,,740.9,4.972483221,740.9,4.972483221,,,,,,,,,,,,,,,,,,,"Randy Arozarena","19290",668227
"Cedric Mullins","NYM",138,529,475,115,73,23,3,16,65,63,43,1,105,5,4,2,3,24,5,0.242105,0.0812854,0.198488,0.409524,0.309298,0.404211,0.310504,0.713508,0.162105,6.35525,0.276536,,1.82788,62.0197,0.138345,104.83,1.82788,3.1,4.751283884048462,5.0437095165252686,2.83666,211.2100067138672,,,,,,,578.8,4.194202898,578.8,4.194202898,,,,,,,,,,,,,,,,,,,"Cedric Mullins","17929",656775
"J.T. Realmuto","PHI",111,445,400,102,65,20,3,14,53,55,34,2,109,8,3,0,7,7,3,0.255,0.0764045,0.244944,0.311927,0.323595,0.425,0.32433,0.748595,0.17,5.04423,0.314286,,-0.643724,57.1235,5.06828,107.373,-0.643724,1.2,3.2798323035240173,9.375337839126587,2.83468,140.24000549316406,,,,,,,508.8,4.583783783,508.8,4.583783783,,,,,,,,,,,,,,,,,,,"J.T. Realmuto","11739",592663
"CJ Abrams","WSN",144,596,542,139,88,29,4,18,81,69,34,2,113,14,4,2,7,30,8,0.256458,0.057047,0.189597,0.300885,0.314815,0.424354,0.31986,0.739169,0.167897,6.82678,0.291566,,1.70236,74.3627,4.64381,105.318,1.70236,-4.9,5.492428541183472,1.6696648597717285,2.78575,49.619998931884766,,,,,,,691.1,4.799305555,691.1,4.799305555,,,,,,,,,,,,,,,,,,,"CJ Abrams","25768",682928
"Tyler O'Neill","BAL",113,445,392,98,57,17,1,23,65,65,44,2,134,6,3,0,10,6,1,0.25,0.0988764,0.301124,0.328358,0.332584,0.47449,0.346679,0.807074,0.22449,4.64431,0.315126,,-0.0337107,65.1281,13.0728,130.276,-0.0337107,1.4,15.381958700716496,-3.505202889442444,2.76186,200.11000061035156,,,,,,,586.6,5.191150442,586.6,5.191150442,,,,,,,,,,,,,,,,,,,"Tyler O'Neill","15711",641933
"Brendan Donovan","STL",148,586,516,143,103,26,2,12,68,63,53,1,79,13,3,1,8,4,4,0.277132,0.0904437,0.134812,0.670886,0.357265,0.405039,0.336309,0.762304,0.127907,3.17137,0.306075,,-2.14595,80.8731,12.324,117.493,-2.14595,-5.1,10.112253665924072,-2.946854591369629,2.75176,248.27000427246094,,,,,,,678.8,4.586486486,678.8,4.586486486,,,,,,,,,,,,,,,,,,,"Brendan Donovan","24679",680977
"Dylan Crews","WSN",129,563,506,124,82,23,6,13,70,64,41,0,128,11,5,0,9,26,8,0.245059,0.0728242,0.227353,0.320312,0.312611,0.391304,0.308194,0.703915,0.146245,7.14788,0.3,,0.902364,64.9593,-0.899355,97.4662,0.902364,6.6,-0.8034630417823792,8.668636083602905,2.74507,123.19000244140625,,,,,,,594.5,4.608527131,594.5,4.608527131,,,,,,,,,,,,,,,,,,,"Dylan Crews","33541",686611
"Jake Meyers","HOU",129,446,402,97,63,19,2,13,51,55,32,0,108,7,3,2,9,8,2,0.241294,0.0717489,0.242152,0.296296,0.306306,0.395522,0.306983,0.701829,0.154229,4.94553,0.295775,,-0.0150399,51.025,-1.14721,101.274,-0.0150399,9.2,0.6351548880338669,10.838741779327393,2.7237,454.8800048828125,,,,,,,456.5,3.538759689,456.5,3.538759689,,,,,,,,,,,,,,,,,,,"Jake Meyers","20308",676694
"Nick Gonzales","PIT",123,523,473,125,77,32,5,11,66,67,36,1,118,9,4,1,6,5,4,0.264271,0.0688336,0.225621,0.305085,0.325671,0.422833,0.324627,0.748504,0.158562,4.94583,0.327586,,-1.57501,67.2612,6.08167,105.576,-1.57501,4.7,1.9121953248977661,6.621663570404053,2.67681,408.55999755859375,,,,,,,585,4.75609756,585,4.75609756,,,,,,,,,,,,,,,,,,,"Nick Gonzales","27490",693304
"Lawrence Butler","ATH",137,545,498,125,77,25,3,20,73,72,42,1,136,1,4,0,10,16,3,0.251004,0.0770642,0.249541,0.308824,0.308257,0.433735,0.319833,0.741992,0.182731,5.99755,0.303468,,1.04578,67.9879,4.23487,112.738,1.04578,4.7,8.989276885986328,-1.3074955940246582,2.67361,60.90999984741211,,,,,,,630.6,4.602919708,630.6,4.602919708,,,,,,,,,,,,,,,,,,,"Lawrence Butler","22542",671732
"Austin Wells","NYY",109,445,393,92,54,20,1,17,49,61,42,0,109,6,4,0,9,4,1,0.234097,0.094382,0.244944,0.385321,0.314607,0.419847,0.319998,0.734454,0.185751,3.45343,0.276753,,-0.410033,55.5721,3.51689,108.878,-0.410033,-1.3,4.110255479812622,6.875337839126587,2.66982,175.14999389648438,,,,,,,494.5,4.536697247,494.5,4.536697247,,,,,,,,,,,,,,,,,,,"Austin Wells","27562",669224
"JJ Bleday","ATH",148,595,520,119,64,30,3,22,73,69,69,1,124,3,2,1,7,3,2,0.228846,0.115966,0.208403,0.556452,0.321549,0.425,0.325372,0.746549,0.196154,3.7394,0.257979,,-1.27549,76.8777,7.2757,116.634,-1.27549,-6.4,10.049076080322266,-4.2137861251831055,2.65541,263.0799865722656,,,,,,,673.4,4.55,673.4,4.55,,,,,,,,,,,,,,,,,,,"JJ Bleday","26368",668709
"Maikel Garcia","KCR",143,603,546,140,101,28,4,7,81,59,47,0,107,1,6,3,11,31,5,0.25641,0.0779436,0.177446,0.439252,0.313333,0.360806,0.296656,0.674139,0.104396,6.90788,0.303653,,2.999,63.9746,-6.56322,87.9958,2.999,8.5,-5.28339147567749,10.715608358383179,2.64138,206.8800048828125,,,,,,,596.7,4.172727272,596.7,4.172727272,,,,,,,,,,,,,,,,,,,"Maikel Garcia","22715",672580
"Lars Nootbaar","STL",130,481,407,100,59,22,3,16,65,56,67,2,98,1,5,1,7,7,2,0.2457,0.139293,0.203742,0.683673,0.35,0.432432,0.340368,0.782432,0.186732,4.82597,0.281879,,-0.396566,67.9538,11.6873,120.225,-0.396566,3.6,11.236763805150986,-1.7020282745361328,2.63599,258.2900085449219,,,,,,,596,4.584615384,596,4.584615384,,,,,,,,,,,,,,,,,,,"Lars Nootbaar","21454",663457
"Davis Schneider","TOR",127,477,409,90,48,23,2,17,57,58,58,0,137,6,4,0,5,6,1,0.220049,0.121593,0.287212,0.423358,0.322851,0.410758,0.321778,0.733609,0.190709,4.53783,0.281853,,-0.0889577,60.2518,4.45322,111.484,-0.0889577,8.5,6.17898616194725,3.242063522338867,2.61864,656.4099731445312,,,,,,,533.5,4.200787401,533.5,4.200787401,,,,,,,,,,,,,,,,,,,"Davis Schneider","23565",676914
"Bo Naylor","CLE",125,452,396,86,49,20,1,16,55,57,51,2,115,2,2,1,6,6,2,0.217172,0.112832,0.254425,0.443478,0.308204,0.393939,0.307092,0.702143,0.176768,4.01112,0.262172,,-0.399255,51.751,-1.12313,101.049,-0.399255,1.8,0.1430855393409729,10.103938817977905,2.61769,278.79998779296875,,,,,,,464.5,3.716,464.5,3.716,,,,,,,,,,,,,,,,,,,"Bo Naylor","21865",666310
"Ryan Jeffers","MIN",112,410,361,85,50,18,1,16,47,55,34,0,95,10,3,2,9,2,0,0.235457,0.0829268,0.231707,0.357895,0.316176,0.423823,0.322749,0.739999,0.188366,3.54241,0.272727,,-0.341888,52.109,4.14801,111.495,-0.341888,-1,5.050663232803345,6.532333850860596,2.61077,232.5800018310547,,,,,,,459.1,4.099107142,459.1,4.099107142,,,,,,,,,,,,,,,,,,,"Ryan Jeffers","24618",680777
"Francisco Alvarez","NYM",120,438,387,89,53,16,1,19,50,62,43,0,114,5,3,0,13,1,1,0.229974,0.0981735,0.260274,0.377193,0.312785,0.423773,0.320931,0.736558,0.193798,2.59841,0.272374,,-1.00214,55.0269,3.79047,109.189,-1.00214,-1.3,3.8107093572616577,6.746737718582153,2.594,244.35000610351562,,,,,,,485.2,4.043333333,485.2,4.043333333,,,,,,,,,,,,,,,,,,,"Francisco Alvarez","26121",682626
"Chase Meidroth","CHW",124,545,458,114,87,18,2,7,71,48,73,0,91,11,3,0,10,8,4,0.248908,0.133945,0.166972,0.802198,0.363303,0.342795,0.321183,0.706097,0.0938865,4.24632,0.294766,,-1.36963,68.5798,4.82677,109.206,-1.36963,-3.7,4.371160507202148,2.307495355606079,2.57001,999,,,,,,,565.8,4.562903225,565.8,4.562903225,,,,,,,,,,,,,,,,,,,"Chase Meidroth","31580",805367
"Tyler Stephenson","CIN",135,477,422,110,72,22,1,15,60,60,45,2,111,7,3,0,12,1,0,0.260664,0.0943396,0.232704,0.405405,0.339623,0.424171,0.332819,0.763793,0.163507,2.79217,0.317726,,-0.762876,64.4904,8.69189,107.202,-0.762876,-3.1,3.3451766967773438,5.663227558135986,2.5679,185.97000122070312,,,,,,,562.4,4.165925925,562.4,4.165925925,,,,,,,,,,,,,,,,,,,"Tyler Stephenson","17988",663886
"James Outman","MIN",138,519,447,101,62,16,3,20,75,67,57,1,163,11,4,0,4,13,3,0.225951,0.109827,0.314066,0.349693,0.325626,0.409396,0.322418,0.735022,0.183445,6.21099,0.302239,,0.366858,65.8242,5.11253,108.374,0.366858,0.1,5.564241737127304,2.0069664493203163,2.56366,693.9000244140625,,,,,,,590.4,4.278260869,590.4,4.278260869,,,,,,,,,,,,,,,,,,,"James Outman","24770",681546
"Adolis García","TEX",145,600,545,131,74,27,2,28,77,90,44,1,168,6,5,0,11,12,4,0.240367,0.0733333,0.28,0.261905,0.301667,0.451376,0.323271,0.753043,0.211009,4.78431,0.29096,,-0.190794,76.5092,6.32232,111.204,-0.190794,3.8,7.500700920820236,-2.8137567043304443,2.55406,151.52000427246094,,,,,,,703.1,4.848965517,703.1,4.848965517,,,,,,,,,,,,,,,,,,,"Adolis Garcia","19287",666969
"Andy Pages","LAD",134,547,487,119,69,26,2,22,74,75,43,1,139,12,5,0,7,3,3,0.244353,0.0786106,0.254113,0.309353,0.318099,0.441478,0.328408,0.759577,0.197125,3.83898,0.293051,,-1.58579,72.0124,8.02539,112.406,-1.58579,-2,6.529035210609436,0.009847164154052734,2.55317,381.8599853515625,,,,,,,635.3,4.741044776,635.3,4.741044776,,,,,,,,,,,,,,,,,,,"Andy Pages","24816",681624
"Edouard Julien","MIN",134,540,458,108,72,21,1,14,68,57,76,1,170,4,2,0,7,9,1,0.235808,0.140741,0.314815,0.447059,0.348148,0.377729,0.324075,0.725877,0.141921,4.3776,0.34058,,0.203238,69.2078,6.03964,112.428,0.203238,-3.2,7.882029831409454,-1.215873122215271,2.55147,567.760009765625,,,,,,,599.3,4.472388059,599.3,4.472388059,,,,,,,,,,,,,,,,,,,"Edouard Julien","27534",666397
"Spencer Horwitz","PIT",138,588,508,139,91,35,1,12,70,63,68,2,102,8,4,0,14,3,2,0.273622,0.115646,0.173469,0.666667,0.365646,0.417323,0.343977,0.782969,0.143701,2.87152,0.319095,,-1.51226,84.7784,15.9953,118.6,-1.51226,4.3,11.566113352775574,-6.502469062805176,2.54156,382.5899963378906,,,,,,,718.5,5.206521739,718.5,5.206521739,,,,,,,,,,,,,,,,,,,"Spencer Horwitz","26477",687462
"Brice Turang","MIL",149,586,529,134,99,23,3,9,70,56,49,1,105,1,3,4,10,35,5,0.253308,0.0836177,0.179181,0.466667,0.316151,0.359168,0.298032,0.675319,0.10586,6.47197,0.299043,,3.80689,62.8198,-5.72936,89.8901,3.80689,6.2,-3.277557849884033,8.353145122528076,2.53593,145.1300048828125,,,,,,,592.3,3.975167785,592.3,3.975167785,,,,,,,,,,,,,,,,,,,"Brice Turang","22186",668930
"Eugenio Suárez","SEA",148,605,530,124,74,26,1,23,71,82,58,0,173,9,8,0,10,2,1,0.233962,0.0958678,0.28595,0.33526,0.315702,0.416981,0.319082,0.732684,0.183019,2.79813,0.295322,,-1.11784,75.1068,4.33509,102.796,-1.11784,1.3,0.9047613143920898,3.5229570865631104,2.53424,168.66000366210938,,,,,,,663.7,4.484459459,663.7,4.484459459,,,,,,,,,,,,,,,,,,,"Eugenio Suarez","12552",553993
"Xavier Edwards","MIA",109,464,412,120,94,20,3,3,56,41,42,1,64,1,3,6,6,24,5,0.291262,0.0905172,0.137931,0.65625,0.355895,0.376214,0.323551,0.732109,0.0849515,6.18163,0.336207,,1.7016,59.2717,4.99385,104.817,1.7016,-0.4,4.37410831451416,4.714638322591782,2.53157,139.80999755859375,,,,,,,523.9,4.806422018,523.9,4.806422018,,,,,,,,,,,,,,,,,,,"Xavier Edwards","22266",669364
"Yandy Díaz","TBR",136,567,502,143,102,28,0,13,64,66,57,1,82,5,3,0,12,0,1,0.284861,0.100529,0.144621,0.695122,0.361552,0.418327,0.342573,0.779879,0.133466,1.36278,0.317073,,-1.69147,81.1096,14.7831,128.814,-1.69147,-1.1,17.001798510551453,-11.516667008399963,2.52264,195.6999969482422,,,,,,,685.4,5.039705882,685.4,5.039705882,,,,,,,,,,,,,,,,,,,"Yandy Diaz","16578",650490
"Dominic Keegan","TBR",105,442,394,96,65,20,2,9,48,51,36,1,105,6,6,0,4,0,0,0.243655,0.081448,0.237557,0.342857,0.312217,0.373096,0.300379,0.685314,0.129442,2.49956,0.304196,,-0.836597,48.218,-3.48633,99.1336,-0.836597,2.8,-1.2747753262519836,10.920222997665405,2.52106,999,,,,,,,423.6,4.034285714,423.6,4.034285714,,,,,,,,,,,,,,,,,,,"Dominic Keegan","sa3020194",681371
"Curtis Mead","CHW",120,505,457,120,81,26,2,11,59,61,34,1,90,10,4,0,11,7,4,0.262582,0.0673267,0.178218,0.377778,0.324752,0.400438,0.316871,0.72519,0.137856,4.1469,0.302778,,-1.19869,61.7939,2.71994,110.734,-1.19869,0.6,5.003870606422424,2.4555262327194214,2.51264,533.4400024414062,,,,,,,539.3,4.494166666,539.3,4.494166666,,,,,,,,,,,,,,,,,,,"Curtis Mead","23986",678554
"Parker Meadows","DET",134,568,508,118,74,22,6,16,71,66,49,1,131,4,5,2,5,19,6,0.232283,0.0862676,0.230634,0.374046,0.30212,0.393701,0.302897,0.695821,0.161417,6.7144,0.278689,,0.375516,63.1144,-3.32917,98.0452,0.375516,4.1,-0.8949209749698639,6.187007665634155,2.50616,287.75,,,,,,,579.5,4.324626865,579.5,4.324626865,,,,,,,,,,,,,,,,,,,"Parker Meadows","23800",678009
"Christian Yelich","MIL",115,493,426,113,75,20,2,16,73,59,62,5,110,3,1,1,8,19,2,0.265258,0.125761,0.223124,0.563636,0.361789,0.434272,0.346267,0.796061,0.169014,6.02574,0.322259,,1.92451,71.9896,14.3194,122.356,1.92451,-1.8,15.103893518447876,-7.23430323600769,2.50522,112.05000305175781,,,,,,,652.1,5.670434782,652.1,5.670434782,,,,,,,,,,,,,,,,,,,"Christian Yelich","11477",592885
"Jonah Heim","TEX",123,453,416,96,63,17,2,14,47,56,33,0,85,2,2,0,10,1,0,0.230769,0.0728477,0.187638,0.388235,0.289183,0.382212,0.293442,0.671395,0.151442,3.13044,0.257053,,-0.573457,46.8889,-6.1022,90.2215,-0.573457,6.4,-5.641928315162659,14.722310543060303,2.50065,307.239990234375,,,,,,,420.8,3.421138211,420.8,3.421138211,,,,,,,,,,,,,,,,,,,"Jonah Heim","16930",641680
"Michael Busch","CHC",140,579,508,126,74,28,2,22,81,74,59,1,156,8,4,0,8,3,1,0.248031,0.1019,0.26943,0.378205,0.333333,0.440945,0.336286,0.774278,0.192913,3.99722,0.311377,,-0.909946,79.8966,12.1663,118.556,-0.909946,3.6,11.937601029872894,-7.037125110626221,2.49381,252.30999755859375,,,,,,,700.9,5.006428571,700.9,5.006428571,,,,,,,,,,,,,,,,,,,"Michael Busch","26319",683737
"Ben Williamson","SEA",133,553,496,117,82,28,3,4,61,54,44,0,143,11,2,0,6,12,4,0.235887,0.079566,0.25859,0.307692,0.311031,0.328629,0.286866,0.63966,0.0927419,5.45496,0.321937,,-0.301287,54.3124,-10.3764,91.9574,-0.301287,9,-5.390219032764435,11.031893014907837,2.49051,999,,,,,,,471.7,3.546616541,471.7,3.546616541,,,,,,,,,,,,,,,,,,,"Ben Williamson","33197",810938
"Dillon Dingler","DET",99,396,357,81,50,17,2,12,45,53,28,0,109,8,3,0,10,3,1,0.226891,0.0707071,0.275253,0.256881,0.295455,0.386555,0.298595,0.682009,0.159664,4.44869,0.288703,,-0.483755,42.6311,-3.69225,95.019,-0.483755,6.3,-2.7406876981258392,13.575132369995117,2.48516,577.3599853515625,,,,,,,381,3.848484848,381,3.848484848,,,,,,,,,,,,,,,,,,,"Dillon Dingler","27464",693307
"Ryan McMahon","NYY",149,602,531,129,81,27,1,20,70,69,63,3,171,4,4,0,12,4,5,0.242938,0.104651,0.284053,0.368421,0.325581,0.410546,0.3207,0.736128,0.167608,2.77215,0.31686,,-2.36943,75.5185,5.09772,92.4147,-2.36943,9.6,-7.829936742782593,11.811934471130371,2.47791,272.17999267578125,,,,,,,658,4.416107382,658,4.416107382,,,,,,,,,,,,,,,,,,,"Ryan McMahon","15112",641857
"Salvador Perez","KCR",135,550,507,131,85,22,1,23,54,80,28,5,123,10,5,0,12,0,0,0.258383,0.0509091,0.223636,0.227642,0.307273,0.441815,0.319864,0.749087,0.183432,1.44249,0.295082,,-0.931306,68.6254,4.28746,104.321,-0.931306,-6.3,1.7880881428718567,3.804349899291992,2.47508,74.0199966430664,,,,,,,626.3,4.639259259,626.3,4.639259259,,,,,,,,,,,,,,,,,,,"Salvador Perez","7304",521692
"Sal Frelick","MIL",130,539,490,134,99,23,5,7,70,54,40,1,76,6,2,1,7,17,4,0.273469,0.0742115,0.141002,0.526316,0.334572,0.383673,0.315895,0.718246,0.110204,6.22964,0.310513,,0.643466,65.5309,2.47975,101.914,0.643466,10.1,1.87681645154953,4.158642292022705,2.47371,350.260009765625,,,,,,,580.5,4.465384615,580.5,4.465384615,,,,,,,,,,,,,,,,,,,"Sal Frelick","29622",686217
"Addison Barger","TOR",123,490,441,108,65,26,1,16,60,63,42,1,116,5,2,0,5,5,3,0.244898,0.0857143,0.236735,0.362069,0.316327,0.417234,0.319357,0.73356,0.172336,3.61946,0.29582,,-1.09108,60.9391,3.6198,109.781,-1.09108,1.3,4.392904043197632,3.100411534309387,2.4644,641.8200073242188,,,,,,,537.4,4.369105691,537.4,4.369105691,,,,,,,,,,,,,,,,,,,"Addison Barger","24598",680718
"Colt Keith","DET",127,568,516,137,87,31,3,16,73,74,45,1,128,3,4,0,9,3,1,0.265504,0.0792254,0.225352,0.351562,0.325704,0.430233,0.327412,0.755937,0.164729,4.14059,0.321809,,-0.862591,74.3217,7.87814,115.29,-0.862591,-6.3,9.074280500411987,-4.212992429733276,2.46167,257.2099914550781,,,,,,,655.5,5.161417322,655.5,5.161417322,,,,,,,,,,,,,,,,,,,"Colt Keith","27899",690993
"Max Muncy","LAD",110,451,371,79,40,17,1,21,64,63,68,2,120,7,5,0,4,2,1,0.212938,0.150776,0.266075,0.566667,0.341463,0.433962,0.337973,0.775426,0.221024,3.42832,0.246809,,-0.89685,62.846,10.0889,118.844,-0.89685,-2.2,9.265745639801025,-0.5428866147994995,2.44916,260.94000244140625,,,,,,,549.8,4.998181818,549.8,4.998181818,,,,,,,,,,,,,,,,,,,"Max Muncy","13301",571970
"Trent Grisham","NYY",126,432,370,78,41,19,1,17,52,53,52,1,114,5,2,3,6,7,2,0.210811,0.12037,0.263889,0.45614,0.314685,0.405405,0.315805,0.720091,0.194595,4.43397,0.253112,,-0.175578,52.4907,1.95614,105.928,-0.175578,4.9,2.7546504735946655,6.487301707267761,2.44489,728.6599731445312,,,,,,,466.1,3.699206349,466.1,3.699206349,,,,,,,,,,,,,,,,,,,"Trent Grisham","18564",663757
"Will Wagner","SDP",105,444,391,106,75,22,2,7,54,48,44,0,77,5,3,1,9,3,1,0.2711,0.0990991,0.173423,0.571429,0.349887,0.391304,0.327711,0.741192,0.120205,3.92712,0.319355,,-0.783667,58.2034,6.26514,115.657,-0.783667,0,7.17065554857254,1.631393313407898,2.44086,526.3900146484375,,,,,,,493.5,4.7,493.5,4.7,,,,,,,,,,,,,,,,,,,"Will Wagner","29634",695238
"Harry Ford","SEA",126,564,488,104,72,22,2,8,68,58,60,0,142,13,2,1,11,19,6,0.213115,0.106383,0.251773,0.422535,0.314387,0.315574,0.286622,0.629961,0.102459,5.78783,0.282353,,0.22556,55.282,-10.6936,91.7857,0.22556,-0.5,-5.07540637254715,9.861552238464355,2.44011,999,,,,,,,483.1,3.834126984,483.1,3.834126984,,,,,,,,,,,,,,,,,,,"Harry Ford","29958",695670
"DaShawn Keirsey Jr.","MIN",121,496,451,113,80,19,5,9,54,55,35,0,132,6,4,0,8,23,5,0.250554,0.0705645,0.266129,0.265152,0.310484,0.374723,0.300823,0.685207,0.124169,6.93137,0.33121,,1.61998,54.286,-3.73512,96.0715,1.61998,5.8,-0.6095495223999023,7.6224576234817505,2.43548,999,,,,,,,502.7,4.154545454,502.7,4.154545454,,,,,,,,,,,,,,,,,,,"DaShawn Keirsey Jr.","24496",680577
"Roman Anthony","BOS",126,557,488,120,74,28,5,13,72,68,61,1,148,4,4,0,3,10,5,0.245902,0.109515,0.265709,0.412162,0.332136,0.403689,0.322292,0.735825,0.157787,5.4839,0.323263,,-1.11419,70.587,5.43018,104.702,-1.11419,1,1.8823068141937256,3.0465903282165527,2.4307,999,,,,,,,615.9,4.888095238,615.9,4.888095238,,,,,,,,,,,,,,,,,,,"Roman Anthony","31812",701350
"Jake Burger","TEX",141,561,516,125,68,25,2,30,67,90,32,1,152,9,4,0,11,1,1,0.242248,0.057041,0.270945,0.210526,0.2959,0.472868,0.328269,0.768768,0.23062,2.92739,0.281065,,-1.05739,73.7926,8.16791,114.719,-1.05739,-5.7,8.390698671340942,-3.6387124061584473,2.42623,108.66000366210938,,,,,,,672,4.765957446,672,4.765957446,,,,,,,,,,,,,,,,,,,"Jake Burger","22275",669394
"Wilyer Abreu","BOS",126,483,426,104,61,25,1,17,65,62,51,0,131,3,3,0,6,9,3,0.244131,0.10559,0.271222,0.389313,0.327122,0.42723,0.328955,0.754352,0.183099,4.4544,0.309609,,-0.322648,63.7993,7.29893,109.388,-0.322648,7.8,4.86591699719429,2.475925922393799,2.4246,331.239990234375,,,,,,,565.1,4.484920634,565.1,4.484920634,,,,,,,,,,,,,,,,,,,"Wilyer Abreu","23772",677800
"Junior Caminero","TBR",117,495,459,118,77,18,2,21,58,72,30,2,105,4,2,0,9,3,2,0.257081,0.0606061,0.212121,0.285714,0.307071,0.442266,0.322251,0.749336,0.185185,3.5085,0.289552,,-1.07029,62.7138,4.80961,114.519,-1.07029,-2.1,7.152978777885437,-0.2812168598175049,2.41745,73.0999984741211,,,,,,,564.9,4.828205128,564.9,4.828205128,,,,,,,,,,,,,,,,,,,"Junior Caminero","28163",691406
"Kristian Campbell","BOS",123,514,452,118,76,25,4,13,71,71,50,1,120,10,2,0,8,13,5,0.261062,0.0972763,0.233463,0.416667,0.346303,0.420354,0.335955,0.766657,0.159292,5.80778,0.327103,,-0.490509,70.7903,10.6636,114.313,-0.490509,-3.6,7.927268981933594,-1.7114049196243286,2.41526,285.70001220703125,,,,,,,617,5.016260162,617,5.016260162,,,,,,,,,,,,,,,,,,,"Kristian Campbell","33644",692225
"Ceddanne Rafaela","BOS",141,566,530,137,88,27,6,16,77,77,22,1,135,8,4,2,10,19,8,0.258491,0.0388693,0.238516,0.162963,0.296099,0.422642,0.309107,0.718741,0.164151,7.05868,0.315927,,-0.363465,65.7211,-0.488494,95.4271,-0.363465,5.7,-3.324971467256546,7.779658794403076,2.41277,188.11000061035156,,,,,,,603.8,4.282269503,603.8,4.282269503,,,,,,,,,,,,,,,,,,,"Ceddanne Rafaela","24262",678882
"Kyle Teel","CHW",118,495,439,108,79,18,0,11,67,50,49,1,123,4,3,0,6,7,3,0.246014,0.0989899,0.248485,0.398374,0.325253,0.362187,0.305142,0.687439,0.116173,3.77367,0.314935,,-0.848927,55.8972,-2.00696,97.9223,-0.848927,-0.3,-2.025719404220581,8.79391497373581,2.40676,999,,,,,,,485.3,4.112711864,485.3,4.112711864,,,,,,,,,,,,,,,,,,,"Kyle Teel","33549",691019
"Bryan Reynolds","PIT",150,643,573,152,100,27,4,21,75,83,57,4,140,9,4,0,11,8,2,0.265271,0.088647,0.217729,0.407143,0.339036,0.4363,0.3356,0.775336,0.17103,4.52554,0.314904,,-0.488585,88.3727,13.1559,112.961,-0.488585,-0.5,9.477515459060669,-7.587742328643799,2.40258,98.11000061035156,,,,,,,784.3,5.228666666,784.3,5.228666666,,,,,,,,,,,,,,,,,,,"Bryan Reynolds","19326",668804
"Kameron Misner","TBR",121,511,448,96,58,23,2,13,62,58,57,1,172,4,2,0,5,17,4,0.214286,0.111546,0.336595,0.331395,0.307241,0.361607,0.296644,0.668848,0.147321,5.71511,0.313208,,0.848669,54.209,-5.56683,96.5061,0.848669,5.5,-1.1941673755645752,7.377572059631348,2.40156,999,,,,,,,494,4.082644628,494,4.082644628,,,,,,,,,,,,,,,,,,,"Kameron Misner","26374",670224
"Charles McAdoo","TOR",127,512,463,113,71,24,5,13,57,65,40,1,140,6,3,0,7,11,3,0.24406,0.078125,0.273438,0.285714,0.310547,0.401728,0.310176,0.712275,0.157667,6.00218,0.319489,,0.0694598,59.8915,-0.00128594,103.323,0.0694598,2.1,2.0160575062036514,3.98124623298645,2.38579,999,,,,,,,540.6,4.256692913,540.6,4.256692913,,,,,,,,,,,,,,,,,,,"Charles McAdoo","sa3022823",807727
"Shay Whitcomb","HOU",126,528,484,113,73,20,1,19,66,73,35,1,155,6,3,0,10,15,5,0.233471,0.0662879,0.293561,0.225806,0.291667,0.396694,0.299313,0.688361,0.163223,5.06059,0.300319,,0.0831243,57.1467,-4.61773,95.8787,0.0831243,5.9,-2.406738169491291,7.840035319328308,2.38274,722.9500122070312,,,,,,,528.6,4.195238095,528.6,4.195238095,,,,,,,,,,,,,,,,,,,"Shay Whitcomb","27789",694376
"Alex Freeland","LAD",134,587,518,117,77,24,2,14,74,68,56,1,165,11,2,0,5,17,3,0.225869,0.0954003,0.28109,0.339394,0.313458,0.361004,0.299824,0.674462,0.135135,5.83095,0.302053,,1.05636,63.774,-4.89208,93.1673,1.05636,0.8,-3.7397466897964478,7.270458519458771,2.37981,999,,,,,,,574.7,4.28880597,574.7,4.28880597,,,,,,,,,,,,,,,,,,,"Alex Freeland","31665",690976
"Tyler Fitzgerald","SFG",121,489,447,106,63,23,3,17,67,65,31,0,153,8,2,1,4,15,3,0.237136,0.0633947,0.312883,0.202614,0.297131,0.416107,0.309708,0.713239,0.178971,6.72161,0.318996,,0.979954,57.0171,-0.185208,100.089,0.979954,0.2,1.0317699871957302,5.59021158516407,2.36264,242.5800018310547,,,,,,,527.3,4.357851239,527.3,4.357851239,,,,,,,,,,,,,,,,,,,"Tyler Fitzgerald","26208",666149
"Danny Jansen","MIL",96,324,281,64,35,15,0,14,42,40,35,0,63,5,3,0,4,0,0,0.227758,0.108025,0.194444,0.555556,0.320988,0.430605,0.327443,0.751593,0.202847,1.57668,0.241546,,-0.591932,42.403,4.5021,118.171,-0.591932,-0.1,6.14456570148468,5.852381132543087,2.35682,304.8299865722656,,,,,,,372.5,3.880208333,372.5,3.880208333,,,,,,,,,,,,,,,,,,,"Danny Jansen","16535",643376
"Jonah Bride","MIN",130,518,438,105,70,22,1,12,56,60,65,0,95,8,6,1,15,1,1,0.239726,0.125483,0.183398,0.684211,0.344294,0.376712,0.321195,0.721006,0.136986,2.28187,0.275964,,-1.33362,65.1874,4.59276,103.231,-1.33362,3,0.6676443815231323,4.903292179107666,2.35364,460.9800109863281,,,,,,,550.4,4.233846153,550.4,4.233846153,,,,,,,,,,,,,,,,,,,"Jonah Bride","24703",681146
"Paul Goldschmidt","NYY",138,586,523,132,79,29,0,24,74,84,57,2,156,3,3,0,12,8,0,0.25239,0.0972696,0.266212,0.365385,0.327645,0.445507,0.334396,0.773152,0.193117,3.81858,0.312139,,0.518738,79.9712,11.4221,119.006,0.518738,0.6,13.262154936790466,-10.165726065635681,2.3415,174.5399932861328,,,,,,,721.1,5.225362318,721.1,5.225362318,,,,,,,,,,,,,,,,,,,"Paul Goldschmidt","9218",502671
"Alan Roden","MIN",125,524,460,119,81,24,3,11,66,65,48,2,82,13,3,0,7,9,2,0.258696,0.0916031,0.156489,0.585366,0.343511,0.395652,0.325485,0.739164,0.136957,5.26644,0.291892,,-0.114952,67.7518,6.45528,114.092,-0.114952,2.6,8.333868190646172,-3.1760144233703613,2.34049,999,,,,,,,591,4.728,591,4.728,,,,,,,,,,,,,,,,,,,"Alan Roden","31564",702176
"Logan O'Hoppe","LAA",122,484,433,104,67,15,1,21,57,61,40,1,128,8,2,1,7,2,2,0.240185,0.0826446,0.264463,0.3125,0.3147,0.424942,0.32191,0.739642,0.184758,2.68574,0.29021,,-1.30975,61.1873,4.56987,108.457,-1.30975,-5.8,3.373655915260315,3.0918283462524414,2.33754,135.80999755859375,,,,,,,538.2,4.411475409,538.2,4.411475409,,,,,,,,,,,,,,,,,,,"Logan O'Hoppe","24729",681351
"Jace Jung","DET",128,529,459,101,61,23,1,16,57,59,63,1,135,4,3,0,10,2,2,0.220044,0.119093,0.255198,0.466667,0.31758,0.379085,0.308006,0.696665,0.159041,2.53117,0.273312,,-1.41235,60.9562,-0.92522,101.639,-1.41235,3.4,-0.42019087076187134,5.343709707260132,2.33354,541.22998046875,,,,,,,528.6,4.1296875,528.6,4.1296875,,,,,,,,,,,,,,,,,,,"Jace Jung","31437",690291
"Coby Mayo","BAL",126,519,465,110,64,26,2,18,68,72,44,2,147,7,3,0,10,3,3,0.236559,0.0847784,0.283237,0.29932,0.310212,0.417204,0.315479,0.727416,0.180645,3.8352,0.30363,,-1.50686,62.9256,2.21398,108.329,-1.50686,-0.1,3.4395323991775513,1.806966446340084,2.3324,444.04998779296875,,,,,,,557.3,4.423015873,557.3,4.423015873,,,,,,,,,,,,,,,,,,,"Coby Mayo","28312",691723
"Andrés Chaparro","WSN",132,555,503,123,77,27,1,18,63,69,42,2,118,7,3,0,14,3,1,0.244533,0.0756757,0.212613,0.355932,0.30991,0.409543,0.31257,0.719453,0.16501,3.19961,0.283784,,-0.783667,65.9909,1.06806,100.411,-0.783667,2.6,-0.5106172263622284,4.639241456985474,2.3317,748.9099731445312,,,,,,,588.9,4.461363636,588.9,4.461363636,,,,,,,,,,,,,,,,,,,"Andres Chaparro","21797",665953
"Chandler Simpson","TBR",117,513,470,137,117,17,2,1,75,42,32,1,52,1,1,9,3,52,10,0.291489,0.0623782,0.101365,0.615385,0.337302,0.342553,0.301786,0.679855,0.0510638,7.19479,0.325359,,5.17396,56.5444,-3.4654,100.123,5.17396,-1.7,5.2463613525033,0.1849205493927002,2.33078,999,,,,,,,537.1,4.59059829,537.1,4.59059829,,,,,,,,,,,,,,,,,,,"Chandler Simpson","31912",802415
"Jake Cronenworth","SDP",147,607,534,130,82,29,4,15,72,68,56,2,111,11,5,1,9,4,2,0.243446,0.092257,0.182867,0.504505,0.325083,0.397004,0.31609,0.722086,0.153558,4.14191,0.27845,,-1.1702,73.8933,2.88765,106.093,-1.1702,-3.1,3.252739906311035,-0.8696942329406738,2.32994,284.07000732421875,,,,,,,644.9,4.387074829,644.9,4.387074829,,,,,,,,,,,,,,,,,,,"Jake Cronenworth","18036",630105
"Lane Thomas","CLE",142,567,507,123,74,27,3,19,74,72,49,1,145,6,5,0,6,21,8,0.242604,0.0864198,0.255732,0.337931,0.313933,0.420118,0.318425,0.734051,0.177515,5.95209,0.298851,,-0.0502813,70.0895,3.76296,109.02,-0.0502813,-4.3,5.801891103386879,-2.2166669368743896,2.32643,170.22999572753906,,,,,,,638.3,4.495070422,638.3,4.495070422,,,,,,,,,,,,,,,,,,,"Lane Thomas","16939",657041
"Luis Urías","MIL",119,455,394,93,61,18,1,13,52,48,46,0,99,12,3,0,8,4,2,0.236041,0.101099,0.217582,0.464646,0.331868,0.385787,0.318553,0.717655,0.149746,3.42974,0.280702,,-0.949211,56.2916,3.06659,111.837,-0.949211,0.4,5.213562548160553,2.0718107521533966,2.32217,727.219970703125,,,,,,,482.9,4.057983193,482.9,4.057983193,,,,,,,,,,,,,,,,,,,"Luis Urias","16622",649966
"Alec Burleson","STL",143,546,501,139,96,23,2,18,64,74,35,0,74,4,5,1,13,6,2,0.277445,0.0641026,0.135531,0.472973,0.326605,0.439122,0.33132,0.765727,0.161677,3.8881,0.292271,,-0.67549,73.1607,9.29067,114.136,-0.67549,1.8,8.553902208805084,-4.218518495559692,2.32216,247.38999938964844,,,,,,,647.5,4.527972027,647.5,4.527972027,,,,,,,,,,,,,,,,,,,"Alec Burleson","27615",676475
"Jose Siri","NYM",119,419,382,83,46,17,2,18,57,60,28,0,151,5,3,1,5,14,5,0.217277,0.0668258,0.360382,0.18543,0.277512,0.413613,0.298693,0.691124,0.196335,6.42445,0.300926,,0.151467,45.1403,-3.87349,94.2211,0.151467,9.7,-2.7439922988414764,11.239535331726074,2.31582,441.3900146484375,,,,,,,424.3,3.565546218,424.3,3.565546218,,,,,,,,,,,,,,,,,,,"Jose Siri","17452",642350
"Alejo Lopez","ATH",118,457,411,108,82,21,1,4,52,40,37,0,68,7,2,0,11,10,4,0.262774,0.0809628,0.148796,0.544118,0.332604,0.347932,0.304094,0.680536,0.0851582,4.40508,0.304985,,-0.614471,51.2209,-2.23803,101.667,-0.614471,5.1,0.2572936415672302,6.779159188270569,2.30336,999,,,,,,,437.8,3.710169491,437.8,3.710169491,,,,,,,,,,,,,,,,,,,"Alejo Lopez","21127",664670
"Heston Kjerstad","BAL",113,456,404,106,70,19,3,14,59,64,36,2,113,12,4,0,7,3,1,0.262376,0.0789474,0.247807,0.318584,0.337719,0.428218,0.3328,0.765937,0.165842,4.59866,0.327402,,-0.720527,61.6443,8.3023,120.513,-0.720527,2.1,9.98250699043274,-2.926455020904541,2.30194,353.5799865722656,,,,,,,540.3,4.781415929,540.3,4.781415929,,,,,,,,,,,,,,,,,,,"Heston Kjerstad","31166",677008
"Trey Sweeney","DET",128,557,502,111,72,22,3,14,68,58,48,1,152,5,2,0,7,13,3,0.221116,0.0861759,0.27289,0.315789,0.294434,0.360558,0.288733,0.654992,0.139442,5.76473,0.286982,,0.40632,55.5422,-9.61457,88.0819,0.40632,4.7,-7.18937885761261,10.839770317077637,2.29866,499.0199890136719,,,,,,,507.4,3.9640625,507.4,3.9640625,,,,,,,,,,,,,,,,,,,"Trey Sweeney","29575",700242
"Royce Lewis","MIN",94,386,349,87,52,19,1,15,52,57,31,1,91,3,3,0,7,6,2,0.249284,0.0803109,0.235751,0.340659,0.313471,0.438395,0.324291,0.751867,0.189112,4.65009,0.292683,,-0.280869,49.5378,4.38422,112.579,-0.280869,2.5,5.275040924549103,3.9182833433151245,2.28117,163.9600067138672,,,,,,,447.8,4.763829787,447.8,4.763829787,,,,,,,,,,,,,,,,,,,"Royce Lewis","20437",668904
"Brandon Marsh","PHI",135,481,421,105,68,20,4,13,58,59,52,1,145,3,4,1,4,14,4,0.249406,0.108108,0.301455,0.358621,0.333333,0.408551,0.324334,0.741884,0.159145,5.93525,0.344569,,0.217099,61.7464,5.47998,107.376,0.217099,6.9,4.4597460478544235,1.5979719161987305,2.2769,309.3299865722656,,,,,,,550.4,4.077037037,550.4,4.077037037,,,,,,,,,,,,,,,,,,,"Brandon Marsh","20202",669016
"Jeff McNeil","NYM",133,505,455,120,84,26,1,9,59,50,34,1,64,11,4,1,6,5,0,0.263736,0.0673267,0.126733,0.53125,0.327381,0.384615,0.312881,0.711996,0.120879,4.21982,0.287565,,-0.01023,60.1721,1.09821,103.771,-0.01023,1.1,2.266747012734413,2.9555262327194214,2.27301,446.95001220703125,,,,,,,527.2,3.963909774,527.2,3.963909774,,,,,,,,,,,,,,,,,,,"Jeff McNeil","15362",643446
"Luis García Jr.","WSN",143,556,521,141,96,26,3,16,64,70,31,2,88,0,4,0,13,13,5,0.270633,0.0557554,0.158273,0.352273,0.309353,0.424184,0.315538,0.733537,0.153551,4.86479,0.296912,,-0.411585,67.438,2.3982,102.409,-0.411585,0.2,1.1901656985282898,2.2429158240556717,2.2633,127.55999755859375,,,,,,,615.2,4.302097902,615.2,4.302097902,,,,,,,,,,,,,,,,,,,"Luis Garcia Jr.","20391",671277
"Agustín Ramírez","MIA",121,513,462,113,70,24,1,18,66,63,43,1,105,5,3,0,13,10,2,0.244589,0.0838207,0.204678,0.409524,0.31384,0.417749,0.318074,0.731589,0.17316,4.70594,0.277778,,0.266574,63.2695,3.25971,101.13,0.266574,-5.6,0.959805428981781,3.82460355758667,2.25525,437.8900146484375,,,,,,,572.7,4.733057851,572.7,4.733057851,,,,,,,,,,,,,,,,,,,"Agustin Ramirez","26546",682663
"Brett Baty","NYM",121,484,434,106,71,18,0,17,59,62,43,1,121,5,1,1,10,2,1,0.24424,0.088843,0.25,0.355372,0.318841,0.403226,0.316534,0.722066,0.158986,2.4989,0.299663,,-0.936312,59.0929,2.47554,106.229,-0.936312,1.3,2.6689745783805847,3.0783655643463135,2.25514,465.25,,,,,,,516.6,4.269421487,516.6,4.269421487,,,,,,,,,,,,,,,,,,,"Brett Baty","26123",683146
"Chas McCormick","HOU",113,363,319,78,53,12,1,12,46,48,31,0,96,7,5,1,4,11,4,0.244514,0.0853994,0.264463,0.322917,0.320442,0.401254,0.315949,0.721696,0.15674,5.15609,0.305556,,-0.138236,44.1489,1.68587,107.581,-0.138236,10.5,3.0105443000793457,6.4986772537231445,2.23444,433.80999755859375,,,,,,,394.8,3.493805309,394.8,3.493805309,,,,,,,,,,,,,,,,,,,"Chas McCormick","19599",676801
"Nathaniel Lowe","BOS",150,607,536,147,107,21,2,17,67,69,65,1,126,4,2,0,10,3,1,0.274254,0.107084,0.207578,0.515873,0.355848,0.416045,0.33943,0.771893,0.141791,2.99517,0.329114,,-1.18618,85.2964,14.2907,118.49,-1.18618,0.2,12.235016584396362,-10.95152835547924,2.21638,262.8599853515625,,,,,,,729.2,4.861333333,729.2,4.861333333,,,,,,,,,,,,,,,,,,,"Nathaniel Lowe","19566",663993
"Geraldo Perdomo","ARI",134,478,403,100,71,19,3,7,70,44,54,0,76,5,4,12,3,13,4,0.248139,0.112971,0.158996,0.710526,0.341202,0.362283,0.314092,0.703485,0.114144,6.02904,0.287037,,-0.0460405,57.421,1.50547,99.4374,-0.0460405,0.6,-0.3676263093948364,5.868959546089172,2.20913,430.2699890136719,,,,,,,485.5,3.623134328,485.5,3.623134328,,,,,,,,,,,,,,,,,,,"Geraldo Perdomo","22799",672695
"Jesús Sánchez","HOU",139,503,455,118,72,24,3,19,58,66,41,2,127,4,2,1,11,9,1,0.259341,0.0815109,0.252485,0.322835,0.324701,0.450549,0.334118,0.775251,0.191209,5.0568,0.318328,,0.487365,68.5316,9.69162,111.929,0.487365,2.5,7.662535458803177,-3.0445327758789062,2.20373,271.2699890136719,,,,,,,620.4,4.463309352,620.4,4.463309352,,,,,,,,,,,,,,,,,,,"Jesus Sanchez","19913",660821
"Eguy Rosario","SDP",122,480,432,99,56,25,2,16,58,62,39,1,125,5,3,1,9,12,6,0.229167,0.08125,0.260417,0.312,0.298539,0.407407,0.306482,0.705946,0.178241,5.13208,0.282313,,-0.811388,54.7212,-1.42823,99.6269,-0.811388,4.6,-1.0255547910928726,6.363668322563171,2.19914,709.030029296875,,,,,,,494.7,4.054918032,494.7,4.054918032,,,,,,,,,,,,,,,,,,,"Eguy Rosario","19964",666703
"Luis Arraez","SDP",151,633,590,182,144,28,3,7,77,61,34,4,34,5,3,1,14,6,3,0.308475,0.0537125,0.0537125,1,0.349684,0.401695,0.327202,0.751378,0.0932203,3.81814,0.317029,,-1.42776,82.7198,8.67268,113.573,-1.42776,3,8.845965504646301,-8.629188537597656,2.19547,185.14999389648438,,,,,,,713.3,4.723841059,713.3,4.723841059,,,,,,,,,,,,,,,,,,,"Luis Arraez","18568",650333
"Jimmy Crooks","STL",101,409,366,90,63,18,2,7,42,45,33,1,101,6,3,1,8,2,0,0.245902,0.0806846,0.246944,0.326733,0.316176,0.363388,0.299824,0.679564,0.117486,3.76298,0.318008,,-0.397135,44.4352,-3.40887,92.9363,-0.397135,4,-3.8519030809402466,11.513962268829346,2.19541,999,,,,,,,388.2,3.843564356,388.2,3.843564356,,,,,,,,,,,,,,,,,,,"Jimmy Crooks","31354",699625
"Colby Thomas","ATH",136,580,532,124,67,34,4,19,63,78,31,0,168,13,3,1,8,10,3,0.233083,0.0534483,0.289655,0.184524,0.290155,0.419173,0.307001,0.709328,0.18609,5.4609,0.301724,,-0.0910781,66.3637,-1.48358,103.712,-0.0910781,5.9,2.372133694589138,-0.4932980537414551,2.19504,999,,,,,,,605,4.448529411,605,4.448529411,,,,,,,,,,,,,,,,,,,"Colby Thomas","31855",687515
"George Springer","TOR",129,553,490,118,78,21,2,17,71,61,54,0,108,6,3,0,13,13,2,0.240816,0.0976492,0.195298,0.5,0.321881,0.395918,0.315867,0.717799,0.155102,5.18089,0.274457,,0.700833,67.2203,2.53145,107.326,0.700833,3.5,5.3361488580703735,-2.5956788063049316,2.19088,242.92999267578125,,,,,,,602,4.666666666,602,4.666666666,,,,,,,,,,,,,,,,,,,"George Springer","12856",543807
"Ozzie Albies","ATL",119,515,470,121,74,27,3,17,68,70,34,1,83,5,6,0,6,9,2,0.257447,0.0660194,0.161165,0.409639,0.31068,0.43617,0.321152,0.74685,0.178723,5.47732,0.276596,,0.106036,64.7919,4.54824,104.631,0.106036,-0.8,2.9578904658555984,1.092269241809845,2.18628,69.22000122070312,,,,,,,591.3,4.968907563,591.3,4.968907563,,,,,,,,,,,,,,,,,,,"Ozzie Albies","16556",645277
"Kyle Schwarber","PHI",146,646,540,119,62,20,1,36,93,95,96,4,191,6,4,0,6,4,2,0.22037,0.148607,0.295666,0.502618,0.342105,0.461111,0.347122,0.803216,0.240741,3.23172,0.26183,,-1.2728,94.7757,19.2079,122.714,-1.2728,0,16.273319244384766,-16.61522674560547,2.1824,75.9000015258789,,,,,,,836.5,5.729452054,836.5,5.729452054,,,,,,,,,,,,,,,,,,,"Kyle Schwarber","16478",656941
"Taylor Ward","LAA",139,571,501,125,79,25,1,20,69,69,57,0,135,7,6,0,9,5,3,0.249501,0.0998249,0.236427,0.422222,0.330998,0.423154,0.329107,0.754152,0.173653,3.31038,0.298295,,-1.34364,75.4934,8.69892,113.519,-1.34364,0.8,7.489225387573242,-5.494091689586639,2.17601,180.19000244140625,,,,,,,658.3,4.735971223,658.3,4.735971223,,,,,,,,,,,,,,,,,,,"Taylor Ward","17548",621493
"Matt Shaw","CHC",117,507,453,112,77,16,3,16,63,65,42,0,109,8,4,0,6,18,7,0.247241,0.0828402,0.21499,0.385321,0.319527,0.401766,0.316038,0.721293,0.154525,5.71179,0.289157,,-0.237382,61.6988,2.39093,104.928,-0.237382,-0.4,2.750047892332077,1.4628747403621674,2.17563,999,,,,,,,552.7,4.723931623,552.7,4.723931623,,,,,,,,,,,,,,,,,,,"Matt Shaw","33322",807713
"Iván Herrera","STL",98,392,339,84,57,17,2,8,46,43,45,0,85,5,3,0,8,5,1,0.247788,0.114796,0.216837,0.529412,0.341837,0.380531,0.320846,0.722368,0.132743,4.74531,0.305221,,-0.249496,49.2209,3.36549,107.086,-0.249496,-2.3,3.0719968378543854,4.901646375656128,2.16923,225.9600067138672,,,,,,,424,4.326530612,424,4.326530612,,,,,,,,,,,,,,,,,,,"Ivan Herrera","20599",671056
"Joey Ortiz","MIL",134,525,466,115,71,28,5,11,66,63,46,0,105,6,5,2,13,11,4,0.246781,0.0876191,0.2,0.438095,0.319312,0.399142,0.314039,0.718453,0.152361,5.9203,0.292958,,-0.390794,63.0445,1.63101,100.664,-0.390794,-2.3,0.026193767786026,3.487036943435669,2.16516,265.2799987792969,,,,,,,556.8,4.15522388,556.8,4.15522388,,,,,,,,,,,,,,,,,,,"Joey Ortiz","25493",687401
"Cole Young","SEA",134,594,527,121,84,25,3,9,69,60,52,0,113,9,3,3,11,12,8,0.229602,0.0875421,0.190236,0.460177,0.307953,0.339658,0.289268,0.647611,0.110057,4.81059,0.27451,,-1.98445,59.4878,-9.99713,93.6474,-1.98445,0.7,-6.302061319351196,7.247618854045868,2.14696,999,,,,,,,508.2,3.792537313,508.2,3.792537313,,,,,,,,,,,,,,,,,,,"Cole Young","31680",702284
"Kyle Manzardo","CLE",127,489,425,106,60,27,1,18,63,65,52,2,106,5,7,0,10,1,1,0.249412,0.106339,0.216769,0.490566,0.333333,0.444706,0.335345,0.778039,0.195294,2.59674,0.285714,,-1.11264,67.1071,9.90479,120.923,-1.11264,2.8,10.59396231174469,-6.1836864948272705,2.14254,355.8800048828125,,,,,,,591.9,4.660629921,591.9,4.660629921,,,,,,,,,,,,,,,,,,,"Kyle Manzardo","29794",700932
"Nacho Alvarez Jr.","ATL",126,543,481,120,93,18,1,8,59,56,50,1,113,10,2,0,17,14,3,0.24948,0.092081,0.208103,0.442478,0.331492,0.340956,0.301726,0.672448,0.0914761,4.65552,0.309392,,0.385333,59.8246,-3.69451,91.5556,0.385333,1.8,-5.097792595624924,7.785449743270874,2.14169,742.6799926757812,,,,,,,522.3,4.145238095,522.3,4.145238095,,,,,,,,,,,,,,,,,,,"Nacho Alvarez Jr.","31765",805373
"Jacob Wilson","ATH",80,317,293,85,55,20,2,8,48,40,16,0,27,4,2,2,7,1,1,0.290102,0.0504732,0.0851735,0.592593,0.333333,0.453925,0.339894,0.787258,0.163823,3.93079,0.296154,,-0.796938,44.6635,7.58147,126.849,-0.796938,-2.3,8.94165313243866,1.1942682266235352,2.14047,327.1499938964844,,,,,,,386.7,4.83375,386.7,4.83375,,,,,,,,,,,,,,,,,,,"Jacob Wilson","33266",805779
"Harrison Bader","PHI",120,397,364,91,62,18,1,10,50,45,24,1,82,5,4,0,6,16,6,0.25,0.0604534,0.206549,0.292683,0.302267,0.387363,0.299957,0.68963,0.137363,5.43893,0.293478,,0.0596436,43.1741,-3.26616,95.4627,0.0596436,8,-2.001439020037651,9.458700776100159,2.13982,472.25,,,,,,,398.1,3.3175,398.1,3.3175,,,,,,,,,,,,,,,,,,,"Harrison Bader","18030",664056
"Joc Pederson","TEX",127,428,365,91,50,16,2,23,58,65,48,3,104,11,4,0,7,3,2,0.249315,0.11215,0.242991,0.461538,0.350467,0.493151,0.360966,0.843618,0.243836,3.88919,0.280992,,-1.04661,67.5617,17.4951,137.719,-1.04661,0,17.425159692764282,-11.008230209350586,2.13933,311.3399963378906,,,,,,,595.7,4.690551181,595.7,4.690551181,,,,,,,,,,,,,,,,,,,"Joc Pederson","11899",592626
"Leo Jiménez","TOR",109,425,363,85,58,18,1,8,54,50,36,0,88,23,3,0,9,3,1,0.23416,0.0847059,0.207059,0.409091,0.338824,0.355372,0.313127,0.694195,0.121212,4.01644,0.285185,,-0.72842,50.7242,1.00855,105.399,-0.72842,-0.3,1.8970243334770203,4.384744346141815,2.11502,750.8099975585938,,,,,,,426,3.90825688,426,3.90825688,,,,,,,,,,,,,,,,,,,"Leo Jimenez","23782",677870
"Heliot Ramos","SFG",141,584,532,135,87,25,3,20,70,77,43,1,153,6,3,0,12,8,3,0.253759,0.0736301,0.261986,0.281046,0.315068,0.424812,0.32092,0.739881,0.171053,4.70685,0.31768,,-0.680496,73.364,5.04883,107.635,-0.680496,2.8,4.6514058113098145,-3.637389898300171,2.10959,200.07000732421875,,,,,,,655.4,4.64822695,655.4,4.64822695,,,,,,,,,,,,,,,,,,,"Heliot Ramos","22515",671218
"Hyeseong Kim","LAD",129,577,530,142,109,22,4,7,76,64,40,2,83,3,4,0,6,20,4,0.267925,0.0693241,0.143847,0.481928,0.320624,0.364151,0.30045,0.684775,0.0962264,6.246,0.304054,,1.19611,62.9781,-4.51823,93.5884,1.19611,2.1,-3.227779984474182,4.220076322555542,2.08332,487.30999755859375,,,,,,,573.4,4.44496124,573.4,4.44496124,,,,,,,,,,,,,,,,,,,"Hyeseong Kim","35322",808975
"Brayan Rocchio","CLE",136,531,473,114,78,26,2,8,65,53,44,1,102,8,4,2,12,11,6,0.241015,0.0828625,0.19209,0.431373,0.3138,0.35518,0.296136,0.668979,0.114165,4.7767,0.288828,,-1.24816,56.1137,-6.00166,93.3422,-1.24816,1.8,-5.293262600898743,7.653174638748169,2.07568,438.5400085449219,,,,,,,487.5,3.584558823,487.5,3.584558823,,,,,,,,,,,,,,,,,,,"Brayan Rocchio","23690",677587
"Juan Brito","CLE",139,614,539,126,78,32,1,15,73,70,62,1,114,6,4,3,9,7,5,0.233766,0.100977,0.185668,0.54386,0.317512,0.380334,0.307554,0.697846,0.146568,3.6434,0.268116,,-1.76943,70.5273,-1.29728,101.374,-1.76943,-1.9,-0.8043290972709656,0.3560258150100708,2.072,999,,,,,,,609.4,4.384172661,609.4,4.384172661,,,,,,,,,,,,,,,,,,,"Juan Brito","sa3009808",682877
"Jasson Domínguez","NYY",103,446,403,103,69,15,3,16,64,57,40,1,113,1,2,0,5,20,3,0.255583,0.0896861,0.253363,0.353982,0.32287,0.426799,0.325426,0.749669,0.171216,6.81879,0.315217,,1.92471,57.6453,5.47312,112.696,1.92471,-5,8.40348756313324,-3.361258029937744,2.05945,141.52000427246094,,,,,,,537.4,5.217475728,537.4,5.217475728,,,,,,,,,,,,,,,,,,,"Jasson Dominguez","28080",691176
"Ernie Clement","TOR",121,401,377,99,69,19,2,9,45,48,15,0,41,3,3,3,8,8,2,0.262599,0.0374065,0.102244,0.365854,0.29397,0.395225,0.298483,0.689195,0.132626,5.1582,0.272727,,0.103346,43.1334,-3.77478,95.098,0.103346,7.2,-2.1458464935421944,8.673397779464722,2.0576,372.2900085449219,,,,,,,392.1,3.240495867,392.1,3.240495867,,,,,,,,,,,,,,,,,,,"Ernie Clement","20352",676391
"Victor Robles","SEA",106,351,306,78,54,17,1,6,44,34,25,0,74,11,2,7,5,22,4,0.254902,0.0712251,0.210826,0.337838,0.331395,0.375817,0.313883,0.707212,0.120915,6.569,0.315789,,2.06966,42.1058,1.04652,110.962,2.06966,0.3,6.47226095199585,1.5896825194358826,2.04357,186.6199951171875,,,,,,,380.8,3.59245283,380.8,3.59245283,,,,,,,,,,,,,,,,,,,"Victor Robles","18363",645302
"Michael Massey","KCR",121,468,429,112,70,26,2,14,56,59,26,1,86,6,5,2,6,5,2,0.261072,0.0555556,0.183761,0.302326,0.309013,0.428904,0.317762,0.737917,0.167832,4.40176,0.293413,,-0.607147,57.6019,2.85615,102.842,-0.607147,1.5,0.9147235155105591,3.2195767164230347,2.04158,388.0299987792969,,,,,,,516.5,4.268595041,516.5,4.268595041,,,,,,,,,,,,,,,,,,,"Michael Massey","27684",686681
"Jonathan Aranda","TBR",111,440,386,100,67,18,1,14,59,59,42,1,111,8,4,0,7,1,1,0.259067,0.0954545,0.252273,0.378378,0.340909,0.419689,0.332472,0.760598,0.160622,2.79903,0.324528,,-1.12053,59.365,7.89463,121.708,-1.12053,3.3,9.808465838432312,-4.783479928970337,2.03697,318.1600036621094,,,,,,,512.6,4.618018018,512.6,4.618018018,,,,,,,,,,,,,,,,,,,"Jonathan Aranda","21837",666018
"Drew Avans","MIL",133,560,500,115,80,22,6,7,81,42,53,0,159,4,2,1,8,22,5,0.23,0.0946429,0.283929,0.333333,0.307692,0.34,0.288777,0.647692,0.11,7.55464,0.321429,,1.29371,55.8611,-9.64657,90.8922,1.29371,3.5,-4.542175054550171,5.557613134384155,2.03688,999,,,,,,,506.6,3.809022556,506.6,3.809022556,,,,,,,,,,,,,,,,,,,"Drew Avans","25183",682183
"Nolan Jones","CLE",114,458,398,97,61,23,1,12,56,55,53,3,144,4,2,1,6,7,3,0.243719,0.115721,0.31441,0.368056,0.33698,0.396985,0.321936,0.733965,0.153266,4.20289,0.348361,,-0.722648,57.91,4.33409,111.491,-0.722648,4.1,5.2990230321884155,-0.9485011100769043,2.02941,264.760009765625,,,,,,,506.3,4.44122807,506.3,4.44122807,,,,,,,,,,,,,,,,,,,"Nolan Jones","20529",666134
"Marcell Ozuna","ATL",143,588,524,135,81,24,0,30,73,89,58,1,144,3,3,0,16,1,0,0.257634,0.0986395,0.244898,0.402778,0.333333,0.475191,0.348304,0.808524,0.217557,1.83306,0.29745,,-0.912832,86.8262,18.0431,122.906,-0.912832,0,15.193411588668823,-15.123456954956055,2.02582,68.76000213623047,,,,,,,768.5,5.374125874,768.5,5.374125874,,,,,,,,,,,,,,,,,,,"Marcell Ozuna","10324",542303
"Brandon Lockridge","MIL",108,405,364,91,66,18,2,5,49,38,33,0,111,4,1,3,6,27,4,0.25,0.0814815,0.274074,0.297297,0.318408,0.351648,0.298067,0.670056,0.101648,6.99671,0.345382,,2.96705,43.4279,-3.94818,93.9628,2.96705,4.6,0.04323863983154297,6.088095188140869,2.02359,737.8499755859375,,,,,,,407.3,3.771296296,407.3,3.771296296,,,,,,,,,,,,,,,,,,,"Brandon Lockridge","21496",663604
"Spencer Torkelson","DET",152,649,570,132,72,31,1,28,85,85,66,1,171,7,6,0,13,2,0,0.231579,0.101695,0.263482,0.385965,0.315871,0.436842,0.325903,0.752713,0.205263,3.14039,0.275862,,-0.736509,84.132,8.21324,114.228,-0.736509,0,9.82905912399292,-11.923133850097656,2.02278,375.9800109863281,,,,,,,750.8,4.939473684,750.8,4.939473684,,,,,,,,,,,,,,,,,,,"Spencer Torkelson","27465",679529
"Jake Rogers","DET",94,317,287,60,35,13,1,11,39,39,24,1,100,3,2,1,4,1,0,0.209059,0.0757098,0.315457,0.24,0.275316,0.376307,0.283536,0.651623,0.167247,3.7382,0.275281,,-0.281438,30.2844,-6.79769,84.4266,-0.281438,9.1,-5.930150389671326,14.92378044128418,2.02249,475.260009765625,,,,,,,278.7,2.964893617,278.7,2.964893617,,,,,,,,,,,,,,,,,,,"Jake Rogers","19452",668670
"Joe Mack","MIA",128,530,485,109,73,22,0,14,56,62,38,1,142,5,1,1,14,1,0,0.224742,0.0716981,0.267925,0.267606,0.287335,0.356701,0.283629,0.644036,0.131959,2.22827,0.287879,,-0.707629,50.6727,-11.3257,77.9462,-0.707629,6.9,-14.68482619524002,16.636919498443604,2.02109,999,,,,,,,451.7,3.52890625,451.7,3.52890625,,,,,,,,,,,,,,,,,,,"Joe Mack","sa3017374",691788
"Travis d'Arnaud","LAA",89,322,293,67,38,16,1,12,36,39,21,0,84,6,2,0,8,0,0,0.228669,0.0652174,0.26087,0.25,0.291925,0.412969,0.306069,0.704895,0.1843,2.24154,0.276382,,-0.513007,36.6018,-1.06513,97.3141,-0.513007,4.4,-1.5026043057441711,10.315638065338135,2.02109,417.82000732421875,,,,,,,328.1,3.686516853,328.1,3.686516853,,,,,,,,,,,,,,,,,,,"Travis d'Arnaud","7739",518595
"Endy Rodríguez","PIT",112,469,424,103,65,25,3,10,63,53,38,0,93,4,3,0,7,2,1,0.242925,0.0810235,0.198294,0.408602,0.309168,0.386792,0.304917,0.695961,0.143868,4.32757,0.287037,,-0.849496,52.8763,-1.98644,92.3096,-0.849496,0.5,-5.162519156932831,9.116254806518555,2.01841,419.0899963378906,,,,,,,463.4,4.1375,463.4,4.1375,,,,,,,,,,,,,,,,,,,"Endy Rodriguez","25332",682848
"Esteury Ruiz","LAD",116,445,396,98,66,21,2,9,56,49,28,0,103,14,2,5,5,39,11,0.247475,0.0629213,0.231461,0.271845,0.318182,0.378788,0.308048,0.69697,0.131313,7.1204,0.311189,,2.49255,51.2918,-0.763411,104.448,2.49255,4.8,4.757276773452759,-0.10520267486572266,2.01571,595.2899780273438,,,,,,,479,4.129310344,479,4.129310344,,,,,,,,,,,,,,,,,,,"Esteury Ruiz","21780",665923
"Carter Jensen","KCR",134,561,493,106,67,22,5,12,57,59,60,1,148,3,5,0,6,9,2,0.21501,0.106952,0.263815,0.405405,0.301248,0.352941,0.289351,0.654189,0.137931,5.36659,0.278107,,-0.0281353,56.2203,-9.4044,82.8575,-0.0281353,1.4,-11.031954742968082,11.706437468528748,2.00511,999,,,,,,,506.2,3.77761194,506.2,3.77761194,,,,,,,,,,,,,,,,,,,"Carter Jensen","29478",695600
"Jonatan Clase","TOR",126,540,485,108,67,23,6,12,71,60,46,0,164,4,4,1,7,33,10,0.22268,0.0851852,0.303704,0.280488,0.293135,0.369072,0.290617,0.662208,0.146392,8.04563,0.306709,,1.62652,54.6659,-8.50225,89.5645,1.62652,4.2,-4.82131814956665,6.1841267347335815,2.00375,709.0700073242188,,,,,,,518.2,4.112698412,518.2,4.112698412,,,,,,,,,,,,,,,,,,,"Jonatan Clase","26599",682729
"Nolan Gorman","STL",134,510,460,106,60,20,0,26,66,74,46,1,167,2,2,0,3,5,1,0.230435,0.0901961,0.327451,0.275449,0.301961,0.443478,0.321675,0.745439,0.213043,3.36782,0.297398,,-0.249496,64.3778,4.71896,107.644,-0.249496,-3.9,4.412227541208267,-2.0261024236679077,1.99726,384.6400146484375,,,,,,,586.7,4.378358208,586.7,4.378358208,,,,,,,,,,,,,,,,,,,"Nolan Gorman","22263",669357
"Michael Stefanic","TOR",104,417,368,102,81,16,1,4,43,43,37,1,48,8,2,2,11,4,2,0.277174,0.088729,0.115108,0.770833,0.354217,0.358696,0.318474,0.712912,0.0815217,3.28617,0.308176,,-0.996566,51.5639,2.78406,109.16,-0.996566,0.4,3.3739521503448486,1.9321869909763336,1.98666,999,,,,,,,429.9,4.133653846,429.9,4.133653846,,,,,,,,,,,,,,,,,,,"Michael Stefanic","25353",683021
"Johnathan Rodríguez","CLE",132,535,481,121,79,21,2,19,63,71,48,1,158,4,2,0,14,4,2,0.251559,0.0897196,0.295327,0.303797,0.323364,0.422037,0.324702,0.745402,0.170478,3.71095,0.333333,,-1.03603,68.8368,6.25357,113.436,-1.03603,0,7.1888439655303955,-5.897266387939453,1.97914,678.4199829101562,,,,,,,605.5,4.587121212,605.5,4.587121212,,,,,,,,,,,,,,,,,,,"Johnathan Rodriguez","22530",671286
"Otto Lopez","MIA",116,462,425,118,87,22,4,5,58,44,28,0,78,4,3,2,11,14,4,0.277647,0.0606061,0.168831,0.358974,0.326087,0.383529,0.311067,0.709616,0.105882,6.12378,0.327536,,0.240776,54.374,0.330132,96.4139,0.240776,3.8,-1.740425020456314,5.497530817985535,1.97407,322.1099853515625,,,,,,,480.8,4.144827586,480.8,4.144827586,,,,,,,,,,,,,,,,,,,"Otto Lopez","19608",672640
"Josh Naylor","SEA",144,587,524,140,87,32,0,21,63,95,51,7,88,6,6,0,16,8,2,0.267176,0.0868824,0.149915,0.579545,0.335605,0.448473,0.335407,0.784078,0.181298,3.12564,0.28266,,-0.291275,80.585,11.9188,113.783,-0.291275,1,9.383882880210876,-9.784097671508789,1.97383,100.47000122070312,,,,,,,730.8,5.075,730.8,5.075,,,,,,,,,,,,,,,,,,,"Josh Naylor","18839",647304
"Luke Raley","SEA",120,421,371,90,54,17,2,17,55,56,29,0,124,18,2,1,3,10,3,0.242588,0.0688836,0.294537,0.233871,0.32619,0.436658,0.333118,0.762848,0.19407,5.74594,0.314655,,-0.0121539,57.0204,7.77266,124.492,-0.0121539,-2.1,11.785890348255634,-6.740652561187744,1.97351,296.989990234375,,,,,,,505.1,4.209166666,505.1,4.209166666,,,,,,,,,,,,,,,,,,,"Luke Raley","19354",670042
"Taylor Trammell","HOU",109,417,362,81,45,19,1,16,53,56,46,1,125,5,3,1,3,11,4,0.223757,0.110312,0.29976,0.368,0.317308,0.414365,0.319294,0.731672,0.190608,4.95181,0.290179,,-0.169806,51.8391,3.0592,109.934,-0.169806,5.2,4.569928914308548,0.6034388542175293,1.97295,999,,,,,,,465.5,4.270642201,465.5,4.270642201,,,,,,,,,,,,,,,,,,,"Taylor Trammell","19960",666211
"Thayron Liranzo","DET",108,449,395,81,45,20,2,14,53,45,52,1,133,2,0,0,13,0,0,0.205063,0.115813,0.296214,0.390977,0.300668,0.372152,0.29738,0.67282,0.167089,2.81618,0.270161,,-0.773457,47.8979,-4.62528,94.1647,-0.773457,-0.4,-3.7713228464126587,7.848824113607407,1.97017,999,,,,,,,421.6,3.903703703,421.6,3.903703703,,,,,,,,,,,,,,,,,,,"Thayron Liranzo","sa3015790",699073
"Oswald Peraza","LAA",114,480,435,101,70,16,1,14,59,58,35,1,114,8,1,1,8,18,6,0.232184,0.0729167,0.2375,0.307018,0.300626,0.370115,0.295538,0.670741,0.137931,5.33374,0.282468,,0.28601,50.4933,-5.65619,91.6721,0.28601,1.9,-4.287855118513107,7.191005110740662,1.95583,733.0800170898438,,,,,,,460.7,4.04122807,460.7,4.04122807,,,,,,,,,,,,,,,,,,,"Oswald Peraza","22823",672724
"Emmanuel Rodriguez","MIN",75,338,280,59,31,14,4,10,54,40,54,1,122,3,1,0,3,7,3,0.210714,0.159763,0.360947,0.442623,0.343195,0.396429,0.327702,0.739624,0.185714,6.88608,0.328859,,-0.50166,44.3055,4.76695,114.979,-0.50166,1.1,5.291278779506683,2.341916561126709,1.95444,999,,,,,,,383.7,5.116,383.7,5.116,,,,,,,,,,,,,,,,,,,"Emmanuel Rodriguez","sa3014693",691181
"Jake Mangum","TBR",103,426,398,108,76,23,4,5,51,50,19,0,81,6,2,1,5,12,6,0.271357,0.0446009,0.190141,0.234568,0.312941,0.386935,0.305611,0.699876,0.115578,5.8619,0.328025,,-0.827173,48.2663,-1.56631,102.814,-0.827173,2.5,0.5443289875984192,4.065255761146545,1.94577,999,,,,,,,424.3,4.119417475,424.3,4.119417475,,,,,,,,,,,,,,,,,,,"Jake Mangum","26202",663968
"Drake Baldwin","ATL",109,463,411,97,63,21,1,12,49,57,45,1,116,6,1,0,10,0,0,0.23601,0.0971922,0.25054,0.387931,0.319654,0.379562,0.308916,0.699216,0.143552,1.7967,0.299296,,-0.891844,53.6902,-0.4706,96.3954,-0.891844,-2.2,-2.887540638446808,6.306026220321655,1.94253,999,,,,,,,464.6,4.262385321,464.6,4.262385321,,,,,,,,,,,,,,,,,,,"Drake Baldwin","31539",686948
"Samad Taylor","SEA",129,530,466,112,82,18,3,9,70,51,46,0,154,6,5,7,9,32,9,0.240343,0.0867925,0.290566,0.298701,0.313576,0.349785,0.29468,0.663361,0.109442,6.87686,0.334416,,1.69736,55.3869,-6.61148,97.4541,1.69736,-1.1,0.15346765518188477,0.8473838567733765,1.93187,999,,,,,,,506.7,3.927906976,506.7,3.927906976,,,,,,,,,,,,,,,,,,,"Samad Taylor","22274",669392
"Ramón Urías","HOU",108,363,328,84,56,16,2,10,42,43,28,0,81,6,1,0,5,1,1,0.256098,0.077135,0.22314,0.345679,0.325069,0.408537,0.321597,0.733605,0.152439,3.39429,0.310924,,-0.915324,45.7989,3.33589,112.633,-0.915324,0.9,4.331675291061401,2.233774185180664,1.93042,689.4400024414062,,,,,,,395.3,3.660185185,395.3,3.660185185,,,,,,,,,,,,,,,,,,,"Ramon Urias","18795",602104
"Alex Call","LAD",115,434,370,85,55,18,1,11,53,46,53,0,80,7,3,1,4,11,4,0.22973,0.12212,0.184332,0.6625,0.334873,0.372973,0.315878,0.707846,0.143243,4.55503,0.262411,,-0.327654,52.7591,1.99057,102.638,-0.327654,7.9,1.0412326455116272,3.116049289703369,1.91927,734.739990234375,,,,,,,457,3.973913043,457,3.973913043,,,,,,,,,,,,,,,,,,,"Alex Call","19296",669743
"Ryan Bliss","SEA",123,524,472,104,69,22,3,10,67,55,40,0,140,7,3,2,6,31,11,0.220339,0.0763359,0.267176,0.285714,0.289272,0.34322,0.280284,0.632492,0.122881,6.99435,0.289231,,0.829409,48.6884,-12.6081,87.3276,0.829409,2,-6.768506586551666,7.77601432800293,1.91186,491.4100036621094,,,,,,,454.4,3.694308943,454.4,3.694308943,,,,,,,,,,,,,,,,,,,"Ryan Bliss","29547",669208
"Jung Hoo Lee","SFG",103,449,409,114,82,22,3,7,48,50,33,2,36,4,1,2,5,2,6,0.278729,0.0734967,0.0801782,0.916667,0.337808,0.398533,0.32193,0.736341,0.119804,3.39733,0.291553,,-2.95345,56.7698,4.24664,108.315,-2.95345,0.4,1.5108211040496826,2.0497649013996124,1.90914,233.94000244140625,,,,,,,474.1,4.602912621,474.1,4.602912621,,,,,,,,,,,,,,,,,,,"Jung Hoo Lee","33824",808982
"Edgar Quero","CHW",106,439,390,94,68,15,0,11,40,51,37,0,84,8,4,0,13,1,1,0.241026,0.0842825,0.191344,0.440476,0.316629,0.364103,0.302,0.680731,0.123077,1.62148,0.277592,,-1.09685,48.4635,-2.88984,95.7126,-1.09685,-1,-3.2504448890686035,7.065108299255371,1.90852,999,,,,,,,417.4,3.937735849,417.4,3.937735849,,,,,,,,,,,,,,,,,,,"Edgar Quero","28022",700337
"Jack Suwinski","PIT",139,511,442,104,57,22,3,22,61,68,58,2,150,5,5,1,3,13,2,0.235294,0.113503,0.293542,0.386667,0.327451,0.447964,0.334466,0.775415,0.21267,5.61626,0.298182,,0.858681,69.7647,9.98886,112.198,0.858681,-8.7,8.312609851360321,-6.822427749633789,1.90816,606.4199829101562,,,,,,,636.2,4.576978417,636.2,4.576978417,,,,,,,,,,,,,,,,,,,"Jack Suwinski","22244",669261
"Ke'Bryan Hayes","CIN",112,460,422,106,76,20,2,8,51,44,32,1,89,3,3,0,12,11,3,0.251185,0.0695652,0.193478,0.359551,0.306522,0.364929,0.294552,0.671451,0.113744,5.1619,0.298781,,0.116814,48.0241,-5.78577,85.3333,0.116814,9.4,-7.950895577669144,11.090181827545166,1.90339,362.1099853515625,,,,,,,433.7,3.872321428,433.7,3.872321428,,,,,,,,,,,,,,,,,,,"Ke'Bryan Hayes","18577",663647
"Connor Norby","MIA",136,611,553,140,89,30,2,19,88,74,47,0,168,6,5,0,12,9,5,0.253165,0.0769231,0.274959,0.279762,0.315876,0.417722,0.319048,0.733597,0.164557,4.69064,0.326146,,-1.34576,75.8351,4.36151,101.786,-1.34576,-4.1,-0.041014671325683594,-1.854996919631958,1.90174,282.1600036621094,,,,,,,670.1,4.927205882,670.1,4.927205882,,,,,,,,,,,,,,,,,,,"Connor Norby","29592",681393
"Luis Rengifo","LAA",114,436,400,103,73,16,3,11,51,49,28,0,71,5,2,1,7,15,5,0.2575,0.0642202,0.162844,0.394366,0.312644,0.395,0.309536,0.707644,0.1375,5.72173,0.2875,,0.138371,50.7767,-0.22572,99.7526,0.138371,2.2,0.014925956726074219,3.8019988536834717,1.89841,177.5500030517578,,,,,,,457.2,4.010526315,457.2,4.010526315,,,,,,,,,,,,,,,,,,,"Luis Rengifo","19858",650859
"Vinny Capra","CHW",109,434,387,97,66,21,2,8,49,47,38,1,97,5,2,2,8,6,2,0.250646,0.0875576,0.223502,0.391753,0.324074,0.377261,0.309076,0.701335,0.126615,4.51033,0.31338,,-0.462394,50.3832,-0.38529,97.3238,-0.462394,1,-1.8512787222862244,5.7839508056640625,1.89608,999,,,,,,,438.5,4.022935779,438.5,4.022935779,,,,,,,,,,,,,,,,,,,"Vinny Capra","25040",681962
"Payton Eeles","MIN",114,475,408,102,72,20,6,4,73,56,42,1,86,20,5,0,8,23,7,0.25,0.0884211,0.181053,0.488372,0.345263,0.357843,0.314279,0.703106,0.107843,7.85721,0.303406,,0.715263,57.132,1.5674,105.537,0.715263,-3,3.724504828453064,-1.254703164100647,1.89383,999,,,,,,,503.1,4.413157894,503.1,4.413157894,,,,,,,,,,,,,,,,,,,"Payton Eeles","sa3023622",823356
"Estevan Florial",,108,439,389,87,52,20,2,13,57,49,44,1,149,3,2,1,4,19,6,0.22365,0.100228,0.339408,0.295302,0.305936,0.385604,0.303331,0.69154,0.161954,6.29628,0.323144,,0.596504,48.9339,-2.4195,98.4035,0.596504,8.7,-0.20542079210281372,3.8609347343444824,1.89209,999,,,,,,,450.1,4.167592592,450.1,4.167592592,,,,,,,,,,,,,,,,,,,"Estevan Florial","19151",664314
"Sam Huff","SFG",107,433,398,92,59,20,0,13,42,49,31,1,142,3,1,0,8,0,0,0.231156,0.0715935,0.327945,0.21831,0.290993,0.379397,0.293031,0.67039,0.148241,1.16558,0.32377,,-0.726103,44.6753,-5.97625,88.8634,-0.726103,2.4,-6.492474555969238,10.354879379272461,1.88539,731.8499755859375,,,,,,,399.4,3.73271028,399.4,3.73271028,,,,,,,,,,,,,,,,,,,"Sam Huff","22209",669087
"Enrique Bradfield Jr.","BAL",109,464,410,100,77,14,3,6,71,45,37,0,84,6,3,8,2,38,10,0.243902,0.0797414,0.181034,0.440476,0.313596,0.336585,0.29022,0.650182,0.0926829,7.81793,0.291022,,2.60285,46.824,-7.45379,90.5617,2.60285,3.4,-2.4080917835235596,5.10487961769104,1.87932,999,,,,,,,437.3,4.011926605,437.3,4.011926605,,,,,,,,,,,,,,,,,,,"Enrique Bradfield Jr.","sa3022917",690961
"Leonardo Bernal","STL",111,431,395,92,65,16,2,9,43,44,32,0,104,2,2,0,5,4,4,0.232911,0.0742459,0.241299,0.307692,0.292343,0.351899,0.284226,0.644242,0.118987,3.61064,0.292254,,-1.60138,41.4144,-9.00313,82.4377,-1.60138,6.6,-10.652878642082214,14.518136501312256,1.87881,999,,,,,,,361,3.252252252,361,3.252252252,,,,,,,,,,,,,,,,,,,"Leonardo Bernal","sa3015773",699024
"Vinnie Pasquantino","KCR",127,534,474,125,71,30,2,22,60,79,47,2,69,5,7,1,11,1,0,0.263713,0.088015,0.129213,0.681159,0.332083,0.474684,0.344855,0.806766,0.21097,2.57515,0.264103,,-0.754983,77.3698,14.9035,121.9,-0.754983,-2.5,12.626087963581085,-12.310405731201172,1.87491,119.11000061035156,,,,,,,689.1,5.425984251,689.1,5.425984251,,,,,,,,,,,,,,,,,,,"Vinnie Pasquantino","27676",686469
"Jared Triolo","PIT",116,457,408,102,73,19,3,7,51,46,42,0,113,4,3,0,6,10,3,0.25,0.0919037,0.247265,0.371681,0.323851,0.362745,0.304465,0.686596,0.112745,5.18384,0.32646,,-0.154217,51.3573,-2.10166,92.0058,-0.154217,5.8,-4.522930353879929,7.479159474372864,1.87419,630.4500122070312,,,,,,,449.8,3.877586206,449.8,3.877586206,,,,,,,,,,,,,,,,,,,"Jared Triolo","25807",669707
"César Prieto","STL",129,525,495,130,92,27,2,9,58,59,19,0,70,6,2,3,17,4,5,0.262626,0.0361905,0.133333,0.271429,0.296935,0.379798,0.295074,0.676733,0.117172,3.51954,0.289474,,-2.14845,55.0306,-6.38287,89.7391,-2.14845,7.3,-8.590230703353882,9.229012489318848,1.86829,999,,,,,,,475.9,3.689147286,475.9,3.689147286,,,,,,,,,,,,,,,,,,,"Cesar Prieto","30163",693409
"Jose Miranda","MIN",122,484,445,119,79,26,2,12,50,60,28,1,78,7,4,0,16,3,1,0.267416,0.0578512,0.161157,0.358974,0.318182,0.41573,0.318207,0.733912,0.148315,3.38405,0.29805,,-0.69685,59.7445,3.12713,108.3,-0.69685,-3.8,3.899448573589325,-2.021634340286255,1.86374,365.8500061035156,,,,,,,528.9,4.335245901,528.9,4.335245901,,,,,,,,,,,,,,,,,,,"Jose Miranda","20538",669304
"Coco Montes","TBR",103,436,392,93,60,20,3,10,50,50,36,0,118,5,3,0,11,5,3,0.237245,0.0825688,0.270642,0.305085,0.307339,0.380102,0.301989,0.687441,0.142857,4.75007,0.310861,,-1.01215,48.1283,-2.87416,100.266,-1.01215,2.7,-0.8795336037874222,4.301998853683472,1.85767,999,,,,,,,422,4.097087378,422,4.097087378,,,,,,,,,,,,,,,,,,,"Coco Montes","21547",663796
"Thomas Saggese","STL",141,584,539,132,89,24,4,15,71,73,30,0,151,10,4,1,15,7,3,0.244898,0.0513699,0.258562,0.198675,0.295026,0.387755,0.297699,0.682781,0.142857,5.2413,0.310345,,-0.833142,62.4492,-5.86604,91.5063,-0.833142,-1.1,-6.7647212743759155,5.337389826774597,1.85746,694.5,,,,,,,558.5,3.960992907,558.5,3.960992907,,,,,,,,,,,,,,,,,,,"Thomas Saggese","27883",695336
"Gabriel Arias","CLE",108,380,352,88,56,18,3,11,43,45,22,1,103,4,2,0,10,9,3,0.25,0.0578947,0.271053,0.213592,0.3,0.411932,0.307714,0.711932,0.161932,5.61246,0.320833,,-0.0543054,43.6979,-0.753781,101.487,-0.0543054,0.5,0.5920877680182457,4.6887125968933105,1.85639,654.6400146484375,,,,,,,400.2,3.705555555,400.2,3.705555555,,,,,,,,,,,,,,,,,,,"Gabriel Arias","22563",672356
"Casey Schmitt","SFG",123,475,437,109,72,23,1,13,53,59,26,1,105,6,5,1,10,6,2,0.249428,0.0547368,0.221053,0.247619,0.297468,0.395881,0.300464,0.693349,0.146453,4.0369,0.296296,,-0.422932,51.8506,-3.71396,93.8668,-0.422932,4.3,-3.9066556990146637,6.045297026634216,1.85154,743.6099853515625,,,,,,,469.8,3.819512195,469.8,3.819512195,,,,,,,,,,,,,,,,,,,"Casey Schmitt","27577",669477
"C.J. Kayfus","CLE",120,507,444,108,65,25,7,11,63,64,48,0,146,11,4,0,7,4,1,0.243243,0.0946746,0.287968,0.328767,0.329389,0.405405,0.322185,0.734794,0.162162,5.86122,0.333333,,-0.583667,64.2071,4.89921,111.666,-0.583667,4,6.18367338180542,-5.314373970031738,1.83893,999,,,,,,,558.4,4.653333333,558.4,4.653333333,,,,,,,,,,,,,,,,,,,"C.J. Kayfus","33704",692216
"Spencer Steer","CIN",152,642,563,140,82,34,3,21,75,86,66,1,133,10,3,0,10,17,3,0.248668,0.102804,0.207165,0.496241,0.336449,0.431616,0.335037,0.768065,0.182948,5.18809,0.288835,,0.945871,87.9443,12.8444,108.695,0.945871,-4.1,7.620793461799622,-11.176719665527344,1.83673,177.8000030517578,,,,,,,786,5.171052631,786,5.171052631,,,,,,,,,,,,,,,,,,,"Spencer Steer","26323",668715
"Samuel Basallo","BAL",135,548,504,124,83,23,3,15,63,67,37,1,130,3,3,1,11,6,4,0.246032,0.0675182,0.237226,0.284615,0.299817,0.392857,0.301314,0.692674,0.146825,4.37649,0.301105,,-1.3829,60.1939,-3.91007,98.3653,-1.3829,-8.2,-2.4078786373138428,1.8676071166992188,1.83481,999,,,,,,,535.4,3.965925925,535.4,3.965925925,,,,,,,,,,,,,,,,,,,"Samuel Basallo","28824",694212
"Alek Thomas","ARI",119,447,409,104,68,21,5,10,59,52,29,0,86,4,3,2,7,9,3,0.254279,0.064877,0.192394,0.337209,0.307865,0.403423,0.309238,0.711288,0.149144,6.38415,0.297468,,-0.212154,51.9506,-0.338568,96.1702,-0.212154,3.5,-2.259288489818573,5.14241623878479,1.83231,558.010009765625,,,,,,,464.5,3.903361344,464.5,3.903361344,,,,,,,,,,,,,,,,,,,"Alek Thomas","23792",677950
"David Hamilton","BOS",110,439,397,91,61,16,4,10,57,46,38,0,107,2,1,1,2,36,7,0.229219,0.0865604,0.243736,0.35514,0.299087,0.365239,0.29301,0.664326,0.13602,7.91581,0.288256,,3.56782,45.2871,-6.06624,84.1047,3.56782,2.6,-4.416533946990967,7.439064979553223,1.82671,375.3900146484375,,,,,,,444.6,4.041818181,444.6,4.041818181,,,,,,,,,,,,,,,,,,,"David Hamilton","27531",666152
"Nathan Lukes","TOR",92,358,324,88,62,19,1,6,45,41,27,1,62,4,2,1,8,4,2,0.271605,0.075419,0.173184,0.435484,0.333333,0.391975,0.317939,0.725309,0.12037,4.13329,0.317829,,-0.736116,44.1141,2.23595,108.783,-0.736116,6.8,2.861830472946167,2.853792190551758,1.8254,743.3200073242188,,,,,,,381,4.141304347,381,4.141304347,,,,,,,,,,,,,,,,,,,"Nathan Lukes","18123",664770
"Andrew Navigato","DET",121,473,427,99,61,21,3,14,60,62,35,0,115,8,3,0,7,11,8,0.23185,0.0739958,0.243129,0.304348,0.300211,0.393443,0.303326,0.693654,0.161592,5.3352,0.282392,,-1.86086,52.7216,-2.60902,98.347,-1.86086,-0.6,-2.755477011203766,4.6138447523117065,1.82378,999,,,,,,,464.5,3.838842975,464.5,3.838842975,,,,,,,,,,,,,,,,,,,"Andrew Navigato","sa3010703",685382
"Miguel Rojas","LAD",106,372,340,87,63,18,1,5,38,37,24,0,44,4,2,2,9,7,2,0.255882,0.0645161,0.11828,0.545455,0.310811,0.358824,0.295637,0.669634,0.102941,4.29029,0.279863,,-0.128223,39.1618,-4.35402,90.3489,-0.128223,5.6,-4.421424210071564,9.700529098510742,1.82229,693.4299926757812,,,,,,,343.8,3.243396226,343.8,3.243396226,,,,,,,,,,,,,,,,,,,"Miguel Rojas","7802",500743
"Moisés Ballesteros","CHC",131,530,483,118,83,20,1,14,54,61,39,1,110,3,5,0,7,2,1,0.244306,0.0735849,0.207547,0.354545,0.301887,0.376812,0.296603,0.678698,0.132505,2.71506,0.285714,,-0.983667,56.2071,-5.79127,91.8462,-0.983667,-3.7,-6.151377558708191,6.036919355392456,1.80766,999,,,,,,,500.1,3.817557251,500.1,3.817557251,,,,,,,,,,,,,,,,,,,"Moises Ballesteros","28820",694208
"Denzel Clarke","ATH",109,451,408,89,55,17,5,12,56,53,33,0,163,8,2,0,5,16,5,0.218137,0.0731707,0.361419,0.202454,0.288248,0.372549,0.290172,0.660797,0.154412,7.34526,0.32766,,0.417295,45.4946,-7.26254,91.8735,0.417295,4.5,-3.7762789726257324,6.157113432884216,1.80184,739.5,,,,,,,420.4,3.856880733,420.4,3.856880733,,,,,,,,,,,,,,,,,,,"Denzel Clarke","29858",672016
"Gio Urshela",,116,427,398,107,77,19,2,9,40,44,23,1,75,1,5,0,14,1,0,0.268844,0.0538642,0.175644,0.306667,0.306792,0.394472,0.303365,0.701264,0.125628,2.95389,0.30721,,-0.589242,47.6079,-2.34175,101.154,-0.589242,1.5,-0.025335073471069336,3.0689300298690796,1.78749,522.22998046875,,,,,,,426.2,3.674137931,426.2,3.674137931,,,,,,,,,,,,,,,,,,,"Gio Urshela","10681",570482
"Kody Huff","CLE",101,381,342,75,54,15,1,5,38,35,32,0,104,5,1,1,9,3,0,0.219298,0.0839895,0.272966,0.307692,0.294737,0.312865,0.273474,0.607602,0.0935673,4.10826,0.299145,,-0.11821,33.313,-11.2556,77.4013,-0.11821,7.5,-9.969977013766766,14.499558925628662,1.78226,999,,,,,,,290.9,2.880198019,290.9,2.880198019,,,,,,,,,,,,,,,,,,,"Kody Huff","sa3019982",687627
"Jordan Lawlar","ARI",95,402,358,82,56,17,2,7,51,43,32,0,97,8,3,1,4,16,3,0.22905,0.079602,0.241294,0.329897,0.304239,0.346369,0.289382,0.650608,0.117318,6.40578,0.291829,,1.22731,40.2962,-6.72896,82.8058,1.22731,6.5,-7.038210868835449,10.931216716766357,1.78212,403.510009765625,,,,,,,369.7,3.891578947,369.7,3.891578947,,,,,,,,,,,,,,,,,,,"Jordan Lawlar","29976",691783
"Dylan Moore","TEX",124,367,313,65,35,16,3,11,46,37,41,1,105,10,2,1,6,24,5,0.207668,0.111717,0.286104,0.390476,0.31694,0.383387,0.309626,0.700326,0.175719,7.51504,0.271357,,2.10411,42.7677,-0.163268,107.968,2.10411,-4.5,5.449909925460815,-0.45458555221557617,1.78206,360.739990234375,,,,,,,402.5,3.245967741,402.5,3.245967741,,,,,,,,,,,,,,,,,,,"Dylan Moore","18042",664238
"Gage Workman","DET",126,525,479,108,68,22,5,13,66,65,40,1,185,3,3,0,7,16,7,0.22547,0.0761905,0.352381,0.216216,0.287619,0.373695,0.288522,0.661314,0.148225,6.67427,0.334507,,-0.503211,52.2621,-9.15141,86.4069,-0.503211,6.9,-9.036937952041626,8.829012393951416,1.78085,708.7899780273438,,,,,,,480.1,3.81031746,480.1,3.81031746,,,,,,,,,,,,,,,,,,,"Gage Workman","27573",669398
"José Caballero","NYY",127,422,373,83,56,18,1,8,50,42,32,1,105,11,4,2,3,37,11,0.22252,0.0758294,0.248815,0.304762,0.3,0.340483,0.284553,0.640483,0.117962,6.52324,0.284091,,2.17147,40.6609,-8.70385,88.0014,2.17147,2.1,-3.6221468448638916,6.751675605773926,1.77911,327.0899963378906,,,,,,,393.4,3.097637795,393.4,3.097637795,,,,,,,,,,,,,,,,,,,"Jose Caballero","23401",676609
"Max Kepler","PHI",113,442,395,95,57,19,2,17,56,57,39,0,89,5,3,0,4,3,0,0.240506,0.0882353,0.201357,0.438202,0.31448,0.427848,0.322607,0.742328,0.187342,4.28339,0.267123,,-0.197135,56.1255,4.42119,106.214,-0.197135,4.3,3.0870388448238373,-0.5721340179443359,1.77712,347.260009765625,,,,,,,501,4.433628318,501,4.433628318,,,,,,,,,,,,,,,,,,,"Max Kepler","12144",596146
"Logan Driscoll","TBR",87,346,315,75,51,17,1,6,38,40,22,1,86,6,3,0,4,1,1,0.238095,0.0635838,0.248555,0.255814,0.297688,0.355556,0.286879,0.653243,0.11746,3.17513,0.30531,,-0.820615,33.9858,-6.4886,89.6375,-0.820615,4.2,-4.923103392124176,10.556554794311523,1.77551,999,,,,,,,299.5,3.442528735,299.5,3.442528735,,,,,,,,,,,,,,,,,,,"Logan Driscoll","25475",686482
"César Salazar","HOU",89,337,291,66,44,14,1,7,33,44,29,1,61,12,4,1,8,2,1,0.226804,0.0860534,0.181009,0.47541,0.318452,0.353952,0.299202,0.672404,0.127148,3.35369,0.259912,,-0.66797,36.4442,-2.9774,95.8006,-0.66797,2,-2.2872371077537537,8.191211223602295,1.7724,999,,,,,,,314.7,3.535955056,314.7,3.535955056,,,,,,,,,,,,,,,,,,,"Cesar Salazar","21587",663967
"Nick Allen","ATL",131,494,443,111,83,21,1,6,54,53,38,0,78,3,3,7,9,10,5,0.250564,0.0769231,0.157895,0.487179,0.312115,0.343115,0.291089,0.65523,0.0925508,4.23325,0.290055,,-1.00369,50.197,-7.59012,84.3967,-1.00369,5.4,-10.221019506454468,10.84532642364502,1.76037,746.8900146484375,,,,,,,429.6,3.279389312,429.6,3.279389312,,,,,,,,,,,,,,,,,,,"Nick Allen","22277",669397
"Jorge Polanco","SEA",114,466,414,96,61,17,0,18,53,57,46,2,120,3,3,0,7,4,2,0.231884,0.0987124,0.257511,0.383333,0.311159,0.403382,0.311391,0.71454,0.171498,2.75225,0.27957,,-0.862394,54.9662,0.45443,109.209,-0.862394,-4.3,4.047688364982605,-2.5877721309661865,1.75848,412.9800109863281,,,,,,,491.1,4.307894736,491.1,4.307894736,,,,,,,,,,,,,,,,,,,"Jorge Polanco","13152",593871
"Jeimer Candelario","NYY",120,484,435,107,59,27,2,19,57,68,39,1,113,7,3,0,9,3,2,0.245977,0.0805785,0.233471,0.345133,0.316116,0.448276,0.329693,0.764392,0.202299,3.59718,0.287582,,-1.03082,64.2191,7.6017,105.098,-1.03082,-2.8,1.9197691679000854,-1.0216343402862549,1.75432,312.6600036621094,,,,,,,570.6,4.755,570.6,4.755,,,,,,,,,,,,,,,,,,,"Jeimer Candelario","13621",600869
"Willi Castro","CHC",149,551,489,120,79,25,4,12,76,56,41,0,127,16,4,1,7,16,6,0.245399,0.0744102,0.23049,0.322835,0.321818,0.386503,0.31227,0.708321,0.141104,6.3874,0.305085,,-0.303408,65.3824,0.927447,104.124,-0.303408,-9.8,2.296579420566559,-3.7263669967651367,1.75329,228.25,,,,,,,575.7,3.863758389,575.7,3.863758389,,,,,,,,,,,,,,,,,,,"Willi Castro","17338",650489
"Mike Yastrzemski","KCR",124,442,391,87,46,21,4,16,56,52,42,1,118,5,3,1,4,3,2,0.222506,0.0950226,0.266968,0.355932,0.303855,0.419437,0.313434,0.723292,0.196931,4.75351,0.273077,,-0.936116,52.8621,1.1578,102.596,-0.936116,6.7,0.4359317421913147,1.8278656005859375,1.75118,440.7799987792969,,,,,,,471.4,3.801612903,471.4,3.801612903,,,,,,,,,,,,,,,,,,,"Mike Yastrzemski","14854",573262
"Joey Loperfido","TOR",119,475,427,98,57,23,3,15,61,61,36,2,148,8,3,1,10,11,4,0.229508,0.0757895,0.311579,0.243243,0.299578,0.40281,0.304694,0.702388,0.173302,5.98086,0.310861,,-0.201375,53.4677,-2.09692,99.4668,-0.201375,6.8,-0.4911803603172302,1.5641093254089355,1.74956,597.6300048828125,,,,,,,488.3,4.103361344,488.3,4.103361344,,,,,,,,,,,,,,,,,,,"Joey Loperfido","29630",694388
"Dairon Blanco","KCR",111,323,290,76,54,13,3,6,54,38,22,0,77,6,2,3,5,40,9,0.262069,0.0681115,0.23839,0.285714,0.325,0.389655,0.313967,0.714655,0.127586,8.69318,0.334928,,3.70776,38.7688,0.984879,100.173,3.70776,5.9,3.7717622444033623,2.3395943641662598,1.74552,659.2100219726562,,,,,,,381.6,3.437837837,381.6,3.437837837,,,,,,,,,,,,,,,,,,,"Dairon Blanco","19779",680118
"Jorge Mateo","BAL",115,350,322,74,45,18,4,7,46,36,19,0,87,3,3,3,6,22,4,0.229814,0.0542857,0.248571,0.218391,0.276657,0.375776,0.283049,0.652433,0.145963,8.43302,0.290043,,2.25118,33.2997,-7.64258,85.5173,2.25118,7.4,-3.548734188079834,8.686008334159851,1.73807,698.1599731445312,,,,,,,329.8,2.867826086,329.8,2.867826086,,,,,,,,,,,,,,,,,,,"Jorge Mateo","17273",622761
"Darell Hernaiz","ATH",114,438,399,99,71,18,3,7,50,45,30,0,76,3,3,3,10,8,3,0.24812,0.0684932,0.173516,0.394737,0.303448,0.360902,0.29226,0.664351,0.112782,5.16913,0.288401,,-0.435831,44.9193,-6.31707,93.3424,-0.435831,1.1,-3.772397816181183,5.928042531013489,1.73373,750.6199951171875,,,,,,,396.3,3.476315789,396.3,3.476315789,,,,,,,,,,,,,,,,,,,"Darell Hernaiz","26224",687231
"Buddy Kennedy","TOR",121,491,426,103,69,20,3,11,60,58,53,1,105,7,5,0,11,4,2,0.241784,0.107943,0.213849,0.504762,0.331976,0.380282,0.314528,0.712257,0.138498,4.28097,0.292064,,-1.02024,59.1547,1.71851,100.776,-1.02024,-0.8,-0.5647965669631958,1.0040858387947083,1.73097,999,,,,,,,511.3,4.225619834,511.3,4.225619834,,,,,,,,,,,,,,,,,,,"Buddy Kennedy","22505",671083
"José Tena","WSN",139,580,538,137,94,27,3,13,64,64,32,0,158,4,3,3,7,12,6,0.254647,0.0551724,0.272414,0.202532,0.299827,0.388476,0.299997,0.688303,0.133829,5.02622,0.335135,,-1.05605,63.0943,-4.75301,91.9491,-1.05605,-2.3,-6.639890789985657,4.0932981967926025,1.72813,572.280029296875,,,,,,,560.8,4.034532374,560.8,4.034532374,,,,,,,,,,,,,,,,,,,"Jose Tena","23691",677588
"Drew Waters","KCR",118,469,416,97,55,26,6,10,66,52,44,0,140,5,3,1,7,15,5,0.233173,0.0938166,0.298507,0.314286,0.311966,0.396635,0.309974,0.7086,0.163462,7.55676,0.32342,,0.154156,54.7854,-0.077301,97.3643,0.154156,0.5,-1.2602752596139908,2.223250985145569,1.71751,999,,,,,,,492.3,4.172033898,492.3,4.172033898,,,,,,,,,,,,,,,,,,,"Drew Waters","20505",671221
"Jose Trevino","CIN",85,266,246,59,43,9,1,6,25,30,16,0,46,2,1,1,9,1,1,0.239837,0.0601504,0.172932,0.347826,0.290566,0.357724,0.285123,0.64829,0.117886,2.78639,0.271795,,-0.686444,25.7519,-5.3643,75.0994,-0.686444,11.5,-8.606930136680603,16.386831283569336,1.71667,579.6099853515625,,,,,,,225.7,2.655294117,225.7,2.655294117,,,,,,,,,,,,,,,,,,,"Jose Trevino","16725",624431
"Yoán Moncada","LAA",95,380,339,83,53,19,1,10,42,42,37,1,108,3,1,0,5,2,0,0.244838,0.0973684,0.284211,0.342593,0.323684,0.39528,0.315621,0.718964,0.150442,3.50667,0.328829,,-0.326103,46.1161,1.66447,104.033,-0.326103,1.1,1.4275074005126953,2.4962375164031982,1.71624,529.9299926757812,,,,,,,404.4,4.256842105,404.4,4.256842105,,,,,,,,,,,,,,,,,,,"Yoan Moncada","17232",660162
"Gavin Lux","CIN",129,465,411,107,73,21,3,10,63,45,48,1,101,2,3,1,5,7,2,0.260341,0.103226,0.217204,0.475248,0.338362,0.399027,0.32355,0.737389,0.138686,5.11574,0.320132,,-0.372888,59.399,5.00418,100.963,-0.372888,-0.8,0.16276973485946655,0.9085537791252136,1.70698,329.2300109863281,,,,,,,517.9,4.014728682,517.9,4.014728682,,,,,,,,,,,,,,,,,,,"Gavin Lux","19955",666158
"Jesús Bastidas","ATL",135,538,482,106,69,22,2,13,68,71,37,1,146,16,3,0,10,9,4,0.219917,0.0687732,0.271375,0.253425,0.295539,0.354772,0.287882,0.650311,0.134855,5.30212,0.285276,,-0.775009,53.279,-9.65515,87.8376,-0.775009,4.8,-8.261990129947662,6.77677857875824,1.70271,999,,,,,,,473.9,3.51037037,473.9,3.51037037,,,,,,,,,,,,,,,,,,,"Jesus Bastidas","sa916969",665846
"Lourdes Gurriel Jr.","ARI",130,525,486,133,90,26,2,15,59,67,30,1,93,5,4,0,14,5,1,0.273663,0.0571429,0.177143,0.322581,0.32,0.427984,0.323434,0.747984,0.154321,3.92603,0.308901,,-0.383667,67.0143,5.6008,105.725,-0.383667,1.6,3.2104315757751465,-4.187036871910095,1.70146,219.75999450683594,,,,,,,598.3,4.602307692,598.3,4.602307692,,,,,,,,,,,,,,,,,,,"Lourdes Gurriel Jr.","19238",666971
"Jake McCarthy","ARI",137,503,453,120,86,19,7,8,67,55,34,0,93,10,2,4,4,26,5,0.264901,0.0675944,0.184891,0.365591,0.328657,0.390728,0.316273,0.719386,0.125828,7.83306,0.316384,,2.14895,61.3071,2.46709,100.905,2.14895,-4.8,2.693423867225647,-2.9518226385116577,1.70011,220.74000549316406,,,,,,,556.6,4.062773722,556.6,4.062773722,,,,,,,,,,,,,,,,,,,"Jake McCarthy","21622",664983
"Jared Young","NYM",111,445,388,91,55,19,3,14,55,61,44,0,113,9,2,2,6,5,2,0.234536,0.0988764,0.253933,0.389381,0.325056,0.407216,0.321888,0.732273,0.17268,4.90553,0.292776,,-0.662394,56.2489,4.19366,109.833,-0.662394,-4.6,4.569983124732971,-2.9649323225021362,1.69345,750.719970703125,,,,,,,488.3,4.399099099,488.3,4.399099099,,,,,,,,,,,,,,,,,,,"Jared Young","20404",676724
"David Villar",,122,487,437,98,59,23,0,16,61,58,41,0,139,6,3,0,8,2,1,0.224256,0.0841889,0.285421,0.294964,0.297741,0.386728,0.300293,0.684469,0.162471,2.83441,0.287719,,-0.841603,53.0931,-3.87518,93.7511,-0.841603,2.9,-4.480723738670349,4.689388632774353,1.69342,999,,,,,,,470.9,3.859836065,470.9,3.859836065,,,,,,,,,,,,,,,,,,,"David Villar","24782",681584
"Max Muncy","ATH",101,402,360,85,56,19,1,9,46,48,28,0,126,8,2,4,7,5,2,0.236111,0.0696517,0.313433,0.222222,0.30402,0.369444,0.297246,0.673465,0.133333,4.37783,0.334802,,-0.536116,42.8406,-4.18456,96.8497,-0.536116,0.5,-1.985144853591919,4.931216716766357,1.69117,999,,,,,,,373.3,3.696039603,373.3,3.696039603,,,,,,,,,,,,,,,,,,,"Max Muncy","29779",691777
"Garrett Mitchell","MIL",86,308,272,67,42,14,2,9,41,39,30,0,95,4,1,1,4,15,3,0.246324,0.0974026,0.308442,0.315789,0.32899,0.411765,0.325,0.740755,0.165441,6.76333,0.343195,,1.18516,39.7034,3.67415,108.042,1.18516,0.8,4.1470783948898315,1.9316872954368591,1.68516,244.66000366210938,,,,,,,361.9,4.208139534,361.9,4.208139534,,,,,,,,,,,,,,,,,,,"Garrett Mitchell","27555",669003
"DJ LeMahieu",,100,408,360,88,67,14,1,6,42,38,42,1,72,2,3,1,12,1,2,0.244444,0.102941,0.176471,0.583333,0.324324,0.338889,0.296106,0.663213,0.0944444,2.28202,0.287719,,-1.47818,43.1058,-4.62123,92.0716,-1.47818,6.3,-5.179440975189209,7.799118399620056,1.67816,651.9500122070312,,,,,,,363.8,3.638,363.8,3.638,,,,,,,,,,,,,,,,,,,"DJ LeMahieu","9874",518934
"Tyler Gentry","KCR",121,500,442,107,69,24,2,12,56,59,47,0,146,7,3,1,9,7,2,0.242081,0.094,0.292,0.321918,0.322645,0.386878,0.312927,0.709523,0.144796,4.50866,0.33101,,-0.380781,59.5947,1.1057,99.441,-0.380781,5.7,-0.7005893886089325,0.1885361671447754,1.67212,999,,,,,,,520.7,4.303305785,520.7,4.303305785,,,,,,,,,,,,,,,,,,,"Tyler Gentry","27784",694355
"Ty France","TOR",138,562,497,130,88,29,0,13,61,63,40,1,103,21,4,0,18,1,0,0.261569,0.0711744,0.183274,0.38835,0.339858,0.39839,0.325516,0.738248,0.136821,2.12245,0.303896,,-0.968078,72.6791,6.93745,113.441,-0.968078,0,7.675300717353821,-10.324809074401855,1.66527,421.17999267578125,,,,,,,622.2,4.508695652,622.2,4.508695652,,,,,,,,,,,,,,,,,,,"Ty France","17982",664034
"Ramón Laureano","SDP",104,391,354,86,53,18,2,13,48,49,27,0,112,9,1,0,6,8,3,0.242938,0.0690537,0.286445,0.241071,0.31202,0.415254,0.317708,0.727275,0.172316,5.33539,0.317391,,-0.317445,48.1077,2.36927,109.897,-0.317445,3.2,4.110351085662842,-1.1099646091461182,1.65883,626.47998046875,,,,,,,428.2,4.117307692,428.2,4.117307692,,,,,,,,,,,,,,,,,,,"Ramon Laureano","17128",657656
"Jamie Westbrook","TBR",117,459,407,97,66,19,1,11,49,56,40,0,89,8,4,0,12,1,2,0.238329,0.087146,0.1939,0.449438,0.315904,0.371007,0.303899,0.686912,0.132678,2.36075,0.276527,,-1.50975,51.373,-2.31994,101.61,-1.50975,-0.3,-0.6642922759056091,1.3865079283714294,1.65814,999,,,,,,,440.7,3.766666666,440.7,3.766666666,,,,,,,,,,,,,,,,,,,"Jamie Westbrook","15504",642197
"Livan Soto","BAL",117,478,424,103,79,17,2,5,48,45,44,1,105,4,4,2,8,5,3,0.242925,0.0920502,0.219665,0.419048,0.317227,0.32783,0.288257,0.645057,0.0849057,3.90001,0.308176,,-1.20946,47.4815,-8.43399,89.1807,-1.20946,1.9,-7.1268991231918335,7.1689594984054565,1.65345,999,,,,,,,405.6,3.466666666,405.6,3.466666666,,,,,,,,,,,,,,,,,,,"Livan Soto","22471",670869
"TJ Friedl","CIN",116,449,393,97,66,15,4,12,53,56,37,0,73,11,4,4,2,12,3,0.246819,0.0824053,0.162584,0.506849,0.325843,0.396947,0.317718,0.722789,0.150127,5.85764,0.272436,,0.285245,55.2476,2.72444,97.038,0.285245,0.7,-1.3050796389579773,2.349764883518219,1.64931,247.4199981689453,,,,,,,487.7,4.204310344,487.7,4.204310344,,,,,,,,,,,,,,,,,,,"TJ Friedl","19522",670770
"Vaughn Grissom","BOS",115,485,432,112,82,21,2,7,60,52,41,0,87,10,2,0,11,11,3,0.259259,0.0845361,0.179381,0.471264,0.336082,0.365741,0.312633,0.701823,0.106481,5.26332,0.308824,,-0.0647114,57.6923,0.957928,97.9076,-0.0647114,-0.8,-1.2258847132325172,0.9820399880409241,1.64807,640.8599853515625,,,,,,,498.8,4.337391304,498.8,4.337391304,,,,,,,,,,,,,,,,,,,"Vaughn Grissom","26031",687093
"Kyle Isbel","KCR",123,404,365,87,56,18,5,8,57,43,28,0,82,5,2,4,6,12,3,0.238356,0.0693069,0.20297,0.341463,0.3,0.380822,0.297997,0.680822,0.142466,7.30232,0.285199,,0.482555,43.298,-3.9611,88.9393,0.482555,5.6,-4.630355060100555,7.084420800209045,1.64725,543.1400146484375,,,,,,,391.5,3.182926829,391.5,3.182926829,,,,,,,,,,,,,,,,,,,"Kyle Isbel","21614",664728
"Brett Wisely","ATL",126,467,419,103,70,22,2,9,56,51,38,0,107,3,3,4,7,8,6,0.245823,0.0813705,0.229122,0.35514,0.311015,0.372315,0.300845,0.68333,0.126492,4.54328,0.30719,,-1.7061,51.1205,-3.50824,94.1232,-1.7061,3.6,-4.9879724979400635,5.315902352333069,1.63707,749.219970703125,,,,,,,439,3.484126984,439,3.484126984,,,,,,,,,,,,,,,,,,,"Brett Wisely","27735",689172
"Eddys Leonard","ATL",114,483,441,103,66,21,3,13,55,53,28,0,123,12,2,0,9,5,4,0.23356,0.057971,0.254658,0.227642,0.296066,0.38322,0.297907,0.679286,0.14966,4.48798,0.29316,,-1.45662,51.7295,-4.77087,94.5351,-1.45662,-1.2,-4.476841926574707,4.124074220657349,1.62992,999,,,,,,,454.3,3.985087719,454.3,3.985087719,,,,,,,,,,,,,,,,,,,"Eddys Leonard","sa3005554",678760
"Mickey Gasper","MIN",97,361,308,80,54,18,1,7,46,44,42,0,59,8,3,0,8,3,1,0.25974,0.116343,0.163435,0.711864,0.360111,0.392857,0.334722,0.752968,0.133117,3.8993,0.297959,,-0.625818,49.3601,7.13105,119.917,-0.625818,2.7,7.60103315114975,-3.9321281909942627,1.62437,999,,,,,,,416.6,4.29484536,416.6,4.29484536,,,,,,,,,,,,,,,,,,,"Mickey Gasper","24759",681508
"Justin Crawford","PHI",113,496,462,126,94,22,4,6,72,51,24,0,106,3,2,5,8,25,7,0.272727,0.0483871,0.21371,0.226415,0.311609,0.376623,0.301091,0.688232,0.103896,7.23563,0.340909,,1.20997,54.393,-3.62809,91.7318,1.20997,1.1,-3.694038152694702,2.922457456588745,1.62308,999,,,,,,,495.5,4.384955752,495.5,4.384955752,,,,,,,,,,,,,,,,,,,"Justin Crawford","sa3020240",702222
"Brett Harris","ATH",110,450,394,87,63,14,1,9,52,49,42,0,93,10,2,2,13,5,3,0.220812,0.0933333,0.206667,0.451613,0.310268,0.329949,0.288598,0.640217,0.109137,3.83624,0.265306,,-1.12265,44.8237,-7.81643,90.7665,-1.12265,4.9,-5.876917839050293,6.553439259529114,1.62237,999,,,,,,,381.2,3.465454545,381.2,3.465454545,,,,,,,,,,,,,,,,,,,"Brett Harris","29788",695391
"Jack Dunn",,113,427,367,83,64,12,2,5,49,38,47,1,81,6,2,5,12,11,4,0.226158,0.11007,0.189696,0.580247,0.322275,0.310627,0.287249,0.632902,0.0844687,5.17465,0.275618,,-0.335547,42.0692,-7.88046,87.0383,-0.335547,3.3,-6.668327450752258,8.006789922714233,1.61139,999,,,,,,,359.7,3.18318584,359.7,3.18318584,,,,,,,,,,,,,,,,,,,"Jack Dunn","sa3010029",686639
"Daz Cameron","MIL",110,404,363,87,57,19,2,9,52,48,32,0,104,5,4,0,5,12,3,0.239669,0.0792079,0.257426,0.307692,0.306931,0.37741,0.300424,0.684341,0.137741,6.09035,0.307087,,0.443093,44.0873,-3.17187,97.7396,0.443093,1.2,-0.6018092036247253,2.684420943260193,1.60889,999,,,,,,,400.7,3.642727272,400.7,3.642727272,,,,,,,,,,,,,,,,,,,"Daz Cameron","18353",663662
"Anthony Prato","PIT",115,450,383,87,56,22,5,4,53,46,53,0,114,9,2,3,10,8,3,0.227154,0.117778,0.253333,0.464912,0.333333,0.342037,0.304535,0.67537,0.114883,5.91524,0.310861,,-0.546325,50.596,-2.04411,98.6829,-0.546325,0.1,-1.2244811058044434,1.7534391656517982,1.60713,999,,,,,,,426.9,3.712173913,426.9,3.712173913,,,,,,,,,,,,,,,,,,,"Anthony Prato","sa1052903",668791
"Pedro León","HOU",120,524,468,101,60,23,2,16,66,71,39,1,168,12,2,3,8,20,9,0.215812,0.0744275,0.320611,0.232143,0.291747,0.376068,0.29338,0.667815,0.160256,6.04912,0.297203,,-0.513224,54.2117,-7.08481,91.7056,-0.513224,1.6,-5.486286103725433,3.525338053703308,1.60528,749.3400268554688,,,,,,,491.9,4.099166666,491.9,4.099166666,,,,,,,,,,,,,,,,,,,"Pedro Leon","27781",694175
"Oswaldo Cabrera","NYY",113,387,351,84,55,17,1,11,47,46,29,0,83,2,2,3,5,8,3,0.239316,0.0749354,0.21447,0.349398,0.299479,0.387464,0.30047,0.686944,0.148148,4.57503,0.281853,,-0.293768,42.2463,-3.02419,95.1411,-0.293768,3.6,-2.4453330636024475,5.021957635879517,1.60126,531.260009765625,,,,,,,377.6,3.34159292,377.6,3.34159292,,,,,,,,,,,,,,,,,,,"Oswaldo Cabrera","21707",665828
"Riley Unroe","DET",98,352,307,71,49,14,2,6,43,32,36,0,84,2,1,6,2,12,4,0.23127,0.102273,0.238636,0.428571,0.315029,0.348534,0.296222,0.663563,0.117264,5.88586,0.298165,,0.0933337,37.222,-3.95432,93.3497,0.0933337,5,-2.5851531699299812,6.293356895446777,1.59738,999,,,,,,,324.6,3.312244897,324.6,3.312244897,,,,,,,,,,,,,,,,,,,"Riley Unroe","sa737614",624523
"Mason McCoy","SDP",120,464,419,88,57,20,3,8,49,44,35,0,147,2,3,5,9,14,4,0.210024,0.075431,0.31681,0.238095,0.272331,0.329356,0.265954,0.601687,0.119332,6.16819,0.299625,,0.438087,37.7618,-16.516,72.3488,0.438087,9.8,-14.904299557209015,14.91463851928711,1.59398,999,,,,,,,350.5,2.920833333,350.5,2.920833333,,,,,,,,,,,,,,,,,,,"Mason McCoy","22232",669200
"Willie MacIver","ATH",91,358,317,67,44,14,1,8,32,37,30,0,108,7,3,1,8,7,3,0.211356,0.0837989,0.301676,0.277778,0.291317,0.337539,0.280279,0.628856,0.126183,4.22344,0.289216,,-0.454305,33.2627,-8.61542,84.9148,-0.454305,3.5,-6.633605241775513,10.077013492584229,1.59073,999,,,,,,,295.6,3.248351648,295.6,3.248351648,,,,,,,,,,,,,,,,,,,"Willie MacIver","24641",680862
"Kerry Carpenter","DET",114,432,393,100,61,19,2,18,50,65,30,2,105,6,3,0,8,2,3,0.254453,0.0694444,0.243056,0.285714,0.314815,0.450382,0.328624,0.765197,0.195929,3.06958,0.300366,,-1.5648,56.9479,6.41341,116.142,-1.5648,-0.7,6.414413928985596,-5.46190470457077,1.58878,191.8800048828125,,,,,,,506.1,4.439473684,506.1,4.439473684,,,,,,,,,,,,,,,,,,,"Kerry Carpenter","25961",681481
"Tre' Morgan","TBR",110,461,417,114,84,20,1,9,63,56,36,0,63,6,2,0,3,10,5,0.273381,0.0780911,0.136659,0.571429,0.338395,0.390887,0.321733,0.729282,0.117506,4.55045,0.302594,,-1.01948,58.2139,4.28696,114.154,-1.01948,2,6.4466716051101685,-6.469283103942871,1.58812,999,,,,,,,500.7,4.551818181,500.7,4.551818181,,,,,,,,,,,,,,,,,,,"Tre' Morgan","sa3022919",691003
"Will Brennan","CLE",129,466,432,120,85,25,2,8,50,51,26,2,66,5,3,0,8,9,3,0.277778,0.055794,0.141631,0.393939,0.324034,0.400463,0.314706,0.724497,0.122685,4.45035,0.310249,,-0.314755,56.2095,1.69772,106.404,-0.314755,1.8,3.1000231206417084,-3.336684465408325,1.58326,674.5,,,,,,,500.8,3.882170542,500.8,3.882170542,,,,,,,,,,,,,,,,,,,"Will Brennan","25660",686823
"Jair Camargo","ATL",89,357,330,75,48,14,1,12,36,45,20,1,129,5,2,0,12,2,1,0.227273,0.0560224,0.361345,0.155039,0.280112,0.384848,0.288663,0.664961,0.157576,3.32369,0.329843,,-0.573261,35.5789,-6.18231,87.5181,-0.573261,2.5,-5.671905994415283,9.058641910552979,1.58143,999,,,,,,,325.1,3.652808988,325.1,3.652808988,,,,,,,,,,,,,,,,,,,"Jair Camargo","21730",665856
"Triston Casas","BOS",108,417,357,88,50,18,1,19,50,58,56,3,111,2,2,0,8,0,0,0.246499,0.134293,0.266187,0.504505,0.35012,0.462185,0.350634,0.812305,0.215686,1.81786,0.30131,,-0.828704,62.3576,13.5777,124.638,-0.828704,-1.9,10.927005290985107,-9.560934901237488,1.57974,127.68000030517578,,,,,,,546.3,5.058333333,546.3,5.058333333,,,,,,,,,,,,,,,,,,,"Triston Casas","22514",671213
"Andruw Monasterio","MIL",108,380,334,83,58,17,2,6,51,37,39,0,94,4,3,0,7,13,4,0.248503,0.102632,0.247368,0.414894,0.331579,0.365269,0.309735,0.696848,0.116766,6.0206,0.324895,,0.18284,44.3157,-0.13593,97.7671,0.18284,2.1,-0.8318133354187012,3.4962373971939087,1.57971,750.3099975585938,,,,,,,390.4,3.614814814,390.4,3.614814814,,,,,,,,,,,,,,,,,,,"Andruw Monasterio","19455",655316
"Dylan Carlson","BAL",116,399,346,84,57,17,2,8,45,45,40,0,87,8,5,0,4,4,1,0.242775,0.100251,0.218045,0.45977,0.330827,0.372832,0.311996,0.703659,0.130058,4.28399,0.296875,,-0.433711,47.2579,0.583622,105.88,-0.433711,4.1,2.2505529522895813,-0.29814815521240234,1.57819,743.77001953125,,,,,,,409.1,3.526724137,409.1,3.526724137,,,,,,,,,,,,,,,,,,,"Dylan Carlson","20126",666185
"Mike Tauchman","CHW",114,372,318,78,53,16,1,8,55,34,48,1,83,4,2,0,5,6,1,0.245283,0.129032,0.223118,0.578313,0.349462,0.377358,0.323608,0.726821,0.132075,5.02024,0.305677,,-0.0258183,47.5365,4.02069,110.912,-0.0258183,2.3,4.6187558472156525,-1.8005292415618896,1.57446,519.6300048828125,,,,,,,410.7,3.602631578,410.7,3.602631578,,,,,,,,,,,,,,,,,,,"Mike Tauchman","15274",643565
"Travis Bazzana","CLE",117,511,452,95,62,21,0,12,65,59,50,0,161,9,0,0,0,9,2,0.210177,0.0978474,0.315068,0.310559,0.30137,0.336283,0.286777,0.637653,0.126106,4.39107,0.297491,,0.0350041,50.1509,-9.6249,86.7588,0.0350041,4,-7.707026042044163,5.877572059631348,1.57401,999,,,,,,,442.2,3.779487179,442.2,3.779487179,,,,,,,,,,,,,,,,,,,"Travis Bazzana","sa3025129",683953
"Oliver Dunn","MIL",96,342,303,66,40,15,3,8,38,35,35,1,119,3,0,1,2,8,2,0.217822,0.102339,0.347953,0.294118,0.304985,0.366337,0.296596,0.671322,0.148515,6.16557,0.329545,,0.182271,36.2677,-3.73881,88.9241,0.182271,6.9,-4.347390502691269,8.156613826751709,1.56749,638.4099731445312,,,,,,,326,3.395833333,326,3.395833333,,,,,,,,,,,,,,,,,,,"Oliver Dunn","26295",686554
"Josh Jung","TEX",87,358,331,83,53,16,1,13,43,47,21,0,99,4,2,0,5,3,1,0.250755,0.0586592,0.276536,0.212121,0.301676,0.422961,0.313936,0.724637,0.172205,3.94485,0.316742,,-0.420615,42.9607,1.08259,104.637,-0.420615,0.4,1.4789185225963593,1.715402752161026,1.565,207.57000732421875,,,,,,,386,4.436781609,386,4.436781609,,,,,,,,,,,,,,,,,,,"Josh Jung","26299",673962
"Tanner Murray","TBR",103,405,382,99,65,25,2,7,48,48,17,0,80,5,1,0,9,2,1,0.259162,0.0419753,0.197531,0.2125,0.298765,0.390052,0.300039,0.688818,0.13089,4.01421,0.310811,,-0.691647,44.0706,-3.30547,98.8941,-0.691647,1.3,-1.2041282653808594,2.788095235824585,1.56084,999,,,,,,,389.1,3.777669902,389.1,3.777669902,,,,,,,,,,,,,,,,,,,"Tanner Murray","sa3016805",695020
"Trevor Story","BOS",79,319,287,67,38,18,1,10,38,39,25,2,93,4,3,0,6,10,3,0.233449,0.0783699,0.291536,0.268817,0.30094,0.407665,0.305684,0.708606,0.174216,5.34855,0.304813,,0.271973,36.1619,-1.1541,93.0195,0.271973,3.1,-2.275932341814041,6.616313934326172,1.54882,253.11000061035156,,,,,,,337.7,4.274683544,337.7,4.274683544,,,,,,,,,,,,,,,,,,,"Trevor Story","12564",596115
"Luke Adams","MIL",110,439,348,62,38,12,1,11,44,63,53,1,127,35,3,0,10,14,6,0.178161,0.120729,0.289294,0.417323,0.341686,0.313218,0.305332,0.654904,0.135057,5.0058,0.239437,,-0.616591,49.6408,-1.71255,94.804,-0.616591,2,-3.3443007469177246,3.613021731376648,1.53484,999,,,,,,,416.9,3.79,416.9,3.79,,,,,,,,,,,,,,,,,,,"Luke Adams","sa3020135",702726
"Alex Verdugo",,141,590,533,139,95,30,2,12,76,61,47,1,90,3,6,1,12,3,2,0.260788,0.079661,0.152542,0.522222,0.320883,0.39212,0.311278,0.713003,0.131332,3.59752,0.290618,,-1.34652,69.5391,0.521996,97.9853,-1.34652,4.5,-2.767954111099243,-2.0035271644592285,1.53268,575,,,,,,,606.7,4.302836879,606.7,4.302836879,,,,,,,,,,,,,,,,,,,"Alex Verdugo","17027",657077
"Blake Perkins","MIL",112,404,355,80,55,16,2,7,48,40,42,1,105,2,4,1,4,16,4,0.225352,0.10396,0.259901,0.4,0.307692,0.340845,0.288028,0.648537,0.115493,6.12077,0.295547,,0.806517,40.0563,-7.20287,83.1567,0.806517,7.2,-7.330576539039612,8.684420704841614,1.52675,653.9299926757812,,,,,,,367.8,3.283928571,367.8,3.283928571,,,,,,,,,,,,,,,,,,,"Blake Perkins","19921",663368
"Eli White","ATL",99,334,299,71,51,10,2,8,45,37,28,0,96,6,1,0,3,15,3,0.237458,0.0838323,0.287425,0.291667,0.314371,0.364549,0.301513,0.67892,0.12709,6.67749,0.321429,,1.11412,36.7409,-2.32973,91.4123,1.11412,4.7,-2.315785765647888,5.927219033241272,1.5196,750.8099975585938,,,,,,,336.3,3.396969696,336.3,3.396969696,,,,,,,,,,,,,,,,,,,"Eli White","19346",642201
"Daniel Schneemann","CLE",118,441,390,89,56,20,3,10,48,46,46,0,117,1,3,1,6,7,3,0.228205,0.104308,0.265306,0.393162,0.309091,0.371795,0.300343,0.680886,0.14359,4.93221,0.296992,,-0.627939,48.096,-3.49137,96.3011,-0.627939,-2.4,-2.494369328022003,2.461111068725586,1.51802,723.2000122070312,,,,,,,423.4,3.588135593,423.4,3.588135593,,,,,,,,,,,,,,,,,,,"Daniel Schneemann","25180",682177
"Milan Tolentino","CLE",117,471,426,97,67,22,2,6,52,44,39,0,147,3,3,0,7,11,3,0.2277,0.0828025,0.312102,0.265306,0.295117,0.330986,0.278528,0.626103,0.103286,5.30971,0.32971,,0.124707,43.098,-11.9987,80.9561,0.124707,3.9,-10.138468243181705,9.091799259185791,1.51685,999,,,,,,,387.3,3.31025641,387.3,3.31025641,,,,,,,,,,,,,,,,,,,"Milan Tolentino","sa3014544",675455
"Brendan Rodgers","HOU",124,500,462,112,75,24,1,12,55,58,30,1,118,5,2,1,16,1,0,0.242424,0.06,0.236,0.254237,0.294589,0.376623,0.293185,0.671213,0.134199,2.85182,0.299401,,-0.660274,51.65,-6.83902,91.568,-0.660274,1.5,-5.484269618988037,3.3371546268463135,1.50325,561.8900146484375,,,,,,,460.2,3.711290322,460.2,3.711290322,,,,,,,,,,,,,,,,,,,"Brendan Rodgers","17907",663898
"Jarred Kelenic",,126,476,428,108,65,24,3,16,56,63,42,2,134,2,3,1,7,9,4,0.252336,0.0882353,0.281513,0.313433,0.32,0.434579,0.325554,0.754579,0.182243,5.05237,0.327402,,-0.664515,61.5719,5.89033,107.594,-0.664515,0.3,3.657897710800171,-4.946913421154022,1.50098,502.82000732421875,,,,,,,551.8,4.379365079,551.8,4.379365079,,,,,,,,,,,,,,,,,,,"Jarred Kelenic","22558",672284
"Kevin McGonigle","DET",76,321,285,69,49,13,3,4,40,30,29,0,37,1,4,2,7,10,2,0.242105,0.0903427,0.115265,0.783784,0.310345,0.350877,0.292115,0.661222,0.108772,6.35474,0.262097,,0.566486,32.883,-4.66696,90.4613,0.566486,3.2,-2.9369972348213196,6.7383599281311035,1.50005,999,,,,,,,297.2,3.910526315,297.2,3.910526315,,,,,,,,,,,,,,,,,,,"Kevin McGonigle","sa3022895",805808
"Evan Carter","TEX",106,432,377,89,58,17,4,10,55,49,47,1,112,6,2,0,2,10,3,0.236074,0.108796,0.259259,0.419643,0.328704,0.381963,0.314018,0.710667,0.145889,5.98409,0.307393,,-0.0831857,51.8693,1.33476,104.695,-0.0831857,2.6,2.237384095788002,-2.161904811859131,1.4982,306.04998779296875,,,,,,,457.1,4.31226415,457.1,4.31226415,,,,,,,,,,,,,,,,,,,"Evan Carter","27790",694497
"Freddy Fermin","SDP",96,342,310,78,55,15,1,7,36,39,25,0,64,2,4,1,11,1,0,0.251613,0.0730994,0.187135,0.390625,0.307918,0.374194,0.298876,0.682111,0.122581,3.12775,0.292181,,-0.447179,36.8951,-3.11138,89.5573,-0.447179,1.3,-4.533611565828323,7.583068609237671,1.49484,376.2200012207031,,,,,,,324.7,3.382291666,324.7,3.382291666,,,,,,,,,,,,,,,,,,,"Freddy Fermin","21840",666023
"Isaac Collins","MIL",115,476,414,95,61,20,4,10,59,53,50,1,111,7,3,2,5,17,5,0.229469,0.105042,0.233193,0.45045,0.320675,0.369565,0.305577,0.69024,0.140097,6.50032,0.287162,,0.451555,53.9183,-1.76323,94.9685,0.451555,6.3,-2.41239470243454,1.053086757659912,1.49372,999,,,,,,,482.1,4.192173913,482.1,4.192173913,,,,,,,,,,,,,,,,,,,"Isaac Collins","25477",686555
"RJ Schreck","TOR",124,508,437,97,60,23,2,12,52,59,58,1,105,11,2,0,8,7,2,0.221968,0.114173,0.206693,0.552381,0.326772,0.366133,0.309137,0.692904,0.144165,4.3052,0.263975,,-0.420243,58.9989,-0.425937,102.592,-0.420243,2,1.0864859223365784,-3.599647045135498,1.49305,999,,,,,,,511.8,4.127419354,511.8,4.127419354,,,,,,,,,,,,,,,,,,,"RJ Schreck","sa3022602",702302
"Jesus Rodriguez","SFG",94,375,342,87,63,13,3,8,45,43,27,0,66,4,2,0,10,8,3,0.254386,0.072,0.176,0.409091,0.314667,0.380117,0.305359,0.694784,0.125731,5.51657,0.292593,,-0.356907,42.4119,-1.45491,98.5799,-0.356907,-4,-0.9662578105926514,2.8893299102783203,1.49236,999,,,,,,,375,3.989361702,375,3.989361702,,,,,,,,,,,,,,,,,,,"Jesus Rodriguez","sa3008916",683679
"Drew Millas","WSN",88,336,303,73,52,13,2,6,34,34,29,1,64,2,2,0,7,8,1,0.240924,0.0863095,0.190476,0.453125,0.309524,0.356436,0.293643,0.665959,0.115512,5.38452,0.285106,,0.547815,34.8326,-4.47199,87.672,0.547815,1.5,-4.405485033988953,7.672839641571045,1.49093,999,,,,,,,316.7,3.598863636,316.7,3.598863636,,,,,,,,,,,,,,,,,,,"Drew Millas","25643",686452
"David Bote","LAD",91,313,282,65,40,16,1,8,32,41,23,0,76,5,2,1,11,2,1,0.230496,0.0734824,0.242812,0.302632,0.298077,0.379433,0.297363,0.67751,0.148936,3.45913,0.285,,-0.541691,33.3856,-3.22858,91.5108,-0.541691,6.6,-3.7190945744514465,7.750058650970459,1.49083,750.75,,,,,,,294.3,3.234065934,294.3,3.234065934,,,,,,,,,,,,,,,,,,,"David Bote","14593",623520
"Christian Koss","SFG",103,393,360,89,61,18,3,7,48,42,20,0,90,6,3,4,7,8,3,0.247222,0.0508906,0.229008,0.222222,0.29563,0.372222,0.291993,0.667852,0.125,5.90036,0.308271,,-0.30166,40.2198,-5.75254,88.1647,-0.30166,2.9,-5.86370313167572,7.232010841369629,1.49048,999,,,,,,,358.3,3.478640776,358.3,3.478640776,,,,,,,,,,,,,,,,,,,"Christian Koss","27653",683766
"Myles Straw","TOR",133,499,449,107,81,20,4,2,57,36,41,1,96,1,4,4,9,21,3,0.238307,0.0821643,0.192385,0.427083,0.30101,0.314031,0.273789,0.615041,0.0757238,6.75275,0.295775,,2.02211,43.7569,-14.6152,77.7275,2.02211,6.6,-10.6946382522583,8.433480262756348,1.48803,744.489990234375,,,,,,,407.3,3.062406015,407.3,3.062406015,,,,,,,,,,,,,,,,,,,"Myles Straw","17620",664702
"Alejandro Osuna","TEX",110,456,405,100,64,21,3,12,61,58,34,1,124,7,3,7,4,10,5,0.246914,0.0745614,0.27193,0.274194,0.314031,0.402469,0.312323,0.7165,0.155556,5.80415,0.323529,,-0.845844,54.1288,0.786753,103.502,-0.845844,-3.5,0.9814810752868652,-1.8245149850845337,1.48614,999,,,,,,,473.8,4.307272727,473.8,4.307272727,,,,,,,,,,,,,,,,,,,"Alejandro Osuna","27915",696030
"Ronny Mauricio","NYM",134,585,552,129,85,23,3,18,64,73,27,1,143,4,2,0,11,15,7,0.233696,0.0461538,0.244444,0.188811,0.273504,0.384058,0.284689,0.657562,0.150362,5.15048,0.282443,,-0.742673,56.4305,-12.0017,84.7956,-0.742673,4.1,-11.378843784332275,6.2494707107543945,1.47855,644,,,,,,,525.3,3.920149253,525.3,3.920149253,,,,,,,,,,,,,,,,,,,"Ronny Mauricio","23698",677595
"Jorbit Vivas","NYY",119,529,466,105,75,19,3,8,62,55,44,0,86,15,4,0,10,11,4,0.225322,0.0831758,0.162571,0.511628,0.310019,0.330472,0.287815,0.640491,0.10515,5.50907,0.257979,,-0.47761,52.3593,-9.52206,86.2392,-0.47761,3.5,-8.806860536336899,5.4437096118927,1.47771,750.260009765625,,,,,,,456.1,3.832773109,456.1,3.832773109,,,,,,,,,,,,,,,,,,,"Jorbit Vivas","23917",678391
"Maximo Acosta","MIA",113,469,433,110,79,21,2,8,55,45,27,0,86,4,4,1,12,15,7,0.254042,0.0575693,0.183369,0.313953,0.301282,0.367206,0.292869,0.668488,0.113164,5.43607,0.297376,,-0.703211,48.3284,-6.53433,84.1652,-0.703211,3.1,-9.583897113800049,8.269752979278564,1.47435,999,,,,,,,432.4,3.826548672,432.4,3.826548672,,,,,,,,,,,,,,,,,,,"Maximo Acosta","27963",691185
"Luisangel Acuña","NYM",139,592,553,136,103,21,4,8,79,55,33,0,124,2,2,2,11,30,11,0.245931,0.0557432,0.209459,0.266129,0.289831,0.341772,0.278132,0.631603,0.0958409,6.78217,0.3026,,0.455775,53.9813,-15.2698,80.382,0.455775,1.5,-13.432151734828949,8.025573253631592,1.47395,417.0899963378906,,,,,,,498.7,3.587769784,498.7,3.587769784,,,,,,,,,,,,,,,,,,,"Luisangel Acuna","26548",682668
"Ezequiel Duran","TEX",121,452,421,103,67,22,3,11,52,51,25,1,110,4,2,0,9,8,5,0.244656,0.0553097,0.243363,0.227273,0.292035,0.389549,0.295804,0.681584,0.144893,4.96506,0.304636,,-1.17481,47.6446,-5.22946,91.8829,-1.17481,2.8,-5.372823119163513,4.460787773132324,1.46521,722.4199829101562,,,,,,,428.3,3.539669421,428.3,3.539669421,,,,,,,,,,,,,,,,,,,"Ezequiel Duran","23733",677649
"Luis Vázquez","BAL",106,416,373,88,63,16,1,8,43,47,27,0,102,7,4,5,11,4,5,0.235925,0.0649038,0.245192,0.264706,0.296837,0.348525,0.285289,0.645362,0.112601,3.2432,0.299625,,-1.9906,40.329,-8.3339,87.0927,-1.9906,3.8,-8.134350061416626,8.38553786277771,1.46114,999,,,,,,,342.7,3.233018867,342.7,3.233018867,,,,,,,,,,,,,,,,,,,"Luis Vazquez","23442",676679
"Joey Bart","PIT",90,319,286,71,48,12,0,11,40,39,26,0,87,6,1,0,6,0,0,0.248252,0.0815047,0.272727,0.298851,0.322884,0.405594,0.32025,0.728478,0.157343,1.62542,0.31746,,-0.631394,39.9017,2.58571,102.63,-0.631394,-2.7,0.3718456029891968,3.1605231761932373,1.45994,258.5799865722656,,,,,,,345.8,3.842222222,345.8,3.842222222,,,,,,,,,,,,,,,,,,,"Joey Bart","21524",663698
"Derek Hill","CHW",99,375,343,89,61,14,4,10,49,45,23,0,102,3,3,3,4,10,3,0.259475,0.0613333,0.272,0.22549,0.30914,0.411079,0.3124,0.720218,0.151604,6.58696,0.337607,,0.0983401,44.5372,0.670433,97.3114,0.0983401,1.4,-1.1073093190789223,2.7778658866882324,1.4599,581.030029296875,,,,,,,401.4,4.054545454,401.4,4.054545454,,,,,,,,,,,,,,,,,,,"Derek Hill","16947",656537
"Jeferson Quero","MIL",94,399,364,83,58,13,0,12,42,46,30,0,91,2,3,0,11,3,0,0.228022,0.075188,0.22807,0.32967,0.288221,0.362637,0.286107,0.650858,0.134615,3.15343,0.268939,,-0.110318,38.9437,-7.73051,81.864,-0.110318,2.3,-8.763486683368683,9.630246877670288,1.45928,745.1900024414062,,,,,,,353,3.755319148,353,3.755319148,,,,,,,,,,,,,,,,,,,"Jeferson Quero","sa3015407",691620
"Brooks Lee","MIN",101,427,395,98,65,22,1,10,46,50,28,2,72,1,3,0,13,4,2,0.248101,0.0655738,0.168618,0.388889,0.297424,0.38481,0.295606,0.682234,0.136709,3.51509,0.278481,,-0.736116,44.9413,-5.00834,92.402,-0.736116,-0.4,-4.448315858840942,4.306789964437485,1.45854,420.2699890136719,,,,,,,406.3,4.022772277,406.3,4.022772277,,,,,,,,,,,,,,,,,,,"Brooks Lee","31595",686797
"Miguel Amaya","CHC",99,332,292,71,47,14,1,9,32,41,25,0,68,9,3,3,4,0,0,0.243151,0.0753012,0.204819,0.367647,0.319149,0.390411,0.312307,0.70956,0.14726,1.92016,0.284404,,-0.639286,39.4054,0.568657,102.416,-0.639286,-3.4,0.3199807405471802,2.6993532180786133,1.45158,340.9800109863281,,,,,,,338.5,3.419191919,338.5,3.419191919,,,,,,,,,,,,,,,,,,,"Miguel Amaya","21693",665804
"Yasmani Grandal","BOS",88,320,277,64,45,10,0,9,29,30,38,0,67,2,2,1,9,1,0,0.231047,0.11875,0.209375,0.567164,0.326019,0.364621,0.308136,0.69064,0.133574,1.85758,0.270936,,-0.470856,36.9067,-0.526272,94.4763,-0.470856,0.1,-2.58456152677536,5.978894807398319,1.44912,744.8699951171875,,,,,,,316.9,3.601136363,316.9,3.601136363,,,,,,,,,,,,,,,,,,,"Yasmani Grandal","11368",518735
"Nick Dunn","PHI",109,428,388,96,73,16,2,5,43,40,33,0,56,4,3,0,12,1,2,0.247423,0.0771028,0.130841,0.589286,0.310748,0.337629,0.288519,0.648377,0.0902062,2.89115,0.275758,,-1.47818,42.605,-7.46159,93.12,-1.47818,3,-4.84745192527771,4.572604298591614,1.44822,999,,,,,,,361.7,3.318348623,361.7,3.318348623,,,,,,,,,,,,,,,,,,,"Nick Dunn","sa915613",680709
"Braxton Fulford","COL",96,376,331,76,49,17,2,8,45,45,29,0,100,12,3,1,7,5,2,0.229607,0.0771277,0.265957,0.29,0.312,0.365559,0.300622,0.677559,0.135952,5.1,0.300885,,-0.520331,41.0915,-2.89226,78.9007,-0.520331,4.6,-10.007093787193298,11.507701396942139,1.44578,999,,,,,,,357.4,3.722916666,357.4,3.722916666,,,,,,,,,,,,,,,,,,,"Braxton Fulford","29704",690924
"Spencer Jones","NYY",123,535,491,110,64,26,5,15,62,66,39,1,213,3,2,0,5,17,7,0.224033,0.0728972,0.398131,0.183099,0.284112,0.389002,0.292296,0.673114,0.164969,6.79409,0.358491,,-0.263749,54.883,-7.70023,89.3917,-0.263749,0.9,-6.757642298936844,2.8657554388046265,1.44381,999,,,,,,,508.6,4.134959349,508.6,4.134959349,,,,,,,,,,,,,,,,,,,"Spencer Jones","sa3019969",682987
"Christopher Morel","TBR",144,579,517,119,71,21,3,24,72,77,52,2,162,6,3,1,11,9,5,0.230174,0.08981,0.279793,0.320988,0.306228,0.421663,0.315422,0.727892,0.191489,4.7363,0.284431,,-1.22737,70.1735,2.44315,109.715,-1.22737,-12.7,5.208730340003967,-10.572574853897095,1.44359,267.8699951171875,,,,,,,630.1,4.375694444,630.1,4.375694444,,,,,,,,,,,,,,,,,,,"Christopher Morel","21897",666624
"Ildemaro Vargas","ARI",101,350,321,83,58,19,2,4,35,39,21,0,37,2,3,3,10,6,2,0.258567,0.06,0.105714,0.567568,0.305476,0.367601,0.294709,0.673077,0.109034,4.65591,0.279152,,-0.249299,36.5844,-4.35788,86.3913,-0.249299,7,-5.944982975721359,8.28600823879242,1.44332,999,,,,,,,322.7,3.195049504,322.7,3.195049504,,,,,,,,,,,,,,,,,,,"Ildemaro Vargas","13324",545121
"Pedro Pagés","STL",93,355,321,72,50,13,1,8,30,40,27,0,91,3,3,1,13,2,0,0.224299,0.0760563,0.256338,0.296703,0.288136,0.345794,0.280077,0.63393,0.121495,3.28485,0.284444,,-0.231394,32.9263,-8.60094,79.6454,-0.231394,4.5,-8.872174233198166,11.021898746490479,1.44073,565.75,,,,,,,294.6,3.167741935,294.6,3.167741935,,,,,,,,,,,,,,,,,,,"Pedro Pages","25782",686780
"Justin Foscue","TEX",98,426,373,84,50,22,1,11,54,54,42,0,83,9,2,0,8,4,3,0.225201,0.0985916,0.194836,0.506024,0.316901,0.378016,0.308085,0.694918,0.152815,3.75766,0.259786,,-1.21215,49.1147,-0.717998,100.521,-1.21215,-0.9,-0.958038866519928,0.6652557849884033,1.43946,999,,,,,,,422.5,4.311224489,422.5,4.311224489,,,,,,,,,,,,,,,,,,,"Justin Foscue","27501",679822
"Javier Sanoja","MIA",144,604,557,149,110,28,6,5,57,58,38,0,48,2,4,3,15,13,9,0.267504,0.0629139,0.0794702,0.791667,0.314476,0.366248,0.298715,0.680724,0.0987433,4.79531,0.283465,,-2.22892,65.0815,-5.57324,88.1,-2.22892,-2,-10.823904037475586,4.657848358154297,1.43671,738.0499877929688,,,,,,,559.3,3.884027777,559.3,3.884027777,,,,,,,,,,,,,,,,,,,"Javier Sanoja","28253",691594
"Ryan Ritter","COL",108,441,390,97,65,20,2,10,60,58,32,1,126,13,2,4,4,11,1,0.248718,0.0725624,0.285714,0.253968,0.324943,0.387179,0.313765,0.712122,0.138462,6.10819,0.339844,,0.93472,52.8602,1.27285,87.747,0.93472,-0.1,-5.526937484741211,4.7611111626029015,1.43486,999,,,,,,,469.7,4.349074074,469.7,4.349074074,,,,,,,,,,,,,,,,,,,"Ryan Ritter","31500",690022
"Jared Serna","MIA",129,570,521,121,79,28,1,13,67,62,37,0,113,9,3,0,17,10,7,0.232246,0.0649123,0.198246,0.327434,0.292982,0.364683,0.289463,0.657666,0.132438,4.28651,0.271357,,-1.8216,57.1737,-9.5038,81.8732,-1.8216,2.8,-14.177039623260498,9.083068609237671,1.43071,999,,,,,,,503.1,3.9,503.1,3.9,,,,,,,,,,,,,,,,,,,"Jared Serna","sa3015579",691858
"Abraham Toro","BOS",110,412,373,93,59,22,2,10,43,50,31,1,73,5,2,1,6,4,2,0.24933,0.0752427,0.177184,0.424658,0.313869,0.399464,0.311145,0.713332,0.150134,3.91017,0.284247,,-0.7519,48.5154,0.320395,96.861,-0.7519,0.8,-2.2316489815711975,2.313815414905548,1.42989,749.6500244140625,,,,,,,427,3.881818181,427,3.881818181,,,,,,,,,,,,,,,,,,,"Abraham Toro","19844",647351
"Matt Vierling","DET",137,544,493,125,85,23,5,12,67,51,43,1,116,4,3,1,8,6,3,0.25355,0.0790441,0.213235,0.37069,0.316759,0.393509,0.310271,0.710268,0.139959,5.11655,0.307065,,-1.04893,63.6763,0.040194,103.232,-1.04893,-7.3,0.963015079498291,-5.301175951957703,1.42877,389.1600036621094,,,,,,,559,4.08029197,559,4.08029197,,,,,,,,,,,,,,,,,,,"Matt Vierling","21558",663837
"Hao-Yu  Lee","DET",94,391,356,88,59,17,4,8,47,40,26,0,84,6,3,0,8,8,2,0.247191,0.0664962,0.214834,0.309524,0.306905,0.384831,0.302664,0.691737,0.13764,6.06774,0.299625,,0.0717768,43.3734,-2.36502,97.8814,0.0717768,0.2,-0.8760495558381081,1.6366549283266068,1.42751,999,,,,,,,389.7,4.14574468,389.7,4.14574468,,,,,,,,,,,,,,,,,,,"Hao-Yu  Lee","sa3017863",701678
"Jurickson Profar","ATL",149,596,512,132,89,29,1,13,73,64,68,2,95,9,4,3,13,7,2,0.257812,0.114094,0.159396,0.715789,0.352445,0.394531,0.330035,0.746976,0.136719,3.86331,0.291667,,-0.70437,79.2435,9.5246,110.61,-0.70437,-6.3,6.8570398688316345,-12.869665145874023,1.42509,192.1999969482422,,,,,,,677.9,4.549664429,677.9,4.549664429,,,,,,,,,,,,,,,,,,,"Jurickson Profar","10815",595777
"Wade Meckler","SFG",99,401,362,100,75,17,3,5,47,40,36,0,76,2,1,0,2,7,1,0.276243,0.0897756,0.189526,0.473684,0.34414,0.381215,0.320999,0.725355,0.104972,5.38895,0.336879,,0.10315,50.4005,3.49225,107.688,0.10315,-4.8,3.7897736951708794,-3.3266022205352783,1.42446,999,,,,,,,435.9,4.403030303,435.9,4.403030303,,,,,,,,,,,,,,,,,,,"Wade Meckler","31490",685133
"Miguel Vargas","CHW",125,514,446,107,67,23,2,15,71,54,57,0,103,6,5,0,8,8,4,0.23991,0.110895,0.200389,0.553398,0.330739,0.401345,0.321892,0.732085,0.161435,4.77167,0.276276,,-1.04604,64.9723,4.84561,109.705,-1.04604,-2.4,4.661596775054932,-8.065784931182861,1.42173,388.3399963378906,,,,,,,565.3,4.5224,565.3,4.5224,,,,,,,,,,,,,,,,,,,"Miguel Vargas","20178",678246
"Bob Seymour","TBR",115,468,427,106,67,21,1,17,57,66,34,1,152,4,3,0,9,4,1,0.248244,0.0726496,0.324786,0.223684,0.307692,0.421546,0.315789,0.729238,0.173302,3.73275,0.340996,,-0.425818,56.8588,2.11305,109.973,-0.425818,1.8,4.914685845375061,-6.7978832721710205,1.42011,999,,,,,,,511.8,4.450434782,511.8,4.450434782,,,,,,,,,,,,,,,,,,,"Bob Seymour","30028",676044
"Michael A. Taylor","CHW",111,355,320,69,49,9,1,10,40,32,27,0,118,2,3,3,5,11,2,0.215625,0.0760563,0.332394,0.228814,0.278409,0.34375,0.274508,0.622159,0.128125,5.50862,0.302564,,0.774378,31.3351,-10.1922,76.3739,0.774378,9.4,-8.822413921356201,10.704379439353943,1.41912,719.5700073242188,,,,,,,294.5,2.653153153,294.5,2.653153153,,,,,,,,,,,,,,,,,,,"Michael A. Taylor","11489",572191
"Jacob Young","WSN",139,547,493,121,94,20,3,4,73,45,34,0,100,10,2,8,8,31,6,0.245436,0.0621572,0.182815,0.34,0.306122,0.322515,0.281206,0.628638,0.0770791,7.03929,0.299233,,2.68081,51.2316,-12.7555,79.3015,2.68081,4.4,-10.858197927474976,6.409847259521484,1.41843,294.55999755859375,,,,,,,471.4,3.391366906,471.4,3.391366906,,,,,,,,,,,,,,,,,,,"Jacob Young","29931",696285
"Johan Rojas","PHI",129,482,446,108,79,18,5,6,60,48,21,0,99,6,1,8,7,28,5,0.242152,0.0435685,0.205394,0.212121,0.28481,0.345291,0.276952,0.630102,0.103139,7.85727,0.298246,,2.73837,43.4933,-12.8902,75.4848,2.73837,7.3,-11.39170503616333,9.071017265319824,1.41503,581.510009765625,,,,,,,416.1,3.225581395,416.1,3.225581395,,,,,,,,,,,,,,,,,,,"Johan Rojas","24336",679032
"Dru Baker","CHW",109,460,424,111,90,14,3,4,52,44,27,0,113,6,1,2,7,23,6,0.261792,0.0586957,0.245652,0.238938,0.31441,0.337264,0.289983,0.651675,0.0754717,6.32276,0.347403,,1.19919,46.3325,-7.47743,91.8206,1.19919,6.5,-3.105944871902466,1.4294533729553223,1.41386,999,,,,,,,418.8,3.842201834,418.8,3.842201834,,,,,,,,,,,,,,,,,,,"Dru Baker","sa3017331",681333
"Carlos Rodríguez","ATL",125,516,465,123,94,21,5,3,59,47,47,0,68,1,3,0,12,12,5,0.264516,0.0910853,0.131783,0.691176,0.331395,0.350538,0.303163,0.681933,0.0860215,5.37772,0.302267,,-0.745756,57.4467,-2.914,92.5228,-0.745756,0,-5.3594353795051575,1.895943522453308,1.41372,999,,,,,,,494.2,3.9536,494.2,3.9536,,,,,,,,,,,,,,,,,,,"Carlos Rodriguez","sa3005478",677578
"Jonny DeLuca","TBR",106,412,374,86,53,18,3,12,47,47,30,1,84,6,1,1,5,12,3,0.229947,0.0728155,0.203883,0.357143,0.296837,0.390374,0.299955,0.687211,0.160428,6.04594,0.265233,,0.490448,44.8048,-3.3902,98.8356,0.490448,4.5,-0.0584871768951416,-0.04144620895385742,1.41108,359.5799865722656,,,,,,,412.1,3.887735849,412.1,3.887735849,,,,,,,,,,,,,,,,,,,"Jonny DeLuca","26365",676356
"Scott Kingery",,117,446,405,89,59,13,4,13,51,44,29,0,150,2,3,7,3,14,1,0.219753,0.0650224,0.336323,0.193333,0.273349,0.367901,0.279632,0.64125,0.148148,7.12807,0.310204,,1.68468,41.2068,-10.9654,78.7176,1.68468,3,-9.176083207130432,7.916225910186768,1.40859,738.1300048828125,,,,,,,392.9,3.358119658,392.9,3.358119658,,,,,,,,,,,,,,,,,,,"Scott Kingery","17975",664068
"Forrest Wall","CHC",103,398,356,84,62,13,3,6,50,38,34,0,116,5,1,2,4,26,6,0.235955,0.0854271,0.291457,0.293103,0.310606,0.339888,0.290588,0.650494,0.103933,7.21157,0.331915,,1.97283,40.2814,-6.27584,88.9287,1.97283,2.2,-3.296353816986084,3.6623750925064087,1.40413,999,,,,,,,375.2,3.642718446,375.2,3.642718446,,,,,,,,,,,,,,,,,,,"Forrest Wall","16496",657088
"Jon Berti",,94,316,282,70,53,10,2,5,39,26,28,1,71,3,2,1,7,14,4,0.248227,0.0886076,0.224684,0.394366,0.320635,0.351064,0.297675,0.671699,0.102837,6.1856,0.3125,,0.524903,33.785,-3.1801,92.5681,0.524903,4.2,-2.2834147810935974,5.361081480979919,1.40268,573.9199829101562,,,,,,,305.8,3.253191489,305.8,3.253191489,,,,,,,,,,,,,,,,,,,"Jon Berti","12037",542932
"Owen Caissie","CHC",130,567,504,122,81,25,2,14,57,66,54,2,188,5,3,1,5,7,4,0.242063,0.0952381,0.33157,0.287234,0.319788,0.382937,0.30867,0.702725,0.140873,3.84507,0.354098,,-1.30918,65.6379,-0.68869,99.9682,-1.30918,2.3,-1.3307741452008486,-3.950000047683716,1.40112,741.4000244140625,,,,,,,573.8,4.413846153,573.8,4.413846153,,,,,,,,,,,,,,,,,,,"Owen Caissie","27496",683357
"Ricardo Olivar","MIN",100,431,384,91,58,21,3,9,53,50,40,1,113,6,1,0,7,4,1,0.236979,0.0928074,0.262181,0.353982,0.317865,0.377604,0.306735,0.69547,0.140625,5.00461,0.311787,,-0.417926,49.2228,-1.19471,100.23,-0.417926,-8.5,-0.3043544441461563,-0.5818634033203125,1.39543,999,,,,,,,431,4.31,431,4.31,,,,,,,,,,,,,,,,,,,"Ricardo Olivar","sa3015234",691627
"Kenny Piper","TBR",89,343,305,58,35,12,1,10,39,40,26,0,107,9,3,0,5,3,0,0.190164,0.0758018,0.311953,0.242991,0.271137,0.334426,0.269383,0.605563,0.144262,4.7334,0.251309,,0.0475304,28.861,-11.2624,77.3303,0.0475304,4.6,-8.849490851163864,10.901440143585205,1.39527,999,,,,,,,265,2.977528089,265,2.977528089,,,,,,,,,,,,,,,,,,,"Kenny Piper","sa3017664",700652
"Blake Dunn","CIN",119,464,404,98,69,15,3,11,64,57,37,0,134,15,2,6,2,19,3,0.242574,0.0797414,0.288793,0.276119,0.327511,0.376238,0.312819,0.703749,0.133663,7.06204,0.333333,,1.63,55.2636,0.985732,93.7404,1.63,5,-1.8431847095489502,-0.1146383285522461,1.39071,743.5,,,,,,,492.5,4.138655462,492.5,4.138655462,,,,,,,,,,,,,,,,,,,"Blake Dunn","29487",694362
"Henry Davis","PIT",101,408,357,83,51,18,1,13,49,54,36,2,108,12,2,1,9,6,3,0.232493,0.0882353,0.264706,0.333333,0.321867,0.397759,0.315691,0.719626,0.165266,4.31785,0.294118,,-0.780584,49.5371,1.81005,99.5615,-0.780584,-6.6,-0.9945143610239029,0.8955907821655273,1.39044,541.4000244140625,,,,,,,434.9,4.305940594,434.9,4.305940594,,,,,,,,,,,,,,,,,,,"Henry Davis","29617",680779
"Victor Scott II","STL",129,536,482,110,80,16,5,9,61,50,36,0,105,7,5,6,4,34,7,0.228216,0.0671642,0.195896,0.342857,0.288679,0.338174,0.277083,0.626854,0.109959,7.50174,0.270777,,2.99419,48.4225,-14.2777,77.6304,2.99419,5,-11.34369945526123,6.9694297313690186,1.38832,321.8500061035156,,,,,,,467.5,3.624031007,467.5,3.624031007,,,,,,,,,,,,,,,,,,,"Victor Scott II","31349",687363
"Edmundo Sosa","PHI",102,291,265,66,43,12,3,8,38,33,12,0,68,11,2,1,9,6,2,0.249057,0.0412371,0.233677,0.176471,0.306897,0.407547,0.311466,0.714444,0.158491,6.68683,0.303665,,-0.130913,34.3421,0.301476,98.7152,-0.130913,1.1,-0.5780123919248581,4.307671904563904,1.38419,531.2100219726562,,,,,,,306.5,3.00490196,306.5,3.00490196,,,,,,,,,,,,,,,,,,,"Edmundo Sosa","17022",624641
"Ji Hwan Bae","PIT",113,434,390,103,74,19,4,6,66,44,37,1,97,2,3,2,4,19,7,0.264103,0.0852535,0.223502,0.381443,0.328704,0.379487,0.310876,0.708191,0.115385,7.05955,0.334483,,0.0810039,51.0119,0.24337,96.3205,0.0810039,-0.8,-1.8285832554101944,0.794650137424469,1.38314,739.989990234375,,,,,,,454.6,4.023008849,454.6,4.023008849,,,,,,,,,,,,,,,,,,,"Ji Hwan Bae","23818",678225
"Liam Hicks","MIA",107,435,372,92,70,17,1,4,43,40,45,0,68,13,5,0,6,2,1,0.247312,0.103448,0.156322,0.661765,0.344828,0.330645,0.306223,0.675473,0.0833333,2.86968,0.288525,,-1.01524,49.5004,-1.38502,93.1537,-1.01524,-4.5,-4.576514840126038,3.4916224479675293,1.38131,746.1599731445312,,,,,,,410.8,3.839252336,410.8,3.839252336,,,,,,,,,,,,,,,,,,,"Liam Hicks","29844",689414
"Rhys Hoskins","MIL",125,514,447,102,54,22,1,25,63,72,57,1,142,6,4,0,9,2,1,0.228188,0.110895,0.276265,0.401408,0.321012,0.449664,0.333241,0.770676,0.221477,2.77436,0.271127,,-0.920527,69.6676,9.54086,113.589,-0.920527,-1.7,7.431746542453766,-11.142975091934204,1.38127,259.55999755859375,,,,,,,618.7,4.9496,618.7,4.9496,,,,,,,,,,,,,,,,,,,"Rhys Hoskins","16472",656555
"Victor Caratini","HOU",89,286,253,59,44,8,0,7,27,31,25,2,57,5,3,0,9,0,1,0.233202,0.0874126,0.199301,0.438596,0.311189,0.347826,0.290947,0.659015,0.114625,1.42833,0.270833,,-0.973261,29.0288,-4.42692,89.9942,-0.973261,2.8,-4.247582137584686,8.054261922836304,1.37985,568.1599731445312,,,,,,,253.6,2.849438202,253.6,2.849438202,,,,,,,,,,,,,,,,,,,"Victor Caratini","14968",605170
"Keibert Ruiz","WSN",124,488,455,112,75,22,0,15,47,59,25,0,53,5,3,0,12,4,1,0.246154,0.0512295,0.108607,0.471698,0.290984,0.393407,0.297745,0.68439,0.147253,2.82416,0.248718,,-0.433711,52.2015,-4.88379,90.4331,-0.433711,-5.9,-6.016534507274628,3.065314769744873,1.3705,209.4499969482422,,,,,,,471.8,3.804838709,471.8,3.804838709,,,,,,,,,,,,,,,,,,,"Keibert Ruiz","19610",660688
"Matt Koperniak","STL",122,501,460,118,85,19,2,12,51,59,33,0,102,5,3,0,7,5,5,0.256522,0.0658683,0.203593,0.323529,0.311377,0.384783,0.305184,0.69616,0.128261,3.28654,0.303725,,-1.9958,56.5919,-2.01408,96.5443,-1.9958,6.2,-4.066106081008911,0.6775131225585938,1.36996,999,,,,,,,489.6,4.013114754,489.6,4.013114754,,,,,,,,,,,,,,,,,,,"Matt Koperniak","sa3014834",689288
"Tyrone Taylor","NYM",114,344,316,74,43,19,2,10,45,40,19,1,79,7,2,0,8,8,1,0.234177,0.0552326,0.229651,0.240506,0.290698,0.401899,0.299912,0.692596,0.167722,6.35589,0.279476,,0.658309,37.3977,-2.84278,95.0412,0.658309,7,-1.3815137147903442,3.208112955093384,1.3696,669.5599975585938,,,,,,,349.3,3.064035087,349.3,3.064035087,,,,,,,,,,,,,,,,,,,"Tyrone Taylor","13675",621438
"Josh Rojas",,124,448,397,94,65,20,1,8,55,39,44,1,96,2,3,2,6,11,3,0.236776,0.0982143,0.214286,0.458333,0.313901,0.352645,0.295416,0.666546,0.115869,4.8577,0.290541,,0.116814,47.0828,-5.32339,91.0808,0.116814,1.1,-4.455229550600052,2.746090531349182,1.36909,589.5999755859375,,,,,,,418.8,3.377419354,418.8,3.377419354,,,,,,,,,,,,,,,,,,,"Josh Rojas","19734",668942
"Lenyn Sosa","CHW",126,505,474,118,82,21,1,14,52,57,22,1,111,3,3,3,12,3,2,0.248945,0.0435644,0.219802,0.198198,0.284861,0.386076,0.29054,0.670937,0.137131,3.07935,0.295455,,-1.04661,51.0915,-7.98247,87.6511,-1.04661,2.7,-8.182142972946167,4.555526256561279,1.3677,467.55999755859375,,,,,,,460.1,3.651587301,460.1,3.651587301,,,,,,,,,,,,,,,,,,,"Lenyn Sosa","22896",672820
"Rafael Lantigua","PHI",127,523,463,115,83,25,0,7,65,52,53,0,112,3,3,1,13,12,6,0.24838,0.101338,0.214149,0.473214,0.327586,0.347732,0.301868,0.675318,0.0993521,3.9578,0.311239,,-1.12709,57.6809,-3.49861,92.2547,-1.12709,-0.1,-5.971073508262634,1.8216637596488,1.36691,999,,,,,,,493.3,3.884251968,493.3,3.884251968,,,,,,,,,,,,,,,,,,,"Rafael Lantigua","sa3003219",672463
"Emmanuel Rivera",,116,368,333,81,55,15,2,9,43,42,28,0,79,3,3,1,10,2,0,0.243243,0.076087,0.214674,0.35443,0.305177,0.381381,0.300799,0.686558,0.138138,4.35524,0.290323,,-0.278748,40.2697,-2.77818,98.0033,-0.278748,0.7,-1.1194989681243896,2.052145779132843,1.36592,999,,,,,,,356.9,3.076724137,356.9,3.076724137,,,,,,,,,,,,,,,,,,,"Emmanuel Rivera","19890",656896
"Adrian Del Castillo","ARI",118,493,446,104,65,24,2,13,54,62,41,2,126,4,2,0,9,1,1,0.233184,0.0831643,0.255578,0.325397,0.302231,0.383408,0.299388,0.685639,0.150224,3.04186,0.294498,,-1.05739,53.3884,-4.28183,89.5405,-1.05739,-5,-7.223612070083618,4.057171821594238,1.36544,512.0800170898438,,,,,,,473.7,4.014406779,473.7,4.014406779,,,,,,,,,,,,,,,,,,,"Adrian Del Castillo","29554",680728
"CJ Alexander","LAD",106,414,384,89,51,21,3,14,48,49,25,0,111,3,2,0,7,4,2,0.231771,0.0603865,0.268116,0.225225,0.282609,0.411458,0.299912,0.694067,0.179688,4.80589,0.287356,,-0.633514,45.0079,-3.42097,98.7254,-0.633514,-0.9,-1.2372940182685852,0.621164083480835,1.36467,999,,,,,,,410,3.867924528,410,3.867924528,,,,,,,,,,,,,,,,,,,"CJ Alexander","20557",680769
"Austin Hays","CIN",122,450,412,108,62,28,2,16,58,57,27,1,109,7,3,1,8,4,2,0.262136,0.06,0.242222,0.247706,0.316258,0.456311,0.331971,0.772569,0.194175,4.28596,0.317241,,-0.759793,60.5328,7.89267,106.631,-0.759793,0.4,2.8084992170333862,-4.5603176057338715,1.36392,359.239990234375,,,,,,,539.8,4.424590163,539.8,4.424590163,,,,,,,,,,,,,,,,,,,"Austin Hays","19363",669720
"Miguel Andujar","CIN",101,409,382,103,71,21,1,10,45,45,23,1,56,2,2,0,8,4,2,0.269634,0.0562347,0.136919,0.410714,0.312958,0.408377,0.312824,0.721335,0.138743,3.46905,0.292453,,-0.759793,48.7146,0.870616,107.808,-0.759793,1.1,2.893990397453308,-3.408377528190613,1.35793,530.1199951171875,,,,,,,432.4,4.281188118,432.4,4.281188118,,,,,,,,,,,,,,,,,,,"Miguel Andujar","15878",609280
"Cade Marlowe","SEA",107,459,411,87,58,14,4,11,56,49,40,2,163,5,3,0,3,25,6,0.211679,0.087146,0.35512,0.245399,0.287582,0.345499,0.278763,0.63308,0.13382,7.5622,0.316667,,1.77283,42.0869,-11.606,86.2578,1.77283,8.3,-5.444466829299927,3.240476608276367,1.35593,999,,,,,,,408.7,3.819626168,408.7,3.819626168,,,,,,,,,,,,,,,,,,,"Cade Marlowe","25505",687799
"Christian Encarnacion-Strand","CIN",112,472,436,114,67,23,2,22,60,77,27,1,131,7,2,0,6,3,1,0.261468,0.0572034,0.277542,0.206107,0.313559,0.474771,0.337913,0.78833,0.213303,3.9266,0.322807,,-0.594249,65.7495,10.5358,110.63,-0.594249,0.7,5.405808091163635,-7.971369564533234,1.35541,213.66000366210938,,,,,,,592.2,5.2875,592.2,5.2875,,,,,,,,,,,,,,,,,,,"Christian Encarnacion-Strand","30011",687952
"Mark Payton",,106,436,392,99,67,21,3,8,50,46,35,1,82,2,4,3,6,4,4,0.252551,0.0802752,0.188073,0.426829,0.314088,0.382653,0.304295,0.696741,0.130102,4.06972,0.297386,,-1.63295,48.9376,-2.06484,97.3267,-1.63295,6.3,-2.9665653705596924,1.4940037727355957,1.35212,999,,,,,,,423,3.990566037,423,3.990566037,,,,,,,,,,,,,,,,,,,"Mark Payton","16042",592622
"Wyatt Young","NYM",124,494,439,102,81,15,2,4,52,41,45,0,118,5,2,3,7,9,4,0.232346,0.0910931,0.238866,0.381356,0.309572,0.302961,0.277445,0.612534,0.070615,4.67657,0.30721,,-0.853933,44.772,-13.0152,79.9195,-0.853933,3.9,-12.716044008731842,9.34532642364502,1.34778,999,,,,,,,380.6,3.069354838,380.6,3.069354838,,,,,,,,,,,,,,,,,,,"Wyatt Young","sa3017081",696281
"Danny Mendick",,103,361,332,77,54,15,0,8,41,37,24,0,82,4,0,1,7,8,3,0.231928,0.066482,0.227147,0.292683,0.291667,0.349398,0.284016,0.641064,0.11747,4.15679,0.285124,,-0.262198,34.6274,-7.60171,83.0623,-0.262198,6.9,-7.258475661277771,8.226425766944885,1.34542,999,,,,,,,308.7,2.997087378,308.7,2.997087378,,,,,,,,,,,,,,,,,,,"Danny Mendick","18889",664901
"Creed Willems","BAL",108,426,387,79,48,16,1,14,36,51,28,1,110,6,4,1,7,1,1,0.204134,0.0657277,0.258216,0.254545,0.265882,0.359173,0.272654,0.625055,0.155039,2.17819,0.243446,,-0.844293,36.9665,-12.8662,78.2055,-0.844293,2.4,-11.467656135559082,10.22627878189087,1.3415,999,,,,,,,340.2,3.15,340.2,3.15,,,,,,,,,,,,,,,,,,,"Creed Willems","sa3017562",695735
"Colt Emerson","SEA",73,328,288,65,44,15,1,5,44,33,31,0,73,8,1,0,5,9,2,0.225694,0.0945122,0.222561,0.424658,0.317073,0.336806,0.294434,0.653879,0.111111,5.75945,0.28436,,0.334916,34.2123,-4.15647,97.2814,0.334916,-0.9,-0.6853882968425751,2.7155202627182007,1.34127,999,,,,,,,300.7,4.119178082,300.7,4.119178082,,,,,,,,,,,,,,,,,,,"Colt Emerson","sa3022923",806068
"Zach DeLoach","CHW",122,518,464,109,75,22,2,10,66,53,47,0,150,5,2,0,6,9,3,0.234914,0.0907336,0.289575,0.313333,0.310811,0.355603,0.296124,0.666414,0.12069,5.10406,0.323529,,-0.417357,54.7348,-5.85987,91.579,-0.417357,6.8,-5.4084848165512085,1.0901236534118652,1.34111,999,,,,,,,480.3,3.936885245,480.3,3.936885245,,,,,,,,,,,,,,,,,,,"Zach DeLoach","27471",676113
"Nate Eaton","BOS",118,451,411,95,61,20,3,11,55,54,28,0,121,4,3,5,5,20,4,0.231144,0.0620843,0.268293,0.231405,0.284753,0.374696,0.287814,0.659449,0.143552,6.98772,0.297872,,1.64598,44.6389,-8.11825,80.4495,1.64598,4.7,-8.442817449569702,6.357113242149353,1.34055,999,,,,,,,422.3,3.578813559,422.3,3.578813559,,,,,,,,,,,,,,,,,,,"Nate Eaton","25055",681987
"Cooper Bowman","ATH",114,486,429,90,60,18,2,10,59,47,39,0,129,8,4,6,6,25,4,0.20979,0.0802469,0.265432,0.302326,0.285417,0.331002,0.274576,0.616419,0.121212,6.83736,0.272109,,2.53549,42.9246,-13.9268,80.9029,2.53549,3,-8.084145545959473,4.785714268684387,1.33605,999,,,,,,,409.9,3.595614035,409.9,3.595614035,,,,,,,,,,,,,,,,,,,"Cooper Bowman","sa3016966",688682
"Steward Berroa","MIL",110,385,340,78,52,15,4,7,54,38,35,0,110,3,2,5,3,29,8,0.229412,0.0909091,0.285714,0.318182,0.305263,0.358824,0.293823,0.664087,0.129412,8.20195,0.315556,,1.84963,39.9683,-5.0683,91.8197,1.84963,0.4,-1.7539477348327637,1.8146090805530548,1.33452,999,,,,,,,375.6,3.414545454,375.6,3.414545454,,,,,,,,,,,,,,,,,,,"Steward Berroa","22766",672642
"Josh Kasevich","TOR",121,520,482,124,98,22,0,4,58,47,31,1,69,4,3,0,19,7,1,0.257261,0.0596154,0.132692,0.449275,0.305769,0.327801,0.280845,0.63357,0.0705394,3.91181,0.291262,,-0.0468061,48.5515,-12.2771,82.6909,-0.0468061,0.1,-10.34555797278881,5.8319226279854774,1.32784,999,,,,,,,429.3,3.547933884,429.3,3.547933884,,,,,,,,,,,,,,,,,,,"Josh Kasevich","sa3020203",688460
"Tyler Tolbert","KCR",123,525,467,105,75,19,6,5,64,49,34,0,139,7,2,15,9,29,3,0.224839,0.0647619,0.264762,0.244604,0.286275,0.32334,0.271024,0.609615,0.0985011,8.20951,0.307692,,3.66946,44.8683,-16.5452,69.9656,3.66946,3.9,-14.372503757476807,9.687036991119385,1.32735,999,,,,,,,427,3.471544715,427,3.471544715,,,,,,,,,,,,,,,,,,,"Tyler Tolbert","25779",686475
"LaMonte Wade Jr.",,117,416,347,83,55,15,1,12,52,41,59,3,91,5,3,2,3,2,1,0.239193,0.141827,0.21875,0.648352,0.355072,0.391931,0.330142,0.747003,0.152738,3.22506,0.287449,,-0.920527,55.3469,6.68398,113.842,-0.920527,0.7,5.965097010135651,-6.942563354969025,1.32717,433.6000061035156,,,,,,,472.8,4.041025641,472.8,4.041025641,,,,,,,,,,,,,,,,,,,"LaMonte Wade Jr.","18126",664774
"Zach Dezenzo","HOU",81,332,303,77,49,18,0,10,43,44,24,0,98,3,2,0,9,5,2,0.254125,0.0722892,0.295181,0.244898,0.313253,0.412541,0.316204,0.725794,0.158416,3.80996,0.340102,,-0.409837,40.4466,1.60991,107.76,-0.409837,-2,2.5380505323410034,-0.7801293134689331,1.32696,527.6799926757812,,,,,,,359.3,4.435802469,359.3,4.435802469,,,,,,,,,,,,,,,,,,,"Zach Dezenzo","31562",701305
"Jason Vosler",,121,481,439,99,63,18,2,16,59,58,35,1,136,4,3,0,7,2,1,0.225513,0.0727651,0.282744,0.257353,0.286902,0.384966,0.292526,0.671868,0.159453,3.83499,0.286207,,-0.802141,49.4324,-6.83406,95.9391,-0.802141,8.6,-3.0371259450912476,-0.23671340942382812,1.32134,999,,,,,,,447.4,3.697520661,447.4,3.697520661,,,,,,,,,,,,,,,,,,,"Jason Vosler","16686",613564
"Jesse Winker","NYM",126,466,392,95,63,19,1,12,54,50,63,1,93,8,2,1,8,6,2,0.242347,0.135193,0.199571,0.677419,0.356989,0.387755,0.332015,0.744744,0.145408,3.67259,0.287197,,-0.659705,62.7018,8.19004,116.649,-0.659705,-6.2,8.61806696653366,-11.336684226989746,1.319,400.7099914550781,,,,,,,532.4,4.225396825,532.4,4.225396825,,,,,,,,,,,,,,,,,,,"Jesse Winker","13590",608385
"Ryan Mountcastle","BAL",129,529,485,125,80,25,1,19,60,72,35,1,125,2,7,0,12,3,1,0.257732,0.0661626,0.236295,0.28,0.306238,0.430928,0.316859,0.737166,0.173196,3.13332,0.304598,,-0.720527,64.7254,2.84397,109.3,-0.720527,-0.1,4.90850567817688,-9.818547822535038,1.31795,227.75,,,,,,,585.7,4.540310077,585.7,4.540310077,,,,,,,,,,,,,,,,,,,"Ryan Mountcastle","18373",663624
"Richie Palacios","TBR",108,413,356,85,59,18,2,6,54,42,47,1,73,6,3,1,7,14,3,0.238764,0.113801,0.176755,0.643836,0.334951,0.351124,0.306812,0.686075,0.11236,5.86774,0.282143,,0.708922,47.1926,-1.11933,103.658,0.708922,-5,2.4377533197402954,-3.4825103282928467,1.31695,517.989990234375,,,,,,,417.2,3.862962962,417.2,3.862962962,,,,,,,,,,,,,,,,,,,"Richie Palacios","24589",680700
"Leo Rivas","SEA",106,383,321,71,56,10,2,3,47,30,48,0,95,4,4,6,5,17,5,0.221184,0.125326,0.248042,0.505263,0.32626,0.292835,0.284371,0.619095,0.0716511,6.21145,0.299559,,0.522586,36.847,-7.95556,90.2027,0.522586,-0.5,-3.7709245085716248,3.7217812538146973,1.31628,999,,,,,,,319.5,3.014150943,319.5,3.014150943,,,,,,,,,,,,,,,,,,,"Leo Rivas","21009",660844
"Blake Sabol","CHW",114,435,384,93,62,18,2,11,49,56,39,1,123,5,4,3,5,6,1,0.242188,0.0896552,0.282759,0.317073,0.31713,0.385417,0.308027,0.702546,0.143229,4.91313,0.322835,,-0.0337107,50.1319,-0.753528,94.6675,-0.0337107,-7.1,-2.6878755316138268,0.8916225433349609,1.31524,999,,,,,,,444.4,3.898245614,444.4,3.898245614,,,,,,,,,,,,,,,,,,,"Blake Sabol","25805",666165
"Max Clark","DET",118,516,468,106,72,20,6,8,65,49,39,1,117,3,4,2,2,15,3,0.226496,0.0755814,0.226744,0.333333,0.287938,0.346154,0.278472,0.634092,0.119658,7.07301,0.282421,,0.893137,47.1924,-13.1683,80.8641,0.893137,4,-10.404926180839539,5.895943522453308,1.31453,999,,,,,,,439.1,3.72118644,439.1,3.72118644,,,,,,,,,,,,,,,,,,,"Max Clark","sa3022683",703601
"Mike Boeve","MIL",83,359,321,85,63,14,3,5,39,38,31,0,75,3,4,0,6,1,1,0.264798,0.086351,0.208914,0.413333,0.331476,0.373832,0.311007,0.705308,0.109034,3.56864,0.326531,,-0.970571,42.2343,0.239163,98.6233,-0.970571,1,-1.5615708231925964,2.3190770149230957,1.31068,999,,,,,,,360.8,4.346987951,360.8,4.346987951,,,,,,,,,,,,,,,,,,,"Mike Boeve","sa3022658",801670
"Tyler Freeman","COL",113,410,358,94,67,17,3,7,53,50,29,1,51,18,3,2,12,12,3,0.26257,0.0707317,0.12439,0.568627,0.345588,0.385475,0.323775,0.731063,0.122905,6.06615,0.287129,,0.293137,52.4475,4.48648,94.4841,0.293137,-0.1,-2.4111979007720947,1.4064667448401451,1.30376,603,,,,,,,456,4.03539823,456,4.03539823,,,,,,,,,,,,,,,,,,,"Tyler Freeman","22532",671289
"Bryce Johnson","SDP",110,378,332,83,62,14,3,4,48,36,34,0,91,6,2,4,4,16,4,0.25,0.0899471,0.240741,0.373626,0.328877,0.346386,0.302,0.675263,0.0963855,6.60324,0.330544,,0.774947,41.7294,-2.48831,90.3466,0.774947,2.2,-3.58852082490921,3.5888888835906982,1.29771,999,,,,,,,367.3,3.339090909,367.3,3.339090909,,,,,,,,,,,,,,,,,,,"Bryce Johnson","20002",669369
"Carson Kelly","CHC",91,312,277,61,42,11,0,8,32,34,28,0,62,4,3,0,7,1,0,0.220217,0.0897436,0.198718,0.451613,0.298077,0.34657,0.286552,0.644647,0.126354,2.41234,0.252381,,-0.384039,30.5639,-5.93326,85.0809,-0.384039,2.4,-5.950222820043564,8.131922721862793,1.29641,533.52001953125,,,,,,,269.6,2.962637362,269.6,2.962637362,,,,,,,,,,,,,,,,,,,"Carson Kelly","13620",608348
"Luke Keaschall","MIN",104,453,390,100,67,21,1,11,66,60,45,1,96,14,4,0,5,12,4,0.25641,0.0993377,0.211921,0.46875,0.350993,0.4,0.331766,0.750993,0.14359,5.14112,0.310105,,-0.206578,60.8616,7.8705,117.837,-0.206578,0,9.038983196020126,-11.65123462677002,1.29307,999,,,,,,,528.6,5.082692307,528.6,5.082692307,,,,,,,,,,,,,,,,,,,"Luke Keaschall","33321",807712
"J.C. Escarra","NYY",116,450,402,90,56,23,2,9,55,53,37,0,82,8,3,0,10,2,1,0.223881,0.0822222,0.182222,0.451219,0.3,0.358209,0.291364,0.658209,0.134328,4.02865,0.257962,,-0.802141,45.8255,-6.81461,88.7357,-0.802141,-4.2,-6.602076888084412,4.067195892333984,1.29071,999,,,,,,,400.7,3.454310344,400.7,3.454310344,,,,,,,,,,,,,,,,,,,"J.C. Escarra","20084",641555
"Christian Vázquez","MIN",94,326,302,71,53,13,0,5,30,30,18,0,66,1,3,2,9,2,1,0.235099,0.0552147,0.202454,0.272727,0.277778,0.327815,0.266701,0.605592,0.0927152,2.63706,0.282051,,-0.573261,26.7268,-11.408,72.0694,-0.573261,6.6,-10.991713047027588,12.589123725891113,1.28968,639.0999755859375,,,,,,,238.3,2.535106382,238.3,2.535106382,,,,,,,,,,,,,,,,,,,"Christian Vazquez","9774",543877
"Yohel Pozo","STL",88,356,345,96,65,20,1,10,37,50,8,1,38,1,2,0,14,0,1,0.278261,0.0224719,0.106742,0.210526,0.294944,0.428986,0.309944,0.723929,0.150725,2.08822,0.287625,,-0.981153,41.5769,-0.0672494,99.7482,-0.981153,-4.8,-1.0883558616042137,1.7402701377868652,1.28947,999,,,,,,,374.5,4.255681818,374.5,4.255681818,,,,,,,,,,,,,,,,,,,"Yohel Pozo","18848",650968
"Grant McCray","SFG",135,562,510,116,74,23,7,12,73,61,43,0,191,6,2,1,4,20,5,0.227451,0.0765125,0.339858,0.225131,0.294118,0.370588,0.291938,0.664706,0.143137,7.73356,0.33657,,1.0042,57.4907,-8.25093,88.128,1.0042,-1.3,-6.97431743144989,0.7649617195129395,1.28805,731.6599731445312,,,,,,,530,3.925925925,530,3.925925925,,,,,,,,,,,,,,,,,,,"Grant McCray","25690",687529
"Romy Gonzalez","BOS",90,288,267,69,43,13,4,9,36,40,16,0,80,2,3,0,5,12,3,0.258427,0.0555556,0.277778,0.2,0.302083,0.438202,0.317687,0.740286,0.179775,7.55631,0.331492,,0.703543,35.4301,1.74043,101.463,0.703543,0.6,1.1856203377246857,1.6582010984420776,1.2873,672.9099731445312,,,,,,,332.9,3.698888888,332.9,3.698888888,,,,,,,,,,,,,,,,,,,"Romy Gonzalez","21562",663853
"Nick Loftin","KCR",116,476,419,104,73,21,1,9,58,51,45,0,76,6,4,2,13,7,3,0.24821,0.0945378,0.159664,0.592105,0.327004,0.367542,0.308179,0.694546,0.119332,4.11761,0.281065,,-0.79368,54.9152,-0.766372,96.1012,-0.79368,-2.3,-2.917138695716858,-0.5510287284851074,1.28402,999,,,,,,,472.5,4.073275862,472.5,4.073275862,,,,,,,,,,,,,,,,,,,"Nick Loftin","27630",679845
"Michael Conforto","LAD",117,442,389,91,53,19,1,18,53,66,43,2,110,7,3,0,12,1,1,0.233933,0.0972851,0.248869,0.390909,0.319005,0.426735,0.323509,0.74574,0.192802,2.51893,0.276515,,-1.00214,56.4462,4.74194,109.108,-1.00214,-1.2,3.812064528465271,-6.072134256362915,1.28397,272.1300048828125,,,,,,,499.7,4.27094017,499.7,4.27094017,,,,,,,,,,,,,,,,,,,"Michael Conforto","16376",624424
"Thairo Estrada","COL",121,479,445,118,82,21,2,13,61,61,21,0,89,9,3,1,9,10,4,0.265169,0.0438413,0.185804,0.235955,0.309623,0.408989,0.312598,0.718612,0.14382,5.23653,0.303468,,-0.503977,56.9651,0.932601,86.9614,-0.503977,2.7,-7.972350716590881,4.459994196891785,1.28165,334.20001220703125,,,,,,,508.1,4.199173553,508.1,4.199173553,,,,,,,,,,,,,,,,,,,"Thairo Estrada","16426",642731
"Masataka Yoshida","BOS",119,481,436,124,85,25,1,13,56,63,34,2,61,8,3,0,12,3,0,0.284404,0.0706861,0.126819,0.557377,0.345114,0.43578,0.338946,0.780894,0.151376,3.43369,0.30411,,-0.386553,67.4032,11.1368,116.417,-0.386553,0,8.648597747087479,-12.37139892578125,1.27497,487.239990234375,,,,,,,590.5,4.962184873,590.5,4.962184873,,,,,,,,,,,,,,,,,,,"Masataka Yoshida","31837",807799
"Josh Lester",,117,476,440,102,62,23,2,15,52,60,30,1,119,2,4,0,6,2,1,0.231818,0.0630252,0.25,0.252101,0.281513,0.395455,0.292353,0.676967,0.163636,3.55683,0.280645,,-0.739002,48.852,-6.82956,84.9688,-0.739002,3.6,-8.925648152828217,5.348971128463745,1.27281,999,,,,,,,447.3,3.823076923,447.3,3.823076923,,,,,,,,,,,,,,,,,,,"Josh Lester","17737",623507
"Brian O'Keefe",,83,335,304,70,41,16,1,12,36,42,29,0,84,1,1,0,8,1,1,0.230263,0.0865672,0.250746,0.345238,0.298507,0.407895,0.307796,0.706402,0.177632,2.71657,0.277512,,-0.765368,38.545,-0.642666,95.8317,-0.765368,-2.7,-2.3631280064582825,3.454468011856079,1.26846,999,,,,,,,342,4.120481927,342,4.120481927,,,,,,,,,,,,,,,,,,,"Brian O'Keefe","16680",657247
"Alex Jackson","BAL",78,266,241,49,24,13,1,11,30,38,18,1,85,5,1,1,4,1,0,0.20332,0.0676692,0.319549,0.211765,0.271698,0.40249,0.291366,0.674188,0.19917,3.88577,0.260274,,-0.163051,27.0885,-4.0277,88.7373,-0.163051,2.1,-3.590969145298004,6.986831188201904,1.26842,749.97998046875,,,,,,,251.1,3.219230769,251.1,3.219230769,,,,,,,,,,,,,,,,,,,"Alex Jackson","17276",656577
"Brooks Baldwin","CHW",112,459,421,104,74,20,1,9,47,47,30,0,99,3,1,4,5,12,4,0.247031,0.0653595,0.215686,0.30303,0.301099,0.36342,0.292761,0.664519,0.11639,4.52282,0.302548,,-0.0645148,47.2583,-6.43463,89.2138,-0.0645148,-2.4,-5.729357875883579,2.6595234870910645,1.26651,713.3300170898438,,,,,,,420.3,3.752678571,420.3,3.752678571,,,,,,,,,,,,,,,,,,,"Brooks Baldwin","31394",681460
"Nick Madrigal","NYM",86,270,246,64,49,12,2,1,29,24,14,0,26,7,0,3,5,4,1,0.260163,0.0518519,0.0962963,0.538462,0.318352,0.337398,0.292793,0.65575,0.0772358,5.18607,0.287671,,-0.157476,27.8059,-3.77816,90.2501,-0.157476,5.5,-3.305408254265785,6.492063462734222,1.25602,999,,,,,,,235.8,2.741860465,235.8,2.741860465,,,,,,,,,,,,,,,,,,,"Nick Madrigal","20521",663611
"Everson Pereira","TBR",85,362,331,80,49,14,3,14,49,50,25,0,122,5,1,0,6,8,3,0.241692,0.0690608,0.337017,0.204918,0.303867,0.429003,0.317844,0.73287,0.187311,6.12784,0.336735,,-0.238521,44.5794,2.23329,107.362,-0.238521,-4.1,2.8110249638557434,-2.7698999643325806,1.25315,748.030029296875,,,,,,,403.1,4.742352941,403.1,4.742352941,,,,,,,,,,,,,,,,,,,"Everson Pereira","23695",677592
"Miles Mastrobuoni","SEA",115,410,370,89,66,17,2,4,49,34,38,1,88,0,1,1,4,13,2,0.240541,0.0926829,0.214634,0.431818,0.310513,0.32973,0.285281,0.640243,0.0891892,5.82164,0.304659,,0.977068,39.7448,-8.21623,90.8425,0.977068,-2.8,-3.3189494609832764,1.71940016746521,1.2493,748.780029296875,,,,,,,359.8,3.128695652,359.8,3.128695652,,,,,,,,,,,,,,,,,,,"Miles Mastrobuoni","20017",670156
"Diego Velasquez","SFG",120,522,457,114,83,24,3,4,49,47,35,0,103,8,5,17,8,11,6,0.249453,0.0670498,0.197318,0.339806,0.310891,0.341357,0.289382,0.652248,0.0919037,4.8674,0.309859,,-1.22448,52.325,-8.73756,86.4076,-1.22448,-1.3,-9.709023594856262,4.453968286514282,1.24929,999,,,,,,,438.8,3.656666666,438.8,3.656666666,,,,,,,,,,,,,,,,,,,"Diego Velasquez","sa3016144",694196
"Cam Devanney","PIT",125,476,428,96,59,25,2,10,48,53,36,0,125,7,3,2,11,5,3,0.224299,0.0756303,0.262605,0.288,0.293249,0.36215,0.288836,0.655398,0.13785,4.08069,0.290541,,-1.02005,47.5046,-8.17698,82.4949,-1.02005,1.5,-10.554110527038574,6.746913433074951,1.249,999,,,,,,,417.6,3.3408,417.6,3.3408,,,,,,,,,,,,,,,,,,,"Cam Devanney","25688",687478
"Andrew Vaughn","MIL",145,597,544,140,89,29,1,21,59,75,41,0,117,8,4,0,14,1,0,0.257353,0.0686767,0.19598,0.350427,0.316583,0.430147,0.324119,0.74673,0.172794,2.17418,0.290244,,-0.889154,76.5339,6.69799,111.271,-0.889154,-3.7,6.810070633888245,-14.667813539505005,1.24812,269.1700134277344,,,,,,,676.1,4.66275862,676.1,4.66275862,,,,,,,,,,,,,,,,,,,"Andrew Vaughn","26197",683734
"Angel Martínez","CLE",119,499,447,103,69,22,3,9,51,53,37,0,103,6,4,5,11,6,4,0.230425,0.0741483,0.206413,0.359223,0.295547,0.353468,0.286379,0.649014,0.123043,4.41038,0.277286,,-1.30398,48.8132,-9.55884,86.4786,-1.30398,2.6,-9.024161696434021,4.433480262756348,1.24744,745.6400146484375,,,,,,,424.5,3.56722689,424.5,3.56722689,,,,,,,,,,,,,,,,,,,"Angel Martinez","26540",682657
"Brady House","WSN",135,534,498,118,80,21,2,15,63,64,26,0,147,8,2,0,17,5,2,0.236948,0.0486891,0.275281,0.176871,0.284644,0.37751,0.289294,0.662154,0.140562,4.51708,0.304734,,-0.709749,53.4901,-8.97618,84.7452,-0.709749,2.8,-10.450864553451538,4.762081027030945,1.24569,999,,,,,,,482,3.57037037,482,3.57037037,,,,,,,,,,,,,,,,,,,"Brady House","29993",691781
"Devin Mann","SFG",110,444,388,91,54,26,1,10,50,48,44,1,114,7,3,2,5,2,2,0.234536,0.0990991,0.256757,0.385965,0.321267,0.384021,0.31063,0.705288,0.149485,2.89501,0.303371,,-1.23082,52.0995,0.161256,97.8257,-1.23082,7.7,-2.3354233503341675,-0.4569664001464844,1.24341,999,,,,,,,447.9,4.071818181,447.9,4.071818181,,,,,,,,,,,,,,,,,,,"Devin Mann","sa3006869",669471
"Michael Arroyo","SEA",122,570,500,105,66,21,4,14,74,74,44,0,165,22,4,0,12,9,4,0.21,0.077193,0.289474,0.266667,0.3,0.352,0.290801,0.652,0.142,5.89582,0.28,,-0.861825,57.7873,-8.89018,94.7253,-0.861825,-4.8,-4.3019620180130005,-2.705643892288208,1.24277,999,,,,,,,507.2,4.157377049,507.2,4.157377049,,,,,,,,,,,,,,,,,,,"Michael Arroyo","sa3018429",703197
"Ryan O'Hearn","SDP",129,433,393,104,69,17,2,16,54,61,34,2,80,3,3,0,6,3,1,0.264631,0.0785219,0.184758,0.425,0.325635,0.440204,0.330278,0.765839,0.175573,3.87859,0.293333,,-0.625818,57.6562,7.0047,118.739,-0.625818,0,8.658527314662933,-11.136831283569336,1.2379,359.2900085449219,,,,,,,514.4,3.987596899,514.4,3.987596899,,,,,,,,,,,,,,,,,,,"Ryan O'Hearn","16442",656811
"Logan Porter","SFG",95,372,328,74,50,16,1,7,37,38,37,1,106,5,2,0,8,1,0,0.22561,0.0994624,0.284946,0.349057,0.311828,0.344512,0.292462,0.65634,0.118902,2.98868,0.308756,,-0.51821,38.2113,-5.30453,88.4808,-0.51821,-1.6,-5.64242696762085,5.234215140342712,1.23491,999,,,,,,,332.2,3.496842105,332.2,3.496842105,,,,,,,,,,,,,,,,,,,"Logan Porter","20626",682515
"Luis Campusano","SDP",98,353,326,82,57,14,1,10,43,46,22,0,58,3,2,0,14,0,0,0.251534,0.0623229,0.164306,0.37931,0.303116,0.392638,0.30376,0.695754,0.141104,2.21201,0.276923,,-0.647179,39.4695,-1.8238,97.7946,-0.647179,-4.7,-1.5781323313713074,1.7851557731628418,1.23323,431.79998779296875,,,,,,,348.5,3.556122448,348.5,3.556122448,,,,,,,,,,,,,,,,,,,"Luis Campusano","22217",669134
"Jud Fabian","BAL",126,532,473,94,60,19,1,14,53,57,47,0,192,5,5,2,7,11,6,0.198731,0.0883459,0.360902,0.244792,0.275472,0.331924,0.269833,0.607396,0.133192,4.16097,0.294118,,-1.11399,44.9569,-17.2754,76.2212,-1.11399,7.8,-15.588580965995789,9.754732728004456,1.2329,999,,,,,,,405.9,3.221428571,405.9,3.221428571,,,,,,,,,,,,,,,,,,,"Jud Fabian","sa3019942",682983
"Cooper Ingle","CLE",99,424,371,80,50,24,1,5,47,43,51,0,72,2,0,0,4,4,1,0.215633,0.120283,0.169811,0.708333,0.313679,0.326146,0.289189,0.639825,0.110512,3.82937,0.255102,,-0.417926,42.4357,-7.16299,88.4556,-0.417926,-4,-6.018611490726471,3.7895355224609375,1.23259,999,,,,,,,363.1,3.667676767,363.1,3.667676767,,,,,,,,,,,,,,,,,,,"Cooper Ingle","sa3023069",694876
"Colson Montgomery","CHW",121,526,461,95,62,18,3,12,54,59,49,2,154,14,2,0,9,5,2,0.206074,0.0931559,0.292776,0.318182,0.30038,0.336226,0.28451,0.636606,0.130152,4.41459,0.279461,,-0.780781,50.6631,-10.8674,83.4092,-0.780781,-0.7,-10.76599496603012,5.098059952259064,1.22933,576.3300170898438,,,,,,,446,3.685950413,446,3.685950413,,,,,,,,,,,,,,,,,,,"Colson Montgomery","29712",695657
"Rhylan Thomas","SEA",121,467,428,111,87,20,0,4,56,40,28,0,52,2,2,7,3,12,6,0.259346,0.0599572,0.111349,0.538462,0.306522,0.334112,0.284201,0.640634,0.0747664,4.25209,0.286096,,-0.953452,44.8642,-9.76454,90.0826,-0.953452,7.7,-6.252781569957733,2.5522923469543457,1.22897,999,,,,,,,385.2,3.183471074,385.2,3.183471074,,,,,,,,,,,,,,,,,,,"Rhylan Thomas","31793",689041
"Ricardo Genovés",,83,307,276,58,36,15,0,7,31,35,23,0,95,5,2,1,7,1,0,0.210145,0.0749186,0.309446,0.242105,0.281046,0.34058,0.275675,0.621625,0.130435,2.63345,0.289773,,-0.305115,27.3866,-8.5257,81.7562,-0.305115,2.7,-6.713661015033722,8.340064764022827,1.22712,999,,,,,,,244,2.939759036,244,2.939759036,,,,,,,,,,,,,,,,,,,"Ricardo Genoves","sa916844",665648
"Yunior Severino",,120,524,470,109,70,21,2,16,53,65,46,1,171,5,3,0,12,2,1,0.231915,0.0877863,0.326336,0.269006,0.305344,0.387234,0.303343,0.692578,0.155319,3.14776,0.325175,,-0.952097,58.4136,-2.88295,97.8445,-0.952097,6.2,-2.2444652318954468,-3.426690101623535,1.2221,999,,,,,,,517.1,4.309166666,517.1,4.309166666,,,,,,,,,,,,,,,,,,,"Yunior Severino","sa3003185",670870
"Donovan Walton","PHI",93,361,320,76,52,16,2,6,43,40,30,2,56,6,3,2,7,3,2,0.2375,0.0831025,0.155125,0.535714,0.311978,0.35625,0.294158,0.668228,0.11875,4.17751,0.268199,,-0.888761,37.5741,-4.655,91.1687,-0.888761,3.2,-4.701122164726257,4.526425719261169,1.22127,999,,,,,,,327.9,3.525806451,327.9,3.525806451,,,,,,,,,,,,,,,,,,,"Donovan Walton","19314",622268
"Dane Myers","MIA",101,385,347,89,62,15,2,10,49,49,28,0,104,7,3,0,7,11,3,0.256484,0.0727273,0.27013,0.269231,0.322078,0.397695,0.315573,0.719772,0.14121,5.80645,0.334746,,0.219416,46.7081,1.67149,99.447,0.219416,3.3,-0.035200297832489014,-0.9438273906707764,1.22059,658.6900024414062,,,,,,,417.8,4.136633663,417.8,4.136633663,,,,,,,,,,,,,,,,,,,"Dane Myers","22054",667472
"Nolan Schanuel","LAA",144,585,502,128,93,21,1,13,70,59,68,0,95,9,4,2,8,8,2,0.25498,0.116239,0.162393,0.715789,0.351629,0.378486,0.325763,0.730116,0.123506,3.95846,0.288945,,-0.551725,75.7699,7.33768,111.167,-0.551725,-3.9,6.923183739185333,-14.64735460281372,1.22052,309.1099853515625,,,,,,,644.2,4.473611111,644.2,4.473611111,,,,,,,,,,,,,,,,,,,"Nolan Schanuel","33189",694384
"John Rave","KCR",126,531,471,110,72,23,4,11,64,57,48,1,139,3,3,6,4,12,4,0.233546,0.0903955,0.26177,0.345324,0.306667,0.369427,0.29731,0.676093,0.135881,5.73392,0.305556,,-0.182901,56.6154,-5.49993,88.456,-0.182901,7.1,-7.196728929877281,1.2468252182006836,1.21746,999,,,,,,,502.5,3.988095238,502.5,3.988095238,,,,,,,,,,,,,,,,,,,"John Rave","26284",670231
"Hunter Goodman","COL",120,467,428,104,54,27,2,21,59,74,29,0,123,6,4,0,9,2,1,0.242991,0.0620985,0.263383,0.235772,0.297645,0.462617,0.325503,0.760261,0.219626,3.74012,0.288194,,-0.707432,60.3887,5.7599,95.6475,-0.707432,-9.2,-3.138042628765106,-0.620488166809082,1.21503,315.19000244140625,,,,,,,547.5,4.5625,547.5,4.5625,,,,,,,,,,,,,,,,,,,"Hunter Goodman","29715",696100
"Ryan Kreidler","PIT",94,347,303,61,41,10,1,9,42,36,35,0,106,5,3,1,6,10,3,0.20132,0.100865,0.305476,0.330189,0.291908,0.330033,0.278762,0.62194,0.128713,5.41446,0.272251,,0.145695,31.8169,-8.77445,81.0681,0.145695,3.7,-7.371040493249893,7.524955987930298,1.21305,745.6799926757812,,,,,,,288.5,3.069148936,288.5,3.069148936,,,,,,,,,,,,,,,,,,,"Ryan Kreidler","25867",668952
"Sam Haggerty","TEX",92,293,260,64,42,14,3,5,37,34,25,1,66,4,2,2,3,16,2,0.246154,0.0853242,0.225256,0.378788,0.319588,0.380769,0.307006,0.700357,0.134615,7.68421,0.308901,,1.83752,33.5263,-0.74825,99.7625,1.83752,3.4,1.75788114964962,0.17028236389160156,1.20999,999,,,,,,,314.9,3.422826086,314.9,3.422826086,,,,,,,,,,,,,,,,,,,"Sam Haggerty","18054",664059
"Caleb Durbin","MIL",96,409,360,84,56,19,2,7,53,47,33,1,49,12,2,2,7,22,4,0.233333,0.0806846,0.119804,0.673469,0.316953,0.355556,0.299093,0.672509,0.122222,6.82598,0.251634,,1.99073,44.1947,-3.64931,90.6047,1.99073,-0.8,-2.604365825653076,0.7027924656867981,1.2077,392.44000244140625,,,,,,,408.3,4.253125,408.3,4.253125,,,,,,,,,,,,,,,,,,,"Caleb Durbin","29646",702332
"Kyle Higashioka","TEX",80,242,223,48,27,10,0,11,24,35,15,0,64,0,3,1,4,1,0,0.215247,0.0619835,0.264463,0.234375,0.261411,0.408072,0.287275,0.669483,0.192825,2.37873,0.245033,,-0.131482,23.8476,-4.46112,85.8833,-0.131482,3.2,-4.0403662621974945,7.645914316177368,1.20727,368.2300109863281,,,,,,,225.1,2.81375,225.1,2.81375,,,,,,,,,,,,,,,,,,,"Kyle Higashioka","5517",543309
"Tristan Gray","TBR",124,477,437,93,55,20,2,16,51,54,31,0,151,5,3,1,6,1,1,0.212815,0.0649895,0.316562,0.205298,0.271008,0.377574,0.282606,0.648583,0.16476,3.18238,0.282051,,-0.923217,45.2129,-10.5857,82.0705,-0.923217,4.7,-10.708911895751953,6.452645301818848,1.20608,999,,,,,,,410.7,3.312096774,410.7,3.312096774,,,,,,,,,,,,,,,,,,,"Tristan Gray","19877",656484
"Weston Wilson","PHI",115,441,393,87,52,16,1,18,56,57,41,1,129,2,4,1,11,13,3,0.221374,0.0929705,0.292517,0.317829,0.295455,0.40458,0.303892,0.700035,0.183206,5.36086,0.276,,0.643093,49.3558,-2.23153,93.6172,0.643093,-5.2,-2.722872495651245,-0.33888864517211914,1.19774,750.510009765625,,,,,,,460.8,4.006956521,460.8,4.006956521,,,,,,,,,,,,,,,,,,,"Weston Wilson","19358",642215
"Andrew Benintendi","CHW",131,532,478,124,85,24,2,13,62,59,48,2,90,2,4,0,10,7,2,0.259414,0.0902256,0.169173,0.533333,0.327068,0.399582,0.317014,0.726649,0.140167,4.15639,0.292876,,-0.459705,65.1588,2.92651,106.273,-0.459705,-3.7,3.359023243188858,-9.564197778701782,1.19455,402.7900085449219,,,,,,,577.3,4.406870229,577.3,4.406870229,,,,,,,,,,,,,,,,,,,"Andrew Benintendi","17901",643217
"Jakson Reetz","BAL",83,314,277,57,32,15,0,10,33,45,25,1,91,10,1,1,7,1,1,0.205776,0.0796178,0.289809,0.274725,0.29393,0.368231,0.292528,0.662161,0.162455,2.3095,0.265537,,-0.725906,32.2701,-4.46099,90.0713,-0.725906,-0.2,-4.45396101474762,5.568665310740471,1.19308,999,,,,,,,283.8,3.419277108,283.8,3.419277108,,,,,,,,,,,,,,,,,,,"Jakson Reetz","17837",656883
"Akil Baddoo","DET",120,445,395,89,55,18,5,11,55,46,46,1,118,1,2,1,4,20,6,0.225316,0.103371,0.265169,0.38983,0.306306,0.379747,0.300904,0.686053,0.15443,6.96743,0.291045,,0.772827,48.7332,-3.32199,96.6434,0.772827,-4.1,-0.9362476468086243,-2.4649323225021362,1.18399,999,,,,,,,449.7,3.7475,449.7,3.7475,,,,,,,,,,,,,,,,,,,"Akil Baddoo","22168",668731
"Wynton Bernard",,97,389,362,92,65,18,3,6,48,41,22,0,82,3,2,0,8,19,3,0.254144,0.0565553,0.210797,0.268293,0.300771,0.370166,0.293779,0.670937,0.116022,7.04768,0.311594,,1.87466,40.3698,-5.13467,91.1168,1.87466,4.8,-2.0792157649993896,0.5120811462402344,1.1802,999,,,,,,,381.6,3.934020618,381.6,3.934020618,,,,,,,,,,,,,,,,,,,"Wynton Bernard","13408",592144
"Pablo Reyes",,99,351,314,75,53,13,1,8,46,37,31,0,67,2,2,2,6,10,4,0.238853,0.0883191,0.190883,0.462687,0.309456,0.363057,0.297503,0.672513,0.124204,5.25463,0.278008,,-0.298774,37.4784,-3.58094,93.0544,-0.298774,1.5,-3.088263690471649,2.7896825075149536,1.18012,750.010009765625,,,,,,,331.4,3.347474747,331.4,3.347474747,,,,,,,,,,,,,,,,,,,"Pablo Reyes","16357",622569
"Tsung-Che Cheng","PIT",133,529,466,106,72,22,3,9,64,51,44,0,129,3,3,13,5,12,6,0.227468,0.0831758,0.243856,0.341085,0.296512,0.345494,0.284456,0.642005,0.118026,5.49917,0.293051,,-0.969237,50.9295,-10.9519,78.5385,-0.969237,2.5,-14.545399010181427,8.331128597259521,1.17426,999,,,,,,,440.1,3.309022556,440.1,3.309022556,,,,,,,,,,,,,,,,,,,"Tsung-Che Cheng","28344",691907
"Tyler Black","MIL",117,513,443,101,66,17,6,12,65,60,57,1,116,11,2,0,5,19,4,0.227991,0.111111,0.226121,0.491379,0.329435,0.374718,0.312826,0.704153,0.146727,7.15824,0.280757,,1.13028,61.1025,1.09274,99.8475,1.13028,2.7,1.0367454439401627,-6.7246034145355225,1.1737,666.6199951171875,,,,,,,547.8,4.682051282,547.8,4.682051282,,,,,,,,,,,,,,,,,,,"Tyler Black","29949",672012
"Mickey Moniak","COL",117,420,392,92,55,17,4,16,48,54,21,1,122,4,3,0,4,8,4,0.234694,0.05,0.290476,0.172131,0.278571,0.420918,0.299848,0.69949,0.186224,5.59416,0.29572,,-0.643527,45.6386,-3.4922,92.9382,-0.643527,-0.2,-4.0372061133384705,1.343209907412529,1.17077,590.25,,,,,,,424.7,3.629914529,424.7,3.629914529,,,,,,,,,,,,,,,,,,,"Mickey Moniak","19956",666160
"Bryan Torres","STL",129,508,449,121,97,21,2,1,61,44,46,1,91,2,4,7,3,17,9,0.269488,0.0905512,0.179134,0.505495,0.337325,0.331849,0.2991,0.669174,0.0623608,4.96704,0.33241,,-1.38157,54.895,-4.52988,92.4492,-1.38157,-1.5,-5.968460440635681,0.36654913425445557,1.16541,999,,,,,,,461.4,3.576744186,461.4,3.576744186,,,,,,,,,,,,,,,,,,,"Bryan Torres","sa885119",663494
"Santiago Espinal","CIN",121,383,349,91,67,17,1,6,38,39,26,1,54,3,2,3,8,9,2,0.260745,0.0678851,0.140992,0.481481,0.315789,0.366762,0.299938,0.682552,0.106017,4.43326,0.292096,,0.240207,41.6458,-3.15683,85.0711,0.240207,3.7,-6.597146153450012,5.107260465621948,1.16096,657.530029296875,,,,,,,370.5,3.061983471,370.5,3.061983471,,,,,,,,,,,,,,,,,,,"Santiago Espinal","19997",669289
"Jo Adell","LAA",119,450,408,93,50,19,2,22,57,69,32,1,133,7,3,0,9,10,6,0.227941,0.0711111,0.295556,0.240602,0.293333,0.446078,0.317585,0.739412,0.218137,4.95873,0.277344,,-1.12457,55.3225,2.68234,105.415,-1.12457,-0.5,1.6633284091949463,-5.460317611694336,1.16036,285.45001220703125,,,,,,,505.3,4.246218487,505.3,4.246218487,,,,,,,,,,,,,,,,,,,"Jo Adell","20220",666176
"Cooper Pratt","MIL",103,408,368,82,61,13,2,6,43,44,28,0,107,6,4,2,6,12,2,0.222826,0.0686275,0.262255,0.261682,0.285714,0.317935,0.268932,0.603649,0.0951087,5.75704,0.293436,,0.840207,34.1823,-13.5448,70.3042,0.840207,6.8,-13.648052215576172,11.297354698181152,1.15789,999,,,,,,,315.9,3.066990291,315.9,3.066990291,,,,,,,,,,,,,,,,,,,"Cooper Pratt","sa3022867",806198
"James Triantos","CHC",115,481,447,113,85,18,5,5,59,50,22,0,66,7,5,0,11,24,6,0.252796,0.045738,0.137214,0.333333,0.295218,0.348993,0.282589,0.644212,0.0961969,7.31959,0.283465,,1.47023,45.5853,-10.6812,82.4138,1.47023,2.1,-8.645058512687683,3.8673425912857056,1.15784,999,,,,,,,429.3,3.733043478,429.3,3.733043478,,,,,,,,,,,,,,,,,,,"James Triantos","sa3017295",701649
"Sandro Fabian",,117,469,436,103,63,23,2,15,50,62,25,0,85,6,2,0,14,3,2,0.236239,0.0533049,0.181237,0.294118,0.285714,0.401376,0.298238,0.68709,0.165138,3.71427,0.260355,,-0.9519,50.3551,-4.50765,93.5945,-0.9519,5.1,-4.389314413070679,-0.06975317001342773,1.15753,999,,,,,,,453,3.871794871,453,3.871794871,,,,,,,,,,,,,,,,,,,"Sandro Fabian","19910",660758
"Tyler Locklear","ARI",120,509,449,101,62,23,2,14,62,64,41,1,147,16,3,0,15,7,1,0.224944,0.0805501,0.288802,0.278912,0.310413,0.378619,0.304096,0.689032,0.153675,5.13809,0.298969,,0.0636878,57.05,-2.49188,104.078,0.0636878,1.1,2.4386005103588104,-8.25111711025238,1.15575,725.6099853515625,,,,,,,507.8,4.231666666,507.8,4.231666666,,,,,,,,,,,,,,,,,,,"Tyler Locklear","31396",682988
"Jahmai Jones","DET",91,319,276,63,39,14,3,7,41,33,34,0,79,6,1,2,5,8,3,0.228261,0.106583,0.247649,0.43038,0.324921,0.376812,0.311727,0.701733,0.148551,6.13128,0.293194,,-0.238521,37.7135,0.397519,104.257,-0.238521,2.7,1.3152255415916443,-0.8163139820098877,1.15208,750.5599975585938,,,,,,,327.1,3.594505494,327.1,3.594505494,,,,,,,,,,,,,,,,,,,"Jahmai Jones","18872",663330
"Christian Bethancourt",,87,274,259,60,38,13,0,9,33,34,12,0,72,1,1,1,7,4,0,0.23166,0.0437956,0.262774,0.166667,0.267399,0.3861,0.282964,0.6535,0.15444,4.497,0.284916,,0.397486,26.0501,-6.00187,84.1811,0.397486,1.5,-4.561959952116013,6.533803462982178,1.14895,749.6799926757812,,,,,,,245.9,2.826436781,245.9,2.826436781,,,,,,,,,,,,,,,,,,,"Christian Bethancourt","10028",542194
"Kevin Kiermaier",,107,309,281,64,44,12,3,5,39,32,19,0,86,3,2,4,5,8,2,0.227758,0.0614887,0.278317,0.22093,0.281967,0.345196,0.275805,0.627163,0.117438,6.78015,0.307292,,0.269087,27.5973,-8.54894,77.0005,0.269087,7.9,-8.229334354400635,9.035361647605896,1.14404,999,,,,,,,251.9,2.354205607,251.9,2.354205607,,,,,,,,,,,,,,,,,,,"Kevin Kiermaier","11038",595281
"Tanner Morris",,82,356,310,73,56,13,1,3,36,31,40,0,80,3,2,1,7,2,1,0.235484,0.11236,0.224719,0.5,0.326761,0.312903,0.290558,0.639664,0.0774194,3.27347,0.305677,,-0.786356,36.0222,-5.62198,88.8512,-0.786356,3.2,-5.327713251113892,4.508054137229919,1.14355,999,,,,,,,300.4,3.663414634,300.4,3.663414634,,,,,,,,,,,,,,,,,,,"Tanner Morris","sa3009873",671088
"Blaine Crim","COL",132,555,498,122,79,24,2,17,67,73,44,0,115,8,5,0,14,3,1,0.24498,0.0792793,0.207207,0.382609,0.313514,0.403614,0.313276,0.717128,0.158635,3.62293,0.283019,,-0.838914,66.3064,1.38353,104.173,-0.838914,0.9,1.8111035227775574,-9.296208024024963,1.14171,999,,,,,,,584.9,4.431060606,584.9,4.431060606,,,,,,,,,,,,,,,,,,,"Blaine Crim","25714",688760
"Nick Sogard","BOS",125,489,433,106,76,21,2,7,63,49,49,1,106,3,3,1,9,10,4,0.244804,0.100204,0.216769,0.462264,0.32377,0.351039,0.30004,0.67481,0.106236,5.09292,0.306502,,-0.622363,53.2117,-3.99062,89.0492,-0.622363,-4,-6.7495614886283875,1.390211582183838,1.13355,999,,,,,,,462.5,3.7,462.5,3.7,,,,,,,,,,,,,,,,,,,"Nick Sogard","25483",686765
"Drew Ellis","SFG",87,354,307,63,34,16,1,12,42,42,39,1,96,6,2,0,7,2,1,0.205212,0.110169,0.271186,0.40625,0.305085,0.381107,0.302387,0.686192,0.175896,3.5761,0.253731,,-0.620615,39.1902,-2.22007,94.724,-0.620615,0.6,-2.7576509714126587,1.9007054567337036,1.1328,999,,,,,,,346.7,3.985057471,346.7,3.985057471,,,,,,,,,,,,,,,,,,,"Drew Ellis","19873",656403
"Tirso Ornelas","SDP",129,538,490,118,80,25,1,12,56,60,41,1,113,4,3,0,11,4,3,0.240816,0.0762082,0.210037,0.362832,0.302974,0.369388,0.295213,0.672362,0.128571,3.12422,0.288043,,-1.39368,56.4536,-6.48063,92.0418,-1.39368,5.5,-6.513547420501709,-0.43033504486083984,1.1298,522.2899780273438,,,,,,,496,3.84496124,496,3.84496124,,,,,,,,,,,,,,,,,,,"Tirso Ornelas","22566",672359
"Brewer Hicklen","PHI",116,468,410,86,48,18,3,17,63,69,44,2,168,12,2,0,7,24,3,0.209756,0.0940171,0.358974,0.261905,0.303419,0.392683,0.304938,0.696102,0.182927,7.66132,0.303965,,2.77995,52.7715,-1.97422,94.5386,2.77995,0.8,-0.27648115158081055,-4.3587300181388855,1.12793,999,,,,,,,505.9,4.361206896,505.9,4.361206896,,,,,,,,,,,,,,,,,,,"Brewer Hicklen","20450",676551
"Zach McKinstry","DET",120,388,350,83,55,16,4,8,48,31,31,0,81,4,2,1,3,13,2,0.237143,0.0798969,0.208763,0.382716,0.30491,0.374286,0.298619,0.679195,0.137143,6.80058,0.285171,,1.07967,41.7775,-3.61003,95.0362,1.07967,-5.2,-1.124039649963379,-0.9231038093566895,1.12718,557.5800170898438,,,,,,,383.3,3.194166666,383.3,3.194166666,,,,,,,,,,,,,,,,,,,"Zach McKinstry","19392",656716
"Orlando Arcia","COL",139,519,473,108,73,21,0,14,50,55,38,1,105,3,5,0,13,2,0,0.22833,0.0732177,0.202312,0.361905,0.287091,0.361522,0.283902,0.648613,0.133192,2.41121,0.261838,,-0.491844,49.7351,-10.9765,79.5591,-0.491844,1.1,-13.17793419957161,6.820899605751038,1.12518,462.8599853515625,,,,,,,451.1,3.245323741,451.1,3.245323741,,,,,,,,,,,,,,,,,,,"Orlando Arcia","13185",606115
"Cole Carrigg","COL",117,513,463,115,77,16,9,13,67,63,32,0,120,6,5,7,7,26,8,0.24838,0.0623782,0.233918,0.266667,0.302372,0.406048,0.306898,0.708419,0.157667,7.96028,0.304478,,1.05232,58.655,-1.35479,83.1248,1.05232,1.2,-9.299752473831177,3.084920644760132,1.11927,999,,,,,,,541.9,4.631623931,541.9,4.631623931,,,,,,,,,,,,,,,,,,,"Cole Carrigg","sa3022596",694249
"Alex Mooney","CLE",111,497,445,91,57,22,4,8,64,51,37,0,129,12,3,0,9,23,4,0.204494,0.0744467,0.259557,0.286822,0.28169,0.325843,0.271131,0.607533,0.121348,7.59085,0.266881,,2.14338,42.5182,-15.6199,75.7529,2.14338,4,-11.645269870758057,5.826131701469421,1.11367,999,,,,,,,405.9,3.656756756,405.9,3.656756756,,,,,,,,,,,,,,,,,,,"Alex Mooney","sa3023070",695612
"Kyle Stowers","MIA",120,464,412,96,55,22,2,17,50,60,41,0,143,7,4,0,8,2,1,0.23301,0.0883621,0.30819,0.286713,0.310345,0.419903,0.317696,0.730248,0.186893,3.29245,0.308594,,-0.817926,57.085,2.80714,100.876,-0.817926,0.8,-0.33212822675704956,-4.314638316631317,1.113,552.760009765625,,,,,,,505.6,4.213333333,505.6,4.213333333,,,,,,,,,,,,,,,,,,,"Kyle Stowers","26151",669065
"Jorge Barrosa","ARI",111,478,428,99,68,21,3,7,56,48,39,0,99,5,2,4,6,12,6,0.231308,0.08159,0.207113,0.393939,0.301688,0.343458,0.286696,0.645146,0.11215,5.47936,0.283951,,-0.91399,46.8809,-9.0346,80.9977,-0.91399,4.9,-11.775644958019257,6.656319856643677,1.11226,999,,,,,,,408.2,3.677477477,408.2,3.677477477,,,,,,,,,,,,,,,,,,,"Jorge Barrosa","23968",678489
"Carlos Santana","CHC",126,506,439,96,60,20,0,16,53,56,61,2,90,3,3,0,9,3,0,0.218679,0.120553,0.177866,0.677778,0.316206,0.373576,0.304771,0.689782,0.154897,2.683,0.238095,,-0.362876,56.9885,-2.20244,99.4162,-0.362876,3.8,-0.7008751332759857,-5.496002435684204,1.1057,353.5799865722656,,,,,,,504.7,4.005555555,504.7,4.005555555,,,,,,,,,,,,,,,,,,,"Carlos Santana","2396",467793
"Justyn-Henry Malloy","DET",132,525,448,106,68,22,1,15,59,56,66,0,151,7,4,0,12,3,2,0.236607,0.125714,0.287619,0.437086,0.340952,0.390625,0.324595,0.731577,0.154018,2.84456,0.318182,,-1.32284,67.5048,6.09133,113.308,-1.32284,0,6.671370625495911,-13.50308609008789,1.10569,681.280029296875,,,,,,,575.2,4.357575757,575.2,4.357575757,,,,,,,,,,,,,,,,,,,"Justyn-Henry Malloy","29606",669234
"Jorge Soler","LAA",128,516,449,101,55,22,0,24,67,69,59,1,136,5,3,0,12,1,0,0.224944,0.114341,0.263566,0.433824,0.319767,0.434298,0.32787,0.754066,0.209354,2.23546,0.263699,,-0.731306,67.7079,7.34724,112.649,-0.731306,0,6.736975431442261,-13.271604537963867,1.10532,205.88999938964844,,,,,,,599.9,4.68671875,599.9,4.68671875,,,,,,,,,,,,,,,,,,,"Jorge Soler","14221",624585
"Nick Yorke","PIT",126,555,504,122,88,24,1,9,65,53,44,1,128,4,3,0,10,12,5,0.242063,0.0792793,0.230631,0.34375,0.306306,0.347222,0.289255,0.653529,0.105159,4.53294,0.305405,,-0.690509,55.5759,-9.3469,81.768,-0.690509,3,-12.790618121623993,5.039241552352905,1.10477,563.4500122070312,,,,,,,491.9,3.903968253,491.9,3.903968253,,,,,,,,,,,,,,,,,,,"Nick Yorke","27504",694377
"Charles Leblanc",,111,433,380,88,58,17,2,11,49,57,49,1,135,3,1,0,6,4,2,0.231579,0.113164,0.311778,0.362963,0.323326,0.373684,0.308864,0.69701,0.142105,4.14481,0.32766,,-0.870287,50.1932,-0.458346,96.3602,-0.870287,7,-2.754911422729492,-0.9548792839050293,1.10335,999,,,,,,,434.9,3.918018018,434.9,3.918018018,,,,,,,,,,,,,,,,,,,"Charles Leblanc","19813",641779
"Sergio Alcántara",,124,433,382,86,63,15,3,5,49,36,45,1,102,2,3,1,8,3,1,0.225131,0.103926,0.235566,0.441176,0.30787,0.319372,0.281077,0.627242,0.0942408,4.59793,0.291367,,-0.66528,40.5095,-10.142,80.818,-0.66528,2.1,-10.597440838813782,6.872927665710449,1.10183,999,,,,,,,351.1,2.831451612,351.1,2.831451612,,,,,,,,,,,,,,,,,,,"Sergio Alcantara","16417",642727
"Ryan Noda","BAL",133,525,437,88,50,19,1,18,64,57,76,1,184,10,2,0,6,5,1,0.201373,0.144762,0.350476,0.413043,0.331429,0.372998,0.315438,0.704426,0.171625,4.01786,0.295359,,-0.470483,63.6358,2.22228,103.904,-0.470483,0.9,1.8749510049819946,-8.74506151676178,1.10172,748.8599853515625,,,,,,,550.5,4.139097744,550.5,4.139097744,,,,,,,,,,,,,,,,,,,"Ryan Noda","23312",676116
"Brandon Crawford",,87,316,281,64,42,13,1,8,34,34,28,2,78,4,3,0,6,2,1,0.227758,0.0886076,0.246835,0.358974,0.303797,0.366548,0.29339,0.670345,0.13879,3.47585,0.282828,,-0.573261,32.6951,-4.26994,88.6063,-0.573261,1.5,-4.878660202026367,4.983245134353638,1.09563,999,,,,,,,293,3.367816091,293,3.367816091,,,,,,,,,,,,,,,,,,,"Brandon Crawford","5343",543063
"Matthew Etzel","MIA",120,474,432,106,74,19,4,9,56,53,33,1,125,4,5,0,5,23,8,0.24537,0.0696203,0.263713,0.264,0.301688,0.37037,0.293489,0.672058,0.125,6.77945,0.320132,,0.491782,49.0802,-6.36744,94.2868,0.491782,2.6,-2.606817811727524,-2.6248679161071777,1.09499,999,,,,,,,456.4,3.803333333,456.4,3.803333333,,,,,,,,,,,,,,,,,,,"Matthew Etzel","sa3022815",803033
"Marcelo Mayer","BOS",87,359,329,79,50,20,2,7,45,42,25,1,85,2,3,0,6,6,2,0.240122,0.0696379,0.236769,0.294118,0.295265,0.3769,0.292405,0.672164,0.136778,5.43761,0.3,,-0.209837,36.8595,-5.13565,83.6789,-0.209837,1.5,-6.91406387090683,5.457231044769287,1.08809,999,,,,,,,335.4,3.855172413,335.4,3.855172413,,,,,,,,,,,,,,,,,,,"Marcelo Mayer","29668",691785
"Austin Shenton","SEA",107,442,389,86,51,21,1,13,50,53,47,0,145,4,2,0,8,1,0,0.22108,0.106335,0.328054,0.324138,0.309955,0.380463,0.305012,0.690417,0.159383,3.01978,0.313305,,-0.605027,49.8662,-1.83811,104.722,-0.605027,2.1,1.7830396890640259,-6.020223140716553,1.0873,999,,,,,,,436.3,4.077570093,436.3,4.077570093,,,,,,,,,,,,,,,,,,,"Austin Shenton","25425",668853
"Mikey Romero","BOS",85,381,360,86,47,22,4,13,47,55,15,1,99,3,3,0,6,0,0,0.238889,0.0393701,0.259843,0.151515,0.272966,0.430556,0.299608,0.703521,0.191667,3.93263,0.290837,,-0.505115,41.3271,-3.2415,88.7458,-0.505115,-1,-5.411314487457275,3.199735641479492,1.08605,999,,,,,,,384.4,4.522352941,384.4,4.522352941,,,,,,,,,,,,,,,,,,,"Mikey Romero","sa3020216",702540
"Daniel Susac","ATH",97,395,371,86,60,15,2,9,34,44,16,0,115,5,3,0,8,4,1,0.231806,0.0405063,0.291139,0.13913,0.270886,0.355795,0.273349,0.626681,0.123989,4.33044,0.308,,-0.244293,34.4972,-11.7091,80.0399,-0.244293,-0.7,-9.265522360801697,6.556760609149933,1.083,999,,,,,,,317.9,3.277319587,317.9,3.277319587,,,,,,,,,,,,,,,,,,,"Daniel Susac","sa3019997",691740
"Juan Flores","LAA",101,402,368,74,50,15,1,8,41,42,16,1,111,10,2,6,9,2,2,0.201087,0.039801,0.276119,0.144144,0.252525,0.3125,0.249185,0.565025,0.111413,3.82672,0.262948,,-1.00194,27.2902,-19.735,57.3002,-1.00194,10.3,-20.64264965057373,17.685361862182617,1.08148,999,,,,,,,247,2.445544554,247,2.445544554,,,,,,,,,,,,,,,,,,,"Juan Flores","sa3021185",808129
"Trey Cabbage",,108,413,373,88,50,21,2,15,55,52,34,1,148,3,2,1,5,15,4,0.235925,0.0823245,0.358354,0.22973,0.303398,0.423593,0.314489,0.726991,0.187668,6.24233,0.34434,,0.701226,49.7444,1.43249,98.7521,0.701226,1.2,0.08493834733963013,-3.3524692058563232,1.08036,999,,,,,,,461.4,4.272222222,461.4,4.272222222,,,,,,,,,,,,,,,,,,,"Trey Cabbage","21078",663550
"Ruben Cardenas",,101,417,381,92,58,16,2,16,51,59,27,1,103,6,3,0,7,6,5,0.24147,0.0647482,0.247002,0.262136,0.29976,0.419948,0.311112,0.719708,0.178478,4.33163,0.286792,,-1.53535,49.0929,0.31305,98.4766,-1.53535,3.4,-2.295000910758972,-1.1965608596801758,1.07096,999,,,,,,,438.8,4.344554455,438.8,4.344554455,,,,,,,,,,,,,,,,,,,"Ruben Cardenas","sa3007505",665180
"Paul DeJong","WSN",126,443,404,82,49,14,0,19,48,51,28,0,140,7,4,0,9,3,3,0.20297,0.0632054,0.316027,0.2,0.264108,0.378713,0.280013,0.642821,0.175743,2.69843,0.253012,,-1.27798,41.0654,-10.7559,78.4982,-1.27798,3.4,-12.668421745300293,8.283156871795654,1.06791,426.1700134277344,,,,,,,376.7,2.989682539,376.7,2.989682539,,,,,,,,,,,,,,,,,,,"Paul DeJong","18015",657557
"Enmanuel Valdez","PIT",124,472,421,98,60,22,1,15,53,53,44,1,109,2,4,1,7,4,2,0.232779,0.0932203,0.230932,0.40367,0.305732,0.396675,0.306186,0.702407,0.163895,3.36652,0.275748,,-0.838717,53.6968,-1.51684,93.1641,-0.838717,-2.4,-4.697025239467621,-0.6657261848449707,1.06652,999,,,,,,,478.3,3.857258064,478.3,3.857258064,,,,,,,,,,,,,,,,,,,"Enmanuel Valdez","21716",665839
"Cooper Hummel","TBR",106,423,361,80,51,19,4,6,51,47,53,1,106,7,2,0,6,10,3,0.221607,0.125296,0.250591,0.5,0.330969,0.34626,0.304112,0.67723,0.124654,6.22973,0.294821,,-0.0831857,47.4161,-2.06565,99.2543,-0.0831857,1.3,-0.44411809742450714,-3.3626983165740967,1.06619,999,,,,,,,411.9,3.885849056,411.9,3.885849056,,,,,,,,,,,,,,,,,,,"Cooper Hummel","19458",669450
"Davis Wendzel","CIN",105,413,369,79,50,15,0,14,43,51,33,1,99,8,3,0,7,2,1,0.214092,0.0799031,0.239709,0.333333,0.290557,0.368564,0.289831,0.659121,0.154472,2.50314,0.250965,,-0.715324,41.5482,-6.76374,78.2684,-0.715324,6.5,-11.447880744934082,8.017489671707153,1.06354,999,,,,,,,372.5,3.547619047,372.5,3.547619047,,,,,,,,,,,,,,,,,,,"Davis Wendzel","26469",673995
"Nick Maton",,112,394,343,77,48,16,1,12,46,43,42,1,95,5,3,1,5,2,1,0.22449,0.106599,0.241117,0.442105,0.315522,0.381924,0.307229,0.697446,0.157434,3.37602,0.271967,,-0.746894,45.1539,-0.93547,99.3907,-0.746894,-6.2,-1.021585464477539,-1.856966495513916,1.06201,999,,,,,,,395.1,3.527678571,395.1,3.527678571,,,,,,,,,,,,,,,,,,,"Nick Maton","21635",665155
"Mauricio Dubón","HOU",128,412,384,101,73,20,1,7,49,42,19,0,57,3,4,2,9,4,3,0.263021,0.0461165,0.13835,0.333333,0.3,0.375,0.294256,0.675,0.111979,3.74949,0.290123,,-1.1648,42.9149,-5.28005,92.3217,-1.1648,5.8,-4.784468054771423,1.2585539817810059,1.05725,457.1700134277344,,,,,,,376.3,2.93984375,376.3,2.93984375,,,,,,,,,,,,,,,,,,,"Mauricio Dubon","16530",643289
"David Hensley",,106,419,369,86,57,20,2,7,58,37,48,0,118,1,1,0,10,10,2,0.233062,0.114558,0.281623,0.40678,0.322196,0.355014,0.30232,0.677209,0.121951,5.92308,0.322449,,0.35339,46.3634,-2.65043,97.6394,0.35339,4.7,-0.7783586978912354,-2.997677803039551,1.05557,999,,,,,,,408.2,3.850943396,408.2,3.850943396,,,,,,,,,,,,,,,,,,,"David Hensley","25111",682073
"Travis Blankenhorn","LAA",115,453,410,90,50,20,1,19,51,62,33,1,133,7,1,2,7,2,2,0.219512,0.0728477,0.293598,0.24812,0.288248,0.412195,0.304001,0.700443,0.192683,2.87882,0.274131,,-1.11244,50.7386,-2.25249,95.8593,-1.11244,3.3,-3.258661985397339,-1.6933863162994385,1.05142,999,,,,,,,454.5,3.952173913,454.5,3.952173913,,,,,,,,,,,,,,,,,,,"Travis Blankenhorn","18395",663905
"Matthew Batten","ATL",118,491,444,101,76,17,2,6,56,47,40,0,127,3,3,1,6,15,2,0.227477,0.0814664,0.258656,0.314961,0.293878,0.315315,0.272528,0.609193,0.0878378,5.89695,0.302548,,1.25079,42.5572,-14.8791,71.9039,1.25079,7.3,-15.245592832565308,9.1040860414505,1.05132,999,,,,,,,390.6,3.310169491,390.6,3.310169491,,,,,,,,,,,,,,,,,,,"Matthew Batten","20157",676946
"Ryan Fitzgerald","MIN",109,417,372,79,48,20,2,9,41,45,33,1,117,7,3,2,3,3,4,0.212366,0.0791367,0.280576,0.282051,0.286747,0.349462,0.280509,0.636209,0.137097,3.75951,0.281125,,-1.70667,38.8219,-9.95794,81.7826,-1.70667,5.1,-10.398818373680115,6.6321868896484375,1.04964,999,,,,,,,338.9,3.109174311,338.9,3.109174311,,,,,,,,,,,,,,,,,,,"Ryan Fitzgerald","24622",680837
"Javier Báez","DET",111,432,403,93,62,18,2,11,48,51,20,1,108,6,3,0,11,9,1,0.230769,0.0462963,0.25,0.185185,0.275463,0.367246,0.279318,0.642709,0.136476,5.59946,0.285714,,0.708353,39.8043,-10.7302,81.4598,0.708353,-0.6,-8.456057727336884,4.161904692649841,1.04691,631.5399780273438,,,,,,,377.1,3.397297297,377.1,3.397297297,,,,,,,,,,,,,,,,,,,"Javier Baez","12979",595879
"Jacob Amaya",,119,478,429,93,66,16,2,9,54,41,43,0,120,2,4,0,13,5,1,0.216783,0.0899582,0.251046,0.358333,0.288703,0.32634,0.273982,0.615043,0.109557,4.61926,0.276316,,-0.281065,41.9896,-13.9259,76.0039,-0.281065,2.3,-13.405284225940704,7.568959474563599,1.04634,746.219970703125,,,,,,,375.9,3.158823529,375.9,3.158823529,,,,,,,,,,,,,,,,,,,"Jacob Amaya","23296",676070
"Carlos Mendoza","DET",118,483,410,96,76,13,4,3,65,44,51,1,94,12,2,8,9,14,4,0.234146,0.10559,0.194617,0.542553,0.334737,0.307317,0.293091,0.642054,0.0731707,6.38312,0.295238,,0.0908201,49.8575,-6.64295,91.1476,0.0908201,-3,-4.8014809638261795,-1.2253086566925049,1.04392,999,,,,,,,420.7,3.565254237,420.7,3.565254237,,,,,,,,,,,,,,,,,,,"Carlos Mendoza","sa3008944",685332
"Luis Torrens","NYM",84,275,251,60,39,12,1,8,28,34,19,0,70,2,3,0,8,1,1,0.239044,0.0690909,0.254545,0.271429,0.294545,0.390438,0.298039,0.684984,0.151394,2.82876,0.295455,,-0.678552,29.4819,-2.68703,93.7809,-0.678552,-1.4,-2.7236786484718323,3.6521750688552856,1.03997,622.3400268554688,,,,,,,262.8,3.128571428,262.8,3.128571428,,,,,,,,,,,,,,,,,,,"Luis Torrens","15905",620443
"Trayce Thompson","BOS",107,378,334,71,39,17,1,14,41,50,38,1,128,4,2,0,5,6,2,0.212575,0.100529,0.338624,0.296875,0.298942,0.39521,0.303383,0.694151,0.182635,4.23138,0.293814,,-0.241407,42.1501,-2.06763,91.4009,-0.241407,0,-3.9606246054172516,1.3888888359069824,1.0385,748,,,,,,,382,3.570093457,382,3.570093457,,,,,,,,,,,,,,,,,,,"Trayce Thompson","9952",572204
"Seth Brown",,132,443,406,95,56,18,2,19,46,60,33,1,122,2,2,0,6,5,1,0.23399,0.0744921,0.275395,0.270492,0.293454,0.428571,0.311246,0.722025,0.194581,4.08059,0.284644,,-0.115324,52.2018,0.380497,106.698,-0.115324,-3.2,3.2797032296657562,-8.083156824111938,1.03226,499.1300048828125,,,,,,,479.9,3.63560606,479.9,3.63560606,,,,,,,,,,,,,,,,,,,"Seth Brown","18171",664913
"Levi Jordan","CIN",98,383,344,85,59,17,1,8,45,46,26,0,87,9,3,1,10,6,2,0.247093,0.0678851,0.227154,0.298851,0.314136,0.372093,0.302965,0.686229,0.125,4.63985,0.305556,,-0.351901,42.5786,-2.22397,87.1079,-0.351901,2.1,-6.256395757198334,3.507260322570801,1.03091,999,,,,,,,373,3.806122448,373,3.806122448,,,,,,,,,,,,,,,,,,,"Levi Jordan","25138",682119
"Cole Conn","ATH",96,393,341,64,46,12,1,5,33,31,35,0,105,7,3,7,7,5,1,0.187683,0.0890585,0.267176,0.333333,0.274611,0.272727,0.250287,0.547339,0.085044,4.24875,0.252137,,-0.0995396,27.028,-18.9443,63.8181,-0.0995396,6,-16.369593426585197,13.220017433166504,1.03057,999,,,,,,,237.6,2.475,237.6,2.475,,,,,,,,,,,,,,,,,,,"Cole Conn","sa3029251",813833
"Bryson Brigman",,102,385,354,93,72,14,2,5,44,43,22,0,76,5,2,2,9,6,3,0.262712,0.0571429,0.197403,0.289474,0.313316,0.355932,0.295653,0.669248,0.0932203,4.633,0.32,,-0.796369,40.5354,-4.50119,90.3597,-0.796369,1,-5.234609544277191,2.4146090745925903,1.03046,999,,,,,,,349.8,3.429411764,349.8,3.429411764,,,,,,,,,,,,,,,,,,,"Bryson Brigman","sa829857",624417
"Brett Bateman","CHC",105,475,418,98,77,15,2,4,54,36,47,0,103,3,3,4,6,15,5,0.23445,0.0989474,0.216842,0.456311,0.314225,0.308612,0.281606,0.622837,0.0741627,5.42694,0.299363,,-0.0273696,44.6408,-10.9238,81.7522,-0.0273696,2.8,-10.392266415059566,4.545296788215637,1.02681,999,,,,,,,387.8,3.693333333,387.8,3.693333333,,,,,,,,,,,,,,,,,,,"Brett Bateman","sa3022603",703520
"Rob Refsnyder","BOS",94,303,265,69,45,15,1,8,35,39,31,1,78,5,2,0,6,3,1,0.260377,0.10231,0.257426,0.397436,0.346535,0.415094,0.333627,0.761629,0.154717,3.7746,0.337017,,-0.4364,41.1627,5.71831,112.675,-0.4364,-0.8,3.9580204486846924,-4.13994699716568,1.02656,735.4199829101562,,,,,,,356.7,3.794680851,356.7,3.794680851,,,,,,,,,,,,,,,,,,,"Rob Refsnyder","13770",608701
"Taylor Walls","TBR",109,368,320,66,44,14,2,6,46,31,44,0,91,1,2,1,4,16,4,0.20625,0.119565,0.247283,0.483516,0.302452,0.31875,0.280319,0.621202,0.1125,6.40325,0.266667,,0.877549,34.2036,-8.84431,85.0227,0.877549,-1,-5.428933501243591,3.0564374923706055,1.02458,699.02001953125,,,,,,,312.2,2.864220183,312.2,2.864220183,,,,,,,,,,,,,,,,,,,"Taylor Walls","22458",670764
"Connor Wong","BOS",118,432,397,99,64,22,1,12,51,50,26,0,114,6,2,1,5,7,4,0.24937,0.0601852,0.263889,0.22807,0.303944,0.400504,0.307311,0.704448,0.151134,4.13602,0.318681,,-0.977698,49.5373,-0.99718,94.164,-0.977698,-8.6,-3.8624077439308167,-0.6634926795959473,1.02298,230.80999755859375,,,,,,,437.8,3.710169491,437.8,3.710169491,,,,,,,,,,,,,,,,,,,"Connor Wong","19896",657136
"Ben Cowles","CHW",114,446,402,90,62,18,2,8,49,46,33,0,148,7,4,0,10,10,3,0.223881,0.073991,0.331839,0.222973,0.29148,0.338308,0.279384,0.629788,0.114428,5.53368,0.328,,-0.0200463,41.1179,-11.0543,80.257,-0.0200463,0.7,-10.549587294459343,5.616225898265839,1.02161,999,,,,,,,371.4,3.257894736,371.4,3.257894736,,,,,,,,,,,,,,,,,,,"Ben Cowles","sa3016976",701496
"Diego Castillo","KCR",119,481,425,98,69,21,1,7,55,48,50,0,89,3,3,0,14,7,4,0.230588,0.10395,0.185031,0.561798,0.313929,0.334118,0.290511,0.648047,0.103529,3.91934,0.274096,,-1.1829,48.6521,-7.61432,88.7139,-1.1829,-0.2,-7.674472093582153,1.567342683672905,1.02054,999,,,,,,,417.3,3.506722689,417.3,3.506722689,,,,,,,,,,,,,,,,,,,"Diego Castillo","19906",660636
"Mark Canha",,115,441,371,92,63,20,1,8,51,43,49,1,84,17,4,0,7,6,1,0.247978,0.111111,0.190476,0.583333,0.358277,0.371968,0.327148,0.730244,0.123989,4.16647,0.29682,,-0.215236,57.6103,6.02295,109.444,-0.215236,-1.3,4.550408095121384,-9.401851415634155,1.02041,613.0499877929688,,,,,,,489.7,4.258260869,489.7,4.258260869,,,,,,,,,,,,,,,,,,,"Mark Canha","11445",592192
"Hoy Park","ATH",108,415,357,78,55,14,2,7,49,35,50,1,108,3,2,3,5,9,3,0.218487,0.120482,0.260241,0.462963,0.317961,0.327731,0.290782,0.645692,0.109244,5.28976,0.290984,,-0.259508,42.067,-6.47894,92.3029,-0.259508,4.5,-3.914453536272049,-0.07451486587524414,1.01978,999,,,,,,,365.3,3.382407407,365.3,3.382407407,,,,,,,,,,,,,,,,,,,"Hoy Park","18027",660829
"Griffin Conine","MIA",125,492,441,100,63,18,2,17,53,62,43,1,172,6,2,0,7,0,0,0.226757,0.0873984,0.349593,0.25,0.302846,0.39229,0.304309,0.695136,0.165533,2.30357,0.326772,,-0.876059,55.2287,-2.32454,91.8653,-0.876059,4.6,-5.662023365497589,-0.8232803344726562,1.01924,621.5800170898438,,,,,,,489.4,3.9152,489.4,3.9152,,,,,,,,,,,,,,,,,,,"Griffin Conine","21626",665052
"Jack Pineda","KCR",129,507,435,101,70,23,2,6,60,47,41,1,122,8,6,17,6,10,5,0.232184,0.0808678,0.240631,0.336066,0.306122,0.335632,0.285023,0.641755,0.103448,5.16615,0.303514,,-0.956338,49.0426,-10.2653,79.813,-0.956338,0,-12.66708368062973,5.588624477386475,1.01811,999,,,,,,,417.1,3.233333333,417.1,3.233333333,,,,,,,,,,,,,,,,,,,"Jack Pineda","sa3020762",801442
"Giancarlo Stanton","NYY",107,440,394,90,49,16,0,25,45,69,42,2,131,2,2,0,15,0,0,0.228426,0.0954545,0.297727,0.320611,0.304545,0.459391,0.327673,0.763936,0.230964,0.686081,0.270833,,-0.71821,57.6657,6.19535,114.276,-0.71821,0,6.4692628383636475,-11.316872596740723,1.01735,576.510009765625,,,,,,,523.4,4.891588785,523.4,4.891588785,,,,,,,,,,,,,,,,,,,"Giancarlo Stanton","4949",519317
"Kevin Smith",,98,369,340,74,47,16,1,10,39,44,21,0,126,3,3,2,6,9,2,0.217647,0.0569106,0.341463,0.166667,0.26703,0.358824,0.273106,0.625853,0.141176,5.23674,0.309179,,0.429625,32.1544,-11.0105,75.8927,0.429625,3.2,-9.748812973499298,7.267460584640503,1.01678,999,,,,,,,304,3.102040816,304,3.102040816,,,,,,,,,,,,,,,,,,,"Kevin Smith","20242",675656
"José Azocar","NYM",117,365,340,84,62,14,3,5,44,35,16,0,80,4,2,3,8,20,6,0.247059,0.0438356,0.219178,0.2,0.287293,0.35,0.279428,0.637293,0.102941,7.1092,0.307393,,0.922783,33.6631,-9.03385,81.2544,0.922783,3.6,-7.259088456630707,4.941122770309448,1.01365,999,,,,,,,316.3,2.703418803,316.3,2.703418803,,,,,,,,,,,,,,,,,,,"Jose Azocar","18821",640492
"Austin Gauthier","LAD",124,526,456,107,78,19,4,6,65,49,62,1,118,6,2,0,11,8,2,0.234649,0.117871,0.224335,0.525424,0.3327,0.333333,0.300235,0.666033,0.0986842,5.38552,0.302395,,-0.354414,57.3206,-4.20991,93.4436,-0.354414,2.6,-4.4783273339271545,-3.1980600357055664,1.01295,999,,,,,,,491.1,3.96048387,491.1,3.96048387,,,,,,,,,,,,,,,,,,,"Austin Gauthier","sa3017121",702789
"Dustin Harris","TEX",128,539,484,115,78,21,4,12,66,63,44,2,132,6,4,1,8,21,5,0.237603,0.0816327,0.244898,0.333333,0.306691,0.371901,0.297269,0.678592,0.134298,6.48893,0.299419,,1.18052,57.4507,-5.60045,92.9135,1.18052,-7,-3.1899553537368774,-5.019547343254089,1.01169,749.5800170898438,,,,,,,532.4,4.159375,532.4,4.159375,,,,,,,,,,,,,,,,,,,"Dustin Harris","25705",687957
"Starling Marte","NYM",92,375,340,90,65,16,2,7,48,40,24,1,81,8,1,2,9,17,3,0.264706,0.064,0.216,0.296296,0.327078,0.385294,0.313228,0.712372,0.120588,6.33467,0.328063,,1.42731,44.7871,0.920366,104.004,1.42731,-1.8,3.2229968309402466,-5.933597803115845,1.00743,457,,,,,,,407.5,4.429347826,407.5,4.429347826,,,,,,,,,,,,,,,,,,,"Starling Marte","9241",516782
"Gustavo Campero","LAA",115,433,382,93,60,18,4,11,57,59,30,1,87,16,2,3,4,18,5,0.243455,0.0692841,0.200924,0.344828,0.323256,0.397906,0.316774,0.721162,0.15445,7.09167,0.286713,,0.746264,52.9497,2.29824,104.844,0.746264,-3.1,3.1460763812065125,-7.872927665710449,1.00567,750.3400268554688,,,,,,,475.4,4.133913043,475.4,4.133913043,,,,,,,,,,,,,,,,,,,"Gustavo Campero","22707",672569
"Jimmy Herron","MIL",107,440,395,92,64,15,2,11,52,52,36,0,92,6,2,1,5,12,3,0.232911,0.0818182,0.209091,0.391304,0.305239,0.364557,0.296359,0.669796,0.131646,5.47487,0.27551,,0.348384,46.5761,-4.89424,88.7643,0.348384,5.5,-5.563321471214294,0.6499118804931641,1.00307,999,,,,,,,418.9,3.914953271,418.9,3.914953271,,,,,,,,,,,,,,,,,,,"Jimmy Herron","sa3008183",676939
"Otto Kemp","PHI",123,505,444,97,64,18,6,9,63,60,37,2,133,20,4,0,7,10,6,0.218468,0.0732673,0.263366,0.278196,0.304951,0.346847,0.289302,0.651797,0.128378,6.60716,0.287582,,-1.36924,50.5883,-8.48559,83.7971,-1.36924,2.2,-11.153905630111694,4.055526256561279,1.00056,999,,,,,,,443.4,3.604878048,443.4,3.604878048,,,,,,,,,,,,,,,,,,,"Otto Kemp","31792",805249
"Liover Peguero","PIT",131,556,515,121,82,25,3,11,60,61,32,0,138,3,3,3,13,13,4,0.234951,0.057554,0.248201,0.231884,0.282098,0.359223,0.280632,0.641321,0.124272,5.5202,0.298103,,0.056561,51.8175,-13.2223,75.9645,0.056561,1,-15.923869617283344,7.128747940063477,1.0004,999,,,,,,,474.1,3.619083969,474.1,3.619083969,,,,,,,,,,,,,,,,,,,"Liover Peguero","24273",678894
"Jose Iglesias","SDP",106,401,379,100,73,20,1,6,45,39,15,0,67,5,2,0,8,3,2,0.263852,0.0374065,0.167082,0.223881,0.299252,0.369393,0.292467,0.668645,0.105541,3.54822,0.305195,,-0.944008,41.1917,-5.71652,90.1938,-0.944008,0.5,-5.646280527114868,1.973397970199585,0.997302,643.3099975585938,,,,,,,361.2,3.407547169,361.2,3.407547169,,,,,,,,,,,,,,,,,,,"Jose Iglesias","10231",578428
"Tristan Peters","TBR",120,481,430,101,69,20,4,8,59,49,42,1,96,5,3,1,6,7,6,0.234884,0.0873181,0.199584,0.4375,0.308333,0.355814,0.2934,0.664147,0.12093,4.98498,0.282675,,-1.93767,49.7708,-6.49564,94.2247,-1.93767,4,-5.11620032787323,-1.3020281791687012,0.996593,999,,,,,,,429.1,3.575833333,429.1,3.575833333,,,,,,,,,,,,,,,,,,,"Tristan Peters","30063",671976
"Ali Sánchez","BOS",79,280,257,58,42,11,0,5,24,28,18,0,67,1,1,3,12,1,1,0.225681,0.0642857,0.239286,0.268657,0.277978,0.326848,0.267882,0.604827,0.101167,1.97807,0.284946,,-0.686444,23.2218,-9.53207,73.5725,-0.686444,4.3,-9.153262972831726,9.444033145904541,0.996032,999,,,,,,,202.8,2.567088607,202.8,2.567088607,,,,,,,,,,,,,,,,,,,"Ali Sanchez","18551",645305
"Kevin Alcántara","CHC",120,494,456,108,77,20,1,10,59,52,33,0,150,3,2,0,8,10,3,0.236842,0.0668016,0.303644,0.22,0.291498,0.350877,0.283337,0.642375,0.114035,4.76353,0.328859,,-0.106863,47.1148,-10.6724,82.9174,-0.106863,1.6,-10.19801988452673,3.415108799934387,0.995374,706.3300170898438,,,,,,,425.1,3.5425,425.1,3.5425,,,,,,,,,,,,,,,,,,,"Kevin Alcantara","25971",682634
"Hudson Haskin","BAL",99,397,345,76,55,14,2,5,44,45,32,0,120,17,2,1,7,12,4,0.22029,0.0806045,0.302267,0.266667,0.315657,0.315942,0.287322,0.631599,0.0956522,5.9123,0.31982,,-0.0408375,39.1369,-7.30339,88.5234,-0.0408375,6,-5.2541162967681885,1.6238975524902344,0.994731,999,,,,,,,338.2,3.416161616,338.2,3.416161616,,,,,,,,,,,,,,,,,,,"Hudson Haskin","sa3014449",681370
"Jake Alu",,108,434,396,99,68,23,1,7,47,45,29,0,78,3,5,1,6,9,2,0.25,0.0668203,0.179724,0.371795,0.30254,0.366162,0.293051,0.668702,0.116162,4.62066,0.291139,,0.200745,44.7855,-5.98294,87.2738,0.200745,0,-6.403884068131447,1.594650149345398,0.993231,999,,,,,,,404.1,3.741666666,404.1,3.741666666,,,,,,,,,,,,,,,,,,,"Jake Alu","25569",666906
"Ismael Munguia","NYY",95,388,347,89,67,15,1,6,53,48,23,1,46,11,2,5,6,12,4,0.256484,0.0592784,0.118557,0.5,0.321149,0.357349,0.300686,0.678498,0.100865,5.54766,0.279461,,-0.00926784,42.4228,-2.96469,95.2927,-0.00926784,3,-2.099084883928299,-1.2768959999084473,0.989938,999,,,,,,,370.6,3.901052631,370.6,3.901052631,,,,,,,,,,,,,,,,,,,"Ismael Munguia","sa917132",665998
"Dominic Canzone","SEA",109,401,367,88,56,17,1,14,50,50,28,1,90,3,3,0,9,4,1,0.239782,0.0698254,0.224439,0.311111,0.296758,0.405995,0.304382,0.702753,0.166213,4.05451,0.278196,,-0.283755,45.0373,-1.87087,104.279,-0.283755,-1.1,1.6795310974121094,-5.520194172859192,0.986797,750.3300170898438,,,,,,,410.2,3.763302752,410.2,3.763302752,,,,,,,,,,,,,,,,,,,"Dominic Canzone","26438",686527
"Nick Fortes","TBR",103,337,305,70,50,13,0,7,36,34,19,0,49,6,3,4,10,2,1,0.229508,0.0563798,0.145401,0.387755,0.285285,0.340984,0.276742,0.626269,0.111475,2.98815,0.25,,-0.596938,30.3523,-9.06927,73.3112,-0.596938,3.5,-11.35217660665512,9.691211223602295,0.985377,583.8699951171875,,,,,,,266.5,2.58737864,266.5,2.58737864,,,,,,,,,,,,,,,,,,,"Nick Fortes","21538",663743
"Dominic Fletcher","CHW",107,438,399,95,68,17,3,7,47,43,27,1,101,6,3,3,6,2,3,0.238095,0.0616438,0.230594,0.267327,0.294253,0.348371,0.282575,0.642624,0.110276,3.69046,0.29932,,-1.60426,41.5051,-9.73129,82.0483,-1.60426,3.9,-10.600985527038574,5.509347558021545,0.98525,999,,,,,,,359.6,3.360747663,359.6,3.360747663,,,,,,,,,,,,,,,,,,,"Dominic Fletcher","26149",666150
"Sean Bouchard","COL",87,340,299,76,42,19,4,11,46,46,33,1,91,5,2,1,7,6,3,0.254181,0.0970588,0.267647,0.362637,0.336283,0.45485,0.341494,0.791133,0.200669,6.06347,0.326633,,-0.638521,48.3418,8.56929,106.41,-0.638521,0,1.9676603078842163,-3.747795343399048,0.983369,630.52001953125,,,,,,,424.9,4.883908045,424.9,4.883908045,,,,,,,,,,,,,,,,,,,"Sean Bouchard","21270",656248
"Taylor Young","LAD",120,516,460,97,70,20,3,4,55,45,44,0,147,10,2,0,7,24,5,0.21087,0.0852713,0.284884,0.29932,0.292636,0.293478,0.266086,0.586114,0.0826087,6.54793,0.299035,,1.79631,42.0486,-18.3121,70.4593,1.79631,6.9,-16.431416392326355,8.79594361782074,0.982849,999,,,,,,,389.5,3.245833333,389.5,3.245833333,,,,,,,,,,,,,,,,,,,"Taylor Young","sa3019907",805891
"Jax Biggers","TEX",113,420,368,83,59,16,3,5,41,37,40,0,97,2,3,7,5,7,4,0.225543,0.0952381,0.230952,0.412371,0.302663,0.326087,0.281151,0.62875,0.100543,4.83389,0.289963,,-1.01716,39.3182,-9.8126,81.5756,-1.01716,3.8,-9.87134063243866,5.343209862709045,0.981347,999,,,,,,,335.4,2.968141592,335.4,2.968141592,,,,,,,,,,,,,,,,,,,"Jax Biggers","sa3008251",680890
"Shawn Ross","PIT",87,353,310,54,31,10,1,12,38,38,35,1,144,5,2,1,6,4,1,0.174194,0.0991501,0.407932,0.243056,0.267045,0.329032,0.265225,0.596078,0.154839,4.62961,0.269231,,-0.157476,28.5212,-12.772,65.5947,-0.157476,5.9,-14.68063499033451,12.38515567779541,0.974774,999,,,,,,,264.7,3.042528735,264.7,3.042528735,,,,,,,,,,,,,,,,,,,"Shawn Ross","sa3020951",676566
"Guy Lipscomb","CLE",99,381,344,86,62,17,4,3,45,35,32,1,73,3,2,0,4,18,4,0.25,0.0839895,0.191601,0.438356,0.317585,0.348837,0.294799,0.666422,0.0988372,6.89886,0.307407,,1.2223,39.8524,-4.71622,92.4019,1.2223,3,-2.0900622606277466,-1.1997356414794922,0.974689,999,,,,,,,365.9,3.695959595,365.9,3.695959595,,,,,,,,,,,,,,,,,,,"Guy Lipscomb","sa3020764",805865
"Jonathan Ornelas","ATL",118,485,443,102,79,16,2,5,54,46,33,1,128,6,1,2,8,7,3,0.230248,0.0680412,0.263918,0.257812,0.291925,0.309255,0.268729,0.601181,0.0790068,4.80752,0.311897,,-0.738433,40.5541,-16.1802,72.8377,-0.738433,3.7,-15.811923742294312,9.046119928359985,0.974496,999,,,,,,,354.9,3.007627118,354.9,3.007627118,,,,,,,,,,,,,,,,,,,"Jonathan Ornelas","24597",680716
"Johnny Olmstead","MIA",131,525,479,111,74,22,3,12,62,57,29,0,113,9,4,4,5,7,3,0.231733,0.0552381,0.215238,0.256637,0.285988,0.365344,0.285367,0.651333,0.133612,5.16372,0.276536,,-0.69897,50.9289,-10.4846,79.1158,-0.69897,0,-13.810043036937714,5.787036895751953,0.973722,999,,,,,,,455.2,3.47480916,455.2,3.47480916,,,,,,,,,,,,,,,,,,,"Johnny Olmstead","sa3022494",675394
"Corey Joyce","CHC",75,289,246,50,35,10,1,4,30,29,32,0,81,9,2,0,4,6,1,0.203252,0.110727,0.280277,0.395062,0.314879,0.300813,0.282791,0.615692,0.097561,5.20183,0.282209,,0.19517,27.4361,-6.37059,83.9024,0.19517,3.8,-5.127928197383881,4.861875295639038,0.969574,999,,,,,,,237.9,3.172,237.9,3.172,,,,,,,,,,,,,,,,,,,"Corey Joyce","sa3010596",687144
"Rikuu Nishida","CHW",126,562,489,121,102,14,4,1,83,43,52,1,79,8,2,11,6,20,7,0.247444,0.0925267,0.140569,0.658228,0.328494,0.298569,0.285115,0.627062,0.0511247,6.4988,0.291971,,-0.105725,54.4044,-11.3373,83.8351,-0.105725,-1,-10.500509731471539,1.0649616718292236,0.964421,999,,,,,,,459.8,3.649206349,459.8,3.649206349,,,,,,,,,,,,,,,,,,,"Rikuu Nishida","sa3023234",807747
"Dixon Machado","CHC",86,337,297,67,54,9,0,4,30,30,33,0,58,4,2,1,11,4,0,0.225589,0.0979228,0.172107,0.568965,0.309524,0.296296,0.275961,0.60582,0.0707071,3.41724,0.265823,,0.0817896,30.1404,-9.28122,77.9528,0.0817896,3.2,-8.8029340878129,6.914726734161377,0.961908,999,,,,,,,260.5,3.029069767,260.5,3.029069767,,,,,,,,,,,,,,,,,,,"Dixon Machado","11472",553988
"Carson McCusker","MIN",117,472,434,102,61,22,3,16,54,63,31,0,173,5,2,0,7,3,4,0.235023,0.065678,0.366525,0.179191,0.292373,0.410138,0.304893,0.702511,0.175115,4.03291,0.348178,,-1.78559,53.2057,-2.00799,98.9349,-1.78559,1.1,-2.360843002796173,-4.102821707725525,0.96085,999,,,,,,,471,4.025641025,471,4.025641025,,,,,,,,,,,,,,,,,,,"Carson McCusker","33098",676812
"Bligh Madris","DET",122,467,415,90,55,19,3,13,50,49,45,0,122,2,4,1,5,9,4,0.216867,0.0963597,0.261242,0.368852,0.293991,0.371084,0.292263,0.665076,0.154217,5.13028,0.271127,,-0.625053,47.8946,-6.73415,90.5651,-0.625053,7.9,-5.666545152664185,-0.679511547088623,0.955746,999,,,,,,,430.3,3.52704918,430.3,3.52704918,,,,,,,,,,,,,,,,,,,"Bligh Madris","20054",676632
"Carlos Narváez","BOS",98,391,341,73,50,16,0,7,39,39,41,1,116,6,3,0,9,4,1,0.214076,0.104859,0.296675,0.353448,0.306905,0.322581,0.283052,0.629486,0.108504,3.19531,0.298643,,-0.362679,37.2016,-8.53685,77.0998,-0.362679,-0.4,-10.607921063899994,6.783274739980698,0.953951,733.510009765625,,,,,,,325.8,3.324489795,325.8,3.324489795,,,,,,,,,,,,,,,,,,,"Carlos Narvaez","19722",665966
"Isiah Kiner-Falefa","TOR",129,477,442,116,91,18,2,5,50,41,23,1,72,7,3,2,11,12,3,0.262443,0.048218,0.150943,0.319444,0.307368,0.346154,0.28786,0.653522,0.0837104,5.01682,0.30163,,0.23789,47.23,-8.56857,80.8295,0.23789,2.3,-10.696948170661926,4.052645444869995,0.951328,373.9700012207031,,,,,,,422.6,3.275968992,422.6,3.275968992,,,,,,,,,,,,,,,,,,,"Isiah Kiner-Falefa","16512",643396
"Blaze Alexander","ARI",104,410,367,83,58,16,2,7,41,47,31,0,133,9,2,1,6,5,2,0.226158,0.0756098,0.32439,0.233083,0.300734,0.337875,0.285042,0.638608,0.111717,4.6041,0.331878,,-0.58347,39.666,-8.295,79.8847,-0.58347,1.5,-10.445613741874695,6.019400119781494,0.950397,746.6199951171875,,,,,,,345.3,3.320192307,345.3,3.320192307,,,,,,,,,,,,,,,,,,,"Blaze Alexander","23789",677942
"Kody Clemens","MIN",111,412,380,87,51,16,4,16,53,60,26,0,101,3,3,0,5,4,1,0.228947,0.0631068,0.245146,0.257426,0.281553,0.418421,0.301626,0.699974,0.189474,5.50884,0.266917,,-0.2364,45.3586,-2.83633,92.0918,-0.2364,-1.9,-4.132568657398224,-0.38618457317352295,0.947706,744.4199829101562,,,,,,,418.6,3.771171171,418.6,3.771171171,,,,,,,,,,,,,,,,,,,"Kody Clemens","20572",665019
"Armando Alvarez",,95,351,318,78,48,19,1,10,42,44,29,0,77,1,3,0,9,4,2,0.245283,0.0826211,0.219373,0.376623,0.307692,0.40566,0.310392,0.713353,0.160377,4.03422,0.290598,,-0.625622,41.1195,0.0601589,102.803,-0.625622,-4.4,0.4999848008155823,-3.110317587852478,0.941363,999,,,,,,,365.6,3.848421052,365.6,3.848421052,,,,,,,,,,,,,,,,,,,"Armando Alvarez","19292",669137
"Cal Stevenson",,110,393,332,74,49,17,2,6,53,39,51,1,87,1,4,5,3,16,5,0.222892,0.129771,0.221374,0.586207,0.324742,0.340361,0.297632,0.665104,0.11747,6.24097,0.279835,,0.385726,42.0037,-3.96873,89.4038,0.385726,-0.8,-4.593968600034714,0.6440035700798035,0.941222,999,,,,,,,371.9,3.38090909,371.9,3.38090909,,,,,,,,,,,,,,,,,,,"Cal Stevenson","22411",670276
"Jason Martin",,101,411,369,86,54,15,2,15,51,50,36,2,114,2,3,1,9,5,4,0.233062,0.0875912,0.277372,0.315789,0.302439,0.406504,0.306921,0.708943,0.173442,4.41427,0.292181,,-1.33034,47.0003,-1.07766,97.9134,-1.33034,2.2,-2.311598479747772,-2.33042311668396,0.938535,999,,,,,,,420.8,4.166336633,420.8,4.166336633,,,,,,,,,,,,,,,,,,,"Jason Martin","16429",641829
"Jordan Groshans","KCR",117,454,411,99,74,19,1,5,48,39,40,0,86,1,2,0,9,0,1,0.240876,0.0881057,0.189427,0.465116,0.30837,0.328467,0.284591,0.636837,0.0875912,2.21509,0.291925,,-1.31263,43.7581,-9.34993,79.5094,-1.31263,4.2,-11.956932544708252,5.868136167526245,0.937465,999,,,,,,,371.4,3.174358974,371.4,3.174358974,,,,,,,,,,,,,,,,,,,"Jordan Groshans","23794",677954
"Chris Williams",,96,366,319,61,35,13,1,12,40,42,38,0,136,4,4,1,5,2,0,0.191223,0.103825,0.371585,0.279412,0.282192,0.351097,0.280605,0.633289,0.159875,4.03187,0.28,,-0.207717,34.1019,-8.71203,82.0463,-0.207717,-1.8,-8.065435469150543,4.923985719680786,0.932033,999,,,,,,,308.6,3.214583333,308.6,3.214583333,,,,,,,,,,,,,,,,,,,"Chris Williams","sa3007028",675910
"Andre Lipcius","CHW",136,567,509,122,83,21,2,16,64,62,51,1,131,3,4,0,13,5,2,0.239686,0.0899471,0.231041,0.389313,0.310406,0.383104,0.304092,0.69351,0.143418,3.72945,0.289617,,-0.883382,63.5487,-2.77787,97.184,-0.883382,3.2,-2.710334599018097,-7.21666693687439,0.930915,999,,,,,,,562.8,4.138235294,562.8,4.138235294,,,,,,,,,,,,,,,,,,,"Andre Lipcius","25822",686531
"Jose Peroza",,99,399,358,76,50,17,1,8,40,43,31,1,137,7,3,0,9,2,0,0.21229,0.0776942,0.343358,0.226277,0.285714,0.332402,0.274154,0.618116,0.120112,3.7079,0.314815,,-0.286641,35.1051,-11.5691,77.7045,-0.286641,5.2,-10.924447625875473,6.666049242019653,0.929966,999,,,,,,,315.6,3.187878787,315.6,3.187878787,,,,,,,,,,,,,,,,,,,"Jose Peroza","sa3003288",672692
"Owen Miller","COL",116,422,386,105,73,23,2,7,46,45,26,0,80,5,5,0,9,8,2,0.272021,0.0616114,0.189573,0.325,0.322275,0.396373,0.313418,0.718648,0.124352,4.86311,0.322368,,-0.0308247,50.465,1.10027,87.5136,-0.0308247,9,-6.331829130649567,1.2472076416015625,0.923594,999,,,,,,,448.5,3.86637931,448.5,3.86637931,,,,,,,,,,,,,,,,,,,"Owen Miller","24655",680911
"Vimael Machín",,103,415,371,89,66,15,3,5,40,39,37,2,76,3,3,1,11,1,1,0.239892,0.0891566,0.183133,0.486842,0.311594,0.336927,0.287154,0.648521,0.097035,3.17778,0.286689,,-1.02582,40.8552,-7.6907,88.4051,-1.02582,0,-6.531635284423828,1.5248383283615112,0.914662,750.2999877929688,,,,,,,354.1,3.437864077,354.1,3.437864077,,,,,,,,,,,,,,,,,,,"Vimael Machin","17684",605353
"Ben Rortvedt","LAD",93,297,264,56,39,11,0,6,27,31,27,0,82,4,1,1,5,1,0,0.212121,0.0909091,0.276094,0.329268,0.293919,0.32197,0.276928,0.615889,0.109848,2.30191,0.282486,,-0.35247,26.794,-7.94853,82.6374,-0.35247,-0.3,-6.252804398536682,5.156349360942841,0.911412,699.25,,,,,,,232.8,2.503225806,232.8,2.503225806,,,,,,,,,,,,,,,,,,,"Ben Rortvedt","20287",666163
"Greg Allen","BAL",71,240,203,46,32,8,3,3,32,27,19,0,61,11,2,5,2,13,2,0.226601,0.0791667,0.254167,0.311475,0.323404,0.339901,0.298657,0.663306,0.1133,8.47403,0.304965,,1.30066,25.8491,-2.22562,93.229,1.30066,0.6,-0.6425917148590088,1.4818342328071594,0.910593,999,,,,,,,232.2,3.270422535,232.2,3.270422535,,,,,,,,,,,,,,,,,,,"Greg Allen","16623",656185
"Jhonny Pereda","MIN",73,256,229,57,43,11,0,3,23,23,24,0,51,1,2,0,10,0,0,0.248908,0.09375,0.199219,0.470588,0.320312,0.336245,0.29344,0.656557,0.0873362,1.12042,0.305085,,-0.536685,26.4974,-3.44899,94.1726,-0.536685,-2.2,-2.2436474561691284,2.5031158924102783,0.909999,747.52001953125,,,,,,,225.3,3.086301369,225.3,3.086301369,,,,,,,,,,,,,,,,,,,"Jhonny Pereda","19802",640902
"Greg Jones","HOU",95,394,358,84,56,15,3,10,55,46,28,0,158,6,1,1,5,27,4,0.234637,0.071066,0.401015,0.177215,0.300254,0.377095,0.297901,0.677349,0.142458,8.12117,0.387435,,3.06966,42.1958,-3.89352,77.0694,3.06966,2,-7.734058380126953,3.4476778507232666,0.909911,999,,,,,,,409.1,4.306315789,409.1,4.306315789,,,,,,,,,,,,,,,,,,,"Greg Jones","25448",675659
"Francisco Mejía","WSN",90,332,307,73,48,15,1,9,37,39,20,0,72,3,2,0,6,0,0,0.237785,0.060241,0.216867,0.277778,0.289157,0.381107,0.292525,0.670264,0.143322,2.35119,0.280702,,-0.560362,34.1194,-4.71732,86.184,-0.560362,-2.3,-6.045408844947815,3.7993533611297607,0.907785,999,,,,,,,304.6,3.384444444,304.6,3.384444444,,,,,,,,,,,,,,,,,,,"Francisco Mejia","16403",642336
"Brice Matthews","HOU",80,331,291,61,38,12,2,9,39,43,31,0,123,8,1,0,4,15,6,0.209622,0.0936556,0.371601,0.252033,0.302115,0.357388,0.293986,0.659503,0.147766,6.45385,0.325,,-0.0377549,34.4057,-4.31405,92.1314,-0.0377549,-2.9,-3.0178598538041115,0.748589038848877,0.907587,999,,,,,,,310.1,3.87625,310.1,3.87625,,,,,,,,,,,,,,,,,,,"Brice Matthews","33280",694728
"Jake Slaughter",,111,463,420,94,64,18,1,11,48,54,30,0,148,11,2,0,8,13,6,0.22381,0.0647948,0.319654,0.202703,0.291577,0.35,0.284538,0.641577,0.12619,4.66523,0.315589,,-0.658743,44.6058,-9.55508,90.3201,-0.658743,-2.6,-5.786854147911072,-0.8987947702407837,0.906874,999,,,,,,,398.6,3.59099099,398.6,3.59099099,,,,,,,,,,,,,,,,,,,"Jake Slaughter","sa3007871",670237
"Joshua Palacios",,100,354,320,83,56,16,2,9,43,43,26,1,73,5,1,2,6,7,3,0.259375,0.0734463,0.206215,0.356164,0.323864,0.40625,0.31881,0.730114,0.146875,5.10052,0.309623,,-0.493768,43.8695,2.45927,101.661,-0.493768,0.7,0.20940753817558289,-3.202116310596466,0.906199,750.219970703125,,,,,,,385.1,3.851,385.1,3.851,,,,,,,,,,,,,,,,,,,"Joshua Palacios","19818",641943
"Andy Ibáñez","DET",110,355,326,79,51,18,2,8,39,38,24,0,70,3,2,0,4,3,2,0.242331,0.0676056,0.197183,0.342857,0.298592,0.383436,0.298095,0.682027,0.141104,4.19828,0.284,,-0.825622,38.0745,-3.45275,94.6675,-0.825622,-1.4,-2.9916576147079468,-0.09562015533447266,0.905905,744.9400024414062,,,,,,,336.3,3.057272727,336.3,3.057272727,,,,,,,,,,,,,,,,,,,"Andy Ibanez","18819",628451
"Phillip Glasser","WSN",108,459,411,104,78,19,1,6,57,46,35,1,80,7,2,4,11,10,4,0.253041,0.0762527,0.174292,0.4375,0.320879,0.347932,0.297285,0.668811,0.0948905,4.70489,0.299694,,-0.559224,48.9294,-4.76356,90.1234,-0.559224,-2.2,-5.9802772998809814,-0.5134921073913574,0.905081,999,,,,,,,422.4,3.911111111,422.4,3.911111111,,,,,,,,,,,,,,,,,,,"Phillip Glasser","sa3022680",701298
"Seth Stephenson","DET",115,493,439,100,79,13,4,4,68,50,26,0,117,19,2,7,2,34,8,0.22779,0.0527383,0.237323,0.222222,0.298354,0.302961,0.271856,0.601315,0.0751708,8.07696,0.3,,2.58129,42.4638,-15.2064,76.2106,2.58129,1.3,-10.838213920593262,3.1114344596862793,0.902848,999,,,,,,,396.3,3.446086956,396.3,3.446086956,,,,,,,,,,,,,,,,,,,"Seth Stephenson","sa3020495",700931
"Connor Joe","CIN",115,411,357,80,49,19,2,10,49,40,46,0,100,6,2,0,5,3,3,0.22409,0.111922,0.243309,0.46,0.321168,0.372549,0.308359,0.693717,0.148459,3.9652,0.281125,,-1.41215,47.4758,-0.602195,100.89,-1.41215,3.6,-0.9748059511184692,-3.9507055282592773,0.902264,650.75,,,,,,,404.8,3.52,404.8,3.52,,,,,,,,,,,,,,,,,,,"Connor Joe","16572",656582
"Hunter Stovall","TBR",102,422,394,94,71,16,2,5,46,39,24,0,72,1,1,2,11,8,4,0.238579,0.056872,0.170616,0.333333,0.283333,0.327411,0.269904,0.610744,0.0888325,4.89902,0.279874,,-0.777698,35.6854,-13.6794,77.697,-0.777698,4.6,-11.546838402748108,6.150558352470398,0.898587,999,,,,,,,316.2,3.1,316.2,3.1,,,,,,,,,,,,,,,,,,,"Hunter Stovall","sa3008181",667663
"Ivan Johnson","CIN",108,412,371,84,49,20,4,11,47,51,31,0,139,8,2,0,6,8,3,0.226415,0.0752427,0.337379,0.223022,0.298544,0.390836,0.301754,0.689379,0.16442,6.04498,0.327354,,-0.309552,45.4012,-2.79374,86.2932,-0.309552,6.6,-7.0624958872795105,2.058553695678711,0.897596,999,,,,,,,407.4,3.772222222,407.4,3.772222222,,,,,,,,,,,,,,,,,,,"Ivan Johnson","sa1169627",671155
"Tomás Nido","DET",79,235,220,53,38,9,0,6,26,21,9,0,58,1,1,4,8,0,0,0.240909,0.0382979,0.246809,0.155172,0.272727,0.363636,0.277121,0.636364,0.122727,1.75,0.299363,,-0.378836,21.2373,-6.25259,79.9143,-0.378836,2.3,-5.779656529426575,6.6173131465911865,0.897263,999,,,,,,,189.3,2.396202531,189.3,2.396202531,,,,,,,,,,,,,,,,,,,"Tomas Nido","13755",621512
"Nicky Lopez","CHC",123,421,374,89,73,11,4,1,44,29,35,0,65,4,1,7,5,8,4,0.237968,0.0831354,0.154394,0.538462,0.309179,0.296791,0.274332,0.60597,0.0588235,5.23802,0.28479,,-0.903977,37.1011,-12.1467,76.8562,-0.903977,5.7,-12.555354595184326,7.246883988380432,0.897042,740.9199829101562,,,,,,,309.5,2.516260162,309.5,2.516260162,,,,,,,,,,,,,,,,,,,"Nicky Lopez","19339",670032
"Mike Antico","STL",122,510,467,106,74,19,3,10,60,54,32,0,129,6,2,3,4,23,4,0.226981,0.0627451,0.252941,0.248062,0.284024,0.344754,0.277555,0.628777,0.117773,6.74597,0.290909,,2.09602,46.2672,-13.3916,77.9477,2.09602,1.2,-11.3528151512146,3.0738977193832397,0.895798,999,,,,,,,439.3,3.600819672,439.3,3.600819672,,,,,,,,,,,,,,,,,,,"Mike Antico","sa3016922",690443
"Nick Kurtz","ATH",104,449,410,105,75,19,0,11,54,41,36,0,99,3,0,0,0,2,2,0.256098,0.0801782,0.22049,0.363636,0.320713,0.382927,0.310641,0.70364,0.126829,2.41777,0.313333,,-1.30975,52.6901,0.166919,106.272,-1.30975,0,1.9125288724899292,-8.248824119567871,0.894654,999,,,,,,,451.7,4.34326923,451.7,4.34326923,,,,,,,,,,,,,,,,,,,"Nick Kurtz","35110",701762
"Alex Kirilloff",,84,304,272,69,43,14,2,10,36,40,24,1,75,5,3,0,5,1,0,0.253676,0.0789474,0.246711,0.32,0.322368,0.430147,0.325421,0.752515,0.176471,4.04041,0.310526,,-0.360362,39.2908,3.72947,113.375,-0.360362,-2.5,4.291891634464264,-5.850970029830933,0.887784,750.1699829101562,,,,,,,349.3,4.158333333,349.3,4.158333333,,,,,,,,,,,,,,,,,,,"Alex Kirilloff","20325",666135
"Maverick Handley","BAL",84,313,272,55,41,10,1,3,30,29,30,0,82,8,2,1,9,4,2,0.202206,0.0958466,0.261981,0.365854,0.298077,0.279412,0.265605,0.577489,0.0772059,4.10407,0.275132,,-0.633514,25.385,-11.2291,73.247,-0.633514,2.6,-10.21476435661316,8.350293636322021,0.887293,999,,,,,,,214.9,2.558333333,214.9,2.558333333,,,,,,,,,,,,,,,,,,,"Maverick Handley","26106",668974
"Billy Cook","PIT",127,507,458,105,68,19,4,14,55,59,38,1,141,8,3,0,6,16,4,0.229258,0.0749507,0.278107,0.269504,0.29783,0.379913,0.296649,0.677743,0.150655,6.23888,0.297386,,0.688131,53.7867,-5.52115,86.7449,0.688131,8.4,-7.3481146693229675,-0.9143743515014648,0.887195,720.0700073242188,,,,,,,496.7,3.911023622,496.7,3.911023622,,,,,,,,,,,,,,,,,,,"Billy Cook","29573",695257
"Austin Martin","MIN",104,396,338,81,59,17,2,3,49,38,41,1,69,12,3,2,6,14,4,0.239645,0.103535,0.174242,0.594203,0.340102,0.328402,0.302501,0.668504,0.0887574,5.83847,0.289963,,0.303916,43.876,-2.44734,97.2516,0.303916,-5.2,-0.9413845241069794,-3.744973301887512,0.882206,747.510009765625,,,,,,,378.9,3.64326923,378.9,3.64326923,,,,,,,,,,,,,,,,,,,"Austin Martin","27462",668885
"Trenton Brooks","SDP",106,433,377,87,56,20,1,10,54,53,45,0,78,4,4,3,8,5,0,0.230769,0.103926,0.180139,0.576923,0.316279,0.3687,0.303354,0.684979,0.137931,4.48782,0.262799,,0.171296,48.2731,-2.37842,97.5217,0.171296,3.2,-1.1119403541088104,-4.7548792362213135,0.880573,999,,,,,,,424.4,4.003773584,424.4,4.003773584,,,,,,,,,,,,,,,,,,,"Trenton Brooks","19384",670092
"Luke Williams",,108,339,307,71,48,15,1,7,42,37,26,0,95,2,3,1,6,19,5,0.23127,0.0766962,0.280236,0.273684,0.292899,0.355049,0.285307,0.647948,0.123778,6.29095,0.307692,,1.17514,32.8693,-6.78628,80.5048,1.17514,2.7,-6.7277796268463135,3.945590853691101,0.876446,999,,,,,,,311.7,2.886111111,311.7,2.886111111,,,,,,,,,,,,,,,,,,,"Luke Williams","19931",663897
"Brandon Drury","LAA",115,435,396,93,58,21,1,13,47,48,29,0,99,6,4,0,11,1,1,0.234848,0.0666667,0.227586,0.292929,0.294253,0.391414,0.298904,0.685667,0.156566,2.60986,0.277778,,-0.939002,46.938,-3.94744,93.5349,-0.939002,-3.5,-4.156902432441711,-1.9016754627227783,0.875036,627.2000122070312,,,,,,,417.7,3.632173913,417.7,3.632173913,,,,,,,,,,,,,,,,,,,"Brandon Drury","11615",592273
"Cody Milligan","ATL",107,447,406,99,72,18,5,4,56,42,33,0,120,4,3,1,6,18,5,0.243842,0.0738255,0.268456,0.275,0.304933,0.342365,0.286622,0.647297,0.0985222,7.17144,0.333333,,0.714694,43.8139,-8.4753,81.3897,0.714694,1.2,-9.232999861240387,2.842416286468506,0.874542,999,,,,,,,397.9,3.718691588,397.9,3.718691588,,,,,,,,,,,,,,,,,,,"Cody Milligan","sa1169818",687862
"Trevor Hauver","TEX",106,440,384,83,49,21,2,11,46,49,49,1,148,4,3,0,8,1,1,0.216146,0.111364,0.336364,0.331081,0.309091,0.367188,0.298933,0.676278,0.151042,3.18605,0.315789,,-1.00214,47.4878,-3.98251,94.0839,-1.00214,2.6,-3.9805909395217896,-2.2500882148742676,0.874512,999,,,,,,,414.6,3.911320754,414.6,3.911320754,,,,,,,,,,,,,,,,,,,"Trevor Hauver","sa3014448",669386
"Payton Henry","PHI",52,191,174,43,31,7,0,5,20,26,11,0,50,5,1,0,7,0,0,0.247126,0.0575916,0.26178,0.22,0.308901,0.373563,0.301275,0.682464,0.126437,1.43112,0.316667,,-0.370944,20.9741,-1.36874,91.856,-0.370944,0.8,-2.231015384197235,4.308965265750885,0.870307,999,,,,,,,182.1,3.501923076,182.1,3.501923076,,,,,,,,,,,,,,,,,,,"Payton Henry","22164",668721
"Sammy Hernandez","STL",86,371,330,64,46,11,2,5,42,39,25,0,84,12,1,3,8,1,1,0.193939,0.0673854,0.226415,0.297619,0.274457,0.284848,0.2545,0.559305,0.0909091,4.23312,0.243802,,-0.860077,26.773,-16.6259,62.4304,-0.860077,6.8,-17.527622759342194,13.615843772888184,0.86964,999,,,,,,,228.8,2.660465116,228.8,2.660465116,,,,,,,,,,,,,,,,,,,"Sammy Hernandez","sa3020141",803679
"Whit Merrifield",,109,432,391,97,72,18,1,6,53,42,32,1,73,2,5,2,9,17,4,0.248082,0.0740741,0.168981,0.438356,0.304651,0.345269,0.28614,0.64992,0.0971867,5.54702,0.287066,,0.95127,42.1763,-8.35825,81.0657,0.95127,1.3,-8.829963743686676,2.8873015642166138,0.869307,731.9199829101562,,,,,,,389.6,3.574311926,389.6,3.574311926,,,,,,,,,,,,,,,,,,,"Whit Merrifield","11281",593160
"Will Benson","CIN",124,427,367,78,41,18,4,15,57,50,53,1,147,4,2,1,4,17,6,0.212534,0.124122,0.344262,0.360544,0.316901,0.405995,0.316587,0.722896,0.19346,7.07375,0.304348,,0.204397,52.1519,2.2023,96.2769,0.204397,0.6,-1.6966569125652313,-4.106789946556091,0.86652,686.0499877929688,,,,,,,472.3,3.808870967,472.3,3.808870967,,,,,,,,,,,,,,,,,,,"Will Benson","21853",666181
"Jake Fraley","ATL",108,365,324,82,57,15,1,9,41,41,34,1,73,5,2,0,4,17,4,0.253086,0.0931507,0.2,0.465753,0.331507,0.388889,0.317178,0.720396,0.135802,5.43631,0.29918,,1.03019,44.7532,2.05618,96.6748,1.03019,0.7,-0.42117369174957275,-3.3233688473701477,0.866314,377.7200012207031,,,,,,,407.1,3.769444444,407.1,3.769444444,,,,,,,,,,,,,,,,,,,"Jake Fraley","19260",641584
"Angel Genao","CLE",110,485,450,107,72,25,3,7,56,50,29,1,96,2,4,0,10,10,3,0.237778,0.0597938,0.197938,0.302083,0.284536,0.353333,0.2783,0.637869,0.115556,5.60995,0.2849,,-0.0200463,44.2903,-12.4441,80.7961,-0.0200463,-2.5,-10.677065894007683,2.8461198806762695,0.86449,999,,,,,,,408.2,3.71090909,408.2,3.71090909,,,,,,,,,,,,,,,,,,,"Angel Genao","sa3015706",694197
"Joey Wiemer","MIA",121,443,394,87,56,20,2,9,52,44,42,1,127,5,2,0,5,12,4,0.220812,0.0948081,0.286682,0.330709,0.302483,0.350254,0.289471,0.652737,0.129442,5.41527,0.3,,-0.0250527,44.4379,-7.38338,82.9421,-0.0250527,0.6,-8.671436920762062,2.2277190685272217,0.86286,749.469970703125,,,,,,,399.8,3.304132231,399.8,3.304132231,,,,,,,,,,,,,,,,,,,"Joey Wiemer","27690",686894
"Zack Short","HOU",115,368,312,58,35,14,0,9,43,40,47,1,111,3,3,3,4,6,2,0.185897,0.127717,0.30163,0.423423,0.29589,0.317308,0.276729,0.613198,0.13141,3.89279,0.251282,,-0.272976,33.1403,-9.90765,79.9924,-0.272976,0.7,-8.697560667991638,4.7564374804496765,0.862572,999,,,,,,,293.8,2.554782608,293.8,2.554782608,,,,,,,,,,,,,,,,,,,"Zack Short","19562",670097
"Bryce Teodosio","LAA",121,453,411,89,64,15,4,6,48,44,28,0,160,7,3,4,4,21,4,0.216545,0.0618102,0.353201,0.175,0.276169,0.316302,0.263342,0.592471,0.0997567,7.44261,0.334677,,1.79862,35.9141,-17.0769,67.2588,1.79862,6.7,-15.172049880027771,8.364461898803711,0.85978,999,,,,,,,343.8,2.841322314,343.8,2.841322314,,,,,,,,,,,,,,,,,,,"Bryce Teodosio","29524",669326
"LuJames Groover","ARI",72,276,251,63,44,10,1,8,25,32,21,0,51,2,2,0,11,2,1,0.250996,0.076087,0.184783,0.411765,0.311594,0.394422,0.308836,0.706017,0.143426,3.00733,0.283505,,-0.533799,31.9875,-0.29841,95.8994,-0.533799,0,-1.8871630430221558,1.0141093730926514,0.857338,999,,,,,,,281.7,3.9125,281.7,3.9125,,,,,,,,,,,,,,,,,,,"LuJames Groover","sa3022887",694410
"Troy Johnston","MIA",122,518,469,119,79,27,3,10,57,62,36,1,106,9,3,1,12,10,2,0.253731,0.0694981,0.204633,0.339623,0.317215,0.38806,0.3089,0.705274,0.134328,5.29336,0.30618,,0.219219,60.0613,-0.533317,94.9553,0.219219,3.5,-2.905592620372772,-6.016461372375488,0.85684,999,,,,,,,535.2,4.386885245,535.2,4.386885245,,,,,,,,,,,,,,,,,,,"Troy Johnston","26143",687859
"Kellen Strahm","TEX",108,453,402,92,70,14,3,5,56,40,44,1,121,3,3,1,8,12,1,0.228856,0.0971302,0.267108,0.363636,0.307522,0.31592,0.279585,0.623443,0.0870647,6.41498,0.311828,,1.07947,41.8365,-11.1545,80.4741,1.07947,0.5,-9.04133689403534,2.164462089538574,0.852624,999,,,,,,,378.9,3.508333333,378.9,3.508333333,,,,,,,,,,,,,,,,,,,"Kellen Strahm","sa3010278",687005
"Tyler Heineman","TOR",66,218,186,40,31,6,1,2,21,19,21,0,45,4,2,5,3,4,1,0.215054,0.0963303,0.206422,0.466667,0.305164,0.290323,0.271837,0.595487,0.0752688,4.869,0.269504,,-0.046982,18.7738,-6.72742,76.3546,-0.046982,2.9,-5.9450318813323975,6.9049973487854,0.851244,747.0800170898438,,,,,,,159.7,2.419696969,159.7,2.419696969,,,,,,,,,,,,,,,,,,,"Tyler Heineman","13897",623168
"Cam Eden",,112,398,355,75,53,14,2,6,44,40,30,1,119,8,2,3,10,26,6,0.211268,0.0753769,0.298995,0.252101,0.286076,0.312676,0.267809,0.598752,0.101408,7.06081,0.297414,,2.05964,32.9847,-13.5726,72.1666,2.05964,4.1,-10.615538835525513,5.562374949455261,0.851223,999,,,,,,,320,2.857142857,320,2.857142857,,,,,,,,,,,,,,,,,,,"Cam Eden","25476",686490
"Pedro Ramirez","CHC",121,515,476,111,84,18,4,5,48,46,31,1,116,4,3,1,13,7,4,0.233193,0.0601942,0.225243,0.267241,0.284047,0.319328,0.266679,0.603374,0.0861345,4.75604,0.296089,,-1.15133,42.2126,-18.0311,71.7051,-1.15133,7.8,-18.576502323150635,9.692269444465637,0.850447,999,,,,,,,374.7,3.096694214,374.7,3.096694214,,,,,,,,,,,,,,,,,,,"Pedro Ramirez","sa3015834",699393
"Luis De Los Santos","NYM",90,345,311,66,43,15,1,7,35,36,26,0,95,5,3,0,11,3,2,0.212219,0.0753623,0.275362,0.273684,0.281159,0.334405,0.273002,0.615565,0.122186,3.76295,0.278302,,-0.794052,30.0343,-10.3231,76.9295,-0.794052,5.8,-10.311877191066742,7.067636847496033,0.849324,999,,,,,,,266.7,2.963333333,266.7,2.963333333,,,,,,,,,,,,,,,,,,,"Luis De Los Santos","21682",665782
"Jacob Hurtubise","HOU",103,372,311,78,62,9,4,3,57,37,39,1,75,14,2,6,4,19,4,0.250804,0.104839,0.201613,0.52,0.357924,0.334405,0.31434,0.692329,0.0836013,7.85475,0.319149,,1.28024,44.7617,1.2459,94.7646,1.28024,1,-1.0486780405044556,-3.100529193878174,0.848552,749.75,,,,,,,386.8,3.755339805,386.8,3.755339805,,,,,,,,,,,,,,,,,,,"Jacob Hurtubise","27599",674441
"Matt Gorski","LAD",110,426,394,89,50,20,3,16,54,59,25,0,131,2,4,1,8,11,5,0.225888,0.0586854,0.307512,0.19084,0.272941,0.413706,0.295074,0.686647,0.187817,6.0787,0.290837,,-0.432749,44.6537,-5.17895,85.6851,-0.432749,0.2,-7.724967688322067,1.7652557641267776,0.846949,999,,,,,,,417.8,3.798181818,417.8,3.798181818,,,,,,,,,,,,,,,,,,,"Matt Gorski","25855",685301
"Austin Hedges","CLE",87,245,218,41,30,6,0,5,20,20,14,0,71,3,3,7,7,2,0,0.188073,0.0571429,0.289796,0.197183,0.243697,0.284404,0.235439,0.528101,0.0963303,3.33047,0.248276,,0.0290562,13.9216,-14.7381,50.6465,0.0290562,9.3,-13.80627004057169,13.801029205322266,0.84471,747.97998046875,,,,,,,130.8,1.503448275,130.8,1.503448275,,,,,,,,,,,,,,,,,,,"Austin Hedges","12976",595978
"Eloy Jiménez","TOR",108,412,381,100,68,18,0,14,38,50,27,1,86,2,2,0,12,2,0,0.262467,0.065534,0.208738,0.313953,0.313107,0.419948,0.317734,0.733054,0.15748,2.203,0.303887,,-0.357673,50.7002,2.50526,111.341,-0.357673,0,4.988852173089981,-10.596707344055176,0.842236,648.22998046875,,,,,,,453.6,4.2,453.6,4.2,,,,,,,,,,,,,,,,,,,"Eloy Jimenez","17484",650391
"Rafael Marchán","PHI",66,252,224,51,37,10,1,3,24,24,20,0,40,5,2,1,6,0,1,0.227679,0.0793651,0.15873,0.5,0.302789,0.321429,0.28004,0.624217,0.09375,2.52819,0.262295,,-0.894337,23.3656,-6.11292,77.5632,-0.894337,2.8,-7.655509352684021,7.429629564285278,0.841785,707.3800048828125,,,,,,,196.7,2.98030303,196.7,2.98030303,,,,,,,,,,,,,,,,,,,"Rafael Marchan","21646",665561
"Rafael Ortega",,102,353,304,65,44,13,1,7,39,35,43,0,81,1,4,1,5,12,6,0.213816,0.121813,0.229462,0.530864,0.309659,0.332237,0.288049,0.641896,0.118421,4.84137,0.263636,,-0.724572,35.0056,-6.28764,87.0566,-0.724572,1.3,-6.188242316246033,2.5970311164855957,0.840954,999,,,,,,,307.2,3.011764705,307.2,3.011764705,,,,,,,,,,,,,,,,,,,"Rafael Ortega","10323",542364
"Brett Sullivan","PIT",104,412,373,83,54,19,2,8,46,43,31,1,67,3,5,0,7,4,1,0.22252,0.0752427,0.162621,0.462687,0.283981,0.348525,0.277027,0.632506,0.126005,4.5715,0.247525,,-0.291647,37.2016,-10.9933,79.8015,-0.291647,-2.9,-10.242911517620087,4.669076919555664,0.838739,999,,,,,,,340.3,3.272115384,340.3,3.272115384,,,,,,,,,,,,,,,,,,,"Brett Sullivan","18217",664954
"Homer Bush Jr.","TBR",109,446,401,91,72,13,1,5,53,46,27,0,102,12,1,5,3,27,8,0.226933,0.0605381,0.2287,0.264706,0.294785,0.301746,0.269564,0.59653,0.074813,6.28867,0.291525,,1.28389,37.5928,-14.5795,77.4577,1.28389,1.8,-10.219828486442566,3.43874192237854,0.838367,999,,,,,,,344.9,3.164220183,344.9,3.164220183,,,,,,,,,,,,,,,,,,,"Homer Bush Jr.","sa3022480",683344
"Spencer Packard","SEA",98,432,383,92,67,17,1,7,44,45,39,1,84,7,3,0,6,1,0,0.240209,0.0902778,0.194444,0.464286,0.319444,0.344648,0.295976,0.664092,0.104439,2.7027,0.288136,,-0.683951,45.5962,-4.93836,98.3658,-0.683951,-0.1,-1.49175226688385,-4.861904717981815,0.834211,999,,,,,,,392.9,4.009183673,392.9,4.009183673,,,,,,,,,,,,,,,,,,,"Spencer Packard","sa3016803",689070
"Chase Pinder",,63,243,208,45,30,11,0,4,24,23,29,0,60,3,2,1,5,3,2,0.216346,0.119342,0.246914,0.483333,0.318182,0.326923,0.291711,0.645105,0.110577,2.89025,0.280822,,-0.699343,24.8137,-3.61202,87.975,-0.699343,3.3,-4.193577527999878,4.192857086658478,0.834142,999,,,,,,,209.6,3.326984126,209.6,3.326984126,,,,,,,,,,,,,,,,,,,"Chase Pinder","sa3003961",676198
"Pavin Smith","ARI",121,445,391,97,64,18,2,13,53,56,49,2,90,2,3,0,8,2,1,0.248082,0.110112,0.202247,0.544444,0.332584,0.404092,0.32204,0.736676,0.15601,3.41546,0.28866,,-0.89685,56.3035,4.24822,104.787,-0.89685,-0.2,1.6504464149475098,-8.375337794423103,0.833149,388.0400085449219,,,,,,,492,4.066115702,492,4.066115702,,,,,,,,,,,,,,,,,,,"Pavin Smith","19892",656976
"Trevor Larnach","MIN",112,424,371,90,57,18,1,14,54,55,44,1,112,5,4,0,8,3,1,0.242588,0.103774,0.264151,0.392857,0.32783,0.409703,0.322354,0.737534,0.167116,3.78048,0.305221,,-0.633711,53.7534,4.15471,111.217,-0.633711,0,4.80803120136261,-10.905349731445312,0.833085,321.239990234375,,,,,,,472.4,4.217857142,472.4,4.217857142,,,,,,,,,,,,,,,,,,,"Trevor Larnach","21501",663616
"Lorenzo Cedrola",,92,362,333,84,62,15,3,4,44,39,16,0,59,9,1,3,7,11,4,0.252252,0.0441989,0.162983,0.271186,0.303621,0.351351,0.289579,0.654972,0.0990991,6.37723,0.295203,,-0.106666,36.3439,-6.00212,88.7295,-0.106666,-0.6,-4.774931691586971,0.7300999164581299,0.831161,999,,,,,,,320.3,3.481521739,320.3,3.481521739,,,,,,,,,,,,,,,,,,,"Lorenzo Cedrola","sa872850",661411
"Bryan Ramos","CHW",120,493,449,99,67,18,1,13,52,56,33,0,116,8,3,0,9,4,4,0.22049,0.0669371,0.235294,0.284483,0.283976,0.351893,0.280715,0.635869,0.131403,3.2841,0.266254,,-1.67241,45.9788,-11.6913,80.7399,-1.67241,2.3,-12.53693687915802,4.111434459686279,0.830686,711.4000244140625,,,,,,,404.9,3.374166666,404.9,3.374166666,,,,,,,,,,,,,,,,,,,"Bryan Ramos","25621",682868
"Matt Mervis","ARI",113,470,423,101,61,22,1,17,51,58,37,1,132,7,3,0,4,2,1,0.238771,0.0787234,0.280851,0.280303,0.308511,0.416076,0.314852,0.724586,0.177305,2.81992,0.303249,,-0.825818,56.7473,1.76764,98.9614,-0.825818,2.4,-1.4095311760902405,-6.234626293182373,0.824034,580.3599853515625,,,,,,,504.9,4.468141592,504.9,4.468141592,,,,,,,,,,,,,,,,,,,"Matt Mervis","27845",670223
"Dominic Pitelli","CIN",118,454,412,93,69,15,4,5,45,39,33,0,141,2,1,6,8,22,7,0.225728,0.0726872,0.310573,0.234043,0.285714,0.317961,0.268848,0.603675,0.092233,6.63368,0.329588,,0.744143,38.0056,-15.1025,64.1455,0.744143,6.6,-18.721143007278442,11.604409217834473,0.823578,999,,,,,,,349.3,2.960169491,349.3,2.960169491,,,,,,,,,,,,,,,,,,,"Dominic Pitelli","sa3022809",694689
"Dalton Guthrie",,90,322,295,75,55,15,1,4,34,33,20,0,75,6,0,1,4,9,4,0.254237,0.0621118,0.232919,0.266667,0.314642,0.352542,0.296582,0.667184,0.0983051,4.83825,0.328704,,-0.459312,34.1431,-3.52382,86.6171,-0.459312,1.4,-5.390038818120956,2.583127498626709,0.82101,999,,,,,,,295.7,3.285555555,295.7,3.285555555,,,,,,,,,,,,,,,,,,,"Dalton Guthrie","21293",656495
"Jack Brannigan","PIT",83,347,312,68,43,14,2,9,44,41,27,0,108,6,1,1,3,7,2,0.217949,0.0778098,0.311239,0.25,0.291908,0.362179,0.289103,0.654087,0.144231,5.79638,0.30102,,-0.0098369,34.7053,-5.88613,81.6663,-0.0098369,0.2,-7.617335543036461,4.024955943226814,0.820235,999,,,,,,,312.1,3.760240963,312.1,3.760240963,,,,,,,,,,,,,,,,,,,"Jack Brannigan","sa3019922",687394
"Conner Capel","ATL",105,394,351,78,52,15,3,8,40,44,38,0,94,3,2,0,7,10,5,0.222222,0.0964467,0.238579,0.404255,0.30203,0.350427,0.289796,0.652458,0.128205,5.23897,0.278884,,-0.759027,39.6257,-6.46363,83.5265,-0.759027,7.7,-8.520469009876251,3.356966495513916,0.819324,999,,,,,,,349.6,3.329523809,349.6,3.329523809,,,,,,,,,,,,,,,,,,,"Conner Capel","19983",668843
"Eddy Alvarez",,97,361,311,72,46,16,2,8,47,43,29,0,103,12,2,7,3,9,5,0.231511,0.0803324,0.285319,0.281553,0.319209,0.37299,0.30744,0.692199,0.141479,5.75551,0.316832,,-0.911673,41.4331,-0.795951,95.4016,-0.911673,2.8,-2.8967384696006775,-1.179276943206787,0.818348,999,,,,,,,351.3,3.621649484,351.3,3.621649484,,,,,,,,,,,,,,,,,,,"Eddy Alvarez","16959",657193
"Lazaro Montes","SEA",120,526,466,101,63,19,1,18,64,67,50,3,165,6,4,0,7,2,2,0.216738,0.095057,0.313688,0.30303,0.298479,0.377682,0.295555,0.676161,0.160944,2.99239,0.289199,,-1.32553,55.3394,-6.19104,98.0698,-1.32553,-1.4,-2.4872279167175293,-7.198059916496277,0.814428,999,,,,,,,495.8,4.131666666,495.8,4.131666666,,,,,,,,,,,,,,,,,,,"Lazaro Montes","sa3018409",703155
"Carlos Pérez","CHC",103,404,365,74,44,15,1,14,43,51,30,1,86,6,3,0,8,0,0,0.20274,0.0742574,0.212871,0.348837,0.272277,0.364384,0.278418,0.636661,0.161644,2.03175,0.223881,,-0.623501,36.9315,-10.3276,79.6064,-0.623501,-2.5,-10.475788652896881,4.922104835510254,0.813356,999,,,,,,,338.2,3.283495145,338.2,3.283495145,,,,,,,,,,,,,,,,,,,"Carlos Perez","10642",542208
"Kyle Karros","COL",126,527,479,118,83,25,2,8,55,59,38,1,137,7,3,0,13,6,3,0.246347,0.0721063,0.259962,0.277372,0.309298,0.356994,0.294029,0.666292,0.110647,4.18397,0.326409,,-1.01736,54.797,-6.85041,74.4629,-1.01736,5.5,-17.110595703125,7.436360955238342,0.810053,999,,,,,,,478.9,3.80079365,478.9,3.80079365,,,,,,,,,,,,,,,,,,,"Kyle Karros","33252",691720
"Osleivis Basabe","SFG",103,440,410,105,78,19,4,4,46,44,22,0,70,4,3,1,10,8,5,0.256098,0.05,0.159091,0.314286,0.298405,0.35122,0.285211,0.649625,0.0951219,5.10934,0.297935,,-1.24584,42.6282,-8.84215,83.6001,-1.24584,-1.8,-9.874719619750977,3.0500881671905518,0.805684,999,,,,,,,372.7,3.618446601,372.7,3.618446601,,,,,,,,,,,,,,,,,,,"Osleivis Basabe","23985",678545
"Jhostynxon Garcia","BOS",108,449,415,95,58,19,5,13,57,58,24,1,123,8,2,0,3,7,4,0.228916,0.0534521,0.273942,0.195122,0.282851,0.392771,0.292812,0.675622,0.163855,6.12407,0.291815,,-0.922451,46.247,-6.27619,83.965,-0.922451,0.3,-9.160446345806122,1.949764907360077,0.80435,999,,,,,,,420.9,3.897222222,420.9,3.897222222,,,,,,,,,,,,,,,,,,,"Jhostynxon Garcia","28142",691373
"Max Schuemann","ATH",118,468,402,89,65,16,2,6,58,44,46,0,118,12,4,4,8,15,4,0.221393,0.0982906,0.252137,0.38983,0.31681,0.31592,0.287074,0.632731,0.0945274,5.91654,0.294326,,0.409206,46.0425,-8.70325,89.6943,0.409206,-7.9,-5.109395921230316,-2.741270065307617,0.803804,624.4199829101562,,,,,,,401.9,3.405932203,401.9,3.405932203,,,,,,,,,,,,,,,,,,,"Max Schuemann","24488",680474
"David Fry","CLE",115,386,340,83,50,19,2,12,43,50,34,2,90,8,3,1,11,3,1,0.244118,0.0880829,0.233161,0.377778,0.324675,0.417647,0.322477,0.742322,0.173529,4.14845,0.294606,,-0.515324,48.9744,3.82083,111.871,-0.515324,0,4.727790057659149,-9.927983283996582,0.794638,512.1400146484375,,,,,,,433,3.765217391,433,3.765217391,,,,,,,,,,,,,,,,,,,"David Fry","24934",681807
"Alexander Canario","PIT",97,396,357,74,42,15,1,16,46,54,34,0,137,3,2,0,7,6,3,0.207283,0.0858586,0.34596,0.248175,0.280303,0.389356,0.292483,0.669659,0.182073,4.32157,0.281553,,-0.638521,40.6831,-5.64019,90.0413,-0.638521,-1.6,-5.354366660118103,-0.1449735164642334,0.791505,747.030029296875,,,,,,,371,3.824742268,371,3.824742268,,,,,,,,,,,,,,,,,,,"Alexander Canario","22842",672744
"Ryan Ward","LAD",123,529,490,107,60,19,4,24,66,74,34,2,160,3,2,0,10,6,2,0.218367,0.0642722,0.302457,0.2125,0.272212,0.420408,0.296964,0.69262,0.202041,5.46058,0.269481,,-0.359793,56.2549,-5.62647,91.2423,-0.359793,1.8,-5.8997728526592255,-4.031128644943237,0.790411,999,,,,,,,529.5,4.304878048,529.5,4.304878048,,,,,,,,,,,,,,,,,,,"Ryan Ward","sa1169792",669899
"Marco Luciano","SFG",108,441,391,87,60,16,1,10,51,42,46,1,129,2,2,0,9,3,2,0.222506,0.104308,0.292517,0.356589,0.306122,0.345269,0.289798,0.651391,0.122762,3.5493,0.30315,,-1.0545,44.3532,-7.23417,86.6874,-1.0545,-3.8,-8.074909210205078,1.0611112117767334,0.78958,732.5900268554688,,,,,,,386.4,3.577777777,386.4,3.577777777,,,,,,,,,,,,,,,,,,,"Marco Luciano","25616",682617
"Austin Slater","NYY",108,272,235,54,39,9,0,6,35,24,30,0,79,5,2,0,6,6,2,0.229787,0.110294,0.290441,0.379747,0.327206,0.344681,0.302387,0.671887,0.114894,4.20835,0.315789,,-0.194052,30.1122,-1.70584,95.9847,-0.194052,3,-1.443718507885933,0.0017635822296142578,0.78948,747.72998046875,,,,,,,260.7,2.413888888,260.7,2.413888888,,,,,,,,,,,,,,,,,,,"Austin Slater","16153",596103
"Braiden Ward","COL",115,413,356,85,65,11,5,4,62,53,22,0,106,27,1,7,2,29,6,0.238764,0.0532688,0.256659,0.207547,0.330049,0.331461,0.300158,0.66151,0.0926966,8.91609,0.327935,,2.47023,44.9809,-3.33107,78.5884,2.47023,0.5,-8.104275465011597,2.0174896717071533,0.789196,999,,,,,,,403.3,3.506956521,403.3,3.506956521,,,,,,,,,,,,,,,,,,,"Braiden Ward","sa3017332",685274
"Logan Davidson","LAA",104,417,381,86,56,18,2,10,44,45,31,1,136,3,2,0,9,4,2,0.225722,0.0743405,0.326139,0.227941,0.28777,0.362205,0.284775,0.649975,0.136483,4.34916,0.320675,,-0.712438,40.2535,-8.5264,88.0772,-0.712438,4.7,-6.401231586933136,0.1034388542175293,0.788231,999,,,,,,,362.2,3.482692307,362.2,3.482692307,,,,,,,,,,,,,,,,,,,"Logan Davidson","25844",669722
"Josh Bell","WSN",140,571,506,124,81,22,1,20,60,66,57,2,116,4,4,0,18,0,1,0.245059,0.0998249,0.203152,0.491379,0.323993,0.411067,0.32053,0.73506,0.166008,1.73182,0.278075,,-1.50995,71.5514,4.75696,105.769,-1.50995,-3.3,2.429080367088318,-13.79015326499939,0.786892,334.1600036621094,,,,,,,626.1,4.472142857,626.1,4.472142857,,,,,,,,,,,,,,,,,,,"Josh Bell","13145",605137
"Tim Tawa","ARI",132,551,505,113,76,22,2,13,56,60,39,0,140,4,3,0,9,7,4,0.223762,0.0707804,0.254083,0.278571,0.283122,0.352475,0.279836,0.635597,0.128713,3.96162,0.28169,,-1.15922,50.9983,-13.4566,76.3804,-1.15922,4,-16.72193467617035,6.0245444774627686,0.786776,999,,,,,,,456.3,3.456818181,456.3,3.456818181,,,,,,,,,,,,,,,,,,,"Tim Tawa","29571",694374
"Michael Helman","TEX",99,393,357,81,53,17,2,9,50,43,27,0,94,6,3,0,7,10,2,0.226891,0.0687023,0.239186,0.287234,0.290076,0.361345,0.28654,0.651421,0.134454,5.95377,0.280156,,0.511239,38.4951,-7.47725,83.9955,0.511239,-2.8,-7.010115802288055,1.532010793685913,0.783399,999,,,,,,,354.3,3.578787878,354.3,3.578787878,,,,,,,,,,,,,,,,,,,"Michael Helman","24605",680737
"Morgan McCullough",,77,296,258,49,32,11,2,4,29,29,27,1,97,6,3,2,5,6,3,0.189922,0.0912162,0.327703,0.278351,0.278912,0.294574,0.258124,0.573485,0.104651,5.44323,0.28125,,-0.520134,22.2241,-12.4014,71.7401,-0.520134,4.5,-10.0913565158844,7.762786626815796,0.780712,999,,,,,,,199.3,2.588311688,199.3,2.588311688,,,,,,,,,,,,,,,,,,,"Morgan McCullough","sa3009868",668833
"Jason Delay",,73,225,204,48,34,12,0,2,22,20,15,0,50,3,1,2,5,1,1,0.235294,0.0666667,0.222222,0.3,0.295964,0.323529,0.27636,0.619494,0.0882353,2.44302,0.300654,,-0.615412,20.1957,-6.12442,73.089,-0.615412,3.8,-7.855993390083313,7.933597803115845,0.780438,999,,,,,,,171.5,2.349315068,171.5,2.349315068,,,,,,,,,,,,,,,,,,,"Jason Delay","19806",641511
"Danny De Andrade","MIN",85,353,317,66,42,16,1,7,38,40,22,0,89,11,3,0,7,8,2,0.208202,0.0623229,0.252125,0.247191,0.280453,0.33123,0.272304,0.611684,0.123028,5.38698,0.263393,,0.198056,30.5322,-10.761,76.0105,0.198056,1.3,-9.491445273160934,5.191093444824219,0.773721,999,,,,,,,279.1,3.283529411,279.1,3.283529411,,,,,,,,,,,,,,,,,,,"Danny De Andrade","sa3015698",694185
"Jordyn Adams",,130,542,493,112,81,18,4,9,63,57,37,0,171,4,4,4,6,22,7,0.227181,0.0682657,0.315498,0.216374,0.284387,0.334686,0.273575,0.619072,0.107505,6.55392,0.324921,,0.60208,47.4342,-15.968,78.8532,0.60208,-0.1,-12.51237553358078,1.8914755806326866,0.773,999,,,,,,,439,3.376923076,439,3.376923076,,,,,,,,,,,,,,,,,,,"Jordyn Adams","23788",677941
"Wenceel Pérez","DET",119,490,445,106,71,19,7,9,62,49,38,0,102,3,3,1,9,11,4,0.238202,0.077551,0.208163,0.372549,0.300613,0.373034,0.295213,0.673647,0.134831,6.64976,0.287834,,-0.303977,51.4171,-5.90219,92.6405,-0.303977,0.9,-4.430146098136902,-4.501234650611877,0.76809,522.469970703125,,,,,,,460.9,3.873109243,460.9,3.873109243,,,,,,,,,,,,,,,,,,,"Wenceel Perez","22857",672761
"Quincy Hamilton",,109,461,407,88,55,19,2,12,52,54,44,0,118,6,3,1,6,7,4,0.216216,0.0954447,0.255965,0.372881,0.3,0.361179,0.292927,0.661179,0.144963,4.48945,0.271429,,-1.04873,47.5258,-6.40105,91.387,-1.04873,2.7,-5.591927647590637,-2.3815696239471436,0.766968,999,,,,,,,417.2,3.827522935,417.2,3.827522935,,,,,,,,,,,,,,,,,,,"Quincy Hamilton","sa3017215",680810
"Deyvison De Los Santos","MIA",138,577,546,137,91,20,2,24,67,75,24,2,162,5,2,0,12,1,1,0.250916,0.0415945,0.280763,0.148148,0.287695,0.42674,0.306882,0.714435,0.175824,2.78233,0.312155,,-1.13631,65.965,-1.53136,93.5969,-1.13631,4.4,-5.554333925247192,-6.200381755828857,0.766835,493.6499938964844,,,,,,,602.3,4.364492753,602.3,4.364492753,,,,,,,,,,,,,,,,,,,"Deyvison De Los Santos","sa3015168",691277
"Orelvis Martinez","WSN",109,447,405,86,47,19,1,19,50,62,31,2,124,7,4,0,10,1,0,0.212346,0.0693512,0.277405,0.25,0.277405,0.404938,0.294008,0.682343,0.192593,2.859,0.25188,,-0.455071,46.4713,-5.81792,91.9499,-0.455071,-4.6,-4.572401136159897,-2.9575836658477783,0.764473,632.260009765625,,,,,,,431.9,3.962385321,431.9,3.962385321,,,,,,,,,,,,,,,,,,,"Orelvis Martinez","25967",682619
"Brandon Valenzuela","TOR",101,413,375,78,54,15,1,8,36,39,33,1,118,2,2,1,7,0,1,0.208,0.0799031,0.285714,0.279661,0.274272,0.317333,0.262551,0.591605,0.109333,2.20693,0.278884,,-1.09954,32.48,-15.8319,70.0582,-1.09954,1.9,-15.886875867843628,9.487448573112488,0.756907,999,,,,,,,288.4,2.855445544,288.4,2.855445544,,,,,,,,,,,,,,,,,,,"Brandon Valenzuela","sa3005729",678218
"Cole Gabrielson","NYY",93,299,260,56,35,14,2,5,34,34,26,0,90,11,2,0,5,9,3,0.215385,0.0869565,0.301003,0.288889,0.311037,0.342308,0.293276,0.653344,0.126923,6.20098,0.305389,,0.0167264,30.9087,-4.06779,90.0807,0.0167264,4,-3.3768695443868637,0.7041447162628174,0.755519,999,,,,,,,272.3,2.927956989,272.3,2.927956989,,,,,,,,,,,,,,,,,,,"Cole Gabrielson","sa3022811",702068
"Kody Hoese","LAD",117,459,424,99,68,19,2,10,47,52,28,0,110,3,4,0,11,1,1,0.233491,0.0610022,0.239651,0.254545,0.283224,0.358491,0.280878,0.641715,0.125,3.10696,0.288961,,-0.986356,42.8682,-10.8247,80.4151,-0.986356,2.1,-11.736054837703705,3.7865078449249268,0.754732,999,,,,,,,383,3.273504273,383,3.273504273,,,,,,,,,,,,,,,,,,,"Kody Hoese","sa3010021",682210
"Raynel Delgado","MIL",106,394,352,77,56,12,3,6,37,40,33,0,109,4,1,4,6,13,6,0.21875,0.0837563,0.27665,0.302752,0.292308,0.321023,0.274663,0.61333,0.102273,5.56019,0.298319,,-0.564034,34.8267,-11.2626,74.1616,-0.564034,5.5,-12.73775976896286,6.947677850723267,0.754612,999,,,,,,,306.4,2.890566037,306.4,2.890566037,,,,,,,,,,,,,,,,,,,"Raynel Delgado","sa3007288",669384
"Jared Oliva","MIL",90,306,278,63,41,11,4,7,41,39,20,0,80,5,1,2,7,17,3,0.226619,0.0653595,0.261438,0.25,0.289474,0.370504,0.289604,0.659977,0.143885,8.39689,0.291667,,1.66408,30.7278,-5.06744,84.2176,1.66408,0.1,-4.110965847969055,1.2243386283516884,0.752371,999,,,,,,,294.2,3.268888888,294.2,3.268888888,,,,,,,,,,,,,,,,,,,"Jared Oliva","19968",666931
"Yordys Valdes","CLE",113,429,391,84,63,12,2,7,44,38,29,0,138,3,2,4,6,11,2,0.214834,0.0675991,0.321678,0.210145,0.272941,0.309463,0.259467,0.582404,0.0946292,5.7995,0.310484,,0.640207,32.6736,-17.51,67.5486,0.640207,3.5,-15.289095103740692,8.228836059570312,0.750885,999,,,,,,,302.7,2.678761061,302.7,2.678761061,,,,,,,,,,,,,,,,,,,"Yordys Valdes","sa3010037",686798
"J.D. Davis",,110,370,329,73,47,15,0,11,36,36,34,0,128,5,2,0,10,0,0,0.221885,0.0918919,0.345946,0.265625,0.302703,0.367781,0.296849,0.670484,0.145897,1.14546,0.322917,,-0.678748,39.3123,-3.96959,90.8286,-0.678748,-1.9,-4.561550080776215,-0.5405055284500122,0.749573,742.1099853515625,,,,,,,343.7,3.124545454,343.7,3.124545454,,,,,,,,,,,,,,,,,,,"J.D. Davis","16219",605204
"Jake Cave",,123,402,367,91,53,21,6,11,50,51,27,1,109,4,3,1,6,5,2,0.247956,0.0671642,0.271144,0.247706,0.304239,0.427793,0.314893,0.732032,0.179837,6.20777,0.32,,-0.465084,48.5505,1.52536,88.5064,-0.465084,4.3,-5.990233212709427,-0.13121652603149414,0.747853,999,,,,,,,438,3.560975609,438,3.560975609,,,,,,,,,,,,,,,,,,,"Jake Cave","14477",595909
"Carter Howell","SFG",118,508,464,113,80,24,6,3,59,47,33,0,115,4,2,5,7,8,3,0.243534,0.0649606,0.226378,0.286957,0.298211,0.340517,0.282215,0.638728,0.0969828,6.05028,0.316092,,-0.538433,47.991,-11.4338,81.5833,-0.538433,0.2,-11.726013660430908,2.066549137234688,0.746352,999,,,,,,,418.6,3.547457627,418.6,3.547457627,,,,,,,,,,,,,,,,,,,"Carter Howell","sa3020139",800765
"Jakob Marsee","MIA",128,563,480,97,68,16,4,9,77,52,65,0,134,11,2,5,4,26,5,0.202083,0.115453,0.238011,0.485075,0.310036,0.308333,0.282346,0.618369,0.10625,7.21203,0.259587,,2.03846,53.2466,-12.6121,77.0829,2.03846,-0.2,-13.390223026275635,1.8686361759901047,0.74285,999,,,,,,,480.4,3.753125,480.4,3.753125,,,,,,,,,,,,,,,,,,,"Jakob Marsee","31370",805300
"Enrique Hernández","LAD",111,411,371,83,53,19,1,10,49,47,32,0,83,3,4,1,10,1,1,0.22372,0.0778589,0.201946,0.385542,0.287805,0.361186,0.285034,0.648991,0.137466,2.99224,0.258865,,-0.89954,39.76,-8.31794,83.2123,-0.89954,1.1,-9.150281548500061,2.610141158103943,0.735508,556.4500122070312,,,,,,,352.7,3.177477477,352.7,3.177477477,,,,,,,,,,,,,,,,,,,"Enrique Hernandez","10472",571771
"Oscar Gonzalez",,115,461,438,113,73,25,2,13,51,58,17,1,107,3,3,0,8,3,0,0.257991,0.0368764,0.232104,0.158879,0.288503,0.413242,0.301603,0.701745,0.155251,4.22287,0.311526,,-0.126103,50.7449,-3.182,96.343,-0.126103,-1,-2.1420931071043015,-6.081569671630859,0.733288,750.8800048828125,,,,,,,466.6,4.057391304,466.6,4.057391304,,,,,,,,,,,,,,,,,,,"Oscar Gonzalez","20970",660757
"Luis Matos","SFG",132,534,493,121,82,24,1,14,57,65,30,1,65,7,3,1,13,8,2,0.245436,0.0561798,0.121723,0.461538,0.296435,0.383367,0.296462,0.679802,0.137931,4.19097,0.256595,,-0.141319,56.5706,-5.89569,91.1726,-0.141319,1,-5.778171852231026,-4.8862433433532715,0.731821,570.9000244140625,,,,,,,512.1,3.879545454,512.1,3.879545454,,,,,,,,,,,,,,,,,,,"Luis Matos","26467",682641
"Stone Garrett",,100,374,339,79,51,16,1,11,43,45,27,0,117,4,4,0,5,5,2,0.233038,0.0721925,0.312834,0.230769,0.294118,0.383481,0.295886,0.677598,0.150442,4.32304,0.316279,,-0.457191,39.4473,-4.30251,89.1818,-0.457191,4,-5.295435875654221,-0.1225748062133789,0.724379,742.3699951171875,,,,,,,355.8,3.558,355.8,3.558,,,,,,,,,,,,,,,,,,,"Stone Garrett","19273",656448
"Tatem Levins","TBR",75,302,275,55,38,10,0,7,29,32,21,0,83,4,2,0,6,0,0,0.2,0.0695364,0.274834,0.253012,0.264901,0.312727,0.257448,0.577628,0.112727,1.51061,0.256684,,-0.497223,22.5101,-12.8173,68.9349,-0.497223,2.6,-11.23179978132248,8.14820671081543,0.723435,999,,,,,,,202.8,2.704,202.8,2.704,,,,,,,,,,,,,,,,,,,"Tatem Levins","sa3020278",694420
"Victor Mesa Jr.","MIA",108,472,436,101,69,20,2,10,50,51,29,0,110,3,3,1,5,6,2,0.231651,0.0614407,0.233051,0.263636,0.282378,0.355505,0.27972,0.637883,0.123853,4.57351,0.285266,,-0.407147,43.6425,-11.5711,75.3155,-0.407147,3.9,-14.339615881443024,5.634274005889893,0.721304,999,,,,,,,394.8,3.655555555,394.8,3.655555555,,,,,,,,,,,,,,,,,,,"Victor Mesa Jr.","25999",683748
"Elier Hernandez",,104,429,396,95,62,20,3,10,52,52,26,0,110,5,2,0,10,5,3,0.239899,0.0606061,0.25641,0.236364,0.293706,0.381313,0.294963,0.675019,0.141414,5.06371,0.305755,,-0.949014,44.9298,-5.25383,91.2912,-0.949014,-3.7,-5.223889172077179,-2.1237213611602783,0.721208,999,,,,,,,399.2,3.838461538,399.2,3.838461538,,,,,,,,,,,,,,,,,,,"Elier Hernandez","13750",609274
"Rodolfo Durán","SDP",78,313,294,66,40,17,1,8,30,36,13,0,77,3,2,1,11,1,0,0.22449,0.0415335,0.246006,0.168831,0.262821,0.370748,0.27468,0.633569,0.146259,3.30927,0.274882,,-0.241976,27.6711,-8.94303,78.2217,-0.241976,-0.8,-8.393333300948143,4.950293719768524,0.718937,999,,,,,,,255.7,3.278205128,255.7,3.278205128,,,,,,,,,,,,,,,,,,,"Rodolfo Duran","sa877500",660710
"Christian Cairo","CLE",101,380,327,68,52,10,3,3,40,31,43,0,103,6,3,1,8,13,3,0.207951,0.113158,0.271053,0.417476,0.308707,0.284404,0.272469,0.593111,0.0764526,6.37789,0.290179,,0.587846,32.9182,-11.5335,76.6943,0.587846,2.4,-9.54548704624176,3.796237587928772,0.717233,999,,,,,,,291.4,2.885148514,291.4,2.885148514,,,,,,,,,,,,,,,,,,,"Christian Cairo","sa3010028",686551
"Jacob Melton","HOU",105,447,417,89,59,16,1,13,53,52,26,0,125,2,1,1,6,21,4,0.213429,0.0581655,0.279642,0.208,0.262332,0.35012,0.268351,0.612452,0.136691,6.1078,0.271429,,1.89333,37.2407,-15.0485,74.0997,1.89333,1.7,-11.353691816329956,3.342416286468506,0.714766,999,,,,,,,368.4,3.508571428,368.4,3.508571428,,,,,,,,,,,,,,,,,,,"Jacob Melton","31661",689200
"Ryan Vilade","CIN",121,489,443,104,75,18,3,8,51,51,36,1,121,5,4,1,13,10,5,0.234763,0.0736196,0.247444,0.297521,0.297131,0.343115,0.282537,0.640246,0.108352,4.97918,0.301887,,-0.932661,46.323,-10.8793,81.3011,-0.932661,7.9,-11.86683988571167,2.5097885131835938,0.712357,999,,,,,,,411.9,3.404132231,411.9,3.404132231,,,,,,,,,,,,,,,,,,,"Ryan Vilade","22165",668723
"Daniel Vogelbach",,105,324,279,64,40,12,1,11,31,42,44,1,79,1,0,0,8,0,0,0.229391,0.135802,0.243827,0.556962,0.33642,0.397849,0.32449,0.734269,0.168459,1.55652,0.280423,,-0.662964,41.6328,3.7319,113.391,-0.662964,0,4.301578879356384,-8.333333015441895,0.701411,999,,,,,,,358.3,3.412380952,358.3,3.412380952,,,,,,,,,,,,,,,,,,,"Daniel Vogelbach","14130",596129
"Elih Marrero","TEX",62,224,202,44,31,10,0,3,24,22,18,0,61,2,1,1,2,7,3,0.217822,0.0803571,0.272321,0.295082,0.286996,0.311881,0.26848,0.598877,0.0940594,4.4318,0.294964,,-0.217533,18.6852,-7.51785,66.8495,-0.217533,3.9,-8.714102387428284,8.015226364135742,0.700623,999,,,,,,,166.5,2.68548387,166.5,2.68548387,,,,,,,,,,,,,,,,,,,"Elih Marrero","sa3007822",663503
"Will Simpson","TBR",123,530,478,110,69,25,2,14,56,62,47,1,167,1,4,0,3,3,2,0.230126,0.0886792,0.315094,0.281437,0.298113,0.378661,0.295829,0.676774,0.148536,3.47822,0.318937,,-1.12553,55.8772,-6.12121,95.9333,-1.12553,2.4,-3.5917110443115234,-7.33691930770874,0.699819,999,,,,,,,497.6,4.045528455,497.6,4.045528455,,,,,,,,,,,,,,,,,,,"Will Simpson","sa3022530",687310
"George Valera","CLE",103,436,384,85,56,15,1,13,49,50,46,0,130,3,3,0,8,4,2,0.221354,0.105505,0.298165,0.353846,0.307339,0.367188,0.298826,0.674527,0.145833,3.68511,0.295082,,-0.838717,47.0183,-3.98417,95.234,-0.838717,0.2,-3.216368615627289,-4.605996415019035,0.696326,999,,,,,,,412.4,4.003883495,412.4,4.003883495,,,,,,,,,,,,,,,,,,,"George Valera","22541",671655
"John Garcia","HOU",86,353,316,66,44,15,1,6,33,43,22,0,114,14,1,0,9,4,2,0.208861,0.0623229,0.322946,0.192982,0.288952,0.31962,0.27406,0.608572,0.110759,4.10854,0.304569,,-0.641407,31.0312,-10.2621,78.1151,-0.641407,-2.1,-9.480850756168365,4.38515567779541,0.69158,999,,,,,,,269.2,3.130232558,269.2,3.130232558,,,,,,,,,,,,,,,,,,,"John Garcia","sa3020419",801039
"Darren Baker",,118,484,446,115,95,17,2,1,54,37,31,1,95,0,2,5,6,20,4,0.257848,0.0640496,0.196281,0.326316,0.304802,0.311659,0.274041,0.616461,0.0538117,5.74938,0.323864,,1.39342,42.5396,-14.0778,74.4785,1.39342,2.2,-13.377674579620361,3.978365659713745,0.690828,999,,,,,,,387.9,3.287288135,387.9,3.287288135,,,,,,,,,,,,,,,,,,,"Darren Baker","29912",671117
"Ripken Reyes","SDP",115,474,395,84,64,13,3,4,53,53,31,0,80,29,2,17,5,9,4,0.212658,0.0654008,0.168776,0.3875,0.315098,0.291139,0.279987,0.606238,0.078481,5.77316,0.255591,,-0.798686,43.9292,-11.5184,81.7938,-0.798686,0.3,-11.118169724941254,2.041622579097748,0.689833,999,,,,,,,353.7,3.075652173,353.7,3.075652173,,,,,,,,,,,,,,,,,,,"Ripken Reyes","sa3010159",685341
"Korey Lee","CHW",112,408,385,88,58,18,1,11,44,43,21,0,117,2,0,0,11,7,3,0.228571,0.0514706,0.286765,0.179487,0.272059,0.366234,0.278841,0.638293,0.137662,4.31258,0.299611,,-0.454305,37.4361,-10.291,79.4217,-0.454305,-4.4,-10.06102728843689,3.095590591430664,0.688228,520.260009765625,,,,,,,343,3.0625,343,3.0625,,,,,,,,,,,,,,,,,,,"Korey Lee","25543",686676
"Bobby Dalbec","KCR",130,466,419,89,56,14,2,17,55,50,39,0,182,5,3,0,6,8,2,0.21241,0.083691,0.390558,0.214286,0.285408,0.377088,0.29064,0.662496,0.164678,5.26929,0.32287,,0.000744969,47.1834,-7.32836,87.7217,0.000744969,6.2,-6.5460847318172455,-2.361140251159668,0.687785,750.3400268554688,,,,,,,432.8,3.329230769,432.8,3.329230769,,,,,,,,,,,,,,,,,,,"Bobby Dalbec","19966",666915
"Cooper Kinney","TBR",105,432,403,93,64,20,1,8,43,46,24,0,113,3,2,0,7,3,2,0.230769,0.0555556,0.261574,0.212389,0.277778,0.344913,0.273622,0.622691,0.114144,3.30291,0.299296,,-0.928223,37.8238,-12.7107,80.3125,-0.928223,1.3,-10.659735321998596,2.8873015642166138,0.687683,999,,,,,,,337.8,3.217142857,337.8,3.217142857,,,,,,,,,,,,,,,,,,,"Cooper Kinney","sa3017793",695692
"Hunter Feduccia","TBR",89,356,315,72,48,15,1,8,39,38,38,1,88,1,2,0,8,0,0,0.228571,0.106742,0.247191,0.431818,0.311798,0.35873,0.296743,0.670528,0.130159,2.16737,0.289593,,-0.678748,37.7943,-3.84994,91.0931,-0.678748,-7.3,-4.470488488674164,-0.7597298622131348,0.68198,746.8300170898438,,,,,,,329.6,3.703370786,329.6,3.703370786,,,,,,,,,,,,,,,,,,,"Hunter Feduccia","23372",676439
"C.J. Hinojosa",,102,402,373,88,63,18,1,6,39,42,20,1,79,3,3,3,11,3,2,0.235925,0.0497512,0.196517,0.253165,0.278196,0.337802,0.269521,0.615997,0.101877,3.35877,0.281787,,-0.880869,33.8702,-13.155,77.4276,-0.880869,0,-11.26356965303421,4.431216716766357,0.681272,999,,,,,,,303.2,2.972549019,303.2,2.972549019,,,,,,,,,,,,,,,,,,,"C.J. Hinojosa","sa658616",546994
"Terrin Vavra",,75,276,244,59,44,10,2,3,35,27,25,0,71,4,1,2,6,3,2,0.241803,0.0905797,0.257246,0.352113,0.321168,0.336066,0.294808,0.657233,0.0942623,4.96977,0.327485,,-0.78616,28.8714,-3.41453,93.789,-0.78616,-0.9,-2.7476117610931396,0.11410939693450928,0.680219,999,,,,,,,242.1,3.228,242.1,3.228,,,,,,,,,,,,,,,,,,,"Terrin Vavra","24400",679631
"Shane Sasaki","MIA",80,331,298,78,58,15,2,3,42,29,28,0,97,3,1,1,2,14,3,0.261745,0.0845921,0.293051,0.28866,0.330303,0.355705,0.305275,0.686008,0.0939597,6.33148,0.376884,,0.882555,37.4133,-1.30644,92.5156,0.882555,1.3,-2.0798439979553223,-2.3485891819000244,0.678961,999,,,,,,,333.1,4.16375,333.1,4.16375,,,,,,,,,,,,,,,,,,,"Shane Sasaki","sa3011754",687071
"Jacob Stallings","BAL",86,288,255,59,39,13,0,7,27,33,26,0,67,5,1,1,10,0,0,0.231373,0.0902778,0.232639,0.38806,0.313589,0.364706,0.301603,0.678295,0.133333,1.12042,0.285714,,-0.55247,31.7018,-1.98785,79.5612,-0.55247,-0.7,-7.591430485248566,4.5910051465034485,0.678824,432.7200012207031,,,,,,,271.9,3.161627906,271.9,3.161627906,,,,,,,,,,,,,,,,,,,"Jacob Stallings","13723",607732
"Cavan Biggio","LAA",103,335,279,59,39,13,1,6,42,30,45,0,86,8,2,1,3,3,1,0.21147,0.134328,0.256716,0.523256,0.335329,0.329749,0.303457,0.665078,0.11828,4.15601,0.280423,,-0.531109,37.3751,-1.81256,92.7796,-0.531109,-2.6,-3.2987608313560486,-1.3691062927246094,0.673665,749.8599853515625,,,,,,,313.1,3.039805825,313.1,3.039805825,,,,,,,,,,,,,,,,,,,"Cavan Biggio","19252",624415
"Eric Haase","MIL",85,293,269,59,38,9,0,12,31,42,20,0,102,1,2,1,7,2,1,0.219331,0.0682594,0.348123,0.196078,0.273973,0.386617,0.287305,0.66059,0.167286,2.65893,0.299363,,-0.470659,28.8804,-5.39417,82.6706,-0.470659,-2.1,-6.542372286319733,3.282863140106201,0.669232,706.9500122070312,,,,,,,264.3,3.109411764,264.3,3.109411764,,,,,,,,,,,,,,,,,,,"Eric Haase","14111",606992
"J.D. Martinez",,111,465,413,98,57,24,1,16,51,59,44,1,135,4,4,0,14,0,0,0.237288,0.0946237,0.290323,0.325926,0.313978,0.416465,0.317373,0.730443,0.179177,1.75397,0.308271,,-0.820812,57.0874,2.69258,106.794,-0.820812,0,2.957172214984894,-11.959877014160156,0.666562,696.6699829101562,,,,,,,505.5,4.554054054,505.5,4.554054054,,,,,,,,,,,,,,,,,,,"J.D. Martinez","6184",502110
"Yonny Hernández","NYM",94,373,319,68,54,9,3,2,44,28,41,0,78,6,2,5,8,14,7,0.213166,0.10992,0.209115,0.525641,0.3125,0.278997,0.272682,0.591497,0.0658307,6.13641,0.273859,,-0.832179,32.3756,-11.2572,76.7137,-0.832179,3.9,-11.218728482723236,5.270517468452454,0.666188,999,,,,,,,271.8,2.891489361,271.8,2.891489361,,,,,,,,,,,,,,,,,,,"Yonny Hernandez","19432",660634
"Cameron Cauley","TEX",105,438,408,87,54,17,4,12,58,49,27,1,152,1,2,0,4,16,3,0.213235,0.0616438,0.347032,0.177632,0.262557,0.362745,0.271237,0.625302,0.14951,7.69564,0.304878,,1.34569,37.5082,-13.7282,74.6016,1.34569,-1.7,-11.383047938346863,3.128042459487915,0.658544,999,,,,,,,370.1,3.524761904,370.1,3.524761904,,,,,,,,,,,,,,,,,,,"Cameron Cauley","sa3017167",695508
"Arquímedes Gamboa",,99,374,333,69,50,12,2,5,39,31,38,0,106,2,1,0,5,5,2,0.207207,0.101604,0.283422,0.358491,0.291444,0.3003,0.267899,0.591744,0.0930931,4.73849,0.286996,,-0.520331,31.0227,-12.7271,71.4486,-0.520331,3.1,-13.289445281028748,7.222574710845947,0.657366,999,,,,,,,270.5,2.732323232,270.5,2.732323232,,,,,,,,,,,,,,,,,,,"Arquimedes Gamboa","sa877497",660614
"Nick Solak","PIT",99,381,340,85,62,15,1,7,45,40,31,0,71,8,2,0,8,6,2,0.25,0.0813648,0.186352,0.43662,0.325459,0.361765,0.305891,0.687224,0.111765,4.27735,0.295455,,-0.407147,43.2538,-1.31489,92.9655,-0.407147,1.5,-3.612078011035919,-2.699735641479492,0.6561,999,,,,,,,373.8,3.775757575,373.8,3.775757575,,,,,,,,,,,,,,,,,,,"Nick Solak","19294",669256
"Jeremiah Jackson","BAL",118,470,439,94,60,18,1,15,47,57,24,0,132,3,4,0,15,8,3,0.214123,0.0510638,0.280851,0.181818,0.257447,0.362187,0.269184,0.619634,0.148064,4.24869,0.266892,,-0.30166,39.4719,-15.5078,75.7644,-0.30166,-1.2,-13.335025191307068,3.980776071548462,0.655417,999,,,,,,,374.1,3.170338983,374.1,3.170338983,,,,,,,,,,,,,,,,,,,"Jeremiah Jackson","22239",669236
"José Barrero","BAL",99,377,342,71,45,14,2,10,39,45,22,0,125,9,3,1,8,13,2,0.207602,0.0583554,0.331565,0.176,0.271277,0.347953,0.27276,0.61923,0.140351,6.33526,0.290476,,1.19016,32.7466,-11.3542,74.7206,1.19016,-0.2,-10.206300258636475,3.9556439369916916,0.648684,750.5999755859375,,,,,,,313.7,3.168686868,313.7,3.168686868,,,,,,,,,,,,,,,,,,,"Jose Barrero","23378",676480
"Andrew Cossetti","MIN",89,375,329,61,32,18,3,8,36,40,35,0,129,9,2,0,10,2,1,0.18541,0.0933333,0.344,0.271318,0.28,0.331307,0.273501,0.611307,0.145897,4.49648,0.273196,,-0.604831,32.7964,-11.0704,76.8524,-0.604831,-2.6,-10.536948919296265,4.289330005645752,0.648512,999,,,,,,,290.1,3.259550561,290.1,3.259550561,,,,,,,,,,,,,,,,,,,"Andrew Cossetti","sa3020493",681355
"Omar Alfonzo","PIT",113,434,392,82,58,15,1,8,39,42,39,1,130,2,1,0,10,1,1,0.209184,0.0898618,0.299539,0.3,0.28341,0.313776,0.266905,0.597186,0.104592,2.59641,0.290196,,-0.978464,35.6526,-15.1159,66.7255,-0.978464,2.1,-18.247296929359436,10.073250770568848,0.645721,999,,,,,,,313.7,2.776106194,313.7,2.776106194,,,,,,,,,,,,,,,,,,,"Omar Alfonzo","sa3015665",692657
"Joey Gallo",,109,378,319,55,27,9,1,18,44,42,54,1,143,4,1,0,2,3,1,0.172414,0.142857,0.378307,0.377622,0.298942,0.376176,0.299692,0.675117,0.203762,3.86162,0.232704,,-0.46797,41.0271,-3.19061,91.7435,-0.46797,4.8,-4.200051784515381,-2.144444465637207,0.642425,744.469970703125,,,,,,,366.9,3.366055045,366.9,3.366055045,,,,,,,,,,,,,,,,,,,"Joey Gallo","14128",608336
"Chadwick Tromp","BOS",79,297,273,62,41,14,0,7,28,31,21,0,72,1,2,0,8,0,0,0.227106,0.0707071,0.242424,0.291667,0.282828,0.355311,0.280308,0.63814,0.128205,1.24483,0.280612,,-0.497223,27.6021,-7.14038,77.1404,-0.497223,-0.5,-8.615908324718475,4.9563493728637695,0.641647,740,,,,,,,246.6,3.121518987,246.6,3.121518987,,,,,,,,,,,,,,,,,,,"Chadwick Tromp","16953",644433
"Alan Trejo","TEX",104,348,320,72,45,17,2,8,37,37,20,0,90,4,2,2,7,3,2,0.225,0.0574713,0.258621,0.222222,0.277457,0.365625,0.281048,0.643082,0.140625,4.38917,0.285714,,-0.75459,32.549,-8.15932,81.5031,-0.75459,1.4,-8.119790971279144,2.6786595582962036,0.638654,999,,,,,,,291.2,2.8,291.2,2.8,,,,,,,,,,,,,,,,,,,"Alan Trejo","20056",676701
"Aidan Miller","PHI",107,462,415,90,58,20,4,8,52,52,38,0,115,8,1,0,1,11,4,0.216867,0.0822511,0.248918,0.330435,0.294372,0.342169,0.283405,0.636541,0.125301,6.09225,0.279863,,-0.240838,44.0881,-9.95577,79.8281,-0.240838,-2.9,-11.385062649846077,2.1925926208496094,0.636664,999,,,,,,,392.7,3.670093457,392.7,3.670093457,,,,,,,,,,,,,,,,,,,"Aidan Miller","sa3022609",805795
"Eric Wagaman","MIA",122,485,447,110,71,25,2,12,53,53,34,0,99,2,2,0,17,5,2,0.246085,0.0701031,0.204124,0.343434,0.301031,0.391499,0.302286,0.69253,0.145414,4.17128,0.289941,,-0.654502,53.6532,-3.08121,90.5036,-0.654502,-5.6,-6.162108480930328,-3.8179599046707153,0.634282,743.5900268554688,,,,,,,477.6,3.914754098,477.6,3.914754098,,,,,,,,,,,,,,,,,,,"Eric Wagaman","23395",676572
"Daylen Lile","WSN",135,561,505,118,78,24,9,7,61,56,43,0,117,8,4,1,5,13,4,0.233663,0.0766488,0.208556,0.367521,0.301786,0.358416,0.290948,0.660202,0.124752,6.76157,0.288312,,-0.0381481,56.9413,-8.68344,85.8581,-0.0381481,3.2,-9.525196231901646,-2.9838621616363525,0.634001,999,,,,,,,509,3.77037037,509,3.77037037,,,,,,,,,,,,,,,,,,,"Daylen Lile","29995",695734
"Graham Pauley","MIA",125,513,464,102,66,22,2,12,61,56,40,2,124,7,2,0,7,7,3,0.219828,0.0779727,0.241715,0.322581,0.290448,0.353448,0.283355,0.643897,0.133621,4.81959,0.272727,,-0.691078,48.9341,-11.0757,77.7616,-0.691078,1.5,-14.333213686943054,3.384920597076416,0.630409,748.02001953125,,,,,,,441.1,3.5288,441.1,3.5288,,,,,,,,,,,,,,,,,,,"Graham Pauley","31363",688363
"Gilberto Celestino","NYM",86,315,282,66,48,14,1,3,31,29,29,0,68,3,0,1,11,5,1,0.234043,0.0920635,0.215873,0.426471,0.312102,0.322695,0.285887,0.634797,0.0886525,4.42205,0.298578,,-0.0364002,30.6893,-6.15883,85.6017,-0.0364002,-0.1,-5.459959372878075,1.0574074015021324,0.626707,999,,,,,,,264.8,3.079069767,264.8,3.079069767,,,,,,,,,,,,,,,,,,,"Gilberto Celestino","20233",665482
"Jackson Cluff","WSN",95,350,304,59,38,13,2,6,39,34,32,0,110,6,2,6,1,11,2,0.194079,0.0914286,0.314286,0.290909,0.281977,0.309211,0.266464,0.591187,0.115132,6.57227,0.278947,,0.790163,28.6278,-12.3146,69.3789,0.790163,2.6,-12.025771081447601,6.458024501800537,0.626523,999,,,,,,,261.2,2.749473684,261.2,2.749473684,,,,,,,,,,,,,,,,,,,"Jackson Cluff","sa3010342",687714
"Stuart Fairchild","TBR",105,306,268,62,38,13,2,9,40,37,25,0,83,8,2,3,4,12,2,0.231343,0.0816993,0.271242,0.301205,0.313531,0.395522,0.311647,0.709054,0.164179,6.89288,0.297753,,1.02963,36.1567,0.361444,92.9516,1.02963,-3.7,-1.5495083332061768,-2.5756614208221436,0.624457,748.1599731445312,,,,,,,329.1,3.134285714,329.1,3.134285714,,,,,,,,,,,,,,,,,,,"Stuart Fairchild","20321",656413
"Tim Anderson",,91,375,356,94,76,13,1,4,43,28,16,0,90,2,1,0,8,9,3,0.264045,0.0426667,0.24,0.177778,0.298667,0.339888,0.281527,0.638554,0.0758427,4.78499,0.342205,,-0.156907,35.219,-8.64783,80.0506,-0.156907,-1.9,-8.716768085956573,2.2335978746414185,0.624185,639.260009765625,,,,,,,314.1,3.451648351,314.1,3.451648351,,,,,,,,,,,,,,,,,,,"Tim Anderson","15172",641313
"Noah Cardenas","MIN",87,349,302,56,38,14,0,4,30,32,38,0,94,8,1,0,6,3,3,0.18543,0.108883,0.269341,0.404255,0.292264,0.271523,0.261359,0.563787,0.0860927,2.53966,0.253659,,-1.27798,27.1119,-13.7134,68.3117,-1.27798,1.9,-13.932050704956055,8.311669707298279,0.623592,999,,,,,,,225.1,2.587356321,225.1,2.587356321,,,,,,,,,,,,,,,,,,,"Noah Cardenas","sa3017624",681433
"Nick Castellanos","PHI",144,593,548,142,90,29,2,21,70,80,35,2,138,6,4,0,15,6,1,0.259124,0.0590219,0.232715,0.253623,0.3086,0.434307,0.319826,0.742907,0.175182,4.15387,0.307888,,-0.223129,73.9722,4.6042,104.342,-0.223129,-10,2.8556186258792877,-16.536596298217773,0.622823,172.5399932861328,,,,,,,671.7,4.664583333,671.7,4.664583333,,,,,,,,,,,,,,,,,,,"Nick Castellanos","11737",592206
"Brendan Jones","NYY",33,109,90,18,12,4,0,2,11,12,19,0,28,0,0,0,1,9,0,0.2,0.174312,0.256881,0.678571,0.33945,0.311111,0.300835,0.650561,0.111111,5.40649,0.266667,,1.55533,11.9309,-0.819749,95.3979,1.55533,1,0.9813633561134338,1.400499701499939,0.622044,999,,,,,,,115.3,3.493939393,115.3,3.493939393,,,,,,,,,,,,,,,,,,,"Brendan Jones","sa3025253",800957
"Brendon Davis",,119,489,436,90,55,22,2,11,58,63,42,1,138,8,3,0,11,9,1,0.206422,0.0858896,0.282209,0.304348,0.286299,0.341743,0.278347,0.628042,0.135321,5.59315,0.272414,,0.574182,44.6739,-12.5284,78.7116,0.574182,-0.2,-11.874224543571472,1.596737191081047,0.617297,999,,,,,,,410.9,3.452941176,410.9,3.452941176,,,,,,,,,,,,,,,,,,,"Brendon Davis","18587",663478
"Chase DeLauter","CLE",48,202,183,47,29,13,0,5,24,25,16,0,33,1,2,0,3,2,1,0.256831,0.0792079,0.163366,0.484848,0.316832,0.409836,0.316197,0.726668,0.153005,3.15414,0.285714,,-0.368058,24.6079,0.978373,107.453,-0.368058,0.1,1.3546180725097656,-2.1266314014792442,0.617169,999,,,,,,,216.9,4.51875,216.9,4.51875,,,,,,,,,,,,,,,,,,,"Chase DeLauter","32127",800050
"Manuel Margot",,110,363,332,85,61,17,2,5,40,35,24,0,57,3,3,1,7,7,3,0.256024,0.0661157,0.157025,0.421053,0.309392,0.364458,0.296236,0.67385,0.108434,4.7996,0.29304,,-0.509552,38.3895,-4.07359,93.3601,-0.509552,1.1,-3.267435908317566,-2.9013227224349976,0.615257,734.9299926757812,,,,,,,337.6,3.069090909,337.6,3.069090909,,,,,,,,,,,,,,,,,,,"Manuel Margot","14712",622534
"Jonathon Long","CHC",119,483,426,97,67,17,0,13,65,57,46,1,122,7,4,0,9,1,0,0.2277,0.0952381,0.252588,0.377049,0.310559,0.359155,0.296883,0.669714,0.131455,2.78445,0.284746,,-0.739198,51.3314,-5.169,92.0344,-0.739198,4.1,-5.339928686618805,-4.773457050323486,0.613647,999,,,,,,,449.6,3.77815126,449.6,3.77815126,,,,,,,,,,,,,,,,,,,"Jonathon Long","sa3022864",675085
"Ryan McKenna",,104,272,241,53,34,11,1,7,36,31,23,0,78,3,2,3,5,9,2,0.219917,0.0845588,0.286765,0.294872,0.29368,0.360996,0.28894,0.654676,0.141079,6.22548,0.291139,,0.516442,27.1683,-4.64971,83.5534,0.516442,0.7,-4.832971036434174,1.6994121074676514,0.610147,999,,,,,,,248.7,2.391346153,248.7,2.391346153,,,,,,,,,,,,,,,,,,,"Ryan McKenna","19928",663630
"Matt Thaiss",,83,303,262,57,39,11,1,6,30,27,36,1,77,3,2,0,5,3,0,0.217557,0.118812,0.254125,0.467532,0.316832,0.335878,0.292561,0.65271,0.118321,4.0179,0.281768,,-0.00771651,31.1477,-4.29662,89.0727,-0.00771651,-6,-3.796174146234989,-0.43342161178588867,0.608529,747.6799926757812,,,,,,,273.9,3.3,273.9,3.3,,,,,,,,,,,,,,,,,,,"Matt Thaiss","19318",642136
"Corey Julks","CHW",111,432,390,93,61,19,2,11,59,45,37,1,104,3,2,0,11,11,3,0.238462,0.0856481,0.240741,0.355769,0.30787,0.382051,0.302352,0.689922,0.14359,5.70176,0.296029,,0.195739,47.813,-2.72151,95.9599,0.195739,-2,-1.801267370581627,-6.761904716491699,0.606017,999,,,,,,,433.2,3.902702702,433.2,3.902702702,,,,,,,,,,,,,,,,,,,"Corey Julks","20311",667452
"José Abreu",,108,452,407,101,67,20,1,13,51,56,32,1,99,9,4,0,14,0,0,0.248157,0.0707965,0.219027,0.323232,0.314159,0.398034,0.31096,0.712194,0.149877,1.99702,0.294314,,-0.844489,53.1584,0.284277,104.072,-0.844489,-2.2,1.2613736391067505,-10.503938913345337,0.604851,999,,,,,,,467.5,4.328703703,467.5,4.328703703,,,,,,,,,,,,,,,,,,,"Jose Abreu","15676",547989
"Jantzen Witte",,78,318,290,62,41,12,1,8,32,34,23,0,90,2,2,1,8,2,3,0.213793,0.072327,0.283019,0.255556,0.274448,0.344828,0.27281,0.619276,0.131034,3.13215,0.278351,,-1.33592,27.6345,-9.56452,76.963,-1.33592,4.2,-10.09611964225769,5.368430137634277,0.603426,999,,,,,,,243.3,3.119230769,243.3,3.119230769,,,,,,,,,,,,,,,,,,,"Jantzen Witte","sa738324",642220
"Nick Pratto","KCR",123,502,438,100,60,22,4,14,58,58,51,1,168,6,5,2,7,8,2,0.22831,0.101594,0.334661,0.303571,0.314,0.392694,0.309283,0.706694,0.164384,5.51833,0.329502,,-0.125534,58.361,-0.361948,96.8782,-0.125534,0.2,-1.9186956584453583,-9.022516056895256,0.601919,750.0599975585938,,,,,,,520.8,4.234146341,520.8,4.234146341,,,,,,,,,,,,,,,,,,,"Nick Pratto","22117",668472
"Joe Hudson","HOU",49,176,152,27,18,4,0,5,17,18,20,0,66,3,1,0,3,2,0,0.177632,0.113636,0.375,0.30303,0.284091,0.302632,0.267499,0.586722,0.125,3.53269,0.268293,,0.0764107,14.5423,-6.04586,73.5001,0.0764107,1.9,-5.260161958634853,5.1333922147750854,0.594108,999,,,,,,,130.6,2.665306122,130.6,2.665306122,,,,,,,,,,,,,,,,,,,"Joe Hudson","14412",621529
"Alika Williams","PIT",101,374,340,82,60,16,2,4,44,32,24,0,78,4,2,4,6,3,2,0.241176,0.0641711,0.208556,0.307692,0.297297,0.335294,0.280465,0.632591,0.0941176,4.29789,0.3,,-0.904546,34.8053,-8.94454,75.8518,-0.904546,0.9,-11.704403102397919,5.022574782371521,0.593855,999,,,,,,,298.7,2.957425742,298.7,2.957425742,,,,,,,,,,,,,,,,,,,"Alika Williams","27604",675961
"Colton Ledbetter","TBR",109,442,407,88,54,20,3,11,48,52,26,0,145,5,4,0,2,16,5,0.216216,0.0588235,0.328054,0.17931,0.269231,0.361179,0.274966,0.63041,0.144963,6.43091,0.301961,,0.504112,39.1774,-12.5269,81.2577,0.504112,4.8,-8.97460949420929,-0.07213401794433594,0.590575,999,,,,,,,373.7,3.428440366,373.7,3.428440366,,,,,,,,,,,,,,,,,,,"Colton Ledbetter","sa3022897",807742
"Seby Zavala","BOS",82,260,231,47,28,12,0,7,26,29,22,0,95,3,2,2,5,0,1,0.203463,0.0846154,0.365385,0.231579,0.27907,0.34632,0.276783,0.62539,0.142857,1.7954,0.305344,,-0.823305,23.4257,-6.98861,72.6898,-0.823305,1.2,-8.947925209999084,5.976601839065552,0.59013,999,,,,,,,205,2.5,205,2.5,,,,,,,,,,,,,,,,,,,"Seby Zavala","18887",664874
"Kevin Newman","DET",105,352,323,79,58,16,1,4,37,29,20,1,55,2,3,4,7,8,1,0.244582,0.0568182,0.15625,0.363636,0.29023,0.337461,0.27531,0.627691,0.0928793,4.9825,0.280899,,0.571492,31.2975,-9.87877,75.6774,0.571492,-0.7,-9.224712312221527,3.180070459842682,0.590125,635.25,,,,,,,287.5,2.738095238,287.5,2.738095238,,,,,,,,,,,,,,,,,,,"Kevin Newman","17696",621028
"Jack Blomgren",,43,172,148,34,25,6,1,2,19,19,14,0,47,5,1,4,2,7,2,0.22973,0.0813954,0.273256,0.297872,0.315476,0.324324,0.288734,0.6398,0.0945946,6.221,0.32,,0.242721,17.1515,-2.96872,88.4375,0.242721,0.1,-2.0328335613012314,1.9959435239434242,0.589591,999,,,,,,,149,3.465116279,149,3.465116279,,,,,,,,,,,,,,,,,,,"Jack Blomgren","sa3014825",685076
"Nick Podkul",,77,293,256,51,34,8,1,8,33,31,31,0,93,6,0,0,5,1,1,0.199219,0.105802,0.317406,0.333333,0.300341,0.332031,0.285613,0.632373,0.132812,3.38764,0.277419,,-0.765368,28.4814,-5.79317,84.1858,-0.765368,0.9,-6.0671438574790955,1.9765726327896118,0.588387,999,,,,,,,243.8,3.166233766,243.8,3.166233766,,,,,,,,,,,,,,,,,,,"Nick Podkul","sa3006720",674951
"Jesus Baez","STL",71,305,283,59,39,11,1,8,31,33,18,0,67,3,1,0,7,4,1,0.208481,0.0590164,0.219672,0.268657,0.262295,0.339223,0.264713,0.601518,0.130742,4.49395,0.244019,,-0.0785517,24.5171,-11.1612,71.35,-0.0785517,2.7,-10.527832478284836,6.061992883682251,0.58584,999,,,,,,,228,3.211267605,228,3.211267605,,,,,,,,,,,,,,,,,,,"Jesus Baez","sa3018507",800305
"Tucker Flint","LAA",130,539,469,102,65,22,3,12,57,61,55,0,183,12,2,1,4,7,5,0.217484,0.102041,0.339518,0.300546,0.314126,0.353945,0.298919,0.668071,0.136461,4.59464,0.326087,,-1.66683,58.1665,-4.88472,92.2846,-1.66683,0,-6.42511773109436,-5.9413580894470215,0.582371,999,,,,,,,496.2,3.816923076,496.2,3.816923076,,,,,,,,,,,,,,,,,,,"Tucker Flint","sa3019856",687272
"Daniel Johnson","BAL",112,461,425,98,66,16,2,14,51,57,28,0,130,4,4,0,6,10,6,0.230588,0.0607375,0.281996,0.215385,0.281996,0.376471,0.287017,0.658466,0.145882,4.7911,0.294737,,-1.2035,45.3328,-8.59406,88.3086,-1.2035,-4.1,-7.370496153831482,-2.406143307685852,0.580743,999,,,,,,,411.4,3.673214285,411.4,3.673214285,,,,,,,,,,,,,,,,,,,"Daniel Johnson","19643",669288
"Jake Marisnick",,82,244,219,47,28,11,2,6,27,30,17,0,79,5,1,2,5,6,2,0.214612,0.0696721,0.32377,0.21519,0.285124,0.365297,0.286283,0.650421,0.150685,6.22199,0.303704,,-0.00463392,23.8498,-4.69286,81.1617,-0.00463392,5.7,-5.501217380166054,3.0104055404663086,0.580404,999,,,,,,,215.7,2.630487804,215.7,2.630487804,,,,,,,,,,,,,,,,,,,"Jake Marisnick","11339",545350
"J.P. Martínez",,105,437,389,83,57,15,5,6,50,44,41,0,143,5,1,1,4,22,6,0.213368,0.0938215,0.327231,0.286713,0.295872,0.323907,0.277928,0.619779,0.11054,7.51802,0.319502,,1.15704,39.776,-11.3434,75.5384,1.15704,1.1,-11.625785231590271,2.705673098564148,0.578968,999,,,,,,,367.2,3.497142857,367.2,3.497142857,,,,,,,,,,,,,,,,,,,"J.P. Martinez","24451",679881
"Ramón Rodríguez","MIL",74,283,257,57,41,10,0,6,24,29,19,0,42,3,3,1,9,2,1,0.22179,0.0671378,0.14841,0.452381,0.280142,0.330739,0.270377,0.610881,0.108949,2.49034,0.240566,,-0.502229,24.0389,-9.06592,71.2767,-0.502229,1.2,-10.222568809986115,6.3991477489471436,0.576662,999,,,,,,,214.6,2.9,214.6,2.9,,,,,,,,,,,,,,,,,,,"Ramon Rodriguez","sa918698",670232
"Connor Hollis",,99,410,371,89,68,16,2,3,46,40,27,0,89,8,1,3,8,10,6,0.239892,0.0658537,0.217073,0.303371,0.304668,0.318059,0.279421,0.622728,0.0781671,5.11796,0.307143,,-1.24296,37.8109,-10.1501,81.4126,-1.24296,0.8,-10.356015086174011,2.30646675825119,0.576187,999,,,,,,,320.6,3.238383838,320.6,3.238383838,,,,,,,,,,,,,,,,,,,"Connor Hollis","sa3007870",667442
"Garrett Hampson",,116,311,281,67,49,13,3,2,36,27,23,0,77,2,2,3,5,10,3,0.238434,0.073955,0.247588,0.298701,0.298701,0.327402,0.278152,0.626103,0.088968,6.53183,0.318627,,0.200942,28.3636,-8.01663,75.2475,0.200942,3.1,-9.004417911171913,4.242710113525391,0.575882,747.989990234375,,,,,,,253.4,2.184482758,253.4,2.184482758,,,,,,,,,,,,,,,,,,,"Garrett Hampson","19262",641658
"Brennan Milone","ATH",123,522,470,108,73,22,1,12,56,57,43,0,130,5,4,0,10,4,3,0.229787,0.0823755,0.249042,0.330769,0.298851,0.357447,0.290003,0.656297,0.12766,3.25557,0.289157,,-1.37,52.5858,-8.47675,91.7549,-1.37,4,-6.294639587402344,-5.589946746826172,0.57349,999,,,,,,,460.3,3.742276422,460.3,3.742276422,,,,,,,,,,,,,,,,,,,"Brennan Milone","sa3019974",686810
"Jonathan Davis",,86,292,255,56,39,11,2,4,35,27,27,0,83,7,2,1,5,7,3,0.219608,0.0924658,0.284247,0.325301,0.309278,0.32549,0.285951,0.634769,0.105882,5.87286,0.305882,,-0.391166,28.4636,-5.69404,79.5092,-0.391166,6.6,-7.546053230762482,3.381304979324341,0.572308,999,,,,,,,246.4,2.865116279,246.4,2.865116279,,,,,,,,,,,,,,,,,,,"Jonathan Davis","15104",641505
"Trent Farquhar","PHI",83,342,292,63,47,13,2,1,38,32,36,0,75,10,1,3,2,12,4,0.215753,0.105263,0.219298,0.48,0.321534,0.284247,0.280201,0.60578,0.0684932,5.98197,0.285714,,0.0459791,31.7548,-8.25173,77.6717,0.0459791,2,-9.085522077977657,3.2566137313842773,0.572086,999,,,,,,,268.9,3.239759036,268.9,3.239759036,,,,,,,,,,,,,,,,,,,"Trent Farquhar","sa3022606",802531
"Luke Waddell","ATL",111,472,421,97,75,17,2,3,50,42,38,0,75,6,5,2,10,9,4,0.230404,0.0805085,0.158898,0.506667,0.3,0.301663,0.270831,0.601663,0.0712589,4.88091,0.270115,,-0.759224,40.2656,-14.948,70.7616,-0.759224,1.9,-17.261991441249847,7.102821707725525,0.571156,999,,,,,,,349,3.144144144,349,3.144144144,,,,,,,,,,,,,,,,,,,"Luke Waddell","sa3017075",680672
"Xavier Isaac","TBR",109,458,408,91,54,20,2,15,55,58,42,0,161,5,3,0,5,7,1,0.223039,0.0917031,0.351528,0.26087,0.30131,0.392157,0.303864,0.693467,0.169118,5.25577,0.323404,,0.197859,51.2481,-2.32788,101.585,0.197859,-2.4,1.0284789502620697,-10.814168453216553,0.569459,999,,,,,,,463.5,4.252293577,463.5,4.252293577,,,,,,,,,,,,,,,,,,,"Xavier Isaac","sa3020498",800060
"Tavian Josenberger","BAL",84,363,314,65,45,11,3,6,49,32,34,0,71,2,2,11,5,23,4,0.207006,0.0936639,0.195592,0.478873,0.286932,0.318471,0.271063,0.605403,0.111465,7.82499,0.246862,,2.34069,31.0347,-11.4284,77.0861,2.34069,-0.8,-7.176573276519775,0.533774197101593,0.566299,999,,,,,,,295.9,3.522619047,295.9,3.522619047,,,,,,,,,,,,,,,,,,,"Tavian Josenberger","sa3022808",694444
"Nick Morabito","NYM",115,510,459,105,84,14,4,3,60,46,41,1,118,9,1,0,6,28,10,0.228758,0.0803922,0.231373,0.347458,0.303922,0.296296,0.271476,0.600218,0.0675381,6.81095,0.300885,,0.500244,43.7721,-15.8867,75.9023,0.500244,0.8,-14.196034729480743,2.673897683620453,0.560845,999,,,,,,,395.8,3.44173913,395.8,3.44173913,,,,,,,,,,,,,,,,,,,"Nick Morabito","sa3020418",703492
"Gavin Cross","KCR",104,432,390,87,55,18,3,11,47,49,35,2,120,4,3,0,4,16,3,0.223077,0.0810185,0.277778,0.291667,0.291667,0.369231,0.288399,0.660897,0.146154,6.32002,0.290076,,1.25888,42.9617,-7.57286,82.1879,1.25888,3.3,-7.545620679855347,-1.461904764175415,0.560126,999,,,,,,,408.9,3.931730769,408.9,3.931730769,,,,,,,,,,,,,,,,,,,"Gavin Cross","sa3019985",688457
"Kaden Polcovich","SEA",93,375,332,64,43,13,3,5,41,35,32,0,114,8,2,1,5,10,4,0.192771,0.0853333,0.304,0.280702,0.278075,0.295181,0.2595,0.573256,0.10241,6.37185,0.274419,,-0.275097,28.5706,-15.2962,72.7075,-0.275097,3.5,-11.985740423202515,4.87786591053009,0.559667,999,,,,,,,256,2.752688172,256,2.752688172,,,,,,,,,,,,,,,,,,,"Kaden Polcovich","sa3014496",687659
"Bubba Thompson",,105,394,369,89,66,14,3,6,52,38,17,0,123,4,1,3,5,23,5,0.241192,0.0431472,0.312183,0.138211,0.28133,0.344173,0.274728,0.625503,0.102981,7.6545,0.344398,,1.88833,34.8472,-11.2422,68.1026,1.88833,4,-13.140060782432556,5.447677850723267,0.558147,999,,,,,,,336.2,3.201904761,336.2,3.201904761,,,,,,,,,,,,,,,,,,,"Bubba Thompson","22261",669352
"Max Anderson","DET",133,561,531,124,88,21,3,12,60,55,25,0,101,2,3,0,11,1,0,0.233522,0.0445633,0.180036,0.247525,0.269162,0.352166,0.270887,0.621328,0.118644,3.42229,0.266033,,-0.707629,47.8833,-17.7414,75.5289,-0.707629,1,-16.415664970874786,3.0612874031066895,0.556243,999,,,,,,,437.1,3.286466165,437.1,3.286466165,,,,,,,,,,,,,,,,,,,"Max Anderson","sa3022567",801194
"Anthony Rizzo",,98,402,353,80,53,14,0,13,43,44,34,2,80,13,2,0,9,1,1,0.226629,0.0845771,0.199005,0.425,0.31592,0.376771,0.305881,0.692691,0.150142,2.02256,0.255725,,-0.978464,45.6346,-1.39054,98.9475,-0.978464,0.8,-1.462561011314392,-6.585361659526825,0.555731,731.3099975585938,,,,,,,397.9,4.060204081,397.9,4.060204081,,,,,,,,,,,,,,,,,,,"Anthony Rizzo","3473",519203
"Luken Baker","LAD",122,483,426,93,54,17,0,22,47,67,49,1,130,3,5,0,12,1,0,0.21831,0.101449,0.269151,0.376923,0.300207,0.413146,0.309685,0.713353,0.194836,1.60246,0.25448,,-0.628704,56.3084,-0.191992,99.5737,-0.628704,-1,-0.8749025166034698,-9.873456954956055,0.548068,724.469970703125,,,,,,,508.8,4.170491803,508.8,4.170491803,,,,,,,,,,,,,,,,,,,"Luken Baker","21497",663609
"Sabin Ceballos","SFG",130,529,476,109,81,19,1,8,69,54,40,0,127,10,3,0,8,5,4,0.228992,0.0756144,0.240076,0.314961,0.300567,0.323529,0.279786,0.624097,0.0945378,4.07243,0.293605,,-1.65393,48.9411,-12.9403,79.949,-1.65393,0.1,-14.337849020957947,2.0437096133828163,0.546341,999,,,,,,,418.7,3.22076923,418.7,3.22076923,,,,,,,,,,,,,,,,,,,"Sabin Ceballos","sa3022500",694754
"Jordan Walker","STL",144,588,535,129,81,27,3,18,57,70,42,0,138,7,4,0,11,6,4,0.241122,0.0714286,0.234694,0.304348,0.302721,0.403738,0.307715,0.706459,0.162617,3.63771,0.289817,,-1.44604,67.6168,-1.16633,98.2474,-1.44604,-5.1,-2.6783640384674072,-11.581481456756592,0.545874,295.69000244140625,,,,,,,599.2,4.161111111,599.2,4.161111111,,,,,,,,,,,,,,,,,,,"Jordan Walker","27475",691023
"Rowdy Tellez","TEX",128,452,407,95,62,16,0,17,41,57,38,3,104,3,4,0,14,1,0,0.233415,0.0840708,0.230089,0.365385,0.300885,0.398034,0.302585,0.698919,0.164619,1.62355,0.268966,,-0.589242,50.1115,-2.76263,103.015,-0.589242,-2.5,0.9699186086654663,-10.803938865661621,0.543767,661.3599853515625,,,,,,,456.1,3.56328125,456.1,3.56328125,,,,,,,,,,,,,,,,,,,"Rowdy Tellez","15679",642133
"Niko Kavadas","LAA",122,485,412,81,45,19,0,17,53,58,61,0,192,9,3,0,5,1,1,0.196602,0.125773,0.395876,0.317708,0.31134,0.366505,0.302832,0.677845,0.169903,1.9017,0.31068,,-1.11264,53.8664,-2.86795,95.037,-1.11264,1.8,-3.8668192625045776,-7.1102001667022705,0.539571,750.9099731445312,,,,,,,465.6,3.816393442,465.6,3.816393442,,,,,,,,,,,,,,,,,,,"Niko Kavadas","29782",694359
"Tommy Sacco Jr.","HOU",118,483,434,91,64,16,2,9,44,46,44,1,124,3,2,0,8,10,4,0.209677,0.0910973,0.256729,0.354839,0.285714,0.317972,0.269544,0.603687,0.108295,4.55842,0.270627,,-0.488192,40.7036,-15.7968,74.9385,-0.488192,-1.9,-14.338511943817139,3.4240742921829224,0.539134,999,,,,,,,366.8,3.108474576,366.8,3.108474576,,,,,,,,,,,,,,,,,,,"Tommy Sacco Jr.","sa3020125",690474
"Andrew Knapp",,89,339,304,65,45,13,1,6,32,34,28,1,99,4,2,1,5,1,2,0.213816,0.0825959,0.292035,0.282828,0.286982,0.322368,0.271097,0.609351,0.108553,2.71682,0.293532,,-1.20984,28.9921,-10.6635,74.1004,-1.20984,-0.6,-11.708995819091797,5.627953886985779,0.535748,999,,,,,,,252.1,2.832584269,252.1,2.832584269,,,,,,,,,,,,,,,,,,,"Andrew Knapp","14942",595284
"Drew Gilbert","SFG",88,382,341,73,49,13,1,10,39,42,32,1,89,7,2,0,5,4,2,0.214076,0.0837696,0.232984,0.359551,0.293194,0.346041,0.28347,0.639235,0.131965,3.83086,0.258197,,-0.696654,36.4737,-8.2119,83.9749,-0.696654,-0.9,-8.016893565654755,0.5035861730575562,0.535445,999,,,,,,,324.2,3.684090909,324.2,3.684090909,,,,,,,,,,,,,,,,,,,"Drew Gilbert","31545",687551
"Kolten Wong",,89,323,290,70,47,16,2,5,37,34,22,1,63,8,3,0,2,6,2,0.241379,0.0681115,0.195046,0.349206,0.309598,0.362069,0.295567,0.671667,0.12069,5.37531,0.288889,,-0.209837,33.9853,-3.7986,86.9689,-0.209837,-1.5,-5.243036210536957,-0.3131980895996094,0.535021,999,,,,,,,302.6,3.4,302.6,3.4,,,,,,,,,,,,,,,,,,,"Kolten Wong","12532",543939
"Hunter Renfroe",,117,449,406,95,56,23,1,15,50,55,37,0,94,3,3,0,9,1,1,0.23399,0.0824053,0.209354,0.393617,0.300668,0.406404,0.307841,0.707072,0.172414,2.50994,0.266667,,-0.962679,51.6782,-0.844981,95.8636,-0.962679,-1.8,-3.087769329547882,-6.7492945194244385,0.533103,510.6400146484375,,,,,,,458.5,3.918803418,458.5,3.918803418,,,,,,,,,,,,,,,,,,,"Hunter Renfroe","15464",592669
"Ronny Simon","PIT",126,521,472,113,78,23,3,9,62,52,38,0,108,4,4,3,8,14,6,0.239407,0.0729367,0.207294,0.351852,0.299228,0.358051,0.289401,0.657279,0.118644,5.62438,0.289694,,-0.577129,52.2326,-8.71296,81.8312,-0.577129,-2.2,-11.896591901779175,-0.2856849431991577,0.53043,999,,,,,,,465,3.69047619,465,3.69047619,,,,,,,,,,,,,,,,,,,"Ronny Simon","25346",682927
"Kevin Pillar",,96,288,264,60,37,12,2,9,35,37,14,0,64,6,3,1,7,7,2,0.227273,0.0486111,0.222222,0.21875,0.278746,0.390152,0.290146,0.668897,0.162879,6.03954,0.262887,,0.140119,29.0461,-4.64362,87.9028,0.140119,-1.7,-3.846298396587372,-0.6417989730834961,0.530081,748.6099853515625,,,,,,,270.5,2.817708333,270.5,2.817708333,,,,,,,,,,,,,,,,,,,"Kevin Pillar","12434",607680
"Jeferson Morales",,102,396,355,83,52,21,2,8,41,47,29,1,89,10,2,0,6,4,2,0.233803,0.0732323,0.224747,0.325843,0.308081,0.371831,0.299409,0.679912,0.138028,4.14564,0.288462,,-0.720331,42.8907,-3.43264,95.0771,-0.720331,-0.8,-2.9509249925613403,-5.165079414844513,0.528,999,,,,,,,376.3,3.689215686,376.3,3.689215686,,,,,,,,,,,,,,,,,,,"Jeferson Morales","sa3005472",672373
"Gabriel Cancel",,62,248,225,46,27,12,0,7,29,29,20,0,91,2,1,0,6,4,1,0.204444,0.0806452,0.366935,0.21978,0.274194,0.351111,0.275927,0.625305,0.146667,4.18964,0.304688,,0.00826491,22.1736,-6.83696,79.2312,0.00826491,1.8,-5.885185830295086,2.711228668689728,0.527802,999,,,,,,,204,3.29032258,204,3.29032258,,,,,,,,,,,,,,,,,,,"Gabriel Cancel","sa875231",663708
"Mitch Haniger",,98,378,339,75,49,13,0,13,45,44,33,0,107,4,2,0,9,0,0,0.221239,0.0873016,0.283069,0.308411,0.296296,0.374631,0.295711,0.670928,0.153392,1.62312,0.280543,,-0.678748,39.8159,-4.40181,98.1791,-0.678748,-1.9,-1.4663138389587402,-6.066666483879089,0.526113,703.6500244140625,,,,,,,351.9,3.590816326,351.9,3.590816326,,,,,,,,,,,,,,,,,,,"Mitch Haniger","14274",571745
"David Bañuelos",,44,154,140,29,19,5,1,4,17,17,11,0,56,2,0,1,3,1,0,0.207143,0.0714286,0.363636,0.196429,0.27451,0.342857,0.273424,0.617367,0.135714,4.94848,0.3125,,-0.0525575,13.4589,-4.5557,78.7471,-0.0525575,0.9,-3.7974880188703537,3.7292181253433228,0.52425,999,,,,,,,121.1,2.752272727,121.1,2.752272727,,,,,,,,,,,,,,,,,,,"David Banuelos","23250",675915
"Wilmer Flores","SFG",111,393,350,82,52,18,0,12,41,47,34,1,60,5,4,0,8,0,0,0.234286,0.086514,0.152672,0.566667,0.307888,0.388571,0.304507,0.696459,0.154286,1.26065,0.248227,,-0.710318,44.1781,-1.79425,96.5874,-0.710318,1.5,-2.3140751719474792,-5.720017433166504,0.519423,619.8200073242188,,,,,,,391.2,3.524324324,391.2,3.524324324,,,,,,,,,,,,,,,,,,,"Wilmer Flores","5827",527038
"Billy McKinney","TEX",87,292,255,56,37,10,1,8,32,35,31,2,85,4,2,0,3,1,1,0.219608,0.106164,0.291096,0.364706,0.311644,0.360784,0.296621,0.672428,0.141176,3.1612,0.292683,,-0.757476,30.9712,-3.18638,92.8265,-0.757476,1.8,-3.262276530265808,-1.4186949729919434,0.518993,999,,,,,,,272.6,3.133333333,272.6,3.133333333,,,,,,,,,,,,,,,,,,,"Billy McKinney","15654",641856
"Colby Shade","MIA",124,502,449,95,65,20,2,8,69,54,30,0,170,17,2,4,2,21,6,0.211581,0.059761,0.338645,0.176471,0.285141,0.318486,0.270872,0.603626,0.106904,6.98164,0.318681,,0.88601,42.8412,-15.8818,69.3596,0.88601,4,-17.50725829601288,5.844503283500671,0.518859,999,,,,,,,391.7,3.158870967,391.7,3.158870967,,,,,,,,,,,,,,,,,,,"Colby Shade","sa3023374",694974
"Michael Papierski",,84,324,282,59,42,12,0,5,31,29,34,0,79,4,3,1,7,1,1,0.20922,0.104938,0.243827,0.43038,0.30031,0.304965,0.274441,0.605274,0.0957447,2.06739,0.268657,,-0.8364,28.5813,-9.31956,83.2176,-0.8364,-4.7,-7.058038890361786,1.2523813247680664,0.518207,999,,,,,,,243.3,2.896428571,243.3,2.896428571,,,,,,,,,,,,,,,,,,,"Michael Papierski","21386",657709
"Clay Dungan","SDP",118,478,423,88,60,18,4,6,50,44,44,0,125,6,4,1,8,13,4,0.208038,0.0920502,0.261506,0.352,0.289308,0.312057,0.269985,0.601365,0.104019,6.15987,0.277027,,0.111808,40.452,-15.4636,75.0618,0.111808,1.5,-14.14275062084198,3.256319761276245,0.516644,999,,,,,,,364.7,3.090677966,364.7,3.090677966,,,,,,,,,,,,,,,,,,,"Clay Dungan","sa1169803",687867
"Dylan Beavers","BAL",125,529,473,108,74,21,4,9,56,54,46,0,137,3,4,3,4,16,3,0.22833,0.0869565,0.258979,0.335766,0.298479,0.346723,0.285659,0.645202,0.118393,6.02554,0.299094,,1.01421,51.4415,-10.4399,87.3534,1.01421,-0.2,-6.640618562698364,-6.031128600239754,0.516344,999,,,,,,,469.1,3.7528,469.1,3.7528,,,,,,,,,,,,,,,,,,,"Dylan Beavers","31695",687637
"Sal Stewart","CIN",102,426,377,87,60,17,1,9,50,45,43,0,83,3,3,0,11,8,2,0.230769,0.100939,0.194836,0.518072,0.312207,0.352785,0.29591,0.664992,0.122016,4.48902,0.270833,,-0.0466096,44.9404,-4.8923,82.36,-0.0466096,-1.7,-9.032654449343681,-0.1347442865371704,0.515666,999,,,,,,,397.4,3.896078431,397.4,3.896078431,,,,,,,,,,,,,,,,,,,"Sal Stewart","31505",701398
"Andrés Alvarez",,92,357,320,71,47,15,2,7,37,37,28,0,103,4,2,3,8,6,2,0.221875,0.0784314,0.288515,0.271845,0.29096,0.346875,0.282375,0.637835,0.125,5.02922,0.301887,,-0.233514,33.772,-7.98919,77.1373,-0.233514,1.8,-9.993685096502304,3.111728310585022,0.514825,999,,,,,,,300.1,3.261956521,300.1,3.261956521,,,,,,,,,,,,,,,,,,,"Andres Alvarez","sa3010710",687019
"Shane McGuire","ATH",84,336,295,59,45,10,1,3,31,27,34,0,77,4,2,1,6,3,1,0.2,0.10119,0.229167,0.441558,0.289552,0.271186,0.257527,0.560739,0.0711864,3.82762,0.258065,,-0.460077,25.0657,-14.239,68.9103,-0.460077,0,-12.412639796733856,6.172839641571045,0.514769,999,,,,,,,215.2,2.561904761,215.2,2.561904761,,,,,,,,,,,,,,,,,,,"Shane McGuire","sa3017284",676063
"Tim Elko","CHW",134,551,516,127,87,21,2,17,58,68,28,1,192,5,2,0,12,1,1,0.246124,0.0508167,0.348457,0.145833,0.290381,0.393411,0.296878,0.683792,0.147287,2.93048,0.355987,,-1.1442,58.5562,-5.89873,92.1095,-1.1442,2.8,-6.118851184844971,-7.322721719741821,0.512738,999,,,,,,,525.4,3.920895522,525.4,3.920895522,,,,,,,,,,,,,,,,,,,"Tim Elko","31522",671284
"Stephen Scott",,87,349,312,66,42,15,1,8,39,35,31,0,84,3,3,0,7,4,1,0.211538,0.0888252,0.240688,0.369048,0.286533,0.342949,0.278966,0.629482,0.13141,4.4031,0.26009,,-0.20483,32.0576,-8.76777,81.2115,-0.20483,-5.4,-7.70763286948204,1.011669635772705,0.512508,999,,,,,,,288.8,3.319540229,288.8,3.319540229,,,,,,,,,,,,,,,,,,,"Stephen Scott","sa3011469",679663
"Joey Meneses","NYM",130,540,494,122,84,23,0,15,51,73,36,1,119,4,6,0,19,1,0,0.246964,0.0666667,0.22037,0.302521,0.3,0.384615,0.298071,0.684615,0.137652,1.8087,0.29235,,-0.770768,57.9059,-5.2623,93.8027,-0.770768,1.7,-4.772600412368774,-8.220635175704956,0.511903,999,,,,,,,518.8,3.99076923,518.8,3.99076923,,,,,,,,,,,,,,,,,,,"Joey Meneses","14366",608841
"Elijah Dunham",,108,455,410,87,52,20,3,12,50,54,38,0,138,5,2,0,8,15,4,0.212195,0.0835165,0.303297,0.275362,0.285714,0.363415,0.285914,0.649129,0.15122,6.17104,0.28626,,0.630194,44.3389,-8.88615,84.9021,0.630194,2,-7.23000180721283,-3.0154318809509277,0.511627,999,,,,,,,411.4,3.809259259,411.4,3.809259259,,,,,,,,,,,,,,,,,,,"Elijah Dunham","sa3014827",685313
"Ryan McCarty","TOR",110,445,408,86,56,19,2,9,45,48,27,0,129,7,3,0,9,5,5,0.210784,0.0606742,0.289888,0.209302,0.269663,0.333333,0.266257,0.602996,0.122549,4.15607,0.282051,,-1.73535,36.3241,-15.7312,72.4295,-1.73535,4.2,-15.773534178733826,5.835067391395569,0.50883,999,,,,,,,322.2,2.929090909,322.2,2.929090909,,,,,,,,,,,,,,,,,,,"Ryan McCarty","sa3020244",806005
"Wilfred Veras","CHW",136,563,531,129,84,29,1,15,61,68,23,2,170,5,4,0,16,14,6,0.242938,0.0408526,0.301954,0.135294,0.278863,0.386064,0.286719,0.664927,0.143126,4.68209,0.325714,,-0.498205,55.2281,-10.6306,84.9635,-0.498205,2.5,-10.184553802013397,-3.7059082984924316,0.507778,999,,,,,,,516,3.794117647,516,3.794117647,,,,,,,,,,,,,,,,,,,"Wilfred Veras","sa3015178",691442
"Tyler Nevin",,108,399,355,83,54,17,1,11,42,43,34,0,87,6,4,0,11,1,0,0.233803,0.085213,0.218045,0.390805,0.308271,0.380282,0.30282,0.688552,0.146479,2.73164,0.275862,,-0.541888,44.311,-2.36327,100.771,-0.541888,-0.9,-0.19004309177398682,-8.230246901512146,0.506924,999,,,,,,,390.1,3.612037037,390.1,3.612037037,,,,,,,,,,,,,,,,,,,"Tyler Nevin","17893",663527
"Grae Kessinger",,103,376,336,74,54,13,1,6,48,35,32,1,97,4,3,1,8,6,3,0.220238,0.0851064,0.257979,0.329897,0.293333,0.318452,0.272865,0.611786,0.0982143,4.84858,0.288136,,-0.717445,32.6915,-11.2922,71.6888,-0.717445,1.7,-13.446836829185486,5.844620943069458,0.505665,999,,,,,,,289.2,2.80776699,289.2,2.80776699,,,,,,,,,,,,,,,,,,,"Grae Kessinger","25813",666197
"José Rodríguez","PHI",92,417,395,95,66,16,3,10,54,49,18,0,79,2,2,0,8,15,6,0.240506,0.0431655,0.189448,0.227848,0.275779,0.372152,0.281474,0.647931,0.131646,6.38334,0.275974,,-0.108787,39.1456,-9.63422,78.5283,-0.108787,0.3,-10.81570640206337,1.832186996936798,0.50376,999,,,,,,,366.2,3.980434782,366.2,3.980434782,,,,,,,,,,,,,,,,,,,"Jose Rodriguez","24388",679563
"Brock Rodden","SEA",122,535,486,106,74,20,3,9,59,53,37,1,147,6,4,2,4,13,7,0.218107,0.0691589,0.274766,0.251701,0.27955,0.327161,0.268198,0.60671,0.109053,5.45974,0.290419,,-1.15057,44.5064,-18.0768,78.8264,-1.15057,-0.9,-14.11201548576355,1.0657554864883423,0.498365,999,,,,,,,401.4,3.290163934,401.4,3.290163934,,,,,,,,,,,,,,,,,,,"Brock Rodden","sa3022432",801126
"Will Holland","MIN",91,323,285,60,38,13,3,6,41,34,28,0,102,8,1,1,3,14,4,0.210526,0.0866873,0.315789,0.27451,0.298137,0.340351,0.28552,0.638488,0.129825,7.49443,0.303371,,0.595935,31.3733,-6.41065,85.3071,0.595935,-4.7,-4.834260165691376,-1.1395940780639648,0.497386,999,,,,,,,285.6,3.138461538,285.6,3.138461538,,,,,,,,,,,,,,,,,,,"Will Holland","sa3011204",683735
"Anthony Alford",,107,414,376,90,57,19,1,13,50,52,32,1,154,5,1,0,4,8,3,0.239362,0.0772947,0.371981,0.207792,0.306763,0.398936,0.30821,0.705699,0.159574,4.68281,0.366667,,-0.349014,47.7729,-0.656015,90.6387,-0.349014,0.6,-4.983457297086716,-3.963492274284363,0.497238,999,,,,,,,428.8,4.007476635,428.8,4.007476635,,,,,,,,,,,,,,,,,,,"Anthony Alford","14329",546990
"Yu Chang",,62,192,174,40,26,8,1,5,21,24,13,1,56,3,1,1,4,2,1,0.229885,0.0677083,0.291667,0.232143,0.293194,0.373563,0.290675,0.666757,0.143678,4.5233,0.307018,,-0.328596,19.4457,-3.0141,92.3072,-0.328596,-1.7,-2.0186106860637665,0.41640210151672363,0.496929,999,,,,,,,174.9,2.820967741,174.9,2.820967741,,,,,,,,,,,,,,,,,,,"Yu Chang","14773",644374
"Keston Hiura",,102,387,346,87,54,15,1,17,46,61,29,1,119,10,2,0,8,2,1,0.251445,0.0749354,0.307494,0.243697,0.325581,0.447977,0.335129,0.773558,0.196532,3.2529,0.330189,,-0.731109,53.0421,7.77156,102.127,-0.731109,-1.2,0.2530216574668884,-8.309788465499878,0.496483,749.6099853515625,,,,,,,468.2,4.590196078,468.2,4.590196078,,,,,,,,,,,,,,,,,,,"Keston Hiura","20003",669374
"Kyle Farmer","COL",118,373,338,85,59,16,2,8,39,42,22,1,73,10,3,0,10,3,4,0.251479,0.0589812,0.19571,0.30137,0.313673,0.381657,0.304684,0.69533,0.130178,3.52483,0.296154,,-1.73034,41.9831,-1.64969,81.6347,-1.73034,0.9,-9.921923398971558,2.270517349243164,0.490286,610.9099731445312,,,,,,,361.5,3.063559322,361.5,3.063559322,,,,,,,,,,,,,,,,,,,"Kyle Farmer","14813",571657
"Mark Coley II","MIA",121,496,444,87,49,17,10,11,68,57,35,0,178,17,0,0,0,18,3,0.195946,0.0705645,0.358871,0.196629,0.280242,0.353604,0.280921,0.633846,0.157658,8.60851,0.298039,,1.58785,46.3412,-11.6799,76.124,1.58785,-1,-12.573526978492737,0.8224574327468872,0.48914,999,,,,,,,434.7,3.592561983,434.7,3.592561983,,,,,,,,,,,,,,,,,,,"Mark Coley II","sa3022534",696501
"Luke Maile","KCR",71,195,171,38,25,10,0,3,16,17,17,0,54,5,1,1,5,2,0,0.222222,0.0871795,0.276923,0.314815,0.309278,0.333333,0.288929,0.642612,0.111111,3.19638,0.304348,,0.0290562,19.4756,-3.33513,82.5606,0.0290562,-1.5,-3.8620273247361183,2.082451581954956,0.488961,999,,,,,,,168.8,2.377464788,168.8,2.377464788,,,,,,,,,,,,,,,,,,,"Luke Maile","13355",571912
"Tony Kemp",,109,387,339,82,59,14,2,7,42,39,36,0,47,6,3,3,5,8,2,0.241888,0.0930233,0.121447,0.765957,0.322917,0.356932,0.302709,0.679849,0.115044,4.92677,0.260417,,-0.00714745,42.9436,-2.32688,86.9357,-0.00714745,-3.5,-6.0529953464865685,-2.0780422687530518,0.488812,999,,,,,,,373.6,3.427522935,373.6,3.427522935,,,,,,,,,,,,,,,,,,,"Tony Kemp","14894",643393
"Cam Smith","HOU",38,143,128,31,22,4,1,4,20,24,12,1,33,2,1,0,3,1,1,0.242188,0.0839161,0.230769,0.363636,0.314685,0.382812,0.304399,0.697498,0.140625,4.64288,0.293478,,-0.481241,16.0626,-0.665307,99.456,-0.481241,0,-0.5702502354979515,0.5254262089729309,0.488721,999,,,,,,,141.6,3.726315789,141.6,3.726315789,,,,,,,,,,,,,,,,,,,"Cam Smith","35108",701358
"Erick Mejia","WSN",91,341,308,66,45,12,2,7,38,32,27,0,74,1,3,2,6,10,3,0.214286,0.0791789,0.217009,0.364865,0.277286,0.334416,0.27016,0.611702,0.12013,5.84251,0.256522,,0.208834,28.9059,-10.9836,71.8664,0.208834,3.4,-11.263231962919235,4.652939558029175,0.487954,999,,,,,,,268.2,2.947252747,268.2,2.947252747,,,,,,,,,,,,,,,,,,,"Erick Mejia","15817",625510
"Riley Adams","WSN",82,289,256,57,33,14,1,9,27,35,23,1,82,8,2,0,6,1,0,0.222656,0.0795848,0.283737,0.280488,0.304498,0.390625,0.304228,0.695123,0.167969,3.23318,0.287425,,-0.297223,32.4223,-1.38436,94.7963,-0.297223,-8.1,-2.0955623388290405,-2.790623664855957,0.4875,748.2100219726562,,,,,,,289,3.524390243,289,3.524390243,,,,,,,,,,,,,,,,,,,"Riley Adams","19864",656180
"Brock Jones","TBR",92,379,342,65,34,16,2,13,43,45,31,0,162,4,2,0,5,12,4,0.190058,0.0817942,0.427441,0.191358,0.263852,0.362573,0.274717,0.626425,0.172515,6.30798,0.307692,,0.235397,33.5174,-10.8173,81.0826,0.235397,4.2,-7.968219846487045,0.022310256958007812,0.486917,999,,,,,,,318.6,3.463043478,318.6,3.463043478,,,,,,,,,,,,,,,,,,,"Brock Jones","sa3020190",677342
"Patrick Wisdom",,104,337,300,59,27,14,1,17,40,47,30,0,125,5,1,1,5,6,1,0.196667,0.0890208,0.37092,0.24,0.279762,0.42,0.303799,0.699762,0.223333,5.13811,0.264151,,0.305663,37.6912,-1.73039,96.69,0.305663,0.7,-1.0282363295555115,-5.491211235523224,0.483604,999,,,,,,,350.1,3.366346153,350.1,3.366346153,,,,,,,,,,,,,,,,,,,"Patrick Wisdom","13602",621550
"Jace Bohrofen","TOR",113,480,428,91,55,21,2,13,55,59,42,0,143,8,2,0,9,5,2,0.212617,0.0875,0.297917,0.293706,0.29375,0.36215,0.290348,0.6559,0.149533,4.45842,0.284672,,-0.638717,48.4882,-7.66123,89.3757,-0.638717,0.4,-6.47380256652832,-4.891005128622055,0.482271,999,,,,,,,430,3.805309734,430,3.805309734,,,,,,,,,,,,,,,,,,,"Jace Bohrofen","sa3022653",690957
"Tyler Callihan","CIN",102,410,371,86,59,17,2,8,38,43,28,0,119,3,2,6,3,12,4,0.231806,0.0682927,0.290244,0.235294,0.289604,0.3531,0.283117,0.642704,0.121294,5.30557,0.317073,,0.0696564,39.0309,-8.93013,73.7495,0.0696564,2.3,-12.800460800528526,3.8064666986465454,0.478647,999,,,,,,,351.1,3.442156862,351.1,3.442156862,,,,,,,,,,,,,,,,,,,"Tyler Callihan","27497",682997
"Omar Narváez","TEX",76,261,229,49,35,9,1,4,23,19,25,1,52,3,3,1,6,0,0,0.213974,0.0957854,0.199234,0.480769,0.296154,0.31441,0.272733,0.610564,0.100437,1.96429,0.255682,,-0.48933,22.6651,-7.86615,75.1257,-0.48933,-1,-7.9177573919296265,3.794973373413086,0.47466,999,,,,,,,198.8,2.615789473,198.8,2.615789473,,,,,,,,,,,,,,,,,,,"Omar Narvaez","13338",553882
"Mat Nelson","CIN",85,335,296,56,39,9,0,8,32,40,24,0,102,12,2,1,6,1,0,0.189189,0.0716418,0.304478,0.235294,0.275449,0.300676,0.261243,0.576125,0.111486,2.63325,0.255319,,-0.391932,25.993,-13.1946,59.0263,-0.391932,4.1,-16.80581298470497,10.254467964172363,0.473444,999,,,,,,,228.8,2.691764705,228.8,2.691764705,,,,,,,,,,,,,,,,,,,"Mat Nelson","sa3017328",680756
"Hogan Windish","SEA",116,479,425,87,53,19,1,14,57,57,41,0,183,10,3,0,12,9,1,0.204706,0.085595,0.382046,0.224044,0.2881,0.352941,0.284563,0.641041,0.148235,5.3023,0.316017,,0.574182,46.157,-9.87554,90.3379,0.574182,2.1,-4.721406817436218,-6.699970722198486,0.472979,999,,,,,,,421.9,3.637068965,421.9,3.637068965,,,,,,,,,,,,,,,,,,,"Hogan Windish","sa3019805",702112
"Chris Taylor","LAA",103,348,305,68,44,14,2,8,42,36,36,1,113,4,2,1,4,8,1,0.222951,0.103448,0.324713,0.318584,0.311239,0.360656,0.297499,0.671895,0.137705,6.01538,0.322581,,0.539923,37.1567,-3.55165,91.602,0.539923,-0.2,-2.9548274874687195,-4.035978749394417,0.472686,711.5499877929688,,,,,,,335.4,3.256310679,335.4,3.256310679,,,,,,,,,,,,,,,,,,,"Chris Taylor","13757",621035
"Jake Holton","DET",105,436,382,86,60,15,1,10,51,51,40,0,102,12,2,0,14,2,1,0.225131,0.0917431,0.233945,0.392157,0.316514,0.348168,0.298195,0.664681,0.123037,3.28714,0.279412,,-0.888958,46.7969,-4.20554,94.7377,-0.888958,1.5,-3.5142016410827637,-6.5099945068359375,0.468926,999,,,,,,,399.8,3.807619047,399.8,3.807619047,,,,,,,,,,,,,,,,,,,"Jake Holton","sa3010599",687724
"Justin Dean","LAD",113,429,380,78,59,12,2,5,52,39,39,0,145,7,3,0,5,27,6,0.205263,0.0909091,0.337995,0.268966,0.289044,0.286842,0.26205,0.575886,0.0815789,7.15459,0.313305,,2.14126,33.5655,-16.6181,67.7428,2.14126,9.4,-14.406729698181152,4.671163558959961,0.467286,999,,,,,,,322.5,2.8539823,322.5,2.8539823,,,,,,,,,,,,,,,,,,,"Justin Dean","25005",681909
"Justin Turner","CHC",117,475,416,105,74,20,0,11,54,51,44,1,85,9,6,0,11,1,1,0.252404,0.0926316,0.178947,0.517647,0.332632,0.379808,0.314337,0.712439,0.127404,2.02499,0.288344,,-1.19945,57.1541,1.5895,103.782,-1.19945,0,0.948899507522583,-12.21707820892334,0.466919,537.5399780273438,,,,,,,491.5,4.2008547,491.5,4.2008547,,,,,,,,,,,,,,,,,,,"Justin Turner","5235",457759
"Anthony Vilar","SDP",91,354,309,57,40,10,1,6,32,30,37,1,126,4,2,2,5,3,1,0.184466,0.10452,0.355932,0.293651,0.278409,0.281553,0.254672,0.559963,0.0970874,3.71917,0.284916,,-0.4364,25.5952,-15.815,64.7552,-0.4364,1.6,-15.356076955795288,8.103527188301086,0.466252,999,,,,,,,227.2,2.496703296,227.2,2.496703296,,,,,,,,,,,,,,,,,,,"Anthony Vilar","sa3017660",681036
"Matt Kroon",,94,351,317,77,51,16,2,8,37,41,23,0,94,5,3,3,5,12,3,0.242902,0.0655271,0.267806,0.244681,0.301724,0.381703,0.29904,0.683428,0.138801,5.80478,0.316514,,0.561479,37.9126,-3.14674,90.3517,0.561479,0.2,-3.488181233406067,-3.669047638773918,0.465797,999,,,,,,,345.6,3.676595744,345.6,3.676595744,,,,,,,,,,,,,,,,,,,"Matt Kroon","sa3007502",663714
"Adam Frazier","KCR",121,415,375,91,66,18,2,5,48,35,30,0,65,5,2,3,5,6,2,0.242667,0.0722892,0.156627,0.461538,0.305825,0.341333,0.287562,0.647159,0.0986667,4.86686,0.28013,,-0.407147,40.9915,-7.55436,80.629,-0.407147,-0.8,-10.020214140415192,0.7248383164405823,0.464686,745.6599731445312,,,,,,,356,2.94214876,356,2.94214876,,,,,,,,,,,,,,,,,,,"Adam Frazier","15223",624428
"Anthony Bemboom",,60,225,197,40,28,8,1,3,22,17,23,0,56,2,2,1,4,0,0,0.203046,0.102222,0.248889,0.410714,0.290179,0.299492,0.266753,0.589671,0.0964467,2.49702,0.264286,,-0.418298,18.4558,-7.86424,72.6207,-0.418298,0.3,-7.467015892267227,4.4335978627204895,0.462967,999,,,,,,,159.1,2.651666666,159.1,2.651666666,,,,,,,,,,,,,,,,,,,"Anthony Bemboom","13854",621532
"Will Banfield","CIN",102,406,380,84,54,16,2,12,42,51,17,0,119,4,5,0,10,1,0,0.221053,0.0418719,0.293103,0.142857,0.258621,0.368421,0.271071,0.627042,0.147368,3.7965,0.283465,,-0.391932,34.7135,-12.7796,65.6411,-0.391932,0.6,-17.073087841272354,8.058847546577454,0.462824,999,,,,,,,325.9,3.195098039,325.9,3.195098039,,,,,,,,,,,,,,,,,,,"Will Banfield","23790",677943
"José Fermín","STL",95,321,280,64,46,12,1,5,38,35,29,0,37,6,2,4,5,8,3,0.228571,0.0903427,0.115265,0.783784,0.312303,0.332143,0.289451,0.644446,0.103571,5.09354,0.245833,,-0.254305,32.1946,-5.35532,85.9547,-0.254305,-4.1,-5.645646631717682,-0.5616400241851807,0.460916,750.719970703125,,,,,,,277.7,2.923157894,277.7,2.923157894,,,,,,,,,,,,,,,,,,,"Jose Fermin","21746",665877
"Ben Gamel","LAA",94,337,290,66,44,14,1,7,41,34,42,1,92,2,2,1,3,2,2,0.227586,0.124629,0.272997,0.456522,0.327381,0.355172,0.304446,0.682553,0.127586,3.32216,0.305699,,-1.09665,37.8666,-1.55499,99.4895,-1.09665,-1.8,-1.2935170978307724,-5.514726638793945,0.459512,999,,,,,,,321.9,3.424468085,321.9,3.424468085,,,,,,,,,,,,,,,,,,,"Ben Gamel","12160",592325
"Jerar Encarnacion","SFG",102,410,374,92,59,16,1,16,44,59,31,0,135,2,3,0,8,3,1,0.245989,0.0756098,0.329268,0.22963,0.304878,0.42246,0.315315,0.727338,0.176471,3.3882,0.336283,,-0.531109,49.6559,1.69486,103.862,-0.531109,0,1.3624815344810486,-10.545267105102539,0.459149,444,,,,,,,445.6,4.36862745,445.6,4.36862745,,,,,,,,,,,,,,,,,,,"Jerar Encarnacion","21871",666464
"Marcos Castañon","SDP",118,494,449,93,57,21,0,15,45,59,35,0,140,7,3,0,11,1,0,0.207127,0.0708502,0.283401,0.25,0.273279,0.35412,0.276328,0.6274,0.146993,1.97194,0.262626,,-0.58135,44.3279,-13.4593,79.331,-0.58135,-1,-12.791143834590912,0.8151087760925293,0.45904,999,,,,,,,401.6,3.40338983,401.6,3.40338983,,,,,,,,,,,,,,,,,,,"Marcos Castanon","sa3016818",676203
"Jeter Downs",,81,317,278,55,33,12,1,9,38,38,28,0,95,6,3,2,3,11,4,0.197842,0.0883281,0.299685,0.294737,0.28254,0.345324,0.27874,0.627863,0.147482,5.71061,0.259887,,0.0511821,29.0606,-8.02144,79.8556,0.0511821,-2.4,-7.255478076636791,1.0942680835723877,0.457336,999,,,,,,,266.8,3.29382716,266.8,3.29382716,,,,,,,,,,,,,,,,,,,"Jeter Downs","22202",669023
"Mark Contreras",,102,396,356,76,49,18,3,6,46,43,31,0,123,7,2,0,5,15,4,0.213483,0.0782828,0.310606,0.252033,0.287879,0.331461,0.275898,0.619339,0.117978,6.93516,0.305677,,0.693334,35.3971,-10.9262,72.0675,0.693334,1.7,-11.96309369802475,3.1550265550613403,0.456525,999,,,,,,,326.6,3.201960784,326.6,3.201960784,,,,,,,,,,,,,,,,,,,"Mark Contreras","20122",676628
"Cal Mitchell",,122,457,415,100,67,20,1,12,47,51,34,0,111,3,4,1,8,7,4,0.240964,0.0743982,0.242888,0.306306,0.300439,0.380723,0.298114,0.681161,0.139759,3.6893,0.297297,,-1.04084,49.021,-4.43793,92.9786,-1.04084,-1.1,-4.712331056594849,-6.137477993965149,0.456109,999,,,,,,,434.6,3.562295081,434.6,3.562295081,,,,,,,,,,,,,,,,,,,"Cal Mitchell","22169",668751
"John Peck","DET",73,296,271,57,41,10,4,2,32,26,19,1,87,5,1,0,2,16,4,0.210332,0.0641892,0.293919,0.218391,0.273649,0.298893,0.254775,0.572542,0.0885609,7.9473,0.300546,,1.07486,21.4262,-13.1993,64.1957,1.07486,2.3,-11.051552057266235,5.56278657913208,0.454334,999,,,,,,,210,2.876712328,210,2.876712328,,,,,,,,,,,,,,,,,,,"John Peck","sa3022896",807726
"Josh VanMeter",,73,246,209,40,25,9,1,5,25,23,32,0,69,2,2,1,4,3,1,0.191388,0.130081,0.280488,0.463768,0.302041,0.315789,0.280258,0.61783,0.124402,4.26537,0.255474,,-0.270659,22.8524,-5.92416,80.9239,-0.270659,0.9,-5.640125155448914,1.8038800358772278,0.452503,999,,,,,,,198.7,2.721917808,198.7,2.721917808,,,,,,,,,,,,,,,,,,,"Josh VanMeter","15170",642165
"Matt Suggs","WSN",50,181,164,29,18,6,1,4,19,19,11,0,74,4,1,1,2,2,0,0.176829,0.0607735,0.40884,0.148649,0.244444,0.298781,0.242483,0.543225,0.121951,5.9497,0.287356,,0.13955,11.3112,-9.86187,53.2383,0.13955,5,-9.98159709572792,8.325249910354614,0.450308,999,,,,,,,107.9,2.158,107.9,2.158,,,,,,,,,,,,,,,,,,,"Matt Suggs","sa3020351",702110
"Nasim Nuñez","WSN",127,492,431,93,78,12,1,2,59,33,52,0,111,2,2,5,7,32,8,0.215777,0.105691,0.22561,0.468468,0.301848,0.262181,0.260351,0.564029,0.0464037,6.11427,0.284375,,2.11815,37.8219,-19.7313,65.2646,2.11815,0.9,-18.31796431541443,6.323280215263367,0.450248,744.4199829101562,,,,,,,349.5,2.751968503,349.5,2.751968503,,,,,,,,,,,,,,,,,,,"Nasim Nunez","25979",683083
"Adrián Sugastey","SFG",61,227,219,50,36,10,2,2,17,20,5,0,43,2,1,0,9,0,0,0.22831,0.0220264,0.189427,0.116279,0.251101,0.319635,0.248683,0.570736,0.0913242,2.78673,0.274286,,-0.339374,15.3186,-11.2355,59.0145,-0.339374,4.1,-11.464811891317368,8.270340919494629,0.449371,999,,,,,,,141.2,2.314754098,141.2,2.314754098,,,,,,,,,,,,,,,,,,,"Adrian Sugastey","sa3015190",692368
"Roberto Campos","DET",120,481,445,102,65,23,5,9,48,52,28,0,135,4,4,0,14,5,1,0.229213,0.0582121,0.280665,0.207407,0.278586,0.364045,0.280116,0.642631,0.134831,5.48521,0.304918,,-0.170571,44.628,-11.6384,82.0209,-0.170571,3.6,-10.065611869096756,-1.7020282745361328,0.444117,999,,,,,,,408.7,3.405833333,408.7,3.405833333,,,,,,,,,,,,,,,,,,,"Roberto Campos","sa3014683",691449
"Patrick Lee","DET",77,258,229,47,30,10,2,5,34,26,23,0,81,5,1,0,4,19,3,0.20524,0.0891473,0.313953,0.283951,0.290698,0.331878,0.278584,0.622575,0.126638,8.27083,0.291667,,2.12722,23.6195,-6.56088,80.943,2.12722,2,-3.4985296726226807,-0.8439154624938965,0.441624,999,,,,,,,233.3,3.029870129,233.3,3.029870129,,,,,,,,,,,,,,,,,,,"Patrick Lee","sa3023666",815268
"Tanner Schobel","MIN",122,517,465,96,67,16,4,9,55,47,44,0,140,3,4,1,10,8,4,0.206452,0.0851064,0.270793,0.314286,0.277132,0.316129,0.264407,0.593261,0.109677,5.17905,0.271875,,-0.919762,41.4315,-19.0462,70.4562,-0.919762,3.5,-18.396602749824524,5.399617910385132,0.441354,999,,,,,,,371.4,3.044262295,371.4,3.044262295,,,,,,,,,,,,,,,,,,,"Tanner Schobel","sa3020009",802355
"Taylor Kohlwey",,114,475,421,97,70,19,2,6,46,44,45,1,109,5,4,0,7,6,3,0.230404,0.0947368,0.229474,0.412844,0.309474,0.327791,0.284714,0.637265,0.0973872,4.092,0.293548,,-0.954217,45.8291,-9.73552,84.8122,-0.954217,3.3,-9.581000864505768,-1.9358909130096436,0.441232,999,,,,,,,398.1,3.492105263,398.1,3.492105263,,,,,,,,,,,,,,,,,,,"Taylor Kohlwey","19212",670128
"Jean Segura",,82,335,307,76,61,10,1,4,34,33,21,1,55,5,1,1,11,8,4,0.247557,0.0626866,0.164179,0.381818,0.305389,0.325733,0.280783,0.631122,0.0781759,4.54822,0.289157,,-0.698774,31.2617,-7.926,83.9234,-0.698774,-1.3,-6.861081659793854,-0.0691063404083252,0.440018,999,,,,,,,272.9,3.32804878,272.9,3.32804878,,,,,,,,,,,,,,,,,,,"Jean Segura","5933",516416
"Luke Ritter","NYM",122,504,443,86,54,15,1,16,52,61,49,0,187,10,2,0,13,3,2,0.194131,0.0972222,0.371032,0.262032,0.287698,0.340858,0.281314,0.628556,0.146727,3.3394,0.289256,,-1.10186,47.2477,-11.7092,82.5236,-1.10186,8.4,-11.634663939476013,-0.8592596054077148,0.439883,999,,,,,,,415.3,3.40409836,415.3,3.40409836,,,,,,,,,,,,,,,,,,,"Luke Ritter","sa3009878",682239
"Caleb Roberts","ARI",109,461,412,87,57,17,4,9,49,50,38,1,138,7,3,1,7,6,2,0.211165,0.0824295,0.299349,0.275362,0.286957,0.337379,0.276532,0.624335,0.126214,5.42047,0.291045,,-0.407147,41.4426,-12.4842,74.1571,-0.407147,-4.9,-14.653473913669586,3.5692830085754395,0.437859,999,,,,,,,372.7,3.419266055,372.7,3.419266055,,,,,,,,,,,,,,,,,,,"Caleb Roberts","sa3016959",681134
"Blake Rambusch","SEA",78,272,237,55,46,7,1,1,36,23,24,0,59,7,1,3,3,13,5,0.232068,0.0882353,0.216912,0.40678,0.319703,0.2827,0.277174,0.602403,0.0506329,6.13159,0.303371,,-0.0327485,24.5925,-7.22553,85.14,-0.0327485,-1.2,-4.657549686729908,-0.2005879282951355,0.436664,999,,,,,,,210.1,2.693589743,210.1,2.693589743,,,,,,,,,,,,,,,,,,,"Blake Rambusch","sa3020008",800683
"Francisco Urbaez","CIN",96,386,346,85,62,16,1,6,39,40,30,1,72,5,3,2,8,3,3,0.245665,0.0777202,0.186529,0.416667,0.3125,0.349711,0.292978,0.662211,0.104046,3.02614,0.291513,,-1.37269,39.8095,-5.34399,80.3862,-1.37269,0.4,-10.42604124546051,1.818283349275589,0.436145,999,,,,,,,340.8,3.55,340.8,3.55,,,,,,,,,,,,,,,,,,,"Francisco Urbaez","sa3014944",688005
"Michael Chavis",,118,415,384,88,58,17,1,12,50,63,21,2,114,7,3,0,7,5,1,0.229167,0.0506024,0.274699,0.184211,0.279518,0.372396,0.282772,0.651914,0.143229,4.57058,0.291188,,-0.0679699,39.3915,-9.15439,81.69,-0.0679699,-2,-9.154512003064156,-0.47516167163848877,0.43016,999,,,,,,,367.3,3.112711864,367.3,3.112711864,,,,,,,,,,,,,,,,,,,"Michael Chavis","17321",656308
"Gregory Barrios","TBR",110,474,443,101,79,19,2,1,48,39,20,0,74,6,5,0,3,18,6,0.227991,0.0421941,0.156118,0.27027,0.267932,0.286682,0.246462,0.554614,0.0586907,5.7804,0.268097,,0.341257,31.1392,-24.3084,61.207,0.341257,3.8,-20.69834503531456,9.02486777305603,0.429692,999,,,,,,,293.9,2.671818181,293.9,2.671818181,,,,,,,,,,,,,,,,,,,"Gregory Barrios","sa3015800",699126
"Chris Suero","NYM",114,455,397,77,54,13,2,8,50,47,44,0,122,11,3,0,12,9,6,0.193955,0.0967033,0.268132,0.360656,0.29011,0.297229,0.267562,0.587339,0.103275,4.87121,0.255556,,-1.49031,37.6182,-15.6068,73.2678,-1.49031,-3.3,-16.035080790519714,5.059053659439087,0.428432,999,,,,,,,323.8,2.840350877,323.8,2.840350877,,,,,,,,,,,,,,,,,,,"Chris Suero","sa3018614",801523
"Vidal Bruján","ATL",107,374,337,75,52,14,3,6,46,35,30,2,75,4,2,1,6,15,9,0.222552,0.0802139,0.200535,0.4,0.292225,0.335312,0.276698,0.627537,0.11276,6.30631,0.267442,,-1.30802,33.6715,-10.0783,78.449,-1.30802,-1.5,-10.946338176727295,2.622574806213379,0.424279,693.4500122070312,,,,,,,302.4,2.826168224,302.4,2.826168224,,,,,,,,,,,,,,,,,,,"Vidal Brujan","20536",660644
"TJ Hopkins",,100,391,350,80,55,14,2,9,42,39,34,0,114,4,2,1,10,3,2,0.228571,0.0869565,0.29156,0.298246,0.302564,0.357143,0.292292,0.659707,0.128571,4.02687,0.310044,,-0.944008,40.1093,-5.62908,90.5856,-0.944008,0.5,-5.15589165687561,-3.809964656829834,0.422979,999,,,,,,,348.7,3.487,348.7,3.487,,,,,,,,,,,,,,,,,,,"TJ Hopkins","25482",686759
"Luis Guillorme",,94,250,219,51,39,9,2,1,22,17,27,1,44,1,1,2,9,2,1,0.232877,0.108,0.176,0.613636,0.318548,0.305936,0.281554,0.624484,0.0730594,4.08746,0.285714,,-0.525906,23.4847,-5.75986,83.3864,-0.525906,0.1,-5.278256595134735,1.0185773149132729,0.422571,999,,,,,,,198.5,2.111702127,198.5,2.111702127,,,,,,,,,,,,,,,,,,,"Luis Guillorme","16451",641645
"Bryan Lavastida","ATH",93,378,338,71,48,14,2,7,41,43,30,0,92,6,3,1,9,13,4,0.210059,0.0793651,0.243386,0.326087,0.28382,0.325444,0.271635,0.609263,0.115385,6.03031,0.264463,,0.317011,32.4913,-11.7264,76.4097,0.317011,-5.6,-9.886057794094086,1.344444751739502,0.421944,999,,,,,,,298.9,3.213978494,298.9,3.213978494,,,,,,,,,,,,,,,,,,,"Bryan Lavastida","24765",681526
"Trey Lipscomb","WSN",126,488,453,109,84,18,1,6,49,42,29,0,98,3,2,1,12,14,6,0.240618,0.0594262,0.20082,0.295918,0.289528,0.324503,0.272437,0.614031,0.0838852,4.61277,0.293447,,-0.545559,42.2612,-14.8241,73.3989,-0.545559,2.1,-16.068734645843506,3.8930628299713135,0.417824,750.1599731445312,,,,,,,377.5,2.996031746,377.5,2.996031746,,,,,,,,,,,,,,,,,,,"Trey Lipscomb","31567",702358
"Jhonkensy Noel","CLE",139,539,494,107,62,21,2,22,63,77,32,0,152,11,2,0,8,2,1,0.216599,0.0593692,0.282004,0.210526,0.278293,0.40081,0.295464,0.679103,0.184211,3.73056,0.263975,,-0.833711,56.6674,-6.38377,92.8693,-0.833711,-2.8,-5.231442034244537,-8.741358041763306,0.416474,393.94000244140625,,,,,,,514.3,3.7,514.3,3.7,,,,,,,,,,,,,,,,,,,"Jhonkensy Noel","24257",678877
"David Peralta",,109,364,331,80,52,18,2,8,37,39,27,1,77,3,3,0,6,2,1,0.241692,0.0741758,0.211538,0.350649,0.302198,0.380665,0.297751,0.682862,0.138973,3.78747,0.289157,,-0.644293,38.939,-3.64099,93.7503,-0.644293,-0.7,-3.3646206855773926,-4.712345778942108,0.415438,750.8699951171875,,,,,,,346.8,3.181651376,346.8,3.181651376,,,,,,,,,,,,,,,,,,,"David Peralta","2136",444482
"Robbie Tenerowicz",,108,446,390,86,58,16,1,11,46,61,28,0,104,24,4,0,15,2,2,0.220513,0.0627803,0.233184,0.269231,0.309417,0.351282,0.295799,0.660699,0.130769,3.0671,0.268817,,-1.27818,47.0102,-5.16205,92.4362,-1.27818,2.7,-5.3121644258499146,-5.493709325790405,0.415108,999,,,,,,,401.3,3.71574074,401.3,3.71574074,,,,,,,,,,,,,,,,,,,"Robbie Tenerowicz","sa738999",642134
"Peyton Wilson","KCR",122,508,455,104,70,20,4,10,58,54,43,1,122,7,3,0,7,12,3,0.228571,0.0846457,0.240157,0.352459,0.30315,0.356044,0.291221,0.659194,0.127473,5.84003,0.288344,,0.245783,51.6737,-7.7512,84.1731,0.245783,1.6,-8.95373660326004,-3.99964702129364,0.414807,999,,,,,,,466.6,3.824590163,466.6,3.824590163,,,,,,,,,,,,,,,,,,,"Peyton Wilson","sa3017110",686523
"Victor Labrada","SEA",103,431,392,85,61,15,3,6,53,42,31,0,135,6,1,1,4,22,8,0.216837,0.0719258,0.313225,0.22963,0.283721,0.316327,0.268262,0.600047,0.0994898,7.03281,0.313492,,0.386491,35.8767,-14.5408,78.8711,0.386491,4.4,-10.033334136009216,-0.35088157653808594,0.414494,999,,,,,,,331.4,3.217475728,331.4,3.217475728,,,,,,,,,,,,,,,,,,,"Victor Labrada","sa3015062",700032
"Jonah Advincula","CLE",104,383,331,69,51,11,4,3,39,33,41,0,93,7,2,2,3,16,3,0.208459,0.10705,0.24282,0.44086,0.307087,0.293051,0.274463,0.600138,0.0845921,6.91767,0.278481,,1.20363,33.7927,-11.01,78.0967,1.20363,-1.8,-8.3950914144516,-0.39273953437805176,0.413765,999,,,,,,,304.3,2.925961538,304.3,2.925961538,,,,,,,,,,,,,,,,,,,"Jonah Advincula","sa3023056",809945
"Termarr Johnson","PIT",126,549,476,99,71,17,1,10,64,54,60,1,141,7,3,3,6,10,3,0.207983,0.10929,0.256831,0.425532,0.304029,0.310924,0.278373,0.614954,0.102941,4.54911,0.271341,,-0.296281,50.1667,-14.0542,74.4437,-0.296281,0.8,-17.073945254087448,2.81719571352005,0.412307,999,,,,,,,439,3.484126984,439,3.484126984,,,,,,,,,,,,,,,,,,,"Termarr Johnson","sa3020214",702261
"Anthony Rendon","LAA",56,231,200,47,33,11,0,3,22,19,24,0,37,4,3,0,7,4,0,0.235,0.103896,0.160173,0.648649,0.324675,0.335,0.296381,0.659675,0.1,3.91731,0.269939,,0.318562,24.4566,-2.5653,90.4994,0.318562,-2.4,-2.1925521194934845,-1.5512346625328064,0.410301,999,,,,,,,214.9,3.8375,214.9,3.8375,,,,,,,,,,,,,,,,,,,"Anthony Rendon","12861",543685
"Jonah Cox","SFG",105,449,404,87,70,8,6,3,57,40,32,0,145,9,2,2,1,29,6,0.215347,0.0712695,0.32294,0.22069,0.286353,0.287129,0.259458,0.573482,0.0717822,8.75904,0.325581,,2.4939,34.1933,-18.3299,66.2663,2.4939,3,-15.618327617645264,4.649764895439148,0.408605,999,,,,,,,330.1,3.143809523,330.1,3.143809523,,,,,,,,,,,,,,,,,,,"Jonah Cox","sa3022541",813841
"Ronaiker Palma","COL",64,237,216,51,42,7,1,1,22,19,15,0,37,2,1,3,9,3,1,0.236111,0.0632911,0.156118,0.405405,0.290598,0.291667,0.261666,0.582265,0.0555556,4.18345,0.27933,,-0.270659,18.4698,-9.25396,52.6807,-0.270659,5.4,-13.681264758110046,9.754056453704834,0.408026,999,,,,,,,158.9,2.4828125,158.9,2.4828125,,,,,,,,,,,,,,,,,,,"Ronaiker Palma","sa3005624",681623
"Tyler Soderstrom","ATH",118,455,415,93,56,16,2,19,45,59,32,2,119,5,3,0,11,1,1,0.224096,0.0703297,0.261538,0.268908,0.285714,0.409639,0.299877,0.695353,0.185542,2.68702,0.264286,,-0.923217,49.4523,-3.77276,98.7004,-0.923217,-1.3,-1.5997874736785889,-9.659053564071655,0.406965,269.05999755859375,,,,,,,452.3,3.833050847,452.3,3.833050847,,,,,,,,,,,,,,,,,,,"Tyler Soderstrom","27467",691016
"Alex De Goti","TEX",97,368,326,66,47,14,2,3,37,30,34,0,97,4,1,3,9,5,3,0.202454,0.0923913,0.263587,0.350515,0.284932,0.285276,0.259295,0.570208,0.0828221,4.72011,0.277533,,-0.885875,27.9765,-15.0714,66.2012,-0.885875,5.4,-15.11752736568451,6.752145886421204,0.405644,999,,,,,,,238.9,2.462886597,238.9,2.462886597,,,,,,,,,,,,,,,,,,,"Alex De Goti","19477",621008
"Josh Zamora",,111,435,400,86,60,15,0,11,45,49,25,0,96,6,2,2,14,0,0,0.215,0.0574713,0.22069,0.260417,0.270208,0.335,0.26747,0.605208,0.12,1.64286,0.254237,,-0.71821,35.9324,-14.9531,67.0701,-0.71821,5.7,-17.847543954849243,7.298324346542358,0.403852,999,,,,,,,321.5,2.896396396,321.5,2.896396396,,,,,,,,,,,,,,,,,,,"Josh Zamora","sa3020092",695031
"Jett Williams","NYM",91,392,334,66,43,14,4,5,44,39,47,0,108,9,2,0,5,12,4,0.197605,0.119898,0.27551,0.435185,0.311224,0.308383,0.283047,0.619608,0.110778,6.53053,0.273543,,-0.00137541,37.2951,-8.56035,83.6901,-0.00137541,-5.8,-7.64672539383173,-1.4790124893188477,0.403247,999,,,,,,,325.6,3.578021978,325.6,3.578021978,,,,,,,,,,,,,,,,,,,"Jett Williams","sa3020134",702518
"Douglas Hodo III","BAL",106,390,341,70,49,14,2,5,43,37,41,0,131,6,1,1,1,20,4,0.205279,0.105128,0.335897,0.312977,0.300771,0.302053,0.274472,0.602824,0.0967742,6.55398,0.315534,,1.6223,34.413,-11.2084,79.4839,1.6223,2.7,-7.532849550247192,-1.5989415645599365,0.402391,999,,,,,,,317.8,2.998113207,317.8,2.998113207,,,,,,,,,,,,,,,,,,,"Douglas Hodo III","sa3020614",683233
"Austin Overn","BAL",23,98,86,20,13,4,2,1,13,10,10,0,31,1,1,0,0,7,4,0.232558,0.102041,0.316327,0.322581,0.316327,0.360465,0.299193,0.676792,0.127907,8.01508,0.345455,,-0.409444,10.5973,-0.866511,96.8737,-0.409444,1,-0.7600071132183075,1.3600822985172272,0.400075,999,,,,,,,93.5,4.065217391,93.5,4.065217391,,,,,,,,,,,,,,,,,,,"Austin Overn","sa3025408",702556
"Ivan Melendez","ARI",103,433,398,85,57,13,1,14,43,55,24,0,159,10,1,0,12,2,1,0.213568,0.0554273,0.367206,0.150943,0.274827,0.356784,0.278501,0.631611,0.143216,3.30664,0.314159,,-0.723217,39.6115,-11.04,75.4819,-0.723217,1.3,-13.418300449848175,2.890975832939148,0.399247,999,,,,,,,356,3.456310679,356,3.456310679,,,,,,,,,,,,,,,,,,,"Ivan Melendez","sa3019859",699471
"Chad Stevens","LAA",110,449,412,87,56,20,2,9,43,46,27,0,171,7,2,1,7,6,5,0.211165,0.0601336,0.380846,0.157895,0.270089,0.334951,0.267274,0.605041,0.123786,4.48772,0.333333,,-1.53535,37.0182,-15.505,70.025,-1.53535,4.1,-16.93502640724182,5.749764800071716,0.393864,999,,,,,,,328.6,2.987272727,328.6,2.987272727,,,,,,,,,,,,,,,,,,,"Chad Stevens","29614",677060
"Aaron Schunk","COL",114,442,413,101,69,21,3,8,47,47,23,2,110,3,3,0,10,6,5,0.244552,0.0520362,0.248869,0.209091,0.28733,0.368039,0.284046,0.655369,0.123487,4.50198,0.312081,,-1.55903,42.4076,-9.29671,67.7441,-1.55903,6.1,-18.60778295993805,7.724044561386108,0.393334,999,,,,,,,381.2,3.343859649,381.2,3.343859649,,,,,,,,,,,,,,,,,,,"Aaron Schunk","25524",668845
"Damiano Palmegiani","TOR",128,523,468,96,55,23,0,18,56,66,41,0,161,11,3,0,12,2,1,0.205128,0.0783939,0.307839,0.254658,0.282983,0.369658,0.287602,0.652641,0.16453,2.53739,0.267123,,-0.849496,51.6759,-9.50365,87.4438,-0.849496,4.3,-8.363413035869598,-5.308318138122559,0.392367,999,,,,,,,462.5,3.61328125,462.5,3.61328125,,,,,,,,,,,,,,,,,,,"Damiano Palmegiani","sa3017326",671913
"Connor Burns","CIN",89,344,310,52,30,12,1,9,32,31,29,0,149,0,2,3,4,0,1,0.167742,0.0843023,0.43314,0.194631,0.237537,0.3,0.239079,0.537537,0.132258,2.83649,0.279221,,-0.870659,20.5548,-19.6857,44.1085,-0.870659,9.9,-23.862072467803955,16.21981143951416,0.391673,999,,,,,,,190.5,2.140449438,190.5,2.140449438,,,,,,,,,,,,,,,,,,,"Connor Burns","sa3022599",694829
"Oscar Colás","LAA",124,504,459,108,74,20,2,12,55,54,36,3,131,5,3,1,10,6,6,0.235294,0.0714286,0.259921,0.274809,0.296223,0.366013,0.288906,0.662236,0.130719,3.97314,0.30094,,-2.11399,50.3275,-8.62946,86.5017,-2.11399,2.4,-9.898187160491943,-3.155555248260498,0.390642,742.1599731445312,,,,,,,445.6,3.593548387,445.6,3.593548387,,,,,,,,,,,,,,,,,,,"Oscar Colas","30162",693049
"Cristian Pache","ARI",108,280,252,55,40,10,2,3,24,27,25,0,86,1,1,1,6,3,3,0.218254,0.0892857,0.307143,0.290698,0.290323,0.309524,0.26914,0.599846,0.0912698,4.03872,0.317073,,-1.13592,23.5052,-9.24865,69.1813,-1.13592,4.9,-11.454810619354248,5.928806662559509,0.390524,999,,,,,,,199.9,1.850925925,199.9,1.850925925,,,,,,,,,,,,,,,,,,,"Cristian Pache","19948",665506
"Jase Bowen","PIT",120,493,453,102,72,17,3,10,55,53,23,0,139,9,4,4,7,13,4,0.225166,0.0466531,0.281947,0.165468,0.274029,0.342163,0.27077,0.616192,0.116998,5.9801,0.298701,,0.159162,42.0327,-15.6375,69.3263,0.159162,3.5,-17.924007460474968,5.311434507369995,0.389867,999,,,,,,,388.1,3.234166666,388.1,3.234166666,,,,,,,,,,,,,,,,,,,"Jase Bowen","sa3011267",687749
"Símon Muzziotti",,91,365,337,79,59,11,4,5,36,34,23,1,75,1,2,2,7,8,4,0.234421,0.0630137,0.205479,0.306667,0.283747,0.335312,0.271571,0.619058,0.10089,5.51019,0.285714,,-0.667204,31.3549,-11.3421,71.8627,-0.667204,8.6,-12.94827115535736,4.576631546020508,0.388438,999,,,,,,,283.1,3.11098901,283.1,3.11098901,,,,,,,,,,,,,,,,,,,"Simon Muzziotti","19553",665922
"Luke Shliger","SFG",84,362,317,61,45,12,2,2,29,30,35,0,94,8,1,1,2,5,3,0.192429,0.0966851,0.259668,0.37234,0.288089,0.26183,0.254544,0.549918,0.0694006,4.33525,0.265766,,-0.909552,26.1363,-16.2097,62.9593,-0.909552,2,-16.943804562091827,8.650499820709229,0.386229,999,,,,,,,219.7,2.61547619,219.7,2.61547619,,,,,,,,,,,,,,,,,,,"Luke Shliger","sa3022694",807740
"Carlos Jorge","CIN",107,437,402,84,52,17,4,11,55,49,26,0,148,6,3,0,5,18,4,0.208955,0.0594966,0.338673,0.175676,0.265446,0.353234,0.270752,0.61868,0.144279,7.77391,0.296748,,1.31701,37.2518,-13.8676,65.4264,1.31701,4.3,-16.750024795532227,5.905673265457153,0.380237,999,,,,,,,362.9,3.391588785,362.9,3.391588785,,,,,,,,,,,,,,,,,,,"Carlos Jorge","sa3016722",699115
"René Pinto","TOR",83,313,292,64,39,15,0,10,31,40,15,0,107,3,2,1,6,0,0,0.219178,0.0479233,0.341853,0.140187,0.262821,0.373288,0.276273,0.636108,0.15411,1.42003,0.305085,,-0.449868,28.0724,-8.54175,73.9822,-0.449868,-2.3,-10.188000559806824,3.450293779373169,0.378671,999,,,,,,,257.9,3.107228915,257.9,3.107228915,,,,,,,,,,,,,,,,,,,"Rene Pinto","19859",650907
"Petey Halpin","CLE",107,460,419,92,63,17,3,9,52,46,35,0,130,2,3,1,3,8,4,0.21957,0.076087,0.282609,0.269231,0.281046,0.338902,0.273746,0.619948,0.119332,5.36773,0.293286,,-0.809268,40.3212,-13.4887,77.5927,-0.809268,-0.8,-12.603037714958191,0.8901821970939636,0.377325,999,,,,,,,362.2,3.385046728,362.2,3.385046728,,,,,,,,,,,,,,,,,,,"Petey Halpin","27931",690984
"Nate Furman","SFG",78,334,295,70,56,9,2,3,45,34,29,0,62,8,1,1,5,9,2,0.237288,0.0868263,0.185629,0.467742,0.321321,0.311864,0.28751,0.633186,0.0745763,6.22549,0.290043,,0.255992,32.9767,-6.094,85.1474,0.255992,-3,-5.676117420196533,-1.7727807760238647,0.377314,999,,,,,,,285.2,3.656410256,285.2,3.656410256,,,,,,,,,,,,,,,,,,,"Nate Furman","sa3020763",801501
"Jordan Luplow",,83,290,256,52,31,11,0,10,33,37,28,0,69,4,2,0,8,6,2,0.203125,0.0965517,0.237931,0.405797,0.289655,0.363281,0.288981,0.652936,0.160156,4.01601,0.234637,,-0.107235,28.9758,-4.94784,83.581,-0.107235,3,-5.8010754361748695,-0.19664907455444336,0.376136,999,,,,,,,262.9,3.167469879,262.9,3.167469879,,,,,,,,,,,,,,,,,,,"Jordan Luplow","16424",656669
"Peyton Burdick",,102,421,370,69,38,14,1,16,51,56,41,1,171,8,2,0,7,6,1,0.186486,0.0973872,0.406176,0.239766,0.280285,0.359459,0.282804,0.639745,0.172973,4.91736,0.286486,,0.116245,39.9719,-9.27592,73.5386,0.116245,1.3,-13.205366119742393,2.8468841314315796,0.375489,999,,,,,,,368.7,3.614705882,368.7,3.614705882,,,,,,,,,,,,,,,,,,,"Peyton Burdick","25459",680814
"Christian Moore","LAA",36,119,109,27,19,4,1,3,19,15,9,0,36,1,0,0,3,1,1,0.247706,0.0756303,0.302521,0.25,0.310924,0.385321,0.306146,0.696245,0.137615,5.46347,0.342857,,-0.433887,13.5341,-0.38626,97.3682,-0.433887,0,-0.7922326326370239,0.4372428059577942,0.373888,999,,,,,,,116.8,3.244444444,116.8,3.244444444,,,,,,,,,,,,,,,,,,,"Christian Moore","34979",695681
"Luis Santana",,91,355,325,68,48,12,1,7,35,35,20,1,79,8,2,0,9,3,1,0.209231,0.056338,0.222535,0.253165,0.270423,0.316923,0.260361,0.587346,0.107692,4.08414,0.253112,,-0.396938,27.2928,-14.2344,68.1244,-0.396938,3.8,-13.344611883163452,5.104379773139954,0.373719,999,,,,,,,249,2.736263736,249,2.736263736,,,,,,,,,,,,,,,,,,,"Luis Santana","sa921577",670919
"Cayden Wallace","WSN",98,390,357,79,55,16,2,6,42,39,25,0,88,6,2,0,9,5,3,0.221289,0.0641026,0.225641,0.284091,0.282051,0.327731,0.270749,0.609782,0.106443,4.56923,0.275472,,-0.893768,33.2445,-12.3769,72.263,-0.893768,3,-13.829328715801239,4.43298065662384,0.368433,999,,,,,,,293.7,2.996938775,293.7,2.996938775,,,,,,,,,,,,,,,,,,,"Cayden Wallace","sa3019996",691024
"Drew Ehrhard","BOS",28,92,83,20,10,5,1,4,12,15,6,0,24,3,0,0,1,0,1,0.240964,0.0652174,0.26087,0.25,0.315217,0.46988,0.338838,0.785097,0.228916,4.54058,0.290909,,-0.554962,12.8841,2.12208,116.34,-0.554962,1,1.1651405692100525,-0.6901822090148926,0.366453,999,,,,,,,111,3.964285714,111,3.964285714,,,,,,,,,,,,,,,,,,,"Drew Ehrhard","sa3022748",679602
"Mac Horvath","TBR",107,466,425,84,50,22,2,10,52,50,32,0,140,4,5,0,3,18,1,0.197647,0.0686695,0.300429,0.228571,0.257511,0.329412,0.258138,0.586922,0.131765,6.73029,0.264286,,2.51625,34.9929,-19.5188,69.4202,2.51625,0,-13.788928508758545,1.7122280597686768,0.360448,999,,,,,,,354,3.308411214,354,3.308411214,,,,,,,,,,,,,,,,,,,"Mac Horvath","sa3022885",690991
"Christian Cerda","ARI",112,449,390,80,58,16,0,6,43,37,53,1,111,3,3,0,7,2,1,0.205128,0.11804,0.247216,0.477477,0.302895,0.292308,0.271213,0.595203,0.0871795,2.35938,0.268116,,-0.89685,38.4415,-14.0817,70.5767,-0.89685,-3,-16.694724559783936,5.248824119567871,0.359306,999,,,,,,,329.8,2.944642857,329.8,2.944642857,,,,,,,,,,,,,,,,,,,"Christian Cerda","sa3015623",692416
"Eliezer Alfonzo","DET",96,387,362,87,68,12,0,7,40,39,18,1,36,3,3,1,13,1,1,0.240331,0.0465116,0.0930233,0.5,0.279793,0.331492,0.268137,0.611284,0.0911602,2.27672,0.248447,,-0.89954,32.1752,-13.0953,73.5945,-0.89954,-4,-12.59213411808014,3.109788417816162,0.355837,999,,,,,,,287.9,2.998958333,287.9,2.998958333,,,,,,,,,,,,,,,,,,,"Eliezer Alfonzo","sa3003262",672613
"Yuli Gurriel","SDP",105,404,365,90,62,19,1,8,40,42,32,1,68,3,4,0,11,6,0,0.246575,0.0792079,0.168317,0.470588,0.309406,0.369863,0.297794,0.679269,0.123288,4.27469,0.279863,,0.442327,43.232,-4.02718,93.7791,0.442327,0,-2.5630171597003937,-7.422104835510254,0.355688,742.27001953125,,,,,,,391.4,3.727619047,391.4,3.727619047,,,,,,,,,,,,,,,,,,,"Yuli Gurriel","19198",493329
"Carlos Cortes","ATH",102,391,353,75,47,17,1,10,44,37,33,0,97,2,3,0,7,2,1,0.212465,0.084399,0.248082,0.340206,0.28133,0.351275,0.278859,0.632605,0.13881,3.60014,0.261044,,-0.652185,35.8819,-9.85657,83.9157,-0.652185,2.5,-7.84807163476944,-1.809964656829834,0.351492,999,,,,,,,322,3.156862745,322,3.156862745,,,,,,,,,,,,,,,,,,,"Carlos Cortes","21842",666126
"DJ Stewart",,100,325,276,59,37,12,0,10,35,34,40,0,88,8,1,0,5,2,0,0.213768,0.123077,0.270769,0.454545,0.329231,0.365942,0.312306,0.695173,0.152174,2.8357,0.273743,,-0.270856,38.5743,0.556427,97.2833,-0.270856,-2.5,-1.3266665935516357,-6.082451581954956,0.350525,745.5,,,,,,,331,3.31,331,3.31,,,,,,,,,,,,,,,,,,,"DJ Stewart","17766",621466
"Blake Hunt","SEA",78,292,270,55,35,12,1,7,29,30,15,0,85,5,2,0,7,1,0,0.203704,0.0513699,0.291096,0.176471,0.256849,0.333333,0.259549,0.590183,0.12963,3.60384,0.266667,,-0.234083,22.2586,-11.899,72.7423,-0.234083,-2.4,-9.341144621372223,2.964491367340088,0.348835,999,,,,,,,206.2,2.643589743,206.2,2.643589743,,,,,,,,,,,,,,,,,,,"Blake Hunt","sa3004153",675448
"Jeron Williams","HOU",70,278,257,56,38,10,3,5,25,30,16,0,63,3,2,0,5,14,4,0.217899,0.057554,0.226619,0.253968,0.269784,0.338521,0.2671,0.608306,0.120623,6.92495,0.267016,,0.730106,22.881,-9.6389,73.2197,0.730106,-1.2,-7.788434982299805,1.8643739223480225,0.347278,999,,,,,,,222.1,3.172857142,222.1,3.172857142,,,,,,,,,,,,,,,,,,,"Jeron Williams","sa3022566",700784
"Dasan Brown","TOR",110,461,415,89,62,18,3,6,55,47,31,0,145,11,1,3,5,17,5,0.214458,0.0672451,0.314534,0.213793,0.286026,0.315663,0.269866,0.601689,0.101205,6.82405,0.313208,,0.554156,38.9691,-14.9578,74.968,0.554156,-1.1,-12.649752855300903,0.5938565731048584,0.345347,999,,,,,,,353.4,3.212727272,353.4,3.212727272,,,,,,,,,,,,,,,,,,,"Dasan Brown","sa3011717",672018
"Gavin Collins","STL",61,212,191,41,29,7,0,5,19,24,13,0,45,5,2,1,4,0,0,0.21466,0.0613208,0.212264,0.288889,0.279621,0.329843,0.270893,0.609464,0.115183,1.30357,0.251748,,-0.370944,18.096,-6.70337,73.464,-0.370944,-0.5,-7.09811145067215,3.3947677612304688,0.345321,999,,,,,,,159.9,2.621311475,159.9,2.621311475,,,,,,,,,,,,,,,,,,,"Gavin Collins","sa857219",641468
"Jeremy Arocho",,104,420,364,75,63,8,3,1,41,28,49,0,90,2,1,4,6,19,3,0.206044,0.116667,0.214286,0.544444,0.302885,0.252747,0.258679,0.555632,0.0467033,6.41232,0.270073,,1.68524,31.7216,-17.4091,67.296,1.68524,1.8,-14.031277537345886,3.3432098627090454,0.345163,999,,,,,,,286.4,2.753846153,286.4,2.753846153,,,,,,,,,,,,,,,,,,,"Jeremy Arocho","sa3004046",671080
"Sam Hilliard",,120,403,359,79,47,14,3,15,53,49,38,1,133,1,3,2,5,10,3,0.220056,0.0942928,0.330025,0.285714,0.294264,0.401114,0.301836,0.695379,0.181058,6.24388,0.299065,,0.114125,44.4362,-2.70601,79.7181,0.114125,-1.9,-9.659924857318401,-0.4192533493041992,0.342541,697.47998046875,,,,,,,409.7,3.414166666,409.7,3.414166666,,,,,,,,,,,,,,,,,,,"Sam Hilliard","17954",656541
"Jacob Sharp","TOR",74,292,263,54,35,11,0,8,35,35,18,0,44,8,3,0,4,2,2,0.205323,0.0616438,0.150685,0.409091,0.273973,0.338403,0.271307,0.612376,0.13308,3.3286,0.214953,,-0.891451,25.0218,-9.13575,75.9814,-0.891451,-2.9,-8.916296660900116,2.464491367340088,0.341074,999,,,,,,,222.7,3.009459459,222.7,3.009459459,,,,,,,,,,,,,,,,,,,"Jacob Sharp","sa3022489",814435
"Chuckie Robinson","ATL",87,310,286,62,47,8,1,6,28,29,18,0,81,4,1,1,10,1,2,0.216783,0.0580645,0.26129,0.222222,0.271845,0.314685,0.260999,0.58653,0.0979021,2.75037,0.28,,-1.15459,23.9924,-12.2708,65.6107,-1.15459,0.6,-13.35264527797699,6.295179486274719,0.340623,999,,,,,,,208.8,2.4,208.8,2.4,,,,,,,,,,,,,,,,,,,"Chuckie Robinson","19824",642020
"Jose Sibrian",,56,206,189,36,25,8,0,3,18,20,10,0,54,6,1,0,9,0,0,0.190476,0.0485437,0.262136,0.185185,0.252427,0.280423,0.239998,0.53285,0.0899471,1.69809,0.24812,,-0.323589,12.4614,-11.6361,50.8297,-0.323589,5.1,-12.436022758483887,8.884538412094116,0.340407,999,,,,,,,112,2,112,2,,,,,,,,,,,,,,,,,,,"Jose Sibrian","sa917196",665715
"Cole Fontenelle","LAA",36,132,117,25,17,4,1,3,17,14,11,0,41,3,1,0,3,6,2,0.213675,0.0833333,0.310606,0.268293,0.295455,0.34188,0.28399,0.637335,0.128205,7.17609,0.297297,,0.145322,12.6587,-2.78241,81.7828,0.145322,1,-2.606127232313156,1.4850088059902191,0.339614,999,,,,,,,116.3,3.230555555,116.3,3.230555555,,,,,,,,,,,,,,,,,,,"Cole Fontenelle","sa3022429",694304
"Javier Vaz","KCR",115,512,449,107,80,19,3,5,58,47,49,1,65,4,1,9,2,10,2,0.238307,0.0957031,0.126953,0.753846,0.318091,0.327394,0.289538,0.645486,0.0890869,5.15205,0.268421,,0.148187,51.3869,-8.50588,82.9891,0.148187,-5.9,-9.81741350889206,-4.01875376701355,0.337435,999,,,,,,,441.8,3.84173913,441.8,3.84173913,,,,,,,,,,,,,,,,,,,"Javier Vaz","sa3019906",805834
"Orlando Martinez","HOU",103,421,383,92,64,19,3,6,42,41,31,1,92,2,4,1,7,4,2,0.240209,0.0736342,0.218527,0.336957,0.297619,0.35248,0.285073,0.650099,0.112272,4.49309,0.297578,,-0.767685,40.7407,-8.50703,82.545,-0.767685,3,-9.175963819026947,-1.6406526565551758,0.335337,999,,,,,,,361.8,3.512621359,361.8,3.512621359,,,,,,,,,,,,,,,,,,,"Orlando Martinez","sa3006664",678636
"Max Wagner","BAL",81,340,307,63,45,10,3,5,36,32,26,0,111,5,2,0,6,8,2,0.205212,0.0764706,0.326471,0.234234,0.276471,0.306189,0.261052,0.58266,0.100977,6.24443,0.300518,,0.190163,26.3287,-13.4438,70.0441,0.190163,2.1,-11.463638812303543,3.3492650985717773,0.334968,999,,,,,,,241.5,2.981481481,241.5,2.981481481,,,,,,,,,,,,,,,,,,,"Max Wagner","sa3020415",694484
"Cooper Johnson","TEX",78,278,246,45,25,13,0,7,27,32,27,0,100,3,1,1,2,0,0,0.182927,0.0971223,0.359712,0.27,0.270758,0.321138,0.265216,0.591896,0.138211,1.44093,0.271429,,-0.434083,22.4595,-10.0604,70.3667,-0.434083,-1.3,-9.860141038894653,3.8072898387908936,0.333977,999,,,,,,,199.5,2.557692307,199.5,2.557692307,,,,,,,,,,,,,,,,,,,"Cooper Johnson","sa3010584",666194
"Michael Trautwein","CIN",92,319,289,55,35,12,2,6,31,31,23,0,115,5,1,1,6,3,1,0.190311,0.0721003,0.360502,0.2,0.261006,0.307958,0.254219,0.568965,0.117647,4.95844,0.289941,,-0.302229,22.9483,-14.3677,54.2989,-0.302229,4.5,-17.735473722219467,10.360523223876953,0.333456,999,,,,,,,208.5,2.266304347,208.5,2.266304347,,,,,,,,,,,,,,,,,,,"Michael Trautwein","sa3017043",681114
"Rylan Bannon",,112,469,401,76,47,16,1,12,51,49,60,1,135,5,3,0,10,6,3,0.189526,0.127932,0.287846,0.444444,0.30064,0.32419,0.281958,0.624829,0.134663,4.00974,0.249027,,-0.891078,44.2099,-10.6528,82.8018,-0.891078,-7.5,-10.120226979255676,-2.330246925354004,0.332196,999,,,,,,,387.5,3.459821428,387.5,3.459821428,,,,,,,,,,,,,,,,,,,"Rylan Bannon","19768",676625
"Brian Navarreto","MIA",60,224,209,45,33,8,1,3,21,18,12,0,53,1,2,0,7,0,0,0.215311,0.0535714,0.236607,0.226415,0.258929,0.30622,0.249377,0.565149,0.0909091,2.60119,0.270968,,-0.363051,15.2412,-10.9619,54.8926,-0.363051,4.1,-12.445562362670898,8.215226173400879,0.33209,999,,,,,,,139.1,2.318333333,139.1,2.318333333,,,,,,,,,,,,,,,,,,,"Brian Navarreto","16398",640459
"Nelson Velázquez","PIT",126,473,422,98,58,21,2,17,57,59,43,1,129,5,3,0,9,8,3,0.232227,0.0909091,0.272727,0.333333,0.308668,0.412322,0.313666,0.72099,0.180095,4.70718,0.290323,,-0.443724,56.658,1.32739,99.9609,-0.443724,0,-0.46486763283610344,-12.165637969970703,0.327403,749.760009765625,,,,,,,509.7,4.045238095,509.7,4.045238095,,,,,,,,,,,,,,,,,,,"Nelson Velazquez","23359",676369
"Adam Duvall",,93,331,304,63,34,14,1,14,34,44,21,0,108,4,2,0,3,1,0,0.207237,0.0634441,0.326284,0.194444,0.265861,0.398026,0.287545,0.663887,0.190789,3.12283,0.266304,,-0.265653,32.6898,-6.02992,82.0111,-0.265653,3.2,-7.385867387056351,-0.4485890865325928,0.327195,999,,,,,,,303.6,3.264516129,303.6,3.264516129,,,,,,,,,,,,,,,,,,,"Adam Duvall","10950",594807
"Ben Malgeri","DET",118,464,421,93,62,18,3,10,59,52,33,0,159,8,2,0,5,11,4,0.220903,0.0711207,0.342672,0.207547,0.288793,0.349169,0.282359,0.637962,0.128266,6.1968,0.326772,,-0.232945,43.8884,-10.3894,83.5988,-0.232945,-5.1,-8.94054189324379,-3.39512038230896,0.326803,999,,,,,,,395.8,3.354237288,395.8,3.354237288,,,,,,,,,,,,,,,,,,,"Ben Malgeri","sa3016975",701162
"Christian Franklin","WSN",106,426,368,79,59,13,2,5,55,39,46,0,115,9,2,1,14,16,5,0.214674,0.107981,0.269953,0.4,0.315294,0.30163,0.282208,0.616925,0.0869565,6.31692,0.296,,0.275232,40.2422,-9.5905,82.1574,0.275232,2.5,-8.814059734344482,-2.195767402648926,0.325384,999,,,,,,,351.9,3.31981132,351.9,3.31981132,,,,,,,,,,,,,,,,,,,"Christian Franklin","sa3017510",681047
"Hernán Pérez",,83,311,285,64,44,11,1,8,37,33,19,1,82,2,3,2,11,6,2,0.224561,0.0610932,0.263666,0.231707,0.275081,0.354386,0.274109,0.629467,0.129825,5.06287,0.282828,,-0.115128,27.3515,-9.02864,67.6865,-0.115128,3.8,-12.132392197847366,4.9427101612091064,0.325126,999,,,,,,,255,3.072289156,255,3.072289156,,,,,,,,,,,,,,,,,,,"Hernan Perez","5751",541650
"Maxwell Romero Jr.","WSN",80,303,275,50,31,11,1,7,21,31,21,1,115,5,1,1,3,0,0,0.181818,0.0693069,0.379538,0.182609,0.251656,0.305455,0.247351,0.55711,0.123636,1.88504,0.279221,,-0.441976,20.1223,-15.322,56.5146,-0.441976,3.7,-16.19801813364029,9.266578435897827,0.324333,999,,,,,,,186.4,2.33,186.4,2.33,,,,,,,,,,,,,,,,,,,"Maxwell Romero Jr.","sa3020271",686912
"Devonte Brown",,103,413,366,74,50,13,2,9,44,43,40,0,165,5,2,0,5,9,1,0.202186,0.0968523,0.399516,0.242424,0.288136,0.322404,0.274058,0.61054,0.120219,5.63236,0.335052,,0.645213,36.3049,-12.007,77.9165,0.645213,-2.4,-9.790540337562561,-0.8825104236602783,0.322564,999,,,,,,,331.4,3.217475728,331.4,3.217475728,,,,,,,,,,,,,,,,,,,"Devonte Brown","sa3020189",675994
"Riley Tirotta","TOR",107,415,364,76,48,16,2,10,43,45,43,1,138,6,2,0,9,7,3,0.208791,0.103614,0.33253,0.311594,0.301205,0.346154,0.288246,0.647359,0.137363,4.75839,0.302752,,-0.572692,41.2199,-7.32603,87.8968,-0.572692,3.2,-6.319873631000519,-4.42419171333313,0.32213,999,,,,,,,365.3,3.414018691,365.3,3.414018691,,,,,,,,,,,,,,,,,,,"Riley Tirotta","sa3017078",694661
"Nick Raposo","SEA",73,262,240,46,32,10,0,4,25,23,20,0,69,1,0,1,5,1,0,0.191667,0.0763359,0.263359,0.289855,0.256705,0.283333,0.243143,0.540038,0.0916667,2.83437,0.251497,,-0.218298,16.5122,-14.136,61.2022,-0.218298,1.4,-11.849205434322357,6.213344931602478,0.321843,999,,,,,,,149.1,2.042465753,149.1,2.042465753,,,,,,,,,,,,,,,,,,,"Nick Raposo","sa3015018",695596
"Jordan Dissin","PHI",83,319,283,57,44,7,0,6,37,33,28,0,100,6,1,1,7,1,2,0.201413,0.0877743,0.31348,0.28,0.286164,0.289753,0.26255,0.575916,0.0883392,2.55655,0.286517,,-1.22562,25.0872,-12.2288,65.7911,-1.22562,0.9,-14.27502965927124,6.760523200035095,0.319043,999,,,,,,,211.2,2.544578313,211.2,2.544578313,,,,,,,,,,,,,,,,,,,"Jordan Dissin","sa3020100",805301
"Grant Richardson","MIA",105,417,383,82,51,17,2,12,45,50,25,0,148,6,2,1,4,9,3,0.214099,0.059952,0.354916,0.168919,0.271635,0.362924,0.277926,0.634559,0.148825,5.50159,0.311111,,-0.0621978,37.955,-10.8248,79.2835,-0.0621978,3.7,-9.94677272439003,-0.8965609073638916,0.318777,999,,,,,,,351.4,3.346666666,351.4,3.346666666,,,,,,,,,,,,,,,,,,,"Grant Richardson","sa3016964",685300
"Silas Ardoin","BAL",101,397,354,68,54,11,0,3,26,30,35,0,131,4,2,2,6,2,2,0.19209,0.0881612,0.329975,0.267176,0.270886,0.248588,0.239394,0.519474,0.0564972,1.878,0.292793,,-1.14401,23.8222,-22.6181,54.8093,-1.14401,4.2,-21.671950697898865,11.49350357055664,0.318445,999,,,,,,,202.1,2.000990099,202.1,2.000990099,,,,,,,,,,,,,,,,,,,"Silas Ardoin","sa3019976",686976
"Reese McGuire","CHC",81,236,215,45,33,9,0,3,19,20,15,0,59,2,2,2,4,2,0,0.209302,0.0635593,0.25,0.254237,0.264957,0.293023,0.249199,0.557981,0.0837209,3.20342,0.270968,,0.00537889,16.0239,-11.5829,59.9404,0.00537889,2.2,-11.299875095486641,6.535684823989868,0.318151,999,,,,,,,146.1,1.803703703,146.1,1.803703703,,,,,,,,,,,,,,,,,,,"Reese McGuire","15674",624512
"Jason Heyward",,98,297,268,57,35,13,1,8,35,33,24,1,64,3,2,0,5,3,1,0.212687,0.0808081,0.215488,0.375,0.282828,0.358209,0.280963,0.641037,0.145522,4.37058,0.247475,,-0.286444,27.7586,-6.9839,82.4507,-0.286444,3,-6.519146412611008,-0.27380943298339844,0.318037,691.02001953125,,,,,,,253.7,2.58877551,253.7,2.58877551,,,,,,,,,,,,,,,,,,,"Jason Heyward","4940",518792
"Allan Castro","BOS",125,543,485,107,71,23,4,9,58,54,50,1,138,5,3,0,11,8,4,0.220619,0.092081,0.254144,0.362319,0.298343,0.340206,0.283447,0.638549,0.119588,4.99097,0.28739,,-1.00658,51.8361,-11.683,77.3775,-1.00658,-2,-15.062098503112793,-0.004850029945373535,0.317273,999,,,,,,,457.3,3.6584,457.3,3.6584,,,,,,,,,,,,,,,,,,,"Allan Castro","sa3016084",691369
"Noah Myers","TBR",93,368,316,64,45,13,1,5,40,33,43,0,110,2,2,5,1,17,3,0.202532,0.116848,0.298913,0.390909,0.300275,0.297468,0.27244,0.597744,0.0949367,5.84983,0.29064,,1.47466,31.8701,-11.1779,79.4808,1.47466,2,-7.165360450744629,-2.0564374923706055,0.317196,999,,,,,,,291.7,3.136559139,291.7,3.136559139,,,,,,,,,,,,,,,,,,,"Noah Myers","sa3023377",671956
"Braden Shewmake","NYY",98,376,353,74,47,16,2,9,41,41,17,0,85,3,3,0,8,14,3,0.209632,0.0452128,0.226064,0.2,0.25,0.342776,0.258015,0.592776,0.133144,6.36729,0.248092,,1.05619,28.1975,-15.7863,65.2774,1.05619,3,-13.882259488105774,4.381540298461914,0.315989,999,,,,,,,282,2.87755102,282,2.87755102,,,,,,,,,,,,,,,,,,,"Braden Shewmake","25817",669699
"Chris Owings",,88,325,289,60,40,10,2,8,34,36,31,0,105,3,1,1,4,5,3,0.207612,0.0953846,0.323077,0.295238,0.290123,0.3391,0.280596,0.629224,0.131488,4.84085,0.293785,,-0.799058,30.2796,-7.73823,80.2255,-0.799058,4.3,-8.484151363372803,0.7175486087799072,0.313605,999,,,,,,,265.7,3.019318181,265.7,3.019318181,,,,,,,,,,,,,,,,,,,"Chris Owings","10030",572008
"Tom Murphy","SFG",46,149,132,30,20,6,0,4,15,15,15,0,45,1,1,0,3,0,0,0.227273,0.100671,0.302013,0.333333,0.308725,0.363636,0.298097,0.672361,0.136364,1.19469,0.309524,,-0.284127,15.9808,-1.4489,92.2735,-0.284127,-3,-1.6608074605464935,-0.26263952255249023,0.312866,750.6300048828125,,,,,,,139,3.02173913,139,3.02173913,,,,,,,,,,,,,,,,,,,"Tom Murphy","13499",608596
"Nick Ahmed",,83,270,251,52,36,11,1,4,25,24,15,0,66,1,1,2,4,4,1,0.207171,0.0555556,0.244444,0.227273,0.253731,0.306773,0.247709,0.560504,0.0996016,4.6088,0.263736,,-0.0154124,18.0086,-13.5755,58.0516,-0.0154124,4,-12.974807769060135,6.976190567016602,0.311978,999,,,,,,,168.2,2.026506024,168.2,2.026506024,,,,,,,,,,,,,,,,,,,"Nick Ahmed","12147",605113
"Curt Casali",,61,183,155,32,24,5,0,3,18,17,21,0,47,4,1,2,3,0,0,0.206452,0.114754,0.256831,0.446809,0.314917,0.296774,0.281407,0.611691,0.0903226,1.39286,0.273585,,-0.386729,17.1691,-4.23785,77.8797,-0.386729,-1.2,-5.22736781835556,2.1619927883148193,0.311652,999,,,,,,,141.9,2.326229508,141.9,2.326229508,,,,,,,,,,,,,,,,,,,"Curt Casali","12510",592200
"Terrell Tatum",,115,488,425,89,64,18,3,4,55,39,50,0,154,5,2,6,6,18,5,0.209412,0.102459,0.315574,0.324675,0.298755,0.294118,0.269783,0.592873,0.0847059,6.4021,0.315985,,0.63577,41.2187,-15.8666,73.05,0.63577,6.5,-14.41242229938507,1.1208114624023438,0.310875,999,,,,,,,365.5,3.178260869,365.5,3.178260869,,,,,,,,,,,,,,,,,,,"Terrell Tatum","sa3017338",695299
"Ryan Ignoffo","MIA",99,403,378,91,63,21,2,5,40,39,22,1,55,0,3,0,10,9,3,0.240741,0.0545906,0.136476,0.4,0.280397,0.346561,0.273111,0.626958,0.10582,5.03995,0.267913,,-0.0779827,35.1189,-12.0232,70.8672,-0.0779827,-3.7,-14.117381826043129,3.703733205795288,0.307997,999,,,,,,,325.6,3.288888888,325.6,3.288888888,,,,,,,,,,,,,,,,,,,"Ryan Ignoffo","sa3022573",813883
"Austin Barnes",,56,174,153,32,25,5,0,2,16,14,16,0,38,2,1,2,5,2,0,0.20915,0.091954,0.218391,0.421053,0.290698,0.281046,0.260934,0.571743,0.0718954,3.62676,0.263158,,0.0606258,13.4577,-6.89652,66.9916,0.0606258,0.8,-6.807445712387562,3.9966490864753723,0.307048,743.3099975585938,,,,,,,117.3,2.094642857,117.3,2.094642857,,,,,,,,,,,,,,,,,,,"Austin Barnes","12158",605131
"Henry Bolte","ATH",130,558,503,109,70,22,5,12,70,62,44,1,235,9,2,0,9,23,9,0.2167,0.078853,0.421147,0.187234,0.290323,0.351889,0.283621,0.642211,0.135189,7.43659,0.375969,,-0.00793314,53.3461,-11.9276,87.2656,-0.00793314,-1.4,-8.138482570648193,-7.550793528556824,0.30475,999,,,,,,,490,3.769230769,490,3.769230769,,,,,,,,,,,,,,,,,,,"Henry Bolte","sa3020006",703607
"Rubel Cespedes","MIN",115,455,424,95,64,20,2,9,41,47,27,1,123,2,2,0,10,2,1,0.224057,0.0593407,0.27033,0.219512,0.272527,0.34434,0.269829,0.616867,0.120283,3.36609,0.292517,,-0.731109,38.4485,-14.7765,74.2701,-0.731109,0.2,-14.126514077186584,1.8718107491731644,0.304115,999,,,,,,,350,3.04347826,350,3.04347826,,,,,,,,,,,,,,,,,,,"Rubel Cespedes","sa3008953",686438
"Omar Martinez","NYY",105,432,382,78,51,14,1,12,45,47,44,0,127,4,2,0,12,2,0,0.204188,0.101852,0.293981,0.346457,0.291667,0.340314,0.282216,0.631981,0.136126,3.47274,0.269388,,-0.38135,40.8117,-9.72279,82.3008,-0.38135,-10.3,-9.130053758621216,-2.363492488861084,0.303375,999,,,,,,,361.7,3.444761904,361.7,3.444761904,,,,,,,,,,,,,,,,,,,"Omar Martinez","sa3008573",683079
"Yolmer Sánchez","LAA",107,395,343,67,46,13,2,6,39,32,43,1,108,5,3,1,6,5,1,0.195335,0.108861,0.273418,0.398148,0.291878,0.297376,0.266892,0.589254,0.102041,4.82299,0.262931,,-0.139002,32.4444,-13.7619,69.7558,-0.139002,7.9,-13.808265507221222,3.5459437370300293,0.302883,999,,,,,,,288.4,2.695327102,288.4,2.695327102,,,,,,,,,,,,,,,,,,,"Yolmer Sanchez","11602",570560
"Elehuris Montero",,126,511,461,117,75,22,2,18,59,70,39,1,134,6,5,0,10,1,0,0.253796,0.0763209,0.262231,0.291045,0.317025,0.427332,0.322171,0.744357,0.173536,3.11965,0.315287,,-0.739198,64.7078,4.93197,93.4045,-0.739198,0.1,-4.769442141056061,-9.287860296666622,0.302452,750.2100219726562,,,,,,,575.5,4.567460317,575.5,4.567460317,,,,,,,,,,,,,,,,,,,"Elehuris Montero","20543",660707
"Drew Maggi",,60,218,194,38,27,7,1,3,24,20,16,0,65,5,1,2,4,4,1,0.195876,0.0733945,0.298165,0.246154,0.273148,0.28866,0.254413,0.561808,0.0927835,5.54022,0.275591,,0.0161573,15.7164,-9.78477,63.9404,0.0161573,3.8,-8.978465855121613,4.600999355316162,0.300006,999,,,,,,,140.8,2.346666666,140.8,2.346666666,,,,,,,,,,,,,,,,,,,"Drew Maggi","11381",543482
"Chad Wallach","LAA",85,306,274,53,33,10,1,9,26,35,25,0,106,4,2,1,8,1,1,0.193431,0.0816993,0.346405,0.235849,0.268852,0.335766,0.268152,0.604619,0.142336,2.84915,0.273292,,-0.694337,25.4446,-10.3507,72.4317,-0.694337,-2.6,-10.346788108348846,3.021693229675293,0.299182,999,,,,,,,228.2,2.684705882,228.2,2.684705882,,,,,,,,,,,,,,,,,,,"Chad Wallach","17161",595453
"Niko Goodrum",,78,294,255,55,39,9,1,6,33,27,35,0,93,2,1,1,3,7,2,0.215686,0.119048,0.316327,0.376344,0.313993,0.329412,0.290527,0.643405,0.113725,5.03652,0.312102,,-0.0098369,29.7412,-4.65036,88.8876,-0.0098369,-6.2,-3.916584238409996,-2.959259033203125,0.299178,999,,,,,,,259.9,3.332051282,259.9,3.332051282,,,,,,,,,,,,,,,,,,,"Niko Goodrum","12092",592348
"Austin Wynns","ATH",68,212,191,44,31,9,0,4,19,22,15,0,55,3,1,2,5,0,0,0.230366,0.0707547,0.259434,0.272727,0.295238,0.340314,0.282472,0.635552,0.109948,1.2224,0.300752,,-0.386729,20.0716,-4.72774,73.3148,-0.386729,-0.9,-7.151731908321381,2.9947677850723267,0.298472,750.3699951171875,,,,,,,173.1,2.545588235,173.1,2.545588235,,,,,,,,,,,,,,,,,,,"Austin Wynns","15271",642851
"MJ Melendez","KCR",133,513,460,110,62,24,4,20,61,65,48,1,126,2,3,0,4,4,4,0.23913,0.0935673,0.245614,0.380952,0.311891,0.43913,0.324129,0.751021,0.2,4.04218,0.283912,,-1.69608,65.7697,5.75993,107.321,-1.69608,-11.2,2.6012654304504395,-16.854761600494385,0.297784,381.8999938964844,,,,,,,582.8,4.381954887,582.8,4.381954887,,,,,,,,,,,,,,,,,,,"MJ Melendez","22197",669004
"Óscar Mercado","PHI",101,362,326,70,44,14,3,9,44,44,27,0,77,5,3,1,5,14,3,0.214724,0.0745856,0.212707,0.350649,0.282548,0.358896,0.281942,0.641444,0.144172,6.83305,0.251029,,0.985157,34.1191,-8.227,78.8436,0.985157,3,-8.173058807849884,-0.9902999401092529,0.296372,999,,,,,,,322.5,3.193069306,322.5,3.193069306,,,,,,,,,,,,,,,,,,,"Oscar Mercado","16375",640458
"Canaan Smith-Njigba",,92,369,327,72,47,18,2,5,36,35,38,1,109,1,2,1,10,9,2,0.220183,0.102981,0.295393,0.348624,0.30163,0.333333,0.28247,0.634964,0.11315,5.29798,0.311628,,0.319131,34.9354,-8.22954,81.9743,0.319131,1.9,-7.2915526032447815,-2.167460560798645,0.296147,999,,,,,,,315.3,3.427173913,315.3,3.427173913,,,,,,,,,,,,,,,,,,,"Canaan Smith-Njigba","23264",675986
"Kevin Parada","NYM",113,454,411,83,52,17,2,12,38,51,33,1,166,8,2,0,8,0,1,0.201946,0.0726872,0.365639,0.198795,0.273128,0.340633,0.271001,0.61376,0.138686,2.57488,0.302128,,-1.13111,38.7921,-14.316,75.5824,-1.13111,-6.2,-14.38734245300293,2.1406822204589844,0.293771,999,,,,,,,347.5,3.075221238,347.5,3.075221238,,,,,,,,,,,,,,,,,,,"Kevin Parada","sa3020575",691006
"Heriberto Hernández","MIA",113,461,403,90,54,21,1,14,55,54,47,1,146,6,3,2,7,3,1,0.223325,0.101952,0.316703,0.321918,0.311547,0.384615,0.306248,0.696162,0.16129,3.7474,0.308943,,-0.641603,52.4681,-1.45875,93.1701,-0.641603,-3,-4.406683385372162,-8.08156967163086,0.29285,999,,,,,,,461.1,4.080530973,461.1,4.080530973,,,,,,,,,,,,,,,,,,,"Heriberto Hernandez","24878",681715
"Tyler Wade","SDP",127,328,292,66,52,10,1,3,46,26,27,0,74,3,0,6,4,19,5,0.226027,0.0823171,0.22561,0.364865,0.298137,0.297945,0.269873,0.596082,0.0719178,6.78828,0.293023,,1.12779,27.7284,-10.6404,74.9867,1.12779,-0.6,-8.683035016059875,0.6051733493804932,0.291758,999,,,,,,,252.6,1.988976377,252.6,1.988976377,,,,,,,,,,,,,,,,,,,"Tyler Wade","15730",642180
"Cody Roberts","SDP",64,229,206,44,30,11,0,3,22,22,16,0,77,3,2,2,5,1,0,0.213592,0.069869,0.336245,0.207792,0.277533,0.31068,0.262492,0.588213,0.0970874,2.90593,0.320312,,-0.186729,17.9987,-8.78931,70.0186,-0.186729,-0.6,-8.396827906370163,3.6070841550827026,0.291481,999,,,,,,,159.4,2.490625,159.4,2.490625,,,,,,,,,,,,,,,,,,,"Cody Roberts","sa3007869",663944
"Michael Siani","STL",128,460,408,85,65,12,3,5,51,36,40,0,115,3,2,7,6,21,6,0.208333,0.0869565,0.25,0.347826,0.282561,0.289216,0.258517,0.571776,0.0808824,6.43126,0.275862,,0.91758,34.6827,-19.1272,65.1339,0.91758,4.1,-18.261241555213928,5.790182113647461,0.291193,674.9600219726562,,,,,,,319,2.4921875,319,2.4921875,,,,,,,,,,,,,,,,,,,"Michael Siani","22557",672279
"James McCann","ARI",74,251,230,52,36,10,0,6,24,28,14,0,69,3,3,1,5,2,0,0.226087,0.0557769,0.2749,0.202899,0.276,0.347826,0.273568,0.623826,0.121739,3.26662,0.291139,,-0.0182984,21.9654,-7.39607,72.604,-0.0182984,-1.9,-8.241146318614483,2.711258053779602,0.290566,744.8300170898438,,,,,,,201.4,2.721621621,201.4,2.721621621,,,,,,,,,,,,,,,,,,,"James McCann","12859",543510
"Jake Lamb",,97,369,329,76,52,17,1,6,37,36,32,1,94,5,3,0,8,0,1,0.231003,0.0867209,0.254743,0.340426,0.306233,0.343465,0.288114,0.649698,0.112462,2.41418,0.301724,,-1.09954,36.6119,-6.55304,85.5544,-1.09954,4.8,-7.4737160205841064,-1.979100227355957,0.290508,999,,,,,,,316.2,3.259793814,316.2,3.259793814,,,,,,,,,,,,,,,,,,,"Jake Lamb","13329",571875
"Garrett Stubbs","PHI",54,165,143,31,23,5,1,2,19,14,17,0,41,3,1,1,1,3,0,0.216783,0.10303,0.248485,0.414634,0.310976,0.307692,0.281198,0.618668,0.0909091,5.79611,0.287129,,0.260626,15.4527,-3.84871,78.3427,0.260626,-1.7,-4.012538433074951,1.3313050270080566,0.289532,999,,,,,,,135.3,2.505555555,135.3,2.505555555,,,,,,,,,,,,,,,,,,,"Garrett Stubbs","18067",596117
"Frainyer Chavez","TEX",108,403,364,78,61,12,2,3,38,32,31,1,105,3,2,3,8,9,4,0.214286,0.0769231,0.260546,0.295238,0.28,0.282967,0.253135,0.562967,0.0686813,4.89249,0.290698,,-0.561913,28.6394,-18.5027,61.8684,-0.561913,6,-18.14503175020218,7.480746626853943,0.288969,999,,,,,,,255.1,2.362037037,255.1,2.362037037,,,,,,,,,,,,,,,,,,,"Frainyer Chavez","sa3007019",669413
"Yohandy Morales","WSN",77,300,271,68,48,14,2,4,30,30,23,0,77,5,1,0,6,3,2,0.250923,0.0766667,0.256667,0.298701,0.32,0.361624,0.302379,0.681624,0.110701,4.33763,0.335079,,-0.809837,33.2099,-1.88348,93.5519,-0.809837,1.4,-3.1230512261390686,-4.111463665962219,0.282733,999,,,,,,,283.5,3.681818181,283.5,3.681818181,,,,,,,,,,,,,,,,,,,"Yohandy Morales","sa3022672",691002
"Jordan Beck","COL",110,452,410,100,65,21,2,12,52,51,39,1,129,1,2,0,7,13,2,0.243902,0.0862832,0.285398,0.302326,0.309735,0.392683,0.306734,0.702417,0.14878,5.46342,0.324723,,0.969175,51.6207,-1.25343,83.0143,0.969175,0.9,-8.211688101291656,-4.082363247871399,0.28201,400.1400146484375,,,,,,,474.2,4.31090909,474.2,4.31090909,,,,,,,,,,,,,,,,,,,"Jordan Beck","31431",687597
"Aaron Hicks",,91,317,276,59,43,7,1,8,37,28,39,1,87,1,1,0,5,4,1,0.213768,0.123028,0.274448,0.448276,0.312303,0.333333,0.289837,0.645636,0.119565,4.23118,0.28022,,-0.252185,31.8921,-5.18997,85.8963,-0.252185,1,-5.367793262004852,-2.4942681789398193,0.281676,999,,,,,,,280.4,3.081318681,280.4,3.081318681,,,,,,,,,,,,,,,,,,,"Aaron Hicks","5297",543305
"Yan Gomes",,80,277,258,58,41,10,1,6,25,30,11,1,67,4,3,1,9,1,0,0.224806,0.0397112,0.241877,0.164179,0.264493,0.341085,0.263106,0.605578,0.116279,3.32323,0.276596,,-0.234083,21.9082,-10.4947,69.3007,-0.234083,-1.2,-10.402866423130035,3.888918161392212,0.278193,999,,,,,,,204.8,2.56,204.8,2.56,,,,,,,,,,,,,,,,,,,"Yan Gomes","9627",543228
"Adrian Pinto","TOR",32,132,117,26,18,5,1,2,18,15,9,0,26,2,0,4,2,2,1,0.222222,0.0681818,0.19697,0.346154,0.289062,0.333333,0.277146,0.622396,0.111111,6.02529,0.269663,,-0.233887,11.9316,-3.50946,80.089,-0.233887,1,-3.2411600947380066,1.4850088059902191,0.274029,999,,,,,,,101.6,3.175,101.6,3.175,,,,,,,,,,,,,,,,,,,"Adrian Pinto","sa3015542",691437
"Jadher Areinamo","TBR",117,478,452,111,81,23,0,7,50,48,20,1,76,2,4,0,19,15,5,0.245575,0.041841,0.158996,0.263158,0.278243,0.34292,0.270759,0.621163,0.0973451,4.53119,0.27882,,0.169941,40.7496,-15.1659,71.5337,0.169941,1.1,-16.10126879811287,2.856319785118103,0.273061,999,,,,,,,382.6,3.27008547,382.6,3.27008547,,,,,,,,,,,,,,,,,,,"Jadher Areinamo","sa3015802",699130
"Chase Strumpf","CHC",101,400,348,66,41,14,1,10,43,43,42,0,158,7,1,2,6,2,2,0.189655,0.105,0.395,0.265823,0.288945,0.321839,0.275837,0.610784,0.132184,3.32131,0.309392,,-1.12033,35.7351,-11.0561,77.8695,-1.12033,8.4,-11.705849647521973,1.0513811111450195,0.272827,999,,,,,,,307.1,3.040594059,307.1,3.040594059,,,,,,,,,,,,,,,,,,,"Chase Strumpf","sa3010845",668664
"Allan Cerda",,90,346,303,55,28,14,2,11,37,42,34,0,129,8,1,0,3,2,3,0.181518,0.0982659,0.372832,0.263566,0.280347,0.349835,0.280831,0.630182,0.168317,4.03637,0.268293,,-1.36749,32.3016,-8.17278,82.0092,-1.36749,-1.7,-8.49000346660614,-0.42868900299072266,0.2726,999,,,,,,,281.8,3.131111111,281.8,3.131111111,,,,,,,,,,,,,,,,,,,"Allan Cerda","sa3005504",678323
"Angelo Castellano",,84,299,272,56,41,10,0,5,31,28,22,0,70,2,1,2,7,5,2,0.205882,0.0735786,0.234114,0.314286,0.26936,0.297794,0.254357,0.567154,0.0919118,3.8878,0.257576,,-0.32302,21.5426,-13.4339,62.1991,-0.32302,4.8,-13.255418092012405,5.898618698120117,0.271758,999,,,,,,,193.5,2.303571428,193.5,2.303571428,,,,,,,,,,,,,,,,,,,"Angelo Castellano","sa657521",613546
"Adam Hackenberg","CHW",91,342,308,64,49,11,0,4,30,30,26,1,114,6,1,1,10,2,1,0.207792,0.0760234,0.333333,0.22807,0.281525,0.282468,0.255149,0.563992,0.0746753,2.63261,0.314136,,-0.6364,24.8588,-15.1477,62.7563,-0.6364,0.1,-15.210579872131348,6.383068658411503,0.268217,999,,,,,,,216.9,2.383516483,216.9,2.383516483,,,,,,,,,,,,,,,,,,,"Adam Hackenberg","sa3017041",680753
"Michael Pérez",,68,249,224,39,25,8,0,6,20,25,20,0,73,3,1,1,5,0,0,0.174107,0.0803213,0.293173,0.273973,0.25,0.290179,0.243223,0.540179,0.116071,1.1688,0.226027,,-0.378836,15.7088,-13.4188,61.2578,-0.378836,1.1,-11.416794419288635,5.674514889717102,0.266002,999,,,,,,,143,2.102941176,143,2.102941176,,,,,,,,,,,,,,,,,,,"Michael Perez","12977",605421
"Gary Sánchez","BAL",100,352,309,66,39,12,1,14,36,44,34,0,94,6,3,0,9,0,0,0.213592,0.0965909,0.267045,0.361702,0.301136,0.394822,0.30533,0.695958,0.18123,1.86669,0.254902,,-0.623501,39.8025,-1.37381,101.19,-0.623501,0,-0.14411652088165283,-9.053498268127441,0.264493,522.8200073242188,,,,,,,352.7,3.527,352.7,3.527,,,,,,,,,,,,,,,,,,,"Gary Sanchez","11442",596142
"Micah Pries",,101,393,357,82,52,18,3,9,43,48,26,1,104,8,2,0,7,5,3,0.229692,0.0661578,0.264631,0.25,0.295165,0.372549,0.292436,0.667714,0.142857,4.93242,0.296748,,-0.885875,40.3602,-5.61222,90.7396,-0.885875,1.7,-5.0500248670578,-5.520017385482788,0.264202,999,,,,,,,359.2,3.556435643,359.2,3.556435643,,,,,,,,,,,,,,,,,,,"Micah Pries","sa3014830",687588
"Jace Avina","NYY",99,417,378,78,48,18,1,11,41,51,27,0,143,10,2,0,5,3,1,0.206349,0.0647482,0.342926,0.188811,0.275779,0.346561,0.275411,0.62234,0.140212,3.81249,0.29646,,-0.475862,37.1106,-11.6692,77.5138,-0.475862,-1.7,-11.204817563295364,-0.16781306266784668,0.264113,999,,,,,,,334,3.373737373,334,3.373737373,,,,,,,,,,,,,,,,,,,"Jace Avina","sa3018398",701778
"Marty Costes",,74,286,254,64,49,11,1,3,32,28,22,0,53,8,2,0,5,4,2,0.251969,0.0769231,0.185315,0.415094,0.328671,0.338583,0.299524,0.667254,0.0866142,4.25484,0.305,,-0.633514,31.0031,-2.45267,88.6448,-0.633514,0.7,-4.51701021194458,-2.452557384967804,0.262034,999,,,,,,,262.2,3.543243243,262.2,3.543243243,,,,,,,,,,,,,,,,,,,"Marty Costes","sa3006783",664753
"Jay Harry","TOR",109,437,398,81,52,18,1,10,41,51,26,0,110,10,3,0,6,4,4,0.203518,0.0594966,0.251716,0.236364,0.267735,0.329146,0.264609,0.59688,0.125628,3.37718,0.252669,,-1.51456,35.0915,-16.0279,71.2704,-1.51456,2.2,-15.879937171936035,3.805673122406006,0.26065,999,,,,,,,311.9,2.861467889,311.9,2.861467889,,,,,,,,,,,,,,,,,,,"Jay Harry","sa3022607",803385
"Justin Johnson","KCR",97,388,343,73,54,16,1,2,41,32,33,0,86,7,3,2,9,7,3,0.212828,0.0850515,0.221649,0.383721,0.292746,0.282799,0.26206,0.575545,0.0699708,4.75668,0.275194,,-0.556907,30.3607,-15.0268,63.6606,-0.556907,4.8,-16.689887285232544,6.225632190704346,0.257878,999,,,,,,,261.6,2.696907216,261.6,2.696907216,,,,,,,,,,,,,,,,,,,"Justin Johnson","sa3022758",813386
"Ray-Patrick Didder",,104,412,361,65,43,13,1,8,41,45,36,0,133,13,2,0,7,15,4,0.180055,0.0873786,0.322816,0.270677,0.276699,0.288089,0.258202,0.564788,0.108033,5.67725,0.256757,,0.653872,30.9594,-17.2356,67.1312,0.653872,-0.2,-15.539669036865234,4.341446205973625,0.257865,999,,,,,,,285.9,2.749038461,285.9,2.749038461,,,,,,,,,,,,,,,,,,,"Ray-Patrick Didder","sa736824",642720
"Kyle McCann",,89,336,302,60,39,11,0,10,33,37,29,1,129,4,1,0,5,1,0,0.198675,0.0863095,0.383929,0.224806,0.276786,0.334437,0.271218,0.611223,0.135762,2.3513,0.304878,,-0.360362,28.7684,-10.5363,78.5415,-0.360362,-6.3,-8.610197007656097,-0.12716054916381836,0.256827,999,,,,,,,260.8,2.930337078,260.8,2.930337078,,,,,,,,,,,,,,,,,,,"Kyle McCann","25575",668832
"Caleb Pendleton","LAA",40,133,126,25,18,4,1,2,10,11,5,0,56,1,1,0,3,2,0,0.198413,0.037594,0.421053,0.0892857,0.233083,0.293651,0.231155,0.526734,0.0952381,5.71563,0.333333,,0.210582,7.09879,-8.45929,44.6175,0.210582,3.8,-8.217512995004654,6.243415594100952,0.25497,999,,,,,,,71.9,1.7975,71.9,1.7975,,,,,,,,,,,,,,,,,,,"Caleb Pendleton","sa3022483",692228
"Will Wilson","CLE",113,450,408,86,60,17,0,9,46,44,31,1,122,4,2,5,9,3,2,0.210784,0.0688889,0.271111,0.254098,0.27191,0.318627,0.261778,0.590538,0.107843,2.91434,0.275986,,-0.9519,35.1099,-17.5303,69.174,-0.9519,-0.7,-16.82405376434326,4.260317623615265,0.254948,999,,,,,,,312.6,2.766371681,312.6,2.766371681,,,,,,,,,,,,,,,,,,,"Will Wilson","25434",669717
"Abimelec Ortiz","TEX",122,472,430,96,58,17,3,18,56,63,34,0,137,3,4,1,5,1,3,0.223256,0.0720339,0.290254,0.248175,0.282378,0.402326,0.296642,0.684704,0.17907,3.74023,0.27957,,-1.7648,50.0711,-5.14251,92.4724,-1.7648,1.2,-5.830228090286255,-7.471369504928589,0.254644,999,,,,,,,447.7,3.669672131,447.7,3.669672131,,,,,,,,,,,,,,,,,,,"Abimelec Ortiz","sa3016926",694673
"Mitch Garver","SEA",95,358,309,62,36,13,0,13,36,42,42,0,106,5,2,0,8,0,0,0.200647,0.117318,0.296089,0.396226,0.304469,0.368932,0.29955,0.673401,0.168285,1.09753,0.255208,,-0.655071,38.8154,-3.06275,100.879,-0.655071,0,-0.2948116362094879,-9.207818984985352,0.253692,422.7900085449219,,,,,,,339.1,3.569473684,339.1,3.569473684,,,,,,,,,,,,,,,,,,,"Mitch Garver","15161",641598
"Hayden Cantrelle","CHC",81,308,262,47,31,9,3,4,33,28,35,0,100,8,1,2,1,9,2,0.179389,0.113636,0.324675,0.35,0.294118,0.282443,0.266249,0.57656,0.103053,7.01799,0.27044,,0.405948,25.1392,-10.89,71.4162,0.405948,1.2,-10.12170097231865,2.331687331199646,0.252826,999,,,,,,,222.5,2.74691358,222.5,2.74691358,,,,,,,,,,,,,,,,,,,"Hayden Cantrelle","sa3014426",676463
"Andrew Velazquez","NYY",121,406,370,74,48,15,1,10,45,43,26,0,152,1,2,7,4,20,2,0.2,0.0640394,0.374384,0.171053,0.253133,0.327027,0.255294,0.58016,0.127027,6.62269,0.304762,,2.59806,29.5582,-17.9349,63.3636,2.59806,1.8,-14.421363115310669,3.291769504547119,0.251263,999,,,,,,,301,2.487603305,301,2.487603305,,,,,,,,,,,,,,,,,,,"Andrew Velazquez","14196",623205
"Michael Turner","CHW",93,377,335,72,53,16,1,2,32,29,37,0,84,3,2,0,5,2,0,0.214925,0.0981432,0.222812,0.440476,0.297082,0.286567,0.265648,0.583649,0.0716418,3.44568,0.278884,,-0.333995,30.5886,-13.5121,70.1418,-0.333995,-3.9,-13.213848531246185,3.0260729789733887,0.248482,999,,,,,,,262.9,2.82688172,262.9,2.82688172,,,,,,,,,,,,,,,,,,,"Michael Turner","sa3020658",694478
"Mike Ford",,90,321,283,62,38,11,1,12,31,41,33,1,79,4,1,0,5,1,0,0.219081,0.102804,0.246106,0.417722,0.308411,0.392226,0.307569,0.700637,0.173145,2.72457,0.259067,,-0.384039,36.8756,-0.674313,100.817,-0.384039,0,-0.08396807312965393,-8.256173133850098,0.246101,999,,,,,,,327.5,3.638888888,327.5,3.638888888,,,,,,,,,,,,,,,,,,,"Mike Ford","15585",645801
"Esteban Quiroz",,74,280,243,47,32,10,0,5,29,26,30,0,71,5,2,0,6,2,1,0.193416,0.107143,0.253571,0.422535,0.292857,0.296296,0.268865,0.589153,0.102881,2.95671,0.248521,,-0.533799,23.4432,-9.31062,70.0415,-0.533799,2.6,-10.564698696136475,3.628806471824646,0.244914,999,,,,,,,202.2,2.732432432,202.2,2.732432432,,,,,,,,,,,,,,,,,,,"Esteban Quiroz","19780",606019
"Jorge Caballero",,77,287,258,64,51,9,1,3,32,26,25,0,92,3,1,0,5,2,2,0.248062,0.087108,0.320558,0.271739,0.320558,0.325581,0.29054,0.646139,0.0775194,3.63916,0.371951,,-1.03351,29.0361,-4.53663,82.5976,-1.03351,3,-7.0059720277786255,-0.16358017921447754,0.244813,999,,,,,,,242.6,3.15064935,242.6,3.15064935,,,,,,,,,,,,,,,,,,,"Jorge Caballero","sa3003360",672850
"Skye Bolt",,61,207,183,41,30,7,1,3,25,22,20,0,60,2,2,0,3,3,0,0.224044,0.0966184,0.289855,0.333333,0.304348,0.322404,0.281131,0.626752,0.0983607,5.59627,0.311475,,0.189594,19.3749,-4.83953,77.6943,0.189594,3.1,-5.331782087683678,0.818253755569458,0.244482,999,,,,,,,172.5,2.827868852,172.5,2.827868852,,,,,,,,,,,,,,,,,,,"Skye Bolt","17723",621450
"Pascanel Ferreras","HOU",113,445,403,81,54,14,6,7,40,45,33,0,144,8,1,0,15,6,4,0.200993,0.0741573,0.323595,0.229167,0.274157,0.317618,0.264189,0.591775,0.116625,5.72047,0.29249,,-1.16981,35.5834,-16.4719,71.1719,-1.16981,1.7,-15.84828495979309,3.335067629814148,0.242916,999,,,,,,,314.4,2.782300884,314.4,2.782300884,,,,,,,,,,,,,,,,,,,"Pascanel Ferreras","sa3022702",814299
"Robert Brooks","TOR",54,166,150,31,20,5,1,5,14,19,13,0,64,2,1,0,2,0,0,0.206667,0.0783133,0.385542,0.203125,0.277108,0.353333,0.277973,0.630442,0.146667,2.46016,0.317073,,-0.276235,15.1154,-4.30297,80.6705,-0.276235,-2.3,-3.9476644098758698,0.7496767044067383,0.24242,999,,,,,,,135.8,2.514814814,135.8,2.514814814,,,,,,,,,,,,,,,,,,,"Robert Brooks","sa3022160",806394
"Chris Newell","LAD",118,495,441,82,43,17,2,20,57,62,44,1,197,4,4,2,4,15,5,0.185941,0.0888889,0.39798,0.22335,0.263692,0.369615,0.276269,0.633306,0.183673,5.90889,0.27193,,0.26465,44.3944,-13.5098,77.3132,0.26465,4.5,-13.164204955101013,-0.9563493728637695,0.240992,999,,,,,,,425.4,3.605084745,425.4,3.605084745,,,,,,,,,,,,,,,,,,,"Chris Newell","sa3019971",683006
"Wes Kath","CHW",116,464,423,84,52,18,2,12,47,51,29,0,200,8,1,3,4,3,1,0.198582,0.0625,0.431034,0.145,0.262473,0.335697,0.264535,0.59817,0.137116,4.41027,0.339623,,-0.507432,37.2317,-17.0462,69.3585,-0.507432,1.9,-16.77540683746338,3.6048794984817505,0.24058,999,,,,,,,337.7,2.911206896,337.7,2.911206896,,,,,,,,,,,,,,,,,,,"Wes Kath","sa3017172",695770
"Jake Bauers","MIL",111,347,304,64,36,13,1,14,40,43,39,1,110,3,1,0,2,10,2,0.210526,0.112392,0.317003,0.354545,0.305476,0.398026,0.308328,0.703502,0.1875,5.03556,0.276243,,0.582271,40.0743,-0.517052,96.8201,0.582271,-2.1,-0.7371942400932312,-8.474926471710205,0.239841,706.9299926757812,,,,,,,368.8,3.322522522,368.8,3.322522522,,,,,,,,,,,,,,,,,,,"Jake Bauers","15194",641343
"Ben Rice","NYY",115,468,407,93,53,17,0,23,64,72,49,0,113,8,4,0,6,5,2,0.228501,0.104701,0.241453,0.433628,0.320513,0.439803,0.330612,0.760316,0.211302,3.40939,0.254545,,-0.678179,62.4422,7.69644,116.343,-0.678179,-12.8,8.073523044586182,-21.397883415222168,0.238493,400.7200012207031,,,,,,,554.2,4.819130434,554.2,4.819130434,,,,,,,,,,,,,,,,,,,"Ben Rice","29576",700250
"Matt Hogan","CHW",100,342,299,55,35,11,2,7,32,32,34,0,145,5,3,1,2,11,3,0.183946,0.0994152,0.423977,0.234483,0.27566,0.304348,0.261634,0.580008,0.120401,6.17173,0.32,,0.400942,26.6439,-13.3626,67.3183,0.400942,2,-12.388040840625763,3.2566137313842773,0.236829,999,,,,,,,247.6,2.476,247.6,2.476,,,,,,,,,,,,,,,,,,,"Matt Hogan","sa3023375",681375
"David Fletcher","ATL",101,385,360,89,76,11,1,1,38,33,20,0,45,2,2,1,9,7,1,0.247222,0.0519481,0.116883,0.444444,0.289062,0.291667,0.259561,0.580729,0.0444444,4.61957,0.278481,,0.221536,29.3515,-15.6851,63.176,0.221536,4.8,-16.73170131444931,6.214609265327454,0.23552,999,,,,,,,261.9,2.593069306,261.9,2.593069306,,,,,,,,,,,,,,,,,,,"David Fletcher","17992",664058
"Luis González",,74,284,251,57,39,11,2,5,30,30,26,0,74,4,3,0,5,8,2,0.227092,0.0915493,0.260563,0.351351,0.306338,0.346614,0.290182,0.652952,0.119522,5.81684,0.297143,,0.24541,28.6508,-4.57095,87.9043,0.24541,-0.4,-3.6851700842380524,-3.5305115282535553,0.234582,999,,,,,,,258.1,3.487837837,258.1,3.487837837,,,,,,,,,,,,,,,,,,,"Luis Gonzalez","20332",670768
"Luis Liberato",,86,334,302,68,44,16,2,6,35,36,26,0,99,1,3,2,8,5,1,0.225166,0.0778443,0.296407,0.262626,0.286145,0.350993,0.280065,0.637138,0.125828,5.10009,0.31,,0.0346316,30.9752,-8.09544,76.9764,0.0346316,4,-9.160987012088299,0.3183422088623047,0.233371,999,,,,,,,280.7,3.263953488,280.7,3.263953488,,,,,,,,,,,,,,,,,,,"Luis Liberato","17307",642451
"GJ Hill","COL",88,354,316,70,44,12,1,13,54,48,24,1,108,7,1,6,2,9,0,0.221519,0.0677966,0.305085,0.222222,0.29023,0.389241,0.296757,0.67947,0.167722,6.65059,0.290816,,1.21596,37.5861,-3.8241,76.2996,1.21596,-2,-8.816790342330933,-0.6992945671081543,0.232479,999,,,,,,,348.8,3.963636363,348.8,3.963636363,,,,,,,,,,,,,,,,,,,"GJ Hill","sa3010335",677338
"Austin Allen",,69,265,247,52,34,9,0,9,26,35,14,0,82,3,1,0,6,1,0,0.210526,0.0528302,0.309434,0.170732,0.260377,0.356275,0.269898,0.616653,0.145749,2.59567,0.273885,,-0.202514,22.4078,-8.59137,74.8404,-0.202514,-3.3,-8.175325721502304,1.5684597492218018,0.2274,999,,,,,,,207.8,3.011594202,207.8,3.011594202,,,,,,,,,,,,,,,,,,,"Austin Allen","18083",664119
"Jose Herrera",,80,272,240,53,42,8,1,2,27,23,24,0,58,1,1,6,7,0,1,0.220833,0.0882353,0.213235,0.413793,0.293233,0.2875,0.263218,0.580733,0.0666667,2.64795,0.281768,,-0.933799,21.5371,-10.2809,65.1953,-0.933799,0.4,-12.254363000392914,5.3970607817173,0.225567,750.510009765625,,,,,,,176.7,2.20875,176.7,2.20875,,,,,,,,,,,,,,,,,,,"Jose Herrera","17040",645444
"Chase Davis","STL",113,465,419,86,58,19,1,8,47,46,38,2,136,5,3,0,5,4,1,0.205251,0.0817204,0.292473,0.279412,0.277419,0.312649,0.262139,0.590069,0.107399,3.82493,0.280576,,-0.386356,36.4152,-17.9796,67.5716,-0.386356,3.4,-18.418176501989365,5.108553886413574,0.221753,999,,,,,,,332.4,2.94159292,332.4,2.94159292,,,,,,,,,,,,,,,,,,,"Chase Davis","sa3022426",690971
"Kala'i Rosario","MIN",96,418,374,80,45,21,2,12,44,49,39,0,151,3,2,0,12,2,0,0.213904,0.0933014,0.361244,0.258278,0.291866,0.377005,0.293857,0.668871,0.163102,4.01907,0.319249,,-0.286641,43.4055,-5.4913,91.1715,-0.286641,-2.7,-4.50911483168602,-7.307584047317505,0.2217,999,,,,,,,388.9,4.051041666,388.9,4.051041666,,,,,,,,,,,,,,,,,,,"Kala'i Rosario","sa3015199",693850
"Max Ferguson","BOS",93,381,336,64,45,12,3,4,43,31,40,0,120,2,2,1,3,14,2,0.190476,0.104987,0.314961,0.333333,0.278947,0.279762,0.254485,0.558709,0.0892857,7.00171,0.280374,,1.30335,27.4898,-17.0788,57.0047,1.30335,5.4,-17.440181851387024,6.799911856651306,0.215549,999,,,,,,,258.9,2.783870967,258.9,2.783870967,,,,,,,,,,,,,,,,,,,"Max Ferguson","sa3016819",681132
"Jacob Burke","CHW",82,313,281,59,43,12,2,2,33,28,21,0,91,9,1,1,5,12,3,0.209964,0.0670926,0.290735,0.230769,0.285256,0.288256,0.260255,0.573513,0.0782918,6.72439,0.301587,,0.608834,24.0371,-12.577,66.3478,0.608834,1.9,-11.443274796009064,3.0500587224960327,0.213019,999,,,,,,,218.8,2.668292682,218.8,2.668292682,,,,,,,,,,,,,,,,,,,"Jacob Burke","sa3019934",804240
"Eddinson Paulino","TOR",100,405,371,81,54,19,3,5,40,38,28,1,103,4,2,0,6,9,6,0.218329,0.0691358,0.254321,0.271845,0.279012,0.326146,0.267208,0.605158,0.107817,5.30054,0.286792,,-1.30089,33.3688,-14.0073,73.0981,-1.30089,0.8,-13.767377495765686,2.2880952954292297,0.211698,999,,,,,,,298.1,2.981,298.1,2.981,,,,,,,,,,,,,,,,,,,"Eddinson Paulino","sa3009538",682796
"Jace Peterson",,110,335,294,66,47,12,2,5,35,33,34,1,81,3,3,1,6,9,1,0.22449,0.101493,0.241791,0.419753,0.308383,0.329932,0.284755,0.638315,0.105442,5.69118,0.2891,,0.739923,32.3327,-6.85496,79.6917,0.739923,-5.4,-7.395506799221039,-1.7073192596435547,0.209933,999,,,,,,,294.1,2.673636363,294.1,2.673636363,,,,,,,,,,,,,,,,,,,"Jace Peterson","12325",607054
"Ji Man Choi",,77,284,241,49,29,11,0,9,26,33,38,1,91,2,3,0,4,0,0,0.20332,0.133803,0.320423,0.417582,0.31338,0.360996,0.299481,0.674376,0.157676,0.880037,0.277778,,-0.536685,30.7765,-2.44527,94.7517,-0.536685,0.1,-2.3190457820892334,-5.117519281804562,0.206938,999,,,,,,,269.9,3.505194805,269.9,3.505194805,,,,,,,,,,,,,,,,,,,"Ji Man Choi","5452",596847
"BJ Murray Jr.","CHC",112,456,404,82,56,17,1,8,45,42,46,0,126,4,2,0,11,9,2,0.20297,0.100877,0.276316,0.365079,0.289474,0.309406,0.270327,0.59888,0.106436,4.4308,0.272059,,0.15339,38.7155,-14.6265,74.1605,0.15339,-0.9,-13.936585873365402,0.7754850387573242,0.206195,999,,,,,,,346.9,3.097321428,346.9,3.097321428,,,,,,,,,,,,,,,,,,,"BJ Murray Jr.","sa3017287",681230
"Rob Brantly","NYY",60,208,187,45,33,8,1,3,21,23,12,0,40,8,1,0,4,0,0,0.240642,0.0576923,0.192308,0.3,0.3125,0.342246,0.292797,0.654746,0.101604,2.60119,0.289655,,-0.418298,21.4216,-2.90987,84.1173,-0.418298,-4.4,-4.368770748376846,-0.5787184238433838,0.203097,999,,,,,,,182.1,3.035,182.1,3.035,,,,,,,,,,,,,,,,,,,"Rob Brantly","10655",542963
"Brian Serven","DET",72,254,229,43,31,8,0,4,21,19,19,0,76,4,1,1,5,0,0,0.187773,0.0748032,0.299213,0.25,0.26087,0.275109,0.243246,0.535979,0.0873362,1.34975,0.26,,-0.426191,16.029,-13.6834,56.0858,-0.426191,2,-13.18893951177597,6.666372776031494,0.202665,999,,,,,,,141.6,1.966666666,141.6,1.966666666,,,,,,,,,,,,,,,,,,,"Brian Serven","19422",661531
"Bryan De La Cruz","NYY",144,565,525,131,90,24,0,17,57,76,33,1,149,2,5,0,13,5,2,0.249524,0.0584071,0.263717,0.221477,0.293805,0.392381,0.297512,0.686186,0.142857,2.80628,0.313187,,-0.788673,60.3322,-5.76041,88.7195,-0.788673,-2.2,-8.410160779953003,-8.427953958511353,0.200638,490.9100036621094,,,,,,,546.9,3.797916666,546.9,3.797916666,,,,,,,,,,,,,,,,,,,"Bryan De La Cruz","19600",650559
"Zach Remillard",,98,359,321,68,52,11,1,4,40,30,26,0,95,6,2,4,5,7,3,0.211838,0.0724234,0.264624,0.273684,0.28169,0.28972,0.258239,0.57141,0.0778816,5.00315,0.285714,,-0.477983,26.9873,-15.0079,64.9299,-0.477983,3.5,-14.88377970457077,4.819077014923096,0.199092,999,,,,,,,235.9,2.407142857,235.9,2.407142857,,,,,,,,,,,,,,,,,,,"Zach Remillard","19788",621545
"Andy Weber","ARI",82,323,295,72,52,16,1,3,37,31,21,1,81,3,2,2,6,2,1,0.244068,0.0650155,0.250774,0.259259,0.299065,0.335593,0.280006,0.634659,0.0915254,3.88064,0.323944,,-0.596938,29.9399,-7.844,76.4953,-0.596938,-2.7,-9.675539910793304,0.860405683517456,0.198449,999,,,,,,,261.5,3.18902439,261.5,3.18902439,,,,,,,,,,,,,,,,,,,"Andy Weber","sa3008282",681581
"Abrahan Gutierrez",,75,298,273,63,45,14,1,3,25,28,19,0,65,4,2,0,11,1,1,0.230769,0.0637584,0.218121,0.292308,0.288591,0.322344,0.271652,0.610935,0.0915751,2.77013,0.289855,,-0.741691,25.6188,-9.24071,69.92,-0.741691,-2,-11.460702419281006,3.4747209548950195,0.198257,999,,,,,,,222.4,2.965333333,222.4,2.965333333,,,,,,,,,,,,,,,,,,,"Abrahan Gutierrez","sa3004263",670868
"Cristian Santana",,94,374,352,91,69,15,1,6,33,35,17,0,95,2,3,0,13,0,3,0.258523,0.0454545,0.254011,0.178947,0.294118,0.357955,0.285289,0.652072,0.0994318,2.44645,0.334646,,-1.90955,36.2573,-7.49249,85.6592,-1.90955,4.3,-8.046465635299683,-2.570958137512207,0.193759,999,,,,,,,311.8,3.317021276,311.8,3.317021276,,,,,,,,,,,,,,,,,,,"Cristian Santana","sa829387",655996
"Jon Singleton","HOU",112,426,366,75,46,15,1,13,44,47,56,1,122,0,4,0,6,1,0,0.204918,0.131455,0.286385,0.459016,0.307512,0.357924,0.295323,0.665435,0.153005,2.74201,0.26383,,-0.597135,44.7391,-5.09358,93.0723,-0.597135,-0.6,-3.9739118218421936,-8.426278710365295,0.189039,733.760009765625,,,,,,,395.3,3.529464285,395.3,3.529464285,,,,,,,,,,,,,,,,,,,"Jon Singleton","10441",572138
"Brett Phillips",,100,288,250,43,26,8,2,7,34,28,30,0,123,2,3,3,2,10,2,0.172,0.104167,0.427083,0.243902,0.263158,0.304,0.254742,0.567158,0.132,7.30903,0.292683,,0.732227,20.8394,-12.8503,62.975,0.732227,2.6,-11.468697190284729,3.658200979232788,0.186951,999,,,,,,,200.6,2.006,200.6,2.006,,,,,,,,,,,,,,,,,,,"Brett Phillips","14735",621433
"Yoyner Fajardo",,105,420,384,90,71,12,3,4,45,37,30,0,97,4,2,0,4,15,8,0.234375,0.0714286,0.230952,0.309278,0.295238,0.3125,0.271852,0.607738,0.078125,5.85286,0.301754,,-1.06876,36.1745,-12.9563,81.3961,-1.06876,2.4,-10.009196758270264,-2.2296295166015625,0.185004,999,,,,,,,317.6,3.024761904,317.6,3.024761904,,,,,,,,,,,,,,,,,,,"Yoyner Fajardo","sa3005938",679938
"Ethan Anderson","BAL",21,87,80,20,14,3,2,1,8,9,6,0,19,0,1,0,2,3,1,0.25,0.0689655,0.218391,0.315789,0.298851,0.375,0.292776,0.673851,0.125,6.64692,0.311475,,0.0371452,8.95847,-1.21862,92.3595,0.0371452,-2,-0.7234415858983994,-0.4016754627227783,0.183951,999,,,,,,,82.4,3.923809523,82.4,3.923809523,,,,,,,,,,,,,,,,,,,"Ethan Anderson","sa3025410",803175
"Ryan Cermak","TBR",51,209,188,36,25,6,1,4,22,23,15,0,74,5,1,0,2,6,1,0.191489,0.0717703,0.354067,0.202703,0.267943,0.297872,0.255003,0.565815,0.106383,6.24477,0.288288,,0.439835,15.167,-9.28141,67.2155,0.439835,1.4,-7.4002556800842285,2.1679306030273438,0.180668,999,,,,,,,142.9,2.801960784,142.9,2.801960784,,,,,,,,,,,,,,,,,,,"Ryan Cermak","sa3020204",688714
"JT Schwartz","NYM",107,430,386,90,64,18,2,6,40,46,35,0,86,7,2,0,6,4,1,0.233161,0.0813954,0.2,0.406977,0.306977,0.336788,0.287553,0.643764,0.103627,4.03322,0.283784,,-0.441603,42.47,-7.83055,86.7233,-0.441603,2.6,-7.268448352813721,-5.299765110015869,0.17817,999,,,,,,,368.8,3.446728971,368.8,3.446728971,,,,,,,,,,,,,,,,,,,"JT Schwartz","sa3017371",681286
"Cole Turney","DET",19,80,70,16,9,5,0,2,11,11,7,1,29,3,0,0,0,0,0,0.228571,0.0875,0.3625,0.241379,0.325,0.385714,0.31142,0.710714,0.157143,2.19643,0.358974,,-0.142064,9.43817,0.0799272,104.041,-0.142064,-0.3,0.22782649099826813,-1.1818342208862305,0.177473,999,,,,,,,82.9,4.363157894,82.9,4.363157894,,,,,,,,,,,,,,,,,,,"Cole Turney","sa3022916",669318
"Joshua Kuroda-Grauer","ATH",34,132,119,28,24,4,0,0,14,10,8,0,11,5,0,0,1,3,2,0.235294,0.0606061,0.0833333,0.727273,0.310606,0.268908,0.26737,0.579514,0.0336134,4.01545,0.259259,,-0.502032,10.893,-4.5481,75.8344,-0.502032,0,-4.151893079280853,1.4550265073776245,0.176874,999,,,,,,,88.5,2.602941176,88.5,2.602941176,,,,,,,,,,,,,,,,,,,"Joshua Kuroda-Grauer","sa3025386",811965
"Edward Olivares",,95,353,319,77,53,13,1,10,45,44,25,0,68,6,3,0,7,8,5,0.241379,0.0708215,0.192635,0.367647,0.305949,0.382445,0.302192,0.688394,0.141066,4.81295,0.27459,,-1.088,39.0241,-2.26914,96.5764,-1.088,-3.6,-2.5331684350967407,-7.491093397140503,0.176563,999,,,,,,,343.8,3.618947368,343.8,3.618947368,,,,,,,,,,,,,,,,,,,"Edward Olivares","19698",658668
"Christian Arroyo","PHI",73,246,227,51,35,11,0,5,27,25,12,0,58,4,2,1,6,3,2,0.22467,0.0487805,0.235772,0.206897,0.273469,0.339207,0.269621,0.612676,0.114537,3.59798,0.277108,,-0.612526,20.7463,-8.0303,70.5505,-0.612526,1.9,-9.275638043880463,2.803880035877228,0.176127,999,,,,,,,185.6,2.542465753,185.6,2.542465753,,,,,,,,,,,,,,,,,,,"Christian Arroyo","16434",624414
"Nick Gordon",,117,359,335,82,56,15,3,8,40,41,14,0,82,5,4,1,7,7,5,0.244776,0.0389972,0.228412,0.170732,0.282123,0.379104,0.286614,0.661227,0.134328,5.3429,0.297189,,-1.21696,35.1862,-6.80894,88.0252,-1.21696,-0.2,-6.1358479261398315,-4.157231047749519,0.175506,999,,,,,,,316.3,2.703418803,316.3,2.703418803,,,,,,,,,,,,,,,,,,,"Nick Gordon","16337",624503
"Brock Wilken","MIL",106,458,405,75,48,14,1,12,47,48,47,0,163,5,1,0,10,1,0,0.185185,0.10262,0.355895,0.288344,0.277293,0.31358,0.266506,0.590873,0.128395,3.07333,0.272727,,-0.589242,37.4769,-16.0991,68.6712,-0.589242,2.5,-17.747395753860474,4.182833671569824,0.171393,999,,,,,,,332,3.132075471,332,3.132075471,,,,,,,,,,,,,,,,,,,"Brock Wilken","sa3022499",694385
"Matt Rudick","NYM",103,440,384,80,54,19,1,6,47,45,45,0,104,9,2,0,4,7,4,0.208333,0.102273,0.236364,0.432692,0.304545,0.309896,0.279152,0.614441,0.101562,4.07008,0.268116,,-1.07241,40.4826,-10.9877,81.0689,-1.07241,2.9,-11.033111095428467,-1.9500880241394043,0.169641,999,,,,,,,345.3,3.352427184,345.3,3.352427184,,,,,,,,,,,,,,,,,,,"Matt Rudick","sa3017334",689822
"Tristin English","ARI",107,448,411,97,69,17,1,10,48,53,26,0,112,9,2,0,13,2,2,0.23601,0.0580357,0.25,0.232143,0.294643,0.355231,0.287162,0.649874,0.119221,3.0073,0.298969,,-1.23082,44.1069,-8.29928,81.3118,-1.23082,6.2,-11.24249005317688,-2.0304527282714844,0.167181,999,,,,,,,384.4,3.592523364,384.4,3.592523364,,,,,,,,,,,,,,,,,,,"Tristin English","26148",663536
"Drew Romo","COL",107,429,399,97,67,18,3,9,43,51,19,0,90,5,4,2,11,3,3,0.243108,0.044289,0.20979,0.211111,0.283372,0.370927,0.284696,0.6543,0.12782,3.8919,0.289474,,-1.33323,41.3848,-8.79882,68.1816,-1.33323,-2.9,-17.65609610080719,4.981393337249756,0.163739,699.260009765625,,,,,,,367.4,3.433644859,367.4,3.433644859,,,,,,,,,,,,,,,,,,,"Drew Romo","27763",691011
"Wilmer Difo",,99,337,300,66,51,10,1,4,33,28,28,0,80,2,3,4,7,7,3,0.22,0.0830861,0.237389,0.35,0.288288,0.3,0.264373,0.588288,0.08,4.52655,0.283105,,-0.454305,26.9972,-12.4244,69.2446,-0.454305,1.4,-12.313547849655151,2.638242244720459,0.163408,999,,,,,,,236.8,2.391919191,236.8,2.391919191,,,,,,,,,,,,,,,,,,,"Wilmer Difo","14320",594694
"Elias Díaz","SDP",102,366,339,76,52,16,0,8,31,40,23,1,81,2,2,0,11,0,0,0.224189,0.0628415,0.221311,0.283951,0.275956,0.342183,0.271009,0.618139,0.117994,1.09753,0.269841,,-0.599824,31.2753,-11.5387,75.7509,-0.599824,-6.1,-11.21280586719513,0.623985767364502,0.162885,481.6700134277344,,,,,,,283.2,2.776470588,283.2,2.776470588,,,,,,,,,,,,,,,,,,,"Elias Diaz","11680",553869
"Chris Meyers","DET",114,460,419,93,63,17,1,12,52,55,30,1,128,10,1,0,8,2,1,0.221957,0.0652174,0.278261,0.234375,0.28913,0.353222,0.283759,0.642352,0.131265,3.33842,0.289286,,-0.810034,44.0282,-9.78171,84.5832,-0.810034,0.2,-8.924453437328339,-4.8705466240644455,0.162286,999,,,,,,,390.6,3.426315789,390.6,3.426315789,,,,,,,,,,,,,,,,,,,"Chris Meyers","sa3016956",680273
"Dominic Smith","SFG",122,434,392,90,61,19,0,10,43,48,33,1,97,7,2,0,9,2,1,0.229592,0.0760369,0.223502,0.340206,0.299539,0.354592,0.289165,0.654131,0.125,2.42403,0.278746,,-0.794249,43.4281,-7.34039,87.189,-0.794249,2.2,-7.156038343906403,-5.7732508182525635,0.161995,729.5,,,,,,,382.1,3.131967213,382.1,3.131967213,,,,,,,,,,,,,,,,,,,"Dominic Smith","15653",642086
"Tommy Pham","PIT",117,460,411,100,68,20,2,10,54,42,42,0,105,3,4,0,10,9,3,0.243309,0.0913043,0.228261,0.4,0.315217,0.374696,0.303968,0.689913,0.131387,4.8913,0.3,,-0.306863,51.5103,-2.29958,91.671,-0.306863,-3.8,-4.888382524251938,-8.870546579360962,0.158185,422.7699890136719,,,,,,,456.1,3.898290598,456.1,3.898290598,,,,,,,,,,,,,,,,,,,"Tommy Pham","2967",502054
"Jordan Diaz","ATH",120,487,455,113,76,22,1,14,44,60,26,0,97,4,2,0,21,0,1,0.248352,0.0533881,0.199179,0.268041,0.293635,0.393407,0.299159,0.687041,0.145055,1.72862,0.286127,,-1.2416,52.6488,-4.31948,98.1955,-1.2416,0,-2.2471381425857544,-12.525720596313477,0.154445,999,,,,,,,466.1,3.884166666,466.1,3.884166666,,,,,,,,,,,,,,,,,,,"Jordan Diaz","22650",672478
"Weston Eberly",,38,133,118,19,15,3,0,1,8,10,9,0,47,3,1,2,3,0,0,0.161017,0.0676692,0.353383,0.191489,0.236641,0.211864,0.209171,0.448506,0.0508475,1.13823,0.253521,,-0.213095,4.7455,-10.8126,30.4144,-0.213095,5.4,-10.802624434232712,7.8434157371521,0.15323,999,,,,,,,42.5,1.118421052,42.5,1.118421052,,,,,,,,,,,,,,,,,,,"Weston Eberly","sa3022928",814440
"Andrew McCutchen","PIT",107,445,382,87,57,17,0,13,51,44,55,1,109,5,3,0,7,5,2,0.227749,0.123596,0.244944,0.504587,0.330337,0.374346,0.313158,0.704683,0.146597,3.07203,0.281369,,-0.725534,53.1221,1.06687,97.8565,-0.725534,0,-1.8661869168281555,-11.445473670959473,0.152883,589.6199951171875,,,,,,,460.6,4.304672897,460.6,4.304672897,,,,,,,,,,,,,,,,,,,"Andrew McCutchen","9847",457705
"Hayden Senger","NYM",74,271,244,49,33,12,1,3,24,26,17,0,91,7,1,2,7,1,1,0.20082,0.0627306,0.335793,0.186813,0.271375,0.295082,0.255186,0.566457,0.0942623,3.45386,0.304636,,-0.654875,19.7062,-11.9949,64.9381,-0.654875,-0.5,-12.017172515392303,4.478689193725586,0.151783,999,,,,,,,170.2,2.3,170.2,2.3,,,,,,,,,,,,,,,,,,,"Hayden Senger","21489",663584
"Will Robertson","CHW",113,427,385,82,50,18,1,13,51,53,34,1,149,6,2,0,10,2,2,0.212987,0.0796253,0.348946,0.228188,0.285714,0.366234,0.286298,0.651948,0.153247,3.51209,0.306667,,-1.11244,41.7423,-8.20738,86.5264,-1.11244,-0.4,-7.695316553115845,-5.106789976358414,0.15098,999,,,,,,,372.5,3.296460176,372.5,3.296460176,,,,,,,,,,,,,,,,,,,"Will Robertson","25467",683770
"Jared Sundstrom","SEA",116,489,434,89,57,23,1,8,55,49,44,0,148,8,3,0,3,12,4,0.205069,0.0899796,0.302658,0.297297,0.288344,0.317972,0.272351,0.606316,0.112903,4.97406,0.288256,,-0.0802996,42.3142,-14.8881,81.7477,-0.0802996,0.8,-10.292800210416317,-4.590211570262909,0.149969,999,,,,,,,379.6,3.272413793,379.6,3.272413793,,,,,,,,,,,,,,,,,,,"Jared Sundstrom","sa3022442",814791
"Frederick Bencosme","BAL",130,523,475,104,81,16,3,4,53,42,37,0,94,3,2,6,5,16,4,0.218947,0.0707457,0.179732,0.393617,0.27853,0.290526,0.255544,0.569056,0.0715789,5.6466,0.263852,,0.624991,38.1814,-22.9982,66.1699,0.624991,-2.2,-19.61969292163849,3.5649912357330322,0.14626,999,,,,,,,347.7,2.674615384,347.7,2.674615384,,,,,,,,,,,,,,,,,,,"Frederick Bencosme","sa3016779",695930
"Geisel Cepeda",,76,294,270,61,49,9,0,3,28,25,18,0,43,4,0,2,10,5,2,0.225926,0.0612245,0.146259,0.418605,0.284247,0.292593,0.260027,0.576839,0.0666667,3.68694,0.258929,,-0.370375,22.5241,-11.8675,66.7162,-0.370375,6.4,-11.566981434822083,3.15925931930542,0.145971,999,,,,,,,195.8,2.576315789,195.8,2.576315789,,,,,,,,,,,,,,,,,,,"Geisel Cepeda","sa3020717",808206
"Joe Perez","CHW",94,397,366,87,61,16,1,9,38,38,27,0,127,2,2,0,9,2,1,0.237705,0.0680101,0.319899,0.212598,0.292191,0.360656,0.287,0.652847,0.122951,3.12144,0.336207,,-0.715324,39.0337,-7.40654,85.1608,-0.715324,2.9,-7.456058979034424,-4.393503665924072,0.145856,999,,,,,,,345.9,3.679787234,345.9,3.679787234,,,,,,,,,,,,,,,,,,,"Joe Perez","22254",669309
"Leonel Valera",,101,391,362,84,59,14,6,5,43,36,19,0,120,5,2,3,5,10,2,0.232044,0.0485933,0.306905,0.158333,0.278351,0.345304,0.273364,0.623654,0.11326,7.30854,0.330544,,0.534916,34.1526,-11.5858,71.6116,0.534916,-3.8,-12.165634870529175,0.5099647045135498,0.145181,999,,,,,,,315.6,3.124752475,315.6,3.124752475,,,,,,,,,,,,,,,,,,,"Leonel Valera","sa917320",665987
"Connor Kaiser","ARI",93,344,302,56,39,11,2,4,36,30,34,1,123,4,1,3,6,5,1,0.18543,0.0988372,0.357558,0.276423,0.27566,0.274834,0.250547,0.550494,0.089404,5.58,0.295455,,-0.00483049,23.73,-16.5105,56.6671,-0.00483049,4,-17.83015550673008,7.791887044906616,0.144219,999,,,,,,,213.2,2.292473118,213.2,2.292473118,,,,,,,,,,,,,,,,,,,"Connor Kaiser","21535",663731
"Anthony Gutierrez","TEX",82,321,300,67,51,11,3,2,35,27,15,0,85,5,1,0,5,20,5,0.223333,0.046729,0.264798,0.176471,0.271028,0.3,0.254122,0.571028,0.0766667,7.65923,0.303738,,1.41461,23.0669,-14.483,62.5624,1.41461,1.8,-12.335911870002747,2.979453206062317,0.141138,999,,,,,,,227,2.768292682,227,2.768292682,,,,,,,,,,,,,,,,,,,"Anthony Gutierrez","sa3018406",703152
"Yusniel Díaz",,79,316,282,62,42,12,1,7,33,31,30,0,79,1,3,0,8,4,2,0.219858,0.0949367,0.25,0.379747,0.294304,0.343972,0.282964,0.638275,0.124113,3.948,0.276382,,-0.58616,30.0432,-6.92186,82.0875,-0.58616,1.7,-7.354853570461273,-1.7832450866699219,0.141063,999,,,,,,,266.5,3.373417721,266.5,3.373417721,,,,,,,,,,,,,,,,,,,"Yusniel Diaz","18905",666783
"Nick Cimillo","PIT",101,427,380,85,53,18,1,13,50,50,43,0,105,3,1,0,11,2,0,0.223684,0.100703,0.245902,0.409524,0.306792,0.378947,0.302901,0.685739,0.155263,3.36269,0.273764,,-0.38135,47.4484,-2.50127,90.953,-0.38135,0,-5.000853776931763,-7.8446502685546875,0.139233,999,,,,,,,417.9,4.137623762,417.9,4.137623762,,,,,,,,,,,,,,,,,,,"Nick Cimillo","sa3020129",701177
"Chris Okey","LAD",61,200,184,41,31,5,2,3,19,21,10,0,50,3,1,2,5,2,0,0.222826,0.05,0.25,0.2,0.272727,0.320652,0.262555,0.593379,0.0978261,5.45867,0.287879,,0.0527334,15.7294,-7.66622,68.0821,0.0527334,-1.4,-7.5807881355285645,2.274309277534485,0.138557,999,,,,,,,142.5,2.336065573,142.5,2.336065573,,,,,,,,,,,,,,,,,,,"Chris Okey","19245",608360
"T.J. Rumfield","NYY",114,458,413,96,66,19,0,11,50,53,35,1,95,7,3,0,14,3,3,0.232446,0.0764192,0.207424,0.368421,0.30131,0.358354,0.291127,0.659664,0.125908,2.60849,0.274194,,-1.45951,46.5528,-7.0232,88.5688,-1.45951,1.9,-7.4499945640563965,-6.514168381690979,0.137915,999,,,,,,,406.4,3.56491228,406.4,3.56491228,,,,,,,,,,,,,,,,,,,"T.J. Rumfield","sa3017330",681198
"Walker Jenkins","MIN",80,357,320,77,52,15,4,6,40,37,33,0,60,2,2,0,5,8,2,0.240625,0.092437,0.168067,0.55,0.313726,0.36875,0.301133,0.682476,0.128125,5.84719,0.277344,,0.103346,39.1621,-2.59912,96.29,0.103346,0,-1.4121104553341866,-9.182098388671875,0.137506,999,,,,,,,348.5,4.35625,348.5,4.35625,,,,,,,,,,,,,,,,,,,"Walker Jenkins","sa3022894",805805
"Kenedy Corona","HOU",109,449,408,86,59,17,2,8,48,47,31,1,133,7,2,1,9,16,7,0.210784,0.0690423,0.296214,0.233083,0.276786,0.321078,0.26541,0.597864,0.110294,5.70456,0.289963,,-0.392717,36.3446,-16.1786,72.031,-0.392717,-0.6,-14.761792182922363,1.04976487159729,0.132905,999,,,,,,,334.3,3.066972477,334.3,3.066972477,,,,,,,,,,,,,,,,,,,"Kenedy Corona","26244",685744
"Drake Osborn",,76,269,246,52,36,12,0,4,26,26,15,0,74,4,3,1,4,1,1,0.211382,0.0557621,0.275093,0.202703,0.264925,0.308943,0.254519,0.573868,0.097561,2.54666,0.280702,,-0.63909,19.4163,-12.0508,59.3406,-0.63909,1.1,-13.718088209629059,6.041946053504944,0.1307,999,,,,,,,173.7,2.285526315,173.7,2.285526315,,,,,,,,,,,,,,,,,,,"Drake Osborn","sa3017077",688311
"Ernesto Martinez Jr.","MIL",108,428,388,90,59,19,2,10,44,52,31,1,109,8,1,0,12,11,4,0.231959,0.0724299,0.254673,0.284404,0.301402,0.368557,0.295004,0.669959,0.136598,5.03354,0.296296,,-0.185591,44.8392,-5.22744,87.8525,-0.185591,1.3,-6.40274840593338,-6.563021898269653,0.130245,999,,,,,,,403.2,3.733333333,403.2,3.733333333,,,,,,,,,,,,,,,,,,,"Ernesto Martinez Jr.","sa3003173",667803
"Luke Mann","ATH",120,510,467,93,66,14,2,11,41,49,32,0,162,9,2,0,7,2,0,0.199143,0.0627451,0.317647,0.197531,0.262745,0.308351,0.254931,0.571096,0.109208,3.39158,0.277027,,-0.444489,36.9805,-22.6783,67.0843,-0.444489,2,-19.652359664440155,3.873897671699524,0.129939,999,,,,,,,336,2.8,336,2.8,,,,,,,,,,,,,,,,,,,"Luke Mann","sa3022529",680996
"Justin Dirden",,93,392,351,74,45,16,4,9,40,42,29,0,145,6,3,3,4,5,2,0.210826,0.0739796,0.369898,0.2,0.280206,0.356125,0.279846,0.636331,0.145299,5.79152,0.325,,-0.441407,36.2852,-9.57016,77.6502,-0.441407,-2.3,-10.918035864830017,-0.8596707582473755,0.129358,999,,,,,,,326.1,3.506451612,326.1,3.506451612,,,,,,,,,,,,,,,,,,,"Justin Dirden","sa3014986",688869
"Jeremy Eierman","ATH",71,278,256,47,29,9,0,9,24,33,14,0,110,5,2,1,2,2,1,0.183594,0.0503597,0.395683,0.127273,0.238267,0.324219,0.247491,0.562486,0.140625,2.83612,0.273381,,-0.383843,18.4933,-14.0266,61.8509,-0.383843,1.4,-12.518706530332565,4.46437394618988,0.127268,999,,,,,,,175.9,2.477464788,175.9,2.477464788,,,,,,,,,,,,,,,,,,,"Jeremy Eierman","sa3007005",663369
"Edwin Arroyo","CIN",128,579,534,118,75,25,7,11,64,60,34,1,146,5,4,2,0,17,5,0.220974,0.0587219,0.252159,0.232877,0.272097,0.355805,0.273449,0.627902,0.134831,6.78819,0.28084,,0.483124,50.6137,-17.1166,67.2422,0.483124,-2.2,-22.197486370801926,4.182275056838989,0.127132,999,,,,,,,477.9,3.73359375,477.9,3.73359375,,,,,,,,,,,,,,,,,,,"Edwin Arroyo","sa3017626",695490
"Garrett Cooper",,93,340,305,73,47,16,1,9,28,43,28,0,101,4,3,0,7,0,0,0.239344,0.0823529,0.297059,0.277228,0.308824,0.386885,0.305072,0.695709,0.147541,1.55862,0.323232,,-0.623501,38.3749,-1.39764,93.8078,-0.623501,-0.7,-3.1410840153694153,-6.946325480937958,0.125412,750.739990234375,,,,,,,336.5,3.618279569,336.5,3.618279569,,,,,,,,,,,,,,,,,,,"Garrett Cooper","15279",643265
"Erik González",,115,423,400,96,74,17,1,4,43,39,18,0,103,2,2,1,12,4,2,0.24,0.0425532,0.243499,0.174757,0.274882,0.3175,0.26115,0.592382,0.0775,3.79904,0.311864,,-0.7519,32.7895,-16.6923,58.9638,-0.7519,4,-21.509077847003937,8.66269826889038,0.12541,999,,,,,,,292.2,2.540869565,292.2,2.540869565,,,,,,,,,,,,,,,,,,,"Erik Gonzalez","13369",570481
"Turner Hill","SFG",105,434,388,90,67,18,4,1,43,38,32,0,59,7,2,5,4,16,6,0.231959,0.0737327,0.135945,0.542373,0.300699,0.306701,0.273094,0.6074,0.0747423,6.08495,0.269697,,-0.0666352,37.8144,-12.9541,75.4447,-0.0666352,-2,-12.81035427749157,-0.40534985065460205,0.12503,999,,,,,,,331,3.152380952,331,3.152380952,,,,,,,,,,,,,,,,,,,"Turner Hill","sa3020943",806367
"Joe Lampe","CLE",114,439,398,87,62,17,4,4,42,38,32,0,105,5,2,2,4,12,2,0.218593,0.0728929,0.23918,0.304762,0.283753,0.311558,0.26591,0.595311,0.0929648,6.28027,0.285223,,0.808637,35.7118,-15.6416,72.0808,0.808637,4.6,-13.215382814407349,-0.23906517028808594,0.125008,999,,,,,,,327.1,2.869298245,327.1,2.869298245,,,,,,,,,,,,,,,,,,,"Joe Lampe","sa3020642",802407
"Tyresse Turner","CLE",73,264,235,48,38,5,2,3,35,22,20,0,93,4,1,4,2,13,1,0.204255,0.0757576,0.352273,0.215054,0.276923,0.280851,0.252959,0.557774,0.0765957,8.14862,0.321429,,1.70566,18.7239,-12.1584,62.9703,1.70566,0.9,-9.479938745498657,1.8700175881385803,0.124866,999,,,,,,,181.8,2.490410958,181.8,2.490410958,,,,,,,,,,,,,,,,,,,"Tyresse Turner","sa3020759",687930
"Bryan Broecker","TBR",55,198,172,27,22,4,0,1,14,13,20,0,73,3,1,2,3,5,1,0.156977,0.10101,0.368687,0.273973,0.255102,0.197674,0.216368,0.452776,0.0406977,4.09527,0.262626,,0.239835,8.21178,-14.9499,40.0388,0.239835,4.3,-13.344577014446259,7.93756628036499,0.124677,999,,,,,,,75.9,1.38,75.9,1.38,,,,,,,,,,,,,,,,,,,"Bryan Broecker","sa3022814",802541
"Bryce Eldridge","SFG",127,545,494,120,76,25,2,17,62,68,41,2,170,4,6,0,3,3,0,0.242915,0.0752294,0.311927,0.241176,0.302752,0.404858,0.305988,0.707611,0.161943,3.95878,0.329073,,-0.339198,61.9144,-1.8386,97.5842,-0.339198,-5,-1.9136301577091217,-15.012492179870605,0.122888,999,,,,,,,562.4,4.428346456,562.4,4.428346456,,,,,,,,,,,,,,,,,,,"Bryce Eldridge","33390",805811
"Carlos Linarez","STL",41,134,125,23,18,4,0,1,7,9,6,0,45,1,1,1,3,1,0,0.184,0.0447761,0.335821,0.133333,0.225564,0.24,0.208971,0.465564,0.056,2.70078,0.275,,0.00268944,4.75966,-10.9154,31.7863,0.00268944,5.2,-10.927751459181309,7.661787033081055,0.122719,999,,,,,,,47.7,1.163414634,47.7,1.163414634,,,,,,,,,,,,,,,,,,,"Carlos Linarez","sa3016346",701800
"Adael Amador","COL",113,484,428,103,77,14,2,10,56,52,48,0,90,5,2,1,10,17,7,0.240654,0.0991736,0.18595,0.533333,0.322981,0.352804,0.301882,0.675785,0.11215,5.25417,0.281818,,-0.46106,53.3853,-3.23204,79.749,-0.46106,-4.5,-12.181763797998428,-2.7216343879699707,0.122378,698.22998046875,,,,,,,466.5,4.128318584,466.5,4.128318584,,,,,,,,,,,,,,,,,,,"Adael Amador","27962",691182
"Phil Clarke","TOR",79,311,274,62,48,11,0,3,33,30,28,0,46,8,1,0,8,2,0,0.226277,0.0900322,0.14791,0.608696,0.315113,0.29927,0.280794,0.614383,0.0729927,3.26766,0.261062,,-0.262963,29.0249,-7.35533,82.6552,-0.262963,-8.5,-6.435101687908173,-2.7864489555358887,0.120571,999,,,,,,,245.1,3.102531645,245.1,3.102531645,,,,,,,,,,,,,,,,,,,"Phil Clarke","sa3011379",671287
"Ezequiel Pagan",,95,383,355,84,64,11,2,7,41,45,17,0,80,8,2,1,6,5,2,0.23662,0.0443864,0.208877,0.2125,0.28534,0.338028,0.275477,0.623369,0.101408,4.70036,0.285185,,-0.512438,34.1053,-10.6973,76.7799,-0.512438,3.8,-11.147103905677795,-0.4217813014984131,0.120027,999,,,,,,,303.4,3.19368421,303.4,3.19368421,,,,,,,,,,,,,,,,,,,"Ezequiel Pagan","sa3007975",681868
"Diego Cartaya","SFG",100,423,377,73,45,16,0,12,47,44,36,1,141,8,2,0,11,1,0,0.193634,0.0851064,0.333333,0.255319,0.276596,0.331565,0.270674,0.608161,0.137931,2.65124,0.269911,,-0.494533,36.0321,-13.4496,74.8645,-0.494533,-8.1,-12.660153031349182,-0.32883644104003906,0.117879,999,,,,,,,324.9,3.249,324.9,3.249,,,,,,,,,,,,,,,,,,,"Diego Cartaya","sa3008742",682616
"Josh Crouch","LAA",82,327,303,63,45,12,0,6,29,34,17,0,100,5,2,0,11,1,0,0.207921,0.0519878,0.30581,0.17,0.259939,0.306931,0.251817,0.56687,0.0990099,2.50738,0.286432,,-0.328792,22.8916,-15.3603,59.152,-0.328792,-0.2,-15.612337797880173,5.807495400309563,0.11553,999,,,,,,,208.9,2.547560975,208.9,2.547560975,,,,,,,,,,,,,,,,,,,"Josh Crouch","sa3017370",676509
"Wilfredo Lara","MIA",108,444,405,88,62,15,3,8,48,42,32,1,116,5,2,0,8,8,3,0.217284,0.0720721,0.261261,0.275862,0.281532,0.328395,0.270008,0.609927,0.111111,5.48709,0.282686,,-0.388477,37.5827,-14.3556,68.7782,-0.388477,-1.6,-16.965338945388794,3.2941797971725464,0.112322,999,,,,,,,341.4,3.161111111,341.4,3.161111111,,,,,,,,,,,,,,,,,,,"Wilfredo Lara","sa3017123",702906
"Reed Trimble","BAL",58,230,207,43,29,10,1,3,32,21,20,1,54,1,2,0,2,12,0,0.207729,0.0869565,0.234783,0.37037,0.278261,0.309179,0.260552,0.58744,0.101449,7.6411,0.263158,,2.01327,17.7182,-9.18679,69.6928,2.01327,1.9,-5.962623119354248,-0.6352733373641968,0.112085,999,,,,,,,182.5,3.146551724,182.5,3.146551724,,,,,,,,,,,,,,,,,,,"Reed Trimble","sa3017180",701655
"Archer Brookman","DET",57,212,184,32,23,6,0,3,16,17,18,0,55,5,3,2,4,0,0,0.173913,0.0849057,0.259434,0.327273,0.261905,0.255435,0.237906,0.51734,0.0815217,1.24658,0.224806,,-0.363051,12.4673,-12.3321,52.3291,-0.363051,2,-11.926704406738281,5.894767761230469,0.108436,999,,,,,,,109.8,1.926315789,109.8,1.926315789,,,,,,,,,,,,,,,,,,,"Archer Brookman","sa3020950",666386
"Brandon McIlwain",,95,391,350,75,52,15,2,6,35,42,28,0,118,10,2,1,6,8,4,0.214286,0.0716113,0.30179,0.237288,0.289744,0.32,0.273438,0.609744,0.105714,4.8822,0.302632,,-0.730344,34.1759,-11.5625,77.2225,-0.730344,3.7,-11.380186855793,-0.6099646091461182,0.103984,999,,,,,,,299.3,3.150526315,299.3,3.150526315,,,,,,,,,,,,,,,,,,,"Brandon McIlwain","sa3015076",666140
"Justin Wishkoski","SFG",110,437,393,88,65,18,1,4,42,44,27,0,83,12,2,3,5,8,3,0.223919,0.0617849,0.189931,0.325301,0.292627,0.305344,0.26942,0.59797,0.0814249,4.41295,0.272727,,-0.435831,36.7836,-14.3358,72.9719,-0.435831,-0.6,-14.55984216928482,1.0056730508804321,0.100373,999,,,,,,,319.1,2.90090909,319.1,2.90090909,,,,,,,,,,,,,,,,,,,"Justin Wishkoski","sa3022686",801076
"Eli Wilson","SDP",51,179,162,33,23,6,1,3,16,18,12,0,49,3,1,1,5,2,1,0.203704,0.0670391,0.273743,0.244898,0.269663,0.308642,0.258286,0.578305,0.104938,4.44987,0.27027,,-0.304918,13.4628,-7.47623,60.924,-0.304918,0.4,-8.66912192106247,3.6885067522525787,0.100119,999,,,,,,,120.1,2.35490196,120.1,2.35490196,,,,,,,,,,,,,,,,,,,"Eli Wilson","sa918961",670250
"Miguel Sanó",,75,287,254,52,30,10,0,12,33,34,29,1,106,3,1,0,5,1,0,0.204724,0.101045,0.369338,0.273585,0.292683,0.385827,0.297368,0.67851,0.181102,2.54206,0.291971,,-0.281438,30.6135,-2.9592,91.1937,-0.281438,-6.5,-3.173319697380066,-5.4454731941223145,0.100022,999,,,,,,,276.9,3.692,276.9,3.692,,,,,,,,,,,,,,,,,,,"Miguel Sano","12164",593934
"Darick Hall",,116,470,427,96,61,19,0,16,43,51,36,2,114,4,3,0,9,1,1,0.224824,0.0765957,0.242553,0.315789,0.289362,0.381733,0.292145,0.671095,0.156909,1.58088,0.266667,,-0.986356,48.1577,-6.82203,83.7133,-0.986356,4.1,-10.139933049678802,-4.534626483917236,0.0979504,748.780029296875,,,,,,,435.2,3.751724137,435.2,3.751724137,,,,,,,,,,,,,,,,,,,"Darick Hall","19717",669742
"Malcolm Moore","TEX",30,110,99,21,13,5,0,3,12,13,7,0,35,3,1,0,5,1,1,0.212121,0.0636364,0.318182,0.2,0.281818,0.353535,0.280616,0.635354,0.141414,3.11479,0.290323,,-0.386532,10.2503,-2.61733,81.1993,-0.386532,-2,-2.752843916416168,0.020869970321655273,0.0973485,999,,,,,,,90.4,3.013333333,90.4,3.013333333,,,,,,,,,,,,,,,,,,,"Malcolm Moore","sa3025250",702270
"Nate Baez","MIN",75,291,263,55,34,12,1,8,30,35,22,0,106,5,1,0,4,0,0,0.209125,0.0756014,0.364261,0.207547,0.281787,0.353612,0.281031,0.635399,0.144487,2.51061,0.313333,,-0.481438,27.2138,-6.82679,82.1499,-0.481438,-7.7,-6.424907296895981,-2.353879928588867,0.0972984,999,,,,,,,241.7,3.222666666,241.7,3.222666666,,,,,,,,,,,,,,,,,,,"Nate Baez","sa3020272",686960
"Kahlil Watson","CLE",103,411,371,73,46,13,2,12,47,49,32,0,143,5,3,0,7,12,6,0.196765,0.0778589,0.347932,0.223776,0.26764,0.339623,0.268357,0.607263,0.142857,5.77572,0.278539,,-0.685109,34.2434,-13.8346,73.8019,-0.685109,-1.3,-13.005300879478455,0.21014118194580078,0.0964972,999,,,,,,,316.7,3.074757281,316.7,3.074757281,,,,,,,,,,,,,,,,,,,"Kahlil Watson","sa3017513",696135
"Dalton Shuffield",,76,265,241,52,36,9,2,5,30,26,20,0,90,2,1,1,3,7,2,0.215768,0.0754717,0.339623,0.222222,0.280303,0.33195,0.271525,0.612253,0.116183,6.3313,0.319728,,0.132227,22.7546,-8.24455,75.4625,0.132227,-1.6,-7.307926416397095,-0.6263080835342407,0.0948217,999,,,,,,,208.4,2.742105263,208.4,2.742105263,,,,,,,,,,,,,,,,,,,"Dalton Shuffield","sa3020270",684922
"Kyren Paris","LAA",111,444,393,77,51,16,2,8,53,44,42,0,157,5,2,2,8,20,4,0.195929,0.0945946,0.353604,0.267516,0.280543,0.307888,0.265067,0.588431,0.111959,6.78047,0.3,,1.60652,35.817,-16.1212,68.4722,1.60652,-4.4,-14.410547971725464,0.49417972564697266,0.0945516,740.1099853515625,,,,,,,339,3.054054054,339,3.054054054,,,,,,,,,,,,,,,,,,,"Kyren Paris","26420",677347
"Matthew Dyer",,52,201,183,38,26,7,2,3,22,20,14,0,82,3,0,1,2,4,1,0.20765,0.0696517,0.40796,0.170732,0.275,0.31694,0.264213,0.59194,0.10929,6.71824,0.357143,,0.0556194,16.0764,-7.4362,73.6938,0.0556194,2.4,-5.994430340826511,0.18439173698425293,0.0934035,999,,,,,,,145.5,2.798076923,145.5,2.798076923,,,,,,,,,,,,,,,,,,,"Matthew Dyer","sa3014883",686546
"Dillan Shrum",,107,422,370,78,50,15,2,11,42,52,35,0,155,14,2,1,6,0,0,0.210811,0.0829384,0.367299,0.225806,0.301663,0.351351,0.291758,0.653014,0.140541,2.66737,0.325243,,-0.78135,43.1079,-6.2568,84.5504,-0.78135,2.8,-8.241285502910614,-4.952792406082153,0.0932479,999,,,,,,,372.1,3.477570093,372.1,3.477570093,,,,,,,,,,,,,,,,,,,"Dillan Shrum","sa3017111",686770
"Juan Yepez","WSN",132,518,471,117,76,23,1,17,53,61,38,0,97,4,5,0,17,2,2,0.248408,0.0733591,0.187259,0.391753,0.30695,0.409766,0.311512,0.716716,0.161359,2.45952,0.276243,,-1.34132,61.1504,0.555802,99.6994,-1.34132,-5.3,-1.5275288373231888,-14.816461563110352,0.0903191,679.010009765625,,,,,,,540.6,4.095454545,540.6,4.095454545,,,,,,,,,,,,,,,,,,,"Juan Yepez","18400",660766
"Mario Camilletti","CHW",99,426,365,79,58,16,1,4,43,34,52,0,96,4,3,2,6,2,2,0.216438,0.122066,0.225352,0.541667,0.318396,0.29863,0.282345,0.617026,0.0821918,2.77745,0.279851,,-1.30975,40.2892,-9.54348,81.8867,-1.30975,-4.8,-10.138782858848572,-3.234744429588318,0.0885148,999,,,,,,,333.3,3.366666666,333.3,3.366666666,,,,,,,,,,,,,,,,,,,"Mario Camilletti","sa3020192",680519
"Matthew Lugo","LAA",98,402,371,85,54,18,4,9,47,44,22,1,109,6,2,1,9,9,3,0.229111,0.0547264,0.271144,0.201835,0.281796,0.371968,0.284479,0.653763,0.142857,6.51599,0.298039,,-0.0543054,38.7097,-8.31548,82.1268,-0.0543054,0.1,-8.275490142405033,-4.331216715276241,0.0849101,742.4299926757812,,,,,,,357.3,3.645918367,357.3,3.645918367,,,,,,,,,,,,,,,,,,,"Matthew Lugo","25980",683090
"Blaze Jordan","STL",110,454,426,105,72,23,2,8,40,51,20,1,66,5,3,0,13,1,1,0.246479,0.0440529,0.145374,0.30303,0.286344,0.366197,0.2839,0.652541,0.119718,2.60173,0.273239,,-0.962679,43.5054,-9.60264,77.696,-0.962679,-3.5,-12.548969328403473,-1.8318636417388916,0.0810826,999,,,,,,,389.4,3.54,389.4,3.54,,,,,,,,,,,,,,,,,,,"Blaze Jordan","sa3014537",691458
"Isiah Gilliam",,99,392,345,73,45,16,2,10,44,44,41,0,150,4,2,0,9,10,4,0.211594,0.104592,0.382653,0.273333,0.30102,0.356522,0.292243,0.657542,0.144928,5.57892,0.336898,,-0.330344,40.1964,-5.65899,95.7397,-0.330344,0,-2.241226315498352,-10.082304954528809,0.0796558,999,,,,,,,358.4,3.62020202,358.4,3.62020202,,,,,,,,,,,,,,,,,,,"Isiah Gilliam","sa829343",656462
"Michael Toglia","COL",136,564,501,113,65,20,3,25,70,75,57,1,169,3,3,0,9,7,3,0.225549,0.101064,0.299645,0.337278,0.306738,0.427146,0.318227,0.733883,0.201597,4.54855,0.283871,,-0.79368,69.6291,3.65347,90.7504,-0.79368,-0.6,-7.031964182853699,-10.961552262306213,0.0778773,182.07000732421875,,,,,,,626.8,4.608823529,626.8,4.608823529,,,,,,,,,,,,,,,,,,,"Michael Toglia","25845",669911
"Chase Adkison","STL",63,230,207,45,34,8,1,2,18,22,15,0,53,4,2,2,6,0,1,0.217391,0.0652174,0.230435,0.283019,0.280702,0.294686,0.258424,0.575388,0.0772947,2.60934,0.279221,,-0.823305,17.3241,-9.58085,65.0712,-0.823305,-0.7,-10.429969429969788,3.5254557728767395,0.0765054,999,,,,,,,146.9,2.331746031,146.9,2.331746031,,,,,,,,,,,,,,,,,,,"Chase Adkison","sa3022433",801187
"Francisco Acuna","SDP",57,194,171,34,21,11,0,2,18,21,13,0,48,6,0,4,3,3,1,0.19883,0.0670103,0.247423,0.270833,0.278947,0.298246,0.261547,0.577193,0.0994152,3.99145,0.264463,,-0.120703,15.1002,-7.59357,69.3823,-0.120703,0.8,-7.223589971661568,1.5128160119056702,0.0762045,999,,,,,,,130,2.280701754,130,2.280701754,,,,,,,,,,,,,,,,,,,"Francisco Acuna","sa3003291",672696
"Chris Rotondo",,106,404,362,78,56,15,2,5,45,39,27,0,139,10,2,3,4,8,3,0.21547,0.0668317,0.344059,0.194245,0.286783,0.309392,0.267902,0.596175,0.0939227,5.61354,0.331818,,-0.349014,33.5123,-13.7469,71.451,-0.349014,5.9,-14.141225069761276,1.446737289428711,0.0758705,999,,,,,,,294.5,2.778301886,294.5,2.778301886,,,,,,,,,,,,,,,,,,,"Chris Rotondo","sa3019861",700658
"Caleb Cali","SEA",120,509,454,90,58,19,2,11,54,50,47,0,179,5,3,0,7,4,2,0.198238,0.0923379,0.35167,0.26257,0.278978,0.321586,0.268545,0.600564,0.123348,4.10284,0.29588,,-0.878179,42.4854,-17.0564,79.0701,-0.878179,-5.1,-13.067823112010956,-3.2297765016555786,0.0728737,999,,,,,,,377.9,3.149166666,377.9,3.149166666,,,,,,,,,,,,,,,,,,,"Caleb Cali","sa3022651",687730
"Dylan Campbell","PHI",120,500,460,100,72,18,2,8,54,47,34,1,132,3,3,0,3,21,5,0.217391,0.068,0.264,0.257576,0.274,0.317391,0.261607,0.591391,0.1,6.11663,0.28483,,1.32259,38.9421,-19.5469,65.1563,1.32259,9.1,-19.510566353797913,3.5885367393493652,0.0721043,999,,,,,,,375.7,3.130833333,375.7,3.130833333,,,,,,,,,,,,,,,,,,,"Dylan Campbell","sa3022751",694749
"Jackson Castillo","NYY",108,411,364,75,52,14,2,7,47,41,41,1,110,3,3,0,8,10,4,0.206044,0.0997567,0.26764,0.372727,0.289538,0.313187,0.269912,0.602725,0.107143,5.51123,0.272,,-0.369806,34.7579,-13.3201,73.6463,-0.369806,-1.8,-12.763167768716812,-0.2898588180541992,0.0698652,999,,,,,,,313.6,2.903703703,313.6,2.903703703,,,,,,,,,,,,,,,,,,,"Jackson Castillo","sa3023111",814431
"Cade Doughty","TOR",71,288,266,59,40,11,1,7,30,33,15,0,92,5,1,1,4,1,2,0.221805,0.0520833,0.319444,0.163043,0.275261,0.349624,0.275061,0.624885,0.12782,3.35463,0.309524,,-1.08356,25.5493,-8.14041,78.6221,-1.08356,-1.9,-8.128284096717834,-0.8417989015579224,0.0671918,999,,,,,,,224.1,3.156338028,224.1,3.156338028,,,,,,,,,,,,,,,,,,,"Cade Doughty","sa3020196",683103
"Tres Gonzalez","PIT",103,429,381,91,74,14,1,2,43,34,31,1,95,6,2,9,5,8,6,0.238845,0.0722611,0.221445,0.326316,0.304762,0.296588,0.270866,0.60135,0.0577428,3.98355,0.311189,,-1.6982,36.6095,-13.5741,69.3915,-1.6982,8.5,-17.400416254997253,3.7711639404296875,0.0651549,999,,,,,,,303.1,2.942718446,303.1,2.942718446,,,,,,,,,,,,,,,,,,,"Tres Gonzalez","sa3020121",687206
"Zach Humphreys","LAA",78,290,256,52,39,10,0,3,33,23,29,0,76,1,2,2,6,6,3,0.203125,0.1,0.262069,0.381579,0.284722,0.277344,0.256198,0.562066,0.0742188,4.08622,0.273743,,-0.559596,21.3239,-12.5997,62.2336,-0.559596,-1.3,-13.091285049915314,4.027748346328735,0.06444,999,,,,,,,185.4,2.376923076,185.4,2.376923076,,,,,,,,,,,,,,,,,,,"Zach Humphreys","sa3016853",668876
"Lazaro Armenteros",,86,314,277,58,39,10,1,8,35,36,30,0,140,6,1,0,4,11,6,0.209386,0.0955414,0.44586,0.214286,0.299363,0.33935,0.286347,0.638713,0.129964,5.29872,0.384615,,-0.82197,30.7082,-6.02291,89.1834,-0.82197,-1.7,-4.708170533180237,-5.161199331283569,0.0640156,999,,,,,,,269.8,3.137209302,269.8,3.137209302,,,,,,,,,,,,,,,,,,,"Lazaro Armenteros","sa969091",670860
"Trey Mancini",,117,458,412,98,64,22,1,11,48,51,37,2,117,6,3,0,11,0,0,0.237864,0.080786,0.255459,0.316239,0.30786,0.376214,0.299569,0.684074,0.13835,1.88278,0.303136,,-0.828704,49.665,-3.91099,89.6626,-0.828704,0.3,-6.490302562713623,-8.114168345928192,0.0639932,750.7999877929688,,,,,,,438.7,3.749572649,438.7,3.749572649,,,,,,,,,,,,,,,,,,,"Trey Mancini","15149",641820
"Mark Kolozsvary","BOS",42,137,121,21,13,5,0,3,15,16,10,0,50,6,0,0,2,1,0,0.173554,0.0729927,0.364964,0.2,0.270073,0.289256,0.256173,0.559329,0.115702,4.04073,0.264706,,-0.0288802,10.071,-5.95498,58.1928,-0.0288802,0.1,-6.582447178661823,2.616901732981205,0.0630982,999,,,,,,,89.2,2.123809523,89.2,2.123809523,,,,,,,,,,,,,,,,,,,"Mark Kolozsvary","21304",656627
"Rece Hinds","CIN",116,461,425,91,50,20,4,17,52,60,28,1,183,5,3,0,7,13,4,0.214118,0.0607375,0.396963,0.153005,0.26898,0.4,0.288228,0.66898,0.185882,6.60653,0.324561,,0.332796,45.7822,-8.14466,77.1894,0.332796,2.6,-12.241951316595078,-2.481569766998291,0.0619969,743.4600219726562,,,,,,,437.7,3.773275862,437.7,3.773275862,,,,,,,,,,,,,,,,,,,"Rece Hinds","27493",677956
"Michael Turconi",,102,404,357,75,56,15,1,3,44,32,40,0,125,4,2,1,4,5,1,0.210084,0.0990099,0.309406,0.32,0.295285,0.282913,0.263963,0.578199,0.0728291,4.58209,0.311688,,-0.194249,32.2315,-15.0277,70.8159,-0.194249,-0.7,-13.684912160038948,0.784420907497406,0.0614687,999,,,,,,,279.1,2.736274509,279.1,2.736274509,,,,,,,,,,,,,,,,,,,"Michael Turconi","sa3020195",681580
"Chance Sisco",,40,130,118,20,12,5,0,3,11,14,9,0,48,3,0,0,4,0,0,0.169492,0.0692308,0.369231,0.1875,0.246154,0.288136,0.241264,0.534289,0.118644,1.44093,0.253731,,-0.189418,7.99646,-7.21069,53.5217,-0.189418,1.3,-7.41469794511795,3.688300848007202,0.061435,999,,,,,,,72.7,1.8175,72.7,1.8175,,,,,,,,,,,,,,,,,,,"Chance Sisco","15694",642082
"Gabriel Rincones Jr.","PHI",99,414,371,77,47,18,2,10,48,48,36,0,123,6,1,0,6,14,5,0.207547,0.0869565,0.297101,0.292683,0.28744,0.347709,0.282189,0.635149,0.140162,6.01138,0.280335,,0.0725424,39.1023,-9.32665,79.0095,0.0725424,1.7,-10.319091580808163,-2.863492250442505,0.0597909,999,,,,,,,356.4,3.6,356.4,3.6,,,,,,,,,,,,,,,,,,,"Gabriel Rincones Jr.","sa3020758",687282
"Jameson Hannah",,44,174,158,42,31,8,1,2,19,16,12,0,41,1,2,1,1,3,0,0.265823,0.0689655,0.235632,0.292683,0.317919,0.367089,0.300853,0.685008,0.101266,5.45853,0.34188,,0.252733,19.048,-1.30614,79.0559,0.252733,0.8,-4.105114281177521,-1.1179893612861633,0.0579101,999,,,,,,,169.6,3.854545454,169.6,3.854545454,,,,,,,,,,,,,,,,,,,"Jameson Hannah","sa3007046",680683
"Tim Locastro","SDP",57,158,138,29,20,6,0,3,22,17,8,0,37,10,0,2,1,7,2,0.210145,0.0506329,0.234177,0.216216,0.301282,0.318841,0.28221,0.620123,0.108696,6.11688,0.265306,,0.290075,14.9257,-3.55682,83.2897,0.290075,-0.1,-2.867119461297989,-1.841622568666935,0.0561044,999,,,,,,,131.7,2.310526315,131.7,2.310526315,,,,,,,,,,,,,,,,,,,"Tim Locastro","15124",641796
"Rayne Doncon","MIN",103,449,413,84,51,21,2,10,47,45,30,1,125,4,2,0,15,3,2,0.20339,0.0668151,0.278396,0.24,0.262806,0.336562,0.263063,0.599368,0.133172,4.04734,0.264286,,-0.872976,35.4961,-17.027,69.5103,-0.872976,-2.9,-16.537062644958496,2.0492944717407227,0.0527887,999,,,,,,,325.8,3.163106796,325.8,3.163106796,,,,,,,,,,,,,,,,,,,"Rayne Doncon","sa3016720",699061
"Kaelen Culpepper","MIN",27,118,108,22,16,3,1,2,15,13,8,0,21,2,0,0,2,2,1,0.203704,0.0677966,0.177966,0.380952,0.271186,0.305556,0.258587,0.576742,0.101852,5.99835,0.235294,,-0.210209,8.90354,-4.89988,66.362,-0.210209,0,-4.751901164650917,1.3007054328918457,0.050669,999,,,,,,,79.4,2.94074074,79.4,2.94074074,,,,,,,,,,,,,,,,,,,"Kaelen Culpepper","sa3025360",701785
"Jac Caglianone","KCR",39,137,125,29,15,9,1,4,17,18,10,1,30,2,0,0,2,1,0,0.232,0.0729927,0.218978,0.333333,0.29927,0.416,0.308431,0.71527,0.184,5.15318,0.274725,,-0.00520298,15.8332,-0.192773,96.2785,-0.00520298,-1,-0.5885660946369171,-3.516901731491089,0.0486473,999,,,,,,,144.7,3.71025641,144.7,3.71025641,,,,,,,,,,,,,,,,,,,"Jac Caglianone","35041",695506
"Andrew Pinckney","WSN",134,541,496,116,85,19,5,7,62,54,31,0,168,11,1,2,6,16,7,0.233871,0.0573013,0.310536,0.184524,0.293135,0.334677,0.278965,0.627813,0.100806,6.36136,0.338509,,-0.637382,49.6934,-13.5917,77.7926,-0.637382,-4.5,-15.004075944423676,-2.5121986865997314,0.048207,999,,,,,,,439.8,3.282089552,439.8,3.282089552,,,,,,,,,,,,,,,,,,,"Andrew Pinckney","sa3022670",687605
"Donny Sands",,72,297,270,60,44,12,0,4,27,26,23,0,66,1,3,0,10,1,1,0.222222,0.0774411,0.222222,0.348485,0.282828,0.311111,0.264705,0.593939,0.0888889,2.08523,0.275862,,-0.741691,23.8721,-10.8704,69.7979,-0.741691,-3.4,-11.468104839324951,2.056349277496338,0.0475735,999,,,,,,,209.5,2.909722222,209.5,2.909722222,,,,,,,,,,,,,,,,,,,"Donny Sands","18603",664848
"Paul McIntosh","PHI",102,418,372,80,53,15,1,11,45,54,36,1,101,8,2,0,12,4,2,0.215054,0.0861244,0.241627,0.356436,0.296651,0.349462,0.286724,0.646113,0.134409,3.62569,0.263359,,-0.767685,41.006,-7.89087,82.0622,-0.767685,-11.4,-9.733826100826263,-3.7206931114196777,0.045438,999,,,,,,,362.6,3.55490196,362.6,3.55490196,,,,,,,,,,,,,,,,,,,"Paul McIntosh","sa3017372",682192
"Kevin Plawecki",,73,262,238,52,38,10,0,4,22,24,20,0,50,2,1,1,11,0,0,0.218487,0.0763359,0.19084,0.4,0.283525,0.310924,0.266172,0.594449,0.092437,1.17227,0.259459,,-0.473545,21.3684,-9.2799,72.4954,-0.473545,-4,-9.090771943330765,0.8133449554443359,0.0445698,999,,,,,,,185.8,2.545205479,185.8,2.545205479,,,,,,,,,,,,,,,,,,,"Kevin Plawecki","13807",608700
"Jimmy Glowenke",,102,397,356,71,47,18,0,6,39,42,24,0,103,12,2,3,7,2,1,0.199438,0.0604534,0.259446,0.23301,0.271574,0.300562,0.257613,0.572135,0.101124,3.03738,0.261044,,-0.660077,29.6439,-16.7964,65.0248,-0.660077,3,-17.264041304588318,4.458700776100159,0.0403909,999,,,,,,,259.2,2.54117647,259.2,2.54117647,,,,,,,,,,,,,,,,,,,"Jimmy Glowenke","sa3014548",694368
"Alex De Jesus","TOR",105,449,412,92,62,19,3,8,49,43,32,0,149,3,2,0,8,3,3,0.223301,0.0712695,0.331849,0.214765,0.282851,0.342233,0.275902,0.625084,0.118932,4.31989,0.326848,,-1.38058,40.136,-12.3872,79.2137,-1.38058,-4.2,-12.059572696685791,-2.5502349138259888,0.0401847,999,,,,,,,352.9,3.36095238,352.9,3.36095238,,,,,,,,,,,,,,,,,,,"Alex De Jesus","sa3008842",682942
"Nick Clarno","ATL",34,132,118,19,15,2,0,2,12,11,12,0,44,2,0,0,3,2,0,0.161017,0.0909091,0.333333,0.272727,0.25,0.228814,0.223816,0.478814,0.0677966,4.25925,0.236111,,0.17112,6.26577,-9.17533,39.1172,0.17112,3,-9.439015328884125,5.425044059753418,0.0386009,999,,,,,,,58.8,1.729411764,58.8,1.729411764,,,,,,,,,,,,,,,,,,,"Nick Clarno","sa3019904",805339
"Chris Brito","KCR",76,293,244,54,40,11,0,3,26,24,38,0,54,4,3,4,11,3,2,0.221311,0.129693,0.1843,0.703704,0.33218,0.303279,0.29164,0.635459,0.0819672,2.54635,0.268421,,-0.857191,29.9026,-4.372,84.4674,-0.857191,2,-6.064542651176453,-3.3828630447387695,0.035145,999,,,,,,,244.6,3.218421052,244.6,3.218421052,,,,,,,,,,,,,,,,,,,"Chris Brito","sa3023486",701594
"Jacob Buchberger","STL",108,427,393,85,64,12,3,6,46,38,30,1,114,3,1,0,10,7,4,0.216285,0.0702576,0.266979,0.263158,0.276347,0.307888,0.259849,0.584235,0.0916031,5.24827,0.288321,,-0.977698,32.6524,-17.2973,66.0304,-0.977698,2.9,-18.322884380817413,4.468930125236511,0.0350822,999,,,,,,,292.4,2.707407407,292.4,2.707407407,,,,,,,,,,,,,,,,,,,"Jacob Buchberger","sa3014987",689750
"Jeisson Rosario","ATH",95,386,340,71,52,12,2,5,35,29,40,0,116,2,2,2,7,6,5,0.208824,0.103627,0.300518,0.344828,0.294271,0.3,0.269104,0.594271,0.0911765,4.18632,0.298643,,-1.56692,32.3924,-12.7612,77.0539,-1.56692,3.4,-11.701416373252869,-0.8548498153686523,0.0349194,999,,,,,,,274.2,2.886315789,274.2,2.886315789,,,,,,,,,,,,,,,,,,,"Jeisson Rosario","sa3004146",671271
"Mason Auer","TBR",109,446,408,83,55,16,5,7,45,44,28,0,143,6,2,2,6,21,7,0.203431,0.0627803,0.320628,0.195804,0.263514,0.318627,0.257835,0.582141,0.115196,7.48115,0.292308,,0.66253,33.3825,-18.7897,69.2074,0.66253,5.4,-15.051462531089783,0.48377418518066406,0.0341846,999,,,,,,,319.8,2.933944954,319.8,2.933944954,,,,,,,,,,,,,,,,,,,"Mason Auer","sa3017791",687020
"Bryan Rincon","PHI",76,309,271,50,32,12,1,5,38,28,30,0,86,4,3,1,2,9,4,0.184502,0.0970874,0.278317,0.348837,0.272727,0.291513,0.255392,0.56424,0.107011,5.68563,0.245902,,-0.340925,22.5206,-13.6256,60.9734,-0.340925,1.4,-14.761436730623245,4.806084513664246,0.032628,999,,,,,,,204.4,2.689473684,204.4,2.689473684,,,,,,,,,,,,,,,,,,,"Bryan Rincon","sa3020221",804858
"Zach Daniels",,80,341,312,65,44,12,0,9,37,36,24,0,141,4,1,0,6,10,3,0.208333,0.0703812,0.41349,0.170213,0.272727,0.333333,0.268959,0.606061,0.125,4.5711,0.343558,,0.216726,28.5764,-11.3131,74.5271,0.216726,2.4,-9.722165018320084,-1.3588182926177979,0.0320331,999,,,,,,,266,3.325,266,3.325,,,,,,,,,,,,,,,,,,,"Zach Daniels","sa3014935",671113
"Duce Gourson","PIT",23,100,85,15,11,4,0,0,10,9,10,0,25,5,0,0,0,2,1,0.176471,0.1,0.25,0.4,0.3,0.223529,0.252089,0.523529,0.0470588,4.22487,0.25,,-0.210209,7.02234,-4.67546,56.7528,-0.210209,2,-5.381745353341103,2.3674309253692627,0.0319875,999,,,,,,,56.6,2.460869565,56.6,2.460869565,,,,,,,,,,,,,,,,,,,"Duce Gourson","sa3025248",701546
"Tyler Neslony",,83,323,297,67,44,17,1,5,31,31,23,1,83,2,1,0,6,7,4,0.225589,0.0712074,0.256966,0.277108,0.28483,0.340067,0.275031,0.624897,0.114478,4.40059,0.295238,,-0.75671,28.6466,-9.13736,76.7421,-0.75671,2.4,-9.352364838123322,-1.1604056358337402,0.0286167,999,,,,,,,257.3,3.1,257.3,3.1,,,,,,,,,,,,,,,,,,,"Tyler Neslony","sa918131",664104
"Carter Bins",,77,298,266,50,29,13,1,7,31,32,24,0,117,6,1,1,5,2,1,0.18797,0.0805369,0.392617,0.205128,0.26936,0.323308,0.264899,0.592669,0.135338,4.15779,0.300699,,-0.470659,23.999,-10.8604,65.3747,-0.470659,-2.3,-12.809400618076324,3.1747210025787354,0.0279834,999,,,,,,,214.2,2.781818181,214.2,2.781818181,,,,,,,,,,,,,,,,,,,"Carter Bins","sa1115884",670190
"Tyler Payne",,68,257,243,58,43,12,0,3,23,25,10,0,62,2,1,1,9,1,0,0.238683,0.0389105,0.241245,0.16129,0.273438,0.325103,0.263467,0.59854,0.0864198,2.64609,0.307263,,-0.234083,20.4009,-9.66244,69.5432,-0.234083,-3.4,-9.594152510166168,1.3214874267578125,0.0278965,999,,,,,,,182.7,2.686764705,182.7,2.686764705,,,,,,,,,,,,,,,,,,,"Tyler Payne","21139",665066
"Yolbert Sanchez",,104,418,393,102,85,13,2,2,40,39,17,0,75,3,3,2,12,3,4,0.259542,0.0406699,0.179426,0.226667,0.293269,0.318066,0.270212,0.611335,0.0585242,3.48337,0.31348,,-1.84873,35.4505,-13.4463,70.3446,-1.84873,1.5,-16.671899676322937,3.0358612537384033,0.0266911,999,,,,,,,300.6,2.890384615,300.6,2.890384615,,,,,,,,,,,,,,,,,,,"Yolbert Sanchez","sa3011471",691503
"Jose Ramos","LAD",120,513,465,98,63,18,2,15,52,57,38,1,195,5,4,1,11,4,3,0.210753,0.0740741,0.380117,0.194872,0.275391,0.354839,0.276224,0.630229,0.144086,3.7543,0.320463,,-1.24372,45.99,-14.0197,77.2828,-1.24372,-3.5,-15.17957079410553,-1.615079402923584,0.0266109,999,,,,,,,416.6,3.471666666,416.6,3.471666666,,,,,,,,,,,,,,,,,,,"Jose Ramos","sa3008845",682947
"Avisaíl García",,86,316,290,67,46,10,1,10,30,35,19,1,91,5,2,0,10,3,1,0.231034,0.0601266,0.287975,0.208791,0.287975,0.375862,0.289506,0.663837,0.144828,3.63488,0.298429,,-0.349584,31.7072,-5.25782,81.9021,-0.349584,0.4,-7.188317686319351,-3.083245128393173,0.0240014,999,,,,,,,288.8,3.358139534,288.8,3.358139534,,,,,,,,,,,,,,,,,,,"Avisail Garcia","5760",541645
"Ian Moller","TEX",91,362,321,55,39,12,1,3,28,25,38,0,115,2,1,0,5,7,0,0.17134,0.104972,0.31768,0.330435,0.262431,0.242991,0.234271,0.505422,0.0716511,4.8628,0.254902,,0.776499,20.2296,-22.1165,48.5992,0.776499,2,-20.513914227485657,8.650499820709229,0.0236754,999,,,,,,,189,2.076923076,189,2.076923076,,,,,,,,,,,,,,,,,,,"Ian Moller","sa3017171",695744
"George Lombard Jr.","NYY",123,522,474,94,65,21,1,7,50,48,39,1,150,8,1,0,4,19,7,0.198312,0.0747126,0.287356,0.26,0.270115,0.291139,0.252476,0.561254,0.092827,5.16074,0.273585,,0.0888963,36.8196,-24.243,61.3815,0.0888963,0,-22.977067433297634,5.753968238830566,0.0221402,999,,,,,,,342.3,2.782926829,342.3,2.782926829,,,,,,,,,,,,,,,,,,,"George Lombard Jr.","sa3023233",806146
"Denzer Guzman","LAA",115,465,422,87,62,14,4,7,44,40,34,0,153,3,1,5,8,5,4,0.206161,0.0731183,0.329032,0.222222,0.269565,0.308057,0.257666,0.577622,0.101896,4.78603,0.304182,,-1.40138,34.7412,-19.6536,63.2661,-1.40138,0.5,-20.945936799049377,5.625661373138428,0.0220092,999,,,,,,,303.7,2.640869565,303.7,2.640869565,,,,,,,,,,,,,,,,,,,"Denzer Guzman","28816",694203
"Robbie Grossman",,102,367,311,70,47,15,1,7,39,34,49,0,88,3,4,0,6,5,1,0.22508,0.133515,0.239782,0.556818,0.332425,0.347267,0.30551,0.679692,0.122186,4.12745,0.286364,,-0.186356,41.5519,-1.37909,94.2242,-0.186356,0,-2.6117705404758453,-9.439300537109375,0.0215447,999,,,,,,,358.7,3.516666666,358.7,3.516666666,,,,,,,,,,,,,,,,,,,"Robbie Grossman","5254",543257
"Donovan Solano","TEX",99,337,304,76,58,14,0,4,27,29,24,1,76,7,2,0,7,1,0,0.25,0.0712166,0.225519,0.315789,0.317507,0.335526,0.291045,0.653034,0.0855263,1.989,0.318584,,-0.494533,34.2318,-5.18977,94.8974,-0.494533,0,-2.4620795249938965,-8.667695045471191,0.0131939,634.3099975585938,,,,,,,294.7,2.976767676,294.7,2.976767676,,,,,,,,,,,,,,,,,,,"Donovan Solano","8623",456781
"Micael Ramirez",,62,231,210,44,36,6,0,2,20,17,17,0,46,1,1,2,10,0,1,0.209524,0.0735931,0.199134,0.369565,0.270742,0.266667,0.243681,0.537409,0.0571429,1.77235,0.257669,,-0.831197,14.6584,-12.3635,56.444,-0.831197,0.5,-12.343580663204193,4.7438273429870605,0.0120659,999,,,,,,,123.8,1.996774193,123.8,1.996774193,,,,,,,,,,,,,,,,,,,"Micael Ramirez","sa3004883",676017
"Jim Jarvis","ATL",121,495,448,93,72,15,2,4,56,38,37,0,82,6,4,0,6,12,5,0.207589,0.0747475,0.165657,0.451219,0.274747,0.276786,0.249489,0.551533,0.0691964,5.29263,0.243169,,-0.532661,33.7249,-24.1792,60.4772,-0.532661,1,-22.917746663093567,6.4563493728637695,0.00765701,999,,,,,,,303.1,2.504958677,303.1,2.504958677,,,,,,,,,,,,,,,,,,,"Jim Jarvis","sa3022891",805347
"Drew Cavanaugh","SFG",46,184,163,31,25,5,0,1,17,15,16,1,63,4,1,0,1,0,0,0.190184,0.0869565,0.342391,0.253968,0.277174,0.239264,0.238155,0.516438,0.0490798,1.69177,0.3,,-0.347267,10.8576,-10.6664,51.9281,-0.347267,1.5,-10.924454122781754,4.880364418029785,0.00745043,999,,,,,,,94.5,2.054347826,94.5,2.054347826,,,,,,,,,,,,,,,,,,,"Drew Cavanaugh","sa3022682",701852
"Dylan O'Rae","MIL",122,562,484,98,78,17,2,1,65,42,62,0,144,13,2,1,4,34,8,0.202479,0.11032,0.256228,0.430556,0.308378,0.252066,0.262775,0.560444,0.0495868,6.63729,0.284457,,2.35241,44.2995,-21.4421,66.1604,2.35241,-0.3,-20.389308214187622,1.7649616599082947,0.00586073,999,,,,,,,402.1,3.295901639,402.1,3.295901639,,,,,,,,,,,,,,,,,,,"Dylan O'Rae","sa3020220",802506
"Ramon Mendoza","STL",77,279,245,50,36,10,1,3,25,23,22,0,73,4,2,6,7,1,1,0.204082,0.078853,0.261649,0.30137,0.278388,0.289796,0.256654,0.568184,0.0857143,3.30973,0.274854,,-0.694337,20.6174,-12.0195,63.8798,-0.694337,2.5,-12.745114028453827,3.5251322984695435,0.00558566,999,,,,,,,175,2.272727272,175,2.272727272,,,,,,,,,,,,,,,,,,,"Ramon Mendoza","sa3007513",680636
"Dom Nuñez","CLE",74,271,234,41,26,9,2,4,27,22,31,1,90,2,1,3,3,1,1,0.175214,0.114391,0.332103,0.344444,0.276119,0.282051,0.253585,0.558171,0.106838,4.1892,0.262411,,-0.662767,19.3568,-12.3442,63.4105,-0.662767,-2,-12.008467197418213,2.978689193725586,0.00237646,999,,,,,,,168.8,2.281081081,168.8,2.281081081,,,,,,,,,,,,,,,,,,,"Dom Nunez","15055",624513
"Michael De La Cruz",,74,284,256,53,40,9,1,3,27,23,23,0,56,1,2,2,5,3,1,0.207031,0.0809859,0.197183,0.410714,0.27305,0.285156,0.251303,0.558206,0.078125,4.10159,0.251256,,-0.310121,19.7638,-13.458,62.4874,-0.310121,-1.6,-13.049760699272156,3.61751925945282,0.000828905,999,,,,,,,175.7,2.374324324,175.7,2.374324324,,,,,,,,,,,,,,,,,,,"Michael De La Cruz","sa736830",631222
"Andy Blake",,69,251,229,45,31,7,1,6,23,21,16,0,72,2,1,3,1,6,1,0.196507,0.063745,0.286853,0.222222,0.254032,0.31441,0.251888,0.568443,0.117904,5.3388,0.256579,,0.408265,17.5855,-11.776,59.2018,0.408265,2,-11.308829516172409,2.9222516417503357,-0.00019536,999,,,,,,,168,2.434782608,168,2.434782608,,,,,,,,,,,,,,,,,,,"Andy Blake","sa3022535",701544
"Leury García",,81,301,274,68,51,12,2,3,39,29,18,0,67,3,3,3,6,4,1,0.248175,0.0598007,0.222591,0.268657,0.298658,0.339416,0.281591,0.638074,0.0912409,5.53104,0.31401,,-0.173261,28.2846,-6.92578,78.0038,-0.173261,1.4,-8.090517163276672,-1.9179011583328247,-0.00031651,999,,,,,,,249,3.074074074,249,3.074074074,,,,,,,,,,,,,,,,,,,"Leury Garcia","5913",544725
"Joey Wendle",,102,334,313,77,52,18,3,4,36,33,14,1,71,4,2,1,7,7,2,0.246006,0.0419162,0.212575,0.197183,0.285285,0.361022,0.280833,0.646308,0.115016,5.85402,0.304167,,0.0454101,31.1818,-7.88885,77.4937,0.0454101,-3.4,-8.94361887127161,-2.1727808713912964,-0.00145763,999,,,,,,,286.8,2.811764705,286.8,2.811764705,,,,,,,,,,,,,,,,,,,"Joey Wendle","13853",621563
"A.J. Vukovich","ARI",128,530,492,113,77,22,3,11,53,56,33,1,173,3,2,0,15,8,4,0.229675,0.0622642,0.326415,0.190751,0.281132,0.353659,0.277916,0.634791,0.123984,4.67755,0.329032,,-0.903977,48.2359,-13.7625,75.0886,-0.903977,4.9,-16.692294597625732,-0.9421515464782715,-0.00176037,999,,,,,,,437.1,3.41484375,437.1,3.41484375,,,,,,,,,,,,,,,,,,,"A.J. Vukovich","sa3014525",691021
"Adrian Placencia","LAA",119,515,448,86,57,14,3,12,52,51,52,0,197,6,2,7,6,7,6,0.191964,0.100971,0.382524,0.263959,0.283465,0.316964,0.270356,0.600429,0.125,4.61115,0.307054,,-1.93767,43.7369,-16.5068,72.1925,-1.93767,-4.6,-18.323710560798645,1.076807975769043,-0.00446823,999,,,,,,,374.6,3.147899159,374.6,3.147899159,,,,,,,,,,,,,,,,,,,"Adrian Placencia","sa3014688",691269
"Moisés Gómez","SDP",103,426,391,78,47,14,1,16,47,53,28,1,173,4,3,0,5,3,1,0.199488,0.0657277,0.406103,0.16185,0.258216,0.363171,0.270291,0.621387,0.163683,3.9621,0.302439,,-0.420615,36.1562,-13.6765,75.2677,-0.420615,3.5,-13.019606739282608,-1.1957674026489258,-0.00567744,999,,,,,,,341.4,3.314563106,341.4,3.314563106,,,,,,,,,,,,,,,,,,,"Moises Gomez","sa875163",664332
"Ben Gobbel","LAA",96,382,356,79,56,13,1,9,40,44,17,0,101,7,1,1,8,7,3,0.22191,0.0445026,0.264398,0.168317,0.270341,0.339888,0.268967,0.610229,0.117978,4.75548,0.283401,,-0.446413,32.0148,-12.6708,71.2159,-0.446413,-1.2,-13.027608811855316,0.20358610153198242,-0.00653391,999,,,,,,,291.3,3.034375,291.3,3.034375,,,,,,,,,,,,,,,,,,,"Ben Gobbel","sa3019870",806534
"Chavez Young",,74,280,247,49,34,9,2,4,30,26,23,0,84,5,2,3,8,11,4,0.198381,0.0821429,0.3,0.27381,0.277978,0.299595,0.260279,0.577573,0.101215,6.49097,0.279503,,0.0906442,21.5084,-11.2454,64.4804,0.0906442,1.4,-11.802258163690567,2.4288065433502197,-0.00683133,999,,,,,,,196.2,2.651351351,196.2,2.651351351,,,,,,,,,,,,,,,,,,,"Chavez Young","sa918963",669945
"Darius Hill",,104,431,400,100,75,20,2,3,46,38,24,0,83,2,3,2,8,2,3,0.25,0.0556845,0.192575,0.289157,0.293706,0.3325,0.276283,0.626206,0.0825,3.47032,0.305994,,-1.61215,38.6592,-11.7584,78.1695,-1.61215,3.2,-12.863442301750183,-1.5508816242218018,-0.00905957,999,,,,,,,331,3.182692307,331,3.182692307,,,,,,,,,,,,,,,,,,,"Darius Hill","sa3010395",675628
"Albert Almora Jr.",,123,460,426,104,73,25,1,5,48,40,25,0,79,3,2,4,12,10,5,0.244131,0.0543478,0.171739,0.316456,0.289474,0.342723,0.278405,0.632197,0.0985916,4.45923,0.287791,,-0.822167,42.0462,-11.7638,74.4304,-0.822167,-2.2,-14.8872549533844,-0.5098178386688232,-0.0109989,999,,,,,,,370.6,3.01300813,370.6,3.01300813,,,,,,,,,,,,,,,,,,,"Albert Almora Jr.","14109",546991
"Aaron Palensky",,81,298,260,51,29,13,2,7,34,35,28,0,88,7,1,2,2,8,3,0.196154,0.0939597,0.295302,0.318182,0.290541,0.342308,0.28291,0.632848,0.146154,6.06536,0.26506,,-0.120134,28.3191,-6.54032,82.7894,-0.120134,-0.8,-5.988511919975281,-4.084832489490509,-0.0122505,999,,,,,,,252.3,3.114814814,252.3,3.114814814,,,,,,,,,,,,,,,,,,,"Aaron Palensky","sa3015077",695312
"Caleb Knight","CHC",34,115,101,19,14,3,0,2,8,12,8,0,32,4,0,2,2,1,1,0.188119,0.0695652,0.278261,0.25,0.274336,0.277228,0.2531,0.551564,0.0891089,2.30843,0.253731,,-0.410209,8.16932,-5.28316,62.5659,-0.410209,-0.5,-5.5580651462078094,1.6127278804779053,-0.0126715,999,,,,,,,68,2,68,2,,,,,,,,,,,,,,,,,,,"Caleb Knight","sa3008279",676332
"Pablo Aliendo","CHC",81,319,287,58,37,12,1,8,33,38,21,0,114,8,1,2,6,2,1,0.202091,0.0658307,0.357367,0.184211,0.274448,0.334495,0.270968,0.608943,0.132404,4.06214,0.301205,,-0.525906,27.2484,-10.0676,74.5919,-0.525906,-6.4,-10.21815174818039,-0.5394768714904785,-0.0158994,999,,,,,,,241.5,2.981481481,241.5,2.981481481,,,,,,,,,,,,,,,,,,,"Pablo Aliendo","sa3006220",680846
"Andrew Pintar","MIA",103,437,394,87,62,16,2,7,46,41,34,0,110,4,2,3,5,10,3,0.220812,0.0778032,0.251716,0.309091,0.288018,0.324873,0.273215,0.612892,0.104061,5.19374,0.286738,,-0.00426143,38.1184,-13.001,70.9373,-0.00426143,-1.1,-15.191507756710052,0.5056730508804321,-0.0165026,999,,,,,,,341.4,3.314563106,341.4,3.314563106,,,,,,,,,,,,,,,,,,,"Andrew Pintar","sa3020715",801464
"Brett Auerbach",,94,364,334,73,50,15,2,6,36,35,24,0,108,4,1,1,9,9,4,0.218563,0.0659341,0.296703,0.222222,0.278237,0.329341,0.26942,0.607578,0.110778,5.31919,0.303167,,-0.435635,30.639,-11.941,72.972,-0.435635,-1.4,-12.200221002101898,-0.06255137920379639,-0.0168627,999,,,,,,,276,2.936170212,276,2.936170212,,,,,,,,,,,,,,,,,,,"Brett Auerbach","sa3014941",682266
"Alfonso Rivas III",,105,383,332,76,53,17,2,4,41,39,39,0,103,8,2,2,6,3,0,0.228916,0.101828,0.26893,0.378641,0.322835,0.328313,0.294153,0.651148,0.0993976,4.64382,0.317181,,-0.189242,39.8623,-4.94033,89.1193,-0.189242,-0.7,-5.172560557723045,-7.736302077770233,-0.0183625,999,,,,,,,338.6,3.224761904,338.6,3.224761904,,,,,,,,,,,,,,,,,,,"Alfonso Rivas III","21560",663845
"C.J. Stubbs","WSN",83,321,286,51,31,11,1,8,35,33,25,0,137,9,1,0,4,4,2,0.178322,0.0778816,0.426791,0.182482,0.264798,0.307692,0.258033,0.57249,0.129371,4.90148,0.302817,,-0.52302,24.0776,-13.4724,63.7045,-0.52302,-2.3,-14.455191135406494,3.597266435623169,-0.0193918,999,,,,,,,216.4,2.607228915,216.4,2.607228915,,,,,,,,,,,,,,,,,,,"C.J. Stubbs","25814",667690
"Austin Nola",,73,241,208,46,34,8,0,4,22,20,19,0,50,4,3,7,4,0,0,0.221154,0.0788382,0.207469,0.38,0.294872,0.317308,0.274301,0.612179,0.0961538,1.36212,0.267516,,-0.449868,21.2324,-6.95932,61.1849,-0.449868,-1,-11.635982394218445,3.4275426864624023,-0.0203982,999,,,,,,,179.4,2.457534246,179.4,2.457534246,,,,,,,,,,,,,,,,,,,"Austin Nola","15941",543592
"Nick Martini","ATH",91,334,292,72,47,12,3,10,43,43,32,0,75,7,3,0,4,2,2,0.246575,0.0958084,0.224551,0.426667,0.332335,0.410959,0.325908,0.743294,0.164384,4.44655,0.295238,,-1.08876,43.2989,4.22819,95.9196,-1.08876,0,-2.71845805644989,-8.590535163879395,-0.0213482,714.9000244140625,,,,,,,372.3,4.091208791,372.3,4.091208791,,,,,,,,,,,,,,,,,,,"Nick Martini","12005",605361
"Dayan Frias","CLE",121,465,416,84,60,17,2,5,42,40,40,0,131,4,3,2,9,4,4,0.201923,0.0860215,0.28172,0.305344,0.276458,0.288462,0.25508,0.564919,0.0865385,3.68411,0.279152,,-1.64084,33.7735,-20.6213,64.4626,-1.64084,3.1,-20.548798441886902,4.808553695678711,-0.0213643,999,,,,,,,290.5,2.400826446,290.5,2.400826446,,,,,,,,,,,,,,,,,,,"Dayan Frias","sa3008768",682679
"Dylan Dreiling","TEX",26,111,97,19,12,4,0,3,11,9,13,0,25,0,1,0,2,2,2,0.195876,0.117117,0.225225,0.52,0.288288,0.329897,0.276629,0.618185,0.134021,2.94036,0.228571,,-0.607323,9.98724,-2.99732,78.3947,-0.607323,-1,-3.3513500094413757,-0.5921516716480255,-0.0243253,999,,,,,,,86.4,3.323076923,86.4,3.323076923,,,,,,,,,,,,,,,,,,,"Dylan Dreiling","sa3025251",702662
"Robert Hassell III","WSN",110,469,427,96,72,16,2,6,49,41,36,1,123,3,2,1,8,11,4,0.224824,0.0767591,0.26226,0.292683,0.288462,0.313817,0.268334,0.602279,0.088993,5.09831,0.3,,-0.288192,39.067,-15.7957,70.6375,-0.288192,-0.8,-16.755694657564163,0.9232509732246399,-0.0250661,714.8499755859375,,,,,,,351.5,3.195454545,351.5,3.195454545,,,,,,,,,,,,,,,,,,,"Robert Hassell III","27482",690987
"Collin Price","HOU",96,354,316,61,39,13,0,9,31,37,31,0,108,4,3,0,5,3,1,0.193038,0.0875706,0.305085,0.287037,0.271186,0.31962,0.263799,0.590807,0.126582,2.81894,0.257426,,-0.389046,28.1956,-13.2146,70.8974,-0.389046,-6.4,-12.177044808864594,0.10352706909179688,-0.0256236,999,,,,,,,255.8,2.664583333,255.8,2.664583333,,,,,,,,,,,,,,,,,,,"Collin Price","sa3019935",805672
"Cristian Hernandez","CHC",124,517,470,99,70,20,4,5,55,43,41,1,151,4,2,0,12,19,5,0.210638,0.0793037,0.29207,0.271523,0.27853,0.302128,0.259423,0.580658,0.0914894,6.4442,0.297468,,0.875232,39.3575,-21.1202,66.8217,0.875232,-3.5,-19.63667380809784,2.1988534927368164,-0.0260822,999,,,,,,,369.3,2.978225806,369.3,2.978225806,,,,,,,,,,,,,,,,,,,"Cristian Hernandez","sa3015696",694183
"Joshua Mears",,80,312,287,52,26,10,1,15,33,44,18,0,151,6,1,0,4,5,3,0.181185,0.0576923,0.483974,0.119205,0.24359,0.379791,0.270925,0.623381,0.198606,5.01119,0.303279,,-0.60964,26.6398,-9.8574,75.6943,-0.60964,-2.1,-9.677902460098267,-0.9536154270172119,-0.0269059,999,,,,,,,253,3.1625,253,3.1625,,,,,,,,,,,,,,,,,,,"Joshua Mears","sa3010162",687084
"Antonio Gomez","NYY",77,310,287,59,41,13,1,4,30,29,18,1,105,3,2,0,12,1,1,0.205575,0.0580645,0.33871,0.171429,0.258065,0.299652,0.24635,0.557716,0.0940767,3.27861,0.305556,,-0.686444,20.3374,-15.9258,57.0718,-0.686444,-0.4,-15.913272738456726,5.295179456472397,-0.0271109,999,,,,,,,186.5,2.422077922,186.5,2.422077922,,,,,,,,,,,,,,,,,,,"Antonio Gomez","sa3008746",682625
"Sandy León","ATL",76,237,205,35,26,5,0,4,15,20,26,0,82,2,1,3,4,0,0,0.170732,0.109705,0.345992,0.317073,0.269231,0.253659,0.242534,0.522889,0.0829268,0.723997,0.258333,,-0.426191,14.8204,-12.9034,51.7156,-0.426191,1.6,-14.110296666622162,5.95405638217926,-0.0287391,999,,,,,,,127.1,1.672368421,127.1,1.672368421,,,,,,,,,,,,,,,,,,,"Sandy Leon","5273",506702
"Kevin Made","WSN",97,403,362,70,50,17,1,2,35,30,30,0,109,6,2,3,8,5,2,0.19337,0.0744417,0.270471,0.275229,0.265,0.262431,0.240238,0.527431,0.0690608,4.28347,0.268775,,-0.488761,24.4563,-22.6859,51.7272,-0.488761,5.6,-23.75193327665329,10.042239665985107,-0.0324108,999,,,,,,,215.7,2.22371134,215.7,2.22371134,,,,,,,,,,,,,,,,,,,"Kevin Made","sa3014679",691183
"Ryan Galanie","CHW",102,437,391,84,56,12,3,13,45,54,32,0,114,11,3,0,13,2,1,0.214834,0.0732265,0.26087,0.280702,0.290618,0.360614,0.287913,0.651232,0.14578,4.06003,0.265918,,-0.786356,43.288,-7.8314,85.8036,-0.786356,1,-7.884858846664429,-7.0283660888671875,-0.0325516,999,,,,,,,383.5,3.759803921,383.5,3.759803921,,,,,,,,,,,,,,,,,,,"Ryan Galanie","sa3022759",814436
"Dylan Shockley",,37,110,97,17,13,3,0,1,10,11,6,0,39,4,1,2,4,0,0,0.175258,0.0545455,0.354545,0.153846,0.25,0.237113,0.224914,0.487113,0.0618557,2.07468,0.275862,,-0.181526,5.3187,-7.54889,39.8564,-0.181526,2.1,-8.092747688293457,4.120869874954224,-0.0325775,999,,,,,,,46.3,1.251351351,46.3,1.251351351,,,,,,,,,,,,,,,,,,,"Dylan Shockley","sa1170874",686758
"Onil Perez","SFG",82,362,330,70,54,13,2,1,32,28,24,0,65,5,3,0,11,11,3,0.212121,0.0662983,0.179558,0.369231,0.273481,0.272727,0.246657,0.546208,0.0606061,5.48613,0.258427,,0.32991,23.8382,-18.5079,57.6504,0.32991,-1,-18.002481997013092,5.6504998207092285,-0.0329421,999,,,,,,,220,2.682926829,220,2.682926829,,,,,,,,,,,,,,,,,,,"Onil Perez","sa3015610",692366
"Matt Whatley",,64,223,200,38,28,6,0,4,22,20,16,0,62,3,1,3,5,3,2,0.19,0.0717489,0.278027,0.258065,0.259091,0.28,0.243635,0.539091,0.09,3.53557,0.251852,,-0.580957,14.1425,-11.9436,56.5165,-0.580957,-0.2,-11.676156222820282,3.8968546837568283,-0.0340774,999,,,,,,,124.9,1.9515625,124.9,1.9515625,,,,,,,,,,,,,,,,,,,"Matt Whatley","sa915868",675662
"Jancarlos Cintron",,105,426,396,92,72,16,2,2,45,36,19,0,71,5,2,4,11,6,3,0.232323,0.0446009,0.166667,0.267606,0.274882,0.29798,0.254805,0.572861,0.0656566,4.87357,0.276923,,-0.772692,30.8466,-18.9861,59.5332,-0.772692,2.2,-21.387056350708008,6.895767450332642,-0.0341734,999,,,,,,,270.8,2.579047619,270.8,2.579047619,,,,,,,,,,,,,,,,,,,"Jancarlos Cintron","sa3004065",676857
"Jesus Ordonez",,49,173,156,34,24,8,0,2,16,17,9,0,34,4,1,3,7,1,1,0.217949,0.0520231,0.196532,0.264706,0.276471,0.307692,0.261052,0.584163,0.0897436,2.70899,0.264463,,-0.497026,13.3967,-6.84053,52.2672,-0.497026,1.1,-10.371730387210846,4.278277516365051,-0.0354106,999,,,,,,,114.5,2.336734693,114.5,2.336734693,,,,,,,,,,,,,,,,,,,"Jesus Ordonez","sa3010603",691116
"Trevor Werner","KCR",113,478,432,85,50,20,5,10,51,46,38,0,188,4,4,0,3,10,3,0.196759,0.0794979,0.393305,0.202128,0.26569,0.335648,0.265037,0.601339,0.138889,6.60022,0.315126,,0.0588779,38.5484,-17.3671,65.7547,0.0588779,0.6,-18.670984268188477,2.356319785118103,-0.0358388,999,,,,,,,361.1,3.195575221,361.1,3.195575221,,,,,,,,,,,,,,,,,,,"Trevor Werner","sa3022592",687731
"Dakota Harris","STL",95,363,333,77,55,16,0,6,38,40,13,1,89,8,1,8,7,4,3,0.231231,0.0358127,0.245179,0.146067,0.276056,0.333333,0.268062,0.60939,0.102102,3.48972,0.297071,,-1.00695,30.158,-12.3051,71.5586,-1.00695,-0.4,-13.352749347686768,0.9337742030620575,-0.0364279,999,,,,,,,263.2,2.770526315,263.2,2.770526315,,,,,,,,,,,,,,,,,,,"Dakota Harris","sa3022431",703766
"José Devers",,82,317,294,66,47,12,4,3,37,34,16,0,63,4,1,2,3,3,1,0.22449,0.0504732,0.198738,0.253968,0.273016,0.323129,0.263203,0.596145,0.0986395,5.94271,0.275109,,-0.333799,25.0967,-11.9854,65.6276,-0.333799,1.3,-13.363375008106232,2.4647560119628906,-0.0373265,999,,,,,,,224.3,2.735365853,224.3,2.735365853,,,,,,,,,,,,,,,,,,,"Jose Devers","20540",672701
"Randal Grichuk","KCR",117,404,373,92,58,20,2,12,47,50,25,0,83,4,2,0,11,1,1,0.246649,0.0618812,0.205446,0.301205,0.299505,0.407507,0.307209,0.707012,0.160858,3.26198,0.285714,,-0.891647,46.2933,-0.96584,94.8044,-0.891647,0,-3.401694595813751,-10.390946388244629,-0.0375444,575.7000122070312,,,,,,,410.5,3.508547008,410.5,3.508547008,,,,,,,,,,,,,,,,,,,"Randal Grichuk","10243",545341
"Andy Thomas","SDP",102,402,360,69,52,12,0,5,35,36,32,0,106,4,2,4,6,2,1,0.191667,0.079602,0.263682,0.301887,0.263819,0.266667,0.241415,0.530486,0.075,2.61034,0.25498,,-0.69954,24.7764,-22.2488,55.8325,-0.69954,0.8,-21.93151891231537,8.185361683368683,-0.0396096,999,,,,,,,217.2,2.129411764,217.2,2.129411764,,,,,,,,,,,,,,,,,,,"Andy Thomas","sa3016953",673990
"Jason Matthews","CHW",106,376,334,60,46,9,2,3,35,28,28,0,133,7,2,5,5,4,1,0.179641,0.0744681,0.353723,0.210526,0.256065,0.245509,0.230497,0.501574,0.0658683,5.03839,0.285,,-0.244293,19.8698,-24.114,45.4157,-0.244293,9.4,-23.72770631313324,10.781539916992188,-0.0398486,999,,,,,,,177.5,1.674528301,177.5,1.674528301,,,,,,,,,,,,,,,,,,,"Jason Matthews","sa3018152",667240
"John Michael Faile","CIN",45,156,144,33,19,6,1,7,15,23,9,0,68,3,0,0,2,0,0,0.229167,0.0576923,0.435897,0.132353,0.288462,0.430556,0.311405,0.719017,0.201389,2.69643,0.376812,,-0.244665,18.4025,0.153878,92.7887,-0.244665,0,-1.5899047255516052,-4.012345790863037,-0.0430411,999,,,,,,,165.7,3.682222222,165.7,3.682222222,,,,,,,,,,,,,,,,,,,"John Michael Faile","sa3023579",702114
"Zac Veen","COL",91,369,329,77,51,14,3,9,45,41,31,0,97,3,3,3,7,21,4,0.234043,0.0840108,0.262873,0.319588,0.303279,0.3769,0.29855,0.680178,0.142857,7.26752,0.300885,,1.90912,39.7112,-3.45372,77.5062,1.90912,-0.6,-8.01633083820343,-4.667460560798645,-0.0431796,999,,,,,,,375.2,4.123076923,375.2,4.123076923,,,,,,,,,,,,,,,,,,,"Zac Veen","27770",691728
"Nate Mondou","SDP",102,426,376,83,57,18,3,5,39,43,39,1,101,6,4,1,5,5,3,0.220745,0.0915493,0.237089,0.386139,0.301176,0.324468,0.279159,0.625645,0.103723,4.47087,0.284672,,-1.01215,39.1968,-10.6358,81.2366,-1.01215,3.8,-10.570514917373657,-4.026278734207153,-0.0450697,999,,,,,,,341.2,3.345098039,341.2,3.345098039,,,,,,,,,,,,,,,,,,,"Nate Mondou","19563",670148
"Brett Squires","KCR",96,392,350,77,53,15,1,8,40,43,31,1,126,7,3,1,4,12,4,0.22,0.0790816,0.321429,0.246032,0.294118,0.337143,0.280127,0.631261,0.117143,5.07644,0.315068,,0.0696564,36.3737,-9.48167,76.3689,0.0696564,4.2,-10.529614433646202,-3.0016465187072754,-0.0450758,999,,,,,,,331.2,3.45,331.2,3.45,,,,,,,,,,,,,,,,,,,"Brett Squires","sa3020714",689531
"Tucker Mitchell","TEX",65,264,239,47,33,7,1,6,28,29,18,0,75,6,1,0,8,2,0,0.196653,0.0681818,0.284091,0.24,0.268939,0.309623,0.259434,0.578563,0.112971,4.68047,0.257862,,-0.0498681,20.0998,-10.7824,66.2995,-0.0498681,-3.9,-10.229836903512478,0.9500880241394043,-0.0475899,999,,,,,,,182.4,2.806153846,182.4,2.806153846,,,,,,,,,,,,,,,,,,,"Tucker Mitchell","sa3017511",688367
"Wuilfredo Antunez","CLE",94,392,363,80,51,16,6,7,40,41,24,0,104,3,2,0,5,9,6,0.220386,0.0612245,0.265306,0.230769,0.272959,0.355372,0.274553,0.628331,0.134986,6.39821,0.287402,,-1.24565,34.6152,-11.2402,78.1603,-1.24565,1.8,-11.041427612304688,-2.5209877490997314,-0.0482933,999,,,,,,,312.7,3.326595744,312.7,3.326595744,,,,,,,,,,,,,,,,,,,"Wuilfredo Antunez","sa3011578",686404
"Esteban González","CLE",95,401,368,80,52,16,5,7,56,46,21,0,120,9,3,0,2,19,7,0.217391,0.0523691,0.299252,0.175,0.274314,0.345109,0.272245,0.619423,0.127717,8.30484,0.29918,,0.317777,34.6651,-12.2431,76.5369,0.317777,1,-10.447736859321594,-3.420194149017334,-0.0487962,999,,,,,,,327.2,3.444210526,327.2,3.444210526,,,,,,,,,,,,,,,,,,,"Esteban Gonzalez","sa3015535",691416
"Peyton Williams","TOR",86,358,324,70,44,16,1,9,36,40,28,1,99,4,2,0,6,0,0,0.216049,0.0782123,0.276536,0.282828,0.284916,0.354938,0.281205,0.639854,0.138889,2.16392,0.279817,,-0.591932,33.5295,-8.34864,82.9439,-0.591932,1.7,-7.578576445579529,-4.877013444900513,-0.0512831,999,,,,,,,300.7,3.496511627,300.7,3.496511627,,,,,,,,,,,,,,,,,,,"Peyton Williams","sa3020099",805268
"Kamren James","TBR",75,297,272,55,39,9,1,6,29,35,13,0,100,9,1,2,5,3,3,0.202206,0.043771,0.3367,0.13,0.261017,0.308824,0.254253,0.56984,0.106618,4.27596,0.293413,,-1.09646,21.3738,-13.3687,66.6878,-1.09646,-3.5,-12.416943073272705,1.9563493728637695,-0.0556948,999,,,,,,,187.5,2.5,187.5,2.5,,,,,,,,,,,,,,,,,,,"Kamren James","sa3020201",687553
"Justice Bigbie","DET",126,508,462,114,86,20,2,6,55,51,37,0,103,6,3,0,17,4,3,0.246753,0.0728346,0.202756,0.359223,0.309055,0.337662,0.28782,0.646717,0.0909091,3.61872,0.303371,,-1.43314,50.2829,-9.14196,87.4398,-1.43314,-3.2,-8.733839988708496,-8.799647092819214,-0.058216,999,,,,,,,430.4,3.415873015,430.4,3.415873015,,,,,,,,,,,,,,,,,,,"Justice Bigbie","sa3016971",694425
"Luke Berryhill",,77,313,275,59,38,12,1,8,39,35,31,0,115,5,1,1,8,3,1,0.214545,0.0990415,0.367412,0.269565,0.304487,0.352727,0.293299,0.657214,0.138182,4.58071,0.333333,,-0.389046,32.3616,-4.25254,91.6481,-0.389046,-13.4,-3.3801788687705994,-7.64970588684082,-0.0592897,999,,,,,,,282,3.662337662,282,3.662337662,,,,,,,,,,,,,,,,,,,"Luke Berryhill","sa3011587",666124
"Tommy Troy","ARI",75,305,276,58,39,13,1,5,32,29,22,0,86,4,3,0,6,8,2,0.210145,0.0721311,0.281967,0.255814,0.27541,0.318841,0.264177,0.59425,0.108696,5.33363,0.281915,,0.27698,24.3857,-11.2926,65.8414,0.27698,-1.9,-12.181404769420624,1.461992859840393,-0.0600143,999,,,,,,,226.8,3.024,226.8,3.024,,,,,,,,,,,,,,,,,,,"Tommy Troy","sa3022561",694371
"Errol Robinson","BAL",61,224,202,41,34,6,0,1,21,15,19,0,71,1,1,1,5,7,3,0.20297,0.0848214,0.316964,0.267606,0.273543,0.247525,0.239319,0.521067,0.0445545,4.26379,0.305344,,-0.24121,13.4278,-12.7753,54.7568,-0.24121,1.3,-11.837179213762283,3.7691357135772705,-0.060448,999,,,,,,,119.3,1.955737704,119.3,1.955737704,,,,,,,,,,,,,,,,,,,"Errol Robinson","sa857819",642021
"Sean Roby",,70,282,261,54,35,8,1,10,29,31,18,0,107,2,1,0,6,0,0,0.206897,0.0638298,0.379433,0.168224,0.262411,0.360153,0.272433,0.622565,0.153257,2.43318,0.303448,,-0.434083,24.4206,-8.56717,70.4109,-0.434083,-0.6,-10.412067651748657,0.43615520000457764,-0.0621862,999,,,,,,,224.3,3.204285714,224.3,3.204285714,,,,,,,,,,,,,,,,,,,"Sean Roby","sa3007788",681852
"Danny Serretti","DET",99,381,339,65,47,14,0,4,35,32,32,1,116,5,3,2,7,3,3,0.19174,0.0839895,0.304462,0.275862,0.269129,0.268437,0.243823,0.537566,0.0766962,2.79059,0.274775,,-1.27009,24.2204,-20.3482,56.4915,-1.27009,5.5,-20.237337231636047,6.8999117612838745,-0.063007,999,,,,,,,211.5,2.136363636,211.5,2.136363636,,,,,,,,,,,,,,,,,,,"Danny Serretti","sa3019967",681400
"Matt Fraizer","PIT",108,431,398,90,64,17,3,6,48,42,27,1,117,4,1,1,5,10,3,0.226131,0.062645,0.271462,0.230769,0.281395,0.329146,0.269512,0.610541,0.103015,5.96082,0.304348,,0.0430931,36.3103,-14.1072,68.4798,0.0430931,6,-16.202190026640892,1.2491183280944824,-0.0647003,999,,,,,,,332.4,3.077777777,332.4,3.077777777,,,,,,,,,,,,,,,,,,,"Matt Fraizer","sa918983",670208
"Geovanny Planchart","PIT",68,250,222,43,32,8,1,2,21,18,25,0,68,2,1,0,6,0,1,0.193694,0.1,0.272,0.367647,0.28,0.265766,0.250432,0.545766,0.0720721,2.64729,0.267974,,-0.870659,17.2226,-12.0219,55.638,-0.870659,0.6,-14.132776737213135,5.192886471748352,-0.0650438,999,,,,,,,144.7,2.127941176,144.7,2.127941176,,,,,,,,,,,,,,,,,,,"Geovanny Planchart","sa3009334",685712
"Austin Deming",,111,442,403,82,53,17,0,12,38,52,29,0,155,9,1,0,9,6,2,0.203474,0.0656109,0.350679,0.187097,0.271493,0.334988,0.269498,0.606481,0.131514,3.25203,0.295359,,-0.328223,37.2321,-14.4722,74.9062,-0.328223,-4,-13.019164085388184,-2.37595534324646,-0.0650706,999,,,,,,,338.1,3.045945945,338.1,3.045945945,,,,,,,,,,,,,,,,,,,"Austin Deming","sa3022813",801471
"Felix Stevens",,114,451,408,82,47,17,2,16,47,56,36,1,195,6,1,0,9,2,1,0.20098,0.0798226,0.432373,0.184615,0.274945,0.370098,0.282623,0.645043,0.169118,3.77865,0.333333,,-0.69954,42.7544,-10.0027,82.4367,-0.69954,-0.5,-10.171584486961365,-5.471340179443359,-0.0672869,999,,,,,,,389.3,3.41491228,389.3,3.41491228,,,,,,,,,,,,,,,,,,,"Felix Stevens","sa3008946",685474
"Noelvi Marte","CIN",110,442,409,100,71,17,2,10,52,46,26,0,112,4,3,0,7,14,5,0.244499,0.0588235,0.253394,0.232143,0.294118,0.369193,0.2905,0.663311,0.124694,5.57375,0.310345,,-0.0221667,44.7036,-7.00068,78.7187,-0.0221667,-5.7,-11.270346097648144,-4.075955152511597,-0.0675492,499.42999267578125,,,,,,,408.3,3.711818181,408.3,3.711818181,,,,,,,,,,,,,,,,,,,"Noelvi Marte","26517",682622
"Kendall Simmons",,74,288,261,51,32,11,1,7,29,35,17,0,94,8,1,1,5,4,1,0.195402,0.0590278,0.326389,0.180851,0.264808,0.325671,0.262814,0.590479,0.130268,5.02354,0.273292,,-0.0548745,22.7105,-10.9792,68.2567,-0.0548745,-0.3,-10.987017683684826,0.7582010626792908,-0.0677076,999,,,,,,,207.8,2.808108108,207.8,2.808108108,,,,,,,,,,,,,,,,,,,"Kendall Simmons","sa3006867",669227
"Nathan Church","STL",131,526,478,110,88,17,1,4,60,47,33,2,69,9,3,3,8,13,5,0.230126,0.0627376,0.131179,0.478261,0.290631,0.294979,0.262091,0.58561,0.0648536,5.00828,0.259804,,-0.435262,41.1719,-20.3585,67.5394,-0.435262,8.5,-20.852811217308044,2.7019400596618652,-0.0688276,999,,,,,,,367.3,2.803816793,367.3,2.803816793,,,,,,,,,,,,,,,,,,,"Nathan Church","31357",701675
"Shayne Fontana",,84,316,281,62,47,9,2,4,35,32,25,0,80,7,2,1,5,8,3,0.220641,0.0791139,0.253165,0.3125,0.298413,0.309609,0.274217,0.608021,0.088968,5.61676,0.291457,,-0.238521,27.8186,-9.14649,79.3046,-0.238521,2.3,-7.721347272396088,-3.505408525466919,-0.0692722,999,,,,,,,244.1,2.90595238,244.1,2.90595238,,,,,,,,,,,,,,,,,,,"Shayne Fontana","sa3010897",687833
"Seth Beer",,104,433,385,89,60,19,1,9,41,52,28,1,103,17,3,0,9,1,0,0.231169,0.0646651,0.237875,0.271845,0.309469,0.355844,0.295424,0.665313,0.124675,2.72255,0.289855,,-0.620812,45.5094,-5.14208,85.9206,-0.620812,0.8,-7.910889148712158,-7.1548792719841,-0.0694733,999,,,,,,,395.7,3.804807692,395.7,3.804807692,,,,,,,,,,,,,,,,,,,"Seth Beer","20493",666179
"Luis Lara","MIL",115,492,447,97,78,14,2,3,56,43,30,0,103,11,4,0,9,22,10,0.217002,0.0609756,0.20935,0.291262,0.280488,0.277405,0.252562,0.557893,0.0604027,6.231,0.272464,,-0.589262,34.7372,-22.816,59.2858,-0.589262,5.7,-24.542944252490997,7.507759928703308,-0.0703237,999,,,,,,,313.2,2.72347826,313.2,2.72347826,,,,,,,,,,,,,,,,,,,"Luis Lara","sa3018514",800325
"Alex Binelas","PHI",97,399,362,76,46,16,3,11,44,44,33,0,128,2,2,0,6,7,1,0.209945,0.0827068,0.320802,0.257812,0.278196,0.361878,0.28102,0.640074,0.151934,5.92003,0.288889,,0.355707,37.3101,-9.36412,75.6703,0.355707,4,-10.751758337020874,-3.330246925354004,-0.0778054,999,,,,,,,346,3.567010309,346,3.567010309,,,,,,,,,,,,,,,,,,,"Alex Binelas","sa3017044",681323
"Chandler Seagle","ATL",65,218,201,35,25,8,0,2,18,18,9,0,84,3,1,4,7,1,2,0.174129,0.0412844,0.385321,0.107143,0.219626,0.243781,0.208132,0.463407,0.0696517,2.81682,0.284483,,-0.902032,7.59614,-17.9051,28.561,-0.902032,7.5,-19.525193750858307,11.504997253417969,-0.0799157,999,,,,,,,69.3,1.066153846,69.3,1.066153846,,,,,,,,,,,,,,,,,,,"Chandler Seagle","23552",676882
"Hunter Bishop","SFG",111,449,410,89,63,17,2,7,51,46,27,0,144,8,3,1,5,9,3,0.217073,0.0601336,0.320713,0.1875,0.276786,0.319512,0.265108,0.596298,0.102439,5.46366,0.312977,,-0.188477,36.2354,-16.2878,70.0696,-0.188477,-1.1,-16.258615523576736,0.54976487159729,-0.0809615,999,,,,,,,328.6,2.96036036,328.6,2.96036036,,,,,,,,,,,,,,,,,,,"Hunter Bishop","sa3011413",666183
"Loidel Chapelli",,89,373,339,71,50,13,4,4,41,33,28,0,111,4,1,1,4,9,4,0.20944,0.075067,0.297587,0.252252,0.276882,0.306785,0.261096,0.583666,0.0973451,6.39806,0.297778,,-0.467204,28.8976,-14.7353,66.9399,-0.467204,-0.1,-14.576909214258194,1.2705173715949059,-0.087402,999,,,,,,,258.6,2.905617977,258.6,2.905617977,,,,,,,,,,,,,,,,,,,"Loidel Chapelli","sa3019400",703070
"Victor Arias","TOR",88,358,320,68,45,14,2,7,41,41,27,1,93,10,1,0,5,9,6,0.2125,0.075419,0.259777,0.290323,0.293296,0.334375,0.279792,0.627671,0.121875,5.48321,0.276018,,-1.26932,33.1223,-8.75581,81.9499,-1.26932,-0.2,-8.663138270378113,-4.146208003163338,-0.0878183,999,,,,,,,289.9,3.294318181,289.9,3.294318181,,,,,,,,,,,,,,,,,,,"Victor Arias","sa3015636",692478
"Jay Allen II","CIN",110,443,379,73,53,9,2,9,54,50,41,0,126,18,2,3,7,18,7,0.192612,0.0925508,0.284424,0.325397,0.3,0.298153,0.274693,0.598153,0.105541,6.49576,0.260163,,-0.118996,39.1685,-12.6528,68.0791,-0.118996,-0.2,-17.028856724500656,1.4277190417051315,-0.0904352,999,,,,,,,343.5,3.122727272,343.5,3.122727272,,,,,,,,,,,,,,,,,,,"Jay Allen II","sa3017403",695481
"Cade Fergus","PHI",75,270,239,44,29,7,1,7,32,31,22,0,122,8,1,0,0,7,2,0.1841,0.0814815,0.451852,0.180328,0.274074,0.309623,0.263742,0.583697,0.125523,6.20982,0.333333,,0.124334,21.4927,-10.0914,66.5935,0.124334,-0.2,-10.661571554839611,0.7920634597539902,-0.0923928,999,,,,,,,196.9,2.625333333,196.9,2.625333333,,,,,,,,,,,,,,,,,,,"Cade Fergus","sa3019919",681495
"Kyle Hayes","KCR",26,84,72,11,7,3,0,1,5,7,8,0,30,3,0,1,3,0,1,0.152778,0.0952381,0.357143,0.266667,0.26506,0.236111,0.23685,0.501171,0.0833333,1.68603,0.243902,,-0.54707,4.8685,-4.95765,45.9271,-0.54707,0.5,-5.744210243225098,2.0432099103927612,-0.0924304,999,,,,,,,37.9,1.457692307,37.9,1.457692307,,,,,,,,,,,,,,,,,,,"Kyle Hayes","sa3018212",690469
"Matt Carpenter",,70,191,162,32,17,9,0,6,18,21,24,0,59,3,2,0,1,0,1,0.197531,0.125654,0.308901,0.40678,0.308901,0.364198,0.299877,0.673098,0.166667,1.43276,0.262626,,-0.752273,20.7591,-1.58374,92.9721,-0.752273,0,-2.357450246810913,-4.912551403045654,-0.095128,999,,,,,,,177.9,2.541428571,177.9,2.541428571,,,,,,,,,,,,,,,,,,,"Matt Carpenter","8090",572761
"Caden Rose","BOS",38,150,137,27,16,6,2,3,21,18,8,0,54,5,0,0,2,1,1,0.19708,0.0533333,0.36,0.148148,0.266667,0.335766,0.267178,0.602433,0.138686,6.36432,0.3,,-0.433887,12.3552,-5.19147,65.9336,-0.433887,2,-6.280753254890442,0.34656083583831787,-0.0953691,999,,,,,,,109.3,2.876315789,109.3,2.876315789,,,,,,,,,,,,,,,,,,,"Caden Rose","sa3023458",694896
"Joshua Baez","STL",93,349,314,61,38,14,1,8,36,38,24,0,147,8,2,1,7,15,3,0.194268,0.0687679,0.421203,0.163265,0.267241,0.321656,0.262514,0.588897,0.127389,6.36539,0.329193,,1.23251,27.4363,-13.3891,67.824,1.23251,3.5,-12.19571328163147,-0.3470017910003662,-0.0972694,999,,,,,,,265.2,2.851612903,265.2,2.851612903,,,,,,,,,,,,,,,,,,,"Joshua Baez","sa3017022",695491
"Eric Brown Jr.","MIL",99,414,374,78,60,13,1,4,43,34,30,1,102,7,3,0,3,15,5,0.208556,0.0724638,0.246377,0.294118,0.277778,0.280749,0.251876,0.558526,0.0721925,5.33971,0.273063,,0.217295,29.0017,-19.4272,58.8245,0.217295,0.9,-20.167226031422615,5.463492274284363,-0.0973101,999,,,,,,,269.3,2.72020202,269.3,2.72020202,,,,,,,,,,,,,,,,,,,"Eric Brown Jr.","sa3019923",687521
"David Mershon","LAA",42,142,124,28,22,5,0,1,15,12,14,0,40,1,2,1,2,2,2,0.225806,0.0985916,0.28169,0.35,0.304965,0.290323,0.270124,0.595287,0.0645161,3.09503,0.317647,,-0.702032,12.033,-4.57789,72.0295,-0.702032,-1,-5.246610045433044,-0.47824805974960327,-0.10135,999,,,,,,,99.9,2.378571428,99.9,2.378571428,,,,,,,,,,,,,,,,,,,"David Mershon","sa3025335",702574
"Matthew Wood","MIL",97,410,365,72,57,11,1,3,27,32,37,1,79,6,2,0,5,1,1,0.19726,0.0902439,0.192683,0.468354,0.280488,0.257534,0.24676,0.538022,0.060274,2.0592,0.242105,,-0.986356,27.0333,-20.9277,55.3811,-0.986356,0.7,-22.862138211727142,8.232333838939667,-0.103407,999,,,,,,,232.1,2.392783505,232.1,2.392783505,,,,,,,,,,,,,,,,,,,"Matthew Wood","sa3019924",687783
"Alsander Womack",,91,364,331,72,58,9,1,4,34,31,26,0,75,4,3,0,11,4,2,0.217523,0.0714286,0.206044,0.346667,0.28022,0.287009,0.255538,0.567229,0.0694864,3.91413,0.266667,,-0.704546,26.5718,-16.0082,63.0299,-0.704546,1.6,-16.102288246154785,2.9374486207962036,-0.103833,999,,,,,,,233.6,2.567032967,233.6,2.567032967,,,,,,,,,,,,,,,,,,,"Alsander Womack","sa3018214",703920
"Tyler Tolve","ATL",79,317,296,63,37,14,1,11,36,41,15,0,119,4,2,0,4,1,0,0.212838,0.0473186,0.375394,0.12605,0.258675,0.378378,0.276148,0.637053,0.165541,3.95333,0.309524,,-0.241976,28.3993,-8.68272,74.3402,-0.241976,-7.4,-9.968877658247948,-1.5762200355529785,-0.104093,999,,,,,,,265.4,3.35949367,265.4,3.35949367,,,,,,,,,,,,,,,,,,,"Tyler Tolve","sa3016960",681172
"Willie Calhoun",,102,388,349,85,58,18,1,8,40,38,34,1,57,3,2,0,9,1,2,0.243553,0.0876289,0.146907,0.596491,0.314433,0.369628,0.301313,0.684061,0.126074,2.32173,0.269231,,-1.3519,42.6186,-2.7689,93.9681,-1.3519,0,-4.029784679412842,-9.979423522949219,-0.108237,999,,,,,,,367.4,3.601960784,367.4,3.601960784,,,,,,,,,,,,,,,,,,,"Willie Calhoun","17838",641432
"Alfredo Velásquez","BAL",29,100,95,18,13,4,0,1,16,9,4,0,22,1,0,0,0,3,0,0.189474,0.04,0.22,0.181818,0.23,0.263158,0.220063,0.493158,0.0736842,6.2003,0.236111,,0.457936,4.44476,-7.25304,41.2121,0.457936,1.5,-6.268631339073181,1.8674309253692627,-0.109545,999,,,,,,,47.5,1.637931034,47.5,1.637931034,,,,,,,,,,,,,,,,,,,"Alfredo Velasquez","sa3018556",800414
"Blake Mitchell","KCR",113,492,428,79,51,14,2,12,51,51,56,1,179,6,2,0,2,11,4,0.184579,0.113821,0.363821,0.312849,0.286585,0.310748,0.269914,0.597333,0.126168,5.18884,0.280335,,-0.303977,41.6088,-15.9444,69.1853,-0.303977,-8.9,-17.65112578868866,0.13880062103271484,-0.11123,999,,,,,,,374.9,3.317699115,374.9,3.317699115,,,,,,,,,,,,,,,,,,,"Blake Mitchell","sa3022756",805810
"Carlos Santiago",,59,224,211,45,28,10,1,6,19,24,10,1,78,2,1,0,6,2,1,0.21327,0.0446429,0.348214,0.128205,0.254464,0.35545,0.263509,0.609915,0.14218,3.81575,0.304688,,-0.312811,17.789,-8.41409,64.4041,-0.312811,0.5,-9.847551316022873,1.323045253753662,-0.111402,999,,,,,,,169.1,2.866101694,169.1,2.866101694,,,,,,,,,,,,,,,,,,,"Carlos Santiago","sa3005565",678807
"Caleb Ricketts","PHI",74,306,277,57,45,7,1,4,32,30,21,0,72,7,1,0,4,2,1,0.205776,0.0686275,0.235294,0.291667,0.277778,0.281588,0.254116,0.559366,0.0758123,3.93775,0.262376,,-0.581153,21.9877,-13.8076,60.1146,-0.581153,-1.7,-15.175892174243927,3.9216930866241455,-0.111813,999,,,,,,,190.8,2.578378378,190.8,2.578378378,,,,,,,,,,,,,,,,,,,"Caleb Ricketts","sa3019917",681080
"Collin Burns",,91,352,323,66,51,10,2,3,32,29,19,0,86,6,1,3,3,8,3,0.204334,0.0539773,0.244318,0.22093,0.260745,0.275542,0.241418,0.536287,0.0712074,5.48149,0.268085,,-0.214843,21.6956,-19.4807,56.2335,-0.214843,3.7,-17.84230950474739,4.993356943130493,-0.112609,999,,,,,,,197,2.164835164,197,2.164835164,,,,,,,,,,,,,,,,,,,"Collin Burns","sa3017176",700936
"Griff O'Ferrall","BAL",23,95,85,19,17,2,0,0,7,7,7,0,15,2,1,0,2,1,3,0.223529,0.0736842,0.157895,0.466667,0.294737,0.247059,0.250129,0.541796,0.0235294,2.51572,0.267606,,-1.22022,6.5214,-4.59152,62.3609,-1.22022,0,-5.311586141586304,1.0471781492233276,-0.112668,999,,,,,,,47.7,2.073913043,47.7,2.073913043,,,,,,,,,,,,,,,,,,,"Griff O'Ferrall","sa3025409",803172
"Jonny Butler",,107,459,417,83,57,16,4,6,43,40,35,0,134,5,2,0,3,9,2,0.199041,0.0762527,0.291939,0.261194,0.267974,0.29976,0.254262,0.567734,0.100719,5.87774,0.275986,,0.224422,33.0356,-20.6573,66.6143,0.224422,5.9,-17.30947896838188,0.8404765129089355,-0.117329,999,,,,,,,304.9,2.84953271,304.9,2.84953271,,,,,,,,,,,,,,,,,,,"Jonny Butler","sa3017292",695358
"Jake Cunningham","BAL",92,350,318,63,48,9,2,4,34,28,25,0,123,4,1,2,3,13,4,0.198113,0.0714286,0.351429,0.203252,0.264368,0.27673,0.244539,0.541097,0.0786164,6.07864,0.307292,,0.372258,22.4513,-18.491,58.4284,0.372258,7.3,-16.27607089281082,3.4419755935668945,-0.117974,999,,,,,,,210.4,2.286956521,210.4,2.286956521,,,,,,,,,,,,,,,,,,,"Jake Cunningham","sa3023269",801507
"Samuel Zavala","CHW",117,506,435,82,54,17,1,10,57,45,58,0,147,5,3,5,4,9,4,0.188506,0.114625,0.290514,0.394558,0.289421,0.301149,0.268652,0.590571,0.112644,4.4011,0.256228,,-0.743439,42.2785,-16.9124,72.2546,-0.743439,-3.1,-16.807211220264435,-1.2407994270324707,-0.118255,999,,,,,,,368.1,3.146153846,368.1,3.146153846,,,,,,,,,,,,,,,,,,,"Samuel Zavala","sa3015718",694214
"Gabriel Gonzalez","MIN",102,433,399,93,64,19,2,8,42,51,21,0,83,10,3,0,16,4,2,0.233083,0.0484988,0.191686,0.253012,0.286374,0.350877,0.280634,0.637251,0.117794,4.11776,0.273312,,-0.759793,40.3548,-10.2967,81.87,-0.759793,-1.1,-9.74217665195465,-5.872927784919739,-0.11884,999,,,,,,,358.5,3.514705882,358.5,3.514705882,,,,,,,,,,,,,,,,,,,"Gabriel Gonzalez","sa3015723",694224
"Josh Hatcher",,109,437,412,99,69,18,3,9,47,47,20,2,144,3,2,0,5,10,4,0.240291,0.0457666,0.329519,0.138889,0.279176,0.364078,0.278619,0.643254,0.123786,5.64064,0.344828,,-0.330344,40.019,-11.1005,79.7943,-0.330344,-0.5,-10.433592200279236,-5.317019462585449,-0.119035,999,,,,,,,373.1,3.422935779,373.1,3.422935779,,,,,,,,,,,,,,,,,,,"Josh Hatcher","sa3020115",677049
"Julio E. Rodriguez","KCR",60,230,210,38,27,5,0,6,20,22,16,0,72,3,1,0,10,0,0,0.180952,0.0695652,0.313043,0.222222,0.247826,0.290476,0.241577,0.538302,0.109524,1.34077,0.240602,,-0.363051,14.2055,-12.6994,60.1005,-0.363051,-2.2,-10.86334228515625,2.0254557132720947,-0.119256,999,,,,,,,130.7,2.178333333,130.7,2.178333333,,,,,,,,,,,,,,,,,,,"Julio E. Rodriguez","sa917669",667372
"Josh Rivera","TOR",95,333,305,59,45,9,2,3,31,24,25,0,116,2,1,0,4,4,2,0.193443,0.0750751,0.348348,0.215517,0.258258,0.265574,0.23713,0.523832,0.0721311,4.94655,0.299465,,-0.578267,19.3752,-19.5785,51.9408,-0.578267,2.9,-18.889874577522278,6.570635080337524,-0.123451,999,,,,,,,174.1,1.832631578,174.1,1.832631578,,,,,,,,,,,,,,,,,,,"Josh Rivera","sa3022590",687069
"Jaden Rudd",,81,312,269,46,34,8,2,2,26,25,29,0,98,11,1,2,2,8,2,0.171004,0.0929487,0.314103,0.295918,0.277419,0.237918,0.24258,0.515338,0.0669145,5.85708,0.258824,,0.205948,19.5218,-16.9753,55.7741,0.205948,7.4,-15.582397386431694,3.9608466625213623,-0.123846,999,,,,,,,171.6,2.118518518,171.6,2.118518518,,,,,,,,,,,,,,,,,,,"Jaden Rudd","sa3017178",701437
"Kiko Romero",,79,277,244,43,26,10,1,6,23,28,29,0,105,4,0,0,3,4,1,0.17623,0.104693,0.379061,0.27619,0.274368,0.29918,0.26073,0.573549,0.122951,4.33258,0.278196,,-0.0706593,21.3783,-11.0246,67.1868,-0.0706593,-1,-10.470665611326694,0.017783641815185547,-0.123898,999,,,,,,,191.7,2.426582278,191.7,2.426582278,,,,,,,,,,,,,,,,,,,"Kiko Romero","sa3022669",687340
"Aledmys Díaz",,88,299,275,61,41,14,0,6,24,29,17,1,57,5,2,0,9,0,0,0.221818,0.0568562,0.190635,0.298246,0.277592,0.338182,0.270594,0.615774,0.116364,1.08036,0.257009,,-0.48933,25.4502,-9.5262,75.6774,-0.48933,-5.7,-8.810542941093445,-2.404144525527954,-0.126676,999,,,,,,,229.6,2.609090909,229.6,2.609090909,,,,,,,,,,,,,,,,,,,"Aledmys Diaz","15937",649557
"Roc Riggio","COL",105,474,418,78,45,20,4,9,53,49,47,1,120,6,1,2,6,12,4,0.186603,0.0991561,0.253165,0.391667,0.277542,0.318182,0.266652,0.595724,0.131579,6.32228,0.237931,,0.0144094,38.842,-16.6056,71.353,0.0144094,-3.3,-15.522448174655437,-1.5583773851394653,-0.128766,999,,,,,,,354.8,3.379047619,354.8,3.379047619,,,,,,,,,,,,,,,,,,,"Roc Riggio","sa3022750",691792
"Andres Sosa",,67,251,215,41,25,12,1,3,24,26,22,0,80,11,1,2,4,1,0,0.190698,0.0876494,0.318725,0.275,0.297189,0.297674,0.272762,0.594863,0.106977,3.95362,0.285714,,-0.25776,21.8026,-7.5589,77.0054,-0.25776,-7.4,-6.86174151301384,-2.7887420654296875,-0.130729,999,,,,,,,184.2,2.749253731,184.2,2.749253731,,,,,,,,,,,,,,,,,,,"Andres Sosa","sa3017605",703245
"Ehire Adrianza",,42,112,100,22,15,4,1,2,14,10,10,0,27,1,1,0,2,1,0,0.22,0.0892857,0.241071,0.37037,0.294643,0.34,0.281644,0.634643,0.12,5.72079,0.277778,,-0.00520298,10.5292,-2.57232,80.1325,-0.00520298,-3.7,-2.5512480437755585,-2.4654321670532227,-0.131711,999,,,,,,,94.2,2.242857142,94.2,2.242857142,,,,,,,,,,,,,,,,,,,"Ehire Adrianza","8418",501303
"Chris Roller",,96,372,331,60,38,12,2,8,37,39,31,0,154,6,3,1,2,7,2,0.181269,0.0833333,0.413978,0.201299,0.261456,0.302115,0.252882,0.56357,0.120846,5.66942,0.302326,,-0.00194447,26.3607,-17.1552,59.5015,-0.00194447,3,-18.017331056296825,4.366842985153198,-0.132719,999,,,,,,,245.1,2.553125,245.1,2.553125,,,,,,,,,,,,,,,,,,,"Chris Roller","23557",676896
"Trei Cruz","DET",109,469,418,84,58,17,2,7,51,40,46,1,135,1,2,2,6,5,5,0.200957,0.098081,0.287846,0.340741,0.280514,0.301435,0.261208,0.581949,0.100478,4.09192,0.276978,,-1.84584,36.3772,-18.4855,68.7206,-1.84584,-3.5,-18.631471276283264,1.669753074645996,-0.133715,999,,,,,,,315.4,2.893577981,315.4,2.893577981,,,,,,,,,,,,,,,,,,,"Trei Cruz","sa3014420",669360
"Noah Miller","LAD",133,586,541,112,89,17,1,5,58,49,38,0,124,2,3,2,11,5,2,0.207024,0.0648464,0.211604,0.306452,0.260274,0.269871,0.238464,0.530145,0.0628466,3.86353,0.257831,,-0.828135,34.725,-33.8241,51.8678,-0.828135,7.3,-34.556460201740265,13.759435653686523,-0.136137,999,,,,,,,312.1,2.346616541,312.1,2.346616541,,,,,,,,,,,,,,,,,,,"Noah Miller","sa3017512",695653
"Bill Knight","SEA",107,446,398,74,52,14,2,6,51,47,27,0,139,18,2,1,9,16,4,0.18593,0.0605381,0.311659,0.194245,0.267416,0.276382,0.248222,0.543798,0.0904523,6.74909,0.266667,,0.814409,29.9315,-22.2407,64.7744,0.814409,-0.7,-17.16184788942337,0.9387419819831848,-0.136783,999,,,,,,,279,2.607476635,279,2.607476635,,,,,,,,,,,,,,,,,,,"Bill Knight","sa3019965",681098
"Luis Mieses","TEX",110,452,431,98,62,24,2,10,39,52,14,0,107,3,4,0,11,1,1,0.227378,0.0309735,0.236726,0.130841,0.254425,0.361949,0.266056,0.616374,0.134571,2.97239,0.27673,,-0.828508,36.8221,-16.052,70.957,-0.828508,7.7,-15.849061369895935,-0.6039390563964844,-0.139826,999,,,,,,,342.9,3.117272727,342.9,3.117272727,,,,,,,,,,,,,,,,,,,"Luis Mieses","sa3003274",672635
"Graysen Tarlow","STL",29,89,79,14,11,2,0,1,5,6,8,0,24,1,1,0,1,0,0,0.177215,0.0898876,0.269663,0.333333,0.258427,0.240506,0.230231,0.498933,0.0632911,0.708333,0.236364,,-0.157848,4.68416,-5.72689,46.0956,-0.157848,-0.1,-5.894722074270248,1.535067580640316,-0.144719,999,,,,,,,41.6,1.434482758,41.6,1.434482758,,,,,,,,,,,,,,,,,,,"Graysen Tarlow","sa3022443",815104
"Wes Clarke","HOU",111,468,407,81,43,19,0,19,47,63,51,0,183,7,3,0,7,2,0,0.199017,0.108974,0.391026,0.278689,0.297009,0.385749,0.301021,0.682758,0.186732,2.35347,0.298077,,-0.397135,51.296,-3.44974,91.902,-0.397135,0,-4.929095149040222,-12.037036895751953,-0.145584,999,,,,,,,458.1,4.127027027,458.1,4.127027027,,,,,,,,,,,,,,,,,,,"Wes Clarke","sa3017045",682265
"Austin Murr","DET",99,387,347,72,47,17,2,6,44,39,30,0,79,6,3,1,8,5,3,0.207493,0.0775194,0.204134,0.379747,0.279793,0.319885,0.267457,0.599677,0.112392,4.77081,0.249057,,-0.87009,31.9635,-13.307,73.1164,-0.87009,2.7,-12.774388074874878,-1.5658729076385498,-0.145877,999,,,,,,,282.4,2.852525252,282.4,2.852525252,,,,,,,,,,,,,,,,,,,"Austin Murr","sa3016967",689456
"Charlie Szykowny","SFG",100,426,391,85,58,18,5,4,38,42,19,0,108,10,6,0,3,2,1,0.217391,0.0446009,0.253521,0.175926,0.267606,0.319693,0.258598,0.587299,0.102302,4.79591,0.284211,,-0.691647,32.1469,-17.6857,65.6876,-0.691647,1,-18.170870423316956,2.5652557611465454,-0.149258,999,,,,,,,291.3,2.913,291.3,2.913,,,,,,,,,,,,,,,,,,,"Charlie Szykowny","sa3022689",805126
"Cam Collier","CIN",127,521,466,97,62,20,1,14,54,59,45,1,154,6,4,0,11,1,1,0.208154,0.0863724,0.295585,0.292208,0.284069,0.345494,0.278235,0.629563,0.137339,2.54768,0.274834,,-1.08896,47.5505,-13.395,70.4635,-1.08896,-1.2,-19.490675806999207,0.7143150568008423,-0.150592,999,,,,,,,424.6,3.343307086,424.6,3.343307086,,,,,,,,,,,,,,,,,,,"Cam Collier","sa3020131",702253
"Brady Lindsly","WSN",67,251,224,45,34,8,0,3,19,21,17,0,77,1,2,7,5,1,0,0.200893,0.0677291,0.306773,0.220779,0.258197,0.276786,0.240156,0.534982,0.0758929,2.44019,0.287671,,-0.210406,15.2154,-14.1461,51.6716,-0.210406,0.3,-14.716076508164406,4.911258041858673,-0.150939,999,,,,,,,135.3,2.019402985,135.3,2.019402985,,,,,,,,,,,,,,,,,,,"Brady Lindsly","sa3014942",686251
"Colin Barber","HOU",78,302,272,57,39,11,0,7,30,33,23,0,97,5,2,0,5,3,2,0.209559,0.0761589,0.321192,0.237113,0.281457,0.327206,0.27147,0.608663,0.117647,3.00407,0.294118,,-0.738805,25.9184,-9.40898,76.2932,-0.738805,0.7,-8.930711090564728,-2.6289241909980774,-0.151951,999,,,,,,,229,2.935897435,229,2.935897435,,,,,,,,,,,,,,,,,,,"Colin Barber","sa3010696",683145
"Edwin Ríos","CIN",96,367,325,70,39,17,0,14,45,46,35,2,125,5,2,0,4,1,0,0.215385,0.0953678,0.340599,0.28,0.299728,0.396923,0.303422,0.696651,0.181538,2.6031,0.297872,,-0.407717,40.9351,-1.99584,87.416,-0.407717,-1,-5.9303295612335205,-7.74235725402832,-0.152176,999,,,,,,,369.8,3.852083333,369.8,3.852083333,,,,,,,,,,,,,,,,,,,"Edwin Rios","18316",621458
"Justin Riemer","BOS",45,173,147,29,24,4,1,0,20,15,19,0,38,6,1,0,3,4,0,0.197279,0.109827,0.219653,0.5,0.312139,0.238095,0.261176,0.550234,0.0408163,6.36026,0.263636,,0.413271,13.4139,-6.82328,61.7114,0.413271,-2,-7.165891766548157,-0.0930335521697998,-0.152834,999,,,,,,,115.3,2.562222222,115.3,2.562222222,,,,,,,,,,,,,,,,,,,"Justin Riemer","sa3025086",811312
"Jake Fox","CLE",101,443,405,84,57,19,3,5,43,38,34,1,117,2,2,0,2,5,2,0.207407,0.0767494,0.264108,0.290598,0.27088,0.306173,0.256316,0.577053,0.0987654,4.93197,0.277193,,-0.536116,32.6161,-19.2052,65.3316,-0.536116,0.2,-18.109018325805664,1.827719047665596,-0.153143,999,,,,,,,296.5,2.935643564,296.5,2.935643564,,,,,,,,,,,,,,,,,,,"Jake Fox","sa3017734",695780
"Connor Charping","SEA",69,276,239,46,37,7,1,1,32,26,23,0,60,12,2,0,4,7,3,0.192469,0.0833333,0.217391,0.383333,0.293478,0.242678,0.251943,0.536156,0.0502092,5.60173,0.25,,-0.383274,19.3493,-12.9367,67.3919,-0.383274,-5.1,-10.680962085723877,-0.029453277587890625,-0.153946,999,,,,,,,163.9,2.375362318,163.9,2.375362318,,,,,,,,,,,,,,,,,,,"Connor Charping","sa3020014",806464
"Sam Kulasingam","KCR",28,99,91,20,16,3,1,0,8,8,4,0,22,2,2,0,2,2,0,0.21978,0.040404,0.222222,0.181818,0.262626,0.274725,0.238965,0.537352,0.0549451,6.29176,0.28169,,0.226367,5.9064,-5.67443,47.4148,0.226367,2,-5.73031310737133,0.908730149269104,-0.156412,999,,,,,,,57.2,2.042857142,57.2,2.042857142,,,,,,,,,,,,,,,,,,,"Sam Kulasingam","sa3025316",814528
"Troy Claunch",,32,122,108,19,16,2,0,1,9,9,9,0,33,3,1,1,3,0,0,0.175926,0.0737705,0.270492,0.272727,0.256198,0.222222,0.223377,0.478421,0.0462963,1.36971,0.24,,-0.220988,5.74798,-8.52334,40.4075,-0.220988,0.7,-8.539724856615067,2.941328704357147,-0.157289,999,,,,,,,49.6,1.55,49.6,1.55,,,,,,,,,,,,,,,,,,,"Troy Claunch","sa3020346",669475
"Luca Tresh","KCR",101,406,370,83,56,15,2,10,38,43,30,0,106,2,3,1,9,0,1,0.224324,0.0738916,0.261084,0.283019,0.283951,0.356757,0.281439,0.640707,0.132432,2.45915,0.284047,,-1.09954,38.1016,-9.39154,77.2918,-1.09954,-10.9,-11.648595571517944,-3.4411520957946777,-0.157733,999,,,,,,,336.9,3.335643564,336.9,3.335643564,,,,,,,,,,,,,,,,,,,"Luca Tresh","sa3017394",681123
"Jommer Hernandez",,52,186,170,32,25,5,0,2,14,15,12,0,66,3,1,0,7,0,0,0.188235,0.0645161,0.354839,0.181818,0.252688,0.252941,0.230346,0.505629,0.0647059,1.30357,0.291262,,-0.315697,9.8066,-11.9513,47.1688,-0.315697,0.4,-11.559390246868134,3.8171075880527496,-0.157904,999,,,,,,,87.5,1.682692307,87.5,1.682692307,,,,,,,,,,,,,,,,,,,"Jommer Hernandez","sa3005586",678912
"Jack López","SEA",114,417,384,82,57,15,2,8,43,42,21,0,141,5,2,5,9,9,5,0.213542,0.0503597,0.338129,0.148936,0.262136,0.325521,0.259038,0.587657,0.111979,5.37868,0.312236,,-0.880103,31.6155,-17.1643,72.3827,-0.880103,-6,-14.057307183742523,-1.4034390449523926,-0.158099,999,,,,,,,286.4,2.512280701,286.4,2.512280701,,,,,,,,,,,,,,,,,,,"Jack Lopez","13663",605346
"Patrick Winkel","MIN",83,312,289,62,43,14,0,5,23,30,21,0,101,1,1,0,10,0,0,0.214533,0.0673077,0.323718,0.207921,0.269231,0.314879,0.259346,0.58411,0.100346,0.960165,0.309783,,-0.513007,23.732,-12.7651,66.8955,-0.513007,-5.4,-12.3310826420784,0.3319225311279297,-0.162844,999,,,,,,,211.8,2.551807228,211.8,2.551807228,,,,,,,,,,,,,,,,,,,"Patrick Winkel","sa3017556",680868
"Jake Thompson",,70,281,254,61,40,13,2,6,31,34,19,0,74,7,1,0,6,1,1,0.240157,0.0676157,0.263345,0.256757,0.309609,0.377953,0.303162,0.687561,0.137795,3.92222,0.314286,,-0.725906,31.2838,-1.587,91.0934,-0.725906,0,-3.7187215089797974,-7.2273664474487305,-0.165817,999,,,,,,,270.2,3.86,270.2,3.86,,,,,,,,,,,,,,,,,,,"Jake Thompson","sa3019945",700081
"Nate Nankil","ATH",117,498,449,100,72,20,1,7,40,52,33,0,119,14,2,0,12,2,2,0.222717,0.0662651,0.238956,0.277311,0.295181,0.318486,0.27577,0.613666,0.0957684,2.49746,0.286154,,-1.34921,44.4631,-13.792,81.7429,-1.34921,-1,-11.752414107322693,-6.489418029785156,-0.165872,999,,,,,,,379.7,3.245299145,379.7,3.245299145,,,,,,,,,,,,,,,,,,,"Nate Nankil","sa3022532",694977
"Ryan Clifford","NYM",133,559,481,95,56,20,0,19,59,68,64,2,190,10,4,0,5,2,1,0.197505,0.11449,0.339893,0.336842,0.302326,0.357588,0.293241,0.659914,0.160083,2.24335,0.275362,,-1.01524,57.7701,-7.62062,90.5517,-1.01524,-2.6,-7.331043362617493,-12.869694232940674,-0.167244,999,,,,,,,510.6,3.839097744,510.6,3.839097744,,,,,,,,,,,,,,,,,,,"Ryan Clifford","sa3020126",691775
"Jared Dickey","ATH",115,468,425,97,69,15,5,8,48,48,30,0,100,11,2,0,10,5,3,0.228235,0.0641026,0.213675,0.3,0.294872,0.343529,0.283327,0.638401,0.115294,4.96768,0.278997,,-1.08319,44.6314,-10.1144,87.0591,-1.08319,-4.1,-8.012897491455078,-9.258729934692383,-0.169172,999,,,,,,,389.5,3.386956521,389.5,3.386956521,,,,,,,,,,,,,,,,,,,"Jared Dickey","sa3022688",801406
"Quincy McAfee",,90,347,307,62,39,13,1,9,37,41,26,0,83,10,2,2,5,4,2,0.201954,0.074928,0.239193,0.313253,0.284058,0.338762,0.277827,0.62282,0.136808,4.27898,0.24424,,-0.601945,31.5558,-9.03555,70.1885,-0.601945,3.6,-12.972072184085846,-0.22495603561401367,-0.171711,999,,,,,,,278.2,3.091111111,278.2,3.091111111,,,,,,,,,,,,,,,,,,,"Quincy McAfee","sa1159899",687331
"Malcom Nuñez","PIT",124,495,452,104,76,18,0,10,49,49,32,0,111,6,5,0,12,2,2,0.230089,0.0646465,0.224242,0.288288,0.286869,0.336283,0.275676,0.623152,0.106195,2.28585,0.279762,,-1.30975,44.1578,-13.7463,72.6285,-1.30975,-2.5,-17.51163613796234,-0.6812169551849365,-0.179586,999,,,,,,,388.8,3.13548387,388.8,3.13548387,,,,,,,,,,,,,,,,,,,"Malcom Nunez","sa3008113",682650
"Héctor Rodríguez","CIN",134,555,529,131,90,23,6,12,70,61,19,1,101,4,2,1,6,9,5,0.247637,0.0342342,0.181982,0.188119,0.277978,0.381853,0.285038,0.659831,0.134216,5.90722,0.284689,,-1.10898,53.6925,-11.2304,75.0423,-1.10898,3.6,-17.672738313674927,-2.5177249908447266,-0.179915,999,,,,,,,490.4,3.659701492,490.4,3.659701492,,,,,,,,,,,,,,,,,,,"Hector Rodriguez","sa3015828",699302
"Izaac Pacheco","DET",102,419,389,76,49,16,2,9,37,39,26,0,168,2,2,0,9,2,1,0.195373,0.0620525,0.400955,0.154762,0.24821,0.316195,0.248828,0.564405,0.120823,3.81661,0.313084,,-0.612723,28.3241,-20.6897,60.0124,-0.612723,2.5,-19.783754885196686,4.0395355224609375,-0.180475,999,,,,,,,264,2.588235294,264,2.588235294,,,,,,,,,,,,,,,,,,,"Izaac Pacheco","sa3016969",691789
"Jordan Thompson","LAD",102,409,369,73,47,16,0,10,45,48,27,0,138,8,2,3,13,9,4,0.197832,0.0660147,0.337408,0.195652,0.26601,0.322493,0.262009,0.588503,0.124661,4.40995,0.282511,,-0.467204,31.9871,-15.8569,67.7151,-0.467204,-0.6,-16.25728240609169,0.9027924537658691,-0.181684,999,,,,,,,291.1,2.853921568,291.1,2.853921568,,,,,,,,,,,,,,,,,,,"Jordan Thompson","sa3022497",691948
"Arturo De Freitas",,59,201,185,31,24,5,0,2,15,15,13,1,72,2,1,0,4,0,0,0.167568,0.0646766,0.358209,0.180556,0.228856,0.227027,0.206212,0.455883,0.0594595,1.45238,0.258929,,-0.299912,6.69317,-16.8194,27.8721,-0.299912,5.5,-17.63639122247696,9.192680835723877,-0.182016,999,,,,,,,66.9,1.133898305,66.9,1.133898305,,,,,,,,,,,,,,,,,,,"Arturo De Freitas","sa3005939",679972
"Joey Votto",,76,298,258,49,28,11,1,9,26,32,34,1,93,5,1,0,5,0,0,0.189922,0.114094,0.312081,0.365591,0.295302,0.344961,0.285742,0.640263,0.155039,1.95367,0.254777,,-0.5209,28.9984,-5.8611,86.1357,-0.5209,-1,-5.248266339302063,-6.4747209548950195,-0.182622,999,,,,,,,255.6,3.363157894,255.6,3.363157894,,,,,,,,,,,,,,,,,,,"Joey Votto","4314",458015
"Brett Callahan","DET",70,289,262,57,42,9,1,5,31,30,17,0,71,7,1,2,3,10,3,0.217557,0.0588235,0.245675,0.239437,0.28223,0.316794,0.268001,0.599024,0.0992366,5.65188,0.278075,,0.264081,23.9959,-9.81073,73.4991,0.264081,-4,-8.499153196811676,-2.938124656677246,-0.184165,999,,,,,,,218.6,3.122857142,218.6,3.122857142,,,,,,,,,,,,,,,,,,,"Brett Callahan","sa3022927",814430
"Jeremy Rivas","STL",131,480,431,93,79,11,1,2,46,36,33,0,109,6,3,7,7,15,6,0.215777,0.06875,0.227083,0.302752,0.27907,0.259861,0.245678,0.538931,0.0440835,4.90989,0.281734,,-0.361344,31.2306,-24.9189,56.4925,-0.361344,2.3,-25.33413591980934,7.591005086898804,-0.184635,999,,,,,,,274.9,2.098473282,274.9,2.098473282,,,,,,,,,,,,,,,,,,,"Jeremy Rivas","sa3015193",692405
"Karell Paz",,52,183,164,33,22,6,2,3,18,19,11,0,57,5,1,2,1,5,3,0.20122,0.0601093,0.311475,0.192982,0.270718,0.317073,0.262068,0.587791,0.115854,6.58814,0.285714,,-0.514931,14.3208,-7.08621,69.5701,-0.514931,1.3,-7.173983156681061,-0.7171957492828369,-0.186746,999,,,,,,,126.9,2.440384615,126.9,2.440384615,,,,,,,,,,,,,,,,,,,"Karell Paz","sa3018969",801740
"Spencer Nivens","KCR",100,410,368,76,44,16,2,14,46,49,37,1,119,2,3,0,2,4,3,0.206522,0.0902439,0.290244,0.310924,0.280488,0.375,0.286039,0.655488,0.168478,4.26229,0.260504,,-1.0622,39.9949,-7.96611,80.5276,-1.0622,-0.8,-10.197225689888,-5.319400131702423,-0.18802,999,,,,,,,363.2,3.632,363.2,3.632,,,,,,,,,,,,,,,,,,,"Spencer Nivens","sa3022697",811289
"Keaton Anthony","PHI",110,448,403,97,72,16,1,8,43,52,32,1,86,9,4,0,13,1,1,0.240695,0.0714286,0.191964,0.372093,0.308036,0.344913,0.289454,0.652949,0.104218,2.41982,0.284345,,-1.08896,44.9331,-7.47303,83.8993,-1.08896,1.2,-9.714433550834656,-7.030452489852905,-0.191394,999,,,,,,,389.6,3.541818181,389.6,3.541818181,,,,,,,,,,,,,,,,,,,"Keaton Anthony","sa3022608",805704
"Daniel Vellojin","TBR",71,269,238,42,31,7,1,3,19,20,28,0,74,1,1,1,5,1,1,0.176471,0.104089,0.275093,0.378378,0.264925,0.252101,0.238316,0.517026,0.0756303,2.80696,0.240741,,-0.678552,15.9083,-15.5588,55.4773,-0.678552,-1.4,-14.38229089975357,3.541946053504944,-0.191515,999,,,,,,,137.5,1.936619718,137.5,1.936619718,,,,,,,,,,,,,,,,,,,"Daniel Vellojin","sa3005587",678962
"Jose Izarra","LAD",87,328,295,56,40,10,2,4,31,28,24,0,134,6,2,1,2,4,2,0.189831,0.0731707,0.408537,0.179104,0.262997,0.277966,0.244806,0.540963,0.0881356,5.05866,0.327044,,-0.562482,21.1106,-17.2582,56.1359,-0.562482,3.8,-17.767062664031982,5.005173325538635,-0.191998,999,,,,,,,188.6,2.167816091,188.6,2.167816091,,,,,,,,,,,,,,,,,,,"Jose Izarra","sa3019998",692222
"Billy Hamilton","CHC",53,121,110,19,13,4,1,1,20,8,8,0,45,0,1,2,0,9,0,0.172727,0.0661157,0.371901,0.177778,0.226891,0.254545,0.2154,0.481436,0.0818182,9.08805,0.276923,,1.63426,4.92398,-9.23036,39.3575,1.63426,0.4,-6.761654019355774,0.8445914089679718,-0.19365,999,,,,,,,64.2,1.211320754,64.2,1.211320754,,,,,,,,,,,,,,,,,,,"Billy Hamilton","10199",571740
"Nick Kahle","MIL",45,157,142,26,18,5,0,3,12,14,11,0,47,2,1,1,4,0,0,0.183099,0.0700637,0.299363,0.234043,0.25,0.28169,0.239184,0.53169,0.0985916,1.17227,0.247312,,-0.244665,9.39438,-8.97118,50.2816,-0.244665,-0.4,-9.578891694545746,2.484332650899887,-0.19373,999,,,,,,,85.3,1.895555555,85.3,1.895555555,,,,,,,,,,,,,,,,,,,"Nick Kahle","sa1115979",685277
"Blake Robertson","TBR",40,159,145,29,18,6,1,4,16,17,11,0,63,2,1,0,2,3,0,0.2,0.0691824,0.396226,0.174603,0.264151,0.337931,0.265451,0.602082,0.137931,6.01537,0.316456,,0.355335,12.8755,-5.72403,74.5642,0.355335,0,-4.272183746099472,-2.9210758209228516,-0.194353,999,,,,,,,122.8,3.07,122.8,3.07,,,,,,,,,,,,,,,,,,,"Blake Robertson","sa3020200",687545
"William Simoneit",,71,272,243,45,30,10,1,4,24,29,18,0,103,7,2,2,6,1,1,0.185185,0.0661765,0.378676,0.174757,0.259259,0.283951,0.245296,0.54321,0.0987654,3.50359,0.297101,,-0.63909,17.6136,-14.2044,57.3129,-0.63909,-1.4,-14.523473799228668,3.597060799598694,-0.194682,999,,,,,,,155.4,2.188732394,155.4,2.188732394,,,,,,,,,,,,,,,,,,,"William Simoneit","sa3014885",686766
"Carson Roccaforte","KCR",118,513,468,93,60,21,5,7,53,43,40,0,152,2,3,0,4,17,9,0.198718,0.0779727,0.296296,0.263158,0.263158,0.309829,0.25448,0.572987,0.111111,6.53629,0.275641,,-1.05008,37.0121,-22.9976,58.3287,-1.05008,4.6,-25.510268807411194,6.484920501708984,-0.195042,999,,,,,,,341.1,2.890677966,341.1,2.890677966,,,,,,,,,,,,,,,,,,,"Carson Roccaforte","sa3022825",811287
"Kyle Datres",,86,340,300,60,41,11,1,7,33,34,32,0,104,6,2,0,7,10,2,0.2,0.0941176,0.305882,0.307692,0.288235,0.313333,0.271352,0.601569,0.113333,5.14866,0.277487,,0.566486,29.1473,-10.6252,75.9083,0.566486,1.8,-8.805939257144928,-4.4463255405426025,-0.195662,999,,,,,,,266.8,3.102325581,266.8,3.102325581,,,,,,,,,,,,,,,,,,,"Kyle Datres","sa3008029",663979
"Boston Baro","NYM",100,432,395,85,62,17,3,3,44,36,32,0,101,2,3,0,5,4,1,0.21519,0.0740741,0.233796,0.316832,0.275463,0.296203,0.255562,0.571665,0.0810127,4.76422,0.278912,,-0.362679,31.5442,-18.9903,65.1909,-0.362679,0.5,-18.3446506857872,2.0873016119003296,-0.19597,999,,,,,,,282.4,2.824,282.4,2.824,,,,,,,,,,,,,,,,,,,"Boston Baro","sa3022962",805951
"Rodolfo Castro","PHI",116,416,376,80,52,13,2,13,43,52,31,1,121,6,3,0,10,4,4,0.212766,0.0745192,0.290865,0.256198,0.28125,0.361702,0.281871,0.642952,0.148936,4.0122,0.273469,,-1.51456,39.1848,-9.47806,78.7957,-1.51456,-5.2,-12.062744140625,-3.6714872121810913,-0.196871,999,,,,,,,350.7,3.023275862,350.7,3.023275862,,,,,,,,,,,,,,,,,,,"Rodolfo Castro","21987",666801
"Ethan O'Donnell","CIN",105,407,368,81,57,10,5,9,50,46,26,1,129,9,1,3,2,16,3,0.220109,0.0638821,0.316953,0.20155,0.287129,0.347826,0.280169,0.634955,0.127717,7.74566,0.311688,,1.26677,37.7794,-9.83072,71.7648,1.26677,1.5,-12.475109100341797,-2.9863314628601074,-0.199595,999,,,,,,,354.7,3.378095238,354.7,3.378095238,,,,,,,,,,,,,,,,,,,"Ethan O'Donnell","sa3022616",807751
"Robert Moore","PHI",114,477,430,90,62,21,1,6,46,46,32,1,104,8,2,5,5,11,8,0.209302,0.067086,0.218029,0.307692,0.275424,0.304651,0.259069,0.580075,0.0953488,4.36024,0.26087,,-1.83719,36.1765,-19.622,63.4484,-1.83719,-0.4,-22.686245918273926,4.857936471700668,-0.203731,999,,,,,,,315.5,2.767543859,315.5,2.767543859,,,,,,,,,,,,,,,,,,,"Robert Moore","sa3019928",691001
"Ryan Lasko","ATH",125,565,505,95,68,22,1,4,50,41,48,0,172,10,2,0,16,17,5,0.188119,0.0849558,0.304425,0.27907,0.270796,0.259406,0.24358,0.530202,0.0712871,4.9656,0.274924,,0.380523,35.8069,-30.2857,59.1,0.380523,3.1,-26.06043142080307,5.175984621047974,-0.207645,999,,,,,,,326.4,2.6112,326.4,2.6112,,,,,,,,,,,,,,,,,,,"Ryan Lasko","sa3022539",805782
"Kobe Kato",,63,231,204,44,33,9,1,1,26,18,23,0,58,3,1,0,3,7,3,0.215686,0.0995671,0.251082,0.396552,0.30303,0.284314,0.268557,0.587344,0.0686275,5.46352,0.294521,,-0.280672,19.2834,-7.73856,69.2306,-0.280672,-1.8,-8.780139029026031,-0.9512345194816589,-0.212013,999,,,,,,,166.5,2.642857142,166.5,2.642857142,,,,,,,,,,,,,,,,,,,"Kobe Kato","sa3017052",701158
"Arturo Disla","TEX",122,490,451,100,65,19,0,16,45,65,29,0,122,9,1,0,15,2,2,0.221729,0.0591837,0.24898,0.237705,0.281633,0.370288,0.286543,0.651921,0.148559,2.00559,0.267516,,-1.22293,47.9975,-9.32171,85.3681,-1.22293,0,-9.426479816436768,-9.002058029174805,-0.212755,999,,,,,,,426.7,3.497540983,426.7,3.497540983,,,,,,,,,,,,,,,,,,,"Arturo Disla","sa3022618",815697
"Matt Duffy",,79,259,236,54,43,8,0,3,25,20,19,0,59,3,1,0,8,2,1,0.228814,0.0733591,0.227799,0.322034,0.293436,0.300847,0.267768,0.594284,0.0720339,2.86085,0.291429,,-0.518014,21.4564,-8.84087,72.1618,-0.518014,-2.9,-8.767857432365417,-1.9483540058135986,-0.213195,999,,,,,,,184.8,2.339240506,184.8,2.339240506,,,,,,,,,,,,,,,,,,,"Matt Duffy","13836",622110
"Zac Fascia",,54,184,166,32,24,4,1,3,12,17,12,0,57,4,1,1,2,0,0,0.192771,0.0652174,0.309783,0.210526,0.262295,0.283133,0.246273,0.545428,0.0903614,2.13981,0.271028,,-0.315697,12.0598,-9.46416,58.2673,-0.315697,-2.5,-9.101873576641083,0.8803644180297852,-0.214298,999,,,,,,,106.7,1.975925925,106.7,1.975925925,,,,,,,,,,,,,,,,,,,"Zac Fascia","sa3018001",659359
"Romeo Sanabria","SDP",126,518,461,108,72,25,1,10,49,53,49,1,146,2,5,1,10,1,2,0.234273,0.0945946,0.281853,0.335616,0.307544,0.357918,0.293506,0.665461,0.123644,2.09552,0.316129,,-1.57289,53.6433,-6.95137,90.8929,-1.57289,-2.6,-7.214077949523926,-12.116461277008057,-0.218125,999,,,,,,,465.3,3.692857142,465.3,3.692857142,,,,,,,,,,,,,,,,,,,"Romeo Sanabria","sa3019865",703804
"Keshawn Ogans","ATL",107,412,377,84,65,15,1,3,39,38,23,0,95,9,2,1,10,8,5,0.222812,0.0558252,0.230583,0.242105,0.282238,0.291777,0.25839,0.574016,0.0689655,4.23594,0.288256,,-1.1906,31.0216,-17.1733,62.388,-1.1906,2.4,-19.721022963523865,3.913815498352051,-0.21814,999,,,,,,,268,2.504672897,268,2.504672897,,,,,,,,,,,,,,,,,,,"Keshawn Ogans","sa3019893",687248
"Colby Smelley",,77,308,279,61,46,12,1,2,25,26,20,0,92,7,2,0,10,0,0,0.218638,0.0649351,0.298701,0.217391,0.285714,0.290323,0.260147,0.576037,0.0716846,2.08748,0.315508,,-0.576147,23.6263,-12.4029,66.2718,-0.576147,-5.6,-12.462509870529175,0.05843639373779297,-0.218463,999,,,,,,,202.9,2.635064935,202.9,2.635064935,,,,,,,,,,,,,,,,,,,"Colby Smelley","sa3017797",702457
"Patrick Dorrian",,89,350,317,57,35,11,2,9,37,36,29,0,129,3,1,0,4,2,1,0.179811,0.0828571,0.368571,0.224806,0.254286,0.312303,0.252658,0.566589,0.132492,4.56802,0.266667,,-0.533799,24.7387,-16.2036,59.3509,-0.533799,2.5,-17.546762943267822,3.7860082387924194,-0.219633,999,,,,,,,227.1,2.551685393,227.1,2.551685393,,,,,,,,,,,,,,,,,,,"Patrick Dorrian","sa3007629",657562
"Damon Keith","LAD",100,427,389,84,53,17,2,12,49,50,33,1,153,4,1,0,11,6,3,0.215938,0.0772834,0.358314,0.215686,0.283372,0.362468,0.283484,0.64584,0.14653,4.8919,0.32,,-0.717445,40.7753,-9.1743,82.1694,-0.717445,-1.8,-9.821930289268494,-6.506789922714233,-0.220506,999,,,,,,,368.9,3.689,368.9,3.689,,,,,,,,,,,,,,,,,,,"Damon Keith","sa3017179",701618
"Zach Kokoska","COL",101,388,348,76,43,18,2,13,47,53,26,1,118,10,2,2,4,9,3,0.218391,0.0670103,0.304124,0.220339,0.290155,0.393678,0.298048,0.683834,0.175287,5.81183,0.287671,,-0.0306281,41.5992,-3.78831,77.1684,-0.0306281,2.7,-10.623901307582855,-4.428159952163696,-0.222542,999,,,,,,,380.1,3.763366336,380.1,3.763366336,,,,,,,,,,,,,,,,,,,"Zach Kokoska","sa3017165",694808
"Parker Chavers","CHC",92,342,311,66,50,9,2,5,37,30,27,0,96,2,1,1,6,11,5,0.212219,0.0789474,0.280702,0.28125,0.278592,0.302251,0.260558,0.580843,0.0900322,5.70482,0.2891,,-0.448533,26.3477,-13.6588,67.5856,-0.448533,3.9,-13.70491537451744,0.1301589012145996,-0.227887,999,,,,,,,237,2.576086956,237,2.576086956,,,,,,,,,,,,,,,,,,,"Parker Chavers","sa3017939",685091
"Colby Halter","ATH",68,266,238,49,35,11,1,2,25,21,24,1,100,3,1,0,1,6,5,0.205882,0.0902256,0.37594,0.24,0.285714,0.285714,0.257957,0.571429,0.0798319,4.54042,0.343066,,-1.30647,19.9357,-11.1805,69.2128,-1.30647,-1.4,-10.676849246025085,-0.42263370752334595,-0.228628,999,,,,,,,171.2,2.517647058,171.2,2.517647058,,,,,,,,,,,,,,,,,,,"Colby Halter","sa3022531",690985
"Jorge Burgos","CLE",99,404,372,78,51,15,1,11,38,44,27,1,127,3,2,0,10,3,1,0.209677,0.0668317,0.314356,0.212598,0.267327,0.344086,0.267984,0.611413,0.134409,3.60962,0.283898,,-0.4364,33.5388,-13.7203,73.5394,-0.4364,1.4,-12.668097257614136,-3.0532628297805786,-0.229864,999,,,,,,,310.3,3.134343434,310.3,3.134343434,,,,,,,,,,,,,,,,,,,"Jorge Burgos","sa3008929",684222
"Kervin Pichardo","PIT",115,428,392,85,61,14,1,9,43,43,24,0,136,7,1,4,8,4,2,0.216837,0.0560748,0.317757,0.176471,0.273585,0.326531,0.266423,0.600116,0.109694,3.99147,0.306452,,-0.736116,34.9936,-15.073,66.401,-0.736116,-0.1,-17.932294130325317,1.4726042971014977,-0.230599,999,,,,,,,309.9,2.694782608,309.9,2.694782608,,,,,,,,,,,,,,,,,,,"Kervin Pichardo","sa3011260",682775
"Drew Mount",,35,132,120,26,18,4,1,3,16,15,7,0,41,4,1,0,2,1,1,0.216667,0.0530303,0.310606,0.170732,0.280303,0.341667,0.275242,0.62197,0.125,5.18812,0.298701,,-0.433887,11.7294,-3.71172,68.4491,-0.433887,1.2,-5.414092183113098,-1.2250440120697021,-0.23252,999,,,,,,,103.2,2.948571428,103.2,2.948571428,,,,,,,,,,,,,,,,,,,"Drew Mount","sa3006728",681898
"Wyatt Hendrie","PIT",67,246,223,44,33,8,1,2,24,21,15,0,80,4,1,3,9,5,0,0.197309,0.0609756,0.325203,0.1875,0.259259,0.269058,0.238843,0.528318,0.0717489,5.89802,0.295775,,0.589594,14.6524,-14.1242,47.8376,0.589594,-0.2,-14.754948437213898,4.319400116801262,-0.233244,999,,,,,,,137.6,2.053731343,137.6,2.053731343,,,,,,,,,,,,,,,,,,,"Wyatt Hendrie","sa3017163",689134
"Landon Wallace",,70,245,216,44,25,11,5,3,27,25,17,0,94,8,0,4,2,3,1,0.203704,0.0693878,0.383673,0.180851,0.286307,0.342593,0.279738,0.6289,0.138889,6.64357,0.344538,,-0.199628,22.6569,-6.00274,78.792,-0.199628,-1.6,-6.14489471912384,-4.300617337226868,-0.233537,999,,,,,,,196.9,2.812857142,196.9,2.812857142,,,,,,,,,,,,,,,,,,,"Landon Wallace","sa3022533",695068
"Travis Jankowski","NYM",105,251,219,51,42,7,1,1,32,16,27,1,48,3,1,1,4,13,1,0.232877,0.10757,0.191235,0.5625,0.324,0.287671,0.279239,0.611671,0.0547945,6.71035,0.292398,,1.63463,23.111,-6.25055,79.7017,1.63463,0,-4.194960117340088,-6.455761432647705,-0.234031,750.739990234375,,,,,,,213.9,2.037142857,213.9,2.037142857,,,,,,,,,,,,,,,,,,,"Travis Jankowski","13768",608671
"Tyler Dearden",,73,293,265,62,43,13,1,5,29,29,22,1,89,4,2,0,4,0,0,0.233962,0.0750853,0.303754,0.247191,0.300341,0.34717,0.285657,0.647511,0.113208,2.41659,0.32948,,-0.536685,28.4917,-5.7829,85.4036,-0.536685,-3.4,-5.430191278457642,-6.629717826843262,-0.234668,999,,,,,,,250.6,3.432876712,250.6,3.432876712,,,,,,,,,,,,,,,,,,,"Tyler Dearden","sa3005103",676280
"Kevin Kilpatrick Jr.","ATL",120,530,483,100,73,19,4,4,66,45,38,0,163,6,2,1,10,21,5,0.207039,0.0716981,0.307547,0.233129,0.272212,0.287785,0.25192,0.559996,0.0807453,7.16954,0.301887,,1.25155,37.1464,-24.852,58.0329,1.25155,3.5,-25.346254229545593,5.447383880615234,-0.235625,999,,,,,,,350.4,2.92,350.4,2.92,,,,,,,,,,,,,,,,,,,"Kevin Kilpatrick Jr.","sa3019891",687201
"Ben Ramirez",,106,425,394,78,57,15,1,5,38,35,21,0,137,4,2,4,10,4,2,0.19797,0.0494118,0.322353,0.153285,0.244656,0.279188,0.233408,0.523843,0.0812183,4.10436,0.287402,,-0.657191,23.4549,-26.2608,54.3539,-0.657191,4.8,-22.854375064373016,6.361581563949585,-0.237086,999,,,,,,,216,2.037735849,216,2.037735849,,,,,,,,,,,,,,,,,,,"Ben Ramirez","sa3016950",668756
"Eddie Rosario",,111,398,370,83,50,17,2,14,42,54,22,0,87,1,3,2,7,8,3,0.224324,0.0552764,0.218593,0.252874,0.267677,0.394595,0.285774,0.662271,0.17027,4.88709,0.253676,,-0.191166,38.7395,-7.81774,83.7105,-0.191166,-3.2,-7.943830132484436,-7.587125062942505,-0.237671,749.989990234375,,,,,,,362.9,3.269369369,362.9,3.269369369,,,,,,,,,,,,,,,,,,,"Eddie Rosario","12155",592696
"Cameron Barstad","CLE",67,259,236,45,27,13,0,5,20,27,19,1,117,3,1,0,6,0,0,0.190678,0.0733591,0.451737,0.162393,0.258687,0.309322,0.251655,0.568009,0.118644,1.10684,0.347826,,-0.378836,18.0975,-12.1999,62.0532,-0.378836,-4.1,-11.624377846717834,0.6582307815551758,-0.239007,999,,,,,,,166.7,2.488059701,166.7,2.488059701,,,,,,,,,,,,,,,,,,,"Cameron Barstad","sa3011350",677319
"Jake Rucker","MIN",126,506,463,105,74,21,3,7,47,50,30,1,117,7,4,2,10,4,5,0.226782,0.0592885,0.231225,0.25641,0.281746,0.330454,0.269847,0.6122,0.103672,3.81953,0.285714,,-2.0932,42.7653,-16.4256,74.2826,-2.0932,-4.1,-16.982815504074097,-2.2407994270324707,-0.239669,999,,,,,,,373.4,2.963492063,373.4,2.963492063,,,,,,,,,,,,,,,,,,,"Jake Rucker","sa3017757",696160
"Christopher Familia","NYY",57,233,215,45,27,9,1,8,27,31,13,0,67,4,1,0,5,1,0,0.209302,0.055794,0.287554,0.19403,0.266094,0.372093,0.278637,0.638187,0.162791,4.22594,0.262411,,-0.147267,21.3408,-5.91512,79.7835,-0.147267,-2,-5.537011340260506,-4.568342208862305,-0.239807,999,,,,,,,196.9,3.454385964,196.9,3.454385964,,,,,,,,,,,,,,,,,,,"Christopher Familia","sa3011776",683532
"Luis Caicuto","PHI",67,260,234,46,35,9,0,2,18,23,16,0,54,9,1,0,8,1,1,0.196581,0.0615385,0.207692,0.296296,0.273077,0.260684,0.245219,0.533761,0.0641026,2.03368,0.24581,,-0.678552,16.8205,-13.5938,54.1262,-0.678552,-0.8,-14.941170752048492,3.976601779460907,-0.239818,999,,,,,,,142.6,2.128358208,142.6,2.128358208,,,,,,,,,,,,,,,,,,,"Luis Caicuto","sa3016923",691276
"Casey Opitz","CHC",69,269,242,41,29,6,1,5,23,21,24,0,102,2,1,0,3,2,0,0.169421,0.0892193,0.379182,0.235294,0.249071,0.264463,0.23388,0.513533,0.0950413,4.19872,0.264706,,-0.0340832,14.9478,-16.5193,49.6295,-0.0340832,0,-16.236866809427738,4.941946029663086,-0.243039,999,,,,,,,139.5,2.02173913,139.5,2.02173913,,,,,,,,,,,,,,,,,,,"Casey Opitz","sa3017509",676053
"Matt Beaty",,75,236,208,51,40,7,1,3,25,26,17,0,40,11,0,0,5,0,1,0.245192,0.0720339,0.169492,0.425,0.334746,0.331731,0.302651,0.666477,0.0865385,2.96343,0.290909,,-0.941691,26.1769,-1.42994,91.7367,-0.941691,-2.6,-3.2736923694610596,-6.935684680938721,-0.244215,999,,,,,,,213,2.84,213,2.84,,,,,,,,,,,,,,,,,,,"Matt Beaty","17710",607461
"Max Burt","NYY",89,312,288,51,34,10,1,6,37,30,18,0,111,4,2,0,4,10,2,0.177083,0.0576923,0.355769,0.162162,0.233974,0.28125,0.229793,0.515224,0.104167,6.86171,0.260116,,0.748012,16.3108,-20.1863,45.4252,0.748012,4.8,-18.734816551208496,5.94638466835022,-0.244359,999,,,,,,,168.1,1.888764044,168.1,1.888764044,,,,,,,,,,,,,,,,,,,"Max Burt","sa3007631",661733
"Nick Lucky",,68,226,199,34,22,5,2,5,23,24,19,0,99,6,0,2,3,8,2,0.170854,0.0840708,0.438053,0.191919,0.263393,0.291457,0.252287,0.55485,0.120603,7.34506,0.305263,,0.419043,15.9066,-10.5304,61.9307,0.419043,-3,-9.42534750699997,-0.5088183879852295,-0.246277,999,,,,,,,148.9,2.189705882,148.9,2.189705882,,,,,,,,,,,,,,,,,,,"Nick Lucky","sa3024896",681879
"Zach Morgan","SFG",83,337,303,60,42,14,1,3,30,27,28,0,76,2,2,2,10,4,1,0.19802,0.0830861,0.225519,0.368421,0.268657,0.280528,0.247967,0.549185,0.0825083,4.2473,0.252212,,-0.173261,22.5473,-16.8743,58.5322,-0.173261,-2.9,-16.88423454761505,3.2912111282348633,-0.246939,999,,,,,,,202.3,2.437349397,202.3,2.437349397,,,,,,,,,,,,,,,,,,,"Zach Morgan","sa3019968",681439
"Drew Lugbauer",,103,399,363,68,37,15,0,16,39,43,32,1,181,3,1,0,5,0,0,0.187328,0.0802005,0.453634,0.176796,0.258145,0.360882,0.270747,0.619027,0.173554,1.22917,0.311377,,-0.560362,34.0111,-12.6631,78.21,-0.560362,2.1,-10.508355259895325,-5.2302470207214355,-0.248895,999,,,,,,,316.7,3.074757281,316.7,3.074757281,,,,,,,,,,,,,,,,,,,"Drew Lugbauer","sa829268",656666
"Juan Montero","BOS",49,161,141,26,16,8,1,1,13,16,12,0,54,6,2,0,2,1,1,0.184397,0.0745342,0.335404,0.222222,0.273292,0.276596,0.250765,0.549888,0.0921986,4.18356,0.284091,,-0.473349,11.1345,-7.69901,54.3884,-0.473349,-1.9,-8.875814586877823,1.0578190088272095,-0.251974,999,,,,,,,96,1.959183673,96,1.959183673,,,,,,,,,,,,,,,,,,,"Juan Montero","sa3015314",695467
"Tucker Barnhart",,72,232,207,39,30,8,0,1,18,16,20,0,63,2,1,2,5,1,0,0.188406,0.0862069,0.271552,0.31746,0.265217,0.241546,0.233737,0.506763,0.0531401,2.62564,0.263889,,-0.210406,12.8651,-14.2739,48.2234,-0.210406,-0.5,-13.954843178391457,3.7621989250183105,-0.252272,999,,,,,,,111.9,1.554166666,111.9,1.554166666,,,,,,,,,,,,,,,,,,,"Tucker Barnhart","10200",571466
"William Bergolla","CHW",89,347,308,71,59,8,3,1,37,26,21,0,40,1,4,13,6,12,5,0.230519,0.0605187,0.115274,0.525,0.278443,0.285714,0.2517,0.564157,0.0551948,6.2566,0.258303,,-0.264318,24.259,-16.3324,60.3303,-0.264318,0.7,-16.014800786972046,1.9749853014945984,-0.252848,999,,,,,,,214.1,2.405617977,214.1,2.405617977,,,,,,,,,,,,,,,,,,,"William Bergolla","sa3019777",703151
"Zach Arnold","PHI",99,372,340,74,55,12,2,5,35,33,21,0,108,6,3,2,6,3,2,0.217647,0.0564516,0.290323,0.194444,0.272973,0.308824,0.258833,0.581797,0.0911765,4.2261,0.3,,-0.857191,28.1424,-15.3734,63.2894,-0.857191,1,-17.18755567073822,2.3668429851531982,-0.253577,999,,,,,,,248.7,2.512121212,248.7,2.512121212,,,,,,,,,,,,,,,,,,,"Zach Arnold","sa3022593",689984
"Corey Rosier","BOS",104,395,357,79,57,14,4,4,46,36,30,0,96,4,3,1,3,19,4,0.221289,0.0759494,0.243038,0.3125,0.286802,0.316527,0.268864,0.603329,0.0952381,7.25998,0.288462,,1.46176,33.0715,-13.1348,67.1197,1.46176,2.1,-13.398892760276794,-2.254056453704834,-0.253849,999,,,,,,,313.3,3.0125,313.3,3.0125,,,,,,,,,,,,,,,,,,,"Corey Rosier","sa3016961",681468
"Scott Kapers",,57,210,188,35,22,7,1,5,21,24,12,0,66,7,2,1,4,0,0,0.18617,0.0571429,0.314286,0.181818,0.258373,0.31383,0.255156,0.572203,0.12766,3.14881,0.252101,,-0.323589,15.2654,-9.30001,63.2901,-0.323589,-4.2,-9.144388198852539,-0.34197521209716797,-0.255229,999,,,,,,,138,2.421052631,138,2.421052631,,,,,,,,,,,,,,,,,,,"Scott Kapers","sa3007013",663727
"Wilderd Patiño",,96,406,367,79,62,12,1,4,46,40,23,0,153,12,1,3,3,21,5,0.215259,0.0566502,0.376847,0.150327,0.282878,0.286104,0.258065,0.568982,0.0708447,6.52515,0.35545,,1.4094,30.4635,-17.0296,61.7271,1.4094,-0.3,-17.172025442123413,1.191769540309906,-0.25661,999,,,,,,,284.4,2.9625,284.4,2.9625,,,,,,,,,,,,,,,,,,,"Wilderd Patino","sa3007874",679741
"Gleider Figuereo","TEX",120,496,459,90,57,16,2,15,54,58,30,0,163,5,2,0,8,2,1,0.196078,0.0604839,0.328629,0.184049,0.252016,0.337691,0.259128,0.589707,0.141612,3.90894,0.265018,,-0.731109,37.641,-20.3801,66.084,-0.731109,-0.9,-19.97936975955963,0.9224574565887451,-0.256952,999,,,,,,,349.8,2.915,349.8,2.915,,,,,,,,,,,,,,,,,,,"Gleider Figuereo","sa3015813",699213
"Ethan Salas","SDP",111,460,421,80,51,21,2,6,36,39,33,0,128,2,4,0,6,5,2,0.190024,0.0717391,0.278261,0.257812,0.25,0.292162,0.241239,0.542162,0.102138,4.1098,0.254296,,-0.488761,28.2857,-25.5242,55.7135,-0.488761,-1.4,-24.84947508573532,7.050911545753479,-0.259019,999,,,,,,,264.6,2.383783783,264.6,2.383783783,,,,,,,,,,,,,,,,,,,"Ethan Salas","sa3020881",806956
"Jarryd Dale",,97,378,344,64,45,12,2,5,33,31,24,0,129,4,2,4,9,8,4,0.186047,0.0634921,0.34127,0.186047,0.245989,0.276163,0.234166,0.522152,0.0901163,5.23623,0.278302,,-0.596172,21.0917,-23.126,50.9532,-0.596172,6.3,-22.766075253486633,7.688889026641846,-0.259467,999,,,,,,,195.6,2.016494845,195.6,2.016494845,,,,,,,,,,,,,,,,,,,"Jarryd Dale","sa3007022",673062
"Dustin Dickerson","KCR",106,423,365,74,64,9,0,1,47,27,45,0,109,5,3,5,8,5,3,0.20274,0.106383,0.257683,0.412844,0.296651,0.235616,0.249715,0.532267,0.0328767,3.52928,0.282946,,-1.11476,28.8964,-20.5853,54.9768,-1.11476,1.6,-22.906017065048218,6.262698292732239,-0.259532,999,,,,,,,236,2.226415094,236,2.226415094,,,,,,,,,,,,,,,,,,,"Dustin Dickerson","sa3022828",815039
"Nicholas Northcut",,103,413,387,74,36,16,1,21,41,58,20,1,155,5,1,0,7,0,0,0.191214,0.0484262,0.375303,0.129032,0.239709,0.400517,0.274609,0.640226,0.209302,1.98019,0.25,,-0.473545,36.4882,-11.8237,68.0227,-0.473545,-1.5,-16.266110688447952,0.01748967170715332,-0.260296,999,,,,,,,351.9,3.416504854,351.9,3.416504854,,,,,,,,,,,,,,,,,,,"Nicholas Northcut","sa3007640",678021
"Carter Kieboom","LAA",90,353,312,71,52,11,0,8,43,37,34,0,87,6,1,0,10,2,1,0.227564,0.0963173,0.246459,0.390805,0.314448,0.339744,0.294041,0.654191,0.112179,2.94178,0.288991,,-0.731109,36.7081,-4.58517,88.8529,-0.731109,0,-5.233479142189026,-9.079217910766602,-0.260331,999,,,,,,,313.7,3.485555555,313.7,3.485555555,,,,,,,,,,,,,,,,,,,"Carter Kieboom","19958",666198
"Alerick Soularie",,76,270,238,46,31,8,2,5,35,26,23,0,85,4,2,3,3,11,4,0.193277,0.0851852,0.314815,0.270588,0.273408,0.306723,0.260402,0.580131,0.113445,7.3392,0.273333,,0.122214,20.7668,-10.8172,67.6385,0.122214,1.3,-9.875448644161224,-1.6761906147003174,-0.261526,999,,,,,,,191.9,2.525,191.9,2.525,,,,,,,,,,,,,,,,,,,"Alerick Soularie","sa3014436",669442
"Alberto Rodriguez",,108,471,437,99,69,21,3,6,46,44,26,1,145,5,2,1,7,6,3,0.226545,0.0552017,0.307856,0.17931,0.276596,0.329519,0.266691,0.606115,0.102975,4.70713,0.322917,,-0.796369,38.6108,-16.4859,77.7659,-0.796369,-0.3,-12.778806149959564,-5.491799175739288,-0.261994,999,,,,,,,347.8,3.22037037,347.8,3.22037037,,,,,,,,,,,,,,,,,,,"Alberto Rodriguez","sa3005603",679754
"Noah Mendlinger","STL",111,424,374,89,72,15,1,1,42,39,31,0,62,12,2,5,8,3,4,0.237968,0.0731132,0.146226,0.5,0.315036,0.291444,0.276718,0.60648,0.0534759,3.10227,0.28115,,-1.92765,38.1797,-11.419,77.3844,-1.92765,-4.8,-13.394269824028015,-3.242093086242676,-0.262578,999,,,,,,,306.5,2.761261261,306.5,2.761261261,,,,,,,,,,,,,,,,,,,"Noah Mendlinger","sa3017001",702331
"Rainer Nunez",,117,469,436,105,77,17,1,10,44,50,29,0,118,2,2,0,17,1,0,0.240826,0.0618337,0.251599,0.245763,0.289979,0.353211,0.283003,0.64319,0.112385,2.51994,0.306452,,-0.652382,44.6044,-10.2583,84.2089,-0.652382,-0.5,-9.126416862010956,-9.116254806518555,-0.266009,999,,,,,,,395.9,3.383760683,395.9,3.383760683,,,,,,,,,,,,,,,,,,,"Rainer Nunez","sa3005551",678742
"Tony Bullard","MIA",76,285,259,55,41,12,0,2,17,26,17,0,67,7,2,0,6,6,3,0.212355,0.0596491,0.235088,0.253731,0.277193,0.281853,0.25284,0.559046,0.0694981,3.13331,0.276042,,-0.528027,20.1859,-13.1528,57.2229,-0.528027,2,-15.106676161289215,3.0471781492233276,-0.267075,999,,,,,,,177.6,2.336842105,177.6,2.336842105,,,,,,,,,,,,,,,,,,,"Tony Bullard","sa3022556",669233
"Connor Kokx",,83,297,262,54,41,10,1,2,34,27,23,0,79,10,1,1,6,11,4,0.206107,0.0774411,0.265993,0.291139,0.293919,0.274809,0.261607,0.568728,0.0687023,5.9014,0.285714,,-0.00406486,23.1316,-11.6108,69.0537,-0.00406486,-3.1,-10.520566284656525,-2.0087300539016724,-0.269346,999,,,,,,,202.6,2.440963855,202.6,2.440963855,,,,,,,,,,,,,,,,,,,"Connor Kokx","sa3017735",701634
"Ronald Hernandez","NYM",104,429,384,77,57,13,2,5,37,39,38,1,137,5,2,0,12,4,1,0.200521,0.0885781,0.319347,0.277372,0.27972,0.283854,0.254888,0.563574,0.0833333,4.33349,0.295082,,-0.386356,31.0923,-19.0912,64.7372,-0.386356,-6.3,-18.476236194372177,1.5813932418823242,-0.272108,999,,,,,,,277.1,2.664423076,277.1,2.664423076,,,,,,,,,,,,,,,,,,,"Ronald Hernandez","sa3015738",698933
"Max McDowell",,65,232,205,36,26,6,0,4,22,24,16,0,78,9,1,1,6,1,1,0.17561,0.0689655,0.336207,0.205128,0.264069,0.263415,0.243106,0.527484,0.0878049,2.79272,0.258065,,-0.60752,14.6145,-12.5244,56.1442,-0.60752,-2.4,-12.249331295490265,1.862198829650879,-0.272358,999,,,,,,,125.7,1.933846153,125.7,1.933846153,,,,,,,,,,,,,,,,,,,"Max McDowell","sa875626",664120
"Ryan Casteel",,64,213,196,37,22,6,1,8,19,24,15,0,79,2,0,0,6,0,0,0.188776,0.0704225,0.370892,0.189873,0.253521,0.352041,0.266143,0.605562,0.163265,2.33036,0.266055,,-0.307804,17.367,-7.54934,67.6061,-0.307804,-5.1,-8.558752417564392,-1.1868605613708496,-0.275278,999,,,,,,,160.5,2.5078125,160.5,2.5078125,,,,,,,,,,,,,,,,,,,"Ryan Casteel","sa549286",592205
"Bennett Lee","DET",51,195,171,27,18,7,0,2,14,16,18,0,59,5,1,0,3,0,0,0.157895,0.0923077,0.302564,0.305085,0.25641,0.233918,0.22952,0.490328,0.0760234,1.26204,0.225225,,-0.323589,10.1515,-12.6592,46.4307,-0.323589,-0.5,-12.276023864746094,3.082451581954956,-0.27674,999,,,,,,,88.3,1.731372549,88.3,1.731372549,,,,,,,,,,,,,,,,,,,"Bennett Lee","sa3022679",700939
"Tyler Robertson","SDP",81,311,278,62,44,10,2,6,34,32,16,0,105,6,2,9,5,10,4,0.223022,0.0514469,0.337621,0.152381,0.278146,0.338129,0.272068,0.616275,0.115108,6.30811,0.331361,,-0.140925,26.8405,-9.5397,76.4636,-0.140925,-0.7,-8.89401538670063,-4.128130614757538,-0.277238,999,,,,,,,239.8,2.960493827,239.8,2.960493827,,,,,,,,,,,,,,,,,,,"Tyler Robertson","sa3020010",805234
"Nick Lorusso","NYM",87,357,317,65,42,12,2,9,34,40,34,0,89,3,3,0,6,4,2,0.205047,0.0952381,0.2493,0.382022,0.285714,0.340694,0.278158,0.626408,0.135647,4.21014,0.252252,,-0.633514,32.5605,-9.20067,80.3999,-0.633514,1,-9.000875234603882,-5.5586419105529785,-0.278096,999,,,,,,,290.8,3.342528735,290.8,3.342528735,,,,,,,,,,,,,,,,,,,"Nick Lorusso","sa3022810",700681
"Austin Callahan","CIN",93,362,331,68,41,19,2,6,35,33,24,0,126,3,3,1,6,4,1,0.205438,0.0662983,0.348066,0.190476,0.263158,0.329305,0.260836,0.592463,0.123867,4.87271,0.306931,,-0.141691,27.9695,-14.3766,58.7526,-0.141691,1.9,-17.99696722626686,3.23009991645813,-0.282346,999,,,,,,,258.5,2.779569892,258.5,2.779569892,,,,,,,,,,,,,,,,,,,"Austin Callahan","sa3017407",702472
"Gavin Sheets","SDP",132,447,406,94,59,20,0,15,39,59,35,1,99,3,3,0,8,1,1,0.231527,0.0782998,0.221477,0.353535,0.295302,0.391626,0.299204,0.686928,0.160099,1.45359,0.267797,,-0.962679,48.3407,-3.94848,94.7283,-0.962679,-5.6,-3.7805591225624084,-13.81208086013794,-0.282381,557.0700073242188,,,,,,,432.5,3.276515151,432.5,3.276515151,,,,,,,,,,,,,,,,,,,"Gavin Sheets","19901",657757
"Junior Perez","ATH",115,457,413,80,51,19,2,8,48,42,35,0,182,2,3,4,6,18,5,0.193705,0.0765864,0.398249,0.192308,0.258278,0.307506,0.25152,0.565784,0.113801,6.38832,0.318584,,0.880435,31.8828,-21.5762,64.6849,0.880435,-2.1,-17.58595383167267,-0.42084062099456787,-0.283048,999,,,,,,,307.9,2.677391304,307.9,2.677391304,,,,,,,,,,,,,,,,,,,"Junior Perez","sa3005744",678577
"Terence Doston",,54,175,160,36,30,4,0,2,21,14,11,0,41,3,0,1,4,6,2,0.225,0.0628571,0.234286,0.268293,0.287356,0.2875,0.260399,0.574856,0.0625,5.01472,0.290598,,0.0427206,13.4595,-7.01162,64.5605,0.0427206,0.7,-7.373572051525116,-1.2290123105049133,-0.287682,999,,,,,,,119.8,2.218518518,119.8,2.218518518,,,,,,,,,,,,,,,,,,,"Terence Doston","sa1170340",688392
"Euribiel Angeles","ATH",122,472,454,105,82,16,3,4,36,40,13,0,74,2,2,1,14,10,4,0.231278,0.0275424,0.15678,0.175676,0.254777,0.306167,0.24573,0.560944,0.0748899,4.66855,0.267196,,-0.385591,30.7297,-24.4839,60.6121,-0.385591,-2.1,-21.65766814351082,3.1028218269348145,-0.2879,999,,,,,,,287.9,2.359836065,287.9,2.359836065,,,,,,,,,,,,,,,,,,,"Euribiel Angeles","sa3008877",683494
"Peyton Graham","DET",61,239,212,39,29,8,0,2,24,21,20,0,66,6,1,0,5,6,1,0.183962,0.083682,0.276151,0.30303,0.271967,0.25,0.241875,0.521967,0.0660377,4.81245,0.255172,,0.36091,14.8187,-13.139,55.1214,0.36091,-1.5,-11.91187098622322,1.1344797611236572,-0.288513,999,,,,,,,135,2.213114754,135,2.213114754,,,,,,,,,,,,,,,,,,,"Peyton Graham","sa3019990",689931
"Phillip Sikes","BOS",111,441,399,82,51,21,2,8,51,47,31,0,149,8,3,0,3,15,5,0.205514,0.0702948,0.337868,0.208054,0.274376,0.328321,0.267601,0.602697,0.122807,6.36948,0.302041,,0.26465,36.4744,-15.1129,66.2309,0.26465,4.1,-16.775110602378845,-0.7611112594604492,-0.289649,999,,,,,,,339.2,3.055855855,339.2,3.055855855,,,,,,,,,,,,,,,,,,,"Phillip Sikes","sa3017113",689651
"Peter Burns","LAA",28,83,73,13,9,2,1,1,7,11,5,0,20,4,1,0,1,1,1,0.178082,0.060241,0.240964,0.25,0.26506,0.273973,0.245906,0.539033,0.0958904,5.56425,0.226415,,-0.34707,5.41555,-4.29363,54.9943,-0.34707,-2.5,-4.621234685182571,-0.9751616716384888,-0.291633,999,,,,,,,46.8,1.671428571,46.8,1.671428571,,,,,,,,,,,,,,,,,,,"Peter Burns","sa3022424",686196
"Andy Yerzy","STL",66,257,229,45,28,8,1,8,20,29,23,1,74,4,1,0,5,2,0,0.196507,0.0894942,0.287938,0.310811,0.280156,0.344978,0.276375,0.625134,0.148472,3.61834,0.25,,-0.0261908,23.071,-6.99241,69.2111,-0.0261908,-6.6,-9.488303229212761,-1.8785123825073242,-0.29166,999,,,,,,,211.9,3.21060606,211.9,3.21060606,,,,,,,,,,,,,,,,,,,"Andy Yerzy","sa917939",647378
"J.T. Arruda","WSN",109,419,373,76,55,15,3,3,38,32,36,0,109,2,2,6,8,8,2,0.203753,0.0859189,0.260143,0.330275,0.276029,0.284182,0.252974,0.560211,0.080429,5.45604,0.277567,,0.0559919,29.7223,-19.2915,60.2994,0.0559919,1.5,-19.835705004632473,3.0395355224609375,-0.296247,999,,,,,,,265,2.43119266,265,2.43119266,,,,,,,,,,,,,,,,,,,"J.T. Arruda","sa3010036",686793
"Nelson Medina",,55,202,186,37,28,5,2,2,17,15,13,0,92,2,1,0,6,4,1,0.198925,0.0643564,0.455446,0.141304,0.257426,0.27957,0.240783,0.536996,0.0806452,6.2304,0.376344,,0.0556194,12.3471,-11.2825,53.1563,0.0556194,0.4,-10.771370686590672,1.142210453748703,-0.297577,999,,,,,,,115.7,2.103636363,115.7,2.103636363,,,,,,,,,,,,,,,,,,,"Nelson Medina","sa3005549",678729
"Cade Hunter","CIN",105,421,378,70,50,11,1,8,42,40,33,1,156,8,2,0,4,6,1,0.185185,0.0783848,0.370546,0.211538,0.263658,0.283069,0.246869,0.546727,0.0978836,4.80114,0.287037,,0.0846756,27.7954,-21.4524,49.3518,0.0846756,0.8,-25.41341133415699,8.534420788288116,-0.297935,999,,,,,,,258.4,2.46095238,258.4,2.46095238,,,,,,,,,,,,,,,,,,,"Cade Hunter","sa3020199",687192
"Jeffrey Wehler",,64,248,231,53,40,7,2,4,22,26,14,0,69,2,1,0,3,5,3,0.229437,0.0564516,0.278226,0.202899,0.278226,0.329004,0.26821,0.60723,0.0995671,4.89949,0.308176,,-0.656995,20.6333,-8.37729,73.8029,-0.656995,-4,-8.09078174829483,-3.0887712836265564,-0.298998,999,,,,,,,184.2,2.878125,184.2,2.878125,,,,,,,,,,,,,,,,,,,"Jeffrey Wehler","sa3022159",694292
"Shawn Goosenberg",,102,424,389,86,56,20,2,8,47,44,27,0,135,6,1,1,8,11,5,0.22108,0.0636792,0.318396,0.2,0.281324,0.344473,0.276523,0.625797,0.123393,5.64625,0.315789,,-0.527458,38.1131,-11.4856,77.7912,-0.527458,2,-11.301955580711365,-5.7895355224609375,-0.302368,999,,,,,,,343.1,3.36372549,343.1,3.36372549,,,,,,,,,,,,,,,,,,,"Shawn Goosenberg","sa3017116",700361
"David Calabrese","LAA",100,397,350,63,42,12,1,8,38,36,39,0,139,3,0,5,2,6,4,0.18,0.0982368,0.350126,0.280576,0.267857,0.288571,0.252828,0.556429,0.108571,4.10322,0.270936,,-1.08299,28.115,-18.3253,59.8633,-1.08299,7.5,-19.315142035484314,3.1238975524902344,-0.302543,999,,,,,,,244.7,2.447,244.7,2.447,,,,,,,,,,,,,,,,,,,"David Calabrese","sa3014507",683341
"Edgar Alvarez","CHC",29,116,105,21,15,4,0,2,8,10,10,1,48,1,0,0,1,0,1,0.2,0.0862069,0.413793,0.208333,0.275862,0.295238,0.254479,0.5711,0.0952381,1.38239,0.345455,,-0.602317,8.36905,-5.20041,63.4936,-0.602317,1,-5.6662479639053345,-1.1310994625091553,-0.303788,999,,,,,,,73.2,2.524137931,73.2,2.524137931,,,,,,,,,,,,,,,,,,,"Edgar Alvarez","sa3025269",827294
"Brian Anderson",,91,356,318,68,48,11,1,8,35,36,30,1,112,5,3,0,9,1,1,0.213836,0.0842697,0.314607,0.267857,0.289326,0.330189,0.275193,0.619515,0.116352,2.83082,0.298507,,-0.852185,31.6197,-10.0245,73.6975,-0.852185,3.8,-12.049351453781128,-2.7402703762054443,-0.305294,999,,,,,,,279.7,3.073626373,279.7,3.073626373,,,,,,,,,,,,,,,,,,,"Brian Anderson","18289",605119
"Grant Witherspoon",,82,339,307,62,41,11,2,8,33,32,28,1,111,2,1,1,8,5,3,0.201954,0.0825959,0.327434,0.252252,0.272189,0.32899,0.265794,0.60118,0.127036,4.79665,0.285714,,-0.767489,27.5453,-12.1103,71.9465,-0.767489,1.1,-11.649060547351837,-2.6367725133895874,-0.305857,999,,,,,,,249.8,3.046341463,249.8,3.046341463,,,,,,,,,,,,,,,,,,,"Grant Witherspoon","sa3007047",680710
"Raudelis Martinez","TBR",83,322,292,53,40,9,1,3,28,25,21,0,58,4,4,1,7,4,1,0.181507,0.0652174,0.180124,0.362069,0.242991,0.25,0.223208,0.492991,0.0684932,4.55148,0.212766,,-0.118014,15.127,-22.5399,44.8497,-0.118014,0.8,-20.43732690066099,6.715637981891632,-0.306243,999,,,,,,,144.6,1.742168674,144.6,1.742168674,,,,,,,,,,,,,,,,,,,"Raudelis Martinez","sa3016835",696020
"Aramis Garcia","ARI",75,252,237,46,33,8,0,5,20,25,8,0,93,5,1,1,6,3,1,0.194093,0.031746,0.369048,0.0860215,0.23506,0.291139,0.233044,0.526199,0.0970464,3.47296,0.292857,,-0.168058,13.8336,-15.6449,44.8865,-0.168058,0.8,-16.776149183511734,5.429629623889923,-0.306729,999,,,,,,,132.7,1.769333333,132.7,1.769333333,,,,,,,,,,,,,,,,,,,"Aramis Garcia","16925",605244
"Logan Warmoth",,91,348,305,59,43,11,1,4,34,28,33,0,110,6,3,1,7,9,4,0.193443,0.0948276,0.316092,0.3,0.282421,0.27541,0.255226,0.557831,0.0819672,4.88049,0.283505,,-0.467204,25.3164,-15.392,69.701,-0.467204,-5.9,-12.531796604394913,-2.064021348953247,-0.306821,999,,,,,,,223.5,2.456043956,223.5,2.456043956,,,,,,,,,,,,,,,,,,,"Logan Warmoth","sa3004813",657089
"Cole Roberts",,38,127,113,24,19,3,1,1,14,8,10,0,31,0,2,2,2,5,2,0.212389,0.0787402,0.244094,0.322581,0.272,0.283186,0.248373,0.555186,0.0707965,6.41365,0.277108,,-0.0388931,8.5386,-6.31761,56.2493,-0.0388931,-1,-6.6832020953297615,-0.5333627164363861,-0.309321,999,,,,,,,79.1,2.081578947,79.1,2.081578947,,,,,,,,,,,,,,,,,,,"Cole Roberts","sa3022403",689731
"David Dahl",,89,346,320,76,48,17,1,10,38,42,23,1,90,1,2,0,6,3,1,0.2375,0.066474,0.260116,0.255556,0.289017,0.390625,0.294536,0.679642,0.153125,3.88176,0.297297,,-0.365368,36.118,-4.35641,87.3197,-0.365368,0,-5.611840754747391,-8.899176597595215,-0.31085,999,,,,,,,329.5,3.702247191,329.5,3.702247191,,,,,,,,,,,,,,,,,,,"David Dahl","13744",621311
"Josue De Paula","LAD",109,475,416,92,68,16,2,6,55,46,50,1,116,7,2,0,9,12,2,0.221154,0.105263,0.244211,0.431034,0.313684,0.3125,0.283362,0.626184,0.0913462,5.53505,0.290541,,0.611327,45.3123,-10.2523,82.0872,0.611327,-4,-9.563316702842712,-9.235890865325928,-0.310869,999,,,,,,,401.6,3.684403669,401.6,3.684403669,,,,,,,,,,,,,,,,,,,"Josue De Paula","sa3018591",800543
"Nick Senzel","LAD",98,345,310,68,49,12,0,7,40,30,31,1,74,2,1,1,7,4,4,0.219355,0.0898551,0.214493,0.418919,0.293605,0.325806,0.276148,0.619411,0.106452,3.12669,0.265217,,-1.45931,30.9078,-9.44964,77.5276,-1.45931,-5.5,-10.330349326133728,-4.232363343238831,-0.313752,999,,,,,,,266.8,2.722448979,266.8,2.722448979,,,,,,,,,,,,,,,,,,,"Nick Senzel","19293",669222
"Nelson Rada","LAA",128,541,472,103,86,12,1,4,59,43,47,0,139,10,3,9,10,22,8,0.21822,0.0868762,0.256932,0.338129,0.300752,0.273305,0.263646,0.574057,0.0550847,5.32745,0.298193,,0.0313324,43.0235,-20.2617,67.473,0.0313324,-3,-20.10344848781824,-1.0121986865997314,-0.314323,999,,,,,,,373.3,2.91640625,373.3,2.91640625,,,,,,,,,,,,,,,,,,,"Nelson Rada","sa3018421",703185
"Maxwell Costes",,61,222,198,41,30,6,0,5,18,24,15,0,45,7,2,0,7,1,1,0.207071,0.0675676,0.202703,0.333333,0.283784,0.313131,0.268488,0.596915,0.106061,2.01954,0.24,,-0.615412,18.5198,-7.4493,75.275,-0.615412,0.5,-6.8959327936172485,-3.5784831047058105,-0.315873,999,,,,,,,161.1,2.640983606,161.1,2.640983606,,,,,,,,,,,,,,,,,,,"Maxwell Costes","sa3020001",696272
"Casey Yamauchi","ATH",88,327,299,68,58,9,1,0,32,25,14,0,36,10,1,3,10,11,4,0.227425,0.0428135,0.110092,0.388889,0.283951,0.264214,0.249595,0.548165,0.0367893,5.30184,0.257576,,-0.0672042,22.3068,-15.945,63.3314,-0.0672042,-1.4,-13.787017583847046,-0.1985008716583252,-0.316241,999,,,,,,,195.3,2.219318181,195.3,2.219318181,,,,,,,,,,,,,,,,,,,"Casey Yamauchi","sa3022528",671748
"Poncho Ruiz","MIN",94,387,348,69,47,18,0,4,32,34,32,0,92,4,3,0,12,1,1,0.198276,0.0826873,0.237726,0.347826,0.271318,0.284483,0.251038,0.555801,0.0862069,1.99987,0.254902,,-0.860077,26.8493,-18.4212,61.0521,-0.860077,-5,-18.106567919254303,2.109788417816162,-0.316959,999,,,,,,,235.3,2.503191489,235.3,2.503191489,,,,,,,,,,,,,,,,,,,"Poncho Ruiz","sa3022752",695000
"Harold Castro",,113,361,340,91,69,17,1,4,34,38,15,0,74,1,3,2,6,1,1,0.267647,0.0415512,0.204986,0.202703,0.29805,0.358824,0.286934,0.656874,0.0911765,2.52217,0.328302,,-0.875862,35.475,-6.7541,81.1569,-0.875862,-7.8,-8.6591836810112,-6.47357451915741,-0.317425,999,,,,,,,309.3,2.737168141,309.3,2.737168141,,,,,,,,,,,,,,,,,,,"Harold Castro","14691",605612
"Elliot Soto",,97,375,333,64,48,12,2,2,40,25,32,1,118,3,2,5,8,10,2,0.192192,0.0853333,0.314667,0.271186,0.267568,0.258258,0.238965,0.525826,0.0660661,6.16076,0.288372,,0.542809,22.3728,-21.494,50.1117,0.542809,1.1,-20.863201081752777,5.2335978746414185,-0.320438,999,,,,,,,208.8,2.152577319,208.8,2.152577319,,,,,,,,,,,,,,,,,,,"Elliot Soto","11155",519303
"Josh Hood","SEA",115,494,456,93,66,15,2,10,59,45,34,0,147,2,2,0,13,10,3,0.203947,0.0688259,0.297571,0.231293,0.261134,0.311404,0.254163,0.572537,0.107456,5.60319,0.275748,,-0.0200463,35.515,-22.2722,68.9533,-0.0200463,-7.5,-17.568849608302116,-2.054673671722412,-0.32237,999,,,,,,,332.3,2.889565217,332.3,2.889565217,,,,,,,,,,,,,,,,,,,"Josh Hood","sa3020268",681377
"Zach Britton",,63,263,233,44,28,11,1,4,26,26,24,0,95,5,1,0,6,3,1,0.188841,0.0912548,0.361217,0.252632,0.277567,0.296137,0.260134,0.573704,0.107296,4.56632,0.296296,,-0.254874,20.1718,-10.5934,68.1223,-0.254874,-6.9,-9.84774136543274,-2.0682835578918457,-0.323309,999,,,,,,,178.5,2.833333333,178.5,2.833333333,,,,,,,,,,,,,,,,,,,"Zach Britton","sa3014821",676309
"Bubba Alleyne",,105,341,312,69,48,14,2,5,35,37,25,0,111,3,1,0,3,10,9,0.221154,0.0733138,0.325513,0.225225,0.284457,0.326923,0.271851,0.611381,0.105769,5.10074,0.324873,,-2.24488,29.37,-10.5195,74.3391,-2.24488,2,-12.708641052246094,-1.7588183879852295,-0.323516,999,,,,,,,251.2,2.392380952,251.2,2.392380952,,,,,,,,,,,,,,,,,,,"Bubba Alleyne","sa3019902",804588
"Aeverson Arteaga","SFG",102,421,391,77,49,17,3,8,41,40,24,0,121,3,3,0,10,4,1,0.196931,0.0570071,0.287411,0.198347,0.247031,0.317136,0.247971,0.564166,0.120205,5.10713,0.260377,,-0.20483,28.1688,-21.079,58.535,-0.20483,-0.7,-21.079777091741562,3.9406526684761047,-0.324801,999,,,,,,,267.6,2.623529411,267.6,2.623529411,,,,,,,,,,,,,,,,,,,"Aeverson Arteaga","sa3014707",692348
"Alex Isola",,95,390,351,76,53,14,0,9,36,40,34,1,94,3,2,0,7,2,1,0.216524,0.0871795,0.241026,0.361702,0.289744,0.333333,0.276713,0.623077,0.116809,2.32488,0.268,,-0.707432,35.1166,-10.5049,79.1121,-0.707432,-1.9,-10.028491199016571,-6.198941588401794,-0.33043,999,,,,,,,311.8,3.282105263,311.8,3.282105263,,,,,,,,,,,,,,,,,,,"Alex Isola","sa1170516",684576
"Jalen Vasquez",,93,347,310,59,41,12,3,3,34,27,34,0,108,2,1,0,1,15,5,0.190323,0.0979827,0.311239,0.314815,0.273775,0.277419,0.2507,0.551195,0.0870968,6.60151,0.28,,0.367251,23.9797,-16.6117,62.7624,0.367251,-4.2,-14.417592912912369,-0.3750438690185547,-0.330598,999,,,,,,,223,2.397849462,223,2.397849462,,,,,,,,,,,,,,,,,,,"Jalen Vasquez","sa3022920",694884
"Juan Zabala",,66,242,222,45,33,8,0,4,21,21,14,0,74,2,1,3,7,3,3,0.202703,0.0578512,0.305785,0.189189,0.25523,0.292793,0.24443,0.548023,0.0900901,2.96859,0.282759,,-1.00175,15.5023,-12.8064,57.8613,-1.00175,-2.5,-13.19608199596405,1.9459142684936523,-0.331108,999,,,,,,,136.1,2.062121212,136.1,2.062121212,,,,,,,,,,,,,,,,,,,"Juan Zabala","sa913717",668558
"Jackie Bradley Jr.",,80,244,225,40,26,10,1,3,21,18,14,0,70,3,1,1,4,3,1,0.177778,0.057377,0.286885,0.2,0.234568,0.271111,0.226404,0.505679,0.0933333,4.79206,0.24183,,-0.144381,12.0903,-16.4523,45.5654,-0.144381,3.8,-16.027149200439453,4.696531414985657,-0.332551,999,,,,,,,115.8,1.4475,115.8,1.4475,,,,,,,,,,,,,,,,,,,"Jackie Bradley Jr.","12984",598265
"Erick Brito","PHI",117,432,390,83,65,13,3,2,44,35,25,0,76,7,1,9,13,11,6,0.212821,0.0578704,0.175926,0.328947,0.271868,0.276923,0.247654,0.548791,0.0641026,5.63909,0.258786,,-0.995603,28.7945,-21.74,55.765,-0.995603,1.5,-23.84690648317337,6.261904716491699,-0.333087,999,,,,,,,248.5,2.123931623,248.5,2.123931623,,,,,,,,,,,,,,,,,,,"Erick Brito","sa3011753",684081
"Jacob Godman",,62,216,184,30,23,4,2,1,21,15,28,0,66,2,2,0,0,3,1,0.163043,0.12963,0.305556,0.424242,0.277778,0.222826,0.237327,0.500604,0.0597826,5.69702,0.243697,,-0.223305,12.6019,-12.6653,48.2109,-0.223305,-0.8,-13.60014060139656,3.1682538390159607,-0.335856,999,,,,,,,109.3,1.762903225,109.3,1.762903225,,,,,,,,,,,,,,,,,,,"Jacob Godman","sa3022504",702066
"Pierce Bennett",,84,344,304,65,50,9,3,3,38,30,31,1,61,7,2,0,11,5,3,0.213816,0.0901163,0.177326,0.508197,0.299419,0.292763,0.268249,0.592182,0.0789474,5.14643,0.256198,,-0.90166,28.6312,-11.6093,69.6269,-0.90166,2.5,-13.395858764648438,-1.2918870449066162,-0.335968,999,,,,,,,246.5,2.934523809,246.5,2.934523809,,,,,,,,,,,,,,,,,,,"Pierce Bennett","sa3022816",803139
"Kris Bryant","COL",75,308,272,65,43,14,0,8,35,32,28,1,75,7,1,0,7,1,0,0.238971,0.0909091,0.243506,0.373333,0.324675,0.378676,0.311142,0.703352,0.139706,2.54902,0.3,,-0.407717,36.2679,0.238691,85.9814,-0.407717,0,-5.570904970169067,-7.921810626983643,-0.336136,539.75,,,,,,,314.7,4.196,314.7,4.196,,,,,,,,,,,,,,,,,,,"Kris Bryant","15429",592178
"CJ Rodriguez","ATH",75,285,255,43,37,5,1,0,17,14,27,0,66,2,1,0,4,0,0,0.168627,0.0947368,0.231579,0.409091,0.252632,0.196078,0.212394,0.44871,0.027451,1.78571,0.226316,,-0.5209,10.9084,-22.4304,37.1633,-0.5209,3,-21.011929631233215,8.235890865325928,-0.336229,999,,,,,,,93,1.24,93,1.24,,,,,,,,,,,,,,,,,,,"CJ Rodriguez","sa3017283",675430
"Nick Schnell","WSN",102,403,372,80,52,17,1,10,47,42,24,0,137,3,3,1,5,5,3,0.215054,0.0595534,0.33995,0.175182,0.266169,0.346774,0.268558,0.612943,0.13172,4.50528,0.307018,,-0.838521,33.642,-13.5002,70.7882,-0.838521,2.7,-14.915988504886627,-1.7422397136688232,-0.336929,999,,,,,,,307.1,3.010784313,307.1,3.010784313,,,,,,,,,,,,,,,,,,,"Nick Schnell","sa3007639",678010
"Quincy Nieporte",,89,349,315,70,47,13,1,9,33,39,26,0,81,3,4,1,12,2,0,0.222222,0.0744986,0.232092,0.320988,0.284483,0.355556,0.281214,0.640038,0.133333,3.52428,0.266376,,-0.199824,32.6893,-8.13608,85.5728,-0.199824,0,-5.9610302448272705,-8.976337432861328,-0.338646,999,,,,,,,295.8,3.323595505,295.8,3.323595505,,,,,,,,,,,,,,,,,,,"Quincy Nieporte","sa3004819",676811
"Justin Bench",,60,259,232,47,37,9,0,1,24,23,11,0,69,10,1,5,5,3,1,0.202586,0.042471,0.266409,0.15942,0.267717,0.25431,0.239155,0.522027,0.0517241,3.9863,0.282209,,-0.262767,15.4917,-14.8057,52.601,-0.262767,2.1,-14.942893087863922,3.0516459941864014,-0.338956,999,,,,,,,132.6,2.21,132.6,2.21,,,,,,,,,,,,,,,,,,,"Justin Bench","sa3020494",699478
"Quinn McDaniel","SFG",115,500,445,87,56,18,4,9,50,48,46,0,184,5,3,1,5,19,5,0.195506,0.092,0.368,0.25,0.276553,0.314607,0.264655,0.59116,0.119101,6.77728,0.305882,,0.930479,40.1689,-18.3202,69.7647,0.930479,-4.6,-17.14734673500061,-2.762845277786255,-0.339784,999,,,,,,,376.9,3.277391304,376.9,3.277391304,,,,,,,,,,,,,,,,,,,"Quinn McDaniel","sa3022701",814194
"Kevin Padlo",,88,366,326,63,39,14,1,9,38,38,35,0,114,2,3,0,7,6,2,0.193252,0.0956284,0.311475,0.307018,0.273224,0.325153,0.266517,0.598377,0.131902,4.5265,0.262136,,-0.209837,29.9521,-12.8618,71.5965,-0.209837,3.9,-12.641057908535004,-2.8239855766296387,-0.34072,999,,,,,,,274.5,3.119318181,274.5,3.119318181,,,,,,,,,,,,,,,,,,,"Kevin Padlo","16593",656821
"Diego Infante",,91,366,336,84,63,14,1,6,42,33,26,0,124,2,2,0,8,6,3,0.25,0.0710383,0.338798,0.209677,0.306011,0.35119,0.290588,0.657201,0.10119,4.37444,0.375,,-0.73323,37.043,-5.77097,82.6305,-0.73323,-3.1,-8.33526086807251,-7.1343913078308105,-0.341196,999,,,,,,,324.1,3.561538461,324.1,3.561538461,,,,,,,,,,,,,,,,,,,"Diego Infante","sa3003280",672653
"Murphy Stehly","WSN",76,294,267,59,45,11,1,2,26,29,14,1,84,11,2,0,7,3,2,0.220974,0.047619,0.285714,0.166667,0.285714,0.292135,0.259542,0.577849,0.071161,3.9286,0.311475,,-0.75459,22.4094,-11.9822,64.7199,-0.75459,-1,-13.157905519008636,0.0802469253540039,-0.341332,999,,,,,,,194.9,2.564473684,194.9,2.564473684,,,,,,,,,,,,,,,,,,,"Murphy Stehly","sa3020276",693822
"Aron Estrada","BAL",120,484,446,101,74,16,4,7,53,51,27,1,92,8,3,0,5,17,8,0.226457,0.0557851,0.190083,0.293478,0.280992,0.327354,0.268537,0.608346,0.100897,6.19626,0.268571,,-0.692433,40.3958,-16.2216,75.3097,-0.692433,-6.9,-14.365885198116302,-5.121634483337402,-0.342824,999,,,,,,,369.5,3.079166666,369.5,3.079166666,,,,,,,,,,,,,,,,,,,"Aron Estrada","sa3018552",800406
"Nick Ward",,93,370,324,68,54,9,1,4,39,32,34,1,101,7,2,3,4,7,1,0.209877,0.0918919,0.272973,0.336634,0.297003,0.280864,0.263589,0.577867,0.0709877,5.02666,0.289593,,0.253106,29.4073,-13.8746,65.8868,0.253106,-2.2,-14.840234965085983,-0.8405055999755859,-0.349265,999,,,,,,,259.7,2.792473118,259.7,2.792473118,,,,,,,,,,,,,,,,,,,"Nick Ward","sa3007089",682187
"Randy Florentino",,55,182,170,36,27,6,1,2,16,15,9,0,45,1,2,0,2,1,1,0.211765,0.0494506,0.247253,0.2,0.252747,0.294118,0.241453,0.546865,0.0823529,3.81776,0.272,,-0.497026,11.2226,-10.0674,56.2576,-0.497026,-3.2,-9.606212198734283,0.14362144470214844,-0.349374,999,,,,,,,102.6,1.865454545,102.6,1.865454545,,,,,,,,,,,,,,,,,,,"Randy Florentino","sa3005529",678594
"Bryce Windham",,72,272,243,52,40,10,1,1,23,20,21,0,62,1,2,5,5,5,1,0.213992,0.0772059,0.227941,0.33871,0.277154,0.27572,0.249604,0.552874,0.0617284,4.62138,0.28022,,0.105663,18.5569,-13.2612,60.2129,0.105663,-4.6,-12.835469126701355,0.3970608711242676,-0.350837,999,,,,,,,165,2.291666666,165,2.291666666,,,,,,,,,,,,,,,,,,,"Bryce Windham","sa3010403",690180
"Jack Winkler","MIA",121,491,447,91,62,21,1,7,50,48,33,1,123,8,2,1,10,13,4,0.203579,0.0672098,0.250509,0.268293,0.269388,0.302013,0.255134,0.571401,0.098434,5.08274,0.263323,,0.174947,35.683,-21.7532,58.767,0.174947,-1.1,-24.034683644771576,4.312257647514343,-0.351289,999,,,,,,,331.5,2.739669421,331.5,2.739669421,,,,,,,,,,,,,,,,,,,"Jack Winkler","29830",676466
"Israel Pineda",,81,304,288,52,38,9,0,5,21,24,14,0,92,1,1,0,9,1,0,0.180556,0.0460526,0.302632,0.152174,0.220395,0.263889,0.215168,0.484284,0.0833333,2.28087,0.244792,,-0.218298,12.3143,-23.2471,34.8532,-0.218298,4.8,-23.90081638097763,10.384950160980225,-0.352259,999,,,,,,,123.2,1.520987654,123.2,1.520987654,,,,,,,,,,,,,,,,,,,"Israel Pineda","22906",672832
"Jacob Reimer","NYM",79,315,274,55,43,9,0,3,30,29,30,0,74,9,2,0,12,1,2,0.20073,0.0952381,0.234921,0.405405,0.298413,0.266423,0.26193,0.564836,0.0656934,2.15693,0.261307,,-1.25719,24.6155,-12.2325,69.4773,-1.25719,-2.3,-12.754465818405151,-1.1425925493240356,-0.353865,999,,,,,,,201.6,2.551898734,201.6,2.551898734,,,,,,,,,,,,,,,,,,,"Jacob Reimer","sa3020416",702544
"Andy Garriola","CHC",111,464,424,82,43,22,1,16,54,60,26,1,177,7,7,0,5,5,1,0.193396,0.0560345,0.381466,0.146893,0.247845,0.363208,0.263855,0.611052,0.169811,4.96645,0.277311,,0.00306193,36.9777,-17.3001,69.8043,0.00306193,3,-16.751141868531704,-2.114638328552246,-0.355507,999,,,,,,,360.8,3.25045045,360.8,3.25045045,,,,,,,,,,,,,,,,,,,"Andy Garriola","sa3020458",696513
"Trey Faltine","CIN",93,294,256,43,28,9,0,6,33,28,25,0,141,5,1,7,1,14,1,0.167969,0.085034,0.479592,0.177305,0.254355,0.273438,0.240783,0.527793,0.105469,6.19372,0.336364,,1.93723,17.9705,-16.421,45.2557,1.93723,3,-17.309070467948914,4.080246925354004,-0.356944,999,,,,,,,181.1,1.947311827,181.1,1.947311827,,,,,,,,,,,,,,,,,,,"Trey Faltine","sa3020118",683104
"Jairo Pomares",,89,362,341,79,49,19,1,10,39,45,13,0,109,5,1,2,4,4,1,0.231672,0.0359116,0.301105,0.119266,0.269444,0.381232,0.282456,0.650676,0.14956,4.4992,0.309417,,-0.133799,34.2685,-8.07752,81.7455,-0.133799,-3.5,-8.03585347533226,-7.490299940109253,-0.360763,999,,,,,,,315,3.539325842,315,3.539325842,,,,,,,,,,,,,,,,,,,"Jairo Pomares","sa3010023",682646
"Freddy Zamora","MIL",96,389,348,70,54,12,0,4,40,33,32,0,100,7,2,0,9,7,2,0.201149,0.0822622,0.257069,0.32,0.280206,0.270115,0.251819,0.550321,0.0689655,4.12985,0.268293,,-0.144008,27.2326,-18.2719,58.7861,-0.144008,-1.4,-19.315442472696304,2.887919068336487,-0.361164,999,,,,,,,241.1,2.511458333,241.1,2.511458333,,,,,,,,,,,,,,,,,,,"Freddy Zamora","sa3014500",668965
"Andrew Knizner","SFG",79,245,225,46,33,8,0,5,24,21,15,0,58,4,1,0,7,1,0,0.204444,0.0612245,0.236735,0.258621,0.265306,0.306667,0.255501,0.571973,0.102222,2.8944,0.251534,,-0.210406,17.8777,-10.782,62.0002,-0.210406,-4.8,-11.34331764280796,-0.29897117614746094,-0.361306,999,,,,,,,161.7,2.046835443,161.7,2.046835443,,,,,,,,,,,,,,,,,,,"Andrew Knizner","19514",668800
"Amed Rosario","NYY",124,479,455,121,89,20,6,6,53,47,18,0,86,3,3,0,12,13,3,0.265934,0.0375783,0.179541,0.209302,0.296451,0.375824,0.292199,0.672275,0.10989,6.53028,0.314208,,0.516814,49.1006,-6.9319,86.7001,0.516814,0,-7.101230978965759,-12.319958686828613,-0.361374,571.9000244140625,,,,,,,450.5,3.633064516,450.5,3.633064516,,,,,,,,,,,,,,,,,,,"Amed Rosario","15518",642708
"Jesus Moreno",,25,85,76,12,9,2,0,1,6,7,6,0,36,2,1,0,1,0,0,0.157895,0.0705882,0.423529,0.166667,0.235294,0.223684,0.212577,0.458978,0.0657895,1.35609,0.275,,-0.134171,3.26589,-6.67724,33.3393,-0.134171,-1.3,-6.61744898557663,0.2615814208984375,-0.363169,999,,,,,,,30.4,1.216,30.4,1.216,,,,,,,,,,,,,,,,,,,"Jesus Moreno","sa3007914",678986
"Nelson Quiroz","LAD",52,196,183,41,34,5,0,2,21,15,11,0,20,2,0,0,3,0,0,0.224044,0.0561224,0.102041,0.55,0.27551,0.284153,0.25189,0.559663,0.0601093,1.89286,0.242236,,-0.370944,13.7324,-9.19525,60.9042,-0.370944,-4.1,-9.53415185213089,-0.4991767406463623,-0.363353,999,,,,,,,118.9,2.286538461,118.9,2.286538461,,,,,,,,,,,,,,,,,,,"Nelson Quiroz","sa3009565",685716
"Chris Lanzilli",,69,274,247,53,38,9,1,5,24,28,19,0,81,6,2,0,8,2,4,0.214575,0.0693431,0.29562,0.234568,0.284672,0.319838,0.270247,0.60451,0.105263,3.30611,0.294479,,-1.71725,23.2457,-8.80633,73.3766,-1.71725,0.4,-10.064053773880005,-2.6202822625637054,-0.364708,999,,,,,,,196.2,2.84347826,196.2,2.84347826,,,,,,,,,,,,,,,,,,,"Chris Lanzilli","sa3020275",687811
"Eric Yang","CIN",49,166,147,27,20,6,0,1,12,13,15,0,51,4,0,0,4,1,0,0.183673,0.0903614,0.307229,0.294118,0.277108,0.244898,0.243544,0.522006,0.0612245,2.77129,0.273684,,-0.107804,10.5154,-8.90296,47.1136,-0.107804,-1.5,-10.605977229773998,1.5496766567230225,-0.365438,999,,,,,,,89.9,1.834693877,89.9,1.834693877,,,,,,,,,,,,,,,,,,,"Eric Yang","27698",687066
"Narbe Cruz","HOU",79,310,287,62,45,12,1,4,24,31,17,0,96,6,0,0,6,3,2,0.216028,0.0548387,0.309677,0.177083,0.274194,0.30662,0.259855,0.580814,0.0905923,3.44612,0.31016,,-0.746698,23.707,-12.5562,68.1232,-0.746698,-3,-12.053560376167297,-1.8609641790390015,-0.367559,999,,,,,,,207.4,2.625316455,207.4,2.625316455,,,,,,,,,,,,,,,,,,,"Narbe Cruz","sa3015205",700358
"Kevin Bruggeman","LAA",76,287,254,51,38,9,1,3,29,25,19,0,84,5,1,8,4,8,2,0.200787,0.0662021,0.292683,0.22619,0.268817,0.279528,0.24813,0.548345,0.0787402,5.83043,0.285714,,0.300657,19.2396,-14.3331,56.5583,0.300657,-4.5,-13.965090036392212,0.7726335525512695,-0.372335,999,,,,,,,173.2,2.278947368,173.2,2.278947368,,,,,,,,,,,,,,,,,,,"Kevin Bruggeman","sa3023073",815755
"Sammy Siani","PIT",112,453,409,91,66,16,3,6,51,42,35,0,123,3,2,4,6,9,5,0.222494,0.0772627,0.271523,0.284553,0.287305,0.320293,0.27085,0.607599,0.0977995,5.46909,0.301418,,-1.04584,38.6516,-14.3395,69.3803,-1.04584,-2.7,-17.6325501203537,-1.0355379581451416,-0.372853,999,,,,,,,337.6,3.014285714,337.6,3.014285714,,,,,,,,,,,,,,,,,,,"Sammy Siani","sa3010704",686445
"Kyle Battle",,36,114,101,16,9,4,1,2,13,10,10,0,46,2,1,0,1,5,1,0.158416,0.0877193,0.403509,0.217391,0.245614,0.277228,0.236614,0.522842,0.118812,8.04601,0.259259,,0.429253,6.58561,-6.74989,50.2235,0.429253,-0.1,-6.063585162162781,-1.3566137328743935,-0.373041,999,,,,,,,67.4,1.872222222,67.4,1.872222222,,,,,,,,,,,,,,,,,,,"Kyle Battle","sa3016968",690350
"Diego Hernandez",,106,428,393,93,72,13,3,5,43,39,18,0,113,3,3,11,3,10,7,0.236641,0.0420561,0.264019,0.159292,0.273381,0.323155,0.262287,0.596537,0.086514,5.42768,0.316547,,-1.56904,33.5687,-16.4979,63.8201,-1.56904,-0.2,-19.287145376205444,1.3726042956113815,-0.373571,999,,,,,,,292,2.754716981,292,2.754716981,,,,,,,,,,,,,,,,,,,"Diego Hernandez","sa3005759",678746
"Je'Von Ward","TOR",72,282,255,54,35,13,0,6,35,28,23,1,92,1,3,0,5,4,2,0.211765,0.0815603,0.326241,0.25,0.276596,0.333333,0.268137,0.609929,0.121569,3.98824,0.3,,-0.467773,23.4454,-9.54238,73.7515,-0.467773,-1,-8.937298655509949,-4.108465671539307,-0.374435,999,,,,,,,215.5,2.993055555,215.5,2.993055555,,,,,,,,,,,,,,,,,,,"Je'Von Ward","sa3004969",669219
"Jefferson Rojas","CHC",95,413,381,84,65,11,2,6,45,39,22,0,86,6,4,0,13,10,5,0.220472,0.0532688,0.208232,0.255814,0.271186,0.307087,0.256827,0.578273,0.0866142,5.33935,0.266212,,-0.759027,30.5774,-17.7346,65.0744,-0.759027,-3.9,-18.007682621479034,0.6524691581726074,-0.374582,999,,,,,,,278.1,2.927368421,278.1,2.927368421,,,,,,,,,,,,,,,,,,,"Jefferson Rojas","sa3018571",800473
"Mike Brosseau",,102,346,312,67,49,9,0,9,35,40,24,0,93,8,2,0,8,1,1,0.214744,0.0693642,0.268786,0.258065,0.286127,0.330128,0.275263,0.616255,0.115385,2.20904,0.273585,,-0.844293,30.7509,-9.72347,78.6143,-0.844293,0.9,-9.692625045776367,-5.456555008888245,-0.376758,999,,,,,,,269,2.637254901,269,2.637254901,,,,,,,,,,,,,,,,,,,"Mike Brosseau","19683",670712
"Charlie Blackmon",,105,431,386,97,65,19,4,9,49,47,35,1,75,7,2,1,6,4,1,0.251295,0.0812065,0.174014,0.466667,0.323256,0.391192,0.313342,0.714447,0.139896,5.02492,0.289474,,-0.441603,51.5147,1.09711,87.462,-0.441603,0,-6.903618335723877,-11.0853910446167,-0.378245,747.7000122070312,,,,,,,450.5,4.29047619,450.5,4.29047619,,,,,,,,,,,,,,,,,,,"Charlie Blackmon","7859",453568
"Myles Emmerson","LAA",60,220,200,38,30,7,0,1,21,14,17,0,70,1,1,1,9,1,1,0.19,0.0772727,0.318182,0.242857,0.255708,0.24,0.22702,0.495708,0.05,2.72581,0.284615,,-0.583843,11.0103,-14.7248,41.7095,-0.583843,0.2,-15.257079541683197,4.241739943623543,-0.378638,999,,,,,,,95.6,1.593333333,95.6,1.593333333,,,,,,,,,,,,,,,,,,,"Myles Emmerson","sa3016862",689880
"Casey Saucke","CHW",25,104,100,22,16,3,0,3,8,10,4,0,33,0,0,0,3,1,2,0.22,0.0384615,0.317308,0.121212,0.25,0.34,0.257462,0.59,0.12,2.1169,0.296875,,-0.767861,7.75303,-4.41269,64.3836,-0.767861,-1,-5.006134867668152,-2.1463844776153564,-0.379895,999,,,,,,,68.4,2.736,68.4,2.736,,,,,,,,,,,,,,,,,,,"Casey Saucke","sa3025382",695565
"Rixon Wingrove",,89,358,326,67,41,14,1,11,30,43,25,0,119,6,1,0,8,1,1,0.205521,0.0698324,0.332402,0.210084,0.273743,0.355828,0.277646,0.629571,0.150307,2.47126,0.284264,,-0.773261,32.5042,-9.37394,79.7688,-0.773261,0,-9.060505628585815,-6.5770134925842285,-0.379906,999,,,,,,,291,3.269662921,291,3.269662921,,,,,,,,,,,,,,,,,,,"Rixon Wingrove","sa3007298",678534
"Cortland Lawson","WSN",100,380,347,75,59,13,2,1,38,28,22,0,109,5,3,3,4,6,3,0.216138,0.0578947,0.286842,0.201835,0.270557,0.273775,0.244881,0.544332,0.0576369,5.16478,0.308333,,-0.693768,24.4803,-19.9713,54.8518,-0.693768,0.7,-21.209428787231445,4.888712584972382,-0.38103,999,,,,,,,215.5,2.155,215.5,2.155,,,,,,,,,,,,,,,,,,,"Cortland Lawson","sa3020202",687751
"Ronaldo Hernández","BOS",91,358,333,77,49,16,0,12,33,49,16,0,74,6,3,0,13,0,1,0.231231,0.0446927,0.206704,0.216216,0.276536,0.387387,0.288317,0.663924,0.156156,1.43835,0.26,,-0.965368,35.5789,-6.29929,86.5925,-0.965368,0,-6.457427144050598,-9.207818984985352,-0.382769,999,,,,,,,320.6,3.523076923,320.6,3.523076923,,,,,,,,,,,,,,,,,,,"Ronaldo Hernandez","sa881850",660613
"David Avitia",,35,124,109,17,12,4,0,1,8,9,8,0,67,3,1,3,1,0,0,0.155963,0.0645161,0.540323,0.119403,0.231405,0.220183,0.209269,0.451588,0.0642202,1.34077,0.380952,,-0.181526,4.43418,-10.0711,33.0645,-0.181526,0,-10.106732845306396,2.278071641921997,-0.382836,999,,,,,,,40.2,1.148571428,40.2,1.148571428,,,,,,,,,,,,,,,,,,,"David Avitia","sa3020939",669347
"Jacob Gonzalez","CHW",131,536,492,112,80,22,2,8,47,55,28,0,88,9,5,2,12,6,3,0.227642,0.0522388,0.164179,0.318182,0.279026,0.329268,0.268706,0.608294,0.101626,3.84785,0.259352,,-0.938433,44.8084,-17.8919,72.2924,-0.938433,-9.6,-17.931388795375824,-3.691710948944092,-0.383982,999,,,,,,,399.6,3.050381679,399.6,3.050381679,,,,,,,,,,,,,,,,,,,"Jacob Gonzalez","sa3022498",694378
"Vaun Brown",,79,310,283,58,37,12,3,6,38,35,14,0,132,9,3,1,3,12,2,0.204947,0.0451613,0.425806,0.106061,0.262136,0.332155,0.261727,0.594291,0.127208,8.3723,0.351351,,1.11644,24.1741,-12.0891,67.7937,1.11644,0.2,-10.822446703910828,-3.217107579112053,-0.385746,999,,,,,,,236.3,2.99113924,236.3,2.99113924,,,,,,,,,,,,,,,,,,,"Vaun Brown","sa3017282",673901
"Jesus Valdez","ARI",79,281,265,56,40,9,1,6,27,27,13,0,94,1,1,1,5,2,2,0.211321,0.0462633,0.33452,0.138298,0.25,0.320755,0.250446,0.570755,0.109434,3.77861,0.301205,,-0.836204,19.3613,-13.5095,56.5992,-0.836204,1.3,-15.419817984104156,2.332480788230896,-0.38696,999,,,,,,,177,2.240506329,177,2.240506329,,,,,,,,,,,,,,,,,,,"Jesus Valdez","sa3005492",678232
"Sergio Campana",,78,252,220,41,30,8,1,2,27,20,25,0,108,4,1,2,5,13,4,0.186364,0.0992064,0.428571,0.231481,0.28,0.259091,0.24914,0.539091,0.0727273,6.6277,0.351351,,0.514322,17.0983,-12.3802,54.7682,0.514322,0,-13.115972340106964,0.9259259104728699,-0.393847,999,,,,,,,157.8,2.023076923,157.8,2.023076923,,,,,,,,,,,,,,,,,,,"Sergio Campana","sa3009834",682656
"Harold Ramírez",,108,392,367,100,78,16,1,5,39,47,17,0,78,5,3,0,7,5,3,0.27248,0.0433673,0.19898,0.217949,0.311224,0.362398,0.295915,0.673622,0.0899183,3.57648,0.33101,,-1.00426,41.3551,-4.50035,87.6448,-1.00426,0,-6.795841693878174,-10.082304954528809,-0.397404,999,,,,,,,359.2,3.325925925,359.2,3.325925925,,,,,,,,,,,,,,,,,,,"Harold Ramirez","14387",623912
"Geraldi Diaz",,55,194,173,30,19,7,1,3,17,17,15,0,61,5,1,0,1,1,0,0.17341,0.0773196,0.314433,0.245902,0.257732,0.277457,0.243352,0.535189,0.104046,4.33921,0.245455,,-0.107804,12.2592,-10.4346,53.8229,-0.107804,-3.1,-10.820272617042065,0.4640800952911377,-0.403564,999,,,,,,,111.1,2.02,111.1,2.02,,,,,,,,,,,,,,,,,,,"Geraldi Diaz","sa3002635",673145
"Duke Ellis","NYY",99,343,312,64,49,9,2,4,40,30,22,0,107,4,1,4,3,32,5,0.205128,0.0641399,0.311953,0.205607,0.265487,0.285256,0.247533,0.550743,0.0801282,7.98032,0.29703,,3.78304,22.829,-17.2945,57.9043,3.78304,-3.9,-12.738024473190308,-2.6397119760513306,-0.404826,999,,,,,,,246.3,2.487878787,246.3,2.487878787,,,,,,,,,,,,,,,,,,,"Duke Ellis","27543",668752
"DJ Gladney","CHW",107,442,414,88,53,17,3,15,47,54,21,0,156,5,2,0,13,5,0,0.21256,0.0475113,0.352941,0.134615,0.257919,0.376812,0.27521,0.63473,0.164251,5.4804,0.297959,,0.376499,39.2641,-12.4402,76.8678,0.376499,-2.5,-11.322381556034088,-7.372134208679199,-0.405825,999,,,,,,,373.7,3.492523364,373.7,3.492523364,,,,,,,,,,,,,,,,,,,"DJ Gladney","sa3010043",687554
"Logan Tanner","CIN",68,259,234,39,25,9,1,4,23,21,23,0,98,1,1,0,3,0,1,0.166667,0.0888031,0.378378,0.234694,0.243243,0.264957,0.230468,0.508201,0.0982906,2.93791,0.263158,,-0.791735,13.6809,-16.6164,38.3131,-0.791735,2.6,-19.89703220129013,7.3582305908203125,-0.405834,999,,,,,,,123,1.808823529,123,1.808823529,,,,,,,,,,,,,,,,,,,"Logan Tanner","sa3020117",683091
"Ethan Workinger","ATL",127,513,474,108,75,20,3,10,53,53,35,0,128,2,2,0,18,4,4,0.227848,0.0682261,0.249513,0.273438,0.282651,0.345992,0.276887,0.628643,0.118143,3.95598,0.289941,,-1.70398,46.2637,-13.7461,74.8376,-1.70398,1.8,-17.13984990119934,-3.854761838912964,-0.407152,999,,,,,,,407.3,3.207086614,407.3,3.207086614,,,,,,,,,,,,,,,,,,,"Ethan Workinger","sa3015166",689688
"Miguel Hiraldo",,89,351,328,71,49,16,1,5,36,34,18,0,113,3,2,0,7,10,4,0.216463,0.0512821,0.321937,0.159292,0.262108,0.317073,0.255492,0.579181,0.10061,5.31224,0.311321,,-0.172495,25.61,-15.4493,64.8573,-0.172495,-2.7,-14.286420151591301,-1.4103175401687622,-0.410171,999,,,,,,,239.5,2.691011235,239.5,2.691011235,,,,,,,,,,,,,,,,,,,"Miguel Hiraldo","sa3005486",677599
"Brandon Martorano",,70,263,234,42,28,7,1,6,26,26,23,0,97,4,2,0,4,2,2,0.179487,0.0874525,0.368821,0.237113,0.262357,0.294872,0.251283,0.557229,0.115385,3.83881,0.270677,,-0.844096,18.2982,-12.4671,60.5655,-0.844096,-4.9,-12.711004137992859,-0.0682835578918457,-0.412464,999,,,,,,,162.8,2.325714285,162.8,2.325714285,,,,,,,,,,,,,,,,,,,"Brandon Martorano","sa918686",668785
"Yamal Encarnacion","HOU",89,354,320,70,55,10,1,4,43,29,26,0,75,2,2,4,4,18,6,0.21875,0.0734463,0.211864,0.346667,0.28,0.29375,0.257671,0.57375,0.075,6.23254,0.271605,,0.514891,26.4495,-14.9608,66.5866,0.514891,1.1,-13.019229054450989,-2.802116274833679,-0.412691,999,,,,,,,245.7,2.760674157,245.7,2.760674157,,,,,,,,,,,,,,,,,,,"Yamal Encarnacion","sa3015781",699043
"Adam Zebrowski","ATL",100,406,370,72,47,14,2,9,34,42,29,0,134,5,2,0,11,1,0,0.194595,0.0714286,0.330049,0.216418,0.261084,0.316216,0.256686,0.5773,0.121622,3.37395,0.275109,,-0.439286,30.0132,-17.4799,61.2413,-0.439286,-5.7,-19.256571739912033,1.758847713470459,-0.413331,999,,,,,,,273.7,2.737,273.7,2.737,,,,,,,,,,,,,,,,,,,"Adam Zebrowski","sa3017221",700845
"Brennan Orf","TOR",63,239,209,40,24,10,3,3,26,23,26,0,71,3,1,0,4,0,1,0.191388,0.108787,0.297071,0.366197,0.288703,0.311005,0.27072,0.599708,0.119617,4.41182,0.272059,,-0.823305,20.3673,-7.59043,75.5686,-0.823305,-0.1,-7.504470944404602,-4.4907995238900185,-0.414293,999,,,,,,,173.5,2.753968253,173.5,2.753968253,,,,,,,,,,,,,,,,,,,"Brennan Orf","sa3022570",804710
"River Town",,89,358,308,67,50,11,2,4,36,36,35,1,63,11,3,1,9,6,3,0.217532,0.0977654,0.175978,0.555556,0.316527,0.305195,0.282627,0.621721,0.0876623,4.78393,0.258197,,-0.764799,33.9393,-7.93881,78.1277,-0.764799,-2.3,-9.724276781082153,-6.24620795249939,-0.414293,999,,,,,,,289.1,3.248314606,289.1,3.248314606,,,,,,,,,,,,,,,,,,,"River Town","sa3017118",701817
"Eduardo Lopez",,71,282,254,51,35,10,1,5,30,26,25,0,80,1,2,0,2,4,1,0.200787,0.0886525,0.283688,0.3125,0.27305,0.307087,0.259542,0.580136,0.106299,4.86965,0.269006,,-0.0864442,21.4946,-11.4932,63.7664,-0.0864442,4.1,-12.305060647428036,-1.0807762145996094,-0.414355,999,,,,,,,196.1,2.76197183,196.1,2.76197183,,,,,,,,,,,,,,,,,,,"Eduardo Lopez","sa3009275",682637
"R.J. Yeager",,120,473,435,101,73,17,1,10,57,52,26,0,80,8,3,1,11,6,2,0.232184,0.0549683,0.169133,0.325,0.286017,0.344828,0.278507,0.630845,0.112644,4.49487,0.261494,,-0.454502,43.2732,-12.0574,78.5889,-0.454502,1.5,-12.565011858940125,-7.189741134643555,-0.416421,999,,,,,,,387.4,3.228333333,387.4,3.228333333,,,,,,,,,,,,,,,,,,,"R.J. Yeager","sa3019840",694271
"Matt O'Neill","NYM",61,215,189,29,20,5,1,3,20,15,23,0,91,1,1,1,5,0,0,0.153439,0.106977,0.423256,0.252747,0.247664,0.238095,0.225306,0.485759,0.0846561,3.18622,0.270833,,-0.347267,10.4633,-14.6869,44.8263,-0.347267,-0.6,-14.532352834939957,3.349882483482361,-0.416807,999,,,,,,,93.8,1.537704918,93.8,1.537704918,,,,,,,,,,,,,,,,,,,"Matt O'Neill","sa1170279",690841
"Jake Anchia",,77,291,274,52,34,12,0,6,30,30,11,0,97,4,2,0,5,1,1,0.189781,0.0378007,0.333333,0.113402,0.230241,0.29927,0.232957,0.529511,0.109489,3.03476,0.265896,,-0.591735,15.954,-18.0866,48.9005,-0.591735,-1.5,-17.60608983039856,3.8461198806762695,-0.417147,999,,,,,,,152.5,1.98051948,152.5,1.98051948,,,,,,,,,,,,,,,,,,,"Jake Anchia","sa3006674",680971
"Andrick Nava","MIL",64,241,217,45,34,8,1,2,16,20,20,0,50,2,2,0,4,0,1,0.207373,0.0829876,0.207469,0.4,0.278008,0.281106,0.252804,0.559114,0.0737327,2.2499,0.257485,,-0.846982,17.0627,-11.129,59.2317,-0.846982,-3.9,-12.59597498178482,0.5275425910949707,-0.41905,999,,,,,,,145.9,2.2796875,145.9,2.2796875,,,,,,,,,,,,,,,,,,,"Andrick Nava","sa3010693",682774
"Nolan McLean","NYM",59,143,131,22,10,5,0,7,14,20,11,0,86,1,0,0,0,0,0,0.167939,0.0769231,0.601399,0.127907,0.237762,0.366412,0.263897,0.604174,0.198473,1.20055,0.394737,,-0.173633,11.401,-5.32686,70.8009,-0.173633,0,-5.166699603199959,-3.677983522415161,-0.422541,999,,,,,,,108.5,1.83898305,108.5,1.83898305,,,,,,,,,,,,,,,,,,,"Nolan McLean","33703",690997
"Joe Suozzi",,82,302,270,54,41,7,2,4,32,30,22,0,112,9,1,0,5,4,1,0.2,0.0728477,0.370861,0.196429,0.281457,0.285185,0.25812,0.566642,0.0851852,5.54399,0.322581,,-0.173261,22.6734,-12.654,66.9124,-0.173261,1.3,-12.122308850288391,-2.0289242267608643,-0.424744,999,,,,,,,199.5,2.432926829,199.5,2.432926829,,,,,,,,,,,,,,,,,,,"Joe Suozzi","sa3015106",679545
"Jack Hurley","ARI",117,490,456,99,63,23,3,10,56,53,26,0,168,6,2,0,3,8,4,0.217105,0.0530612,0.342857,0.154762,0.267347,0.346491,0.269193,0.613838,0.129386,5.63561,0.317857,,-0.769806,41.155,-16.1643,69.217,-0.769806,-3.4,-18.8069971203804,-1.5995885133743286,-0.42538,999,,,,,,,376.2,3.215384615,376.2,3.215384615,,,,,,,,,,,,,,,,,,,"Jack Hurley","sa3022564",694815
"Joe Olsavsky","ATL",82,302,266,45,30,10,1,4,30,29,27,0,103,9,0,0,1,2,3,0.169173,0.089404,0.34106,0.262136,0.268212,0.259398,0.244611,0.52761,0.0902256,3.88153,0.257862,,-1.33592,19.3898,-15.9376,53.1133,-1.33592,3,-18.268280744552612,4.109641432762146,-0.425509,999,,,,,,,161.7,1.971951219,161.7,1.971951219,,,,,,,,,,,,,,,,,,,"Joe Olsavsky","sa3023289",815586
"Jose Fernandez","ARI",107,410,388,88,70,11,2,5,38,36,15,0,112,2,2,3,7,6,3,0.226804,0.0365854,0.273171,0.133929,0.257985,0.304124,0.247479,0.562109,0.0773196,4.56191,0.304029,,-0.70166,27.2704,-20.6906,54.602,-0.70166,3.7,-22.959430515766144,5.206466794013977,-0.42596,999,,,,,,,249.1,2.328037383,249.1,2.328037383,,,,,,,,,,,,,,,,,,,"Jose Fernandez","sa3015204",699912
"Logan Cerny",,103,426,389,72,45,14,2,11,50,43,30,0,177,5,2,0,6,15,2,0.18509,0.0704225,0.415493,0.169492,0.251174,0.316195,0.251736,0.567369,0.131105,6.90241,0.300493,,1.55859,29.7943,-20.0383,62.4123,1.55859,-3.2,-16.762915015220642,-1.6347442865371704,-0.430366,999,,,,,,,297.5,2.888349514,297.5,2.888349514,,,,,,,,,,,,,,,,,,,"Logan Cerny","sa3017661",681488
"James Tibbs III","LAD",29,123,116,24,17,4,0,3,13,11,7,0,46,0,0,0,0,0,0,0.206897,0.0569106,0.373984,0.152174,0.252033,0.318966,0.251867,0.570998,0.112069,1.75,0.313433,,-0.189418,8.61551,-5.77279,61.1572,-0.189418,-1,-5.902586758136749,-2.355820059776306,-0.430652,999,,,,,,,79.2,2.731034482,79.2,2.731034482,,,,,,,,,,,,,,,,,,,"James Tibbs III","sa3025333",696486
"Devin Hurdle",,27,95,87,17,13,3,1,0,9,7,5,0,32,2,0,1,3,0,1,0.195402,0.0526316,0.336842,0.15625,0.255319,0.252874,0.230867,0.508193,0.0574713,4.77361,0.309091,,-0.562855,5.0486,-6.06432,46.2048,-0.562855,-1.3,-6.4103862047195435,-0.9509405791759491,-0.432511,999,,,,,,,40.8,1.511111111,40.8,1.511111111,,,,,,,,,,,,,,,,,,,"Devin Hurdle","sa3022655",701152
"Darrien Miller","MIL",97,397,332,61,43,13,1,4,43,42,42,0,109,19,2,2,6,2,0,0.183735,0.105793,0.274559,0.385321,0.308861,0.26506,0.269967,0.573921,0.0813253,4.13948,0.257919,,-0.420812,33.5913,-12.849,71.0006,-0.420812,-10.5,-14.187879830598831,-3.206496238708496,-0.433554,999,,,,,,,277.4,2.859793814,277.4,2.859793814,,,,,,,,,,,,,,,,,,,"Darrien Miller","sa3011330",687152
"Felix Valerio",,89,356,323,66,47,12,2,5,37,33,25,0,89,6,2,0,6,8,3,0.204334,0.0702247,0.25,0.280899,0.272472,0.30031,0.256941,0.572782,0.0959752,5.57355,0.264069,,-0.230628,26.3899,-15.2543,62.2335,-0.230628,4.2,-16.308127537369728,0.27583765983581543,-0.433634,999,,,,,,,239.6,2.692134831,239.6,2.692134831,,,,,,,,,,,,,,,,,,,"Felix Valerio","sa3005613",680589
"Daniel Cope","COL",35,139,126,27,20,4,1,2,13,13,11,0,49,1,1,0,2,0,0,0.214286,0.0791367,0.352518,0.22449,0.280576,0.309524,0.26361,0.590099,0.0952381,3.17758,0.328947,,-0.252558,11.05,-5.20997,53.989,-0.252558,-3.5,-7.9003846645355225,-0.9463551044464111,-0.436485,999,,,,,,,97.3,2.78,97.3,2.78,,,,,,,,,,,,,,,,,,,"Daniel Cope","sa3010157",684543
"Walker Janek","HOU",26,109,104,17,11,4,1,1,7,9,3,0,40,1,1,0,2,0,0,0.163462,0.0275229,0.366972,0.075,0.192661,0.25,0.193979,0.442661,0.0865385,3.49154,0.25,,-0.118386,2.5564,-10.1942,21.7846,-0.118386,0,-9.873320646584034,2.0024986267089844,-0.43683,999,,,,,,,29.9,1.15,29.9,1.15,,,,,,,,,,,,,,,,,,,"Walker Janek","sa3025254",801075
"D'Andre Smith","NYM",56,203,190,40,28,9,1,2,18,20,8,0,56,4,1,0,6,4,1,0.210526,0.0394089,0.275862,0.142857,0.256158,0.3,0.246605,0.556158,0.0894737,5.28298,0.285714,,0.0792967,13.3594,-10.3871,59.1624,0.0792967,-1.9,-9.833979964256287,-1.1541152000427246,-0.437928,999,,,,,,,125.4,2.239285714,125.4,2.239285714,,,,,,,,,,,,,,,,,,,"D'Andre Smith","sa3020536",694266
"Gabriel Rodriguez",,81,301,272,53,39,10,1,3,29,26,21,0,100,5,2,1,10,1,1,0.194853,0.0697674,0.332226,0.21,0.263333,0.272059,0.242475,0.535392,0.0772059,3.58824,0.292398,,-0.718014,18.8083,-16.4021,55.5962,-0.718014,0.6,-16.011014103889465,1.7059670686721802,-0.438941,999,,,,,,,164.8,2.034567901,164.8,2.034567901,,,,,,,,,,,,,,,,,,,"Gabriel Rodriguez","sa3008744",682621
"Troy Schreffler Jr.",,77,266,242,46,31,8,2,5,35,27,17,0,88,4,2,1,6,12,2,0.190083,0.0639098,0.330827,0.193182,0.25283,0.301653,0.246764,0.554483,0.11157,8.07569,0.271523,,1.17958,17.5395,-13.5767,59.2693,1.17958,1.6,-11.776233077049255,-1.3320988416671753,-0.440623,999,,,,,,,177.4,2.303896103,177.4,2.303896103,,,,,,,,,,,,,,,,,,,"Troy Schreffler Jr.","sa3019921",687285
"J.J. D'Orazio","ARI",88,353,326,71,52,15,1,3,29,29,21,0,89,2,3,1,15,0,1,0.217791,0.0594901,0.252125,0.235955,0.267045,0.297546,0.250899,0.564591,0.0797546,2.36885,0.28692,,-0.996938,24.4509,-16.8423,56.9042,-0.996938,-3.3,-19.188546538352966,3.1851556301116943,-0.440948,999,,,,,,,215.2,2.445454545,215.2,2.445454545,,,,,,,,,,,,,,,,,,,"J.J. D'Orazio","sa3008876",683490
"Ben Ross","MIN",119,467,426,84,53,19,1,11,46,47,33,0,160,3,4,1,3,10,4,0.197183,0.0706638,0.342612,0.20625,0.257511,0.323944,0.256658,0.581454,0.126761,4.80088,0.281853,,-0.322451,34.5118,-20.1169,65.0051,-0.322451,-6,-19.021809190511703,-0.852292537689209,-0.4414,999,,,,,,,324.4,2.72605042,324.4,2.72605042,,,,,,,,,,,,,,,,,,,"Ben Ross","sa3020353",805346
"Marco Soto",,40,135,124,22,19,3,0,0,10,9,7,0,42,3,1,0,3,1,1,0.177419,0.0518519,0.311111,0.166667,0.237037,0.201613,0.203706,0.43865,0.0241935,2.86337,0.26506,,-0.433887,4.2231,-11.5689,27.0991,-0.433887,2.4,-11.694757580757141,2.896031826734543,-0.442962,999,,,,,,,37,0.925,37,0.925,,,,,,,,,,,,,,,,,,,"Marco Soto","sa3016872",699709
"Osiris Johnson",,75,283,264,55,39,10,1,5,29,26,13,0,76,2,2,2,5,9,2,0.208333,0.0459364,0.268551,0.171053,0.24911,0.310606,0.24615,0.559716,0.102273,5.78975,0.27027,,0.563796,18.5206,-14.5842,52.7206,0.563796,0.7,-15.436209321022034,1.7398294806480408,-0.442995,999,,,,,,,182.2,2.429333333,182.2,2.429333333,,,,,,,,,,,,,,,,,,,"Osiris Johnson","sa3008110",677341
"Jamari Baylor",,59,226,198,39,27,7,1,4,27,25,20,0,86,7,1,0,3,6,2,0.19697,0.0884956,0.380531,0.232558,0.292035,0.30303,0.270795,0.595066,0.106061,6.06371,0.321101,,-0.0362036,19.2731,-7.16394,58.825,-0.0362036,-1.5,-11.163856729865074,-0.66960608959198,-0.446277,999,,,,,,,170.8,2.894915254,170.8,2.894915254,,,,,,,,,,,,,,,,,,,"Jamari Baylor","sa3011446",687072
"Freuddy Batista","SEA",78,323,303,59,39,13,1,6,31,33,14,0,107,5,1,0,10,2,1,0.194719,0.0433437,0.331269,0.130841,0.241486,0.30363,0.240962,0.545116,0.108911,3.97731,0.277487,,-0.462767,19.7897,-17.9942,59.6681,-0.462767,-5.7,-15.368633508682251,0.2340097427368164,-0.448718,999,,,,,,,185.2,2.374358974,185.2,2.374358974,,,,,,,,,,,,,,,,,,,"Freuddy Batista","sa3002866",673945
"Javier Rivas","PIT",110,421,391,79,55,14,2,8,34,44,13,0,160,10,1,6,14,4,3,0.202046,0.0308789,0.380048,0.08125,0.245783,0.309463,0.245286,0.555246,0.107417,4.26801,0.316964,,-1.03063,27.259,-21.9888,52.174,-1.03063,2,-25.10788917541504,6.640652656555176,-0.461965,999,,,,,,,246.8,2.243636363,246.8,2.243636363,,,,,,,,,,,,,,,,,,,"Javier Rivas","sa3015589",691922
"Charlie Condon","COL",26,114,107,22,14,4,1,3,6,12,3,0,41,4,0,0,5,2,0,0.205607,0.0263158,0.359649,0.0731707,0.254386,0.345794,0.263585,0.60018,0.140187,5.31112,0.301587,,0.234259,9.06026,-4.27524,53.972,0.234259,-1,-6.04037618637085,-2.2566137313842773,-0.465533,999,,,,,,,86.5,3.326923076,86.5,3.326923076,,,,,,,,,,,,,,,,,,,"Charlie Condon","sa3025257",809707
"Jesus Galiz","LAD",74,304,279,53,36,12,1,4,29,29,16,0,104,6,3,0,4,0,0,0.189964,0.0526316,0.342105,0.153846,0.246711,0.283154,0.236614,0.529865,0.09319,2.9217,0.281609,,-0.457761,17.5615,-17.9998,50.6221,-0.457761,-1.8,-18.407873809337616,3.784950017929077,-0.466593,999,,,,,,,161.9,2.187837837,161.9,2.187837837,,,,,,,,,,,,,,,,,,,"Jesus Galiz","sa3015700",694188
"Stephen Piscotty",,51,177,162,33,23,6,0,4,14,15,12,0,52,2,1,0,6,0,0,0.203704,0.0677966,0.293785,0.230769,0.265537,0.314815,0.258274,0.580352,0.111111,1.04225,0.271028,,-0.29202,13.3106,-7.39447,69.4358,-0.29202,-2,-6.482040673494339,-3.9510581493377686,-0.466856,999,,,,,,,119.8,2.349019607,119.8,2.349019607,,,,,,,,,,,,,,,,,,,"Stephen Piscotty","13367",572039
"Jared Wegner",,96,351,313,61,37,15,2,7,32,37,30,0,125,5,3,0,11,6,4,0.194888,0.0854701,0.356125,0.24,0.273504,0.322684,0.265647,0.596188,0.127796,4.86586,0.293478,,-0.98828,28.4786,-12.5807,70.6456,-0.98828,0.4,-12.777513265609741,-3.469047635793686,-0.466956,999,,,,,,,254.5,2.651041666,254.5,2.651041666,,,,,,,,,,,,,,,,,,,"Jared Wegner","sa3022695",808767
"Lamar Sparks",,101,391,360,81,56,15,3,7,40,40,29,1,156,1,1,0,8,8,6,0.225,0.0741688,0.398977,0.185897,0.283887,0.341667,0.275193,0.625554,0.116667,5.25846,0.373737,,-1.50089,34.7284,-11.0101,74.5183,-1.50089,0.2,-13.415119886398315,-4.109964653849602,-0.467651,999,,,,,,,308.4,3.053465346,308.4,3.053465346,,,,,,,,,,,,,,,,,,,"Lamar Sparks","sa3004932",676473
"Nerwilian Cedeño","SDP",111,427,389,73,49,13,5,6,42,38,27,1,143,5,1,5,3,4,4,0.187661,0.0632318,0.334895,0.188811,0.248815,0.293059,0.240563,0.541874,0.105398,5.54029,0.278008,,-1.45142,26.0244,-23.9252,55.259,-1.45142,4,-24.296597957611084,5.56893002986908,-0.468264,999,,,,,,,234.8,2.115315315,234.8,2.115315315,,,,,,,,,,,,,,,,,,,"Nerwilian Cedeno","sa3010026",683481
"Miguel Hernandez",,59,211,200,45,37,6,0,2,19,18,8,0,44,1,1,1,7,1,0,0.225,0.0379147,0.208531,0.181818,0.257143,0.285,0.240393,0.542143,0.06,2.95895,0.277419,,-0.163051,12.8308,-11.8515,44.9927,-0.163051,1.7,-14.042238056659698,2.4752792716026306,-0.470248,999,,,,,,,117.1,1.984745762,117.1,1.984745762,,,,,,,,,,,,,,,,,,,"Miguel Hernandez","sa917055",665912
"Jorel Ortega","MIN",126,474,425,86,54,20,3,9,51,48,40,0,144,6,2,1,4,8,5,0.202353,0.0843882,0.303797,0.277778,0.27907,0.327059,0.270199,0.606129,0.124706,5.24491,0.281022,,-1.21427,40.1949,-15.2527,74.5298,-1.21427,-10.6,-15.02818763256073,-5.3751325607299805,-0.471906,999,,,,,,,355.5,2.821428571,355.5,2.821428571,,,,,,,,,,,,,,,,,,,"Jorel Ortega","sa3020090",687567
"Elis Barreat",,30,99,95,20,16,2,1,1,6,7,3,0,27,1,0,0,1,1,2,0.210526,0.030303,0.272727,0.111111,0.242424,0.284211,0.232761,0.526635,0.0736842,3.9646,0.283582,,-0.767861,5.41209,-6.16874,51.5699,-0.767861,-2,-6.253869414329529,-1.6362433731555939,-0.473322,999,,,,,,,46.2,1.54,46.2,1.54,,,,,,,,,,,,,,,,,,,"Elis Barreat","sa3018383",692412
"Eduardo Garcia","MIL",81,323,301,58,38,13,3,4,31,35,11,0,135,9,2,0,2,6,3,0.192691,0.0340557,0.417957,0.0814815,0.241486,0.295681,0.237904,0.537167,0.10299,6.48375,0.329268,,-0.47278,18.9947,-18.7892,49.4205,-0.47278,1.1,-20.008914411067963,4.66040575504303,-0.476303,999,,,,,,,179.2,2.212345679,179.2,2.212345679,,,,,,,,,,,,,,,,,,,"Eduardo Garcia","sa3008751",682633
"Ryan Wrobleski",,66,256,235,46,32,10,1,3,18,25,12,0,82,8,1,0,8,5,1,0.195745,0.046875,0.320312,0.146341,0.257812,0.285106,0.244254,0.542919,0.0893617,4.89245,0.284768,,0.184588,16.3629,-13.5835,57.1492,0.184588,-5.5,-12.367176845669746,-0.7968840599060059,-0.476353,999,,,,,,,152.2,2.306060606,152.2,2.306060606,,,,,,,,,,,,,,,,,,,"Ryan Wrobleski","sa3020239",696141
"Javier Valdes",,63,251,223,47,31,9,1,6,23,31,19,0,56,8,1,0,9,0,0,0.210762,0.0756972,0.223108,0.339286,0.294821,0.340807,0.284325,0.635628,0.130045,2.28869,0.253086,,-0.457761,24.1385,-5.22298,79.844,-0.457761,0,-6.507522761821747,-6.455761432647705,-0.477138,999,,,,,,,209.4,3.323809523,209.4,3.323809523,,,,,,,,,,,,,,,,,,,"Javier Valdes","sa3010902",688002
"Bryant Betancourt","COL",112,453,411,89,67,13,2,7,39,42,29,0,106,4,3,6,10,6,3,0.216545,0.0640177,0.233996,0.273585,0.272931,0.309002,0.259005,0.581933,0.0924574,4.16322,0.272425,,-0.804261,34.3328,-18.6583,50.8894,-0.804261,-0.6,-27.407519578933716,7.722310423851013,-0.477899,999,,,,,,,304.3,2.716964285,304.3,2.716964285,,,,,,,,,,,,,,,,,,,"Bryant Betancourt","sa3015846",700164
"Adam Hall","MIL",59,235,207,45,37,7,1,0,23,21,17,0,78,9,2,0,4,7,1,0.217391,0.0723404,0.331915,0.217949,0.302128,0.26087,0.260388,0.562997,0.0434783,5.87347,0.343511,,0.497771,18.0723,-9.41751,64.5537,0.497771,-0.4,-9.463160783052444,-2.9903880655765533,-0.479421,999,,,,,,,159.5,2.70338983,159.5,2.70338983,,,,,,,,,,,,,,,,,,,"Adam Hall","sa3005077",647228
"Jalen Battles","TBR",85,314,292,60,48,9,1,2,34,25,17,0,93,3,1,1,9,3,2,0.205479,0.0541401,0.296178,0.182796,0.255591,0.263699,0.233793,0.51929,0.0582192,4.41976,0.292929,,-0.746698,17.4262,-19.3049,52.2953,-0.746698,1.6,-17.886143803596497,2.7537331581115723,-0.479539,999,,,,,,,154.7,1.82,154.7,1.82,,,,,,,,,,,,,,,,,,,"Jalen Battles","sa3020205",689216
"Brenny Escanio",,101,357,326,65,51,10,2,2,30,24,26,0,113,1,3,1,6,11,4,0.199387,0.0728291,0.316527,0.230089,0.258427,0.260736,0.234349,0.519163,0.0613497,5.50311,0.294393,,-0.0356345,19.9726,-21.7886,48.6304,-0.0356345,3.1,-21.019225627183914,4.411728262901306,-0.483533,999,,,,,,,187.9,1.860396039,187.9,1.860396039,,,,,,,,,,,,,,,,,,,"Brenny Escanio","sa3015565",691601
"Jonathan Araúz",,91,345,315,62,44,10,1,7,34,34,25,0,85,1,3,1,9,1,0,0.196825,0.0724638,0.246377,0.294118,0.255814,0.301587,0.247748,0.557401,0.104762,3.37577,0.243363,,-0.35247,23.0218,-17.3356,58.1165,-0.35247,0.2,-17.63166916370392,1.4676366597414017,-0.485003,999,,,,,,,212.6,2.336263736,212.6,2.336263736,,,,,,,,,,,,,,,,,,,"Jonathan Arauz","20275",660620
"Brody Moore","STL",102,408,376,82,65,13,2,2,42,30,23,0,101,3,2,4,6,13,6,0.218085,0.0563725,0.247549,0.227723,0.267327,0.279255,0.244823,0.546582,0.0611702,5.62667,0.290909,,-0.548249,26.2653,-21.4617,55.9173,-0.548249,-0.7,-22.05575805902481,3.797354519367218,-0.485026,999,,,,,,,237,2.323529411,237,2.323529411,,,,,,,,,,,,,,,,,,,"Brody Moore","sa3019839",690914
"Phillip Evans",,96,386,345,79,62,11,0,6,40,37,33,1,74,5,3,0,12,1,1,0.228986,0.0854922,0.19171,0.445946,0.303109,0.313043,0.276405,0.616152,0.084058,2.15061,0.272388,,-0.986356,34.6606,-10.4929,74.5129,-0.986356,2.3,-12.750728070735931,-4.791416883468628,-0.486578,999,,,,,,,298.8,3.1125,298.8,3.1125,,,,,,,,,,,,,,,,,,,"Phillip Evans","12950",595943
"Luis Verdugo","PHI",111,431,399,87,64,19,1,3,34,36,26,0,95,2,3,1,10,2,1,0.218045,0.0603248,0.220418,0.273684,0.267442,0.293233,0.249676,0.560675,0.075188,2.87612,0.276316,,-0.731109,29.4292,-20.9884,57.1258,-0.731109,2.2,-22.82817804813385,3.7836272716522217,-0.487259,999,,,,,,,262.2,2.362162162,262.2,2.362162162,,,,,,,,,,,,,,,,,,,"Luis Verdugo","sa3006888",677605
"Emaarion Boyd","MIA",99,421,377,84,67,11,4,2,52,35,21,0,88,14,2,7,12,19,11,0.222812,0.0498812,0.209026,0.238636,0.28744,0.289125,0.260596,0.576564,0.066313,7.26687,0.283737,,-1.4601,32.4468,-16.801,62.4436,-1.4601,0.1,-20.3672878742218,1.6468841806054115,-0.488112,999,,,,,,,277.2,2.8,277.2,2.8,,,,,,,,,,,,,,,,,,,"Emaarion Boyd","sa3020281",702708
"Gavin Logan","ARI",61,218,191,30,17,8,2,3,15,18,22,1,86,4,1,0,4,2,1,0.157068,0.100917,0.394495,0.255814,0.256881,0.267016,0.238276,0.523896,0.109948,4.93328,0.262136,,-0.336488,12.8851,-12.6161,48.4077,-0.336488,-2.2,-13.785891890525818,1.804997205734253,-0.488968,999,,,,,,,118.8,1.947540983,118.8,1.947540983,,,,,,,,,,,,,,,,,,,"Gavin Logan","sa3020191",678099
"Gage Miller","MIA",28,123,114,24,20,3,1,0,11,10,4,0,25,3,2,0,0,1,1,0.210526,0.0325203,0.203252,0.16,0.252033,0.254386,0.226866,0.506418,0.0438596,4.71214,0.263736,,-0.418102,6.14052,-8.24778,39.7411,-0.418102,0,-9.281235247850418,0.45194002985954285,-0.489612,999,,,,,,,54.9,1.960714285,54.9,1.960714285,,,,,,,,,,,,,,,,,,,"Gage Miller","sa3025205",824028
"Carlos Amaya",,47,176,163,29,20,7,0,2,13,13,8,0,51,1,2,2,7,1,1,0.177914,0.0454545,0.289773,0.156863,0.218391,0.257669,0.211194,0.47606,0.0797546,2.61287,0.241071,,-0.433887,6.5664,-14.0217,36.3192,-0.433887,-0.6,-13.257977604866028,2.6333922147750854,-0.490082,999,,,,,,,64.6,1.374468085,64.6,1.374468085,,,,,,,,,,,,,,,,,,,"Carlos Amaya","sa3016136",692650
"Aaron McKeithan",,68,248,220,50,41,6,1,2,17,23,17,0,45,8,3,0,6,0,0,0.227273,0.0685484,0.181452,0.377778,0.302419,0.290909,0.269527,0.593328,0.0636364,1.71016,0.272727,,-0.5209,20.8962,-8.11436,68.49,-0.5209,-7.7,-9.86552345752716,-3.1438565254211426,-0.492197,999,,,,,,,176.9,2.601470588,176.9,2.601470588,,,,,,,,,,,,,,,,,,,"Aaron McKeithan","sa3016977",702463
"Jake Hager",,72,261,238,46,31,11,1,3,24,21,16,0,83,2,2,3,6,2,1,0.193277,0.0613027,0.318008,0.192771,0.248062,0.285714,0.237741,0.533776,0.092437,4.23555,0.279221,,-0.391735,15.3143,-15.217,52.2281,-0.391735,0.9,-15.301635771989822,1.8589946627616882,-0.492315,999,,,,,,,140.4,1.95,140.4,1.95,,,,,,,,,,,,,,,,,,,"Jake Hager","12198",606993
"Jose Acosta",,68,226,204,40,27,7,2,4,24,21,12,0,75,3,1,6,3,7,4,0.196078,0.0530973,0.331858,0.16,0.25,0.308824,0.247253,0.558824,0.112745,6.85683,0.285714,,-0.551507,14.9909,-11.4461,55.7128,-0.551507,-0.6,-12.52022111415863,0.2303938865661621,-0.49341,999,,,,,,,136.4,2.005882352,136.4,2.005882352,,,,,,,,,,,,,,,,,,,"Jose Acosta","sa3006187",678584
"Angel Galarraga",,32,97,86,16,12,4,0,0,4,6,6,0,28,1,1,3,4,0,0,0.186047,0.0618557,0.28866,0.214286,0.244681,0.232558,0.217588,0.477239,0.0465116,0.654221,0.271186,,-0.149956,4.11817,-7.2287,40.8968,-0.149956,-3.1,-6.709721356630325,-1.3179599046707153,-0.49443,999,,,,,,,36.2,1.13125,36.2,1.13125,,,,,,,,,,,,,,,,,,,"Angel Galarraga","sa3011810",687679
"Junior Tilien","DET",109,444,410,86,61,18,1,6,35,35,28,0,97,3,3,0,11,2,1,0.209756,0.0630631,0.218468,0.28866,0.263514,0.302439,0.251595,0.565953,0.0926829,2.78841,0.258065,,-0.731109,31.0028,-20.9355,61.9585,-0.731109,-1.2,-20.057286858558655,0.43139326572418213,-0.495115,999,,,,,,,279.9,2.567889908,279.9,2.567889908,,,,,,,,,,,,,,,,,,,"Junior Tilien","sa3015187",691708
"Sebastian Walcott","TEX",120,497,458,98,57,25,6,10,52,55,34,1,154,3,2,0,7,13,6,0.213974,0.0684105,0.309859,0.220779,0.27163,0.360262,0.275315,0.631892,0.146288,6.53074,0.297297,,-0.564034,44.1918,-13.9463,77.4701,-0.564034,-13.5,-13.376171290874481,-8.021605014801025,-0.495261,999,,,,,,,410.4,3.42,410.4,3.42,,,,,,,,,,,,,,,,,,,"Sebastian Walcott","sa3021069",806964
"Garrett Martin","NYY",87,342,307,54,31,13,2,8,36,43,23,1,120,11,1,0,8,8,1,0.175896,0.0672515,0.350877,0.191667,0.25731,0.309446,0.253081,0.566756,0.13355,6.60675,0.255556,,0.689879,24.2895,-15.717,61.8065,0.689879,1.8,-14.255985140800476,-1.9698412418365479,-0.495865,999,,,,,,,234.1,2.690804597,234.1,2.690804597,,,,,,,,,,,,,,,,,,,"Garrett Martin","sa3022806",682003
"Thomas Gavello","SFG",84,334,292,52,37,8,1,6,35,36,24,0,129,16,1,1,4,4,1,0.178082,0.0718563,0.386228,0.186047,0.276276,0.273973,0.25408,0.550249,0.0958904,5.17337,0.291139,,-0.212723,23.9899,-15.0807,62.6469,-0.212723,-2,-15.131559520959854,-0.7727807760238647,-0.495945,999,,,,,,,209.3,2.491666666,209.3,2.491666666,,,,,,,,,,,,,,,,,,,"Thomas Gavello","sa3020122",687284
"D'Shawn Knowles",,109,438,398,83,62,15,3,3,48,33,29,0,141,2,2,7,7,12,5,0.208543,0.06621,0.321918,0.205674,0.264501,0.28392,0.245537,0.548421,0.0753769,6.20787,0.3125,,-0.359027,28.4482,-22.7882,54.7345,-0.359027,8.4,-23.044440656900406,3.5719571113586426,-0.499971,999,,,,,,,257.4,2.361467889,257.4,2.361467889,,,,,,,,,,,,,,,,,,,"D'Shawn Knowles","sa3006889",677610
"Kyle Hess","MIN",70,236,219,45,29,10,3,3,21,25,12,1,66,4,1,0,6,5,3,0.205479,0.0508475,0.279661,0.181818,0.258475,0.319635,0.253165,0.578109,0.114155,6.15945,0.278146,,-0.562286,16.7772,-10.8296,62.5482,-0.562286,-3,-10.675520300865173,-2.1328630447387695,-0.508619,999,,,,,,,156.4,2.234285714,156.4,2.234285714,,,,,,,,,,,,,,,,,,,"Kyle Hess","sa3023651",680740
"Damon Dues","SDP",57,208,183,40,33,6,1,0,23,14,21,0,55,2,1,1,2,7,2,0.218579,0.100962,0.264423,0.381818,0.304348,0.262295,0.261474,0.566643,0.0437158,5.70767,0.310078,,0.148012,16.1777,-8.15372,67.6237,0.148012,-4.7,-7.904888764023781,-3.935743510723114,-0.508812,999,,,,,,,140.8,2.470175438,140.8,2.470175438,,,,,,,,,,,,,,,,,,,"Damon Dues","sa3017285",680815
"Jose Torres","COL",92,343,317,65,48,10,1,6,38,32,17,0,109,4,3,2,4,7,2,0.205047,0.0495627,0.317784,0.155963,0.252199,0.299685,0.244429,0.551884,0.0946372,5.43702,0.287805,,0.0454101,21.9719,-18.1515,41.0787,0.0454101,4,-24.12186823040247,7.780864238739014,-0.510146,999,,,,,,,208.8,2.269565217,208.8,2.269565217,,,,,,,,,,,,,,,,,,,"Jose Torres","sa3017396",686958
"Calvin Harris","CHW",65,278,255,49,37,9,2,1,25,19,19,0,75,2,2,0,6,0,0,0.192157,0.0683453,0.269784,0.253333,0.251799,0.254902,0.229053,0.506701,0.0627451,3.25666,0.265193,,-0.457761,14.3677,-18.1522,44.3997,-0.457761,-1.2,-18.143681228160858,3.907289743423462,-0.511201,999,,,,,,,129.3,1.989230769,129.3,1.989230769,,,,,,,,,,,,,,,,,,,"Calvin Harris","sa3022496",691941
"Colby Jones","ATL",33,111,104,21,19,2,0,0,12,8,5,0,32,2,0,0,2,2,4,0.201923,0.045045,0.288288,0.15625,0.252252,0.221154,0.217544,0.473406,0.0192308,4.04533,0.291667,,-1.42523,4.70864,-8.27593,34.896,-1.42523,1,-10.066787242889404,1.4078483283519745,-0.513214,999,,,,,,,33,1,33,1,,,,,,,,,,,,,,,,,,,"Colby Jones","sa3025224",803475
"Reivaj Garcia","CHC",96,393,371,91,74,14,1,2,41,31,14,1,73,0,4,4,8,4,3,0.245283,0.0356234,0.185751,0.191781,0.269923,0.304582,0.251177,0.574505,0.0592992,3.82323,0.296667,,-1.10166,27.3094,-18.663,61.2714,-1.10166,-0.2,-19.302236795425415,1.2440035790205002,-0.515848,999,,,,,,,244.9,2.551041666,244.9,2.551041666,,,,,,,,,,,,,,,,,,,"Reivaj Garcia","sa3006900",678706
"Justin Janas","ATL",96,379,342,79,60,15,1,3,37,41,21,0,81,15,1,0,5,3,2,0.230994,0.055409,0.21372,0.259259,0.30343,0.307018,0.27634,0.610448,0.0760234,3.55079,0.293436,,-0.967685,34.0122,-10.3225,74.4691,-0.967685,1.9,-12.538554787635803,-5.06281578540802,-0.516726,999,,,,,,,285.9,2.978125,285.9,2.978125,,,,,,,,,,,,,,,,,,,"Justin Janas","sa3019903",805332
"Drew Compton","ATL",114,479,428,96,69,20,0,7,37,55,41,1,104,8,2,0,12,3,1,0.224299,0.085595,0.217119,0.394231,0.302714,0.320093,0.2795,0.622807,0.0957944,2.31167,0.278997,,-0.72842,44.2049,-11.8276,76.5963,-0.72842,2,-14.133855402469635,-6.799970626831055,-0.517595,999,,,,,,,383.3,3.362280701,383.3,3.362280701,,,,,,,,,,,,,,,,,,,"Drew Compton","sa3022495",686541
"Grant Koch",,47,164,151,28,20,5,0,3,16,14,10,0,54,2,1,0,3,0,0,0.18543,0.0609756,0.329268,0.185185,0.243902,0.278146,0.234067,0.522048,0.0927152,1.83929,0.263158,,-0.252558,9.13782,-10.0466,44.6229,-0.252558,-2.4,-11.112704038619995,0.6129333972930908,-0.521382,999,,,,,,,84.5,1.79787234,84.5,1.79787234,,,,,,,,,,,,,,,,,,,"Grant Koch","22045",667428
"Angel Zarate",,60,245,217,44,34,8,1,1,23,19,19,0,53,4,3,2,4,6,2,0.202765,0.077551,0.216327,0.358491,0.27572,0.262673,0.245381,0.538393,0.0599078,5.30723,0.259036,,-0.0598809,15.882,-12.7776,57.6398,-0.0598809,1.4,-11.934781692922115,-1.3006173372268677,-0.521671,999,,,,,,,142.5,2.375,142.5,2.375,,,,,,,,,,,,,,,,,,,"Angel Zarate","sa3020825",702311
"Jean Ramirez","KCR",76,310,269,58,46,8,2,2,34,24,23,0,78,2,1,15,3,11,6,0.215613,0.0741935,0.251613,0.294872,0.281356,0.282528,0.254792,0.563884,0.0669145,6.22303,0.294737,,-0.7904,22.4438,-13.8194,58.548,-0.7904,3.5,-15.49361789226532,0.08289241790771484,-0.522083,999,,,,,,,188.3,2.477631578,188.3,2.477631578,,,,,,,,,,,,,,,,,,,"Jean Ramirez","sa3008452",683031
"Jim Haley",,103,386,354,75,49,14,3,9,43,43,22,0,115,7,2,1,8,12,1,0.211864,0.0569948,0.297927,0.191304,0.27013,0.344633,0.270609,0.614763,0.132768,7.04723,0.284483,,1.37938,32.8601,-12.2934,71.2155,1.37938,-7.4,-11.907002806663513,-5.981716752052307,-0.522372,999,,,,,,,315.3,3.061165048,315.3,3.061165048,,,,,,,,,,,,,,,,,,,"Jim Haley","sa918418",670113
"Trevor Schwecke",,95,367,335,71,49,15,2,5,37,35,26,0,110,4,2,0,9,7,1,0.21194,0.0708447,0.299728,0.236364,0.275204,0.313433,0.262252,0.588637,0.101493,5.56216,0.297297,,0.371492,28.7741,-14.1568,65.5907,0.371492,-3.9,-14.729404598474503,-2.551528573036194,-0.524828,999,,,,,,,265,2.789473684,265,2.789473684,,,,,,,,,,,,,,,,,,,"Trevor Schwecke","sa3009874",673893
"Dom Johnson",,101,394,362,71,53,12,1,5,40,36,20,0,130,9,2,1,6,14,3,0.196133,0.0507614,0.329949,0.153846,0.254453,0.276243,0.238897,0.530696,0.0801105,6.08941,0.28821,,0.937802,23.4846,-22.6048,53.0261,0.937802,6.3,-20.23889648914337,1.9569668769836426,-0.528814,999,,,,,,,228.3,2.260396039,228.3,2.260396039,,,,,,,,,,,,,,,,,,,"Dom Johnson","sa3020537",694336
"Zach Cole","HOU",80,337,308,60,32,15,3,10,30,45,21,1,153,8,0,0,1,9,1,0.194805,0.0623145,0.454006,0.137255,0.264095,0.36039,0.273338,0.624485,0.165584,6.77168,0.344828,,0.921448,29.4288,-9.99281,77.6071,0.921448,0,-7.71323436498642,-8.667695045471191,-0.529133,999,,,,,,,283.9,3.54875,283.9,3.54875,,,,,,,,,,,,,,,,,,,"Zach Cole","31583",805904
"Donovan Casey",,77,300,277,56,40,10,1,5,29,30,17,0,112,5,1,0,4,8,2,0.202166,0.0566667,0.373333,0.151786,0.26,0.299639,0.24989,0.559639,0.0974729,5.59531,0.31677,,0.300657,20.5362,-14.5573,59.5581,0.300657,2.4,-14.207548379898071,-0.9068782329559326,-0.531086,999,,,,,,,193.9,2.518181818,193.9,2.518181818,,,,,,,,,,,,,,,,,,,"Donovan Casey","sa915654",661541
"Trey Paige","STL",94,395,356,68,50,14,3,1,41,29,30,0,119,3,2,4,7,3,1,0.191011,0.0759494,0.301266,0.252101,0.258312,0.255618,0.233508,0.51393,0.0646067,5.14056,0.281513,,-0.460077,21.8311,-24.3753,48.3013,-0.460077,5.1,-24.879671275615692,6.551352024078369,-0.536876,999,,,,,,,193.8,2.061702127,193.8,2.061702127,,,,,,,,,,,,,,,,,,,"Trey Paige","sa3022440",813852
"Onix Vega","NYM",64,246,216,43,35,7,0,1,20,20,23,0,54,4,2,1,9,2,0,0.199074,0.0934959,0.219512,0.425926,0.285714,0.24537,0.246618,0.531085,0.0462963,3.18134,0.257669,,-0.0893302,16.1918,-12.5848,59.171,-0.0893302,-5.8,-12.099953159689903,-1.2806000709533691,-0.537397,999,,,,,,,139.3,2.1765625,139.3,2.1765625,,,,,,,,,,,,,,,,,,,"Onix Vega","sa3008007",681974
"Alejandro Nunez","HOU",98,366,337,69,50,14,2,3,40,31,25,0,120,3,1,0,6,9,2,0.204748,0.068306,0.327869,0.208333,0.265027,0.284866,0.2469,0.549894,0.0801187,6.08013,0.306977,,0.374378,24.1732,-18.6408,59.0101,0.374378,-2,-16.791397035121918,-0.6552028656005859,-0.539143,999,,,,,,,225.1,2.296938775,225.1,2.296938775,,,,,,,,,,,,,,,,,,,"Alejandro Nunez","sa3018977",805168
"Mike Jarvis","PIT",83,295,271,52,38,8,2,4,31,26,16,0,82,5,2,1,5,10,2,0.191882,0.0542373,0.277966,0.195122,0.248299,0.280443,0.236551,0.528742,0.0885609,6.9109,0.256684,,0.724334,17.0267,-17.4819,46.2946,0.724334,2.1,-18.220957219600677,3.1839210987091064,-0.540259,999,,,,,,,168.8,2.033734939,168.8,2.033734939,,,,,,,,,,,,,,,,,,,"Mike Jarvis","sa3017401",690448
"Mitch Jebb","PIT",117,515,465,103,80,13,7,3,62,39,39,0,109,2,2,7,8,21,6,0.221505,0.0757282,0.21165,0.357798,0.283465,0.298925,0.260707,0.582389,0.0774194,7.55013,0.28169,,0.814978,39.7375,-20.5062,62.5537,0.814978,-2,-22.245978474617004,-0.10773074626922607,-0.54065,999,,,,,,,363.7,3.108547008,363.7,3.108547008,,,,,,,,,,,,,,,,,,,"Mitch Jebb","sa3022565",694991
"Keyber Rodriguez","TEX",108,444,412,90,65,17,2,6,50,42,22,0,109,4,3,3,10,7,3,0.218447,0.0495495,0.245495,0.201835,0.263039,0.313107,0.254322,0.576145,0.0946602,5.21706,0.28,,-0.53323,31.9772,-19.961,62.7032,-0.53323,-5.5,-19.481084644794464,-0.6058201789855957,-0.542728,999,,,,,,,292,2.703703703,292,2.703703703,,,,,,,,,,,,,,,,,,,"Keyber Rodriguez","sa3005488",677601
"Jared Thomas",,51,169,149,26,22,3,0,1,9,12,14,0,41,3,1,2,2,2,1,0.174497,0.0828402,0.242604,0.341463,0.257485,0.214765,0.221671,0.47225,0.0402685,2.54925,0.231481,,-0.312811,7.73025,-12.039,38.2765,-0.312811,-1.2,-12.786595314741135,1.9047913551330566,-0.543673,999,,,,,,,66.7,1.307843137,66.7,1.307843137,,,,,,,,,,,,,,,,,,,"Jared Thomas","sa3022589",683228
"Colton Bender",,46,171,153,25,19,4,0,2,14,12,13,0,57,1,1,3,7,0,0,0.163399,0.0760234,0.333333,0.22807,0.232143,0.228758,0.211598,0.460901,0.0653595,1.60119,0.242105,,-0.26045,6.43538,-13.5679,35.7631,-0.26045,-0.7,-13.395812571048737,2.4415343403816223,-0.544292,999,,,,,,,59.4,1.291304347,59.4,1.291304347,,,,,,,,,,,,,,,,,,,"Colton Bender","sa3016828",701209
"Anthony Mulrine",,47,167,144,24,18,5,0,1,12,13,12,0,48,6,0,5,4,0,0,0.166667,0.0718563,0.287425,0.25,0.259259,0.222222,0.227058,0.481481,0.0555556,1.48214,0.242105,,-0.284127,8.36286,-11.1725,41.7358,-0.284127,-2.5,-11.417428940534592,0.5680482387542725,-0.544348,999,,,,,,,68.3,1.453191489,68.3,1.453191489,,,,,,,,,,,,,,,,,,,"Anthony Mulrine","sa1170373",688226
"Jordan Brewer",,78,325,295,63,42,14,1,6,34,35,21,0,91,7,2,0,6,7,1,0.213559,0.0646154,0.28,0.230769,0.28,0.328814,0.270753,0.608814,0.115254,5.29851,0.285,,0.442524,27.7048,-10.313,75.7891,0.442524,-1.6,-8.560732752084732,-7.570752739906311,-0.544771,999,,,,,,,255,3.269230769,255,3.269230769,,,,,,,,,,,,,,,,,,,"Jordan Brewer","sa3011737",685084
"Brady Allen",,118,468,426,86,55,18,3,10,46,46,34,0,163,5,3,0,11,4,3,0.201878,0.0726496,0.348291,0.208589,0.267094,0.328638,0.263614,0.595733,0.126761,4.4662,0.296875,,-1.15691,37.2059,-17.5399,70.4129,-1.15691,-5.7,-17.00049579143524,-3.980423092842102,-0.552259,999,,,,,,,335.1,2.839830508,335.1,2.839830508,,,,,,,,,,,,,,,,,,,"Brady Allen","sa3018098",680918
"Warming Bernabel","COL",117,483,461,116,87,20,1,8,50,51,15,0,82,5,2,0,12,6,3,0.251627,0.0310559,0.169772,0.182927,0.281574,0.35141,0.276858,0.632984,0.0997831,3.94498,0.289544,,-0.859508,43.547,-12.9534,62.906,-0.859508,-0.9,-22.28407084941864,0.874691367149353,-0.552978,999,,,,,,,390.5,3.337606837,390.5,3.337606837,,,,,,,,,,,,,,,,,,,"Warming Bernabel","26536",682653
"Kai Murphy","SDP",122,471,421,87,58,21,2,6,50,41,37,1,139,5,1,7,10,6,5,0.206651,0.0785563,0.295117,0.266187,0.278017,0.308789,0.262138,0.586806,0.102138,4.45337,0.292419,,-1.60638,36.8847,-18.212,69.78,-1.60638,2.8,-18.627055644989014,-2.391799211502075,-0.553841,999,,,,,,,318.3,2.609016393,318.3,2.609016393,,,,,,,,,,,,,,,,,,,"Kai Murphy","sa3019857",687625
"Mac McCroskey","LAA",106,364,329,67,50,11,1,5,34,28,25,0,134,2,1,7,3,7,1,0.203647,0.0686813,0.368132,0.186567,0.263305,0.288754,0.247594,0.552059,0.0851064,4.97574,0.324607,,0.387277,24.2445,-18.3355,56.1814,0.387277,-1,-17.862831622362137,0.3374485969543457,-0.55418,999,,,,,,,222.3,2.097169811,222.3,2.097169811,,,,,,,,,,,,,,,,,,,"Mac McCroskey","sa3022444",815151
"Ronaldo Flores",,59,216,206,40,27,9,0,4,15,19,7,0,67,1,0,2,8,1,0,0.194175,0.0324074,0.310185,0.104478,0.224299,0.296117,0.228218,0.520416,0.101942,2.54088,0.266667,,-0.0762348,11.0184,-14.2488,42.5523,-0.0762348,-2.3,-14.274399720132351,1.6682538986206055,-0.556733,999,,,,,,,107.6,1.823728813,107.6,1.823728813,,,,,,,,,,,,,,,,,,,"Ronaldo Flores","sa3009551",683612
"Zach Reks",,66,259,228,42,27,9,1,5,25,24,26,1,92,3,1,1,4,1,1,0.184211,0.100386,0.355212,0.282609,0.275194,0.298246,0.258066,0.573439,0.114035,3.338,0.280303,,-0.63909,19.4339,-10.8634,67.0396,-0.63909,-0.3,-10.847387373447418,-3.154938280582428,-0.556984,999,,,,,,,172.1,2.607575757,172.1,2.607575757,,,,,,,,,,,,,,,,,,,"Zach Reks","19667",676646
"Willie Joe Garry Jr.",,67,234,211,40,26,8,3,3,23,21,16,1,90,3,1,3,5,8,2,0.189573,0.0683761,0.384615,0.177778,0.255411,0.298578,0.245114,0.553989,0.109005,7.5779,0.310924,,0.442721,15.1186,-12.2542,56.8846,0.442721,-3,-11.101224690675735,-2.1402116417884827,-0.560244,999,,,,,,,148.1,2.210447761,148.1,2.210447761,,,,,,,,,,,,,,,,,,,"Willie Joe Garry Jr.","sa3007065",681831
"Austin Beck",,70,271,251,48,31,8,1,8,23,34,15,0,109,2,3,0,5,1,0,0.191235,0.0553506,0.402214,0.137615,0.239852,0.326693,0.247722,0.566546,0.135458,3.43552,0.291971,,-0.178836,18.0782,-13.6229,58.099,-0.178836,2.3,-13.75742094218731,-0.6872134208679199,-0.561468,999,,,,,,,174.8,2.497142857,174.8,2.497142857,,,,,,,,,,,,,,,,,,,"Austin Beck","sa3004055",675648
"Wade Stauss",,39,128,109,18,13,4,0,1,8,12,11,0,61,7,0,1,1,0,0,0.165138,0.0859375,0.476562,0.180328,0.283465,0.229358,0.245287,0.512822,0.0642202,1.08036,0.361702,,-0.244665,8.28785,-6.68534,56.2292,-0.244665,-5.1,-6.94437450170517,-2.7484419345855713,-0.561629,999,,,,,,,66.8,1.712820512,66.8,1.712820512,,,,,,,,,,,,,,,,,,,"Wade Stauss","sa3017000",702328
"Ryan Leitch",,36,124,118,24,17,3,0,4,11,14,4,0,51,2,0,0,1,0,0,0.20339,0.0322581,0.41129,0.0784314,0.241935,0.330508,0.251192,0.572444,0.127119,1.34077,0.31746,,-0.181526,8.61819,-5.8871,58.1463,-0.181526,0,-6.38760232925415,-3.189300298690796,-0.56339,999,,,,,,,80.7,2.241666666,80.7,2.241666666,,,,,,,,,,,,,,,,,,,"Ryan Leitch","sa3019943",683318
"Matt Higgins",,98,407,364,85,66,15,0,4,33,34,35,0,110,4,3,1,5,5,2,0.233516,0.0859951,0.27027,0.318182,0.305419,0.307692,0.276375,0.613111,0.0741758,2.87176,0.320158,,-0.638717,36.5367,-11.0734,77.6531,-0.638717,0,-11.514800548553467,-7.477219104766846,-0.564225,999,,,,,,,314,3.204081632,314,3.204081632,,,,,,,,,,,,,,,,,,,"Matt Higgins","sa3020128",696487
"Bladimir Restituyo","MIL",115,465,439,104,79,17,1,7,50,46,14,0,101,3,4,5,5,14,6,0.236902,0.0301075,0.217204,0.138614,0.263043,0.328018,0.258101,0.591062,0.0911162,5.1628,0.289552,,-0.387711,34.904,-19.4909,63.0139,-0.387711,-1.7,-20.953840643167496,0.008553743362426758,-0.566841,999,,,,,,,325,2.826086956,325,2.826086956,,,,,,,,,,,,,,,,,,,"Bladimir Restituyo","sa3006621",678837
"Brennen Davis","NYY",78,321,282,55,33,13,0,9,35,49,25,0,96,12,2,0,6,3,2,0.195035,0.0778816,0.299065,0.260417,0.286604,0.336879,0.279506,0.623484,0.141844,3.34527,0.256983,,-0.762482,29.6252,-7.92478,80.3944,-0.762482,0,-7.963457345962524,-8.256173133850098,-0.567675,999,,,,,,,259.4,3.325641025,259.4,3.325641025,,,,,,,,,,,,,,,,,,,"Brennen Davis","sa3007876",680695
"Elijah Nunez","WSN",38,140,121,21,18,2,0,1,17,6,17,0,37,0,2,0,0,8,2,0.173554,0.121429,0.264286,0.459459,0.271429,0.214876,0.229604,0.486305,0.0413223,5.72597,0.235294,,0.513752,7.29766,-9.07927,44.5694,0.513752,-1.9,-8.766059458255768,-1.3855966925621033,-0.567821,999,,,,,,,72.4,1.905263157,72.4,1.905263157,,,,,,,,,,,,,,,,,,,"Elijah Nunez","sa3022674",694399
"Kenni Gomez","HOU",116,456,425,90,64,16,4,6,51,43,25,0,144,5,1,0,6,13,8,0.211765,0.0548246,0.315789,0.173611,0.263158,0.310588,0.254358,0.573746,0.0988235,6.34284,0.304348,,-1.38194,32.8547,-20.4873,64.2563,-1.38194,-2.4,-20.031551361083984,-0.7245150804519653,-0.570437,999,,,,,,,296.9,2.559482758,296.9,2.559482758,,,,,,,,,,,,,,,,,,,"Kenni Gomez","sa3018430",703198
"Jake Gelof","LAD",114,483,429,76,49,17,2,8,46,44,44,1,134,2,8,0,10,11,3,0.177156,0.0910973,0.277433,0.328358,0.252588,0.282051,0.238961,0.534639,0.104895,5.29731,0.230508,,0.243093,28.8145,-27.6859,52.202,0.243093,4,-27.363851934671402,5.774691343307495,-0.571545,999,,,,,,,283,2.48245614,283,2.48245614,,,,,,,,,,,,,,,,,,,"Jake Gelof","sa3022600",695372
"Cody Wilson",,83,261,233,40,29,8,1,2,24,19,16,0,108,5,1,6,3,9,2,0.171674,0.0613027,0.413793,0.148148,0.239216,0.240343,0.219299,0.479559,0.0686695,6.60562,0.306452,,0.595366,11.4403,-19.0909,37.6339,0.595366,3.7,-18.869452834129333,4.658994734287262,-0.571613,999,,,,,,,113.2,1.363855421,113.2,1.363855421,,,,,,,,,,,,,,,,,,,"Cody Wilson","24671",680963
"Kevin Maitan",,87,343,318,69,49,14,1,5,29,36,19,1,133,4,2,0,8,1,1,0.216981,0.0553936,0.387755,0.142857,0.268222,0.314465,0.256986,0.582687,0.0974843,2.8066,0.351648,,-0.765368,25.4386,-14.6849,65.2357,-0.765368,3.7,-14.40910428762436,-2.601440191268921,-0.573459,999,,,,,,,229.8,2.64137931,229.8,2.64137931,,,,,,,,,,,,,,,,,,,"Kevin Maitan","sa969045",670867
"Ambioris Tavarez","ATL",83,354,321,61,42,12,3,4,36,34,23,0,167,9,1,0,4,9,7,0.190031,0.0649718,0.471751,0.137725,0.262712,0.283489,0.246851,0.546201,0.0934579,6.57204,0.377483,,-1.61908,23.3667,-18.0436,54.621,-1.61908,-0.4,-20.828726530075073,3.5021162927150726,-0.574174,999,,,,,,,203.6,2.453012048,203.6,2.453012048,,,,,,,,,,,,,,,,,,,"Ambioris Tavarez","sa3019895",694222
"P.J. Hilson","PIT",96,358,334,72,48,14,2,8,51,38,15,1,104,6,2,1,3,8,2,0.215569,0.0418994,0.290503,0.144231,0.260504,0.341317,0.262444,0.601822,0.125749,6.62575,0.285714,,0.253302,28.1238,-13.7544,63.7226,0.253302,-3.5,-15.277032941579819,-2.1845972537994385,-0.574387,999,,,,,,,269,2.802083333,269,2.802083333,,,,,,,,,,,,,,,,,,,"P.J. Hilson","sa3007048",680713
"Cody Freeman","TEX",120,484,447,95,63,20,2,10,50,52,27,1,105,6,4,0,13,7,1,0.212528,0.0557851,0.216942,0.257143,0.264463,0.333333,0.262011,0.597796,0.120805,5.12333,0.252976,,0.245213,37.8533,-18.7641,68.1118,0.245213,-6.1,-17.414414435625076,-4.321634292602539,-0.575047,999,,,,,,,357.9,2.9825,357.9,2.9825,,,,,,,,,,,,,,,,,,,"Cody Freeman","25629",683227
"Willy Vasquez","TBR",111,445,417,86,60,16,3,7,40,41,23,0,144,2,2,1,11,8,5,0.206235,0.0516854,0.323595,0.159722,0.25,0.309353,0.246354,0.559353,0.103118,5.12084,0.294776,,-1.09589,29.1955,-22.8598,61.1313,-1.09589,-1.2,-20.88681197166443,0.4350675344467163,-0.576957,999,,,,,,,270.1,2.433333333,270.1,2.433333333,,,,,,,,,,,,,,,,,,,"Willy Vasquez","sa3011821",691938
"Anyelo Encarnacion","STL",88,343,307,59,42,11,1,5,38,28,28,0,122,3,1,4,4,5,3,0.192182,0.0816327,0.355685,0.229508,0.265487,0.283388,0.248156,0.548874,0.0912052,4.64514,0.298343,,-0.791166,23.001,-17.1225,58.1605,-0.791166,-0.3,-17.95212721824646,0.9602881073951721,-0.577363,999,,,,,,,202.1,2.296590909,202.1,2.296590909,,,,,,,,,,,,,,,,,,,"Anyelo Encarnacion","sa3016157",699031
"Alain Camou",,38,152,140,29,22,6,1,0,11,9,7,0,32,0,2,3,3,0,1,0.207143,0.0460526,0.210526,0.21875,0.241611,0.264286,0.223746,0.505896,0.0571429,3.19792,0.263636,,-0.633887,7.20654,-10.5741,43.9397,-0.633887,-0.4,-10.823562920093536,0.1584949791431427,-0.579649,999,,,,,,,63.7,1.676315789,63.7,1.676315789,,,,,,,,,,,,,,,,,,,"Alain Camou","sa3018450",800126
"P.J. Higgins","CIN",116,463,423,101,70,23,0,8,42,50,32,1,132,4,3,1,10,0,1,0.238771,0.0691145,0.285097,0.242424,0.296537,0.349882,0.284626,0.646419,0.111111,1.42862,0.325175,,-1.23371,44.6386,-9.52225,74.7651,-1.23371,2.7,-15.205262660980225,-5.806026220321655,-0.580523,999,,,,,,,389.7,3.359482758,389.7,3.359482758,,,,,,,,,,,,,,,,,,,"P.J. Higgins","18433",664731
"Sahid Valenzuela","ATH",75,275,256,50,40,8,1,1,22,17,13,0,68,2,1,3,7,2,1,0.195312,0.0472727,0.247273,0.191176,0.238971,0.246094,0.218171,0.485064,0.0507812,3.80975,0.260638,,-0.43909,11.8043,-20.3647,41.2271,-0.43909,3.1,-18.932448238134384,4.110434889793396,-0.582032,999,,,,,,,108.3,1.444,108.3,1.444,,,,,,,,,,,,,,,,,,,"Sahid Valenzuela","sa3014882",684541
"Matt Coutney","LAA",119,501,454,99,68,18,2,11,51,54,35,1,177,7,3,2,9,1,1,0.218062,0.0698603,0.353293,0.19774,0.282565,0.339207,0.274566,0.621772,0.121145,3.13909,0.327138,,-1.06528,44.2454,-14.3606,75.1538,-1.06528,2.1,-15.308339595794678,-7.10414457321167,-0.586258,999,,,,,,,392.5,3.298319327,392.5,3.298319327,,,,,,,,,,,,,,,,,,,"Matt Coutney","sa3020413",671925
"Jack Reinheimer",,44,169,156,29,23,5,0,1,16,12,9,0,50,1,2,1,2,4,0,0.185897,0.0532544,0.295858,0.18,0.232143,0.237179,0.21145,0.469322,0.0512821,5.22813,0.261682,,0.53955,6.33999,-13.4293,34.5323,0.53955,-0.5,-12.690915822982788,1.3628747463226318,-0.589759,999,,,,,,,67.9,1.543181818,67.9,1.543181818,,,,,,,,,,,,,,,,,,,"Jack Reinheimer","14938",595373
"Jose Rojas","NYY",94,364,327,67,36,17,1,13,40,42,33,1,84,2,2,0,5,3,1,0.204893,0.0906593,0.230769,0.392857,0.28022,0.382263,0.28869,0.662483,0.17737,3.84695,0.232759,,-0.357476,36.2845,-6.29553,81.3882,-0.357476,0,-8.458717077970505,-9.362139701843262,-0.590889,999,,,,,,,333.3,3.54574468,333.3,3.54574468,,,,,,,,,,,,,,,,,,,"Jose Rojas","19331",670351
"Frank Rodriguez","LAD",38,134,126,21,16,4,0,1,11,10,5,0,40,2,1,0,2,1,0,0.166667,0.0373134,0.298507,0.125,0.208955,0.222222,0.194484,0.431177,0.0555556,3.91183,0.232558,,0.0184743,3.19716,-12.4779,22.2658,0.0184743,-0.2,-12.437520317733288,2.2617872208356857,-0.590906,999,,,,,,,35.5,0.934210526,35.5,0.934210526,,,,,,,,,,,,,,,,,,,"Frank Rodriguez","sa3009330",684491
"Jordy Barley",,72,265,242,45,34,7,1,3,27,19,19,0,100,1,1,2,3,13,4,0.18595,0.0716981,0.377358,0.19,0.247148,0.260331,0.229322,0.507479,0.0743802,6.42161,0.3,,0.553784,13.7534,-17.2458,44.3798,0.553784,-0.4,-17.07164365053177,2.521075814962387,-0.593007,999,,,,,,,137.7,1.9125,137.7,1.9125,,,,,,,,,,,,,,,,,,,"Jordy Barley","sa3004148",672357
"Caden Connor","CHW",121,525,477,107,77,21,2,7,53,49,38,0,117,4,6,0,9,3,1,0.224319,0.072381,0.222857,0.324786,0.28381,0.320755,0.268247,0.604564,0.0964361,3.65219,0.278552,,-0.744205,43.6952,-17.7183,71.9702,-0.744205,3.9,-17.58198845386505,-5.74506139755249,-0.597912,999,,,,,,,389.2,3.216528925,389.2,3.216528925,,,,,,,,,,,,,,,,,,,"Caden Connor","sa3022755",804645
"Wyatt Crenshaw",,36,105,95,17,12,3,1,1,13,7,6,0,41,2,1,1,1,1,1,0.178947,0.0571429,0.390476,0.146341,0.240385,0.263158,0.226525,0.503542,0.0842105,6.05482,0.296296,,-0.362855,5.21303,-7.06967,40.4984,-0.362855,-0.3,-7.833866000175476,-1.4574074149131775,-0.599118,999,,,,,,,47.1,1.308333333,47.1,1.308333333,,,,,,,,,,,,,,,,,,,"Wyatt Crenshaw","sa3022406",809846
"Konner Piotto",,60,215,192,38,30,6,1,1,18,19,15,1,60,5,2,1,4,3,1,0.197917,0.0697674,0.27907,0.25,0.271028,0.255208,0.238809,0.526236,0.0572917,4.61367,0.278196,,-0.191735,12.8,-12.3502,51.7912,-0.191735,-4.9,-12.05135327577591,-0.9501175880432129,-0.601011,999,,,,,,,116.2,1.936666666,116.2,1.936666666,,,,,,,,,,,,,,,,,,,"Konner Piotto","sa3016810",702920
"Hudson Head",,101,412,373,73,49,14,3,7,45,40,29,1,147,7,1,2,4,4,3,0.19571,0.0703883,0.356796,0.197279,0.265854,0.30563,0.254817,0.571484,0.10992,5.26125,0.3,,-1.07798,29.8367,-18.3583,58.589,-1.07798,6.5,-21.480061292648315,1.9585537910461426,-0.601745,999,,,,,,,266.5,2.638613861,266.5,2.638613861,,,,,,,,,,,,,,,,,,,"Hudson Head","sa3010889",687431
"Jackson Glenn",,85,322,297,61,42,14,1,4,30,28,18,0,94,2,2,3,4,2,1,0.205387,0.0559006,0.291925,0.191489,0.253918,0.299663,0.245226,0.553582,0.0942761,3.7617,0.283582,,-0.494337,20.8335,-16.8335,52.1339,-0.494337,1.2,-18.925179958343506,2.3831275701522827,-0.603003,999,,,,,,,189.5,2.229411764,189.5,2.229411764,,,,,,,,,,,,,,,,,,,"Jackson Glenn","sa3017478",690107
"Cutter Coffey","TOR",93,405,369,68,44,15,0,9,42,40,31,0,117,4,1,0,7,6,3,0.184282,0.0765432,0.288889,0.264957,0.254321,0.298103,0.24766,0.552424,0.113821,3.82734,0.241803,,-0.638521,26.9969,-20.3793,59.3478,-0.638521,-1.4,-19.47696816921234,0.08809530735015869,-0.605187,999,,,,,,,247.9,2.665591397,247.9,2.665591397,,,,,,,,,,,,,,,,,,,"Cutter Coffey","sa3020280",702690
"Andrew Jenkins","DET",63,267,248,58,46,9,1,2,28,23,14,1,87,4,1,0,5,1,0,0.233871,0.0524345,0.325843,0.16092,0.284644,0.302419,0.260817,0.587064,0.0685484,3.99468,0.35,,-0.297223,20.6253,-10.6078,68.4454,-0.297223,0,-9.937278270721436,-4.905202865600586,-0.611746,999,,,,,,,183.3,2.909523809,183.3,2.909523809,,,,,,,,,,,,,,,,,,,"Andrew Jenkins","sa3019979",687543
"Brandon Parker",,75,279,252,49,29,11,1,8,29,33,19,0,113,6,2,0,3,4,1,0.194444,0.0681004,0.405018,0.168142,0.265233,0.34127,0.267993,0.606503,0.146825,4.98289,0.308271,,-0.0311972,23.1637,-9.47321,68.8511,-0.0311972,-1.7,-10.42341960966587,-4.775396823883057,-0.611895,999,,,,,,,215,2.866666666,215,2.866666666,,,,,,,,,,,,,,,,,,,"Brandon Parker","sa1169878",688556
"Marcus Lee Sang","PHI",114,469,431,94,67,15,4,8,54,47,30,0,147,4,3,1,6,9,6,0.218097,0.0639659,0.313433,0.204082,0.273504,0.327146,0.26539,0.60065,0.109049,5.77879,0.308244,,-1.42717,37.9558,-16.907,67.7027,-1.42717,-3.7,-19.540591716766357,-1.976749062538147,-0.612189,999,,,,,,,339.2,2.975438596,339.2,2.975438596,,,,,,,,,,,,,,,,,,,"Marcus Lee Sang","sa3011445",686984
"Alexander Suarez","SFG",86,321,301,65,45,12,2,6,40,35,10,0,107,7,2,1,5,10,2,0.215947,0.0311526,0.333333,0.0934579,0.25625,0.328904,0.256689,0.585154,0.112957,7.30822,0.310526,,0.700657,23.7303,-13.8197,64.4028,0.700657,-0.1,-12.963459849357605,-3.638359881937504,-0.612608,999,,,,,,,230,2.674418604,230,2.674418604,,,,,,,,,,,,,,,,,,,"Alexander Suarez","sa3008915",683665
"Rowdey Jordan",,112,462,416,82,56,17,2,7,45,43,37,1,135,6,2,1,10,13,5,0.197115,0.0800866,0.292208,0.274074,0.27115,0.298077,0.255127,0.569227,0.100962,5.33952,0.271739,,-0.198489,33.5729,-20.4709,64.898,-0.198489,-3.4,-19.591019839048386,-1.7024692296981812,-0.613101,999,,,,,,,309.4,2.7625,309.4,2.7625,,,,,,,,,,,,,,,,,,,"Rowdey Jordan","sa3017214",679821
"Zach Ehrhard","LAD",24,97,86,12,10,2,0,0,7,5,9,0,30,1,1,0,1,2,1,0.139535,0.0927835,0.309278,0.3,0.226804,0.162791,0.188128,0.389595,0.0232558,3.88474,0.210526,,-0.162855,1.81813,-9.52874,10.3278,-0.162855,2,-10.115418136119843,0.9307760000228882,-0.613918,999,,,,,,,18,0.75,18,0.75,,,,,,,,,,,,,,,,,,,"Zach Ehrhard","sa3025247",701394
"Josh Breaux","PHI",71,281,264,52,32,10,0,10,25,33,15,0,88,1,1,0,9,0,0,0.19697,0.0533808,0.313167,0.170455,0.241993,0.348485,0.25734,0.590478,0.151515,1.16259,0.251497,,-0.378836,20.9204,-11.9504,62.2843,-0.378836,-7.4,-13.052132248878479,-2.237595558166504,-0.614418,999,,,,,,,198.2,2.791549295,198.2,2.791549295,,,,,,,,,,,,,,,,,,,"Josh Breaux","sa3008051",677007
"Shervyen Newton",,87,342,312,61,38,13,2,8,34,34,23,1,135,3,2,2,6,1,0,0.195513,0.0672515,0.394737,0.17037,0.255882,0.326923,0.255785,0.582805,0.13141,4.18586,0.309942,,-0.297223,25.0337,-14.9728,59.2461,-0.297223,-4.9,-16.2450270652771,-1.1301589012145996,-0.614568,999,,,,,,,233.8,2.687356321,233.8,2.687356321,,,,,,,,,,,,,,,,,,,"Shervyen Newton","sa917119",665989
"Andrew Fernandez",,24,79,73,11,7,2,0,2,8,6,5,0,38,0,1,0,2,0,0,0.150685,0.0632911,0.481013,0.131579,0.202532,0.260274,0.205389,0.462806,0.109589,2.19643,0.264706,,-0.0947091,2.57831,-6.66296,25.2855,-0.0947091,-2.9,-7.152895599603653,-1.4486479759216309,-0.617142,999,,,,,,,28.2,1.175,28.2,1.175,,,,,,,,,,,,,,,,,,,"Andrew Fernandez","sa3020870",809327
"Cade Bunnell","ATL",99,379,333,59,36,14,2,7,33,34,43,0,174,2,1,0,5,2,1,0.177177,0.113456,0.459103,0.247126,0.274406,0.294294,0.258322,0.568701,0.117117,4.15557,0.339869,,-0.644293,28.516,-15.8187,62.3419,-0.644293,6.1,-17.71137022972107,-0.8628158569335938,-0.617196,999,,,,,,,251.2,2.537373737,251.2,2.537373737,,,,,,,,,,,,,,,,,,,"Cade Bunnell","sa3010702",685298
"Ynmanol Mariñez",,97,372,348,70,51,13,2,4,37,33,20,0,121,3,1,0,13,1,1,0.201149,0.0537634,0.325269,0.165289,0.25,0.284483,0.238163,0.534483,0.0833333,3.87819,0.294643,,-0.789046,21.9535,-21.5623,47.3443,-0.789046,4.5,-24.212419867515564,5.866842985153198,-0.617617,999,,,,,,,198.8,2.049484536,198.8,2.049484536,,,,,,,,,,,,,,,,,,,"Ynmanol Marinez","sa3005716",677577
"Robert Perez Jr.",,119,503,450,94,62,18,1,13,51,62,35,1,181,14,4,0,13,5,3,0.208889,0.0695825,0.359841,0.19337,0.284294,0.34,0.276881,0.624294,0.131111,3.90748,0.311538,,-1.08319,45.3593,-13.4807,79.703,-1.08319,-3.9,-13.291638851165771,-9.444532871246338,-0.621346,999,,,,,,,404.6,3.4,404.6,3.4,,,,,,,,,,,,,,,,,,,"Robert Perez Jr.","sa3002851",672596
"Brady Whalen",,66,270,247,52,36,11,1,4,27,24,18,0,62,3,1,1,3,2,0,0.210526,0.0666667,0.22963,0.290323,0.271375,0.311741,0.259828,0.583116,0.101215,4.24278,0.263736,,-0.0498681,20.6422,-10.9419,66.5157,-0.0498681,0.8,-10.860866032540798,-4.160317599773407,-0.624446,999,,,,,,,186.2,2.821212121,186.2,2.821212121,,,,,,,,,,,,,,,,,,,"Brady Whalen","sa918278",669714
"Michael Curialle",,91,350,315,64,43,15,2,4,37,35,21,0,117,11,2,1,8,3,2,0.203175,0.06,0.334286,0.179487,0.275072,0.301587,0.259319,0.576659,0.0984127,4.78422,0.306122,,-0.801944,26.615,-14.3273,65.6739,-0.801944,-3.8,-15.168528318405151,-2.5139917135238647,-0.624664,999,,,,,,,232,2.549450549,232,2.549450549,,,,,,,,,,,,,,,,,,,"Michael Curialle","sa3019837",683152
"Wally Soto",,25,87,78,12,8,3,0,1,5,7,6,0,37,2,0,1,2,0,0,0.153846,0.0689655,0.425287,0.162162,0.232558,0.230769,0.21444,0.463327,0.0769231,0.988445,0.275,,-0.126279,3.47314,-6.70395,36.5447,-0.126279,0,-6.727871775627136,-2.237654209136963,-0.627269,999,,,,,,,31.3,1.252,31.3,1.252,,,,,,,,,,,,,,,,,,,"Wally Soto","sa3016642",695222
"Martín Maldonado","SDP",88,289,257,44,29,7,0,8,23,27,22,0,99,4,1,5,6,0,0,0.171206,0.0761246,0.342561,0.222222,0.246479,0.291829,0.242216,0.538308,0.120623,1.13424,0.238411,,-0.434083,17.9981,-15.8086,56.3712,-0.434083,-5.5,-15.5117027759552,-0.19062328338623047,-0.629566,999,,,,,,,162.9,1.851136363,162.9,1.851136363,,,,,,,,,,,,,,,,,,,"Martin Maldonado","6887",455117
"Daniel Mateo",,99,380,360,75,56,9,4,6,37,37,13,0,114,3,3,1,8,14,7,0.208333,0.0342105,0.3,0.114035,0.240106,0.305556,0.238634,0.545661,0.0972222,6.8339,0.283951,,-0.603299,22.5699,-21.8818,51.6683,-0.603299,1.4,-21.617911458015442,2.7962374687194824,-0.632858,999,,,,,,,220.3,2.225252525,220.3,2.225252525,,,,,,,,,,,,,,,,,,,"Daniel Mateo","sa3010886",686863
"Brayan Buelvas","ATH",115,477,436,87,56,20,4,7,44,44,33,0,140,5,3,0,14,13,5,0.199541,0.0691824,0.293501,0.235714,0.262055,0.311927,0.254746,0.573981,0.112385,6.04197,0.273973,,-0.16692,34.5168,-21.2817,66.9545,-0.16692,-5.7,-18.20274543762207,-3.947354316711426,-0.641959,999,,,,,,,322.5,2.804347826,322.5,2.804347826,,,,,,,,,,,,,,,,,,,"Brayan Buelvas","sa3008868",683454
"Kyle Garlick",,121,492,442,90,57,17,2,14,52,53,40,2,169,6,4,0,8,1,1,0.20362,0.0813008,0.343496,0.236686,0.276423,0.346154,0.273399,0.622577,0.142534,3.17038,0.288973,,-1.00214,42.9887,-14.5645,72.0482,-1.00214,0.3,-17.447232365608215,-5.123280227184296,-0.642,999,,,,,,,391.4,3.234710743,391.4,3.234710743,,,,,,,,,,,,,,,,,,,"Kyle Garlick","18063",664247
"Andrew Kachel",,80,328,294,66,49,13,1,3,32,30,26,0,99,5,2,1,8,6,1,0.22449,0.0792683,0.301829,0.262626,0.296636,0.306122,0.271464,0.602759,0.0816327,4.78093,0.324742,,0.1636,28.1483,-10.2206,74.3475,0.1636,-1.2,-9.897967487573624,-7.225867033004761,-0.64249,999,,,,,,,248.8,3.11,248.8,3.11,,,,,,,,,,,,,,,,,,,"Andrew Kachel","sa3020140",803288
"Omar Hernandez","KCR",83,335,306,61,47,11,1,2,31,24,19,1,78,2,1,7,8,10,3,0.199346,0.0567164,0.232836,0.24359,0.25,0.261438,0.228664,0.511438,0.0620915,5.4862,0.259912,,0.256189,17.2089,-21.9787,40.1691,0.256189,-0.9,-22.677624583244324,5.254468083381653,-0.643672,999,,,,,,,165.6,1.995180722,165.6,1.995180722,,,,,,,,,,,,,,,,,,,"Omar Hernandez","sa3010155",683427
"Yanquiel Fernández","COL",130,520,487,120,81,24,2,13,53,61,27,2,120,3,3,0,6,1,0,0.246407,0.0519231,0.230769,0.225,0.288462,0.383984,0.291002,0.672445,0.137577,2.8815,0.29972,,-0.660274,52.8023,-8.02625,72.4256,-0.660274,0,-17.806581020355225,-5.731922626495361,-0.645848,747.9000244140625,,,,,,,480.1,3.693076923,480.1,3.693076923,,,,,,,,,,,,,,,,,,,"Yanquiel Fernandez","28552",692585
"Julio Carreras","COL",105,422,386,87,61,20,3,3,45,37,23,0,121,4,2,7,11,13,3,0.225389,0.0545024,0.28673,0.190083,0.274699,0.316062,0.2615,0.590761,0.0906736,6.49777,0.318182,,0.690448,32.8309,-16.5338,52.5691,0.690448,-1.7,-23.24463576078415,2.9516756534576416,-0.647089,999,,,,,,,301.8,2.874285714,301.8,2.874285714,,,,,,,,,,,,,,,,,,,"Julio Carreras","sa3005598",679734
"Sam Praytor","MIA",52,199,177,32,20,8,0,4,17,20,15,0,55,3,1,3,7,0,1,0.180791,0.0753769,0.276382,0.272727,0.255102,0.293785,0.246764,0.548887,0.112994,1.86822,0.235294,,-0.704918,13.1216,-10.157,53.1337,-0.704918,-4.7,-11.857489168643951,-1.0440621376037598,-0.649278,999,,,,,,,114.2,2.196153846,114.2,2.196153846,,,,,,,,,,,,,,,,,,,"Sam Praytor","sa3017151",671217
"Zach Levenson","STL",76,309,277,52,33,12,1,6,28,30,25,0,81,5,2,0,1,4,2,0.187726,0.0809061,0.262136,0.308642,0.265372,0.303249,0.255232,0.568621,0.115523,4.09683,0.239583,,-0.507235,22.4807,-13.6655,62.9228,-0.507235,1,-14.207412600517273,-2.4060845375061035,-0.65501,999,,,,,,,203.1,2.672368421,203.1,2.672368421,,,,,,,,,,,,,,,,,,,"Zach Levenson","sa3022435",804241
"Nathan Hickey","BOS",112,450,389,79,45,22,1,11,52,49,52,0,141,5,4,0,6,2,1,0.203085,0.115556,0.313333,0.368794,0.302222,0.349614,0.290769,0.651837,0.14653,3.46426,0.282158,,-0.810034,45.6102,-7.02996,82.5282,-0.810034,0,-9.80617493391037,-11.574073791503906,-0.655601,999,,,,,,,398.3,3.55625,398.3,3.55625,,,,,,,,,,,,,,,,,,,"Nathan Hickey","sa3017398",687208
"Kristian Robinson","ARI",109,409,362,72,51,11,2,8,40,38,41,0,168,5,1,0,7,8,4,0.198895,0.100244,0.410758,0.244048,0.288509,0.30663,0.269433,0.595138,0.107735,5.06424,0.342246,,-0.785591,34.431,-13.413,69.3788,-0.785591,0.3,-15.76195377111435,-4.208377540111542,-0.658397,750.8499755859375,,,,,,,301.7,2.767889908,301.7,2.767889908,,,,,,,,,,,,,,,,,,,"Kristian Robinson","sa3006884",677565
"Brenden Dixon",,78,285,255,50,33,9,1,7,26,29,25,0,100,3,1,1,5,3,1,0.196078,0.0877193,0.350877,0.25,0.274648,0.321569,0.266593,0.596216,0.12549,4.0797,0.288591,,-0.286444,23.3408,-9.99793,66.5154,-0.286444,-5.2,-11.698179692029953,-4.152821660041809,-0.658653,999,,,,,,,209.5,2.685897435,209.5,2.685897435,,,,,,,,,,,,,,,,,,,"Brenden Dixon","sa3017397",686981
"Caeden Trenkle",,75,289,264,52,38,8,2,4,31,24,18,0,101,3,3,1,3,3,1,0.19697,0.0622837,0.349481,0.178218,0.253472,0.287879,0.241263,0.541351,0.0909091,5.40124,0.296296,,-0.270659,17.7765,-16.0302,57.4703,-0.270659,1.4,-14.334248423576355,-1.7856260538101196,-0.667772,999,,,,,,,165.3,2.204,165.3,2.204,,,,,,,,,,,,,,,,,,,"Caeden Trenkle","sa3019991",689959
"Brett Johnson",,60,226,195,34,20,10,2,2,21,18,27,0,80,2,1,1,2,4,1,0.174359,0.119469,0.353982,0.3375,0.28,0.276923,0.255576,0.556923,0.102564,5.91138,0.280702,,0.00826491,16.5049,-9.93219,60.0521,0.00826491,-0.7,-10.787763230502605,-3.1911816000938416,-0.667858,999,,,,,,,146.4,2.44,146.4,2.44,,,,,,,,,,,,,,,,,,,"Brett Johnson","sa3019869",805842
"Jared Walsh",,91,349,315,63,39,12,1,11,33,38,31,2,123,3,0,0,5,1,1,0.2,0.0888252,0.352436,0.252033,0.277937,0.349206,0.275853,0.627143,0.149206,2.64581,0.287293,,-0.765368,31.1833,-9.642,77.3202,-0.765368,-1.9,-9.822058618068695,-8.311669707298279,-0.668758,999,,,,,,,282.8,3.107692307,282.8,3.107692307,,,,,,,,,,,,,,,,,,,"Jared Walsh","18607",665120
"Addison Kopack",,44,152,143,29,17,8,2,2,15,14,8,0,67,1,0,0,8,1,3,0.202797,0.0526316,0.440789,0.119403,0.25,0.328671,0.253532,0.578671,0.125874,5.625,0.364865,,-1.22022,10.8506,-6.93008,63.9881,-1.22022,-1,-7.765849351882935,-3.7924749851226807,-0.671903,999,,,,,,,93.3,2.120454545,93.3,2.120454545,,,,,,,,,,,,,,,,,,,"Addison Kopack","sa3023052",688551
"Caleb Hamilton",,59,204,179,28,19,4,0,5,16,17,22,0,83,1,1,1,3,1,0,0.156425,0.107843,0.406863,0.26506,0.251232,0.26257,0.235958,0.513801,0.106145,2.44871,0.25,,-0.131482,11.677,-12.1865,47.9962,-0.131482,-4.8,-12.270147889852524,-1.0522048473358154,-0.672101,999,,,,,,,107.3,1.818644067,107.3,1.818644067,,,,,,,,,,,,,,,,,,,"Caleb Hamilton","19842",643348
"Alexander Vargas","CIN",99,379,360,74,50,12,5,7,39,37,15,0,115,2,2,0,4,10,8,0.205556,0.0395778,0.30343,0.130435,0.240106,0.325,0.245945,0.565106,0.119444,6.596,0.279167,,-1.76884,24.7405,-19.5942,56.7869,-1.76884,-2.9,-20.508435130119324,1.2776894569396973,-0.678556,999,,,,,,,231.1,2.334343434,231.1,2.334343434,,,,,,,,,,,,,,,,,,,"Alexander Vargas","sa3008851",683061
"Glenn Santiago",,69,247,225,46,35,7,1,3,24,20,16,0,72,3,2,1,8,3,1,0.204444,0.0647773,0.291498,0.222222,0.264228,0.284444,0.246205,0.548672,0.08,4.67679,0.282895,,-0.231197,16.1755,-12.7181,58.3242,-0.231197,-0.1,-12.00958999991417,-2.82266316562891,-0.67969,999,,,,,,,146.7,2.126086956,146.7,2.126086956,,,,,,,,,,,,,,,,,,,"Glenn Santiago","sa3010341",687426
"Johnny Tincher","CLE",58,227,198,30,23,5,0,2,13,16,24,0,72,4,1,0,4,0,1,0.151515,0.105727,0.317181,0.333333,0.255507,0.207071,0.220576,0.462577,0.0555556,1.21806,0.224,,-0.80752,10.1832,-16.3708,40.1915,-0.80752,-2,-16.341913282871246,2.1703410148620605,-0.680457,999,,,,,,,84.5,1.456896551,84.5,1.456896551,,,,,,,,,,,,,,,,,,,"Johnny Tincher","sa3023072",814816
"Gionti Turner",,65,214,194,37,30,5,1,1,19,17,12,0,70,5,1,2,4,5,3,0.190722,0.0560748,0.327103,0.171429,0.254717,0.242268,0.227517,0.496985,0.0515464,5.41884,0.290323,,-0.585963,10.7956,-14.2377,47.8809,-0.585963,-1.2,-13.34788590669632,-0.41369789838790894,-0.682964,999,,,,,,,94.9,1.46,94.9,1.46,,,,,,,,,,,,,,,,,,,"Gionti Turner","sa3007326",682090
"Hunter Dozier",,88,342,314,63,36,14,3,10,32,34,22,0,115,3,2,1,7,3,1,0.200637,0.0643275,0.336257,0.191304,0.258065,0.359873,0.269475,0.617937,0.159236,5.09367,0.277487,,-0.286444,28.8023,-11.2042,71.5732,-0.286444,-7.9,-11.410394161939621,-6.643386363983154,-0.684652,747.7100219726562,,,,,,,268.4,3.05,268.4,3.05,,,,,,,,,,,,,,,,,,,"Hunter Dozier","15117",641531
"Anthony Huezo","HOU",46,169,152,21,11,5,1,4,14,17,12,0,86,4,1,0,2,3,1,0.138158,0.0710059,0.508876,0.139535,0.218935,0.263158,0.218401,0.482093,0.125,6.23893,0.269841,,-0.0181018,7.28549,-12.4838,38.9634,-0.0181018,-1.1,-11.820828549563885,-0.4790417551994324,-0.687252,999,,,,,,,74.3,1.615217391,74.3,1.615217391,,,,,,,,,,,,,,,,,,,"Anthony Huezo","sa3022691",805953
"Ronald Rosario","BOS",99,418,387,85,59,19,2,5,39,39,25,0,105,3,3,0,13,1,1,0.219638,0.0598086,0.251196,0.238095,0.270335,0.317829,0.259981,0.588164,0.0981912,3.19662,0.285714,,-0.891647,32.0087,-16.8882,60.8712,-0.891647,-8.7,-19.606168568134308,-1.020693302154541,-0.688193,999,,,,,,,285.6,2.884848484,285.6,2.884848484,,,,,,,,,,,,,,,,,,,"Ronald Rosario","sa3015525",691385
"Aaron Bracho",,103,407,371,74,49,13,2,10,36,49,28,1,110,4,4,0,5,2,1,0.199461,0.0687961,0.27027,0.254545,0.260442,0.326146,0.25782,0.586588,0.126685,3.45004,0.25098,,-0.6364,30.4583,-17.1517,64.8954,-0.6364,5,-17.721599578857422,-2.4772191047668457,-0.688861,999,,,,,,,283.5,2.752427184,283.5,2.752427184,,,,,,,,,,,,,,,,,,,"Aaron Bracho","sa3010018",677570
"Garrett Spain","MIL",105,382,350,63,39,13,2,9,33,37,26,1,130,3,1,2,5,7,2,0.18,0.0680628,0.340314,0.2,0.242105,0.305714,0.241978,0.54782,0.125714,5.13957,0.254717,,0.0611949,23.7168,-20.9689,52.1623,0.0611949,1,-21.79101037234068,2.4035861492156982,-0.690887,999,,,,,,,231.2,2.201904761,231.2,2.201904761,,,,,,,,,,,,,,,,,,,"Garrett Spain","sa3017174",696521
"Dylan Jasso","NYY",129,528,482,97,64,21,2,10,52,56,33,0,165,8,5,0,6,1,0,0.201245,0.0625,0.3125,0.2,0.261364,0.315353,0.25559,0.576716,0.114108,3.46702,0.278846,,-0.628704,38.566,-23.1984,63.5717,-0.628704,8,-22.636570274829865,-1.7001762390136719,-0.691841,999,,,,,,,352.4,2.731782945,352.4,2.731782945,,,,,,,,,,,,,,,,,,,"Dylan Jasso","sa3022830",815734
"William Lugo","NYM",104,419,373,69,44,15,1,9,38,43,38,0,126,5,3,0,8,2,1,0.184987,0.0906921,0.300716,0.301587,0.267303,0.302949,0.256411,0.570252,0.117962,3.25321,0.248963,,-0.691647,30.8813,-18.1325,65.7625,-0.691647,-7.4,-17.846100449562073,-2.781393527984619,-0.691938,999,,,,,,,277.2,2.665384615,277.2,2.665384615,,,,,,,,,,,,,,,,,,,"William Lugo","sa3010876",683493
"Benjamin Blackwell",,61,211,195,36,29,5,1,1,19,13,13,0,68,2,1,0,6,8,3,0.184615,0.0616114,0.322275,0.191176,0.241706,0.235897,0.217443,0.477604,0.0512821,5.90974,0.275591,,0.0377142,8.9334,-15.749,36.7618,0.0377142,0.7,-15.229768544435501,1.4752792119979858,-0.692581,999,,,,,,,88,1.44262295,88,1.44262295,,,,,,,,,,,,,,,,,,,"Benjamin Blackwell","sa3022922",701295
"Cole Cummings",,113,465,420,81,52,17,2,10,47,48,34,0,179,8,3,0,6,4,1,0.192857,0.0731183,0.384946,0.189944,0.264516,0.314286,0.258156,0.578802,0.121429,4.7221,0.303419,,-0.346894,34.9246,-19.4702,67.0999,-0.346894,1.6,-18.640995800495148,-3.52566134929657,-0.692981,999,,,,,,,319.1,2.823893805,319.1,2.823893805,,,,,,,,,,,,,,,,,,,"Cole Cummings","sa3016830",702113
"Carter Young","BAL",107,445,416,86,63,16,3,4,35,34,26,0,137,1,2,0,6,8,4,0.206731,0.058427,0.307865,0.189781,0.253933,0.288462,0.240954,0.542394,0.0817308,4.95421,0.296029,,-0.730344,27.2615,-24.7937,55.9071,-0.730344,-3.3,-23.18125420808792,1.6052029132843018,-0.693073,999,,,,,,,251.7,2.352336448,251.7,2.352336448,,,,,,,,,,,,,,,,,,,"Carter Young","sa3020534",677356
"Agustin Ruiz",,94,373,335,65,39,15,2,9,39,43,26,1,116,9,3,0,3,1,2,0.19403,0.0697051,0.310992,0.224138,0.268097,0.331343,0.264892,0.59944,0.137313,3.67885,0.262911,,-1.18616,30.037,-13.5958,70.7969,-1.18616,-1.5,-13.649774074554443,-5.6115522384643555,-0.702414,999,,,,,,,269.8,2.870212765,269.8,2.870212765,,,,,,,,,,,,,,,,,,,"Agustin Ruiz","sa3004149",672361
"Beau Brewer",,40,141,131,27,23,4,0,0,11,8,10,0,22,0,0,0,5,0,0,0.206107,0.070922,0.156028,0.454545,0.262411,0.236641,0.228287,0.499053,0.0305344,1.37597,0.247706,,-0.26045,7.20034,-9.29357,44.366,-0.26045,-2.8,-9.236087381839752,-2.2819223403930664,-0.703103,999,,,,,,,61.8,1.545,61.8,1.545,,,,,,,,,,,,,,,,,,,"Beau Brewer","sa3020013",806314
"Aaron Shackelford",,92,371,339,66,38,15,2,11,34,43,24,1,129,6,2,0,4,4,1,0.19469,0.06469,0.347709,0.186047,0.25876,0.348083,0.265455,0.606843,0.153392,4.59713,0.273632,,-0.133799,30.0442,-13.3547,65.7493,-0.133799,3,-15.328939527273178,-3.8158435821533203,-0.70359,999,,,,,,,283.7,3.083695652,283.7,3.083695652,,,,,,,,,,,,,,,,,,,"Aaron Shackelford","sa1169950",687823
"Jean Arnaez",,47,157,149,32,25,6,0,1,13,13,4,0,37,3,1,0,8,0,1,0.214765,0.0254777,0.235669,0.108108,0.248408,0.275168,0.232714,0.523575,0.0604027,2.18105,0.276786,,-0.657564,8.57688,-9.78868,48.8347,-0.657564,-2.8,-9.848941564559937,-2.223133385181427,-0.705126,999,,,,,,,75.2,1.6,75.2,1.6,,,,,,,,,,,,,,,,,,,"Jean Arnaez","sa3016120",692484
"Quincy Scott","TEX",99,372,334,71,59,10,1,1,25,31,27,0,106,8,3,0,7,5,3,0.212575,0.0725806,0.284946,0.254717,0.284946,0.257485,0.248852,0.542431,0.0449102,3.54025,0.304348,,-0.956907,25.1541,-18.3618,58.8557,-0.956907,3.3,-18.469808220863342,-0.8005292415618896,-0.706795,999,,,,,,,213.8,2.159595959,213.8,2.159595959,,,,,,,,,,,,,,,,,,,"Quincy Scott","sa3022656",701701
"Ruben Ibarra","CIN",106,412,370,77,50,13,0,14,38,51,31,1,127,8,3,0,8,1,1,0.208108,0.0752427,0.308252,0.244094,0.281553,0.356757,0.281079,0.63831,0.148649,1.77974,0.271552,,-0.89954,38.5452,-9.64975,72.3773,-0.89954,1.5,-14.508495926856995,-6.069077014923096,-0.710813,999,,,,,,,346.6,3.26981132,346.6,3.26981132,,,,,,,,,,,,,,,,,,,"Ruben Ibarra","sa3017053",702140
"Will McGillis",,32,124,111,18,15,1,0,2,10,10,10,0,45,2,1,0,1,0,0,0.162162,0.0806452,0.362903,0.222222,0.241935,0.225225,0.217024,0.467161,0.0630631,1.44093,0.246154,,-0.213095,5.20819,-9.29709,34.6781,-0.213095,-2,-9.481097906827927,-1.5443856418132782,-0.710886,999,,,,,,,47.5,1.484375,47.5,1.484375,,,,,,,,,,,,,,,,,,,"Will McGillis","sa3022536",702217
"Scott Bandura","SFG",86,372,331,67,45,15,3,4,48,33,32,0,114,6,3,0,7,12,4,0.202417,0.0860215,0.306452,0.280702,0.282258,0.302115,0.262998,0.584373,0.0996979,7.05482,0.291667,,0.124903,29.3894,-14.1265,68.6491,0.124903,-6.8,-13.821235992014408,-5.433157205581665,-0.711477,999,,,,,,,268,3.116279069,268,3.116279069,,,,,,,,,,,,,,,,,,,"Scott Bandura","sa3022699",814154
"Joe Donovan",,58,196,180,33,21,8,1,3,20,18,10,0,76,5,1,0,6,0,0,0.183333,0.0510204,0.387755,0.131579,0.244898,0.288889,0.238686,0.533787,0.105556,3.42411,0.294118,,-0.284127,11.6495,-11.2782,52.9308,-0.284127,-6.2,-10.840112656354904,-2.5991766452789307,-0.711778,999,,,,,,,106.9,1.843103448,106.9,1.843103448,,,,,,,,,,,,,,,,,,,"Joe Donovan","sa3015088",676973
"Justin Boyd",,36,134,120,18,11,6,0,1,13,8,12,0,54,0,1,1,0,2,0,0.15,0.0895522,0.402985,0.222222,0.225564,0.225,0.207103,0.450564,0.075,4.76086,0.257576,,0.218474,4.55816,-11.1169,30.7143,0.218474,0.5,-10.404686063528061,-0.9770723581314087,-0.713181,999,,,,,,,47.4,1.316666666,47.4,1.316666666,,,,,,,,,,,,,,,,,,,"Justin Boyd","sa3020123",687628
"Griffin Lockwood-Powell","LAD",106,429,388,79,53,16,0,10,39,45,33,0,122,5,3,0,11,1,1,0.203608,0.0769231,0.284382,0.270492,0.272727,0.322165,0.264896,0.594892,0.118557,1.94142,0.266409,,-0.923217,34.5479,-15.6357,69.6578,-0.923217,3.2,-16.488798141479492,-4.681393384933472,-0.713656,999,,,,,,,307.9,2.904716981,307.9,2.904716981,,,,,,,,,,,,,,,,,,,"Griffin Lockwood-Powell","sa3019303",674976
"Eddie Park","CHW",96,398,361,79,70,7,1,1,37,24,35,0,70,1,1,0,12,7,3,0.218837,0.0879397,0.175879,0.5,0.288945,0.252078,0.248694,0.541022,0.033241,4.03797,0.268041,,-0.651616,26.8614,-19.6958,58.2158,-0.651616,-2,-19.679953455924988,-0.5376249551773071,-0.714923,999,,,,,,,229.7,2.392708333,229.7,2.392708333,,,,,,,,,,,,,,,,,,,"Eddie Park","sa3022502",695023
"Johnny Ascanio","CIN",95,348,308,65,49,12,0,4,32,29,22,0,71,4,2,12,2,5,2,0.211039,0.0632184,0.204023,0.309859,0.270833,0.288961,0.25148,0.559794,0.0779221,3.65185,0.259574,,-0.401944,24.2673,-16.4411,52.4553,-0.401944,0.4,-20.187243789434433,1.678659588098526,-0.716844,999,,,,,,,210.3,2.21368421,210.3,2.21368421,,,,,,,,,,,,,,,,,,,"Johnny Ascanio","sa3015526",691392
"Alvaro Gonzalez",,47,154,137,21,15,4,0,2,15,12,12,0,52,3,1,1,3,1,0,0.153285,0.0779221,0.337662,0.230769,0.235294,0.226277,0.214201,0.461571,0.0729927,3.84777,0.22619,,-0.0367727,6.11833,-11.8963,35.6551,-0.0367727,-1.3,-11.374882638454437,-0.7341563105583191,-0.719293,999,,,,,,,57.9,1.231914893,57.9,1.231914893,,,,,,,,,,,,,,,,,,,"Alvaro Gonzalez","sa3005715",677572
"Dereck Salom","ATH",88,361,321,58,47,8,1,2,29,23,33,1,79,3,3,1,11,3,1,0.180685,0.0914127,0.218837,0.417722,0.261111,0.23053,0.226679,0.491641,0.0498442,3.74538,0.230453,,-0.452185,17.9678,-24.2612,47.2117,-0.452185,1.9,-22.256893515586853,3.2264256477355957,-0.719972,999,,,,,,,162.4,1.845454545,162.4,1.845454545,,,,,,,,,,,,,,,,,,,"Dereck Salom","sa3005925",678828
"Hunter Fitz-Gerald","SEA",74,302,280,58,41,12,1,4,24,26,19,0,102,2,1,0,11,1,1,0.207143,0.0629139,0.337748,0.186275,0.261589,0.3,0.250085,0.561589,0.0928571,2.76156,0.308571,,-0.694337,20.7205,-14.6069,66.0851,-0.694337,0.9,-12.413665473461151,-4.648206830024719,-0.72021,999,,,,,,,185,2.5,185,2.5,,,,,,,,,,,,,,,,,,,"Hunter Fitz-Gerald","sa3022482",686638
"Lolo Sanchez",,72,280,248,50,39,7,1,3,27,23,22,0,57,4,1,5,5,4,3,0.201613,0.0785714,0.203571,0.385965,0.276364,0.274194,0.250721,0.550557,0.0725806,4.13862,0.248677,,-0.928027,19.3543,-13.3996,66.5323,-0.928027,-1.6,-11.650372982025146,-4.68641984462738,-0.721225,999,,,,,,,163.4,2.269444444,163.4,2.269444444,,,,,,,,,,,,,,,,,,,"Lolo Sanchez","sa917767",665975
"Cole Foster","SFG",77,326,300,56,40,11,1,4,29,31,15,0,112,8,1,2,8,4,2,0.186667,0.0460123,0.343558,0.133929,0.243827,0.27,0.23134,0.513827,0.0833333,4.50817,0.281081,,-0.507235,17.4487,-20.6861,47.3413,-0.507235,-0.4,-21.035344004631042,3.193474382162094,-0.723513,999,,,,,,,159.8,2.075324675,159.8,2.075324675,,,,,,,,,,,,,,,,,,,"Cole Foster","sa3022673",694369
"José Godoy",,50,183,168,37,29,5,0,3,19,19,11,0,41,2,1,1,6,0,0,0.220238,0.0601093,0.224044,0.268293,0.274725,0.303571,0.258305,0.578297,0.0833333,1.74008,0.272,,-0.331482,13.7665,-7.64051,62.934,-0.331482,0,-8.44274789094925,-4.706789970397949,-0.729817,999,,,,,,,120.9,2.418,120.9,2.418,,,,,,,,,,,,,,,,,,,"Jose Godoy","15808",608422
"Bryce Arnold",,87,329,293,52,34,12,1,5,33,31,28,1,107,6,1,1,8,3,1,0.177474,0.0851064,0.325228,0.261682,0.262195,0.276451,0.244028,0.538646,0.0989761,4.32848,0.258242,,-0.333799,20.9691,-17.5167,56.793,-0.333799,-2.7,-16.59886485338211,-1.491152286529541,-0.733244,999,,,,,,,190.6,2.190804597,190.6,2.190804597,,,,,,,,,,,,,,,,,,,"Bryce Arnold","sa3022557",683301
"Hunter Haas","TBR",106,407,367,65,43,16,1,5,30,34,26,0,128,7,3,4,2,5,3,0.177112,0.0638821,0.314496,0.203125,0.243176,0.26703,0.230227,0.510206,0.0899183,3.91713,0.253165,,-0.814843,21.4195,-26.1906,49.7871,-0.814843,-1,-24.198668599128723,3.4863314628601074,-0.734971,999,,,,,,,196.2,1.850943396,196.2,1.850943396,,,,,,,,,,,,,,,,,,,"Hunter Haas","sa3022918",690983
"Jackson Loftin",,91,336,304,50,34,10,1,5,34,30,22,0,107,9,1,0,6,15,2,0.164474,0.0654762,0.318452,0.205607,0.241071,0.253289,0.2262,0.494361,0.0888158,6.7846,0.233161,,1.67698,16.5939,-22.7107,44.4495,1.67698,0.1,-19.679642915725708,1.3345678821206093,-0.735436,999,,,,,,,173.6,1.907692307,173.6,1.907692307,,,,,,,,,,,,,,,,,,,"Jackson Loftin","sa3019931",699816
"Cal Conley","ATL",126,532,488,108,83,18,3,4,60,44,32,1,120,4,3,5,7,19,7,0.221311,0.0601504,0.225564,0.266667,0.273245,0.295082,0.252802,0.568327,0.0737705,6.25935,0.283379,,0.0336494,37.6644,-24.5679,58.6269,0.0336494,-4.4,-26.286640256643295,1.4641976356506348,-0.737254,999,,,,,,,348.2,2.763492063,348.2,2.763492063,,,,,,,,,,,,,,,,,,,"Cal Conley","sa3017080",695462
"Elio Prado","PHI",90,360,324,62,45,10,2,5,33,34,28,0,87,6,1,1,8,8,5,0.191358,0.0777778,0.241667,0.321839,0.267409,0.280864,0.248652,0.548274,0.0895062,5.0398,0.244635,,-1.04853,24.2847,-17.8274,56.437,-1.04853,4.6,-19.802008628845215,0.6317460536956787,-0.743984,999,,,,,,,213.8,2.375555555,213.8,2.375555555,,,,,,,,,,,,,,,,,,,"Elio Prado","sa3008807",682799
"Nelly Taylor","BOS",117,500,455,90,55,23,4,8,57,47,41,0,157,2,2,0,5,15,6,0.197802,0.082,0.314,0.261146,0.266,0.318681,0.259595,0.584681,0.120879,6.54609,0.280822,,-0.203496,38.1326,-20.3565,60.5997,-0.203496,-3,-22.74459534883499,-1.1628453731536865,-0.744104,999,,,,,,,354.4,3.029059829,354.4,3.029059829,,,,,,,,,,,,,,,,,,,"Nelly Taylor","sa3023426",807511
"Cristopher Navarro",,47,152,141,28,22,5,0,1,13,10,8,0,39,1,1,1,4,1,1,0.198582,0.0526316,0.256579,0.205128,0.245033,0.255319,0.224852,0.500352,0.0567376,2.77215,0.264706,,-0.449672,7.34191,-10.4388,27.9026,-0.449672,0.7,-13.554291486740112,1.2584949731826782,-0.748067,999,,,,,,,65.8,1.4,65.8,1.4,,,,,,,,,,,,,,,,,,,"Cristopher Navarro","sa917065",665888
"Jacob Wetzel","TOR",97,383,343,67,44,13,3,7,43,36,33,1,113,4,1,2,5,7,2,0.195335,0.0861619,0.295039,0.292035,0.272966,0.311953,0.260929,0.584919,0.116618,6.07498,0.267857,,-0.0414066,29.6207,-15.1819,68.6815,-0.0414066,-7.7,-13.766193345189095,-6.292739391326904,-0.750289,999,,,,,,,271.5,2.798969072,271.5,2.798969072,,,,,,,,,,,,,,,,,,,"Jacob Wetzel","sa3015057",689047
"Korey Morton",,24,90,87,16,16,0,0,0,5,5,2,0,33,1,0,0,3,2,2,0.183908,0.0222222,0.366667,0.0606061,0.211111,0.183908,0.180065,0.395019,0,3.22044,0.296296,,-0.559969,1.10288,-9.42515,11.9971,-0.559969,-1,-9.6224125623703,-0.6693121790885925,-0.752406,999,,,,,,,9.8,0.408333333,9.8,0.408333333,,,,,,,,,,,,,,,,,,,"Korey Morton","sa3025436",808814
"Deivis Nadal",,71,248,220,38,22,10,3,3,24,21,18,0,110,3,1,6,1,6,2,0.172727,0.0725806,0.443548,0.163636,0.243802,0.286364,0.237296,0.530165,0.113636,7.27174,0.324074,,0.050613,14.4627,-14.5479,46.2407,0.050613,2.3,-15.204331763088703,-0.4336860179901123,-0.759458,999,,,,,,,135.9,1.914084507,135.9,1.914084507,,,,,,,,,,,,,,,,,,,"Deivis Nadal","sa3008879",683504
"Torin Montgomery",,80,321,288,63,47,11,0,5,29,32,26,0,109,6,1,0,6,0,0,0.21875,0.0809969,0.339564,0.238532,0.29595,0.309028,0.273289,0.604978,0.0902778,1.30357,0.331429,,-0.623501,28.0192,-9.5308,70.9871,-0.623501,-0.4,-11.760230600833893,-6.297266393899918,-0.762947,999,,,,,,,239.7,2.99625,239.7,2.99625,,,,,,,,,,,,,,,,,,,"Torin Montgomery","sa3019823",687942
"Nathan Martorella","MIA",130,530,480,105,69,21,1,14,58,55,42,0,113,3,5,0,11,4,1,0.21875,0.0792453,0.213208,0.371681,0.283019,0.354167,0.280321,0.637186,0.135417,3.67384,0.25419,,-0.504743,49.2615,-12.7369,75.7196,-0.504743,0.6,-15.89315789937973,-9.136919379234314,-0.765564,999,,,,,,,446,3.43076923,446,3.43076923,,,,,,,,,,,,,,,,,,,"Nathan Martorella","sa3019978",687210
"Ethan Murray","MIL",95,372,333,63,44,14,2,3,31,28,30,0,115,4,2,3,11,5,2,0.189189,0.0806452,0.30914,0.26087,0.262873,0.27027,0.241845,0.533143,0.0810811,4.69257,0.276498,,-0.425622,23.0561,-20.4597,52.0728,-0.425622,0.6,-21.745571851730347,1.9668430089950562,-0.76563,999,,,,,,,205.9,2.167368421,205.9,2.167368421,,,,,,,,,,,,,,,,,,,"Ethan Murray","sa3017051",696140
"Matt Lloyd","STL",111,438,393,87,58,19,0,10,46,48,34,1,110,6,5,0,8,7,2,0.221374,0.0776256,0.251142,0.309091,0.289954,0.346056,0.280394,0.63601,0.124682,3.77562,0.276978,,-0.175578,40.7364,-10.5,79.8589,-0.175578,0,-10.72474730014801,-11.265432357788086,-0.767446,999,,,,,,,371,3.342342342,371,3.342342342,,,,,,,,,,,,,,,,,,,"Matt Lloyd","sa1169978",651016
"Maikol Escotto",,78,286,270,53,37,10,1,5,29,25,11,0,99,2,1,2,6,5,3,0.196296,0.0384615,0.346154,0.111111,0.232394,0.296296,0.232488,0.528691,0.1,5.21133,0.287425,,-0.60964,15.572,-17.8838,43.56,-0.60964,1.9,-19.912159204483032,2.950852394104004,-0.76989,999,,,,,,,148.6,1.905128205,148.6,1.905128205,,,,,,,,,,,,,,,,,,,"Maikol Escotto","sa3008878",683500
"Bryson Ware","PHI",101,408,375,72,47,14,3,8,38,41,24,0,125,7,2,0,9,7,3,0.192,0.0588235,0.306373,0.192,0.252451,0.309333,0.249387,0.561784,0.117333,5.40835,0.262295,,-0.430628,27.7638,-19.9632,56.9313,-0.430628,-1.1,-21.443380683660507,0.39911818504333496,-0.772743,999,,,,,,,259,2.564356435,259,2.564356435,,,,,,,,,,,,,,,,,,,"Bryson Ware","sa3022597",694310
"Caleb Ketchup","LAA",131,530,474,89,61,18,3,7,68,43,44,0,177,5,3,4,3,33,8,0.187764,0.0830189,0.333962,0.248588,0.262357,0.2827,0.246015,0.545058,0.0949367,7.66033,0.279863,,2.49178,34.6277,-27.3707,55.071,2.49178,-2.4,-24.75457262992859,-0.45261621475219727,-0.774838,999,,,,,,,346.8,2.647328244,346.8,2.647328244,,,,,,,,,,,,,,,,,,,"Caleb Ketchup","sa3022436",810053
"Sebastián Rivero","LAA",76,264,243,46,31,12,1,2,18,21,12,0,70,4,2,3,6,1,0,0.1893,0.0454545,0.265152,0.171429,0.237548,0.271605,0.226919,0.509153,0.0823045,3.54849,0.254335,,-0.170944,13.1908,-17.6914,41.6382,-0.170944,-3.4,-17.80038034915924,1.4500880241394043,-0.77782,999,,,,,,,123.8,1.628947368,123.8,1.628947368,,,,,,,,,,,,,,,,,,,"Sebastian Rivero","21735",665861
"Hedbert Perez","MIL",47,187,174,31,20,6,1,4,15,18,11,0,68,2,0,0,5,3,2,0.178161,0.0588235,0.363636,0.161765,0.235294,0.293103,0.235134,0.528398,0.114943,4.60815,0.264706,,-0.470463,10.58,-11.2949,47.5558,-0.470463,0.5,-12.197830140590668,-1.5612874031066895,-0.779041,999,,,,,,,99.4,2.114893617,99.4,2.114893617,,,,,,,,,,,,,,,,,,,"Hedbert Perez","sa3014692",691616
"E.J. Exposito","ATL",115,464,424,84,55,18,2,9,50,46,32,0,148,4,3,1,11,13,5,0.198113,0.0689655,0.318966,0.216216,0.259179,0.313679,0.254068,0.572859,0.115566,5.666,0.277778,,-0.143242,33.3228,-20.955,59.4787,-0.143242,-5.5,-22.626679033041,-0.3853616714477539,-0.783724,999,,,,,,,313.3,2.724347826,313.3,2.724347826,,,,,,,,,,,,,,,,,,,"E.J. Exposito","sa3019900",802991
"Luke Brown",,73,243,219,39,28,7,1,3,27,21,18,0,82,3,1,2,2,5,1,0.178082,0.0740741,0.337449,0.219512,0.248963,0.260274,0.231422,0.509237,0.0821918,5.95989,0.266667,,0.208265,13.0223,-15.4034,42.8426,0.208265,3.4,-16.400589376688004,0.721428632736206,-0.785091,999,,,,,,,123.3,1.689041095,123.3,1.689041095,,,,,,,,,,,,,,,,,,,"Luke Brown","sa3017333",687493
"T.J. Schofield-Sam","ATH",109,463,430,94,68,19,3,4,40,46,16,1,107,13,4,0,6,3,3,0.218605,0.0345572,0.231102,0.149533,0.265659,0.304651,0.252075,0.57031,0.0860465,4.03295,0.278638,,-1.37269,32.5082,-21.6527,65.0753,-1.37269,-4.9,-19.87474024295807,-3.198794960975647,-0.78563,999,,,,,,,290.5,2.665137614,290.5,2.665137614,,,,,,,,,,,,,,,,,,,"T.J. Schofield-Sam","sa3011501",672013
"Rosman Verdugo","SDP",115,503,454,85,54,21,2,8,48,45,37,0,183,5,2,5,11,5,3,0.187225,0.0735587,0.363817,0.202186,0.25502,0.295154,0.246247,0.550174,0.10793,4.33632,0.290566,,-0.972692,32.9576,-25.8824,59.0848,-0.972692,-0.6,-25.58281636238098,1.2481775283813477,-0.786432,999,,,,,,,296.6,2.579130434,296.6,2.579130434,,,,,,,,,,,,,,,,,,,"Rosman Verdugo","sa3018393",698916
"Devin Ortiz","SDP",110,439,398,81,68,9,0,4,39,34,33,0,111,6,1,1,12,4,5,0.203518,0.0751708,0.252847,0.297297,0.273973,0.256281,0.243167,0.530254,0.0527638,2.62319,0.271127,,-2.06952,27.6758,-23.6775,57.0116,-2.06952,0.8,-24.636690378189087,2.413021743297577,-0.788127,999,,,,,,,229.9,2.09,229.9,2.09,,,,,,,,,,,,,,,,,,,"Devin Ortiz","sa3020345",668776
"Cole Roederer",,92,369,329,63,42,14,1,6,34,39,33,0,124,4,3,0,5,5,2,0.191489,0.0894309,0.336043,0.266129,0.271003,0.294833,0.255024,0.565836,0.103343,4.18796,0.282178,,-0.433514,26.7841,-16.3808,63.0134,-0.433514,0.9,-16.75396019220352,-3.167460560798645,-0.790666,999,,,,,,,241.4,2.623913043,241.4,2.623913043,,,,,,,,,,,,,,,,,,,"Cole Roederer","sa3008184",680711
"Rodolfo Nolasco",,94,396,359,68,44,15,0,9,35,41,31,0,166,4,2,0,10,4,3,0.189415,0.0782828,0.419192,0.186747,0.260101,0.306407,0.253289,0.566508,0.116992,2.84479,0.317204,,-1.03852,28.1909,-18.1324,62.1142,-1.03852,2.5,-18.978971242904663,-1.865079402923584,-0.793262,999,,,,,,,254.1,2.703191489,254.1,2.703191489,,,,,,,,,,,,,,,,,,,"Rodolfo Nolasco","sa3008907",683616
"Nick Biddison","PHI",84,331,297,57,41,8,2,6,28,34,25,1,119,9,0,0,3,8,1,0.191919,0.0755287,0.359517,0.210084,0.274924,0.292929,0.256618,0.567854,0.10101,5.75645,0.296512,,0.610954,24.4507,-14.269,64.0867,0.610954,1,-13.603971421718597,-5.080981731414795,-0.79342,999,,,,,,,227.6,2.709523809,227.6,2.709523809,,,,,,,,,,,,,,,,,,,"Nick Biddison","sa3019888",680994
"Kale Emshoff",,83,330,303,66,42,15,1,8,26,37,20,0,121,5,2,0,5,1,0,0.217822,0.0606061,0.366667,0.165289,0.275758,0.353135,0.276421,0.628893,0.135314,2.75284,0.329545,,-0.328792,29.6365,-8.96629,73.7622,-0.328792,0,-10.235915869474411,-8.487654685974121,-0.795226,999,,,,,,,267.9,3.227710843,267.9,3.227710843,,,,,,,,,,,,,,,,,,,"Kale Emshoff","sa3014934",668860
"Jordan Sprinkle","CHW",86,371,336,65,51,11,1,2,33,26,22,0,101,4,1,8,5,12,3,0.193452,0.0592992,0.272237,0.217822,0.250689,0.25,0.227264,0.500689,0.0565476,5.60745,0.269231,,0.577264,18.6402,-24.7586,43.1418,0.577264,-0.7,-23.559153079986572,3.389506161212921,-0.803123,999,,,,,,,176.8,2.055813953,176.8,2.055813953,,,,,,,,,,,,,,,,,,,"Jordan Sprinkle","sa3019925",688394
"Leandro Pineda","PHI",102,405,369,79,53,16,3,7,40,43,25,1,104,7,4,0,6,2,1,0.214092,0.0617284,0.25679,0.240385,0.274074,0.330623,0.266087,0.604697,0.116531,4.30688,0.274809,,-0.66797,33.0036,-14.3725,68.1721,-0.66797,-0.7,-16.082307994365692,-5.164285838603973,-0.803939,999,,,,,,,299.7,2.938235294,299.7,2.938235294,,,,,,,,,,,,,,,,,,,"Leandro Pineda","sa3008905",683610
"Viandel Pena","WSN",95,395,358,75,58,13,3,1,40,27,29,0,111,1,1,6,5,10,3,0.209497,0.0734177,0.281013,0.261261,0.269923,0.27095,0.244142,0.540873,0.0614525,6.02244,0.299595,,0.0904476,25.2119,-20.9944,54.3548,0.0904476,-0.9,-21.46978262066841,0.5513521432876587,-0.804377,999,,,,,,,226.8,2.387368421,226.8,2.387368421,,,,,,,,,,,,,,,,,,,"Viandel Pena","sa3005775",678854
"Dérmis Garcia",,101,398,361,69,42,13,1,13,38,46,32,1,143,3,2,0,7,2,1,0.191136,0.080402,0.359296,0.223776,0.261307,0.34072,0.264731,0.602027,0.149584,3.22978,0.270531,,-0.604831,31.9986,-14.5586,68.2123,-0.604831,2,-15.733587980270386,-5.311875343322754,-0.807197,999,,,,,,,297,2.940594059,297,2.940594059,,,,,,,,,,,,,,,,,,,"Dermis Garcia","20926",660650
"Jayce Easley",,78,286,241,42,34,6,1,1,31,18,31,1,85,4,2,8,2,12,3,0.174274,0.108392,0.297203,0.364706,0.276978,0.219917,0.233571,0.496895,0.0456432,6.35689,0.261146,,0.648296,15.8212,-17.6345,48.1064,0.648296,-2.1,-16.333576440811157,-1.0491474866867065,-0.808547,999,,,,,,,146.1,1.873076923,146.1,1.873076923,,,,,,,,,,,,,,,,,,,"Jayce Easley","sa3007057",681068
"Anthony Hall",,68,286,261,49,34,9,2,4,26,24,23,1,102,1,1,0,7,4,1,0.187739,0.0804196,0.356643,0.22549,0.255245,0.283525,0.240447,0.53877,0.0957854,5.21152,0.288462,,-0.0548745,17.4042,-16.0515,52.92,-0.0548745,1.2,-15.46152787655592,-1.9525573253631592,-0.811786,999,,,,,,,165.3,2.430882352,165.3,2.430882352,,,,,,,,,,,,,,,,,,,"Anthony Hall","sa3019987",689141
"Yan Contreras",,42,126,111,16,10,3,1,2,15,11,8,0,61,4,1,2,1,5,1,0.144144,0.0634921,0.484127,0.131148,0.225806,0.243243,0.215027,0.46905,0.0990991,8.58037,0.285714,,0.42136,5.08967,-9.64957,27.9202,0.42136,0.7,-10.439031302928925,-1.614814817905426,-0.812337,999,,,,,,,54.5,1.297619047,54.5,1.297619047,,,,,,,,,,,,,,,,,,,"Yan Contreras","sa1169894",687073
"Juan Alonso",,100,390,345,66,45,13,4,4,40,37,31,0,172,11,3,0,8,2,4,0.191304,0.0794872,0.441026,0.180233,0.276923,0.286957,0.255969,0.56388,0.0956522,5.29784,0.360465,,-1.90667,28.6052,-17.0162,63.6498,-1.90667,2.3,-18.859108567237854,-1.9989416599273682,-0.815306,999,,,,,,,241.3,2.413,241.3,2.413,,,,,,,,,,,,,,,,,,,"Juan Alonso","sa3016331",699076
"Miguel Villarroel","STL",107,428,405,92,72,16,2,2,44,36,13,1,110,4,2,4,12,16,3,0.22716,0.0303738,0.257009,0.118182,0.257075,0.291358,0.241096,0.548433,0.0641975,6.39229,0.305085,,1.29045,26.2689,-23.7977,53.4086,1.29045,-4.3,-22.555272579193115,0.4178128242492676,-0.816987,999,,,,,,,259.8,2.428037383,259.8,2.428037383,,,,,,,,,,,,,,,,,,,"Miguel Villarroel","sa3015631",692446
"Fraymi De Leon","BOS",80,269,242,45,37,6,1,1,31,21,20,0,88,6,1,0,4,11,4,0.18595,0.0743494,0.327138,0.227273,0.263941,0.231405,0.230086,0.495345,0.0454545,6.53981,0.285714,,0.0827518,14.1265,-17.3406,39.8426,0.0827518,0.5,-18.433227978646755,1.4883891940116882,-0.821973,999,,,,,,,130.2,1.6275,130.2,1.6275,,,,,,,,,,,,,,,,,,,"Fraymi De Leon","sa3018436",703205
"Shane Matheny",,95,378,333,67,45,13,3,6,40,34,37,1,129,3,2,3,8,4,2,0.201201,0.0978836,0.34127,0.286822,0.285333,0.312312,0.267437,0.597646,0.111111,5.08845,0.305,,-0.672976,31.214,-13.0037,71.637,-0.672976,-0.1,-13.493466138839722,-7.044444657862186,-0.823438,999,,,,,,,275.4,2.898947368,275.4,2.898947368,,,,,,,,,,,,,,,,,,,"Shane Matheny","sa3004780",676847
"Luis Baez","HOU",120,474,445,99,67,18,0,14,46,56,23,0,154,1,5,0,11,7,2,0.222472,0.0485232,0.324895,0.149351,0.259494,0.357303,0.267762,0.616797,0.134831,3.5806,0.301418,,-0.128223,39.2655,-16.1821,73.6854,-0.128223,-4.2,-14.400073826313019,-9.424867630004883,-0.825283,999,,,,,,,372.9,3.1075,372.9,3.1075,,,,,,,,,,,,,,,,,,,"Luis Baez","sa3018482",800232
"Jacob Campbell","SDP",74,310,282,53,35,9,2,7,31,34,18,0,103,9,1,0,5,5,3,0.187943,0.0580645,0.332258,0.174757,0.258065,0.308511,0.253429,0.566575,0.120567,5.42553,0.265896,,-0.704349,22.1037,-14.1595,63.9186,-0.704349,-0.8,-14.079727053642273,-4.217107594013214,-0.825428,999,,,,,,,200.2,2.705405405,200.2,2.705405405,,,,,,,,,,,,,,,,,,,"Jacob Campbell","sa3019836",680775
"Connor Scott","KCR",85,331,309,67,42,18,3,4,35,31,18,0,88,2,2,0,3,3,3,0.216828,0.0543807,0.265861,0.204545,0.26284,0.333333,0.261102,0.596173,0.116505,5.00651,0.287671,,-1.10435,25.6452,-13.0745,62.9865,-1.10435,-0.3,-15.122578859329224,-3.9485891461372375,-0.827675,999,,,,,,,230.4,2.710588235,230.4,2.710588235,,,,,,,,,,,,,,,,,,,"Connor Scott","sa3008080",669002
"Ethan Hearn","CHC",75,287,264,47,28,10,2,7,28,31,15,0,120,6,2,0,3,3,1,0.17803,0.0522648,0.418118,0.125,0.236934,0.310606,0.241873,0.54754,0.132576,5.61833,0.28777,,-0.191735,17.7944,-15.7783,55.0093,-0.191735,-7.2,-15.632408916950226,-1.9273662567138672,-0.828265,999,,,,,,,171.3,2.284,171.3,2.284,,,,,,,,,,,,,,,,,,,"Ethan Hearn","sa3011502",683001
"Luis Valdez",,92,329,305,66,53,9,3,1,46,24,19,0,100,2,2,1,3,27,6,0.216393,0.0577508,0.303951,0.19,0.265244,0.27541,0.241994,0.540654,0.0590164,8.5558,0.315534,,2.38592,20.4303,-18.0555,56.6382,2.38592,-6.3,-13.937426567077637,-5.0911524295806885,-0.830177,999,,,,,,,214.7,2.333695652,214.7,2.333695652,,,,,,,,,,,,,,,,,,,"Luis Valdez","sa3016076",687667
"Tyler Whitaker","HOU",59,250,222,40,30,7,0,3,20,22,21,0,101,6,1,0,5,5,1,0.18018,0.084,0.404,0.207921,0.268,0.252252,0.240697,0.520252,0.0720721,3.93656,0.310924,,0.145126,15.2636,-13.9809,54.6468,0.145126,-4.5,-12.828260272741318,-3.5814226865768433,-0.832253,999,,,,,,,138.2,2.342372881,138.2,2.342372881,,,,,,,,,,,,,,,,,,,"Tyler Whitaker","sa3017376",696264
"Gavin Dugas","WSN",89,352,311,58,41,13,0,4,41,39,19,0,122,21,1,0,4,6,2,0.186495,0.0539773,0.346591,0.155738,0.278409,0.266881,0.252483,0.54529,0.0803858,5.00895,0.290323,,-0.249299,24.8303,-16.346,59.9685,-0.249299,-4,-17.099537819623947,-2.7066431045532227,-0.837125,999,,,,,,,214.9,2.414606741,214.9,2.414606741,,,,,,,,,,,,,,,,,,,"Gavin Dugas","sa3022667",681171
"Trevor Boone","COL",73,264,243,47,28,9,2,8,30,30,16,0,122,3,1,1,4,6,1,0.193416,0.0606061,0.462121,0.131148,0.250951,0.345679,0.261374,0.59663,0.152263,6.93046,0.342105,,0.42405,20.5119,-10.3703,52.4839,0.42405,0.6,-14.576445192098618,-2.310052990913391,-0.83769,999,,,,,,,198.5,2.719178082,198.5,2.719178082,,,,,,,,,,,,,,,,,,,"Trevor Boone","sa3010336",685392
"Alexfri Planez",,104,425,406,85,55,16,2,12,41,50,13,0,140,4,2,0,13,2,1,0.20936,0.0305882,0.329412,0.0928571,0.24,0.347291,0.254541,0.587291,0.137931,3.82433,0.285156,,-0.573261,30.6837,-19.0319,64.0832,-0.573261,0.4,-18.0392107963562,-4.28474435210228,-0.839315,999,,,,,,,292.6,2.813461538,292.6,2.813461538,,,,,,,,,,,,,,,,,,,"Alexfri Planez","sa3005515",678413
"Tanner O'Tremba",,73,299,265,49,34,11,1,3,33,32,19,0,99,14,1,0,4,7,2,0.184906,0.0635452,0.331104,0.191919,0.274247,0.267925,0.249806,0.542172,0.0830189,6.13251,0.280488,,0.0611949,20.4475,-14.529,59.7701,0.0611949,-0.5,-14.322856418788433,-3.7958552837371826,-0.844795,999,,,,,,,181.9,2.491780821,181.9,2.491780821,,,,,,,,,,,,,,,,,,,"Tanner O'Tremba","sa3020116",681201
"Rolando Espinosa",,87,311,281,53,36,10,1,6,30,29,25,0,130,2,3,0,4,10,3,0.188612,0.0803858,0.418006,0.192308,0.257235,0.295374,0.247081,0.552608,0.106762,5.58155,0.317568,,0.287758,20.5861,-15.7941,59.1379,0.287758,-0.9,-14.253002792596817,-4.328130602836609,-0.846066,999,,,,,,,198.5,2.281609195,198.5,2.281609195,,,,,,,,,,,,,,,,,,,"Rolando Espinosa","sa3005774",678849
"Luke Gold",,115,473,430,89,57,19,2,11,56,56,26,0,143,13,4,0,5,4,2,0.206977,0.0549683,0.302326,0.181818,0.270613,0.337209,0.268705,0.607822,0.130233,4.80255,0.278571,,-0.767685,39.5415,-15.7892,73.994,-0.767685,-0.5,-14.842446744441986,-9.189741134643555,-0.850137,999,,,,,,,357.3,3.106956521,357.3,3.106956521,,,,,,,,,,,,,,,,,,,"Luke Gold","sa3019986",688780
"Aneudis Mordán",,108,427,393,75,50,13,1,11,32,44,30,0,139,2,0,2,7,2,5,0.19084,0.0702576,0.325527,0.215827,0.251765,0.312977,0.250925,0.564742,0.122137,2.57772,0.263374,,-2.27221,29.5856,-20.364,62.921,-2.27221,-10,-20.388198375701904,-2.1553497314453125,-0.855094,999,,,,,,,259.6,2.403703703,259.6,2.403703703,,,,,,,,,,,,,,,,,,,"Aneudis Mordan","sa3015741",698937
"Nicolas Deschamps","TOR",54,198,174,28,19,5,1,3,19,19,17,0,83,5,1,1,0,0,2,0.16092,0.0858586,0.419192,0.204819,0.253807,0.252874,0.233907,0.506681,0.091954,4.09775,0.280899,,-1.1336,11.0067,-12.1549,49.6736,-1.1336,-6,-12.535231590270996,-2.362433910369873,-0.855496,999,,,,,,,91.6,1.696296296,91.6,1.696296296,,,,,,,,,,,,,,,,,,,"Nicolas Deschamps","sa3017732",683324
"Kade Kretzschmar",,88,348,311,67,53,10,3,1,33,30,26,0,84,7,2,2,7,3,2,0.215434,0.0747126,0.241379,0.309524,0.289017,0.276527,0.257379,0.565545,0.0610932,4.8133,0.289474,,-0.888761,25.9196,-14.7888,64.3682,-0.888761,-0.3,-15.716600060462952,-4.1359787583351135,-0.855649,999,,,,,,,218.8,2.486363636,218.8,2.486363636,,,,,,,,,,,,,,,,,,,"Kade Kretzschmar","sa3022438",811210
"Tre Richardson","STL",90,347,307,57,42,10,4,1,28,26,25,1,105,7,1,7,9,8,5,0.185668,0.0720461,0.302594,0.238095,0.261765,0.254072,0.234708,0.515836,0.0684039,6.13662,0.277228,,-1.00118,19.5134,-21.078,49.109,-1.00118,1,-22.118154644966125,2.2749853134155273,-0.85811,999,,,,,,,170.6,1.895555555,170.6,1.895555555,,,,,,,,,,,,,,,,,,,"Tre Richardson","sa3022428",693832
"Kyler Fedko","MIN",91,343,303,62,44,13,1,4,33,30,34,0,86,3,3,0,6,5,3,0.20462,0.0991254,0.250729,0.395349,0.28863,0.293729,0.263797,0.582359,0.0891089,4.03641,0.268519,,-0.854305,27.319,-12.8045,70.027,-0.854305,-3.4,-12.617643535137177,-7.180864334106445,-0.861393,999,,,,,,,237.3,2.607692307,237.3,2.607692307,,,,,,,,,,,,,,,,,,,"Kyler Fedko","sa3017561",693459
"Yeiner Fernandez","LAD",107,444,402,90,68,18,1,3,45,41,30,1,72,9,3,0,13,5,2,0.223881,0.0675676,0.162162,0.416667,0.290541,0.29602,0.263525,0.58656,0.0721393,4.03697,0.263636,,-0.64661,35.2661,-16.6722,68.7354,-0.64661,-7.5,-17.246182680130005,-5.868606686592102,-0.862995,999,,,,,,,309,2.887850467,309,2.887850467,,,,,,,,,,,,,,,,,,,"Yeiner Fernandez","sa3015182",691558
"Lonnie White Jr.","PIT",86,371,334,60,37,13,2,8,39,39,26,0,136,10,1,0,4,8,4,0.179641,0.0700809,0.366577,0.191176,0.25876,0.302395,0.252364,0.561155,0.122754,5.93543,0.272251,,-0.596172,26.1352,-17.2637,56.9382,-0.596172,-2.4,-19.70030415058136,-1.0368313789367676,-0.868045,999,,,,,,,238.3,2.770930232,238.3,2.770930232,,,,,,,,,,,,,,,,,,,"Lonnie White Jr.","sa3017628",696145
"Kemp Alderman","MIA",86,337,315,67,42,15,2,8,29,33,19,0,98,1,2,0,11,2,2,0.212698,0.0563798,0.290801,0.193878,0.25816,0.349206,0.264804,0.607367,0.136508,3.54521,0.279621,,-0.899343,27.1142,-12.3075,65.2757,-0.899343,-1,-14.892774105072021,-4.714726686477661,-0.8681,999,,,,,,,248.5,2.889534883,248.5,2.889534883,,,,,,,,,,,,,,,,,,,"Kemp Alderman","sa3022562",694580
"Will Frizzell",,68,269,239,49,36,9,0,4,24,23,25,0,95,4,1,0,5,1,0,0.205021,0.0929368,0.35316,0.263158,0.289963,0.292887,0.265201,0.58285,0.0878661,2.45126,0.319149,,-0.313007,21.729,-9.73807,68.5288,-0.313007,0,-10.436412900686264,-6.918724060058594,-0.868925,999,,,,,,,188,2.764705882,188,2.764705882,,,,,,,,,,,,,,,,,,,"Will Frizzell","sa3017555",676155
"Jake Vogel",,96,337,300,54,44,6,2,2,29,28,26,1,119,7,1,3,4,11,3,0.18,0.0771513,0.353116,0.218487,0.260479,0.233333,0.22784,0.493812,0.0533333,6.17269,0.288889,,0.385157,17.088,-22.3336,44.7167,0.385157,1,-21.893321931362152,2.238242268562317,-0.873014,999,,,,,,,161.5,1.682291666,161.5,1.682291666,,,,,,,,,,,,,,,,,,,"Jake Vogel","sa3014473",691949
"Carlos Arroyo",,64,219,200,36,26,7,0,3,18,21,12,0,77,6,1,0,7,4,3,0.18,0.0547945,0.351598,0.155844,0.246575,0.26,0.230343,0.506575,0.08,3.65733,0.272727,,-0.762286,11.546,-14.0722,43.5104,-0.762286,-1,-15.555885910987854,-0.19532626867294312,-0.874924,999,,,,,,,103.3,1.6140625,103.3,1.6140625,,,,,,,,,,,,,,,,,,,"Carlos Arroyo","sa3005576",678863
"Ralphy Velazquez","CLE",109,477,423,84,57,16,1,10,48,47,46,1,126,3,5,0,10,3,1,0.198582,0.0964361,0.264151,0.365079,0.278826,0.312057,0.263836,0.590883,0.113475,3.37292,0.253425,,-0.633711,38.0067,-17.7918,70.6219,-0.633711,1,-16.667922854423523,-7.763227462768555,-0.877541,999,,,,,,,343.4,3.150458715,343.4,3.150458715,,,,,,,,,,,,,,,,,,,"Ralphy Velazquez","sa3023013",806252
"Kellum Clark",,65,247,214,38,30,4,2,2,21,17,28,1,100,4,1,0,2,1,1,0.17757,0.11336,0.404858,0.28,0.283401,0.242991,0.24486,0.526391,0.0654206,4.18284,0.318584,,-0.686444,15.908,-12.9856,57.9875,-0.686444,0.9,-13.095456957817078,-3.637771725654602,-0.880221,999,,,,,,,135.7,2.087692307,135.7,2.087692307,,,,,,,,,,,,,,,,,,,"Kellum Clark","sa3022749",690969
"Paul Witt",,67,252,234,43,26,11,0,6,22,26,12,0,65,3,1,2,7,0,0,0.183761,0.047619,0.257937,0.184615,0.232,0.307692,0.237805,0.539692,0.123932,1.55867,0.22561,,-0.323589,14.7992,-14.6793,50.0893,-0.323589,-2.5,-15.363866806030273,-1.5740740895271301,-0.884198,999,,,,,,,140.1,2.091044776,140.1,2.091044776,,,,,,,,,,,,,,,,,,,"Paul Witt","sa3014949",700685
"Cristian Benavides",,40,110,102,17,14,2,0,1,12,8,6,0,45,1,1,0,3,2,1,0.166667,0.0545455,0.409091,0.133333,0.218182,0.215686,0.197795,0.433868,0.0490196,4.85986,0.280702,,-0.170747,2.91769,-9.9499,25.5479,-0.170747,-1.5,-9.54152250289917,-2.712522029876709,-0.886069,999,,,,,,,30.4,0.76,30.4,0.76,,,,,,,,,,,,,,,,,,,"Cristian Benavides","sa3018535",800369
"Marcos De La Rosa",,64,168,152,24,15,5,1,3,17,16,11,0,78,4,1,0,2,5,3,0.157895,0.0654762,0.464286,0.141026,0.232143,0.263158,0.224392,0.495301,0.105263,6.77217,0.291667,,-0.451792,8.05247,-11.5998,42.9805,-0.451792,-3.4,-11.41248619556427,-2.782716155052185,-0.886447,999,,,,,,,76.9,1.2015625,76.9,1.2015625,,,,,,,,,,,,,,,,,,,"Marcos De La Rosa","sa3011851",691988
"Ahbram Liendo","BOS",111,419,379,69,54,9,3,3,38,27,34,0,174,4,1,1,3,16,5,0.182058,0.0811456,0.415274,0.195402,0.255981,0.245383,0.229981,0.501363,0.0633245,6.55198,0.325123,,0.448865,21.9682,-27.0456,39.7686,0.448865,4.3,-28.42749097943306,5.839535713195801,-0.887281,999,,,,,,,209.2,1.884684684,209.2,1.884684684,,,,,,,,,,,,,,,,,,,"Ahbram Liendo","sa3016173",699157
"Tyler McDonough","BOS",115,453,416,90,63,18,4,5,47,39,31,1,145,3,2,1,8,11,5,0.216346,0.0684327,0.320088,0.213793,0.274336,0.314904,0.260687,0.58924,0.0985577,5.97743,0.317164,,-0.582705,34.9463,-18.0448,61.3679,-0.582705,-4.8,-20.60675621032715,-3.135538101196289,-0.889198,999,,,,,,,318.9,2.773043478,318.9,2.773043478,,,,,,,,,,,,,,,,,,,"Tyler McDonough","sa3016869",694812
"Aaron Sabato","MIN",95,395,349,62,36,16,0,10,36,41,39,1,149,5,2,0,9,3,1,0.17765,0.0987342,0.377215,0.261745,0.268354,0.309456,0.259129,0.57781,0.131805,2.87514,0.270833,,-0.428508,29.9765,-16.2299,66.7431,-0.428508,0.9,-15.459378212690353,-6.356760621070862,-0.890369,999,,,,,,,273.5,2.878947368,273.5,2.878947368,,,,,,,,,,,,,,,,,,,"Aaron Sabato","sa3014494",693306
"Rafael Morel","CHC",87,346,315,67,53,8,1,5,39,33,22,0,118,6,1,2,6,4,4,0.212698,0.0635838,0.34104,0.186441,0.276163,0.292064,0.256065,0.568226,0.0793651,4.20141,0.321244,,-1.45931,25.4045,-15.0699,64.5612,-1.45931,-0.2,-16.122111678123474,-4.013932898640633,-0.89179,999,,,,,,,216.5,2.488505747,216.5,2.488505747,,,,,,,,,,,,,,,,,,,"Rafael Morel","sa3009534",682662
"Ryan Spikes","TBR",108,420,387,75,54,12,2,7,40,39,22,0,152,5,3,3,9,9,4,0.193798,0.052381,0.361905,0.144737,0.244604,0.289406,0.237301,0.53401,0.0956072,5.49432,0.294372,,-0.459312,24.4951,-24.6357,54.7634,-0.459312,4.1,-22.198556274175644,-0.5296297073364258,-0.898313,999,,,,,,,231.9,2.147222222,231.9,2.147222222,,,,,,,,,,,,,,,,,,,"Ryan Spikes","sa3017792",691797
"TT Bowens","BAL",102,404,373,77,51,16,1,9,39,42,25,0,133,4,2,0,7,3,1,0.206434,0.0618812,0.329208,0.18797,0.262376,0.327078,0.260356,0.589454,0.120643,3.84111,0.291846,,-0.4364,31.0585,-16.2006,69.5547,-0.4364,-0.3,-14.510075330734253,-7.722104847431183,-0.902287,999,,,,,,,284.8,2.792156862,284.8,2.792156862,,,,,,,,,,,,,,,,,,,"TT Bowens","sa3015107",688449
"Dillon Tatum",,55,184,162,24,15,6,0,3,15,16,17,0,87,4,1,0,4,0,1,0.148148,0.0923913,0.472826,0.195402,0.244565,0.240741,0.225528,0.485306,0.0925926,1.98003,0.287671,,-0.689134,8.98763,-12.5363,43.1076,-0.689134,-5.6,-12.66694164276123,-2.219635486602783,-0.902651,999,,,,,,,78.2,1.421818181,78.2,1.421818181,,,,,,,,,,,,,,,,,,,"Dillon Tatum","sa3017903",702208
"Nick Decker",,65,248,225,39,22,11,1,5,27,23,19,0,112,3,1,0,2,4,1,0.173333,0.0766129,0.451613,0.169643,0.245968,0.297778,0.243099,0.543746,0.124444,5.78579,0.311927,,0.047727,15.621,-13.3895,48.996,0.047727,0.1,-14.425383180379868,-2.6336859688162804,-0.906221,999,,,,,,,148.8,2.289230769,148.8,2.289230769,,,,,,,,,,,,,,,,,,,"Nick Decker","sa3008590",678006
"Ethan Long","SDP",57,241,218,42,29,9,0,4,22,22,21,0,97,1,1,0,1,1,0,0.192661,0.0871369,0.40249,0.216495,0.26556,0.288991,0.25,0.554551,0.0963303,2.67929,0.322034,,-0.202514,16.5187,-11.673,61.6105,-0.202514,-1.1,-11.265959590673447,-5.52754271030426,-0.907044,999,,,,,,,148.8,2.610526315,148.8,2.610526315,,,,,,,,,,,,,,,,,,,"Ethan Long","sa3022961",690994
"Christian Molfetta",,44,147,133,23,16,4,1,2,10,11,10,0,57,2,1,1,2,0,1,0.172932,0.0680272,0.387755,0.175439,0.239726,0.263158,0.227027,0.502884,0.0902256,3.43832,0.28,,-0.625994,7.35771,-9.83806,44.677,-0.625994,0,-9.931251049041748,-3.7808642387390137,-0.909005,999,,,,,,,65.1,1.479545454,65.1,1.479545454,,,,,,,,,,,,,,,,,,,"Christian Molfetta","sa3016962",681538
"Yohendrick Pinango","TOR",119,491,454,98,69,20,2,7,43,46,34,1,111,2,1,0,12,7,3,0.215859,0.0692464,0.226069,0.306306,0.272912,0.314978,0.260481,0.58789,0.0991189,4.29354,0.27003,,-0.635831,37.7963,-19.6399,68.3664,-0.635831,-1.4,-18.407788515090942,-6.812257647514343,-0.910716,999,,,,,,,342.9,2.881512605,342.9,2.881512605,,,,,,,,,,,,,,,,,,,"Yohendrick Pinango","sa3009539",682818
"Jhon Diaz","TBR",112,443,409,80,54,12,3,11,44,45,26,0,137,3,3,2,7,12,5,0.195599,0.0586907,0.309255,0.189781,0.247166,0.320293,0.249567,0.567459,0.124694,5.89855,0.261364,,-0.280103,30.21,-21.6113,63.3915,-0.280103,0.1,-18.83638510107994,-4.7831567749381065,-0.91102,999,,,,,,,290.1,2.590178571,290.1,2.590178571,,,,,,,,,,,,,,,,,,,"Jhon Diaz","sa3014710",691252
"Jose Mujica","ATH",58,217,205,38,30,6,0,2,17,17,8,0,56,2,2,0,4,0,1,0.185366,0.0368664,0.258065,0.142857,0.221198,0.243902,0.207515,0.465101,0.0585366,2.08504,0.241611,,-0.720703,7.4534,-17.9308,33.7308,-0.720703,-2.9,-17.174905955791473,1.086625337600708,-0.91291,999,,,,,,,71.2,1.227586206,71.2,1.227586206,,,,,,,,,,,,,,,,,,,"Jose Mujica","sa3006525",678796
"Albert Fabian","SDP",85,348,320,65,39,14,1,11,36,42,21,1,102,5,2,0,8,2,2,0.203125,0.0603448,0.293103,0.205882,0.261494,0.35625,0.269361,0.617744,0.153125,3.45057,0.258373,,-0.915128,29.2755,-11.4329,74.6416,-0.915128,0,-11.467798352241516,-8.950616836547852,-0.914087,999,,,,,,,269.9,3.175294117,269.9,3.175294117,,,,,,,,,,,,,,,,,,,"Albert Fabian","sa3008888",683546
"Carlos Pérez",,104,409,384,90,63,17,1,9,37,43,18,0,50,4,3,0,14,1,1,0.234375,0.0440098,0.122249,0.36,0.273839,0.354167,0.274315,0.628005,0.119792,2.45221,0.246951,,-0.875862,36.0381,-11.806,76.2383,-0.875862,0,-11.995897471904755,-10.519547462463379,-0.914292,999,,,,,,,324.7,3.122115384,324.7,3.122115384,,,,,,,,,,,,,,,,,,,"Carlos Perez","20805",656024
"Luis Encarnacion","HOU",97,383,365,81,58,12,0,11,35,41,14,0,95,2,2,0,12,2,2,0.221918,0.0365535,0.248042,0.147368,0.253264,0.345205,0.260644,0.598469,0.123288,2.31406,0.268199,,-0.994052,29.5327,-15.2699,68.6779,-0.994052,0.1,-14.720406651496887,-6.936302088201046,-0.915304,999,,,,,,,273,2.814432989,273,2.814432989,,,,,,,,,,,,,,,,,,,"Luis Encarnacion","sa3015548",691476
"Anthony Sherwin","HOU",88,326,287,49,37,7,0,5,24,28,34,1,146,4,1,0,4,0,4,0.170732,0.104294,0.447853,0.232877,0.266871,0.247387,0.237768,0.514258,0.0766551,1.74514,0.321168,,-2.20406,19.1353,-18.9996,52.5866,-2.20406,-1.1,-19.889840602874756,0.0978248119354248,-0.919373,999,,,,,,,157.5,1.789772727,157.5,1.789772727,,,,,,,,,,,,,,,,,,,"Anthony Sherwin","sa3022575",815448
"Estiven Machado",,70,240,218,39,30,7,1,1,17,17,17,0,63,4,1,0,7,1,3,0.178899,0.0708333,0.2625,0.269841,0.25,0.233945,0.222783,0.483945,0.0550459,3.23507,0.245161,,-1.41753,11.1928,-16.882,41.8489,-1.41753,-2.2,-17.386425852775574,0.44550251960754395,-0.921619,999,,,,,,,92.3,1.318571428,92.3,1.318571428,,,,,,,,,,,,,,,,,,,"Estiven Machado","sa3014715",692497
"Anthony Seigler","MIL",107,409,351,68,42,18,0,8,47,37,51,1,96,3,3,1,8,13,3,0.193732,0.124694,0.234719,0.53125,0.29902,0.31339,0.276722,0.61241,0.119658,4.67383,0.24,,0.635201,36.8304,-11.0136,75.5474,0.635201,-12.7,-11.324218571186066,-11.19720733165741,-0.921869,999,,,,,,,335.5,3.135514018,335.5,3.135514018,,,,,,,,,,,,,,,,,,,"Anthony Seigler","23802",678011
"Alex McGarry",,101,396,370,82,53,16,3,10,37,43,22,0,134,2,2,0,7,7,2,0.221622,0.0555556,0.338384,0.164179,0.267677,0.362162,0.274416,0.629839,0.140541,5.45401,0.315789,,-0.0177293,34.9249,-11.3984,67.8931,-0.0177293,0.4,-15.221619166433811,-6.875132173299789,-0.922638,999,,,,,,,326.4,3.231683168,326.4,3.231683168,,,,,,,,,,,,,,,,,,,"Alex McGarry","sa3015015",685127
"Brett Roberts",,68,276,259,55,41,8,2,4,31,25,12,0,82,2,1,2,9,5,1,0.212355,0.0434783,0.297101,0.146341,0.251825,0.305019,0.245525,0.556844,0.0926641,6.2151,0.293103,,0.16091,17.9237,-14.3623,52.2999,0.16091,0.5,-15.582175493240356,-2.542328119277954,-0.924352,999,,,,,,,169.9,2.498529411,169.9,2.498529411,,,,,,,,,,,,,,,,,,,"Brett Roberts","sa3019926",689355
"Adam Retzbach","BAL",79,290,255,40,25,7,3,5,24,24,26,0,128,4,2,3,3,1,1,0.156863,0.0896552,0.441379,0.203125,0.243902,0.266667,0.232195,0.510569,0.109804,4.80451,0.282258,,-0.63909,15.7213,-18.2023,49.7453,-0.63909,-6.7,-17.31463247537613,-1.3722515106201172,-0.929437,999,,,,,,,142.5,1.803797468,142.5,1.803797468,,,,,,,,,,,,,,,,,,,"Adam Retzbach","sa3019946",806273
"Harrison Spohn",,106,382,351,65,44,13,2,6,27,31,27,0,139,1,2,1,5,3,3,0.185185,0.0706806,0.363874,0.194245,0.244094,0.2849,0.235977,0.528995,0.0997151,3.53716,0.283654,,-1.18327,21.8717,-22.8139,45.8733,-1.18327,0,-25.908262610435486,4.210758209228516,-0.929467,999,,,,,,,199.8,1.88490566,199.8,1.88490566,,,,,,,,,,,,,,,,,,,"Harrison Spohn","sa3020093",695461
"Karson Simas","BOS",70,253,232,45,36,7,1,1,27,20,14,0,87,5,1,1,4,6,2,0.193966,0.055336,0.343874,0.16092,0.253968,0.24569,0.227821,0.499658,0.0517241,5.92214,0.303448,,-0.044096,12.825,-16.7704,38.2494,-0.044096,-0.5,-17.91996768862009,0.42960023880004883,-0.933514,999,,,,,,,118.2,1.688571428,118.2,1.688571428,,,,,,,,,,,,,,,,,,,"Karson Simas","sa3011739",689302
"Christian Pregent",,52,182,162,26,21,3,0,2,15,12,16,0,76,2,2,0,2,0,0,0.160494,0.0879121,0.417582,0.210526,0.241758,0.216049,0.213434,0.457808,0.0555556,1.54911,0.27907,,-0.307804,7.11833,-14.1717,36.8358,-0.307804,-4.4,-14.054664015769958,-1.0563786029815674,-0.93583,999,,,,,,,65.1,1.251923076,65.1,1.251923076,,,,,,,,,,,,,,,,,,,"Christian Pregent","sa3022807",687315
"Jadiel Sanchez",,91,371,342,72,49,11,3,9,33,38,20,1,82,4,4,1,5,2,2,0.210526,0.0539084,0.221024,0.243902,0.259459,0.339181,0.260686,0.598641,0.128655,3.85652,0.247059,,-0.978267,28.6201,-14.7787,65.3907,-0.978267,-1.7,-15.669966220855713,-5.789506196975708,-0.936334,999,,,,,,,265,2.912087912,265,2.912087912,,,,,,,,,,,,,,,,,,,"Jadiel Sanchez","sa3011629",689909
"Oliver Carrillo",,99,399,363,68,40,14,2,12,40,47,31,0,169,4,1,0,6,0,1,0.187328,0.0776942,0.423559,0.183432,0.258145,0.336088,0.262781,0.594234,0.14876,3.31034,0.306011,,-0.996938,31.4529,-15.2214,70.1814,-0.996938,-3.4,-14.610304236412048,-7.798148155212402,-0.937742,999,,,,,,,284.8,2.876767676,284.8,2.876767676,,,,,,,,,,,,,,,,,,,"Oliver Carrillo","sa3019662",701324
"Sammy Infante",,80,325,297,56,38,12,1,5,32,31,21,0,111,6,1,0,3,7,3,0.188552,0.0646154,0.341538,0.189189,0.255385,0.286195,0.243659,0.54158,0.0976431,5.06597,0.28022,,-0.328027,20.6176,-17.4003,54.0296,-0.328027,-2.9,-18.1938294172287,-1.7058496475219727,-0.939472,999,,,,,,,190,2.375,190,2.375,,,,,,,,,,,,,,,,,,,"Sammy Infante","sa3014717",692221
"Stanley Consuegra",,116,483,445,85,52,19,2,12,48,53,29,1,170,7,2,0,9,5,4,0.191011,0.0600414,0.351967,0.170588,0.250518,0.323595,0.252688,0.574113,0.132584,4.30467,0.275472,,-1.30667,34.1509,-22.3495,63.2565,-1.30667,-4.4,-22.528782844543457,-2.6253087520599365,-0.939723,999,,,,,,,316.6,2.729310344,316.6,2.729310344,,,,,,,,,,,,,,,,,,,"Stanley Consuegra","sa3005628",681679
"Cameron Masterman",,73,294,268,53,35,11,1,6,30,28,21,0,134,3,2,0,4,2,1,0.197761,0.0714286,0.455782,0.156716,0.261905,0.313433,0.25571,0.575338,0.115672,4.1058,0.361538,,-0.470659,21.5025,-12.889,67.6324,-0.470659,0,-11.359051764011383,-7.561728477478027,-0.939794,999,,,,,,,195.8,2.68219178,195.8,2.68219178,,,,,,,,,,,,,,,,,,,"Cameron Masterman","sa3019994",690904
"Justice Thompson",,89,334,306,61,43,11,1,6,32,32,25,0,127,3,0,0,4,4,2,0.199346,0.0748503,0.38024,0.19685,0.266467,0.300654,0.254458,0.567121,0.101307,4.08172,0.317919,,-0.570375,24.0915,-14.9792,54.4596,-0.570375,2.2,-18.759215652942657,-1.4816577434539795,-0.943812,999,,,,,,,215.6,2.42247191,215.6,2.42247191,,,,,,,,,,,,,,,,,,,"Justice Thompson","sa3017395",681142
"Joe Redfield","LAA",118,530,479,103,80,14,4,5,64,42,30,1,125,4,2,15,5,17,5,0.215031,0.0566038,0.235849,0.24,0.266019,0.292276,0.248195,0.558295,0.0772443,6.83915,0.279202,,0.483124,35.5576,-26.4408,56.6043,0.483124,-3,-25.833363980054855,-1.0526161193847656,-0.94822,999,,,,,,,328.5,2.783898305,328.5,2.783898305,,,,,,,,,,,,,,,,,,,"Joe Redfield","sa3022439",812470
"Miguel Bleis","BOS",94,417,384,75,53,12,2,8,43,40,24,0,111,6,3,0,4,18,8,0.195312,0.057554,0.266187,0.216216,0.251799,0.299479,0.245134,0.551278,0.104167,6.10784,0.25,,-0.295122,26.9491,-21.8308,50.4276,-0.295122,-0.7,-23.947864651679993,0.8321869969367981,-0.948683,999,,,,,,,259.2,2.757446808,259.2,2.757446808,,,,,,,,,,,,,,,,,,,"Miguel Bleis","sa3016834",694194
"Dylan Rock",,63,241,219,39,27,9,0,3,22,22,16,0,87,6,0,0,3,2,1,0.178082,0.06639,0.360996,0.183908,0.253112,0.260274,0.234823,0.513386,0.0821918,3.35938,0.27907,,-0.391735,13.5747,-14.617,50.3178,-0.391735,-0.5,-14.091826468706131,-3.1565256118774414,-0.949919,999,,,,,,,120.7,1.915873015,120.7,1.915873015,,,,,,,,,,,,,,,,,,,"Dylan Rock","sa3020085",676423
"Colin Davis","SEA",69,270,248,42,28,9,0,5,23,25,15,0,85,4,2,1,7,4,1,0.169355,0.0555556,0.314815,0.176471,0.226766,0.266129,0.22098,0.492895,0.0967742,4.03852,0.23125,,0.0240498,12.2001,-19.384,45.6122,0.0240498,1.5,-16.778337486088276,-1.4761905670166016,-0.953785,999,,,,,,,122.1,1.769565217,122.1,1.769565217,,,,,,,,,,,,,,,,,,,"Colin Davis","sa3016806",695342
"Jean Walters","ARI",86,320,295,65,52,9,3,1,28,23,13,0,73,1,2,9,4,3,3,0.220339,0.040625,0.228125,0.178082,0.254019,0.281356,0.236776,0.535375,0.061017,4.76465,0.286996,,-1.13592,18.5275,-18.9055,47.398,-1.13592,0.2,-21.264516353607178,1.3757789880037308,-0.955507,999,,,,,,,160.9,1.870930232,160.9,1.870930232,,,,,,,,,,,,,,,,,,,"Jean Walters","sa3015236",695078
"Nick Vogt",,101,418,386,76,53,15,2,6,46,37,23,0,160,5,1,3,9,14,2,0.196891,0.0550239,0.382775,0.14375,0.250602,0.292746,0.24211,0.543349,0.0958549,6.80544,0.316742,,1.3507,25.9964,-22.9005,56.3003,1.3507,-4.2,-20.492507338523865,-2.6641385555267334,-0.956576,999,,,,,,,255.9,2.533663366,255.9,2.533663366,,,,,,,,,,,,,,,,,,,"Nick Vogt","sa3019984",687793
"Josiah Sightler",,79,318,291,62,45,8,1,8,29,32,21,1,140,4,2,0,2,1,0,0.213058,0.0660377,0.440252,0.15,0.273585,0.329897,0.266128,0.603482,0.116838,3.31408,0.372414,,-0.344577,25.9245,-11.2745,66.2025,-0.344577,-0.8,-13.196639358997345,-6.642151653766632,-0.957214,999,,,,,,,237.2,3.002531645,237.2,3.002531645,,,,,,,,,,,,,,,,,,,"Josiah Sightler","sa3021047",680906
"Jordan Nwogu","CHC",98,382,350,68,47,11,2,8,36,40,23,0,129,6,2,1,4,11,5,0.194286,0.0602094,0.337696,0.178295,0.254593,0.305714,0.24931,0.560307,0.111429,5.59635,0.27907,,-0.424856,25.9711,-18.7145,60.015,-0.424856,0.9,-18.689966142177582,-3.3107582330703735,-0.960782,999,,,,,,,243.2,2.481632653,243.2,2.481632653,,,,,,,,,,,,,,,,,,,"Jordan Nwogu","sa3014530",685087
"Jose Cordova","COL",85,301,275,63,46,13,2,2,26,27,18,0,75,3,1,4,9,5,6,0.229091,0.0598007,0.249169,0.24,0.282828,0.312727,0.265018,0.595556,0.0836364,4.24567,0.306533,,-1.95883,24.2696,-10.9408,54.9371,-1.95883,4.4,-18.17870032787323,-1.1298351287841797,-0.960811,999,,,,,,,201.4,2.369411764,201.4,2.369411764,,,,,,,,,,,,,,,,,,,"Jose Cordova","sa3006548",682276
"Johnathon Thomas","WSN",93,322,285,52,41,8,2,1,31,26,14,0,116,13,1,9,3,18,6,0.182456,0.0434783,0.360248,0.12069,0.252396,0.235088,0.225001,0.487484,0.0526316,7.65131,0.301775,,0.633277,15.5919,-22.0751,41.4718,0.633277,0.7,-21.903025686740875,1.883127510547638,-0.962187,999,,,,,,,148.6,1.597849462,148.6,1.597849462,,,,,,,,,,,,,,,,,,,"Johnathon Thomas","sa3020349",684976
"AJ Lewis","COL",53,201,173,33,21,9,0,3,18,21,18,0,59,8,1,1,4,1,2,0.190751,0.0895522,0.293532,0.305085,0.295,0.294798,0.270603,0.589798,0.104046,2.31866,0.267857,,-0.980957,17.1101,-6.40244,58.6961,-0.980957,0,-10.908651947975159,-5.169753074645996,-0.97051,999,,,,,,,140.4,2.649056603,140.4,2.649056603,,,,,,,,,,,,,,,,,,,"AJ Lewis","sa3015014",674630
"Sam Mongelli","LAD",91,364,330,65,48,11,1,5,44,31,23,0,126,2,3,6,9,13,2,0.19697,0.0631868,0.346154,0.18254,0.251397,0.281818,0.238127,0.533215,0.0848485,6.55333,0.29703,,1.21384,21.4709,-21.1091,51.6406,1.21384,-3,-19.83575451374054,-1.6625514030456543,-0.970688,999,,,,,,,212.7,2.337362637,212.7,2.337362637,,,,,,,,,,,,,,,,,,,"Sam Mongelli","sa3022511",815044
"Josh Moylan","NYY",107,426,380,76,54,14,1,7,44,42,38,1,129,5,3,0,8,1,2,0.2,0.0892019,0.302817,0.294574,0.279343,0.297368,0.259319,0.576711,0.0973684,2.93114,0.279352,,-1.36769,32.3943,-17.4384,66.1947,-1.36769,2,-17.84551429748535,-5.8262786865234375,-0.975067,999,,,,,,,283,2.644859813,283,2.644859813,,,,,,,,,,,,,,,,,,,"Josh Moylan","sa3022865",694742
"Mason Martin",,101,403,362,70,36,17,2,15,39,52,32,1,169,6,3,0,4,3,2,0.19337,0.0794045,0.419355,0.189349,0.26799,0.375691,0.280287,0.643681,0.18232,4.15218,0.303867,,-0.78616,37.4464,-9.69576,75.7321,-0.78616,0,-12.481097340583801,-10.365226745605469,-0.976021,999,,,,,,,345.8,3.423762376,345.8,3.423762376,,,,,,,,,,,,,,,,,,,"Mason Martin","sa3004885",676733
"Geraldo Quintero","ATL",112,438,393,89,67,13,5,4,53,42,34,0,100,8,2,1,9,17,10,0.226463,0.0776256,0.22831,0.34,0.299771,0.315522,0.276253,0.615293,0.0890585,6.78325,0.292096,,-1.51034,39.2763,-11.9601,74.4106,-1.51034,-4.3,-14.91314435005188,-9.128042697906494,-0.979269,999,,,,,,,339.5,3.03125,339.5,3.03125,,,,,,,,,,,,,,,,,,,"Geraldo Quintero","sa3008942",684852
"Cam Fisher",,72,286,251,39,23,7,0,9,28,34,29,0,163,6,0,0,1,5,0,0.155378,0.101399,0.56993,0.177914,0.258741,0.290837,0.251094,0.549578,0.135458,4.35162,0.379747,,0.54224,19.855,-13.6008,61.9606,0.54224,-4,-11.905934929847717,-7.152557373046875,-0.981616,999,,,,,,,186.8,2.594444444,186.8,2.594444444,,,,,,,,,,,,,,,,,,,"Cam Fisher","sa3022687",801176
"Jose Salas","MIN",104,395,361,71,51,15,2,3,37,34,19,0,136,5,1,9,7,10,5,0.196676,0.0481013,0.344304,0.139706,0.246114,0.274238,0.232661,0.520352,0.0775623,5.77433,0.304933,,-0.616964,21.5617,-24.6446,48.1249,-0.616964,-0.1,-24.062579452991486,1.3513521179556847,-0.982812,999,,,,,,,196.7,1.891346153,196.7,1.891346153,,,,,,,,,,,,,,,,,,,"Jose Salas","sa3014690",691191
"Noah Campbell",,85,325,284,58,41,11,3,3,33,28,35,0,118,4,1,1,3,3,2,0.204225,0.107692,0.363077,0.29661,0.299383,0.295775,0.271197,0.595157,0.0915493,5.00472,0.335366,,-0.841407,27.8211,-10.1968,71.8289,-0.841407,-5,-11.789761304855347,-8.582451581954956,-0.988274,999,,,,,,,235.1,2.765882352,235.1,2.765882352,,,,,,,,,,,,,,,,,,,"Noah Campbell","sa3014878",668929
"Zach Zubia",,88,331,288,56,38,9,0,9,31,34,38,1,116,3,2,0,6,1,0,0.194444,0.114804,0.350453,0.327586,0.293051,0.319444,0.275454,0.612496,0.125,2.13286,0.284848,,-0.415609,29.4688,-9.25097,72.4442,-0.415609,-3.2,-11.32253223657608,-9.28098177909851,-0.991564,999,,,,,,,261.2,2.968181818,261.2,2.968181818,,,,,,,,,,,,,,,,,,,"Zach Zubia","sa3016861",687036
"Johnfrank Salazar","STL",86,338,311,69,52,14,0,3,30,30,18,1,59,4,2,3,12,0,1,0.221865,0.0532544,0.174556,0.305085,0.271642,0.29582,0.251964,0.567462,0.073955,1.8108,0.262948,,-0.981153,23.7016,-15.8369,60.7235,-0.981153,2.2,-16.856033086776733,-4.009582757949829,-0.994603,999,,,,,,,207.4,2.411627906,207.4,2.411627906,,,,,,,,,,,,,,,,,,,"Johnfrank Salazar","sa3015643",692564
"Dilan Rosario",,65,228,208,40,31,6,1,2,19,17,16,0,84,2,1,1,4,3,2,0.192308,0.0701754,0.368421,0.190476,0.255507,0.259615,0.233548,0.515122,0.0673077,4.45981,0.308943,,-0.596741,12.6085,-14.0625,48.8271,-0.596741,-5.2,-14.548718273639679,-2.686772346496582,-0.99732,999,,,,,,,112,1.723076923,112,1.723076923,,,,,,,,,,,,,,,,,,,"Dilan Rosario","sa3010165",687125
"Cam Williams",,59,224,201,30,13,7,1,9,22,30,19,0,115,3,1,0,2,2,1,0.149254,0.0848214,0.513393,0.165217,0.232143,0.328358,0.247919,0.560501,0.179104,4.77887,0.269231,,-0.281241,14.9783,-11.2248,56.4099,-0.281241,0,-11.45350432395935,-5.761316776275635,-1.00511,999,,,,,,,144.6,2.450847457,144.6,2.450847457,,,,,,,,,,,,,,,,,,,"Cam Williams","sa3017107",668769
"Misael Urbina","MIN",101,397,355,66,42,18,2,4,38,32,36,0,127,3,2,1,11,6,3,0.185915,0.0906801,0.319899,0.283465,0.265152,0.28169,0.247372,0.546842,0.0957747,4.93536,0.274336,,-0.654305,26.3717,-20.0686,58.4733,-0.654305,0.9,-19.51784986257553,-3.4761024713516235,-1.00511,999,,,,,,,235.8,2.334653465,235.8,2.334653465,,,,,,,,,,,,,,,,,,,"Misael Urbina","sa3008743",682618
"Kekai Rios",,52,183,169,31,22,7,0,2,13,15,11,0,60,2,1,0,4,1,0,0.183432,0.0601093,0.327869,0.183333,0.240437,0.260355,0.225677,0.500792,0.0769231,2.76968,0.268519,,-0.0762348,8.96065,-12.4463,43.8842,-0.0762348,-7.4,-11.826351128518581,-4.0380072593688965,-1.00708,999,,,,,,,84.6,1.626923076,84.6,1.626923076,,,,,,,,,,,,,,,,,,,"Kekai Rios","sa3007282",663519
"Gavin Conticello","ARI",134,559,520,116,77,25,5,9,52,58,33,1,150,4,2,0,6,9,3,0.223077,0.059034,0.268336,0.22,0.273703,0.342308,0.26986,0.616011,0.119231,5.40836,0.294766,,-0.306863,47.2505,-18.1402,69.6661,-0.306863,-1.6,-20.583762258291245,-7.761816620826721,-1.00843,999,,,,,,,434.9,3.245522388,434.9,3.245522388,,,,,,,,,,,,,,,,,,,"Gavin Conticello","sa3017770",695521
"J.C. Correa",,86,356,333,79,58,16,1,4,36,32,18,0,52,1,4,0,8,3,2,0.237237,0.0505618,0.146067,0.346154,0.275281,0.327327,0.264391,0.602608,0.0900901,3.55266,0.266904,,-0.817729,28.5246,-13.1196,71.314,-0.817729,0,-12.50264585018158,-9.156378746032715,-1.00869,999,,,,,,,256.2,2.979069767,256.2,2.979069767,,,,,,,,,,,,,,,,,,,"J.C. Correa","sa3014823",682182
"Brian Kalmer","CHC",79,323,295,54,33,11,1,9,33,35,23,0,146,3,2,0,8,0,0,0.183051,0.0712074,0.452012,0.157534,0.247678,0.318644,0.250596,0.566322,0.135593,2.72374,0.316901,,-0.465653,22.294,-15.4899,60.8801,-0.465653,1,-15.575560063123703,-4.934009552001953,-1.00933,999,,,,,,,207.6,2.627848101,207.6,2.627848101,,,,,,,,,,,,,,,,,,,"Brian Kalmer","sa3022591",687260
"Angel Tejada",,88,313,298,66,47,14,1,4,30,31,7,1,77,5,2,1,10,13,5,0.221477,0.0223642,0.246006,0.0909091,0.25,0.315436,0.246067,0.565436,0.0939597,5.90552,0.283105,,0.117207,20.4629,-16.1513,59.5033,0.117207,-7,-14.386187583208084,-5.849941253662109,-1.01009,999,,,,,,,202.2,2.297727272,202.2,2.297727272,,,,,,,,,,,,,,,,,,,"Angel Tejada","sa3015744",698941
"Yosy Galan",,94,365,335,60,33,12,4,11,39,42,22,1,159,6,1,1,3,12,4,0.179104,0.060274,0.435616,0.138365,0.241758,0.337313,0.253025,0.579072,0.158209,7.67825,0.295181,,0.306429,25.9066,-16.7904,61.791,0.306429,-2.3,-15.651048511266708,-6.323368787765503,-1.01022,999,,,,,,,257.6,2.740425531,257.6,2.740425531,,,,,,,,,,,,,,,,,,,"Yosy Galan","sa3015202",696045
"Nik McClaughry",,81,290,254,42,30,9,2,1,23,20,18,0,105,7,2,9,4,2,1,0.165354,0.062069,0.362069,0.171429,0.238434,0.228346,0.215005,0.466781,0.0629921,5.05072,0.273333,,-0.43909,11.7092,-22.2145,38.0566,-0.43909,-0.7,-21.920077174901962,2.4966490864753723,-1.01044,999,,,,,,,104.1,1.285185185,104.1,1.285185185,,,,,,,,,,,,,,,,,,,"Nik McClaughry","sa3022484",800597
"John McHenry",,59,209,181,30,22,5,0,3,19,17,17,0,74,4,2,5,1,4,2,0.165746,0.0813397,0.354067,0.22973,0.25,0.243094,0.227523,0.493094,0.0773481,4.03789,0.254717,,-0.349387,10.5444,-13.9041,43.1689,-0.349387,0.1,-14.552828580141068,-2.2037919983267784,-1.01309,999,,,,,,,94.7,1.605084745,94.7,1.605084745,,,,,,,,,,,,,,,,,,,"John McHenry","sa3019938",806538
"Wyatt Hoffman","SDP",91,320,281,46,32,10,1,3,27,26,23,0,141,9,2,5,2,9,4,0.163701,0.071875,0.440625,0.163121,0.247619,0.238434,0.224856,0.486053,0.0747331,5.55139,0.309353,,-0.325141,15.4576,-21.9754,44.687,-0.325141,-2.5,-21.491139113903046,1.027336835861206,-1.0149,999,,,,,,,141.4,1.553846153,141.4,1.553846153,,,,,,,,,,,,,,,,,,,"Wyatt Hoffman","sa3018219",703715
"Jose Serrano",,42,147,137,23,17,2,1,3,12,12,9,0,76,1,0,0,3,1,1,0.167883,0.0612245,0.517007,0.118421,0.22449,0.262774,0.218769,0.487264,0.0948905,4.64032,0.344828,,-0.418102,6.38068,-10.8151,30.4388,-0.418102,0.6,-12.645832568407059,-2.100617289543152,-1.01833,999,,,,,,,60.6,1.442857142,60.6,1.442857142,,,,,,,,,,,,,,,,,,,"Jose Serrano","sa3016165",699112
"Leandro Arias","BAL",95,372,332,67,48,14,1,4,28,33,27,1,79,6,4,3,6,4,5,0.201807,0.0725806,0.212366,0.341772,0.271003,0.286145,0.249759,0.557147,0.0843373,3.22525,0.249012,,-1.85643,25.4256,-18.0903,62.1004,-1.85643,-8.4,-17.98822546005249,-4.2994704246521,-1.01842,999,,,,,,,219.7,2.312631578,219.7,2.312631578,,,,,,,,,,,,,,,,,,,"Leandro Arias","sa3018433",703202
"Cody Morissette","MIA",108,435,403,77,51,16,1,9,42,42,24,1,124,4,3,1,5,6,2,0.191067,0.0551724,0.285057,0.193548,0.241935,0.30273,0.239736,0.544665,0.111663,4.40947,0.249084,,-0.225622,26.2222,-24.6632,48.4031,-0.225622,1.1,-27.065095469355583,2.6983245611190796,-1.02319,999,,,,,,,254.7,2.358333333,254.7,2.358333333,,,,,,,,,,,,,,,,,,,"Cody Morissette","sa3017158",681357
"Stephen Paolini",,109,412,372,70,50,14,2,4,43,33,33,1,167,4,2,1,5,9,2,0.188172,0.0800971,0.40534,0.197605,0.260341,0.268817,0.238924,0.529158,0.0806452,5.88581,0.325123,,0.311239,24.5667,-23.6282,49.2861,0.311239,5.6,-24.674097418785095,1.058553695678711,-1.02457,999,,,,,,,232.1,2.129357798,232.1,2.129357798,,,,,,,,,,,,,,,,,,,"Stephen Paolini","sa3010720",688500
"Wilber Sanchez","CHW",91,337,308,51,39,8,1,3,32,22,24,0,107,2,1,2,7,11,4,0.165584,0.0712166,0.317507,0.224299,0.229851,0.227273,0.209375,0.457123,0.0616883,5.73525,0.241206,,0.0669669,12.0797,-27.3419,30.5579,0.0669669,1.8,-26.709796972572803,5.514726638793945,-1.02633,999,,,,,,,122.4,1.345054945,122.4,1.345054945,,,,,,,,,,,,,,,,,,,"Wilber Sanchez","sa3008941",684712
"Ryan Johnson","HOU",102,399,365,60,42,9,0,9,36,38,26,0,204,7,1,0,6,4,1,0.164384,0.0651629,0.511278,0.127451,0.233083,0.263014,0.22488,0.496096,0.0986301,3.63961,0.333333,,-0.196938,19.2814,-27.3929,43.521,-0.196938,-1.7,-25.981834918260574,2.698148012161255,-1.02813,999,,,,,,,185.5,1.81862745,185.5,1.81862745,,,,,,,,,,,,,,,,,,,"Ryan Johnson","sa3022569",802459
"Brandon Lewis",,91,361,333,62,39,12,1,10,35,38,21,0,139,4,2,1,9,0,0,0.186186,0.0581717,0.385042,0.151079,0.241667,0.318318,0.246885,0.559985,0.132132,2.40827,0.27957,,-0.505115,23.8387,-18.3904,57.5355,-0.505115,3.5,-18.83647108078003,-3.1321282386779785,-1.02956,999,,,,,,,223.7,2.458241758,223.7,2.458241758,,,,,,,,,,,,,,,,,,,"Brandon Lewis","sa3010035",686781
"Sonny DiChiara",,92,390,346,68,45,14,0,9,34,41,34,1,158,7,2,1,8,1,0,0.196532,0.0871795,0.405128,0.21519,0.280206,0.315029,0.266671,0.595235,0.118497,2.11458,0.325967,,-0.470856,31.9645,-13.657,69.6006,-0.470856,-1.8,-14.036327540874481,-8.964903116226196,-1.03001,999,,,,,,,284.9,3.09673913,284.9,3.09673913,,,,,,,,,,,,,,,,,,,"Sonny DiChiara","sa3019866",800685
"Jose Hernandez",,47,168,148,18,12,3,1,2,11,13,15,0,82,5,0,0,3,3,1,0.121622,0.0892857,0.488095,0.182927,0.22619,0.195946,0.202208,0.422136,0.0743243,5.53564,0.25,,-0.0575639,5.05282,-14.5995,29.28,-0.0575639,-4.4,-14.264914646744728,-1.3135802745819092,-1.03217,999,,,,,,,48.9,1.040425531,48.9,1.040425531,,,,,,,,,,,,,,,,,,,"Jose Hernandez","sa3008943",684872
"Werner Blakely",,95,382,342,67,45,15,3,4,37,31,34,0,145,3,1,2,2,9,1,0.195906,0.0890052,0.379581,0.234483,0.273684,0.292398,0.255402,0.566082,0.0964912,6.29529,0.324742,,0.747815,27.8441,-16.8415,61.6739,0.747815,-8.2,-16.00406563282013,-6.7964136600494385,-1.03688,999,,,,,,,256.7,2.702105263,256.7,2.702105263,,,,,,,,,,,,,,,,,,,"Werner Blakely","sa3014502",690956
"Fabian Pertuz",,93,363,342,65,47,12,1,5,31,31,16,1,130,4,1,0,7,5,2,0.190058,0.0440771,0.358127,0.123077,0.23416,0.274854,0.225275,0.509014,0.0847953,4.48657,0.288462,,-0.330913,17.657,-24.806,43.8374,-0.330913,-1.4,-24.709847539663315,2.6013227701187134,-1.03714,999,,,,,,,173.4,1.864516129,173.4,1.864516129,,,,,,,,,,,,,,,,,,,"Fabian Pertuz","sa3005500",678285
"Lizandro Rodriguez",,94,375,338,69,51,12,3,3,36,32,25,0,93,4,1,7,7,10,5,0.204142,0.0666667,0.248,0.268817,0.266304,0.284024,0.247414,0.550328,0.0798817,5.79265,0.271605,,-0.656426,24.9227,-18.944,53.3578,-0.656426,-3.3,-20.669605612754822,-1.9221340417861938,-1.03947,999,,,,,,,220.5,2.34574468,220.5,2.34574468,,,,,,,,,,,,,,,,,,,"Lizandro Rodriguez","sa3016094",691497
"Gabriel Martinez","TOR",110,434,406,86,63,16,1,6,34,38,22,0,84,3,3,0,16,1,1,0.211823,0.0506912,0.193548,0.261905,0.25576,0.300493,0.246147,0.556253,0.0886699,2.3825,0.250784,,-0.89954,28.4016,-22.3669,58.2837,-0.89954,1.8,-21.615291237831116,-2.9839508533477783,-1.04325,999,,,,,,,258.2,2.347272727,258.2,2.347272727,,,,,,,,,,,,,,,,,,,"Gabriel Martinez","sa3008865",683447
"Lucas Dunn",,105,412,368,67,48,12,3,4,40,34,32,0,146,7,2,3,10,6,3,0.182065,0.0776699,0.354369,0.219178,0.259169,0.263587,0.238233,0.522756,0.0815217,5.61019,0.286364,,-0.70166,24.3374,-23.8576,53.6903,-0.70166,-1.8,-23.517188847064972,-0.28618454933166504,-1.04397,999,,,,,,,216.7,2.063809523,216.7,2.063809523,,,,,,,,,,,,,,,,,,,"Lucas Dunn","sa3016820",690903
"Logan Wyatt",,90,351,317,64,47,11,0,6,34,30,30,1,92,2,2,0,7,2,0,0.201893,0.0854701,0.262108,0.326087,0.273504,0.293375,0.254178,0.56688,0.0914826,3.01962,0.262443,,-0.215609,25.2386,-15.8208,62.7125,-0.215609,0.5,-15.866228446364403,-5.948412895202637,-1.04799,999,,,,,,,229.5,2.55,229.5,2.55,,,,,,,,,,,,,,,,,,,"Logan Wyatt","sa3011259",668824
"Sterlin Thompson","COL",116,487,446,109,76,20,3,10,53,56,29,0,119,9,3,0,9,8,3,0.244395,0.0595483,0.244353,0.243697,0.301848,0.369955,0.295341,0.671803,0.125561,5.00826,0.309375,,-0.514755,51.1525,-5.81585,75.3466,-0.514755,-6.1,-14.87188732624054,-11.468165874481201,-1.04847,999,,,,,,,454.3,3.91637931,454.3,3.91637931,,,,,,,,,,,,,,,,,,,"Sterlin Thompson","sa3019999",694514
"Jake Snider",,111,430,368,73,55,12,2,4,53,39,44,0,111,11,3,4,5,13,2,0.19837,0.102326,0.25814,0.396396,0.300469,0.274457,0.265656,0.574926,0.076087,6.2597,0.269531,,0.921821,34.8917,-15.4089,72.1482,0.921821,0,-13.399473071098328,-11.059670448303223,-1.0499,999,,,,,,,308.7,2.781081081,308.7,2.781081081,,,,,,,,,,,,,,,,,,,"Jake Snider","sa3011559",686744
"Donta' Williams","WSN",83,314,275,50,36,11,1,2,31,22,32,0,92,5,2,0,5,10,6,0.181818,0.101911,0.292994,0.347826,0.27707,0.250909,0.24485,0.527979,0.0690909,5.06505,0.262295,,-1.00619,20.2206,-16.5105,54.8309,-1.00619,-3.8,-17.966445684432983,-2.64626681804657,-1.05088,999,,,,,,,174.6,2.103614457,174.6,2.103614457,,,,,,,,,,,,,,,,,,,"Donta' Williams","sa3017152",676024
"Chandler Redmond",,107,425,383,77,53,13,1,10,40,43,36,1,160,3,3,0,7,2,1,0.201044,0.0847059,0.376471,0.225,0.272941,0.318538,0.262747,0.591479,0.117493,3.19271,0.310185,,-0.723217,33.4907,-16.225,67.981,-0.723217,0.5,-16.995864689350128,-7.3079071044921875,-1.05102,999,,,,,,,303.6,2.837383177,303.6,2.837383177,,,,,,,,,,,,,,,,,,,"Chandler Redmond","sa1170749",687470
"Manuel Pena","ARI",120,509,477,112,83,22,3,4,41,44,24,0,140,3,2,3,5,6,7,0.234801,0.0471513,0.275049,0.171429,0.274704,0.318658,0.261754,0.593362,0.0838574,3.87776,0.322388,,-2.50321,39.7035,-19.8384,64.2104,-2.50321,-4.7,-24.28711247444153,-2.829776406288147,-1.05318,999,,,,,,,341.5,2.845833333,341.5,2.845833333,,,,,,,,,,,,,,,,,,,"Manuel Pena","sa3015715",694211
"Joe Stewart",,86,348,323,67,52,10,2,3,31,28,18,0,113,5,1,1,5,16,3,0.20743,0.0517241,0.324713,0.159292,0.259366,0.278638,0.241289,0.538004,0.0712074,6.46631,0.307692,,1.39305,21.4129,-19.2954,51.7465,1.39305,-0.2,-17.820755124092102,-4.035978749394417,-1.05671,999,,,,,,,211.8,2.462790697,211.8,2.462790697,,,,,,,,,,,,,,,,,,,"Joe Stewart","sa3019852",680396
"Ryan Higgins",,88,317,285,53,36,11,1,5,27,31,17,0,120,8,2,5,6,4,3,0.185965,0.0536278,0.378549,0.141667,0.25,0.284211,0.239921,0.534211,0.0982456,4.39854,0.296296,,-0.896457,19.1562,-17.9258,55.18,-0.896457,-5,-17.15333104133606,-3.8352439403533936,-1.074,999,,,,,,,170.6,1.938636363,170.6,1.938636363,,,,,,,,,,,,,,,,,,,"Ryan Higgins","sa3017220",696287
"Omar De Los Santos","NYM",106,395,366,69,46,12,3,8,46,40,20,0,155,5,2,2,5,27,8,0.188525,0.0506329,0.392405,0.129032,0.239186,0.303279,0.239599,0.542464,0.114754,8.21479,0.297561,,1.59959,23.7674,-22.4389,54.4465,1.59959,-5.1,-19.917348504066467,-3.6486477851867676,-1.07781,999,,,,,,,251.4,2.371698113,251.4,2.371698113,,,,,,,,,,,,,,,,,,,"Omar De Los Santos","sa3008938",684519
"Joe Gray Jr.",,104,431,393,77,51,16,3,7,37,39,27,0,145,7,3,1,11,8,3,0.195929,0.062645,0.336427,0.186207,0.25814,0.305344,0.250705,0.563483,0.109415,5.31701,0.286885,,-0.285875,29.7864,-20.6312,55.6732,-0.285875,-4.3,-22.145820409059525,-2.7163729667663574,-1.08076,999,,,,,,,276.3,2.656730769,276.3,2.656730769,,,,,,,,,,,,,,,,,,,"Joe Gray Jr.","sa3008005",669336
"Hendry Mendez","MIN",90,368,334,76,56,15,2,3,41,31,31,1,62,2,1,0,8,1,1,0.227545,0.0842391,0.168478,0.5,0.296196,0.311377,0.271486,0.607573,0.0838323,3.45651,0.27037,,-0.89954,31.5876,-11.4604,71.8059,-0.89954,0,-13.306566834449768,-9.465020179748535,-1.08846,999,,,,,,,272.8,3.031111111,272.8,3.031111111,,,,,,,,,,,,,,,,,,,"Hendry Mendez","sa3015727",694230
"Won-Bin Cho","STL",111,456,411,85,66,13,3,3,45,37,31,0,153,6,3,5,3,9,7,0.206813,0.0679825,0.335526,0.202614,0.27051,0.274939,0.246349,0.545449,0.0681265,5.29391,0.317829,,-1.84796,29.9154,-23.4266,56.9443,-1.84796,-2.1,-25.325758934020996,-0.42451488971710205,-1.09399,999,,,,,,,256.5,2.31081081,256.5,2.31081081,,,,,,,,,,,,,,,,,,,"Won-Bin Cho","sa3019526",800231
"Nic Kent","COL",105,387,351,81,64,14,0,3,35,33,19,0,88,6,3,8,5,6,2,0.230769,0.0490956,0.22739,0.215909,0.279683,0.296296,0.257402,0.57598,0.0655271,3.71584,0.296578,,-0.312438,28.8313,-16.4392,49.8104,-0.312438,-4.2,-23.539042860269547,0.0658731460571289,-1.09569,999,,,,,,,252.2,2.401904761,252.2,2.401904761,,,,,,,,,,,,,,,,,,,"Nic Kent","sa3017160",684715
"Bennett Hostetler","MIA",84,321,296,64,44,14,1,5,31,32,16,0,103,7,1,1,9,3,1,0.216216,0.0498442,0.320872,0.15534,0.271875,0.320946,0.263322,0.592821,0.10473,4.18669,0.312169,,-0.333799,25.4439,-12.1061,64.278,-0.333799,-8.5,-14.045823395252228,-7.320546746253967,-1.10468,999,,,,,,,227.6,2.709523809,227.6,2.709523809,,,,,,,,,,,,,,,,,,,"Bennett Hostetler","sa3017120",702315
"Estarling Mercado","NYM",80,284,253,38,19,9,2,8,25,32,23,0,122,8,0,0,2,1,1,0.150198,0.0809859,0.429577,0.188525,0.242958,0.296443,0.24377,0.5394,0.146245,4.43636,0.243902,,-0.599627,18.042,-15.1797,57.2543,-0.599627,0.1,-15.116453170776367,-5.117519281804562,-1.11475,999,,,,,,,164.6,2.0575,164.6,2.0575,,,,,,,,,,,,,,,,,,,"Estarling Mercado","sa3022191",807759
"Tanner Allen",,76,294,270,57,41,10,2,4,28,26,18,0,62,3,1,2,5,3,2,0.211111,0.0612245,0.210884,0.290323,0.267123,0.307407,0.255609,0.574531,0.0962963,4.4286,0.258537,,-0.699343,21.4787,-12.9129,59.0868,-0.699343,-2.3,-15.083077669143677,-5.540740728378296,-1.12068,999,,,,,,,190.3,2.503947368,190.3,2.503947368,,,,,,,,,,,,,,,,,,,"Tanner Allen","sa3016854",669327
"Cole Tucker",,82,315,279,58,43,11,1,3,31,24,31,0,91,1,2,2,5,5,3,0.207885,0.0984127,0.288889,0.340659,0.28754,0.286738,0.260493,0.574278,0.078853,4.15001,0.294118,,-0.806951,24.2513,-12.5968,65.2551,-0.806951,0,-13.329900085926056,-8.101851463317871,-1.12667,999,,,,,,,208.7,2.545121951,208.7,2.545121951,,,,,,,,,,,,,,,,,,,"Cole Tucker","17326",657061
"Thomas Sosa","BAL",93,378,349,70,51,13,2,4,44,32,26,0,126,2,1,0,5,12,6,0.200573,0.0687831,0.333333,0.206349,0.259259,0.283668,0.243416,0.542927,0.0830946,6.16822,0.3,,-0.65354,23.9058,-20.3119,57.6384,-0.65354,-0.4,-18.975393414497375,-4.566666513681412,-1.12727,999,,,,,,,219.7,2.362365591,219.7,2.362365591,,,,,,,,,,,,,,,,,,,"Thomas Sosa","sa3018566",800449
"Tyler Miller","BOS",103,407,379,84,58,17,2,7,41,40,21,0,107,4,3,0,4,5,2,0.221636,0.0515971,0.262899,0.196262,0.267813,0.332454,0.263745,0.600267,0.110818,4.60052,0.287313,,-0.465084,32.3994,-15.2106,63.5191,-0.465084,0.4,-17.454005986452103,-7.077219098806381,-1.12938,999,,,,,,,296.8,2.881553398,296.8,2.881553398,,,,,,,,,,,,,,,,,,,"Tyler Miller","sa3017109",682011
"Sean McLain","LAD",97,395,353,62,43,11,3,5,41,37,28,0,140,12,2,0,8,4,3,0.175637,0.0708861,0.35443,0.2,0.258228,0.266289,0.239666,0.524517,0.0906516,5.46704,0.271429,,-1.07009,23.789,-22.4174,52.6768,-1.07009,-5,-23.42289638519287,-0.6459436416625977,-1.12974,999,,,,,,,209.4,2.158762886,209.4,2.158762886,,,,,,,,,,,,,,,,,,,"Sean McLain","sa3019890",683169
"Daniel Cabrera","DET",99,407,373,77,56,14,2,5,41,35,30,1,88,1,3,0,7,3,1,0.206434,0.0737101,0.216216,0.340909,0.265356,0.294906,0.248943,0.560262,0.0884719,4.22881,0.254417,,-0.483755,27.5505,-20.0596,60.0931,-0.483755,-1,-19.06813010573387,-5.486331462860107,-1.13178,999,,,,,,,253.1,2.556565656,253.1,2.556565656,,,,,,,,,,,,,,,,,,,"Daniel Cabrera","sa3014452",668667
"Dustin Peterson",,81,334,304,64,43,13,0,8,33,32,24,0,94,3,3,0,10,3,1,0.210526,0.0718563,0.281437,0.255319,0.272455,0.332237,0.267419,0.604692,0.121711,3.15771,0.273171,,-0.357476,27.5758,-11.4949,67.0712,-0.357476,0,-13.509249418973923,-8.590535163879395,-1.1358,999,,,,,,,251.2,3.101234567,251.2,3.101234567,,,,,,,,,,,,,,,,,,,"Dustin Peterson","15189",640460
"Tyler Hardman","NYY",102,403,365,66,42,10,1,13,41,43,30,0,174,3,5,0,11,6,2,0.180822,0.0744417,0.431762,0.172414,0.245658,0.320548,0.249741,0.566206,0.139726,4.57901,0.289617,,-0.201944,27.5386,-19.6036,59.4574,-0.201944,1.8,-18.896827816963196,-5.60373330116272,-1.14001,999,,,,,,,266.3,2.610784313,266.3,2.610784313,,,,,,,,,,,,,,,,,,,"Tyler Hardman","sa3016955",676205
"Andy Lugo","MIN",117,441,412,92,64,23,2,3,40,43,20,0,115,9,0,0,10,13,3,0.223301,0.0453515,0.260771,0.173913,0.274376,0.31068,0.260487,0.585056,0.0873786,5.65067,0.302721,,0.650986,33.9494,-17.6379,61.2269,0.650986,-2,-18.913759410381317,-6.861111164093018,-1.14052,999,,,,,,,312.8,2.673504273,312.8,2.673504273,,,,,,,,,,,,,,,,,,,"Andy Lugo","sa3018400",702889
"Alex Iadisernia",,105,440,399,79,53,17,3,6,43,40,29,0,120,7,3,2,7,11,6,0.197995,0.0659091,0.272727,0.241667,0.262557,0.300752,0.251484,0.563309,0.102757,5.75023,0.264493,,-0.932464,30.684,-20.7864,60.4,-0.932464,0.9,-21.768201231956482,-3.950088143348694,-1.14561,999,,,,,,,278.3,2.65047619,278.3,2.65047619,,,,,,,,,,,,,,,,,,,"Alex Iadisernia","sa3019867",805280
"Jacob Berry","MIA",121,499,462,103,71,21,3,8,48,50,27,1,112,7,3,0,9,7,1,0.222944,0.0541082,0.224449,0.241071,0.274549,0.333333,0.267209,0.607882,0.11039,5.12941,0.275362,,0.174182,41.1143,-17.2578,66.8947,0.174182,-2.6,-19.580039277672768,-8.100440979003906,-1.14571,999,,,,,,,380.5,3.144628099,380.5,3.144628099,,,,,,,,,,,,,,,,,,,"Jacob Berry","sa3019825",694351
"Alex Ramírez",,129,553,506,98,72,19,2,5,56,41,43,0,144,2,2,0,12,21,6,0.193676,0.0777577,0.260398,0.298611,0.25859,0.268775,0.23837,0.527364,0.0750988,5.7514,0.259053,,0.846548,32.7275,-31.9614,53.6195,0.846548,-1.7,-29.82404887676239,0.3318929672241211,-1.14744,999,,,,,,,314.4,2.437209302,314.4,2.437209302,,,,,,,,,,,,,,,,,,,"Alex Ramirez","sa3014695",691267
"Chase Luttrell",,76,262,240,45,30,10,1,4,24,23,13,0,86,2,2,5,4,2,2,0.1875,0.0496183,0.328244,0.151163,0.233463,0.2875,0.230285,0.520963,0.1,4.12439,0.269737,,-0.765172,13.8007,-16.8476,42.0421,-0.765172,1.8,-18.923483669757843,-1.0880072116851807,-1.1673,999,,,,,,,127.5,1.677631578,127.5,1.677631578,,,,,,,,,,,,,,,,,,,"Chase Luttrell","sa3019864",702292
"Alberto Rios","LAA",39,142,130,21,16,4,0,1,12,10,9,0,46,2,1,0,1,2,1,0.161538,0.0633803,0.323944,0.195652,0.225352,0.215385,0.202939,0.440737,0.0538462,3.89268,0.238095,,-0.218102,4.35439,-12.2565,24.7701,-0.218102,0,-12.441286385059357,-3.6522634029388428,-1.1722,999,,,,,,,42.6,1.092307692,42.6,1.092307692,,,,,,,,,,,,,,,,,,,"Alberto Rios","sa3022441",814362
"Bryson Worrell",,67,252,234,41,28,6,2,5,21,22,15,0,114,2,1,0,2,6,1,0.175214,0.0595238,0.452381,0.131579,0.230159,0.282051,0.227856,0.51221,0.106838,6.42867,0.310345,,0.439835,12.7814,-16.6971,41.8366,0.439835,0.1,-17.08733367919922,-2.6777776703238487,-1.17618,999,,,,,,,131,1.95522388,131,1.95522388,,,,,,,,,,,,,,,,,,,"Bryson Worrell","sa3019897",695415
"Haydn McGeary","CHC",111,446,401,80,53,16,1,10,37,46,36,1,153,6,3,0,8,4,1,0.199501,0.0807175,0.343049,0.235294,0.273543,0.319202,0.26366,0.592745,0.119701,3.61641,0.290456,,-0.346894,35.4733,-16.699,69.6731,-0.346894,-1.5,-16.521118938922882,-9.693709373474121,-1.17629,999,,,,,,,323.9,2.918018018,323.9,2.918018018,,,,,,,,,,,,,,,,,,,"Haydn McGeary","sa3020133",702333
"Jackson Feltner",,83,321,289,55,37,11,1,6,24,30,27,0,122,4,1,0,6,1,1,0.190311,0.0841122,0.380062,0.221311,0.267913,0.297578,0.25482,0.565491,0.107266,2.7538,0.302469,,-0.741691,23.2473,-14.3027,59.5428,-0.741691,0.1,-16.27134084701538,-5.797266386449337,-1.17721,999,,,,,,,205.1,2.471084337,205.1,2.471084337,,,,,,,,,,,,,,,,,,,"Jackson Feltner","sa3022568",801822
"Jared McKenzie","WSN",97,392,364,77,55,15,1,6,36,38,15,0,129,7,3,3,5,7,4,0.211538,0.0382653,0.329082,0.116279,0.254499,0.307692,0.248269,0.562191,0.0961538,4.5977,0.306034,,-0.827742,26.3225,-19.5329,57.1324,-0.827742,0.8,-20.92219787836075,-3.5209876894950867,-1.1787,999,,,,,,,240.9,2.483505154,240.9,2.483505154,,,,,,,,,,,,,,,,,,,"Jared McKenzie","sa3020273",686982
"Jeremy De La Rosa","WSN",105,437,407,82,50,19,3,10,44,44,26,1,154,2,2,0,4,10,7,0.201474,0.0594966,0.352403,0.168831,0.251716,0.336609,0.256547,0.588326,0.135135,5.48948,0.293878,,-1.44276,32.2557,-18.8637,62.7041,-1.44276,-0.2,-20.932419657707214,-5.0170194655656815,-1.17978,999,,,,,,,301.8,2.874285714,301.8,2.874285714,,,,,,,,,,,,,,,,,,,"Jeremy De La Rosa","sa3011329",682707
"Benny Montgomery","COL",100,427,396,92,69,16,1,6,46,41,27,0,138,3,1,0,11,11,2,0.232323,0.0632318,0.323185,0.195652,0.285714,0.323232,0.270641,0.608947,0.0909091,5.30397,0.339921,,0.608637,36.3615,-13.5881,58.7217,0.608637,-6.8,-20.46846717596054,-5.231070160865784,-1.1883,999,,,,,,,333,3.33,333,3.33,,,,,,,,,,,,,,,,,,,"Benny Montgomery","sa3017169",695603
"Bryce Willits",,103,421,382,81,63,11,2,5,38,34,31,0,110,2,4,2,4,3,2,0.212042,0.0736342,0.261283,0.281818,0.272076,0.290576,0.251976,0.562652,0.078534,3.70151,0.280443,,-0.967685,29.5259,-19.7218,60.5246,-0.967685,2.1,-19.983474373817444,-5.634420871734619,-1.19331,999,,,,,,,261,2.533980582,261,2.533980582,,,,,,,,,,,,,,,,,,,"Bryce Willits","sa3020352",801600
"Carlos De La Cruz","WSN",117,479,441,93,64,18,1,10,44,46,27,0,171,9,2,0,9,3,1,0.210884,0.0563674,0.356994,0.157895,0.269311,0.324263,0.263432,0.593574,0.113379,3.36891,0.316794,,-0.594249,38.0101,-18.0224,67.3379,-0.594249,-2.9,-19.302809596061707,-8.179982662200928,-1.19396,999,,,,,,,342.6,2.928205128,342.6,2.928205128,,,,,,,,,,,,,,,,,,,"Carlos De La Cruz","sa3006903",678926
"Jean Perez","COL",70,228,211,48,39,6,1,2,28,18,5,0,74,2,1,9,6,4,1,0.227488,0.0219298,0.324561,0.0675676,0.251142,0.293839,0.239674,0.54498,0.0663507,6.05902,0.338235,,0.0319422,13.7327,-12.9383,37.8784,0.0319422,-3.1,-16.90514202415943,-2.262257397174835,-1.19684,999,,,,,,,125.5,1.792857142,125.5,1.792857142,,,,,,,,,,,,,,,,,,,"Jean Perez","sa3011632",691685
"David Martin","ARI",67,268,238,51,42,8,0,1,20,23,20,0,48,8,2,0,4,0,1,0.214286,0.0746269,0.179104,0.416667,0.294776,0.260504,0.256198,0.55528,0.0462185,1.525,0.26178,,-0.957476,19.7064,-11.6438,60.4709,-0.957476,0,-13.62561160326004,-6.893003940582275,-1.19907,999,,,,,,,161.4,2.408955223,161.4,2.408955223,,,,,,,,,,,,,,,,,,,"David Martin","sa3019824",688808
"Gabriel Moncada",,72,279,248,43,28,11,0,4,23,21,27,1,96,3,1,0,8,0,1,0.173387,0.0967742,0.344086,0.28125,0.261649,0.266129,0.240155,0.527778,0.0927419,1.65581,0.261745,,-0.854874,16.9127,-15.7242,59.1004,-0.854874,-2,-13.911435008049011,-7.125661373138428,-1.21011,999,,,,,,,149.5,2.076388888,149.5,2.076388888,,,,,,,,,,,,,,,,,,,"Gabriel Moncada","sa3008789",682732
"Griffin Doersching",,85,349,315,57,33,13,0,11,29,38,28,0,125,4,2,0,5,1,1,0.180952,0.0802292,0.358166,0.224,0.255014,0.326984,0.258242,0.581998,0.146032,1.80245,0.254144,,-0.718014,26.2364,-14.589,67.1578,-0.718014,-2.5,-14.424257397651672,-8.911669731140137,-1.21197,999,,,,,,,240.4,2.828235294,240.4,2.828235294,,,,,,,,,,,,,,,,,,,"Griffin Doersching","sa3020003",701864
"David McCabe","ATL",89,359,320,65,46,12,0,7,33,33,37,0,104,0,2,0,10,3,1,0.203125,0.103064,0.289694,0.355769,0.284123,0.30625,0.265897,0.590373,0.103125,2.7975,0.274882,,-0.460077,29.2002,-12.795,67.4408,-0.460077,0,-14.437566936016083,-9.233538627624512,-1.21225,999,,,,,,,258.5,2.904494382,258.5,2.904494382,,,,,,,,,,,,,,,,,,,"David McCabe","sa3019964",678173
"Sam Brown","WSN",134,519,468,97,64,23,2,8,42,50,33,0,125,10,5,3,18,3,0,0.207265,0.0635838,0.240848,0.264,0.271318,0.316239,0.261244,0.587557,0.108974,3.83434,0.261765,,-0.244489,40.2702,-20.4415,65.7828,-0.244489,1,-20.564198970794678,-8.534832000732422,-1.21473,999,,,,,,,363.2,2.710447761,363.2,2.710447761,,,,,,,,,,,,,,,,,,,"Sam Brown","sa3023367",694848
"Coby Morales","NYY",123,460,417,82,67,9,1,5,49,39,36,0,173,6,1,0,6,17,5,0.196643,0.0782609,0.376087,0.208092,0.269565,0.258993,0.242027,0.528558,0.0623501,5.73539,0.320833,,0.514694,28.5776,-25.2323,54.0312,0.514694,5,-23.680383920669556,-3.450911521911621,-1.21506,999,,,,,,,265.3,2.156910569,265.3,2.156910569,,,,,,,,,,,,,,,,,,,"Coby Morales","sa3022829",815089
"Kevin Graham",,89,329,303,60,42,12,2,4,31,26,21,1,113,2,2,1,6,3,1,0.19802,0.0638298,0.343465,0.185841,0.253049,0.290429,0.240631,0.543478,0.0924092,4.92948,0.297872,,-0.310121,20.0696,-18.4162,49.9932,-0.310121,0.9,-19.983816027641296,-2.7265433073043823,-1.21602,999,,,,,,,188.7,2.120224719,188.7,2.120224719,,,,,,,,,,,,,,,,,,,"Kevin Graham","sa3020087",681184
"Victor Acosta","CIN",112,426,379,71,50,14,4,3,36,37,30,0,125,13,1,3,9,7,3,0.187335,0.0704225,0.293427,0.24,0.269504,0.269129,0.246318,0.538633,0.0817942,5.79171,0.269841,,-0.549015,27.9367,-21.896,48.9812,-0.549015,-1,-26.53871101140976,0.5652557611465454,-1.22003,999,,,,,,,244.1,2.179464285,244.1,2.179464285,,,,,,,,,,,,,,,,,,,"Victor Acosta","sa3015705",694193
"Luis Toribio",,94,363,329,60,39,12,1,8,35,35,30,0,134,2,1,1,8,0,1,0.182371,0.0826446,0.369146,0.223881,0.254144,0.297872,0.247351,0.552016,0.115502,2.61288,0.276596,,-0.965368,24.107,-18.356,58.118,-0.965368,-6.1,-19.145444989204407,-4.766225695610046,-1.22337,999,,,,,,,215.9,2.29680851,215.9,2.29680851,,,,,,,,,,,,,,,,,,,"Luis Toribio","sa3005541",678681
"Cristhian Rodriguez",,74,260,237,42,32,7,2,1,23,16,18,0,105,2,1,2,4,3,1,0.177215,0.0692308,0.403846,0.171429,0.24031,0.236287,0.217326,0.476597,0.0590717,5.52253,0.310606,,-0.215412,10.9835,-19.4308,33.3196,-0.215412,-0.5,-20.947000727057457,0.45532041788101196,-1.22376,999,,,,,,,102.2,1.381081081,102.2,1.381081081,,,,,,,,,,,,,,,,,,,"Cristhian Rodriguez","sa3008785",682725
"Bryce Ball",,97,395,354,67,43,17,1,6,36,35,37,0,133,2,2,0,6,0,1,0.189266,0.0936709,0.336709,0.278196,0.268354,0.293785,0.253329,0.56214,0.10452,2.43756,0.281106,,-1.05219,28.1326,-18.0738,59.5848,-1.05219,2.4,-20.142066955566406,-4.856760501861572,-1.22579,999,,,,,,,246.8,2.544329896,246.8,2.544329896,,,,,,,,,,,,,,,,,,,"Bryce Ball","sa1170451",668787
"Mateo Gil",,90,350,329,63,40,14,2,7,31,34,16,0,111,2,2,1,8,2,2,0.191489,0.0457143,0.317143,0.144144,0.232092,0.31003,0.237319,0.542122,0.118541,3.98243,0.262911,,-0.867773,20.4175,-20.5248,52.912,-0.867773,3.5,-20.57563805580139,-2.9300413131713867,-1.22607,999,,,,,,,193.8,2.153333333,193.8,2.153333333,,,,,,,,,,,,,,,,,,,"Mateo Gil","sa3007050",680771
"Eduarqui Fernandez",,104,398,363,64,41,14,2,7,39,34,29,0,189,3,3,0,3,10,5,0.176309,0.0728643,0.474874,0.153439,0.241206,0.283747,0.234635,0.524953,0.107438,5.90576,0.335294,,-0.601179,22.358,-24.1993,47.2201,-0.601179,5,-25.720796287059784,0.6128749847412109,-1.22676,999,,,,,,,214.2,2.059615384,214.2,2.059615384,,,,,,,,,,,,,,,,,,,"Eduarqui Fernandez","sa3008749",682631
"Dalvy Rosario","MIA",105,379,351,75,57,12,2,4,44,31,17,0,120,3,3,5,4,11,4,0.213675,0.0448549,0.316623,0.141667,0.254011,0.293447,0.242152,0.547458,0.0797721,6.3936,0.308696,,-0.0277421,23.5836,-20.7511,50.0296,-0.0277421,-3.3,-22.674890257418156,-1.907436728477478,-1.2377,999,,,,,,,222.5,2.119047619,222.5,2.119047619,,,,,,,,,,,,,,,,,,,"Dalvy Rosario","sa3005712",672537
"Luis Ravelo",,107,433,396,79,59,14,2,4,34,34,30,0,124,4,3,0,5,1,2,0.199495,0.0692841,0.286374,0.241935,0.26097,0.275253,0.241377,0.536223,0.0757576,2.81642,0.276753,,-1.34401,26.6736,-23.9779,47.7844,-1.34401,-4.1,-27.21382772922516,0.6729278564453125,-1.24723,999,,,,,,,234.3,2.189719626,234.3,2.189719626,,,,,,,,,,,,,,,,,,,"Luis Ravelo","sa3016171",699144
"Donovan Antonia",,53,172,159,26,20,4,0,2,18,11,11,0,65,2,0,0,4,3,4,0.163522,0.0639535,0.377907,0.169231,0.226744,0.226415,0.207977,0.453159,0.0628931,4.07211,0.26087,,-1.28048,5.97178,-14.1484,33.163,-1.28048,-0.9,-15.027438163757324,-2.79594349861145,-1.25028,999,,,,,,,50.5,0.952830188,50.5,0.952830188,,,,,,,,,,,,,,,,,,,"Donovan Antonia","sa3015189",692190
"Yunior Garcia",,66,268,253,53,36,10,0,7,31,31,10,0,84,3,2,0,7,0,0,0.209486,0.0373134,0.313433,0.119048,0.246269,0.332016,0.252557,0.578284,0.12253,2.19643,0.280488,,-0.386729,18.9208,-12.4293,61.353,-0.386729,-5.3,-12.772193372249603,-8.25414490699768,-1.25151,999,,,,,,,177.6,2.69090909,177.6,2.69090909,,,,,,,,,,,,,,,,,,,"Yunior Garcia","sa3005570",678832
"Leo Balcazar","CIN",112,429,415,93,72,13,2,6,32,40,10,0,125,3,1,0,14,5,3,0.224096,0.02331,0.291375,0.08,0.247086,0.308434,0.243171,0.55552,0.0843373,3.91281,0.305263,,-0.885875,27.0467,-23.1369,46.8628,-0.885875,-3,-28.14535081386566,1.7288360595703125,-1.25548,999,,,,,,,251.4,2.244642857,251.4,2.244642857,,,,,,,,,,,,,,,,,,,"Leo Balcazar","sa3015798",699114
"Chad Castillo",,57,225,207,39,25,9,0,5,18,25,11,0,77,6,1,0,4,1,1,0.188406,0.0488889,0.342222,0.142857,0.248889,0.304348,0.246589,0.553237,0.115942,2.31965,0.269841,,-0.536488,14.8042,-11.5158,55.048,-0.536488,-2.9,-12.631113648414612,-7.033597946166992,-1.2585,999,,,,,,,134.6,2.361403508,134.6,2.361403508,,,,,,,,,,,,,,,,,,,"Chad Castillo","sa3019916",674913
"Tayden Hall","MIL",97,393,344,72,57,11,2,2,37,29,40,1,91,5,4,0,8,2,1,0.209302,0.101781,0.231552,0.43956,0.29771,0.270349,0.259726,0.568059,0.0610465,3.60543,0.27451,,-0.802141,30.0135,-15.9589,64.1077,-0.802141,-0.4,-17.669801592826843,-7.620017439126968,-1.26271,999,,,,,,,257.3,2.652577319,257.3,2.652577319,,,,,,,,,,,,,,,,,,,"Tayden Hall","sa3019929",695554
"Darlin Moquete","STL",84,312,286,58,41,8,1,8,40,32,17,0,87,3,2,4,7,7,3,0.202797,0.0544872,0.278846,0.195402,0.253247,0.321678,0.253404,0.574925,0.118881,5.73086,0.259067,,-0.296457,22.2399,-14.2573,61.6924,-0.296457,0,-14.588727623224258,-8.024691581726074,-1.26437,999,,,,,,,207.8,2.473809523,207.8,2.473809523,,,,,,,,,,,,,,,,,,,"Darlin Moquete","sa3005617",680642
"Felix Reyes","PHI",85,336,317,68,48,12,1,7,34,34,12,0,68,3,4,0,9,2,1,0.214511,0.0357143,0.202381,0.176471,0.247024,0.324921,0.249235,0.571945,0.11041,3.8942,0.247967,,-0.502229,22.8232,-16.4814,56.8289,-0.502229,0.6,-17.84798365831375,-5.572839617729187,-1.26536,999,,,,,,,216.1,2.542352941,216.1,2.542352941,,,,,,,,,,,,,,,,,,,"Felix Reyes","sa3015688",694025
"Isaiah Greene",,80,315,277,48,33,9,4,2,25,23,35,0,110,2,1,0,5,8,2,0.173285,0.111111,0.349206,0.318182,0.269841,0.256318,0.242556,0.526159,0.0830325,6.52019,0.277108,,0.237518,19.7037,-17.1444,55.6532,0.237518,-3.6,-15.746240332722664,-7.0722222328186035,-1.26989,999,,,,,,,180.1,2.25125,180.1,2.25125,,,,,,,,,,,,,,,,,,,"Isaiah Greene","sa3014460",693309
"Tim Borden II",,77,298,267,48,36,8,0,4,21,34,16,0,140,14,1,0,6,2,2,0.179775,0.0536913,0.469799,0.114286,0.261745,0.254682,0.238538,0.516427,0.0749064,2.4703,0.354839,,-0.930913,17.6765,-17.1829,53.1285,-0.930913,-6.5,-16.91290444135666,-5.40505588054657,-1.27685,999,,,,,,,150.8,1.958441558,150.8,1.958441558,,,,,,,,,,,,,,,,,,,"Tim Borden II","sa3020193",680874
"Enderso Lira","BOS",50,186,178,31,26,4,0,1,13,10,6,0,56,0,2,0,4,1,0,0.174157,0.0322581,0.301075,0.107143,0.198925,0.213483,0.183477,0.412408,0.0393258,3.13384,0.243902,,-0.0525575,2.79006,-18.9679,7.05634,-0.0525575,-2.2,-19.833103701472282,1.2171075344085693,-1.28092,999,,,,,,,36.5,0.73,36.5,0.73,,,,,,,,,,,,,,,,,,,"Enderso Lira","sa3016145",694229
"William Sullivan",,49,169,154,26,20,4,0,2,13,16,11,0,64,4,0,0,3,1,1,0.168831,0.0650888,0.378698,0.171875,0.242604,0.233766,0.220192,0.47637,0.0649351,2.56913,0.272727,,-0.481241,7.52911,-12.2402,39.3386,-0.481241,-2.2,-12.740390747785568,-5.304791450500488,-1.28349,999,,,,,,,66.1,1.348979591,66.1,1.348979591,,,,,,,,,,,,,,,,,,,"William Sullivan","sa3022425",688963
"Dawson Dimon",,40,138,125,16,13,2,0,1,9,8,11,0,69,1,1,0,4,1,0,0.128,0.0797101,0.5,0.15942,0.202899,0.168,0.176242,0.370899,0.04,3.26464,0.267857,,0.00268944,1.26647,-14.8765,7.09649,0.00268944,-4.3,-15.328381456434727,-1.7647268772125244,-1.29158,999,,,,,,,17.7,0.4425,17.7,0.4425,,,,,,,,,,,,,,,,,,,"Dawson Dimon","sa3007331",682191
"Roismar Quintana",,86,343,312,67,51,10,2,4,30,29,25,0,99,4,2,0,11,2,1,0.214744,0.0728863,0.28863,0.252525,0.279883,0.298077,0.259472,0.57796,0.0833333,3.8341,0.298578,,-0.6364,26.125,-13.9985,64.673,-0.6364,0,-15.12619686126709,-8.822016716003418,-1.2958,999,,,,,,,229.2,2.665116279,229.2,2.665116279,,,,,,,,,,,,,,,,,,,"Roismar Quintana","sa3014718",692453
"Jack Rogers","CIN",89,340,316,66,44,12,3,7,35,35,19,0,137,4,1,0,6,3,2,0.208861,0.0558824,0.402941,0.138686,0.261765,0.332278,0.261588,0.594043,0.123418,5.24554,0.34104,,-0.738805,26.4754,-13.2971,59.2586,-0.738805,-2.8,-17.303212463855743,-6.547795295715332,-1.29606,999,,,,,,,240.4,2.701123595,240.4,2.701123595,,,,,,,,,,,,,,,,,,,"Jack Rogers","sa3017017",679788
"Jaylen Palmer","CHC",104,399,360,61,38,13,1,9,41,40,33,0,182,5,1,0,5,10,4,0.169444,0.0827068,0.45614,0.181319,0.24812,0.286111,0.241081,0.534231,0.116667,5.5288,0.305882,,-0.21985,24.4843,-22.19,54.4764,-0.21985,-5.4,-21.940377354621887,-3.933950662612915,-1.30248,999,,,,,,,231.4,2.225,231.4,2.225,,,,,,,,,,,,,,,,,,,"Jaylen Palmer","sa3008297",681941
"Fernando Caldera","HOU",47,149,134,18,13,4,0,1,9,9,13,0,72,2,0,0,8,0,1,0.134328,0.0872483,0.483221,0.180556,0.221477,0.186567,0.194152,0.408044,0.0522388,1.74208,0.278689,,-0.625994,3.51534,-13.9144,21.9067,-0.625994,-6.4,-13.939911365509033,-3.662639617919922,-1.3039,999,,,,,,,30,0.638297872,30,0.638297872,,,,,,,,,,,,,,,,,,,"Fernando Caldera","sa3015547",691464
"Jack Payton","SFG",61,267,237,46,34,9,1,2,25,26,20,0,68,9,1,0,6,1,0,0.194093,0.0749064,0.254682,0.294118,0.280899,0.265823,0.251766,0.546722,0.07173,3.94428,0.261905,,-0.297223,18.6804,-12.5527,61.0897,-0.297223,-3.9,-12.720532894134521,-8.805202960968018,-1.30652,999,,,,,,,160.1,2.624590163,160.1,2.624590163,,,,,,,,,,,,,,,,,,,"Jack Payton","sa3022675",694552
"Kalae Harrison",,73,255,229,38,30,7,0,1,22,15,19,0,78,2,1,4,2,5,2,0.165939,0.0745098,0.305882,0.24359,0.23506,0.209607,0.206438,0.444667,0.0436681,4.21399,0.245033,,-0.212526,8.53764,-21.2918,26.0267,-0.212526,0.7,-22.76927760243416,1.636948823928833,-1.30709,999,,,,,,,80.4,1.101369863,80.4,1.101369863,,,,,,,,,,,,,,,,,,,"Kalae Harrison","sa3023054",695013
"Nick Goodwin","TOR",115,472,436,78,54,15,2,7,33,46,24,0,151,10,2,0,14,3,3,0.178899,0.0508475,0.319915,0.15894,0.237288,0.270642,0.228172,0.50793,0.0917431,3.40515,0.253571,,-1.30955,24.0597,-31.154,45.6396,-1.30955,-3,-30.667815446853638,2.202821731567383,-1.3114,999,,,,,,,220.8,1.92,220.8,1.92,,,,,,,,,,,,,,,,,,,"Nick Goodwin","sa3022685",800959
"Maick Collado","CLE",92,385,338,67,53,11,0,3,30,30,37,1,75,4,6,0,9,2,0,0.198225,0.0961039,0.194805,0.493333,0.280519,0.257396,0.24575,0.537916,0.0591716,2.6013,0.240602,,-0.333995,25.0718,-19.9648,57.8993,-0.333995,0.3,-18.880204617977142,-6.773045241832733,-1.32116,999,,,,,,,224.1,2.435869565,224.1,2.435869565,,,,,,,,,,,,,,,,,,,"Maick Collado","sa3015534",691408
"Grant Lavigne",,126,524,460,102,71,16,4,11,50,57,53,2,152,7,3,1,8,4,4,0.221739,0.101145,0.290076,0.348684,0.309751,0.345652,0.291296,0.655404,0.123913,4.07015,0.303333,,-1.83815,53.3324,-7.96407,72.6234,-1.83815,-1.6,-18.992431640625,-11.22668993473053,-1.32208,999,,,,,,,460.2,3.652380952,460.2,3.652380952,,,,,,,,,,,,,,,,,,,"Grant Lavigne","sa3007743",680693
"Taishi Nakawake",,61,222,208,36,31,5,0,0,15,13,8,0,78,3,2,1,6,1,2,0.173077,0.036036,0.351351,0.102564,0.21267,0.197115,0.186782,0.409785,0.0240385,2.49622,0.272727,,-0.941495,3.92072,-22.0484,14.6659,-0.941495,-0.1,-22.617592453956604,2.347089909017086,-1.32759,999,,,,,,,37.4,0.613114754,37.4,0.613114754,,,,,,,,,,,,,,,,,,,"Taishi Nakawake","sa3020355",806012
"Sheng-Ping Chen",,76,296,274,52,39,10,1,2,22,22,17,0,97,2,1,2,4,3,1,0.189781,0.0574324,0.327703,0.175258,0.241497,0.255474,0.223728,0.496971,0.0656934,3.95054,0.284091,,-0.262767,14.0294,-20.5961,38.6158,-0.262767,-1.8,-21.990246832370758,-0.7124043703079224,-1.32851,999,,,,,,,130.6,1.718421052,130.6,1.718421052,,,,,,,,,,,,,,,,,,,"Sheng-Ping Chen","sa3014837",691283
"Jheremy Vargas","MIL",97,346,316,60,45,11,1,3,31,26,26,0,78,3,1,0,9,11,5,0.189873,0.0751445,0.225434,0.333333,0.257225,0.259494,0.23495,0.516719,0.0696203,5.10551,0.241525,,-0.409071,19.5244,-20.95,47.4317,-0.409071,1.6,-22.15916281938553,-2.2139328718185425,-1.32938,999,,,,,,,179.7,1.852577319,179.7,1.852577319,,,,,,,,,,,,,,,,,,,"Jheremy Vargas","sa3015353",691621
"Arol Vera","LAA",123,474,436,85,67,14,1,3,39,33,24,1,150,3,4,7,9,4,4,0.194954,0.0506329,0.316456,0.16,0.239829,0.252294,0.219713,0.492122,0.0573394,3.4106,0.285714,,-1.55402,20.9344,-34.5132,36.5692,-1.55402,5.5,-35.95603656768799,7.241622567176819,-1.33026,999,,,,,,,191.9,1.560162601,191.9,1.560162601,,,,,,,,,,,,,,,,,,,"Arol Vera","sa3014687",691186
"Junior Franco","ARI",97,391,363,81,62,11,3,5,34,35,24,0,96,2,2,0,7,14,6,0.22314,0.0613811,0.245524,0.25,0.273657,0.311295,0.259494,0.584952,0.0881543,5.65774,0.287879,,-0.324572,29.7879,-15.9505,62.6893,-0.324572,-3.8,-17.769603699445724,-8.109964609146118,-1.33048,999,,,,,,,274.4,2.828865979,274.4,2.828865979,,,,,,,,,,,,,,,,,,,"Junior Franco","sa3015170",691285
"Carter Graham","CIN",84,316,289,55,37,10,1,7,30,34,17,1,102,8,2,0,6,4,2,0.190311,0.0537975,0.322785,0.166667,0.253165,0.304498,0.247278,0.557663,0.114187,4.40726,0.263736,,-0.491451,20.9671,-15.998,49.6271,-0.491451,1.9,-19.526120454072952,-3.905408501625061,-1.33513,999,,,,,,,196.5,2.339285714,196.5,2.339285714,,,,,,,,,,,,,,,,,,,"Carter Graham","sa3022824",807728
"Jeremy Celedonio",,62,247,219,35,23,4,1,7,21,26,22,0,132,5,1,0,2,3,2,0.159817,0.0890688,0.534413,0.166667,0.251012,0.283105,0.242899,0.534117,0.123288,4.50209,0.345679,,-0.604634,15.5184,-13.3752,51.9616,-0.604634,0,-14.793469071388245,-6.352880477905273,-1.336,999,,,,,,,141.2,2.277419354,141.2,2.277419354,,,,,,,,,,,,,,,,,,,"Jeremy Celedonio","sa3008936",684494
"Yeison Morrobel",,112,457,423,85,62,16,0,7,36,42,27,1,122,5,2,0,3,4,3,0.200946,0.059081,0.266958,0.221311,0.256018,0.288416,0.24255,0.544434,0.0874704,2.65111,0.263514,,-1.14901,28.5836,-24.8754,54.4228,-1.14901,1.8,-24.98153018951416,-3.237478017807007,-1.33774,999,,,,,,,260.4,2.325,260.4,2.325,,,,,,,,,,,,,,,,,,,"Yeison Morrobel","sa3015720",694218
"Keoni Cavaco",,70,268,252,44,29,8,2,5,23,25,12,0,133,2,1,1,5,1,1,0.174603,0.0447761,0.496269,0.0902256,0.217228,0.281746,0.220011,0.498975,0.107143,4.65186,0.33913,,-0.544381,11.9007,-19.4494,40.0963,-0.544381,1.9,-18.913755774497986,-3.023574471473694,-1.34104,999,,,,,,,117.1,1.672857142,117.1,1.672857142,,,,,,,,,,,,,,,,,,,"Keoni Cavaco","sa3010706",686577
"Miguel Ugueto","STL",63,251,239,49,35,10,2,2,22,20,7,0,60,2,3,0,7,5,3,0.205021,0.0278884,0.239044,0.116667,0.231076,0.288703,0.226883,0.519779,0.083682,5.61034,0.261111,,-0.562286,12.5341,-16.8274,43.8423,-0.562286,-1.2,-17.417888045310974,-3.966754913330078,-1.34688,999,,,,,,,122.7,1.947619047,122.7,1.947619047,,,,,,,,,,,,,,,,,,,"Miguel Ugueto","sa3015293",692568
"Zavier Warren","MIL",108,426,384,72,48,13,1,10,39,42,34,0,132,5,3,0,11,3,2,0.1875,0.0798122,0.309859,0.257576,0.260563,0.304688,0.252928,0.565251,0.117188,3.46764,0.253061,,-0.896654,30.203,-19.6297,59.5323,-0.896654,-1,-21.511441588401794,-5.695767402648926,-1.34744,999,,,,,,,273.7,2.534259259,273.7,2.534259259,,,,,,,,,,,,,,,,,,,"Zavier Warren","sa3014549",680518
"Christian Olivo","CHC",102,376,339,63,52,8,1,2,41,26,21,0,114,4,3,9,10,9,2,0.185841,0.0558511,0.303191,0.184211,0.239782,0.233038,0.215058,0.47282,0.0471976,6.01945,0.269911,,0.382271,15.1974,-28.7863,36.9607,0.382271,1,-27.96169674396515,2.381540298461914,-1.35106,999,,,,,,,148,1.450980392,148,1.450980392,,,,,,,,,,,,,,,,,,,"Christian Olivo","sa3017877",700840
"John Rhodes","LAD",104,429,395,75,51,16,1,7,34,45,28,0,120,5,1,0,10,4,1,0.189873,0.0652681,0.27972,0.233333,0.251748,0.288608,0.242126,0.540356,0.0987342,3.60227,0.252788,,-0.26797,26.686,-23.4976,54.3326,-0.26797,1,-23.69542768597603,-3.7288360595703125,-1.35956,999,,,,,,,246.7,2.372115384,246.7,2.372115384,,,,,,,,,,,,,,,,,,,"John Rhodes","sa3017162",687981
"Jordan Viars",,94,376,339,64,40,13,1,10,41,44,24,1,141,9,2,2,3,2,2,0.188791,0.0638298,0.375,0.170213,0.259358,0.321534,0.257357,0.580892,0.132743,3.81503,0.284211,,-0.978267,27.9982,-15.9856,62.2956,-0.978267,-3.6,-17.931052684783936,-7.7446208000183105,-1.36092,999,,,,,,,254,2.702127659,254,2.702127659,,,,,,,,,,,,,,,,,,,"Jordan Viars","sa3017429",701833
"Victor Bericoto","SFG",121,507,473,110,78,20,1,11,53,52,27,1,134,2,4,1,17,3,2,0.232558,0.0532544,0.2643,0.201493,0.274704,0.348837,0.271992,0.623541,0.116279,3.27318,0.298193,,-1.04661,43.725,-15.5829,74.7026,-1.04661,-4.4,-16.383785009384155,-13.71437406539917,-1.36794,999,,,,,,,397.2,3.282644628,397.2,3.282644628,,,,,,,,,,,,,,,,,,,"Victor Bericoto","sa3008767",682674
"Marcus Brown","WSN",102,404,377,68,48,15,2,3,43,32,16,0,90,8,1,2,10,3,1,0.180371,0.039604,0.222772,0.177778,0.228856,0.254642,0.217052,0.483498,0.0742706,5.23492,0.22807,,-0.373261,16.9778,-30.2814,36.1215,-0.373261,0.1,-31.233358681201935,4.553262807428837,-1.36853,999,,,,,,,161.8,1.586274509,161.8,1.586274509,,,,,,,,,,,,,,,,,,,"Marcus Brown","sa3022676",694939
"Carson Taylor","PHI",110,426,377,86,64,12,1,9,44,42,43,1,108,4,2,0,6,2,0,0.228117,0.100939,0.253521,0.398148,0.312207,0.33687,0.29022,0.649077,0.108753,3.14889,0.293893,,-0.468166,42.9893,-6.84337,84.415,-0.468166,-11.2,-8.407386898994446,-19.026278495788574,-1.37083,999,,,,,,,374.5,3.404545454,374.5,3.404545454,,,,,,,,,,,,,,,,,,,"Carson Taylor","sa3014468",694930
"Isaac De León",,97,375,332,60,43,13,1,3,32,31,31,0,142,6,2,4,7,5,2,0.180723,0.0826667,0.378667,0.21831,0.261456,0.253012,0.236238,0.514468,0.0722892,4.30507,0.301587,,-0.441407,21.5497,-22.3171,52.5896,-0.441407,-6.4,-20.784199118614197,-5.022134184837341,-1.37147,999,,,,,,,190.5,1.963917525,190.5,1.963917525,,,,,,,,,,,,,,,,,,,"Isaac De Leon","sa3008784",682722
"Miguel Palma","HOU",74,291,265,57,42,9,1,5,24,27,20,0,77,4,2,0,6,1,1,0.215094,0.0687285,0.264605,0.25974,0.278351,0.313208,0.263997,0.591558,0.0981132,2.69101,0.281081,,-0.725906,23.2242,-10.8164,71.0369,-0.725906,-18,-10.369593501091003,-12.65388011932373,-1.37386,999,,,,,,,204.1,2.758108108,204.1,2.758108108,,,,,,,,,,,,,,,,,,,"Miguel Palma","sa3009279",682692
"Garret Guillemette","HOU",93,364,333,60,41,12,0,7,31,34,22,0,120,7,2,0,5,2,0,0.18018,0.0604396,0.32967,0.183333,0.244505,0.279279,0.235585,0.523785,0.0990991,3.06897,0.254808,,-0.15247,20.7263,-21.8537,51.0512,-0.15247,-11.7,-20.53924934566021,-5.012756824493408,-1.38315,999,,,,,,,194.4,2.09032258,194.4,2.09032258,,,,,,,,,,,,,,,,,,,"Garret Guillemette","sa3022677",695048
"Yiddi Cappe","MIA",94,413,391,81,63,14,1,3,37,31,18,0,109,2,2,0,9,6,6,0.207161,0.0435835,0.263923,0.165138,0.244552,0.2711,0.229282,0.515652,0.0639386,3.86087,0.27758,,-1.88511,21.4212,-26.8907,41.3671,-1.88511,2.1,-30.842051148414612,3.6174895763397217,-1.39387,999,,,,,,,191.7,2.039361702,191.7,2.039361702,,,,,,,,,,,,,,,,,,,"Yiddi Cappe","sa3015515",691268
"Danny Bautista Jr.","ATH",105,431,395,85,64,16,3,2,37,36,22,0,77,7,3,4,14,7,5,0.21519,0.0510441,0.178654,0.285714,0.266979,0.286076,0.247241,0.553055,0.0708861,4.73058,0.260188,,-1.35903,28.5846,-21.833,61.6751,-1.35903,0.2,-20.259137511253357,-7.718136593699455,-1.40248,999,,,,,,,249.6,2.377142857,249.6,2.377142857,,,,,,,,,,,,,,,,,,,"Danny Bautista Jr.","sa3005602",679751
"Branden Boissiere","WSN",82,323,293,58,43,10,1,4,27,26,23,0,94,4,3,0,3,0,0,0.197952,0.0712074,0.291022,0.244681,0.263158,0.279863,0.244511,0.543021,0.0819113,2.13474,0.272727,,-0.55247,20.7123,-17.0716,54.6032,-0.55247,-0.6,-18.086794197559357,-6.534009575843811,-1.43392,999,,,,,,,185.1,2.257317073,185.1,2.257317073,,,,,,,,,,,,,,,,,,,"Branden Boissiere","sa3017558",680998
"Connor Pavolony","BAL",66,240,212,34,24,7,1,2,16,17,21,0,86,4,1,2,4,1,0,0.160377,0.0875,0.358333,0.244186,0.247899,0.231132,0.222621,0.479031,0.0707547,3.70308,0.256,,-0.186729,11.1615,-16.9133,43.0112,-0.186729,0,-15.836446970701218,-6.172839641571045,-1.44507,999,,,,,,,100.1,1.516666666,100.1,1.516666666,,,,,,,,,,,,,,,,,,,"Connor Pavolony","sa3017156",680935
"Andy Perez","COL",131,556,527,128,97,20,5,6,61,52,15,1,99,4,4,6,11,11,6,0.242884,0.0269784,0.178058,0.151515,0.267273,0.333966,0.261185,0.601239,0.0910816,5.70912,0.286385,,-1.13767,43.1149,-21.9249,52.3571,-1.13767,-5.8,-32.81398606300354,0.3287477493286133,-1.44626,999,,,,,,,393.8,3.00610687,393.8,3.00610687,,,,,,,,,,,,,,,,,,,"Andy Perez","sa3015857",700321
"Skyler Messinger","COL",82,317,288,61,41,12,1,7,35,34,20,0,101,5,3,1,7,4,1,0.211806,0.0630915,0.318612,0.19802,0.272152,0.333333,0.267482,0.605485,0.121528,4.72275,0.295082,,-0.125906,26.1882,-10.8938,56.5951,-0.125906,0,-16.57943944633007,-8.153292655944824,-1.46608,999,,,,,,,239.7,2.923170731,239.7,2.923170731,,,,,,,,,,,,,,,,,,,"Skyler Messinger","sa3019963",676038
"Casey Martin","MIL",104,403,373,60,40,12,2,6,36,32,21,0,149,5,3,1,5,7,2,0.160858,0.0521092,0.369727,0.14094,0.21393,0.252011,0.208637,0.465941,0.0911528,5.78657,0.244344,,0.0690873,14.206,-32.9361,29.7213,0.0690873,1.7,-33.798958480358124,6.142239809036255,-1.47283,999,,,,,,,151.3,1.454807692,151.3,1.454807692,,,,,,,,,,,,,,,,,,,"Casey Martin","sa3014524",676045
"Juan Chacon","BOS",84,328,305,57,39,13,4,1,28,23,19,0,117,3,1,0,6,6,3,0.186885,0.0579268,0.356707,0.162393,0.240854,0.265574,0.226701,0.506427,0.0786885,6.26003,0.297872,,-0.496457,16.331,-22.0378,37.461,-0.496457,2.3,-23.967392802238464,-1.3155202865600586,-1.47956,999,,,,,,,153.1,1.822619047,153.1,1.822619047,,,,,,,,,,,,,,,,,,,"Juan Chacon","sa3014676",691370
"Neyfy Castillo",,111,474,435,87,60,15,3,9,45,47,30,1,189,7,2,0,7,9,5,0.2,0.0632911,0.398734,0.15873,0.261603,0.310345,0.253619,0.571948,0.110345,5.27783,0.32636,,-0.982705,33.8697,-21.578,58.7347,-0.982705,2.9,-24.37242740392685,-5.808112621307373,-1.48974,999,,,,,,,311.5,2.806306306,311.5,2.806306306,,,,,,,,,,,,,,,,,,,"Neyfy Castillo","sa3005544",678689
"James Free",,92,365,334,74,51,14,0,9,28,40,26,1,93,3,2,0,6,0,0,0.221557,0.0712329,0.254795,0.27957,0.282192,0.344311,0.275728,0.626503,0.122754,0.822802,0.277778,,-0.623501,32.576,-10.121,68.7756,-0.623501,-5.6,-14.252004206180573,-12.305614471435547,-1.48977,999,,,,,,,292.6,3.180434782,292.6,3.180434782,,,,,,,,,,,,,,,,,,,"James Free","sa3011156",686989
"Dyan Jorge","COL",117,522,481,114,96,14,2,2,68,39,32,0,129,2,3,4,14,17,6,0.237006,0.0613027,0.247126,0.248062,0.285714,0.286902,0.256714,0.572617,0.0498961,5.87407,0.31728,,-0.0560533,38.6001,-22.4625,49.3479,-0.0560533,-5.9,-31.67365851998329,-0.14603185653686523,-1.49424,999,,,,,,,345.7,2.954700854,345.7,2.954700854,,,,,,,,,,,,,,,,,,,"Dyan Jorge","sa3018387",694170
"EJ Andrews Jr.",,98,341,310,60,40,11,2,7,35,31,25,0,118,2,2,2,4,7,1,0.193548,0.0733138,0.346041,0.211864,0.256637,0.309677,0.251514,0.566315,0.116129,6.00517,0.283422,,0.466201,23.7883,-16.1012,45.8474,0.466201,-0.5,-21.61564302444458,-4.2588183879852295,-1.50161,999,,,,,,,226.6,2.312244897,226.6,2.312244897,,,,,,,,,,,,,,,,,,,"EJ Andrews Jr.","sa3017157",681044
"Aaron Zavala","TEX",112,487,425,82,60,16,1,5,45,42,48,1,171,8,4,2,5,7,4,0.192941,0.0985626,0.351129,0.280702,0.284536,0.270588,0.254055,0.555124,0.0776471,4.09275,0.304348,,-1.12765,34.9694,-21.9989,62.5153,-1.12765,-3.5,-22.015278935432434,-8.868165969848633,-1.50942,999,,,,,,,303.4,2.708928571,303.4,2.708928571,,,,,,,,,,,,,,,,,,,"Aaron Zavala","sa3017665",701648
"Jay Beshears","MIA",119,472,431,86,61,22,0,3,44,37,30,1,123,8,3,0,9,3,3,0.199536,0.0635593,0.260593,0.243902,0.262712,0.271462,0.240504,0.534174,0.0719258,2.88884,0.269481,,-1.38848,28.7445,-26.4692,48.9201,-1.38848,-5.3,-30.219027757644653,-0.09717845916748047,-1.51062,999,,,,,,,253.9,2.133613445,253.9,2.133613445,,,,,,,,,,,,,,,,,,,"Jay Beshears","sa3022485",810891
"Jesus Bugarin","COL",88,355,344,82,63,11,2,6,38,35,6,0,111,2,2,1,12,5,3,0.238372,0.0169014,0.312676,0.0540541,0.254237,0.334302,0.255365,0.58854,0.0959302,5.07008,0.331878,,-0.775381,25.8655,-15.6617,48.4399,-0.775381,0.1,-22.663244366645813,-3.8131393417716026,-1.51571,999,,,,,,,240,2.727272727,240,2.727272727,,,,,,,,,,,,,,,,,,,"Jesus Bugarin","sa3011857",684109
"Juan Guerrero","COL",121,517,485,119,91,20,3,5,60,50,21,0,88,5,4,2,11,12,4,0.245361,0.040619,0.170213,0.238636,0.281553,0.329897,0.268767,0.61145,0.0845361,5.58118,0.287879,,-0.143439,43.2456,-17.232,57.4602,-0.143439,0.2,-26.442906111478806,-5.498853489756584,-1.52402,999,,,,,,,393.1,3.24876033,393.1,3.24876033,,,,,,,,,,,,,,,,,,,"Juan Guerrero","sa3008759",682648
"Jace Grady",,100,411,372,76,56,14,1,5,36,36,33,0,92,2,4,0,6,7,4,0.204301,0.080292,0.223844,0.358696,0.270073,0.287634,0.250505,0.557707,0.0833333,3.85997,0.25448,,-0.938236,28.3381,-19.7399,57.0809,-0.938236,-1.9,-22.031961262226105,-6.430423140525818,-1.52857,999,,,,,,,254,2.54,254,2.54,,,,,,,,,,,,,,,,,,,"Jace Grady","sa3022505",800056
"Jefrey De Los Santos","NYM",98,376,341,61,37,16,3,5,28,33,28,0,125,5,2,0,5,2,1,0.178886,0.0744681,0.332447,0.224,0.25,0.28739,0.240981,0.53739,0.108504,4.22993,0.262911,,-0.557476,23.0425,-20.9413,55.3769,-0.557476,-8.2,-20.621072709560394,-6.818459510803223,-1.54309,999,,,,,,,211.1,2.154081632,211.1,2.154081632,,,,,,,,,,,,,,,,,,,"Jefrey De Los Santos","sa3015574",691645
"Danyer Cueva",,80,314,299,57,42,11,2,2,33,25,10,0,117,2,3,0,5,6,2,0.190635,0.0318471,0.372611,0.0854701,0.219745,0.26087,0.211597,0.480615,0.0702341,6.50181,0.300546,,-0.0362036,11.8169,-24.9142,32.6498,-0.0362036,-2.5,-24.233911737799644,-1.3462668657302856,-1.55856,999,,,,,,,124.1,1.55125,124.1,1.55125,,,,,,,,,,,,,,,,,,,"Danyer Cueva","sa3015725",694227
"Jose Sanabria",,96,361,329,63,52,9,1,1,33,22,25,0,111,2,1,4,12,5,3,0.191489,0.0692521,0.307479,0.225225,0.252101,0.234043,0.222541,0.486143,0.0425532,4.3613,0.284404,,-0.838521,16.7654,-25.4636,43.1287,-0.838521,-3.1,-25.389078676700592,-1.7735742330551147,-1.56599,999,,,,,,,147.1,1.532291666,147.1,1.532291666,,,,,,,,,,,,,,,,,,,"Jose Sanabria","sa3015595",692027
"Juan Corniel",,96,357,335,65,55,8,1,1,30,24,16,0,88,4,1,1,5,5,5,0.19403,0.0448179,0.246499,0.181818,0.238764,0.232836,0.213697,0.4716,0.038806,4.12595,0.259109,,-1.61696,14.0384,-27.7228,31.8644,-1.61696,-0.3,-30.704287886619568,3.635185182094574,-1.57006,999,,,,,,,122.8,1.279166666,122.8,1.279166666,,,,,,,,,,,,,,,,,,,"Juan Corniel","sa3015169",691284
"Garrett Frechette",,74,282,266,58,45,10,1,2,21,25,9,0,90,4,2,1,5,0,1,0.218045,0.0319149,0.319149,0.1,0.252669,0.285714,0.238411,0.538383,0.0676692,2.43793,0.318182,,-0.862767,16.6986,-16.2892,52.1006,-0.862767,-2.5,-17.01529759168625,-7.680776119232178,-1.58245,999,,,,,,,148.5,2.006756756,148.5,2.006756756,,,,,,,,,,,,,,,,,,,"Garrett Frechette","sa3010636",683102
"Ed Howard","CHC",102,402,378,74,60,11,1,2,34,27,17,0,141,3,2,2,14,4,1,0.195767,0.0422886,0.350746,0.120567,0.235,0.246032,0.215666,0.481032,0.0502645,4.38341,0.303797,,-0.2364,16.4452,-30.58,37.3703,-0.2364,-2.9,-30.343436777591705,1.5312166213989258,-1.5956,999,,,,,,,157.6,1.545098039,157.6,1.545098039,,,,,,,,,,,,,,,,,,,"Ed Howard","sa3014540",690992
"Anthony Servideo",,109,410,365,59,44,10,1,4,42,28,38,0,159,4,1,2,6,7,2,0.161644,0.0926829,0.387805,0.238994,0.247549,0.227397,0.221068,0.474946,0.0657534,5.14491,0.270936,,-0.0887611,18.5551,-29.4059,41.9188,-0.0887611,-6.4,-27.336149960756302,-1.8805999755859375,-1.60294,999,,,,,,,171.4,1.572477064,171.4,1.572477064,,,,,,,,,,,,,,,,,,,"Anthony Servideo","sa3014472",676545
"Jonathan Guzmán",,81,310,285,51,40,7,2,2,23,18,17,0,91,1,1,6,8,4,2,0.178947,0.0548387,0.293548,0.186813,0.226974,0.238596,0.20975,0.46557,0.0596491,4.65798,0.253886,,-0.467773,11.2055,-25.0577,28.2207,-0.467773,0.1,-27.076391100883484,1.2390358224511147,-1.6042,999,,,,,,,107.1,1.322222222,107.1,1.322222222,,,,,,,,,,,,,,,,,,,"Jonathan Guzman","sa917127",666695
"Joe Naranjo","WSN",105,411,370,71,53,13,1,4,34,31,35,0,127,4,2,0,10,2,0,0.191892,0.0851582,0.309002,0.275591,0.26764,0.264865,0.242888,0.532505,0.072973,3.48546,0.278008,,-0.326103,25.8184,-22.2596,53.5109,-0.326103,1.4,-23.174407601356506,-6.150705456733704,-1.61767,999,,,,,,,229.4,2.184761904,229.4,2.184761904,,,,,,,,,,,,,,,,,,,"Joe Naranjo","sa3010025",683172
"Robby Martin Jr.",,80,298,279,61,45,12,0,4,25,27,14,1,79,2,1,2,7,4,4,0.218638,0.0469799,0.265101,0.177215,0.260135,0.304659,0.248569,0.564795,0.0860215,2.93051,0.28934,,-1.29357,20.0824,-14.7771,43.8655,-1.29357,-1.1,-21.29713201522827,-4.384832501411438,-1.62934,999,,,,,,,179.4,2.2425,179.4,2.2425,,,,,,,,,,,,,,,,,,,"Robby Martin Jr.","sa3017155",680910
"Marcus Smith","TEX",103,385,342,58,42,9,2,5,31,32,34,0,181,5,3,1,3,13,6,0.169591,0.0883117,0.47013,0.187845,0.252604,0.251462,0.231201,0.504066,0.0818713,5.70519,0.333333,,-0.469325,20.5635,-24.4731,46.4395,-0.469325,-6.1,-24.06383565068245,-4.685390830039978,-1.6409,999,,,,,,,192.2,1.866019417,192.2,1.866019417,,,,,,,,,,,,,,,,,,,"Marcus Smith","sa1169620",687526
"Kevin Rivas","CLE",47,164,144,21,17,3,1,0,14,8,19,0,94,1,0,0,0,2,2,0.145833,0.115854,0.573171,0.202128,0.25,0.180556,0.208268,0.430556,0.0347222,5.38742,0.42,,-0.702032,5.73248,-13.4519,31.5342,-0.702032,-4.9,-13.549669623374939,-7.912933588027954,-1.65081,999,,,,,,,46.2,0.982978723,46.2,0.982978723,,,,,,,,,,,,,,,,,,,"Kevin Rivas","sa3015539",691422
"Bryson Horne",,104,405,382,82,58,15,1,8,31,39,20,1,138,1,2,0,9,3,1,0.21466,0.0493827,0.340741,0.144928,0.254321,0.32199,0.251872,0.576311,0.10733,3.34268,0.310924,,-0.420615,28.3699,-19.0062,58.0009,-0.420615,-1.3,-20.7608462870121,-8.740476369857788,-1.65647,999,,,,,,,267.5,2.572115384,267.5,2.572115384,,,,,,,,,,,,,,,,,,,"Bryson Horne","sa3014891",695587
"Baron Radcliff",,76,293,265,46,32,7,0,7,22,26,26,0,145,1,1,0,3,1,1,0.173585,0.0887372,0.494881,0.17931,0.249147,0.279245,0.238842,0.528392,0.10566,1.75519,0.342105,,-0.670659,17.4516,-16.823,49.8341,-0.670659,0,-18.24735379219055,-7.536008358001709,-1.65698,999,,,,,,,158.8,2.089473684,158.8,2.089473684,,,,,,,,,,,,,,,,,,,"Baron Radcliff","sa3014424",676288
"Osvaldo Tovalin",,100,394,370,76,58,13,1,4,35,38,12,0,82,9,1,2,12,4,2,0.205405,0.0304569,0.208122,0.146341,0.247449,0.278378,0.23466,0.525827,0.072973,4.04408,0.252632,,-0.633514,22.1411,-23.9483,49.0766,-0.633514,2.6,-24.625999212265015,-4.6383891105651855,-1.66976,999,,,,,,,201.6,2.016,201.6,2.016,,,,,,,,,,,,,,,,,,,"Osvaldo Tovalin","sa3016927",694976
"Jake DeLeo",,98,387,358,71,51,15,2,3,38,29,23,0,132,2,2,2,6,9,2,0.198324,0.0594315,0.341085,0.174242,0.249351,0.276536,0.234813,0.525887,0.0782123,5.92982,0.302222,,0.390163,21.7954,-23.4751,45.0897,0.390163,0.2,-25.02106887102127,-4.065872952342033,-1.67547,999,,,,,,,209.2,2.134693877,209.2,2.134693877,,,,,,,,,,,,,,,,,,,"Jake DeLeo","sa3022427",691939
"Jose Escorche",,55,206,192,33,29,4,0,0,18,12,9,0,67,2,1,2,4,4,2,0.171875,0.0436893,0.325243,0.134328,0.215686,0.192708,0.187402,0.408395,0.0208333,4.46557,0.261905,,-0.32571,3.74085,-20.3566,19.5831,-0.32571,-4.7,-19.280551314353943,-3.943092107772827,-1.68778,999,,,,,,,39.4,0.716363636,39.4,0.716363636,,,,,,,,,,,,,,,,,,,"Jose Escorche","sa3008886",683536
"Jorge Ruiz","LAA",107,459,414,86,65,14,3,4,48,37,21,0,104,7,3,14,9,10,4,0.207729,0.0457516,0.22658,0.201923,0.25618,0.285024,0.241247,0.541204,0.0772947,5.91206,0.265372,,-0.354021,28.2271,-25.4658,51.7165,-0.354021,-1,-25.712163746356964,-6.059523582458496,-1.69776,999,,,,,,,254.7,2.380373831,254.7,2.380373831,,,,,,,,,,,,,,,,,,,"Jorge Ruiz","sa3015873",702409
"Brayden Jobert",,99,370,328,55,39,9,1,6,34,36,28,0,126,11,3,0,2,7,3,0.167683,0.0756757,0.340541,0.222222,0.254054,0.256098,0.234546,0.510152,0.0884146,4.86829,0.246231,,-0.430628,20.7585,-22.5234,49,-0.430628,-1.7,-22.995504707098007,-5.778483152389526,-1.70151,999,,,,,,,190.1,1.92020202,190.1,1.92020202,,,,,,,,,,,,,,,,,,,"Brayden Jobert","sa3022434",801430
"Mahki Backstrom",,63,243,219,32,18,8,3,3,20,20,21,0,136,3,0,0,2,5,2,0.146119,0.0864198,0.559671,0.154412,0.230453,0.251142,0.219989,0.481594,0.105023,6.6727,0.3625,,-0.141495,10.7861,-17.6395,36.5411,-0.141495,-2.6,-18.581462651491165,-7.064285755157471,-1.81442,999,,,,,,,104.6,1.66031746,104.6,1.66031746,,,,,,,,,,,,,,,,,,,"Mahki Backstrom","sa3011599",683106
"Kade Kern",,92,344,320,56,42,8,1,5,27,29,18,0,127,4,2,0,15,8,5,0.175,0.0523256,0.369186,0.141732,0.226744,0.253125,0.21567,0.479869,0.078125,4.63675,0.268421,,-0.930147,14.0736,-26.1669,33.6344,-0.930147,3,-28.23015582561493,-0.7918870449066162,-1.81638,999,,,,,,,136.7,1.485869565,136.7,1.485869565,,,,,,,,,,,,,,,,,,,"Kade Kern","sa3022508",807746
"Anderson De Los Santos","BAL",110,444,406,75,54,12,2,7,37,38,31,0,150,4,2,1,14,6,8,0.184729,0.0698198,0.337838,0.206667,0.248307,0.275862,0.235749,0.524169,0.091133,4.11122,0.270916,,-2.74248,25.34,-26.5983,52.2453,-2.74248,-7.2,-27.003228664398193,-5.568606495857239,-1.83214,999,,,,,,,220,2,220,2,,,,,,,,,,,,,,,,,,,"Anderson De Los Santos","sa3015747",698945
"Kevin Villavicencio","NYM",112,372,353,66,53,9,3,1,36,25,14,0,97,3,1,1,20,11,5,0.186969,0.0376344,0.260753,0.14433,0.22372,0.23796,0.2066,0.46168,0.0509915,6.55052,0.253906,,-0.377502,12.5033,-31.0125,32.2359,-0.377502,-1.2,-30.521729558706284,0.16684293746948242,-1.85791,999,,,,,,,127.1,1.134821428,127.1,1.134821428,,,,,,,,,,,,,,,,,,,"Kevin Villavicencio","sa3015673",692944
"Jesus Chirinos",,98,386,347,65,46,12,0,7,33,33,36,0,166,1,2,0,8,0,0,0.18732,0.0932643,0.430052,0.216867,0.264249,0.282421,0.247379,0.546669,0.0951009,1.24658,0.329545,,-0.655071,25.643,-19.5105,55.7974,-0.655071,0,-21.058204472064972,-9.927983283996582,-1.87505,999,,,,,,,228.6,2.332653061,228.6,2.332653061,,,,,,,,,,,,,,,,,,,"Jesus Chirinos","sa3005538",678652
"Ethan Wilson",,111,439,409,83,57,16,2,8,36,41,21,0,114,4,3,2,9,8,5,0.202934,0.047836,0.259681,0.184211,0.24714,0.310513,0.245441,0.557653,0.107579,4.46888,0.258621,,-1.07221,28.4794,-22.874,54.2759,-1.07221,-3,-25.07552182674408,-7.839065074920654,-1.89226,999,,,,,,,265,2.387387387,265,2.387387387,,,,,,,,,,,,,,,,,,,"Ethan Wilson","sa3017329",681159
"Axel Sanchez","SEA",97,391,358,58,44,9,1,4,33,28,23,0,140,6,3,1,6,8,5,0.162011,0.0588235,0.358056,0.164286,0.223077,0.226257,0.205243,0.449334,0.0642458,4.88637,0.248848,,-1.00118,12.715,-33.0234,34.5423,-1.00118,-6,-30.28603756427765,-1.690035343170166,-1.95346,999,,,,,,,124.4,1.282474226,124.4,1.282474226,,,,,,,,,,,,,,,,,,,"Axel Sanchez","sa3015601",692046
"Armando Cruz","WSN",99,400,369,70,58,9,1,2,34,26,14,0,72,3,2,12,6,8,4,0.189702,0.035,0.18,0.194444,0.224227,0.235772,0.205997,0.459999,0.0460705,4.77205,0.228956,,-0.611957,13.2504,-33.5409,28.6803,-0.611957,-2.7,-34.725799322128296,1.7091710567474365,-2.03669,999,,,,,,,128.6,1.298989898,128.6,1.298989898,,,,,,,,,,,,,,,,,,,"Armando Cruz","sa3015695",694182
"Jackson Hornung","TOR",111,454,417,82,57,18,2,5,37,41,29,0,143,6,2,0,11,0,0,0.196643,0.0638767,0.314978,0.202797,0.257709,0.285372,0.243549,0.543081,0.088729,2.40465,0.284133,,-0.726103,28.7611,-24.347,56.4562,-0.726103,0,-23.345853805541992,-11.67695426940918,-2.05077,999,,,,,,,257.8,2.322522522,257.8,2.322522522,,,,,,,,,,,,,,,,,,,"Jackson Hornung","sa3022704",814408
"Kyle Nevin","LAD",113,479,440,91,66,15,4,6,49,42,32,1,177,4,3,0,15,8,4,0.206818,0.0668058,0.36952,0.180791,0.265136,0.3,0.250859,0.565136,0.0931818,5.62683,0.326923,,-0.81716,33.163,-22.8695,60.2104,-0.81716,0,-23.608303666114807,-12.319958686828613,-2.06619,999,,,,,,,304.3,2.692920353,304.3,2.692920353,,,,,,,,,,,,,,,,,,,"Kyle Nevin","sa3019894",693819
"Trey Harris",,85,342,320,65,50,12,1,2,24,27,15,0,84,6,1,0,10,2,3,0.203125,0.0438596,0.245614,0.178571,0.251462,0.265625,0.232416,0.517087,0.0625,2.94176,0.268085,,-1.37538,18.6012,-21.4053,46.462,-1.37538,0,-23.270627737045288,-8.796296119689941,-2.13772,999,,,,,,,161.7,1.902352941,161.7,1.902352941,,,,,,,,,,,,,,,,,,,"Trey Harris","sa3006876",674677
"Noelberth Romero","BAL",107,396,371,69,52,10,1,6,32,33,17,0,107,4,3,1,8,6,4,0.185984,0.0429293,0.270202,0.158879,0.227848,0.266846,0.219942,0.494694,0.0808625,3.99501,0.241379,,-0.996172,17.5624,-28.7609,41.1264,-0.996172,-9.4,-27.672192096710205,-7.944973111152649,-2.31226,999,,,,,,,169.7,1.585981308,169.7,1.585981308,,,,,,,,,,,,,,,,,,,"Noelberth Romero","sa3008808",682801
"Kevin Sim",,113,413,385,69,46,15,1,7,37,37,22,0,138,5,1,0,8,3,2,0.179221,0.0532688,0.33414,0.15942,0.232446,0.277922,0.227783,0.510368,0.0987013,3.90494,0.257261,,-0.78616,20.9229,-27.389,41.3454,-0.78616,1,-29.753801465034485,-6.587448596954346,-2.33542,999,,,,,,,197.5,1.74778761,197.5,1.74778761,,,,,,,,,,,,,,,,,,,"Kevin Sim","sa3022560",691726
"T.J. White","WSN",110,421,386,67,44,11,1,11,33,39,31,0,159,2,2,0,7,2,0,0.173575,0.0736342,0.377672,0.194969,0.23753,0.292746,0.236421,0.530276,0.119171,3.25829,0.256881,,-0.207717,24.2551,-24.9926,49.1579,-0.207717,0,-25.80341774225235,-10.8281888961792,-2.33794,999,,,,,,,233,2.118181818,233,2.118181818,,,,,,,,,,,,,,,,,,,"T.J. White","sa3017697",695604
"Austin Hendrick","CIN",119,478,442,80,53,15,0,12,40,48,25,1,208,7,3,1,3,8,5,0.180995,0.0523013,0.435146,0.120192,0.234801,0.29638,0.234713,0.531181,0.115385,3.51127,0.302222,,-1.088,26.8818,-29.0337,41.1697,-1.088,1.1,-34.715166091918945,-4.1689594984054565,-2.37489,999,,,,,,,259.5,2.180672268,259.5,2.180672268,,,,,,,,,,,,,,,,,,,"Austin Hendrick","sa3014521",690988
"Brock Vradenburg","PHI",121,494,442,80,54,16,2,8,38,38,48,0,165,1,3,0,3,9,6,0.180995,0.097166,0.334008,0.290909,0.261134,0.280543,0.245058,0.541677,0.0995475,4.06916,0.264706,,-1.44296,31.895,-25.8922,51.9854,-1.44296,-6.2,-29.806553840637207,-15.275543212890625,-2.96008,999,,,,,,,286.3,2.366115702,286.3,2.366115702,,,,,,,,,,,,,,,,,,,"Brock Vradenburg","sa3022537",802544