Name,Team,W,L,QS,ERA,G,GS,SV,HLD,BS,IP,TBF,H,R,ER,HR,BB,IBB,HBP,SO,K/9,BB/9,K/BB,HR/9,K%,BB%,K-BB%,AVG,WHIP,BABIP,LOB%,GB%,HR/FB,FIP,WAR,RA9-WAR,ADP,InterSD,InterSK,IntraSD,Vol,Skew,Dim,FPTS,FPTS/IP,SPTS,SPTS/IP,P10,P20,P30,P40,P50,P60,P70,P80,P90,TT10,TT20,TT30,TT40,TT50,TT60,TT70,TT80,TT90,NameASCII,PlayerId,MLBAMID
"Anthony Reyes","SDP",1,2,,4.846153846153846,5,3,,,,13,,13,7,7,1,6,0,1,9,6.230769230769231,4.153846153846154,1.5,0.6923076923076923,,,,,1.4615384615384615,,0.6818181818181818,,,4.325221325800969,-0.009566897701006383,,,,,,,,,47.1,3.623076923076923,49,3.769230769230769,,,,,,,,,,,,,,,,,,,"Anthony Reyes","7105",435039
"Héctor Rondón","CHC",0,1,,4.736842037332262,5,4,,,,13.300000190734863,,14,7,7,2,5,0,1,11,7.44360891580784,3.3834585980944727,2.2,1.353383439237789,,,,,1.428571408084333,,0.7407407407407408,,,4.748587409655703,-0.009787672403701986,,,,,,,,,41.420001411438,3.1142857757470024,44.500000953674316,3.3458646853760357,,,,,,,,,,,,,,,,,,,"Hector Rondon","2391",444468
"David Aardsma","NYY",1,1,,4.897959247225278,16,0,,,,14.699999809265137,,14,9,8,2,7,1,0,14,8.571428682644237,4.285714341322119,2,1.2244898118063194,,,,,1.4285714471073727,,0.6593406593406593,,,4.386969118605076,-0.010817953413850223,,,,,,,,,54.77999858856203,3.7265305645810427,54.499999046325684,3.707482976426663,,,,,,,,,,,,,,,,,,,"David Aardsma","1902",430911
"Jose Contreras","PHI",1,1,,4.117647007491579,18,0,,,,15.300000190734863,,15,7,7,2,5,0,1,14,8.235294014983157,2.9411764339225566,2.8,1.1764705735690226,,,,,1.3071895261878028,,0.7558139534883721,,,4.140203715981981,-0.01125950281924143,,,,,,,,,59.62000141143798,3.8967320698166876,60.500000953674316,3.9542483790497576,,,,,,,,,,,,,,,,,,,"Jose Contreras","1660",425747
"Chia-Jen Lo","HOU",0,0,,4.8502991796117,12,2,,,,16.700000762939453,,17,10,9,2,8,0,1,15,8.0838319660195,4.311377048543734,1.875,1.0778442621359334,,,,,1.4970059196332408,,0.6756756756756757,,,4.47169754109432,-0.0122897845312131,,,,,,,,,57.780005645751956,3.45988041952531,60.500003814697266,3.6227545539374186,,,,,,,,,,,,,,,,,,,"Chia-Jen Lo","5440",547568
"Bobby Jenks","BOS",1,1,,4.764705882352941,17,0,,,,17,,17,10,9,2,8,0,0,15,7.9411764705882355,4.235294117647059,1.875,1.0588235294117647,,,,,1.4705882352941178,,0.6756756756756757,,,4.270922683267033,-0.01251055853208527,,,,,,,,,63.000000000000014,3.7058823529411775,65,3.823529411764706,,,,,,,,,,,,,,,,,,,"Bobby Jenks","8645",408057
"Pedro Feliciano","NYM",1,1,,4,24,0,,,,18,,18,9,8,2,7,1,1,15,7.5,3.5,2.142857142857143,1,,,,,1.3888888888888888,,0.7207207207207208,,,4.20556320614285,-0.013246473739854991,,,,,,,,,67.80000000000001,3.7666666666666675,70,3.888888888888889,,,,,,,,,,,,,,,,,,,"Pedro Feliciano","1601",408230
"George Sherrill","KCR",1,1,,4.81283402824059,28,0,,,,18.700000762939453,,20,11,10,2,7,1,0,17,8.181817848009004,3.368983819768413,2.4285714285714284,0.962566805648118,,,,,1.4438502084721772,,0.6611570247933884,,,3.789639232444268,-0.013761614946752543,,,,,,,,,74.78000564575197,3.9989306200433172,80.50000381469727,4.30481286258747,,,,,,,,,,,,,,,,,,,"George Sherrill","6291",430941
"Takashi Saito","ARI",1,1,,4.347825926708795,25,0,,,,20.700000762939453,,21,11,10,3,7,1,1,17,7.391304075404952,3.0434781486961566,2.4285714285714284,1.3043477780126387,,,,,1.3526569549760696,,0.7142857142857143,,,4.495418226971239,-0.015233445362291986,,,,,,,,,71.68000564575195,3.4628020774803683,74.50000381469727,3.5990338680604994,,,,,,,,,,,,,,,,,,,"Takashi Saito","6021",493416
"Angel Guzman","LAD",1,2,,4.147465291969359,23,0,,,,21.700000762939453,,22,11,10,2,8,0,1,15,6.221197937954039,3.3179722335754875,1.875,0.8294930583938719,,,,,1.382488430656453,,0.698529411764706,,,4.154359891868353,-0.015969360570061708,,,,,,,,,81.78000564575196,3.7686637221423833,85.50000381469727,3.940092203163386,,,,,,,,,,,,,,,,,,,"Angel Guzman","2145",425768
"Willie Collazo","TOR",1,1,,4.9769583503632315,8,3,,,,21.700000762939453,,25,13,12,3,6,0,1,11,4.562211821166295,2.4884791751816158,1.8333333333333333,1.2442395875908079,,,,,1.4285713783450016,,0.6716417910447761,,,4.845604107196579,-0.015969360570061708,,,,,,,,,59.68000564575195,2.7502305782254624,70.50000381469727,3.2488479878351595,,,,,,,,,,,,,,,,,,,"Willie Collazo","3503",458974
"Brad Lidge","WSN",1,1,,4.03587457753937,25,0,,,,22.299999237060547,,20,11,10,2,12,4,0,22,8.878924070586613,4.843049493047244,1.8333333333333333,0.8071749155078739,,,,,1.4349776275695536,,0.7191780821917808,,,3.9016270105396123,-0.01641090857180605,,,,,,,,,96.41999435424805,4.323766710897769,93.49999618530273,4.192825084492126,,,,,,,,,,,,,,,,,,,"Brad Lidge","563",400058
"Mariano Rivera","NYY",1,1,,3.130434782608696,26,0,,,,23,,21,9,8,2,5,2,1,22,8.608695652173912,1.9565217391304348,4.4,0.782608695652174,,,,,1.1304347826086956,,0.7327586206896552,,,3.0944520950317385,-0.0169260497787036,,,,,,,,,117.00000000000003,5.086956521739132,115,5,,,,,,,,,,,,,,,,,,,"Mariano Rivera","844",121250
"Matt West","TEX",1,2,,5.478260869565218,21,0,,,,23,,26,15,14,3,13,0,1,14,5.478260869565218,5.086956521739131,1.0769230769230769,1.173913043478261,,,,,1.6956521739130435,,0.6896551724137931,,,5.3987999211186946,-0.0169260497787036,,,,,,,,,51.7,2.247826086956522,62,2.6956521739130435,,,,,,,,,,,,,,,,,,,"Matt West","7980",519411
"Joel Zumaya","MIN",2,1,,4.248927177754257,21,0,,,,23.299999237060547,,22,12,11,2,11,0,0,22,8.497854355508514,4.248927177754257,2,0.7725322141371376,,,,,1.416309059251419,,0.695364238410596,,,3.73822894014602,-0.01714682377957577,,,,,,,,,101.61999435424805,4.361373291060592,101.49999618530273,4.356223154885718,,,,,,,,,,,,,,,,,,,"Joel Zumaya","4699",451491
"Royce Ring","COL",1,1,,5.101214417331265,31,0,,,,24.700000762939453,,28,15,14,4,10,1,1,18,6.558704250854484,3.643724583808047,1.8,1.4574898335232187,,,,,1.5384614909411753,,0.7098765432098766,,,5.078257701771675,-0.018177106193370873,,,,,,,,,63.780005645751956,2.5821863836315826,74.50000381469727,3.0161943932600632,,,,,,,,,,,,,,,,,,,"Royce Ring","4350",429721
"Stu Pomeranz","BAL",1,1,,4.68,20,0,,,,25,,26,14,13,3,10,0,2,21,7.56,3.6,2.1,1.08,,,,,1.44,,0.6918238993710691,,,4.414452095031739,-0.018397880194243044,,,,,,,,,86.49999999999999,3.4599999999999995,92,3.68,,,,,,,,,,,,,,,,,,,"Stu Pomeranz","6382",456421
"John Lamb","KCR",1,1,,5.76,8,8,,,,25,,30,17,16,4,11,0,2,14,5.04,3.96,1.2727272727272727,1.44,,,,,1.64,,0.6779661016949153,,,5.614452095031739,-0.018397880194243044,,,,,,,,,46.8,1.8719999999999999,62,2.48,,,,,,,,,,,,,,,,,,,"John Lamb","8493",543424
"Rich Rundles","BAL",1,2,,5.335968540356558,24,0,,,,25.299999237060547,,28,16,15,3,12,1,2,17,6.0474310124040995,4.268774832285247,1.4166666666666667,1.0671937080713116,,,,,1.5810277156612025,,0.670391061452514,,,4.952159660933651,-0.018618654195115214,,,,,,,,,69.51999435424806,2.747825946666912,79.49999618530273,3.142292434098087,,,,,,,,,,,,,,,,,,,"Rich Rundles","2760",457858
"Paco Rodríguez","LAD",1,1,,3.1153846153846154,34,0,,,,26,,21,10,9,2,12,2,1,28,9.692307692307692,4.153846153846154,2.3333333333333335,0.6923076923076923,,,,,1.2692307692307692,,0.7615894039735099,,,3.4406059411855847,-0.019133795402012765,,,,,,,,,130.20000000000002,5.0076923076923086,121,4.653846153846154,,,,,,,,,,,,,,,,,,,"Paco Rodriguez","13398",572089
"Mitch Stetter","LAA",1,1,,5.1923076923076925,36,0,,,,26,,27,16,15,4,14,1,2,21,7.269230769230769,4.846153846153846,1.5,1.3846153846153846,,,,,1.5769230769230769,,0.7062146892655368,,,5.325221325800969,-0.019133795402012765,,,,,,,,,66.99999999999999,2.576923076923076,72,2.769230769230769,,,,,,,,,,,,,,,,,,,"Mitch Stetter","5579",449777
"Stephen Marek","TOR",2,2,,4.719100988749501,25,0,,,,26.700000762939453,,27,15,14,4,11,0,2,24,8.08988740928486,3.7078650625888936,2.1818181818181817,1.348314568214143,,,,,1.4232209331149288,,0.7098765432098766,,,4.704938940398632,-0.019648936608910317,,,,,,,,,87.18000564575196,3.2651686574766283,90.50000381469727,3.3895131546331068,,,,,,,,,,,,,,,,,,,"Stephen Marek","sa288780",447821
"Rich Hill","CLE",1,1,,3.956044066601542,31,0,,,,27.299999237060547,,25,13,12,3,12,1,1,29,9.560439827620392,3.956044066601542,2.4166666666666665,0.9890110166503855,,,,,1.3553113931875653,,0.7317073170731708,,,3.8270528481060984,-0.020090484610654658,,,,,,,,,119.11999435424806,4.36336987850678,116.49999618530273,4.26739924692564,,,,,,,,,,,,,,,,,,,"Rich Hill","4806",448179
"Kerry Wood","CHC",2,2,,3.956044066601542,29,0,,,,27.299999237060547,,24,13,12,3,15,1,2,29,9.560439827620392,4.945055083251927,1.9333333333333333,0.9890110166503855,,,,,1.4285714684950013,,0.7471264367816093,,,4.266613299950714,-0.020090484610654658,,,,,,,,,109.71999435424806,4.019047524561831,104.49999618530273,3.8278387950810244,,,,,,,,,,,,,,,,,,,"Kerry Wood","304",134268
"Tim Byrdak","NYM",2,1,,3.857142857142857,53,0,,,,28,,23,13,12,3,15,4,1,31,9.964285714285714,4.821428571428571,2.066666666666667,0.9642857142857143,,,,,1.3571428571428572,,0.7396449704142013,,,3.9873092378888813,-0.02060562581755221,,,,,,,,,124.50000000000003,4.446428571428572,115,4.107142857142857,,,,,,,,,,,,,,,,,,,"Tim Byrdak","1995",136263
"Joe Thatcher","SDP",2,1,,3.180212099869586,48,0,,,,28.299999237060547,,23,11,10,2,11,2,2,33,10.494699929569633,3.4982333098565443,3,0.6360424199739172,,,,,1.2014134599507325,,0.7371794871794872,,,3.0591164050331874,-0.02082639981842438,,,,,,,,,152.01999435424804,5.3717313940831755,142.49999618530273,5.035335689998551,,,,,,,,,,,,,,,,,,,"Joe Thatcher","4620",491159
"Michael Wuertz",,0,0,,4.770318149804379,31,0,,,,28.299999237060547,,27,16,15,3,16,3,0,28,8.90459387963484,5.088339359791338,1.75,0.9540636299608758,,,,,1.519434669937691,,0.6958762886597939,,,4.189858484986818,-0.02082639981842438,,,,,,,,,110.31999435424804,3.8982331211436003,110.49999618530273,3.9045936100449206,,,,,,,,,,,,,,,,,,,"Michael Wuertz","1856",430900
"Horacio Ramirez","CHC",1,2,,5.406360569778296,19,2,,,,28.299999237060547,,34,18,17,4,9,1,2,12,3.816254519843503,2.862190889882627,1.3333333333333333,1.2720848399478344,,,,,1.519434669937691,,0.6684491978609626,,,5.249929184943347,-0.02082639981842438,,,,,,,,,62.81999435424805,2.2197878462124305,80.49999618530273,2.8445229100883918,,,,,,,,,,,,,,,,,,,"Horacio Ramirez","110",400141
"Neal Cotts","TEX",1,2,,5.724381779765254,24,0,,,,28.299999237060547,,32,19,18,4,18,1,2,21,6.67844540972613,5.724381779765254,1.1666666666666667,1.2720848399478344,,,,,1.7667844999275477,,0.6981981981981982,,,5.567950394930305,-0.02082639981842438,,,,,,,,,59.019994354248055,2.0855122242179367,71.49999618530273,2.5265017001014334,,,,,,,,,,,,,,,,,,,"Neal Cotts","1797",425840
"Joey Devine","OAK",2,2,,3.763066102056042,32,0,,,,28.700000762939453,,26,13,12,3,12,0,2,27,8.466898729626095,3.763066102056042,2.25,0.9407665255140105,,,,,1.3240417766493482,,0.7396449704142013,,,4.0352186205457485,-0.02112076702444976,,,,,,,,,119.88000564575195,4.1770035699982975,116.50000381469727,4.05923347448599,,,,,,,,,,,,,,,,,,,"Joey Devine","9862",457733
"Cole Kimball","WSN",2,2,,4.607508652397615,25,0,,,,29.299999237060547,,27,16,15,4,18,1,2,27,8.293515574315707,5.529010382877138,1.5,1.2286689739726975,,,,,1.5358362174658717,,0.7360406091370558,,,5.07397433087664,-0.0215623150261941,,,,,,,,,91.41999435424803,3.1201364073284372,88.49999618530273,3.0204777641550984,,,,,,,,,,,,,,,,,,,"Cole Kimball","9480",501993
"Logan Kensing","COL",1,2,,5.836177626370313,25,0,,,,29.299999237060547,,34,20,19,4,16,1,2,21,6.450512113356662,4.91467589589079,1.3125,1.2286689739726975,,,,,1.7064846860731908,,0.6756756756756757,,,5.278752493205422,-0.0215623150261941,,,,,,,,,67.21999435424803,2.2941978192690122,82.49999618530273,2.815699601826316,,,,,,,,,,,,,,,,,,,"Logan Kensing","6166",434137
"Peter Moylan","LAD",2,2,,4.2,37,0,,,,30,,29,15,14,3,15,1,1,24,7.2,4.5,1.6,0.9,,,,,1.4666666666666666,,0.7286432160804021,,,4.394452095031738,-0.022077456233091652,,,,,,,,,109.69999999999999,3.6566666666666663,111,3.7,,,,,,,,,,,,,,,,,,,"Peter Moylan","4891",493247
"Joe Torres","COL",2,2,,5.7,33,0,,,,30,,32,20,19,4,21,1,2,27,8.1,6.3,1.2857142857142858,1.2,,,,,1.7666666666666666,,0.6962025316455697,,,5.327785428365072,-0.022077456233091652,,,,,,,,,74.60000000000001,2.486666666666667,83,2.7666666666666666,,,,,,,,,,,,,,,,,,,"Joe Torres","sa198956",445229
"Juan Gutierrez","KCR",1,2,,5.7,29,0,,,,30,,34,20,19,6,12,1,2,22,6.6,3.6,1.8333333333333333,1.8,,,,,1.5333333333333334,,0.6914893617021276,,,5.627785428365072,-0.022077456233091652,,,,,,,,,61.79999999999998,2.0599999999999996,74,2.466666666666667,,,,,,,,,,,,,,,,,,,"Juan Gutierrez","3265",434641
"Juan Cruz","PHI",1,1,,4.313099146665607,36,0,,,,31.299999237060547,,30,16,15,3,16,1,1,30,8.626198293331214,4.600639089776648,1.875,0.8626198293331214,,,,,1.4696485981230958,,0.7177033492822967,,,4.05291857206854,-0.023034145441733545,,,,,,,,,125.71999435424809,4.016613336060091,126.49999618530273,4.041533522963198,,,,,,,,,,,,,,,,,,,"Juan Cruz","273",407297
"Randy Choate","STL",1,1,,3.4069399810949865,65,0,,,,31.700000762939453,,28,13,12,3,13,2,3,31,8.801261617828715,3.6908516461862355,2.3846153846153846,0.8517349952737466,,,,,1.293375363193467,,0.7608695652173914,,,3.8830956091740965,-0.023328512647758926,,,,,,,,,138.88000564575196,4.381072627863054,133.50000381469727,4.211356485857642,,,,,,,,,,,,,,,,,,,"Randy Choate","813",329092
"Andrew Carignan","OAK",2,1,,3.9747633112774845,29,0,,,,31.700000762939453,,30,15,14,3,13,0,2,28,7.949526622554969,3.6908516461862355,2.1538461538461537,0.8517349952737466,,,,,1.3564668443248558,,0.7216494845360826,,,3.9777328308711795,-0.023328512647758926,,,,,,,,,130.68000564575195,4.12239755522436,130.50000381469727,4.116719264160559,,,,,,,,,,,,,,,,,,,"Andrew Carignan","2431",446398
"Jason Bulger","NYY",1,1,,6.246056632007475,29,0,,,,31.700000762939453,,34,24,22,6,25,1,2,27,7.66561495746372,7.097791627281222,1.08,1.7034699905474933,,,,,1.8611986933759648,,0.691699604743083,,,6.406754854429642,-0.023328512647758926,,,,,,,,,45.380005645751936,1.4315458849706342,53.500003814697266,1.6876972406020965,,,,,,,,,,,,,,,,,,,"Jason Bulger","3915",408072
"Bill Bray","WSN",2,2,,4.5,47,0,,,,32,,30,17,16,3,18,1,1,29,8.15625,5.0625,1.6111111111111112,0.84375,,,,,1.5,,0.7077625570776256,,,4.2819520950317385,-0.023549286648631096,,,,,,,,,122.9,3.840625,122,3.8125,,,,,,,,,,,,,,,,,,,"Bill Bray","8538",435538
"Sean Green","TEX",1,2,,5.851393327066837,26,0,,,,32.29999923706055,,38,22,21,4,21,3,2,21,5.851393327066837,5.851393327066837,1,1.1145511099174927,,,,,1.8266254301425575,,0.6928838951310862,,,5.54027258623957,-0.023770060649503266,,,,,,,,,64.01999435424808,1.982043215678856,82.49999618530273,2.554179508792169,,,,,,,,,,,,,,,,,,,"Sean Green","3001",434958
"Brandon Erbe","PHI",2,4,,6.408668882025583,15,5,,,,32.29999923706055,,39,25,23,5,21,0,2,21,5.851393327066837,5.851393327066837,1,1.3931888873968659,,,,,1.8575851831958212,,0.660377358490566,,,5.942749375931998,-0.023770060649503266,,,,,,,,,49.119994354248064,1.5207428951852264,69.49999618530273,2.151702719099741,,,,,,,,,,,,,,,,,,,"Brandon Erbe","sa294339",476258
"Brian Bruney","CHW",2,2,,5.504587027533131,31,0,,,,32.70000076293945,,34,21,20,4,23,0,1,27,7.431192487169727,6.330275081663101,1.173913043478261,1.1009174055066262,,,,,1.7431192253854915,,0.7003891050583658,,,5.23512482796129,-0.024064427855528647,,,,,,,,,86.38000564575194,2.641590325088026,93.50000381469727,2.8593272670704493,,,,,,,,,,,,,,,,,,,"Brian Bruney","1929",430663
"Zach Braddock","BAL",1,1,,4.594594699861789,39,0,,,,33.29999923706055,,31,18,17,4,19,1,2,36,9.729729952648494,5.135135252786705,1.894736842105263,1.0810811058498326,,,,,1.5015015359025454,,0.7207207207207208,,,4.385743415907927,-0.024505975857272988,,,,,,,,,125.61999435424805,3.7723722892594505,123.49999618530273,3.708708679123811,,,,,,,,,,,,,,,,,,,"Zach Braddock","4553",488722
"Zech Zinicola","BAL",2,2,,4.594594699861789,29,0,,,,33.29999923706055,,35,18,17,4,13,1,2,27,7.297297464486371,3.513513594011956,2.076923076923077,1.0810811058498326,,,,,1.4414414744664434,,0.7075471698113208,,,4.385743415907927,-0.024505975857272988,,,,,,,,,115.21999435424806,3.4600599697917214,123.49999618530273,3.708708679123811,,,,,,,,,,,,,,,,,,,"Zech Zinicola","sa326785",453216
"Sergio Santos","TOR",3,1,,3.4411764705882355,35,0,,,,34,,29,14,13,3,14,2,2,41,10.852941176470589,3.7058823529411766,2.9285714285714284,0.7941176470588235,,,,,1.2647058823529411,,0.7474226804123711,,,3.24151091856115,-0.02502111706417054,,,,,,,,,173.3,5.097058823529412,165,4.852941176470588,,,,,,,,,,,,,,,,,,,"Sergio Santos","4734",435045
"Al Alburquerque","DET",2,2,,3.890489828005528,30,0,,,,34.70000076293945,,30,16,15,3,19,1,2,41,10.634005529881776,4.927953782140335,2.1578947368421053,0.7780979656011056,,,,,1.4121037153501546,,0.7366071428571429,,,3.6708209584399647,-0.02553625827106809,,,,,,,,,160.88000564575194,4.636311299957554,153.50000381469727,4.423631136591774,,,,,,,,,,,,,,,,,,,"Al Alburquerque","6324",456379
"Juan Carlos Oviedo","TBR",2,2,,3.890489828005528,37,0,,,,34.70000076293945,,32,16,15,4,11,1,0,30,7.780979656011056,2.8530258738707204,2.727272727272727,1.0374639541348074,,,,,1.2391930563276867,,0.7219251336898396,,,3.8149131742920215,-0.02553625827106809,,,,,,,,,151.38000564575196,4.362536089838647,148.50000381469727,4.279538920739717,,,,,,,,,,,,,,,,,,,"Juan Carlos Oviedo","2886",434663
"Andrew Bailey","BOS",2,1,,3.857142857142857,37,0,,,,35,,34,16,15,4,11,2,0,32,8.228571428571428,2.8285714285714287,2.909090909090909,1.0285714285714285,,,,,1.2857142857142858,,0.7360406091370558,,,3.6944520950317385,-0.02575703227194026,,,,,,,,,152.4,4.354285714285714,154,4.4,,,,,,,,,,,,,,,,,,,"Andrew Bailey","1368",457732
"Arquimedes Caminero",,1,1,,4.628571428571429,28,0,,,,35,,34,19,18,3,24,1,2,31,7.9714285714285715,6.171428571428572,1.2916666666666667,0.7714285714285715,,,,,1.6571428571428573,,0.724907063197026,,,4.66588066646031,-0.02575703227194026,,,,,,,,,117.69999999999999,3.3628571428571425,120,3.4285714285714284,,,,,,,,,,,,,,,,,,,"Arquimedes Caminero","8992",491708
"Santo Manzanillo","MIL",2,4,,6.1189803022212885,31,0,,,,35.29999923706055,,39,26,24,6,25,1,2,27,6.88385283999895,6.373937814813842,1.08,1.5297450755553221,,,,,1.8130312006581595,,0.6834532374100719,,,6.068956408611531,-0.02597780627281243,,,,,,,,,59.01999435424804,1.671954550420627,71.49999618530273,2.025495686420207,,,,,,,,,,,,,,,,,,,"Santo Manzanillo","sa329086",503447
"Melvin Mercedes","DET",1,4,,7.393767865184057,24,0,,,,35.29999923706055,,47,31,29,8,20,0,3,16,4.079320201480859,5.099150251851074,0.8,2.0396601007404294,,,,,1.898017038189011,,0.6451612903225806,,,7.088786458981746,-0.02597780627281243,,,,,,,,,3.6199943542480497,0.10254941735090782,35.499996185302734,1.0056656360499923,,,,,,,,,,,,,,,,,,,"Melvin Mercedes","10181",542235
"Michael Gonzalez","MIL",1,1,,4.25,43,0,,,,36,,33,18,17,5,16,1,1,40,10,4,2.5,1.25,,,,,1.3611111111111112,,0.7380952380952381,,,4.0944520950317385,-0.026492947479709983,,,,,,,,,148.10000000000002,4.11388888888889,144,4,,,,,,,,,,,,,,,,,,,"Michael Gonzalez","1794",283166
"Kevin Whelan","CIN",2,3,,5.5,35,0,,,,36,,35,24,22,6,26,0,2,34,8.5,6.5,1.3076923076923077,1.5,,,,,1.6944444444444444,,0.7034220532319392,,,5.70556320614285,-0.026492947479709983,,,,,,,,,85.60000000000002,2.377777777777778,86,2.388888888888889,,,,,,,,,,,,,,,,,,,"Kevin Whelan","3462",460128
"Matt Meyer","LAA",1,3,,5.950413348203997,41,0,,,,36.29999923706055,,38,26,24,5,35,1,3,28,6.942148906237997,8.677686132797497,0.8,1.2396694475424994,,,,,2.011019326013388,,0.7121212121212122,,,6.48288191831457,-0.026713721480582153,,,,,,,,,50.31999435424804,1.386225768921608,58.499996185302734,1.6115701767171682,,,,,,,,,,,,,,,,,,,"Matt Meyer","sa327859",493475
"Rafael Perez","MIN",2,2,,4.378378378378378,43,0,,,,37,,40,19,18,3,14,1,0,21,5.108108108108108,3.4054054054054053,1.5,0.7297297297297297,,,,,1.4594594594594594,,0.7028112449799198,,,4.148506149085792,-0.027228862687479705,,,,,,,,,132.9,3.591891891891892,146,3.945945945945946,,,,,,,,,,,,,,,,,,,"Rafael Perez","4078",460370
"Jason Isringhausen","LAA",2,3,,4.5,43,0,,,,38,,38,20,19,5,17,2,0,29,6.868421052631579,4.026315789473684,1.7058823529411764,1.1842105263157894,,,,,1.4473684210526316,,0.7291666666666666,,,4.6207678845054225,-0.027964777895249426,,,,,,,,,127.89999999999999,3.3657894736842104,132,3.473684210526316,,,,,,,,,,,,,,,,,,,"Jason Isringhausen","1158",116414
"Sergio Escalona","HOU",3,4,,4.9347259468641544,47,0,,,,38.29999923706055,,41,22,21,5,18,1,3,31,7.284595445370894,4.229765097312132,1.7222222222222223,1.1749347492533702,,,,,1.5404700045766409,,0.7115384615384616,,,4.8176897272700145,-0.028185551896121597,,,,,,,,,114.31999435424804,2.9848563089167803,125.49999618530273,3.276762367761724,,,,,,,,,,,,,,,,,,,"Sergio Escalona","7122",465065
"Brian Fuentes","STL",3,3,,4.18604642910336,42,0,,,,38.70000076293945,,37,19,18,4,15,2,2,34,7.906976588306346,3.4883720242528,2.2666666666666666,0.9302325398007466,,,,,1.343669224156634,,0.7112068965517242,,,3.998844842060242,-0.028479919102146978,,,,,,,,,157.980005645752,4.082170608044004,158.50000381469727,4.095607252971496,,,,,,,,,,,,,,,,,,,"Brian Fuentes","429",150118
"Mike MacDougal","WSN",2,3,,5.348837103854293,43,0,,,,38.70000076293945,,45,25,23,4,23,2,2,25,5.813953373754666,5.348837103854293,1.0869565217391304,0.9302325398007466,,,,,1.7571059085125214,,0.6891025641025641,,,5.084116138494446,-0.028479919102146978,,,,,,,,,95.18000564575198,2.459431621947146,116.50000381469727,3.010335956537292,,,,,,,,,,,,,,,,,,,"Mike MacDougal","612",213680
"David Herndon","NYY",2,2,,5.076923076923077,31,0,,,,39,,44,24,22,6,13,3,1,26,6,3,2,1.3846153846153846,,,,,1.4615384615384615,,0.6790123456790124,,,4.838041838621482,-0.028700693103019148,,,,,,,,,110.4,2.830769230769231,127,3.2564102564102564,,,,,,,,,,,,,,,,,,,"David Herndon","9264",458589
"Mike Parisi","LAD",2,2,,4.615384615384615,8,8,,,,39,,40,21,20,5,18,0,3,26,6,4.153846153846154,1.4444444444444444,1.1538461538461537,,,,,1.4871794871794872,,0.7254901960784313,,,5.043170043749687,-0.028700693103019148,,,,,,,,,112.10000000000002,2.874358974358975,119,3.051282051282051,,,,,,,,,,,,,,,,,,,"Mike Parisi","8070",449157
"Philippe Valiquette","PIT",1,2,,5.076923076923077,32,0,,,,39,,43,24,22,4,20,1,3,22,5.076923076923077,4.615384615384615,1.1,0.9230769230769231,,,,,1.6153846153846154,,0.6794425087108014,,,5.068811069390713,-0.028700693103019148,,,,,,,,,102.60000000000004,2.6307692307692316,118,3.0256410256410255,,,,,,,,,,,,,,,,,,,"Philippe Valiquette","sa272553",444434
"Clay Rapada","NYY",2,1,,4.122137484604105,60,0,,,,39.29999923706055,,37,19,18,4,17,1,1,36,8.24427496920821,3.8931298465705435,2.1176470588235294,0.9160305521342456,,,,,1.3740458282013683,,0.7231404958677686,,,3.959592060936304,-0.02892146710389132,,,,,,,,,163.4199943542481,4.158269657169366,162.49999618530273,4.134860034095435,,,,,,,,,,,,,,,,,,,"Clay Rapada","4831",449060
"Koji Uehara","BOS",1,0,,2.7204029703903587,43,0,,,,39.70000076293945,,31,13,12,5,6,0,0,49,11.108312129093965,1.3602014851951794,8.166666666666666,1.1335012376626494,,,,,0.9319899065226229,,0.8,,,2.7166183491441886,-0.0292158343099167,,,,,,,,,231.68000564575192,5.835768292025543,213.50000381469727,5.37783374588755,,,,,,,,,,,,,,,,,,,"Koji Uehara","9227",493157
"Vinnie Chulk","MIL",2,2,,4.987405445715658,32,0,,,,39.70000076293945,,44,24,22,5,17,1,2,31,7.027707673508427,3.853904208053008,1.8235294117647058,1.1335012376626494,,,,,1.5365238999427027,,0.6851851851851852,,,4.605787078581938,-0.0292158343099167,,,,,,,,,122.88000564575194,3.0952141885211817,138.50000381469727,3.4886650164498008,,,,,,,,,,,,,,,,,,,"Vinnie Chulk","1838",425562
"Juan Pablo Perez","TOR",3,3,,4.987405445715658,42,0,,,,39.70000076293945,,38,24,22,6,26,1,3,39,8.841309653768667,5.894206435845778,1.5,1.3602014851951794,,,,,1.6120906491202127,,0.7194244604316546,,,5.285887821179528,-0.0292158343099167,,,,,,,,,112.18000564575193,2.8256927831213963,111.50000381469727,2.8085642738522107,,,,,,,,,,,,,,,,,,,"Juan Pablo Perez","2557",448722
"Scott Elbert","LAD",1,1,,3.375,52,0,,,,40,,34,16,15,4,16,2,1,40,9,3.6,2.5,0.9,,,,,1.25,,0.7657657657657658,,,3.6694520950317386,-0.02943660831078887,,,,,,,,,187.4,4.6850000000000005,177,4.425,,,,,,,,,,,,,,,,,,,"Scott Elbert","7489",455092
"LaTroy Hawkins","NYM",2,2,,4.275,45,0,,,,40,,43,20,19,4,13,1,0,26,5.85,2.925,2,0.9,,,,,1.4,,0.7142857142857143,,,4.069452095031738,-0.02943660831078887,,,,,,,,,148,3.7,161,4.025,,,,,,,,,,,,,,,,,,,"LaTroy Hawkins","729",115629
"Blake Hawksworth","LAD",2,3,,4.275,27,3,,,,40,,40,20,19,5,13,1,0,31,6.975,2.925,2.3846153846153846,1.125,,,,,1.325,,0.717391304347826,,,4.144452095031738,-0.02943660831078887,,,,,,,,,153.5,3.8375,158,3.95,,,,,,,,,,,,,,,,,,,"Blake Hawksworth","8963",458003
"Trey Haley","CLE",2,2,,4.725,28,0,,,,40,,40,22,21,4,25,0,3,35,7.875,5.625,1.4,0.9,,,,,1.625,,0.7239057239057239,,,4.744452095031738,-0.02943660831078887,,,,,,,,,128.8,3.22,134,3.35,,,,,,,,,,,,,,,,,,,"Trey Haley","sa456039",543270
"Mark Lowe","LAD",2,2,,3.796526126464505,40,0,,,,40.29999923706055,,37,18,17,5,16,1,0,38,8.486352517979483,3.5732010602018875,2.375,1.1166253313130898,,,,,1.3151365013243057,,0.7608695652173914,,,4.012566256333613,-0.02965738231166104,,,,,,,,,168.51999435424807,4.181637656193161,164.49999618530273,4.081885838698126,,,,,,,,,,,,,,,,,,,"Mark Lowe","7416",450275
"Joba Chamberlain","NYY",2,2,,4.243176258989742,40,0,,,,40.29999923706055,,39,20,19,6,12,1,2,41,9.156327716767336,2.6799007951514158,3.4166666666666665,1.3399503975757079,,,,,1.2655087088215018,,0.7276995305164319,,,4.037380152585015,-0.02965738231166104,,,,,,,,,163.01999435424804,4.04516122681045,163.49999618530273,4.057071942446724,,,,,,,,,,,,,,,,,,,"Joba Chamberlain","2692",501955
"Daniel Schlereth","BAL",1,1,,5.3598015903028315,38,0,,,,40.29999923706055,,40,26,24,5,30,3,3,36,8.039702385454246,6.699751987878539,1.2,1.1166253313130898,,,,,1.7369727375981396,,0.6984126984126984,,,5.377330550160722,-0.02965738231166104,,,,,,,,,105.71999435424806,2.623324971605116,109.49999618530273,2.7171215448710164,,,,,,,,,,,,,,,,,,,"Daniel Schlereth","8739",519259
"C.C. Lee","CLE",3,3,,4.4226043397007535,27,0,,,,40.70000076293945,,40,21,20,5,16,1,2,39,8.624078462416469,3.538083471760603,2.4375,1.1056510849251884,,,,,1.3759213501291232,,0.7142857142857143,,,4.1018230835191325,-0.02995174951768642,,,,,,,,,159.68000564575198,3.9233415885130194,162.50000381469727,3.992629011512606,,,,,,,,,,,,,,,,,,,"C.C. Lee","5177",547348
"Will Ohman","WSN",1,1,,3.980343905730678,50,0,,,,40.70000076293945,,38,19,18,5,16,3,4,35,7.739557594476318,3.538083471760603,2.1875,1.1056510849251884,,,,,1.326781301910226,,0.7446808510638298,,,4.445803421051413,-0.02995174951768642,,,,,,,,,150.88000564575196,3.7071253763498713,148.50000381469727,3.6486486739803254,,,,,,,,,,,,,,,,,,,"Will Ohman","296",349193
"Matt Guerrier","LAD",3,3,,3.731707317073171,45,0,,,,41,,37,18,17,4,14,2,1,32,7.024390243902439,3.073170731707317,2.2857142857142856,0.8780487804878049,,,,,1.2439024390243902,,0.7268722466960352,,,3.899330143812226,-0.03017252351855859,,,,,,,,,177.00000000000006,4.3170731707317085,172,4.195121951219512,,,,,,,,,,,,,,,,,,,"Matt Guerrier","2061",407825
"Jose Ceda",,2,2,,3.951219512195122,37,0,,,,41,,37,19,18,4,21,1,2,42,9.21951219512195,4.609756097560975,2,0.8780487804878049,,,,,1.4146341463414633,,0.7442748091603054,,,3.9968911194219823,-0.03017252351855859,,,,,,,,,173.00000000000006,4.219512195121952,168,4.097560975609756,,,,,,,,,,,,,,,,,,,"Jose Ceda","2377",469167
"Eduardo Sanchez","STL",3,3,,4.829268292682927,43,0,,,,41,,37,24,22,4,31,3,3,38,8.341463414634147,6.804878048780488,1.2258064516129032,0.8780487804878049,,,,,1.6585365853658536,,0.7051282051282052,,,4.996891119421982,-0.03017252351855859,,,,,,,,,132.00000000000006,3.2195121951219527,127,3.097560975609756,,,,,,,,,,,,,,,,,,,"Eduardo Sanchez","2966",500674
"Javier López","SFG",2,2,,3.486682873126584,65,0,,,,41.29999923706055,,39,17,16,2,17,4,1,31,6.7554480666827565,3.704600552696996,1.8235294117647058,0.435835359140823,,,,,1.3559322284381161,,0.7330827067669172,,,3.5302874541725613,-0.030393297519430762,,,,,,,,,187.619994354248,4.542857090076826,188.49999618530273,4.564164640859177,,,,,,,,,,,,,,,,,,,"Javier Lopez","1663",425657
"Kyle Farnsworth","TBR",3,2,,3.2687651935561726,46,0,,,,41.29999923706055,,36,16,15,4,13,1,2,38,8.280871823675637,2.8329298344153497,2.923076923076923,0.871670718281646,,,,,1.1864406998833514,,0.7603686635944701,,,3.602926680696032,-0.030393297519430762,,,,,,,,,193.81999435424802,4.6929781582253325,185.49999618530273,4.491525414335706,,,,,,,,,,,,,,,,,,,"Kyle Farnsworth","278",150035
"Doug Slaten","PIT",2,3,,4.5762712709786415,45,0,,,,41.29999923706055,,44,22,21,4,18,2,3,27,5.883777348401111,3.9225182322674073,1.5,0.871670718281646,,,,,1.501210681485057,,0.7092198581560284,,,4.571449701008972,-0.030393297519430762,,,,,,,,,133.01999435424804,3.2208231673496637,145.49999618530273,3.5230023940227664,,,,,,,,,,,,,,,,,,,"Doug Slaten","3107",460657
"Lendy Castillo","CHC",1,2,,4.794188950549053,22,6,,,,41.29999923706055,,43,24,22,5,20,0,4,33,7.191283425823579,4.35835359140823,1.65,1.0895883978520575,,,,,1.5254237569928806,,0.6964285714285714,,,4.813580456087207,-0.030393297519430762,,,,,,,,,126.31999435424804,3.058595561447246,135.49999618530273,3.2808716389445314,,,,,,,,,,,,,,,,,,,"Lendy Castillo","11562",516684
"Anthony Slama","MIN",1,2,,5.012106630119464,38,0,,,,41.29999923706055,,40,25,23,5,29,2,2,39,8.49878950324605,6.319612707541934,1.3448275862068966,1.0895883978520575,,,,,1.6707022100398217,,0.7096774193548387,,,5.0314981356576185,-0.030393297519430762,,,,,,,,,125.11999435424804,3.029539870837858,126.49999618530273,3.06295395937412,,,,,,,,,,,,,,,,,,,"Anthony Slama","3064",460104
"Roman Colon","KCR",1,2,,5.447941989260288,29,0,,,,41.29999923706055,,46,27,25,6,21,2,3,24,5.230024309689876,4.5762712709786415,1.1428571428571428,1.307506077422469,,,,,1.6222760590241745,,0.68259385665529,,,5.564185796829736,-0.030393297519430762,,,,,,,,,88.21999435424802,2.13607738459917,104.49999618530273,2.5302662982020028,,,,,,,,,,,,,,,,,,,"Roman Colon","2242",430638
"Hector Correa","LAD",2,4,,4.748201351976255,26,0,,,,41.70000076293945,,41,24,22,5,24,0,3,35,7.553956696325861,5.179856020337733,1.4583333333333333,1.0791366709036945,,,,,1.5587529690831141,,0.7068965517241379,,,4.916994028113534,-0.030687664725456143,,,,,,,,,129.48000564575193,3.1050360498032954,132.50000381469727,3.177458066918205,,,,,,,,,,,,,,,,,,,"Hector Correa","sa326714",501999
"Ryan Madson","LAA",3,2,,3.2142857142857144,44,0,,,,42,,38,16,15,3,11,4,2,40,8.571428571428571,2.357142857142857,3.6363636363636362,0.6428571428571429,,,,,1.1666666666666667,,0.7366071428571429,,,3.046833047412691,-0.030908438726328313,,,,,,,,,216.09999999999997,5.145238095238095,212,5.0476190476190474,,,,,,,,,,,,,,,,,,,"Ryan Madson","1852",425492
"Todd Coffey","LAD",2,2,,3.857142857142857,48,0,,,,42,,39,19,18,4,16,2,2,36,7.714285714285714,3.4285714285714284,2.25,0.8571428571428571,,,,,1.3095238095238095,,0.728744939271255,,,3.9039759045555478,-0.030908438726328313,,,,,,,,,178.20000000000002,4.242857142857143,176,4.190476190476191,,,,,,,,,,,,,,,,,,,"Todd Coffey","2467",434298
"Jared Burton","MIN",2,2,,4.071428571428571,44,0,,,,42,,41,20,19,5,15,1,3,35,7.5,3.2142857142857144,2.3333333333333335,1.0714285714285714,,,,,1.3333333333333333,,0.7346938775510204,,,4.261118761698405,-0.030908438726328313,,,,,,,,,158.7,3.7785714285714285,161,3.8333333333333335,,,,,,,,,,,,,,,,,,,"Jared Burton","8346",454537
"Boof Bonser","SFG",1,2,,5.142857142857143,17,8,,,,42,,47,26,24,4,20,0,2,24,5.142857142857143,4.285714285714286,1.2,0.8571428571428571,,,,,1.5952380952380953,,0.6677524429967426,,,4.761118761698405,-0.030908438726328313,,,,,,,,,121.40000000000002,2.890476190476191,140,3.3333333333333335,,,,,,,,,,,,,,,,,,,"Boof Bonser","2159",425818
"Cesar Cabral","NYY",2,3,,5.357142857142857,27,0,,,,42,,47,27,25,5,22,1,2,31,6.642857142857143,4.714285714285714,1.4090909090909092,1.0714285714285714,,,,,1.6428571428571428,,0.6774193548387096,,,4.880166380746024,-0.030908438726328313,,,,,,,,,117.10000000000001,2.7880952380952384,135,3.2142857142857144,,,,,,,,,,,,,,,,,,,"Cesar Cabral","6741",501627
"Luis Perez","TOR",2,2,,4.042553264402444,35,0,,,,42.29999923706055,,40,20,19,4,16,0,3,39,8.297872490089228,3.4042553805494262,2.4375,0.8510638451373566,,,,,1.323877092435888,,0.7142857142857143,,,3.8273126283444623,-0.031129212727200484,,,,,,,,,180.81999435424808,4.274704435356708,180.49999618530273,4.267139466687277,,,,,,,,,,,,,,,,,,,"Luis Perez","6389",469802
"Michael Stutes","PHI",3,3,,4.4680851869711224,36,0,,,,42.29999923706055,,39,22,21,5,24,1,2,40,8.510638451373566,5.10638307082414,1.6666666666666667,1.0638298064216958,,,,,1.489361728990374,,0.7321428571428571,,,4.583813824022112,-0.031129212727200484,,,,,,,,,152.11999435424806,3.596217425483315,148.49999618530273,3.510638271009626,,,,,,,,,,,,,,,,,,,"Michael Stutes","6550",452741
"Jimmy Barthmaier","WSN",2,3,,5.319149032108479,28,2,,,,42.29999923706055,,47,27,25,5,22,1,3,28,5.957446915961496,4.680851148255462,1.2727272727272727,1.0638298064216958,,,,,1.6312057031799334,,0.6774193548387096,,,5.08026773368557,-0.031129212727200484,,,,,,,,,110.31999435424807,2.6080377386293843,127.49999618530273,3.014184361346168,,,,,,,,,,,,,,,,,,,"Jimmy Barthmaier","6292",444864
"Nick Masset","CIN",3,2,,3.793910939238306,45,0,,,,42.70000076293945,,39,19,18,5,18,2,1,43,9.063231688180398,3.793910939238306,2.388888888888889,1.0538641497884182,,,,,1.3348945897319966,,0.76,,,3.937543414862473,-0.031423579933225865,,,,,,,,,182.08000564575198,4.264168674296241,177.50000381469727,4.156908680169265,,,,,,,,,,,,,,,,,,,"Nick Masset","7267",434665
"Guillermo Mota","SFG",1,1,,4.215456599153673,34,0,,,,42.70000076293945,,42,21,20,5,16,1,2,39,8.220140368349663,3.3723652793229384,2.4375,1.0538641497884182,,,,,1.358313793060628,,0.7254901960784313,,,4.054639431505631,-0.031423579933225865,,,,,,,,,169.280005645752,3.9644028716897575,172.50000381469727,4.039812663526107,,,,,,,,,,,,,,,,,,,"Guillermo Mota","1467",150407
"Erick Threets","COL",3,3,,5.480093578899775,42,0,,,,42.70000076293945,,48,28,26,4,26,2,3,25,5.269320748942092,5.480093578899775,0.9615384615384616,0.8430913198307346,,,,,1.7330210463187323,,0.6725146198830408,,,5.178761191279944,-0.031423579933225865,,,,,,,,,104.98000564575199,2.4585480976587504,124.50000381469727,2.915690903751795,,,,,,,,,,,,,,,,,,,"Erick Threets","3158",408069
"Chris Bootcheck","DET",2,4,,5.690866408857459,29,3,,,,42.70000076293945,,48,29,27,5,27,1,3,28,5.901639238815142,5.690866408857459,1.037037037037037,1.0538641497884182,,,,,1.756440249647364,,0.6764705882352942,,,5.412953224566259,-0.031423579933225865,,,,,,,,,95.68000564575198,2.240749506702477,114.50000381469727,2.6814988704654796,,,,,,,,,,,,,,,,,,,"Chris Bootcheck","1842",408052
"Shane Lindsay","CHW",1,3,,7.1662762185612445,37,0,,,,42.70000076293945,,42,36,34,6,64,0,3,41,8.64168602826503,13.489461117291754,0.640625,1.264636979746102,,,,,2.482435552834941,,0.7172131147540984,,,7.708035150772147,-0.031423579933225865,,,,,,,,,13.980005645751973,0.32740059475328204,16.500003814697266,0.38641694425959094,,,,,,,,,,,,,,,,,,,"Shane Lindsay","3881",469834
"Evan Marshall","ARI",3,3,,4.988452743784928,39,0,,,,43.29999923706055,,48,26,24,5,17,2,3,24,4.988452743784928,3.5334873601809913,1.411764705882353,1.0392609882885269,,,,,1.5011547608612055,,0.6724137931034483,,,4.872743119436551,-0.031865127934970205,,,,,,,,,122.11999435424804,2.820323244941892,139.49999618530273,3.2217089755951873,,,,,,,,,,,,,,,,,,,"Evan Marshall","12297",605359
"Shawn Kelley","NYY",3,3,,4.3249427162547045,42,0,,,,43.70000076293945,,43,22,21,6,16,4,1,41,8.443935779354423,3.2951944504797748,2.5625,1.2356979189299155,,,,,1.3501143929049075,,0.7312252964426877,,,4.169966950396665,-0.032159495140995586,,,,,,,,,168.78000564575194,3.8622426246932418,171.50000381469727,3.9244851446350735,,,,,,,,,,,,,,,,,,,"Shawn Kelley","7773",518875
"Jose G. Valdez","HOU",1,2,,5.148741328874648,43,0,,,,43.70000076293945,,47,27,25,6,18,3,2,40,8.237986126199436,3.7070937567897464,2.2222222222222223,1.2356979189299155,,,,,1.4874141616748981,,0.6713780918727915,,,4.421683193141647,-0.032159495140995586,,,,,,,,,147.38000564575196,3.372540116080276,160.50000381469727,3.6727689018900906,,,,,,,,,,,,,,,,,,,"Jose G. Valdez","3217",451990
"Jumbo Díaz","CIN",1,2,,5.354690982029633,45,0,,,,43.70000076293945,,46,28,26,6,27,2,3,33,6.796338554114535,5.56064063518462,1.2222222222222223,1.2356979189299155,,,,,1.6704805200348858,,0.6965944272445821,,,5.428548164121579,-0.032159495140995586,,,,,,,,,105.98000564575194,2.4251717115673403,116.50000381469727,2.6659039309101598,,,,,,,,,,,,,,,,,,,"Jumbo Diaz","3397",471822
"Justin Berg","COL",2,3,,6.1784895946495775,33,1,,,,43.70000076293945,,53,32,30,5,26,1,3,20,4.118993063099718,5.354690982029633,0.7692307692307693,1.0297482657749295,,,,,1.8077802888048764,,0.6527777777777778,,,5.657381112071564,-0.032159495140995586,,,,,,,,,77.08000564575195,1.7638444919918856,106.50000381469727,2.4370709829601753,,,,,,,,,,,,,,,,,,,"Justin Berg","1973",448753
"Atahualpa Severino","KCR",1,3,,6.545454545454546,47,0,,,,44,,52,34,32,7,35,2,3,31,6.340909090909091,7.159090909090909,0.8857142857142857,1.4318181818181819,,,,,1.9772727272727273,,0.6865284974093264,,,6.3444520950317385,-0.03238026914186776,,,,,,,,,52.29999999999998,1.1886363636363633,77,1.75,,,,,,,,,,,,,,,,,,,"Atahualpa Severino","5332",463037
"Cesar Jimenez","PHI",2,3,,5.079006859480242,29,0,,,,44.29999923706055,,50,27,25,4,23,2,3,34,6.907449328893129,4.672686310721822,1.4782608695652173,0.8126410975168387,,,,,1.6478555588535897,,0.6824925816023738,,,4.494000651866294,-0.03260104314273993,,,,,,,,,138.6199943542481,3.1291195652726156,159.49999618530273,3.6004514431654444,,,,,,,,,,,,,,,,,,,"Cesar Jimenez","3762",462945
"Francisco Cordero","HOU",3,5,,5.079006859480242,48,0,,,,44.29999923706055,,50,27,25,6,17,2,2,32,6.501128780134709,3.4537246644465647,1.8823529411764706,1.2189616462752582,,,,,1.5124153759341166,,0.68259385665529,,,4.697160926245504,-0.03260104314273993,,,,,,,,,131.01999435424807,2.9575620002412824,150.49999618530273,3.397291168786235,,,,,,,,,,,,,,,,,,,"Francisco Cordero","1243",150188
"Darren Oliver","TOR",4,2,,3.42281873352565,52,0,,,,44.70000076293945,,42,18,17,4,13,0,2,39,7.852348859264726,2.617449619754909,3,0.8053691137707412,,,,,1.2304250349275212,,0.7489878542510122,,,3.5195080161885186,-0.03289541034876531,,,,,,,,,205.38000564575196,4.594630920365252,204.50000381469727,4.57494407884322,,,,,,,,,,,,,,,,,,,"Darren Oliver","206",119984
"Arodys Vizcaíno","CHC",3,2,,3.8255032904110204,48,0,,,,44.70000076293945,,42,20,19,5,17,1,3,46,9.261744808363524,3.42281873352565,2.7058823529411766,1.0067113922134263,,,,,1.319910492013159,,0.75,,,3.832707115988251,-0.03289541034876531,,,,,,,,,192.08000564575195,4.297091775555506,190.50000381469727,4.261744979043487,,,,,,,,,,,,,,,,,,,"Arodys Vizcaino","5498",527055
"J.P. Howell","LAD",1,2,,4.026845568853705,54,0,,,,44.70000076293945,,41,21,20,5,20,2,3,40,8.05369113770741,4.026845568853705,2,1.0067113922134263,,,,,1.364653220555978,,0.7407407407407407,,,4.30250576568785,-0.03289541034876531,,,,,,,,,173.68000564575192,3.8854586729615708,169.50000381469727,3.7919463293438884,,,,,,,,,,,,,,,,,,,"J.P. Howell","8245",434442
"Alex Hinshaw","TOR",1,2,,6.040268353280559,46,0,,,,44.70000076293945,,47,32,30,7,35,2,3,42,8.456375694592781,7.046979745493985,1.2,1.409395949098797,,,,,1.834451870255577,,0.6925207756232686,,,5.801387171872285,-0.03289541034876531,,,,,,,,,92.48000564575192,2.068903894123121,102.50000381469727,2.2930649231594535,,,,,,,,,,,,,,,,,,,"Alex Hinshaw","3941",450527
"Leyson Septimo","CHW",2,4,,6.442952910165929,45,0,,,,44.70000076293945,,43,34,32,8,49,1,3,43,8.657717973035467,9.865771643691579,0.8775510204081632,1.6107382275414823,,,,,2.058165512969672,,0.7178217821782178,,,6.987069478256988,-0.03289541034876531,,,,,,,,,50.58000564575194,1.1315437311510645,49.500003814697266,1.1073826167747511,,,,,,,,,,,,,,,,,,,"Leyson Septimo","341",465015
"Scott Downs","LAA",3,2,,3.6,54,0,,,,45,,42,19,18,4,14,2,1,33,6.6,2.8,2.357142857142857,0.8,,,,,1.2444444444444445,,0.7341269841269842,,,3.7833409839206276,-0.03311618434963748,,,,,,,,,195.60000000000002,4.346666666666668,194,4.311111111111111,,,,,,,,,,,,,,,,,,,"Scott Downs","773",275933
"Bruce Rondón","DET",1,2,,5.6,51,0,,,,45,,46,30,28,6,34,2,3,42,8.4,6.8,1.2352941176470589,1.2,,,,,1.7777777777777777,,0.6983240223463688,,,5.4277854283650715,-0.03311618434963748,,,,,,,,,112.59999999999998,2.5022222222222217,120,2.6666666666666665,,,,,,,,,,,,,,,,,,,"Bruce Rondon","5766",541652
"Evan Crawford","TOR",3,4,,5.364238500940159,43,0,,,,45.29999923706055,,51,29,27,6,22,1,3,31,6.158940501079441,4.370861000766055,1.4090909090909092,1.1920530002089242,,,,,1.6114790558379901,,0.6811145510835914,,,5.1032821509393695,-0.03333695835050965,,,,,,,,,115.81999435424805,2.55673281026226,135.49999618530273,2.9911699440923685,,,,,,,,,,,,,,,,,,,"Evan Crawford","7249",457751
"Dan Wheeler","KCR",2,3,,4.923413484545593,47,0,,,,45.70000076293945,,49,27,25,7,17,2,1,30,5.908096181454712,3.3479211694910034,1.7647058823529411,1.378555775672766,,,,,1.4442012888000406,,0.693950177935943,,,4.954408300304518,-0.03363132555653503,,,,,,,,,130.68000564575195,2.8595186753635082,143.50000381469727,3.1400437947272204,,,,,,,,,,,,,,,,,,,"Dan Wheeler","120",235095
"Pat Venditte","NYY",2,3,,5.514223102691064,29,0,,,,45.70000076293945,,51,30,28,7,22,1,3,33,6.498905799600183,4.332603866400122,1.5,1.378555775672766,,,,,1.5973741527636813,,0.680379746835443,,,5.282635865940891,-0.03363132555653503,,,,,,,,,110.48000564575196,2.41750555363986,128.50000381469727,2.8118162290908475,,,,,,,,,,,,,,,,,,,"Pat Venditte","7108",519381
"Bo Schultz","ARI",3,4,,4.891304347826087,35,0,,,,46,,50,27,25,4,24,2,4,29,5.673913043478261,4.695652173913044,1.2083333333333333,0.782608695652174,,,,,1.608695652173913,,0.6871345029239766,,,4.790104268944782,-0.0338520995574072,,,,,,,,,135.20000000000005,2.9391304347826095,152,3.3043478260869565,,,,,,,,,,,,,,,,,,,"Bo Schultz","5028",544759
"Brandon Kintzler","MIL",2,3,,5.053995763626194,43,0,,,,46.29999923706055,,52,28,26,6,18,3,2,35,6.803455835650645,3.498920144048903,1.9444444444444444,1.1663067146829678,,,,,1.5118790745890323,,0.6818181818181818,,,4.563134624632513,-0.03407287355827937,,,,,,,,,143.619994354248,3.1019437736683217,163.49999618530273,3.531317470399226,,,,,,,,,,,,,,,,,,,"Brandon Kintzler","9939",445213
"Pedro Viola","OAK",2,3,,5.442764668520516,37,2,,,,46.29999923706055,,49,30,28,7,27,1,3,38,7.386609192992129,5.248380216073355,1.4074074074074074,1.360691167130129,,,,,1.6414687095538065,,0.6948640483383686,,,5.362270706915287,-0.03407287355827937,,,,,,,,,115.119994354248,2.486393007585644,126.49999618530273,2.7321813881164516,,,,,,,,,,,,,,,,,,,"Pedro Viola","5971",501638
"Zach Miner","PHI",2,3,,6.025918025862,25,6,,,,46.29999923706055,,53,33,31,7,30,2,3,26,5.053995763626194,5.831533573414839,0.8666666666666667,1.360691167130129,,,,,1.7926566170127096,,0.6830601092896175,,,6.075013699221545,-0.03407287355827937,,,,,,,,,71.719994354248,1.5490279813404442,93.49999618530273,2.0194383958101936,,,,,,,,,,,,,,,,,,,"Zach Miner","3193",435261
"Octavio Dotel","DET",4,3,,3.4689506927923053,51,0,,,,46.70000076293945,,42,19,18,4,12,3,1,48,9.250535180779481,2.3126337951948703,4,0.7708779317316234,,,,,1.1563168975974352,,0.7231404958677686,,,2.9873857156245687,-0.03436724076430475,,,,,,,,,244.18000564575198,5.228693825622595,238.50000381469727,5.10706637940717,,,,,,,,,,,,,,,,,,,"Octavio Dotel","555",136734
"Micah Owings","WSN",3,3,,4.212765957446808,22,4,,,,47,,46,24,22,5,19,0,3,35,6.702127659574468,3.6382978723404253,1.8421052631578947,0.9574468085106383,,,,,1.3829787234042554,,0.7068965517241379,,,4.392324435457271,-0.03458801476517692,,,,,,,,,170.7,3.631914893617021,174,3.702127659574468,,,,,,,,,,,,,,,,,,,"Micah Owings","4253",452249
"Wilkin De La Rosa","CIN",1,3,,5.9361702127659575,40,2,,,,47,,52,33,31,7,35,0,3,31,5.9361702127659575,6.702127659574468,0.8857142857142857,1.3404255319148937,,,,,1.851063829787234,,0.699481865284974,,,6.1370052865211,-0.03458801476517692,,,,,,,,,74.49999999999997,1.5851063829787229,92,1.9574468085106382,,,,,,,,,,,,,,,,,,,"Wilkin De La Rosa","sa294324",460344
"Manny Delcarmen","BAL",2,4,,6.319148936170213,38,0,,,,47,,52,35,33,8,36,0,3,33,6.319148936170213,6.8936170212765955,0.9166666666666666,1.5319148936170213,,,,,1.872340425531915,,0.6901041666666667,,,6.392324435457271,-0.03458801476517692,,,,,,,,,63.19999999999999,1.3446808510638295,80,1.702127659574468,,,,,,,,,,,,,,,,,,,"Manny Delcarmen","3180",434668
"Huston Street","SDP",3,2,,2.8541226676009046,50,0,,,,47.29999923706055,,37,16,15,5,13,1,1,53,10.08456675885653,2.4735729785874505,4.076923076923077,0.9513742225336349,,,,,1.0570824694818166,,0.7906976744186046,,,3.115593744421375,-0.03480878876604909,,,,,,,,,256.3199943542481,5.419027452191076,235.49999618530273,4.978858350610364,,,,,,,,,,,,,,,,,,,"Huston Street","8258",434718
"Michael Olmsted","MIL",3,2,,3.6152220456278124,39,0,,,,47.29999923706055,,42,20,19,5,19,0,3,55,10.465116447869983,3.6152220456278124,2.8947368421052633,0.9513742225336349,,,,,1.2896406127678162,,0.7592592592592593,,,3.538426732214101,-0.03480878876604909,,,,,,,,,223.31999435424808,4.721353022333077,215.49999618530273,4.556025362817637,,,,,,,,,,,,,,,,,,,"Michael Olmsted","sa390636",519092
"Brett Bochy","SFG",4,3,,3.6152220456278124,41,0,,,,47.29999923706055,,37,20,19,4,27,3,2,54,10.274841603363257,5.137420801681628,2,0.7610993780269079,,,,,1.353065560936725,,0.7534246575342466,,,3.749843226110465,-0.03480878876604909,,,,,,,,,225.6199943542481,4.7699788159292416,205.49999618530273,4.344608868921274,,,,,,,,,,,,,,,,,,,"Brett Bochy","11867",594762
"Hideki Okajima","OAK",4,4,,3.9957717346412664,40,0,,,,47.29999923706055,,48,22,21,4,15,1,1,33,6.27906986872199,2.8541226676009046,2.2,0.7610993780269079,,,,,1.331923911547089,,0.7142857142857143,,,3.813268174279374,-0.03480878876604909,,,,,,,,,194.01999435424807,4.101902695216733,202.49999618530273,4.2811839207523645,,,,,,,,,,,,,,,,,,,"Hideki Okajima","7763",506606
"Heath Hembree","SFG",1,1,,3.8054968901345396,51,0,,,,47.29999923706055,,40,21,20,4,28,0,3,47,8.942917691816168,5.327695646188356,1.6785714285714286,0.7610993780269079,,,,,1.4376321584952705,,0.7532051282051282,,,4.172676213903191,-0.03480878876604909,,,,,,,,,197.81999435424808,4.182240962897351,185.49999618530273,3.9217758811285472,,,,,,,,,,,,,,,,,,,"Heath Hembree","11632",592390
"Jeff Gray","CHW",2,3,,5.8985201797085365,39,0,,,,47.29999923706055,,56,33,31,7,23,1,3,25,4.756871112668175,4.37632142365472,1.0869565217391304,1.331923911547089,,,,,1.67019030178127,,0.6647398843930635,,,5.610308372398462,-0.03480878876604909,,,,,,,,,90.31999435424805,1.9095136535114452,117.49999618530273,2.4841437226332768,,,,,,,,,,,,,,,,,,,"Jeff Gray","7718",462522
"Daniel Moskos","CHW",2,3,,5.708245335201809,46,0,,,,47.29999923706055,,52,32,30,6,33,2,3,32,6.088795024215263,6.27906986872199,0.9696969696969697,1.1416490670403618,,,,,1.797040198119088,,0.6919060052219321,,,5.67373332056737,-0.03480878876604909,,,,,,,,,97.01999435424804,2.0511627044220084,114.49999618530273,2.4207187744643677,,,,,,,,,,,,,,,,,,,"Daniel Moskos","2858",446290
"Frank Francisco","NYM",3,2,,3.773584845303632,51,0,,,,47.70000076293945,,43,21,20,5,19,1,0,53,9.999999840054624,3.5849056030384503,2.789473684210526,0.943396211325908,,,,,1.2997903356045843,,0.7454545454545455,,,3.429881859058728,-0.03510315597207447,,,,,,,,,228.68000564575198,4.7941300207153255,222.50000381469727,4.66457023597301,,,,,,,,,,,,,,,,,,,"Frank Francisco","1933",407911
"Jonathan Broxton","CIN",5,3,,3.5849056030384503,48,0,,,,47.70000076293945,,44,20,19,5,18,2,2,46,8.679245144198353,3.3962263607732686,2.5555555555555554,0.943396211325908,,,,,1.2997903356045843,,0.7636363636363637,,,3.7862759833374042,-0.03510315597207447,,,,,,,,,209.08000564575198,4.383228559782264,205.50000381469727,4.308176111694334,,,,,,,,,,,,,,,,,,,"Jonathan Broxton","4759",455009
"Joe Paterson","ARI",2,3,,4.9056602988947215,57,0,,,,47.70000076293945,,51,28,26,6,22,1,4,37,6.981131963811719,4.1509433298339955,1.6818181818181819,1.1320754535910895,,,,,1.5303982983731397,,0.6965944272445821,,,4.81352963567006,-0.03510315597207447,,,,,,,,,142.58000564575198,2.989098603045089,156.50000381469727,3.280922459361679,,,,,,,,,,,,,,,,,,,"Joe Paterson","2565",519110
"Joshua Fields","HOU",2,3,,4.9056602988947215,37,0,,,,47.70000076293945,,47,28,26,6,30,1,3,46,8.679245144198353,5.660377267955448,1.5333333333333334,1.1320754535910895,,,,,1.614255739379887,,0.7142857142857143,,,4.87642271642512,-0.03510315597207447,,,,,,,,,149.980005645752,3.144234868907571,153.50000381469727,3.218029378606618,,,,,,,,,,,,,,,,,,,"Joshua Fields","sa200901",446362
"Garrett Mock","ARI",2,3,,5.660377267955448,31,4,,,,47.70000076293945,,52,32,30,7,31,1,4,38,7.169811206076901,5.849056510220629,1.2258064516129032,1.3207546958562713,,,,,1.740041900890008,,0.6967213114754098,,,5.6101753252341595,-0.03510315597207447,,,,,,,,,102.68000564575195,2.152620629002783,118.50000381469727,2.484276769797579,,,,,,,,,,,,,,,,,,,"Garrett Mock","7335",452241
"David Purcey","CHW",2,3,,5.660377267955448,44,0,,,,47.70000076293945,,49,32,30,6,38,1,2,38,7.169811206076901,7.169811206076901,1,1.1320754535910895,,,,,1.8238993418967555,,0.6997455470737914,,,5.652104045737533,-0.03510315597207447,,,,,,,,,107.78000564575197,2.2595388662863862,116.50000381469727,2.442348049294205,,,,,,,,,,,,,,,,,,,"David Purcey","8360",453515
"Brian Wilson","SFG",3,3,,3.375,47,0,,,,48,,42,19,18,3,23,2,1,49,9.1875,4.3125,2.130434782608696,0.5625,,,,,1.3541666666666667,,0.7565789473684211,,,3.365285428365072,-0.035323929972946644,,,,,,,,,235.10000000000008,4.897916666666668,227,4.729166666666667,,,,,,,,,,,,,,,,,,,"Brian Wilson","6485",451216
"Dan Runzler","SFG",2,3,,4.3125,43,4,,,,48,,47,25,23,3,27,1,2,44,8.25,5.0625,1.6296296296296295,0.5625,,,,,1.5416666666666667,,0.7020057306590258,,,3.886118761698405,-0.035323929972946644,,,,,,,,,197.10000000000008,4.106250000000002,202,4.208333333333333,,,,,,,,,,,,,,,,,,,"Dan Runzler","4080",502130
"Jensen Lewis","CHC",3,5,,4.875,45,0,,,,48,,51,28,26,6,24,2,3,34,6.375,4.5,1.4166666666666667,1.125,,,,,1.5625,,0.7057057057057058,,,4.9902854283650715,-0.035323929972946644,,,,,,,,,135.80000000000004,2.8291666666666675,149,3.1041666666666665,,,,,,,,,,,,,,,,,,,"Jensen Lewis","3384",460029
"Michael Kohn","LAA",2,3,,4.875,48,0,,,,48,,47,28,26,7,28,0,2,43,8.0625,5.25,1.5357142857142858,1.3125,,,,,1.5625,,0.7208588957055214,,,5.073618761698405,-0.035323929972946644,,,,,,,,,142.90000000000003,2.977083333333334,145,3.0208333333333335,,,,,,,,,,,,,,,,,,,"Michael Kohn","8505",543409
"Caleb Thielbar","MIN",2,3,,5.4375,32,0,,,,48,,55,31,29,7,22,2,3,32,6,4.125,1.4545454545454546,1.3125,,,,,1.6041666666666667,,0.6845238095238095,,,5.2194520950317385,-0.035323929972946644,,,,,,,,,115.10000000000002,2.397916666666667,138,2.875,,,,,,,,,,,,,,,,,,,"Caleb Thielbar","10078",573204
"Juan Jaime","ATL",2,2,,5.0625,44,0,,,,48,,41,29,27,6,46,4,3,55,10.3125,8.625,1.1956521739130435,1.125,,,,,1.8125,,0.7379134860050891,,,5.4902854283650715,-0.035323929972946644,,,,,,,,,137.8,2.8708333333333336,125,2.6041666666666665,,,,,,,,,,,,,,,,,,,"Juan Jaime","6127",462089
"Evan Reed",,2,3,,4.844720573420879,39,0,,,,48.29999923706055,,50,28,26,5,27,2,3,36,6.708074640121217,5.031055980090913,1.3333333333333333,0.931677033350169,,,,,1.5942029237325115,,0.7,,,4.812878623210939,-0.035544703973818814,,,,,,,,,147.91999435424805,3.0625258114031015,158.49999618530273,3.281573471820799,,,,,,,,,,,,,,,,,,,"Evan Reed","1349",519175
"Vicente Padilla","BOS",3,2,,4.250513280433588,32,5,,,,48.70000076293945,,50,25,23,6,14,2,3,42,7.761806859922204,2.5872689533074014,3,1.1088295514174578,,,,,1.3141683572355054,,0.7014388489208633,,,4.018476721212953,-0.035839071179844195,,,,,,,,,189.58000564575195,3.892813196627745,198.50000381469727,4.075975373818785,,,,,,,,,,,,,,,,,,,"Vicente Padilla","964",218894
"Aaron Heilman","TEX",3,3,,5.544147757087289,43,0,,,,48.70000076293945,,56,32,30,8,21,1,3,34,6.28336745803226,3.880903429961102,1.619047619047619,1.4784394018899436,,,,,1.5811088047989674,,0.6838905775075989,,,5.312111197866654,-0.035839071179844195,,,,,,,,,112.38000564575194,2.3075976157124165,135.50000381469727,2.7823408971650845,,,,,,,,,,,,,,,,,,,"Aaron Heilman","1751",408310
"Joakim Soria","TEX",3,2,,3.857142857142857,49,0,,,,49,,47,22,21,6,14,0,2,47,8.63265306122449,2.5714285714285716,3.357142857142857,1.1020408163265305,,,,,1.2448979591836735,,0.7414448669201521,,,3.747513319521534,-0.036059845180716366,,,,,,,,,212.60000000000002,4.338775510204082,213,4.346938775510204,,,,,,,,,,,,,,,,,,,"Joakim Soria","6941",465657
"Hisanori Takahashi","CHC",2,2,,4.040816326530612,48,0,,,,49,,46,24,22,6,18,3,0,46,8.448979591836734,3.306122448979592,2.5555555555555554,1.1020408163265305,,,,,1.3061224489795917,,0.7194244604316546,,,3.9107786256439834,-0.036059845180716366,,,,,,,,,207.2,4.228571428571429,205,4.183673469387755,,,,,,,,,,,,,,,,,,,"Hisanori Takahashi","10091",538227
"Michael Brady",,3,3,,4.224489795918367,46,0,,,,49,,49,25,23,6,13,2,3,43,7.8979591836734695,2.3877551020408165,3.3076923076923075,1.1020408163265305,,,,,1.2653061224489797,,0.6902985074626865,,,3.9107786256439834,-0.036059845180716366,,,,,,,,,199.4,4.069387755102041,205,4.183673469387755,,,,,,,,,,,,,,,,,,,"Michael Brady","8461",572728
"Ryan Mattheus","WSN",3,3,,4.224489795918367,51,0,,,,49,,48,25,23,7,18,4,2,35,6.428571428571429,3.306122448979592,1.9444444444444444,1.2857142857142858,,,,,1.346938775510204,,0.7295373665480427,,,4.747513319521534,-0.036059845180716366,,,,,,,,,161.7,3.3,164,3.3469387755102042,,,,,,,,,,,,,,,,,,,"Ryan Mattheus","7169",458919
"Brian Omogrosso","CHW",1,1,,4.959183673469388,37,0,,,,49,,51,29,27,7,23,0,2,40,7.346938775510204,4.224489795918367,1.7391304347826086,1.2857142857142858,,,,,1.510204081632653,,0.7009345794392523,,,4.849554135848065,-0.036059845180716366,,,,,,,,,148.9,3.038775510204082,159,3.2448979591836733,,,,,,,,,,,,,,,,,,,"Brian Omogrosso","1353",476134
"Joe Nathan","TEX",3,2,,3.6511156751638985,52,0,,,,49.29999923706055,,45,21,20,7,13,1,2,53,9.675456539184331,2.373225188856534,4.076923076923077,1.2778904863073646,,,,,1.1764706064417005,,0.7676348547717842,,,3.7029713742257213,-0.036280619181588536,,,,,,,,,222.71999435424806,4.517647014217833,216.49999618530273,4.391480720806017,,,,,,,,,,,,,,,,,,,"Joe Nathan","1122",150274
"Nick Hagadone","CLE",2,3,,4.563894593954873,42,0,,,,49.29999923706055,,49,27,25,6,21,0,2,44,8.032454485360576,3.8336714589220935,2.0952380952380953,1.0953347025491695,,,,,1.4198783181192938,,0.698051948051948,,,4.291206677446572,-0.036280619181588536,,,,,,,,,182.61999435424806,3.70425957769521,187.49999618530273,3.8032454175851664,,,,,,,,,,,,,,,,,,,"Nick Hagadone","1351",444935
"Scott Munter","SFG",2,3,,4.929006161471263,38,1,,,,49.29999923706055,,53,29,27,4,27,1,3,36,6.572008215295018,4.929006161471263,1.3333333333333333,0.7302231350327797,,,,,1.6227180778506216,,0.6854838709677419,,,4.514330413151033,-0.036280619181588536,,,,,,,,,159.81999435424808,3.241784925507783,176.49999618530273,3.5801216818807062,,,,,,,,,,,,,,,,,,,"Scott Munter","3470",434639
"Gregory Infante","LAD",3,4,,4.563894593954873,40,0,,,,49.29999923706055,,50,27,25,4,29,1,3,34,6.206896647778628,5.294117728987652,1.1724137931034482,0.7302231350327797,,,,,1.6024341018774888,,0.7084468664850135,,,4.71717017288236,-0.036280619181588536,,,,,,,,,157.6199943542481,3.1971601783668913,166.49999618530273,3.3772819221493786,,,,,,,,,,,,,,,,,,,"Gregory Infante","9119",500872
"Merkin Valdez","OAK",2,3,,5.4766735127458475,41,0,,,,49.29999923706055,,56,32,30,5,27,1,3,29,5.294117728987652,4.929006161471263,1.0740740740740742,0.9127789187909746,,,,,1.6835700057700198,,0.6710526315789473,,,5.061997764425617,-0.036280619181588536,,,,,,,,,125.71999435424809,2.550101344823956,149.49999618530273,3.0324543306061216,,,,,,,,,,,,,,,,,,,"Merkin Valdez","7019",429723
"J.J. Putz","ARI",4,2,,2.89738426135757,54,0,,,,49.70000076293945,,41,17,16,4,12,1,2,58,10.503017947421192,2.1730381960181777,4.833333333333333,0.7243460653393925,,,,,1.0663983739718834,,0.759493670886076,,,2.651796166213221,-0.03657498638761392,,,,,,,,,285.980005645752,5.754124773756603,270.50000381469727,5.4426559288185175,,,,,,,,,,,,,,,,,,,"J.J. Putz","1795",407816
"Rafael Betancourt","COL",2,1,,3.4406438103621144,55,0,,,,49.70000076293945,,46,20,19,6,10,2,0,53,9.597585365746951,1.8108651633484814,5.3,1.0865190980090889,,,,,1.1267605460834995,,0.7563025210084033,,,3.1346935431061493,-0.03657498638761392,,,,,,,,,250.38000564575196,5.037826998032092,246.50000381469727,4.95975855192559,,,,,,,,,,,,,,,,,,,"Rafael Betancourt","177",429783
"Kevin Quackenbush","SDP",2,2,,3.4406438103621144,48,0,,,,49.70000076293945,,42,20,19,4,24,0,3,55,9.959758398416648,4.346076392036355,2.2916666666666665,0.7243460653393925,,,,,1.327967786455553,,0.7615894039735099,,,3.5572287478874616,-0.03657498638761392,,,,,,,,,238.38000564575202,4.796378309585629,225.50000381469727,4.537223347144277,,,,,,,,,,,,,,,,,,,"Kevin Quackenbush","12360",534812
"Jason Frasor","TEX",2,2,,4.164989875701507,54,0,,,,49.70000076293945,,46,25,23,6,22,3,3,50,9.054325816742407,3.983903359366659,2.272727272727273,1.0865190980090889,,,,,1.3682092345299637,,0.7214765100671141,,,4.160850469003622,-0.03657498638761392,,,,,,,,,199.38000564575196,4.01167007213462,195.50000381469727,3.9336016260281164,,,,,,,,,,,,,,,,,,,"Jason Frasor","1906",430630
"Yoshinori Tateyama","TEX",2,2,,4.346076392036355,43,0,,,,49.70000076293945,,49,26,24,7,15,2,2,44,7.967806718733318,2.716297745022722,2.933333333333333,1.267605614343937,,,,,1.2877263383811424,,0.7011070110701106,,,4.180971193040827,-0.03657498638761392,,,,,,,,,191.28000564575197,3.8486922074332566,194.50000381469727,3.913480901990911,,,,,,,,,,,,,,,,,,,"Yoshinori Tateyama","11651",599899
"Mike Zagurski","PIT",1,1,,4.164989875701507,51,0,,,,49.70000076293945,,47,25,23,5,25,1,2,45,8.148893235068167,4.527162908371204,1.8,0.9054325816742407,,,,,1.448692130678785,,0.7230769230769231,,,4.221212641115238,-0.03657498638761392,,,,,,,,,193.080005645752,3.884909510700227,192.50000381469727,3.8732394539165007,,,,,,,,,,,,,,,,,,,"Mike Zagurski","9683",489448
"Brandon Lyon","NYM",4,3,,3.6,53,0,,,,50,,47,21,20,4,18,3,2,44,7.92,3.24,2.4444444444444446,0.72,,,,,1.3,,0.7407407407407408,,,3.5744520950317384,-0.03679576038848609,,,,,,,,,226.60000000000002,4.532,226,4.52,,,,,,,,,,,,,,,,,,,"Brandon Lyon","1312",407193
"Jon Rauch",,4,4,,3.96,59,0,,,,50,,49,24,22,6,13,1,1,39,7.02,2.34,3,1.08,,,,,1.24,,0.708955223880597,,,3.9344520950317383,-0.03679576038848609,,,,,,,,,204.79999999999998,4.096,208,4.16,,,,,,,,,,,,,,,,,,,"Jon Rauch","1475",400010
"Chris Reed","LAD",3,4,,4.68,9,9,,,,50,,49,28,26,5,29,0,3,39,7.02,5.22,1.3448275862068966,0.9,,,,,1.56,,0.704225352112676,,,4.754452095031739,-0.03679576038848609,,,,,,,,,163.1,3.262,167,3.34,,,,,,,,,,,,,,,,,,,"Chris Reed","12801",607068
"Evan Meek","TEX",2,3,,5.22,48,0,,,,50,,51,31,29,7,30,2,3,38,6.84,5.4,1.2666666666666666,1.26,,,,,1.62,,0.7022471910112359,,,5.374452095031739,-0.03679576038848609,,,,,,,,,128.29999999999998,2.566,136,2.72,,,,,,,,,,,,,,,,,,,"Evan Meek","5109",457425
"Antonio Bastardo","PHI",4,2,,3.2206759931845084,61,0,,,,50.29999923706055,,38,19,18,5,23,1,2,69,12.345924640540616,4.115308213513539,3,0.8946322203290301,,,,,1.2127236764460188,,0.7777777777777778,,,3.134213527046362,-0.03701653438935826,,,,,,,,,274.91999435424805,5.465606332488564,249.49999618530273,4.960238567985376,,,,,,,,,,,,,,,,,,,"Antonio Bastardo","8844",455374
"Matt Capps","CLE",4,4,,4.473161101645151,53,0,,,,50.29999923706055,,54,27,25,7,11,2,1,33,5.904572654171599,1.9681908847238663,3,1.2524851084606423,,,,,1.2922465404752659,,0.6884057971014492,,,4.307175771477757,-0.03701653438935826,,,,,,,,,175.71999435424803,3.4934393045632346,190.49999618530273,3.7872763235539812,,,,,,,,,,,,,,,,,,,"Matt Capps","4788",448165
"Joe Savery","PHI",2,3,,5.009940433842569,42,0,,,,50.29999923706055,,56,30,28,6,19,1,3,33,5.904572654171599,3.3996024372503144,1.736842105263158,1.0735586643948363,,,,,1.4910537005483835,,0.6756756756756758,,,4.6451479436020575,-0.03701653438935826,,,,,,,,,152.81999435424805,3.0381709079957955,173.49999618530273,3.449304151429681,,,,,,,,,,,,,,,,,,,"Joe Savery","2835",456045
"Blake Parker","CHC",2,3,,5.009940433842569,41,0,,,,50.29999923706055,,51,30,28,7,28,1,3,44,7.872763538895465,5.009940433842569,1.5714285714285714,1.2524851084606423,,,,,1.5705765645776306,,0.708092485549133,,,5.00300083173367,-0.03701653438935826,,,,,,,,,148.51999435424804,2.9526838291643545,155.49999618530273,3.091451263298069,,,,,,,,,,,,,,,,,,,"Blake Parker","5224",453284
"Carlos Contreras","CIN",1,2,,5.546719766039987,39,0,,,,50.29999923706055,,52,33,31,9,32,1,4,41,7.335984206698047,5.725646210105793,1.28125,1.6103379965922542,,,,,1.6699801446141895,,0.7142857142857142,,,5.937394484077323,-0.03701653438935826,,,,,,,,,100.31999435424805,1.9944333176119269,108.49999618530273,2.157057610954415,,,,,,,,,,,,,,,,,,,"Carlos Contreras","10386",542266
"Mauricio Robles","PHI",2,5,,7.514910650763853,31,8,,,,50.29999923706055,,54,45,42,8,67,1,4,37,6.620278430434823,11.988071752409004,0.5522388059701493,1.4314115525264484,,,,,2.4055666368847257,,0.6921675774134791,,,7.925466084808502,-0.03701653438935826,,,,,,,,,-5.580005645751953,-0.11093450756239097,8.499996185302734,0.16898601022323714,,,,,,,,,,,,,,,,,,,"Mauricio Robles","8895",500909
"Kyuji Fujikawa","CHC",3,2,,3.3727810143347594,54,0,,,,50.70000076293945,,44,20,19,5,19,0,2,57,10.118343043004279,3.3727810143347594,3,0.8875739511407261,,,,,1.2426035315970165,,0.7678571428571429,,,3.3705862131644087,-0.03731090159538364,,,,,,,,,250.28000564575197,4.936489188944963,239.50000381469727,4.723865881867329,,,,,,,,,,,,,,,,,,,"Kyuji Fujikawa","14443",493117
"Jose Mijares","SFG",2,1,,3.3727810143347594,65,0,,,,50.70000076293945,,44,20,19,4,21,2,3,48,8.520709930950972,3.7278105947910496,2.2857142857142856,0.7100591609125809,,,,,1.2820512627588267,,0.7575757575757576,,,3.6467203312970793,-0.03731090159538364,,,,,,,,,235.58000564575198,4.646548364905659,225.50000381469727,4.44773176373466,,,,,,,,,,,,,,,,,,,"Jose Mijares","4140",467726
"Matt Lindstrom","CHW",2,1,,4.08284017524734,54,0,,,,50.70000076293945,,52,25,23,5,17,2,3,40,7.100591609125809,3.017751433878469,2.3529411764705883,0.8875739511407261,,,,,1.3609467250824467,,0.7096774193548387,,,3.9820260461724644,-0.03731090159538364,,,,,,,,,198.48000564575196,3.914792951854082,208.50000381469727,4.112426048859274,,,,,,,,,,,,,,,,,,,"Matt Lindstrom","4604",434637
"Luis Marte","DET",3,3,,4.970414126388066,35,0,,,,50.70000076293945,,53,30,28,6,27,2,3,41,7.2781063993539545,4.7928993361599215,1.5185185185185186,1.0650887413688714,,,,,1.577909246472402,,0.6983240223463688,,,4.790704534989571,-0.03731090159538364,,,,,,,,,155.58000564575195,3.0686391184332567,167.50000381469727,3.3037475600421677,,,,,,,,,,,,,,,,,,,"Luis Marte","8651",501687
"Josh Edgin","NYM",2,3,,4.615384545931776,52,0,,,,50.70000076293945,,49,28,26,7,28,1,4,48,8.520709930950972,4.970414126388066,1.7142857142857142,1.2426035315970165,,,,,1.518737649729687,,0.7291666666666666,,,4.889323862894096,-0.03731090159538364,,,,,,,,,161.68000564575195,3.188954698476777,162.50000381469727,3.2051282321376426,,,,,,,,,,,,,,,,,,,"Josh Edgin","10796",572831
"Duke Welker","PIT",2,4,,5.147928916616212,43,0,,,,50.70000076293945,,51,31,29,4,39,0,4,35,6.213017657985083,6.9230768188976635,0.8974358974358975,0.7100591609125809,,,,,1.7751479022814523,,0.6990521327014217,,,5.283801174512196,-0.03731090159538364,,,,,,,,,134.380005645752,2.6504931681180706,142.50000381469727,2.8106509205195422,,,,,,,,,,,,,,,,,,,"Duke Welker","792",444992
"Steve Ames","LAD",3,2,,3.5294117647058822,46,0,,,,51,,47,21,20,5,15,1,3,46,8.117647058823529,2.6470588235294117,3.066666666666667,0.8823529411764706,,,,,1.2156862745098038,,0.7454545454545455,,,3.6238638597376207,-0.03753167559625581,,,,,,,,,231.70000000000005,4.5431372549019615,228,4.470588235294118,,,,,,,,,,,,,,,,,,,"Steve Ames","9615",571441
"Javy Guerra","LAD",2,2,,3.8823529411764706,51,0,,,,51,,48,24,22,4,25,3,2,41,7.235294117647059,4.411764705882353,1.64,0.7058823529411765,,,,,1.4313725490196079,,0.7270029673590503,,,4.0944520950317385,-0.03753167559625581,,,,,,,,,204.40000000000003,4.007843137254903,204,4,,,,,,,,,,,,,,,,,,,"Javy Guerra","7407",457915
"Andrew Miller","BOS",3,2,,4.235294117647059,66,0,,,,51,,41,26,24,5,40,1,3,64,11.294117647058824,7.0588235294117645,1.6,0.8823529411764706,,,,,1.588235294117647,,0.7432432432432432,,,4.388569742090562,-0.03753167559625581,,,,,,,,,208.3,4.084313725490197,189,3.7058823529411766,,,,,,,,,,,,,,,,,,,"Andrew Miller","6785",453192
"Jose A. Flores","CLE",3,4,,4.9411764705882355,45,0,,,,51,,57,30,28,4,23,1,3,30,5.294117647058823,4.0588235294117645,1.3043478260869565,0.7058823529411765,,,,,1.5686274509803921,,0.6720430107526881,,,4.467001114639581,-0.03753167559625581,,,,,,,,,162.00000000000003,3.176470588235295,185,3.627450980392157,,,,,,,,,,,,,,,,,,,"Jose A. Flores","sa503583",501320
"Kris Harvey","PIT",2,3,,5.294117647058823,35,0,,,,51,,55,32,30,6,28,1,3,34,6,4.9411764705882355,1.2142857142857142,1.0588235294117647,,,,,1.6274509803921569,,0.6836461126005362,,,5.114059938168993,-0.03753167559625581,,,,,,,,,135.60000000000002,2.658823529411765,152,2.980392156862745,,,,,,,,,,,,,,,,,,,"Kris Harvey","sa293563",459960
"Sean White","LAA",1,2,,5.470588235294118,39,1,,,,51,,58,33,31,5,31,1,3,26,4.588235294117647,5.470588235294118,0.8387096774193549,0.8823529411764706,,,,,1.7450980392156863,,0.6829268292682927,,,5.349354055816052,-0.03753167559625581,,,,,,,,,115.10000000000002,2.2568627450980396,140,2.7450980392156863,,,,,,,,,,,,,,,,,,,"Sean White","5564",457461
"Beau Jones","OAK",1,3,,5.470588235294118,42,0,,,,51,,53,33,31,6,40,2,4,37,6.529411764705882,7.0588235294117645,0.925,1.0588235294117647,,,,,1.8235294117647058,,0.7092198581560284,,,5.761118761698405,-0.03753167559625581,,,,,,,,,107.80000000000001,2.1137254901960785,119,2.3333333333333335,,,,,,,,,,,,,,,,,,,"Beau Jones","sa290173",475913
"Rubby De La Rosa","BOS",4,3,,4.385964977509273,12,10,,,,51.29999923706055,,50,27,25,5,27,1,1,48,8.421052756817804,4.736842175710015,1.7777777777777777,0.8771929955018547,,,,,1.5009746811920623,,0.7142857142857143,,,4.127590511956145,-0.03775244959712798,,,,,,,,,200.1199943542481,3.900974606831492,203.49999618530273,3.9668615830755933,,,,,,,,,,,,,,,,,,,"Rubby De La Rosa","3862",523989
"Preston Guilmet","CLE",2,2,,4.561403576609644,48,0,,,,51.29999923706055,,54,28,26,7,16,0,3,42,7.368421162215579,2.807017585605935,2.625,1.2280701937025966,,,,,1.3645224374473295,,0.6976744186046512,,,4.342015466412154,-0.03775244959712798,,,,,,,,,180.11999435424806,3.5111110532751115,192.49999618530273,3.7524366286195843,,,,,,,,,,,,,,,,,,,"Preston Guilmet","7303",543258
"Jon Link",,2,3,,4.385964977509273,43,0,,,,51.29999923706055,,52,27,25,5,25,2,3,40,7.017543964014838,4.385964977509273,1.6,0.8771929955018547,,,,,1.5009746811920623,,0.7142857142857143,,,4.439481354801249,-0.03775244959712798,,,,,,,,,178.91999435424808,3.487719240061729,187.49999618530273,3.6549707402304894,,,,,,,,,,,,,,,,,,,"Jon Link","3894",456899
"Jason Bergmann","COL",3,5,,6.315789567613353,29,4,,,,51.29999923706055,,62,39,36,9,29,1,4,33,5.789473770312241,5.087719373910757,1.1379310344827587,1.5789473919033383,,,,,1.7738791686815283,,0.6632653061224489,,,6.018428746704587,-0.03775244959712798,,,,,,,,,74.71999435424809,1.45653012603299,106.49999618530273,2.0760233483271513,,,,,,,,,,,,,,,,,,,"Jason Bergmann","4640",456589
"Vic Black","PIT",3,2,,3.655705942184095,44,0,,,,51.70000076293945,,45,22,21,4,25,0,3,56,9.748549179157587,4.352030883552494,2.24,0.6963249413683991,,,,,1.353965163771887,,0.7453416149068323,,,3.5586687226106712,-0.03804681680315336,,,,,,,,,244.38000564575196,4.726885919524646,234.50000381469727,4.535783372421068,,,,,,,,,,,,,,,,,,,"Vic Black","9195",502195
"Henry Alberto Rodriguez","WSN",3,2,,3.655705942184095,52,0,,,,51.70000076293945,,40,22,21,5,33,1,2,58,10.096711649841787,5.744680766289292,1.7575757575757576,0.8704061767104988,,,,,1.4119922422192537,,0.7727272727272727,,,4.138939507084337,-0.03804681680315336,,,,,,,,,228.08000564575195,4.4116054599606205,204.50000381469727,3.9555125879474016,,,,,,,,,,,,,,,,,,,"Henry Alberto Rodriguez","6371",469159
"Rich Thompson","TOR",2,2,,4.700193354236694,42,0,,,,51.70000076293945,,52,29,27,7,24,1,2,43,7.48549311971029,4.177949648210395,1.7916666666666667,1.2185686473946984,,,,,1.47001932066662,,0.7099697885196374,,,4.699867932075548,-0.03804681680315336,,,,,,,,,169.2800056457519,3.274274722392235,175.50000381469727,3.3945841629561913,,,,,,,,,,,,,,,,,,,"Rich Thompson","6422",460366
"Adam Russell","BAL",3,4,,5.744680766289292,49,0,,,,51.70000076293945,,57,35,33,6,39,1,4,33,5.744680766289292,6.789168178341891,0.8461538461538461,1.0444874120525987,,,,,1.8568665103157307,,0.6963470319634704,,,5.821724782057968,-0.03804681680315336,,,,,,,,,97.58000564575192,1.8874275475001738,117.50000381469727,2.2727273129737706,,,,,,,,,,,,,,,,,,,"Adam Russell","7334",452240
"Sergio Romo","SFG",4,1,,2.25,66,0,,,,52,,39,14,13,4,11,1,2,64,11.076923076923077,1.9038461538461537,5.818181818181818,0.6923076923076923,,,,,0.9615384615384616,,0.8108108108108109,,,2.382913633493277,-0.03826759080402553,,,,,,,,,323.19999999999993,6.215384615384614,297,5.711538461538462,,,,,,,,,,,,,,,,,,,"Sergio Romo","9817",489265
"Boone Logan","NYY",4,3,,3.980769230769231,70,0,,,,52,,47,25,23,6,22,5,3,58,10.038461538461538,3.8076923076923075,2.6363636363636362,1.0384615384615385,,,,,1.3269230769230769,,0.7260726072607261,,,3.8059905565702,-0.03826759080402553,,,,,,,,,229.8,4.4192307692307695,223,4.288461538461538,,,,,,,,,,,,,,,,,,,"Boone Logan","5525",457429
"Will Inman","TBR",2,3,,4.673076923076923,45,0,,,,52,,47,29,27,6,37,1,3,48,8.307692307692308,6.403846153846154,1.2972972972972974,1.0384615384615385,,,,,1.6153846153846154,,0.7275132275132276,,,5.0559905565702,-0.03826759080402553,,,,,,,,,164.8,3.1692307692307695,158,3.0384615384615383,,,,,,,,,,,,,,,,,,,"Will Inman","sa290185",488989
"Keith Butler","STL",2,3,,5.019230769230769,53,0,,,,52,,52,31,29,6,35,1,4,44,7.615384615384615,6.0576923076923075,1.2571428571428571,1.0384615384615385,,,,,1.6730769230769231,,0.712468193384224,,,5.152144402724046,-0.03826759080402553,,,,,,,,,146.79999999999998,2.823076923076923,153,2.9423076923076925,,,,,,,,,,,,,,,,,,,"Keith Butler","10080",572751
"Yonata Ortega","TEX",2,4,,6.75,47,0,,,,52,,59,42,39,10,43,1,4,38,6.576923076923077,7.4423076923076925,0.8837209302325582,1.7307692307692308,,,,,1.9615384615384615,,0.6818181818181818,,,6.8444520950317385,-0.03826759080402553,,,,,,,,,43.400000000000006,0.8346153846153848,65,1.25,,,,,,,,,,,,,,,,,,,"Yonata Ortega","sa393194",466458
"Steve Geltz","LAA",2,3,,4.4741874457654704,43,0,,,,52.29999923706055,,48,28,26,7,28,2,3,51,8.776290759001501,4.8183557108243535,1.8214285714285714,1.2045889277060884,,,,,1.4531548969152812,,0.7250755287009063,,,4.6623297469666465,-0.0384883648048977,,,,,,,,,185.11999435424804,3.539579293589536,179.49999618530273,3.4321223480650915,,,,,,,,,,,,,,,,,,,"Steve Geltz","8402",544993
"Lester Oliveros","MIN",2,3,,4.952561598130842,44,0,,,,52.70000076293945,,54,31,29,6,29,3,3,44,7.514231390267484,4.952561598130842,1.5172413793103448,1.0246679168546569,,,,,1.574952538869195,,0.6970509383378016,,,4.7263306292817475,-0.03878273201092308,,,,,,,,,167.78000564575197,3.1836812754610233,177.50000381469727,3.368121465749991,,,,,,,,,,,,,,,,,,,"Lester Oliveros","9167",500902
"Fabio Castillo","SFG",3,4,,4.952561598130842,39,0,,,,52.70000076293945,,55,31,29,4,34,1,4,30,5.1233395842732845,5.806451528843056,0.8823529411764706,0.6831119445697713,,,,,1.6888045296308234,,0.6954436450839329,,,5.105837265153843,-0.03878273201092308,,,,,,,,,143.780005645752,2.7282733124145095,157.50000381469727,2.988614829877896,,,,,,,,,,,,,,,,,,,"Fabio Castillo","2826",503566
"Kanekoa Texeira","CIN",1,2,,5.4648955565581705,37,2,,,,52.70000076293945,,59,34,32,7,30,2,3,28,4.781783611988399,5.1233395842732845,0.9333333333333333,1.1954459029970999,,,,,1.6888045296308234,,0.6944444444444444,,,5.637146555374776,-0.03878273201092308,,,,,,,,,107.48000564575196,2.039468768306656,129.50000381469727,2.4573055396569625,,,,,,,,,,,,,,,,,,,"Kanekoa Texeira","334",444427
"Ryan Buchter","ATL",3,5,,5.4648955565581705,48,0,,,,52.70000076293945,,51,34,32,6,48,2,4,49,8.368121320979698,8.197343334837255,1.0208333333333333,1.0246679168546569,,,,,1.878557847566871,,0.717439293598234,,,5.6750972189619855,-0.03878273201092308,,,,,,,,,125.58000564575198,2.3829222737709026,127.50000381469727,2.419354876069753,,,,,,,,,,,,,,,,,,,"Ryan Buchter","9456",488748
"Jim Hoey","MIL",2,3,,6.318785487270384,48,0,,,,52.70000076293945,,58,40,37,8,47,1,3,41,7.001897431840155,8.026565348694813,0.8723404255319149,1.3662238891395426,,,,,1.9924098383284996,,0.6929637526652452,,,6.3582091635317575,-0.03878273201092308,,,,,,,,,72.78000564575197,1.381024755068571,91.50000381469727,1.7362429314999817,,,,,,,,,,,,,,,,,,,"Jim Hoey","6007",460597
"Fernando Rodney","TBR",3,2,,3.039399668271631,58,0,,,,53.29999923706055,,45,19,18,4,21,1,3,49,8.273921319183884,3.545966279650236,2.3333333333333335,0.6754221485048069,,,,,1.238273938925479,,0.7781456953642384,,,3.5822569800629878,-0.03922428001266742,,,,,,,,,254.21999435424806,4.769605966100725,240.49999618530273,4.51219511496875,,,,,,,,,,,,,,,,,,,"Fernando Rodney","494",407845
"Darren O'Day","BAL",4,2,,3.545966279650236,58,0,,,,53.29999923706055,,48,22,21,7,13,1,3,52,8.780487930562488,2.195121982640622,4,1.181988759883412,,,,,1.1444653071887005,,0.76171875,,,3.7511125171891897,-0.03922428001266742,,,,,,,,,239.519994354248,4.493808588794594,231.49999618530273,4.343339577842549,,,,,,,,,,,,,,,,,,,"Darren O'Day","3321",503285
"Shane Loux","SFG",3,3,,4.052532891028841,41,0,,,,53.29999923706055,,56,26,24,4,16,1,2,29,4.89681057665985,2.7016885940192275,1.8125,0.6754221485048069,,,,,1.3508442970096137,,0.6927710843373494,,,3.995014959704814,-0.03922428001266742,,,,,,,,,203.61999435424806,3.820262612924524,218.49999618530273,4.099437135326924,,,,,,,,,,,,,,,,,,,"Shane Loux","1613",400076
"Scott Rice","NYM",2,3,,4.390243965281244,47,0,,,,53.29999923706055,,54,28,26,4,29,1,4,36,6.078799336543262,4.89681057665985,1.2413793103448276,0.6754221485048069,,,,,1.557223286830527,,0.710594315245478,,,4.576628476472843,-0.03922428001266742,,,,,,,,,177.81999435424805,3.3362100731627455,187.49999618530273,3.517823618558896,,,,,,,,,,,,,,,,,,,"Scott Rice","2743",446488
"Wilmer Font","TEX",3,4,,5.403377188038455,58,0,,,,53.29999923706055,,50,34,32,10,39,1,6,58,9.7936211533197,6.585365947921867,1.4871794871794872,1.6885553712620172,,,,,1.6697936449146613,,0.7333333333333333,,,5.8899493207877445,-0.03922428001266742,,,,,,,,,122.41999435424805,2.296810433519237,117.49999618530273,2.204502774243994,,,,,,,,,,,,,,,,,,,"Wilmer Font","5257",521655
"Jason Grilli","PIT",4,3,,3.184357496657878,54,0,,,,53.70000076293945,,44,20,19,5,21,4,3,68,11.396647882775563,3.519553022621865,3.238095238095238,0.8379888149099678,,,,,1.2104282882032869,,0.7758620689655172,,,3.1130740686964042,-0.039518647218692804,,,,,,,,,285.48000564575193,5.31620114692388,267.50000381469727,4.981378026335334,,,,,,,,,,,,,,,,,,,"Jason Grilli","521",276351
"Mike DeMark","ARI",3,3,,4.357541837531833,44,0,,,,53.70000076293945,,54,28,26,6,21,1,3,44,7.374301571207717,3.519553022621865,2.0952380952380953,1.0055865778919615,,,,,1.3966480248499464,,0.7057057057057058,,,4.2490144622410275,-0.039518647218692804,,,,,,,,,199.18000564575195,3.7091248196632085,206.50000381469727,3.845437632790711,,,,,,,,,,,,,,,,,,,"Mike DeMark","sa376291",514108
"Justin Friend","PHI",3,4,,4.692737363495819,50,0,,,,53.70000076293945,,57,30,28,5,27,1,4,44,7.374301571207717,4.5251396005138265,1.6296296296296295,0.8379888149099678,,,,,1.56424578783194,,0.7012987012987013,,,4.397990251558355,-0.039518647218692804,,,,,,,,,182.68000564575195,3.40186225419622,198.50000381469727,3.6964618434733834,,,,,,,,,,,,,,,,,,,"Justin Friend","sa388993",518697
"Ryota Igarashi","NYY",3,3,,4.860335126477813,52,0,,,,53.70000076293945,,55,31,29,6,30,1,4,49,8.212290386117685,5.027932889459807,1.6333333333333333,1.0055865778919615,,,,,1.5828677614966058,,0.7049608355091385,,,4.621453935534347,-0.039518647218692804,,,,,,,,,176.58000564575195,3.2882682148417577,186.50000381469727,3.4729981594973918,,,,,,,,,,,,,,,,,,,"Ryota Igarashi","10232",579799
"Daniel Stange","SDP",4,5,,4.5251396005138265,46,0,,,,53.70000076293945,,53,29,27,6,29,1,3,40,6.703910519279742,4.860335126477813,1.3793103448275863,1.0055865778919615,,,,,1.527001840502608,,0.720108695652174,,,4.844917619510338,-0.039518647218692804,,,,,,,,,169.78000564575194,3.1616387939220294,174.50000381469727,3.2495344755214006,,,,,,,,,,,,,,,,,,,"Daniel Stange","9404",458094
"Ryan Robowski","DET",2,3,,5.5307261784057875,36,0,,,,53.70000076293945,,64,35,33,7,21,1,4,32,5.363128415423794,3.519553022621865,1.5238095238095237,1.1731843408739548,,,,,1.5828677614966058,,0.6648936170212766,,,4.993893408827665,-0.039518647218692804,,,,,,,,,133.88000564575194,2.4931099393605214,166.50000381469727,3.100558686204073,,,,,,,,,,,,,,,,,,,"Ryan Robowski","sa501919",572084
"Brian Sanches","KCR",3,4,,5.027932889459807,42,1,,,,53.70000076293945,,59,32,30,9,21,2,2,35,5.865921704369775,3.519553022621865,1.6666666666666667,1.508379866837942,,,,,1.4897578931732762,,0.7121661721068249,,,5.2546010401329895,-0.039518647218692804,,,,,,,,,134.28000564575197,2.5005587288263884,152.50000381469727,2.8398510548987494,,,,,,,,,,,,,,,,,,,"Brian Sanches","2739",430083
"Jorge Rondon","STL",3,5,,5.363128415423794,53,0,,,,53.70000076293945,,55,34,32,5,42,2,4,41,6.871508282261736,7.03910604524373,0.9761904761904762,0.8379888149099678,,,,,1.8063314454725974,,0.7,,,5.347710908456319,-0.039518647218692804,,,,,,,,,136.88000564575196,2.54897586035452,147.50000381469727,2.7467411865754197,,,,,,,,,,,,,,,,,,,"Jorge Rondon","5791",504083
"Jhonny Nunez","SEA",2,5,,6.201117230333762,31,5,,,,53.70000076293945,,60,40,37,9,36,2,3,36,6.033519467351768,6.033519467351768,1,1.508379866837942,,,,,1.7877094718079314,,0.671462829736211,,,6.1112118287076225,-0.039518647218692804,,,,,,,,,85.68000564575198,1.5955308087236233,106.50000381469727,1.9832402663241158,,,,,,,,,,,,,,,,,,,"Jhonny Nunez","6640",471919
"Jesse Crain","CHW",4,2,,3.6666666666666665,58,0,,,,54,,44,24,22,7,25,3,1,62,10.333333333333334,4.166666666666667,2.48,1.1666666666666667,,,,,1.2777777777777777,,0.7601351351351351,,,3.927785428365072,-0.039739421219564974,,,,,,,,,245.1,4.538888888888889,225,4.166666666666667,,,,,,,,,,,,,,,,,,,"Jesse Crain","4817",430884
"Blake Wood","CLE",3,3,,4.5,46,0,,,,54,,55,29,27,5,24,5,2,42,7,4,1.75,0.8333333333333334,,,,,1.462962962962963,,0.6944444444444444,,,4.187044687624331,-0.039739421219564974,,,,,,,,,201.10000000000002,3.7240740740740743,211,3.9074074074074074,,,,,,,,,,,,,,,,,,,"Blake Wood","1345",502028
"Tim Wood","MIN",3,5,,5.333333333333333,51,0,,,,54,,60,34,32,6,28,4,3,33,5.5,4.666666666666667,1.1785714285714286,1,,,,,1.6296296296296295,,0.678391959798995,,,5.038896539476183,-0.039739421219564974,,,,,,,,,142.8,2.644444444444445,165,3.0555555555555554,,,,,,,,,,,,,,,,,,,"Tim Wood","3775",445971
"Michael Morrison","DET",2,3,,5.333333333333333,40,0,,,,54,,56,34,32,7,35,1,3,46,7.666666666666667,5.833333333333333,1.3142857142857143,1.1666666666666667,,,,,1.6851851851851851,,0.7019704433497537,,,5.187044687624331,-0.039739421219564974,,,,,,,,,145.9,2.701851851851852,157,2.9074074074074074,,,,,,,,,,,,,,,,,,,"Michael Morrison","sa502419",571965
"Coty Woods","TEX",3,4,,5.833333333333333,50,0,,,,54,,62,37,35,10,25,2,4,37,6.166666666666667,4.166666666666667,1.48,1.6666666666666667,,,,,1.6111111111111112,,0.684931506849315,,,5.742600243179886,-0.039739421219564974,,,,,,,,,102.4,1.8962962962962964,127,2.3518518518518516,,,,,,,,,,,,,,,,,,,"Coty Woods","sa502777",573254
"Zach Simons","TEX",2,4,,7.333333333333333,42,0,,,,54,,65,47,44,13,39,1,4,35,5.833333333333333,6.5,0.8974358974358975,2.1666666666666665,,,,,1.9259259259259258,,0.6643356643356644,,,7.316674317253961,-0.039739421219564974,,,,,,,,,11.700000000000017,0.21666666666666698,42,0.7777777777777778,,,,,,,,,,,,,,,,,,,"Zach Simons","sa291239",450583
"Jordan Walden","ATL",4,3,,3.314917173647902,57,0,,,,54.29999923706055,,46,21,20,4,25,2,1,62,10.276243238308497,4.143646467059878,2.48,0.6629834347295804,,,,,1.3075506629388949,,0.7645259938837919,,,3.2049493341533353,-0.039960195220437145,,,,,,,,,279.0199943542481,5.138489839311322,265.49999618530273,4.889502760878403,,,,,,,,,,,,,,,,,,,"Jordan Walden","3271",477229
"Rafael Soriano","WSN",3,2,,3.314917173647902,57,0,,,,54.29999923706055,,46,21,20,6,18,3,1,54,8.950276368849336,2.983425456283112,3,0.9944751520943707,,,,,1.1786372172970319,,0.7733812949640287,,,3.5916896710789237,-0.039960195220437145,,,,,,,,,259.41999435424805,4.777532191514104,244.49999618530273,4.502762423952815,,,,,,,,,,,,,,,,,,,"Rafael Soriano","1100",400089
"Mark Hendrickson","BAL",2,4,,6.46408848861341,27,0,,,,54.29999923706055,,69,42,39,11,21,1,3,23,3.812154749695088,3.4806630323302974,1.0952380952380953,1.8232044455063463,,,,,1.657458586823951,,0.64343163538874,,,6.206790996956713,-0.039960195220437145,,,,,,,,,61.119994354248064,1.125598438545332,102.49999618530273,1.887661098075025,,,,,,,,,,,,,,,,,,,"Mark Hendrickson","1574",424805
"Juan Abreu","LAD",2,4,,5.966850912566224,48,0,,,,54.29999923706055,,53,39,36,11,42,2,5,57,9.44751394489652,6.961326064660595,1.3571428571428572,1.8232044455063463,,,,,1.7495396194252817,,0.7035175879396985,,,6.225207203476979,-0.039960195220437145,,,,,,,,,101.71999435424812,1.8732964232681375,101.49999618530273,1.869244891554759,,,,,,,,,,,,,,,,,,,"Juan Abreu","6306",444874
"Troy Patton","BAL",2,2,,3.619744008013793,55,0,,,,54.70000076293945,,51,24,22,6,14,2,2,50,8.226690927304075,2.303473459645141,3.5714285714285716,0.9872029112764891,,,,,1.1882998006105887,,0.724381625441696,,,3.5697720152759738,-0.040254562426462526,,,,,,,,,250.380005645752,4.577330935165002,247.50000381469727,4.524680079755765,,,,,,,,,,,,,,,,,,,"Troy Patton","8368",461856
"Marc Rzepczynski","STL",3,3,,4.1133454636520375,69,0,,,,54.70000076293945,,52,27,25,6,23,2,2,48,7.897623290211913,3.7842778265598747,2.0869565217391304,0.9872029112764891,,,,,1.3711151545506792,,0.7207207207207208,,,4.136499612490255,-0.040254562426462526,,,,,,,,,216.78000564575197,3.9630713459262976,216.50000381469727,3.957952482541484,,,,,,,,,,,,,,,,,,,"Marc Rzepczynski","6612",519240
"Jeremy Jeffress","TOR",3,4,,5.100548374928526,49,0,,,,54.70000076293945,,57,33,31,6,35,2,3,45,7.404021834573668,5.758683649112853,1.2857142857142858,0.9872029112764891,,,,,1.6819012562488331,,0.7057416267942584,,,4.959168705220662,-0.040254562426462526,,,,,,,,,158.78000564575197,2.9027422930737723,171.50000381469727,3.135283389811076,,,,,,,,,,,,,,,,,,,"Jeremy Jeffress","9490",502026
"Stephen Pryor","SEA",2,3,,4.606946919290282,51,0,,,,54.70000076293945,,47,30,28,7,39,1,2,56,9.213893838580564,6.416818923297178,1.435897435897436,1.1517367298225705,,,,,1.5722120438847789,,0.7349081364829396,,,4.959168705220662,-0.040254562426462526,,,,,,,,,185.480005645752,3.3908592880938144,171.50000381469727,3.135283389811076,,,,,,,,,,,,,,,,,,,"Stephen Pryor","10663",543668
"Loek Van Mil","CIN",2,3,,5.265082193474608,35,0,,,,54.70000076293945,,59,34,32,7,29,1,4,34,5.594149830566772,4.771480737836364,1.1724137931034482,1.1517367298225705,,,,,1.6087751146727969,,0.690537084398977,,,5.324799413100843,-0.040254562426462526,,,,,,,,,134.28000564575197,2.4548446759205507,151.50000381469727,2.769652681930895,,,,,,,,,,,,,,,,,,,"Loek Van Mil","sa328812",503441
"Cory Rasmus","ATL",3,5,,5.265082193474608,53,0,,,,54.70000076293945,,55,34,32,6,42,2,4,44,7.239488016027586,6.910420378935424,1.0476190476190477,0.9872029112764891,,,,,1.7733089332188785,,0.7110609480812642,,,5.434488625464898,-0.040254562426462526,,,,,,,,,137.980005645752,2.5224863568783844,145.50000381469727,2.659963469566841,,,,,,,,,,,,,,,,,,,"Cory Rasmus","2413",474284
"Charlie Furbush","SEA",5,4,,3.109090909090909,56,0,,,,55,,43,20,19,5,21,4,3,61,9.981818181818182,3.4363636363636365,2.9047619047619047,0.8181818181818182,,,,,1.1636363636363636,,0.7719298245614035,,,3.367179367759011,-0.040475336427334696,,,,,,,,,283.7,5.158181818181818,260,4.7272727272727275,,,,,,,,,,,,,,,,,,,"Charlie Furbush","1370",518703
"Jeremy Affeldt","SFG",2,2,,3.4363636363636365,58,0,,,,55,,50,22,21,4,22,2,3,48,7.8545454545454545,3.6,2.1818181818181817,0.6545454545454545,,,,,1.309090909090909,,0.753012048192771,,,3.658088458668102,-0.040475336427334696,,,,,,,,,248.8,4.5236363636363635,244,4.4363636363636365,,,,,,,,,,,,,,,,,,,"Jeremy Affeldt","583",346793
"Justin De Fratus","PHI",2,2,,3.9272727272727272,47,0,,,,55,,52,26,24,6,20,2,3,51,8.345454545454546,3.272727272727273,2.55,0.9818181818181818,,,,,1.309090909090909,,0.7232704402515723,,,3.912633913213557,-0.040475336427334696,,,,,,,,,230.99999999999997,4.199999999999999,230,4.181818181818182,,,,,,,,,,,,,,,,,,,"Justin De Fratus","4955",518603
"Sandy Rosario","SFG",2,3,,4.254545454545455,45,0,,,,55,,58,28,26,6,18,1,3,42,6.872727272727273,2.9454545454545453,2.3333333333333335,0.9818181818181818,,,,,1.3818181818181818,,0.7100591715976332,,,4.130815731395375,-0.040475336427334696,,,,,,,,,203.39999999999998,3.698181818181818,218,3.963636363636364,,,,,,,,,,,,,,,,,,,"Sandy Rosario","1525",466459
"Victor Marte","STL",3,4,,4.745454545454545,53,0,,,,55,,58,31,29,6,25,3,3,42,6.872727272727273,4.090909090909091,1.68,0.9818181818181818,,,,,1.509090909090909,,0.6970509383378016,,,4.5126339132135564,-0.040475336427334696,,,,,,,,,182.39999999999998,3.316363636363636,197,3.581818181818182,,,,,,,,,,,,,,,,,,,"Victor Marte","5158",469690
"Jake Diekman","PHI",1,2,,4.909090909090909,54,0,,,,55,,51,32,30,5,45,3,5,56,9.163636363636364,7.363636363636363,1.2444444444444445,0.8181818181818182,,,,,1.7454545454545454,,0.7191011235955056,,,4.9671793677590115,-0.040475336427334696,,,,,,,,,174.9,3.18,172,3.1272727272727274,,,,,,,,,,,,,,,,,,,"Jake Diekman","5003",518617
"Bradley Holt","NYM",1,2,,4.909090909090909,47,0,,,,55,,55,32,30,5,39,2,3,41,6.709090909090909,6.381818181818182,1.0512820512820513,0.8181818181818182,,,,,1.709090909090909,,0.7126436781609196,,,5.07627027684992,-0.040475336427334696,,,,,,,,,158.5,2.881818181818182,166,3.018181818181818,,,,,,,,,,,,,,,,,,,"Bradley Holt","sa454395",475747
"Matt Thornton","CHW",6,4,,3.580470212146148,60,0,,,,55.29999923706055,,51,24,22,5,18,4,2,55,8.95117553036537,2.9294756281195755,3.0555555555555554,0.8137432300332155,,,,,1.2477396193842638,,0.7258064516129032,,,3.365699838376144,-0.040696110428206866,,,,,,,,,265.119994354248,4.794213345604747,261.49999618530273,4.728752256655595,,,,,,,,,,,,,,,,,,,"Matt Thornton","1918",407819
"Jordan Norberto","OAK",3,3,,3.905967504159434,48,0,,,,55.29999923706055,,49,26,24,5,30,2,2,53,8.625678238352084,4.882459380199292,1.7666666666666666,0.8137432300332155,,,,,1.4285714482805338,,0.7361111111111112,,,4.089027153961224,-0.040696110428206866,,,,,,,,,230.319994354248,4.164918581045727,221.49999618530273,4.0054249410705145,,,,,,,,,,,,,,,,,,,"Jordan Norberto","8432",467099
"Jairo Asencio","MIL",2,2,,4.5569620881860065,47,0,,,,55.29999923706055,,54,30,28,7,27,1,2,52,8.462929592345441,4.394213442179363,1.9259259259259258,1.1392405220465016,,,,,1.4647378140597878,,0.7162921348314606,,,4.432607628864137,-0.040696110428206866,,,,,,,,,199.71999435424797,3.61157318462314,202.49999618530273,3.6618444661676013,,,,,,,,,,,,,,,,,,,"Jairo Asencio","3332",446003
"Jose De La Torre","BOS",4,3,,4.5569620881860065,41,0,,,,55.29999923706055,,55,30,28,6,28,1,3,45,7.323689070298939,4.5569620881860065,1.6071428571428572,0.9764918760398585,,,,,1.500904179839042,,0.710455764075067,,,4.559189909091526,-0.040696110428206866,,,,,,,,,189.41999435424805,3.425316400859983,195.49999618530273,3.535262185940212,,,,,,,,,,,,,,,,,,,"Jose De La Torre","787",473265
"Kenny Faulk","DET",2,3,,5.207956672212579,46,0,,,,55.29999923706055,,59,34,32,6,32,0,3,46,7.486437716305582,5.207956672212579,1.4375,0.9764918760398585,,,,,1.645569642956058,,0.6900726392251817,,,4.740021737987797,-0.040696110428206866,,,,,,,,,169.01999435424804,3.056419469911592,185.49999618530273,3.354430357043942,,,,,,,,,,,,,,,,,,,"Kenny Faulk","sa501909",571660
"Chad Qualls",,3,4,,4.524236921872193,62,0,,,,55.70000076293945,,61,30,28,6,16,2,0,37,5.9784559324739694,2.5852782410698247,2.3125,0.9694793404011842,,,,,1.3824057261276146,,0.685131195335277,,,4.028024793195842,-0.04099047763423225,,,,,,,,,205.78000564575197,3.6944345211332514,226.50000381469727,4.066427301835897,,,,,,,,,,,,,,,,,,,"Chad Qualls","2170",430589
"Oliver Pérez","SEA",3,5,,4.685816811939057,53,0,,,,55.70000076293945,,53,31,29,6,35,2,2,48,7.755834723209474,5.655296152340242,1.3714285714285714,0.9694793404011842,,,,,1.5798922584315596,,0.7160804020100503,,,4.7641109590560005,-0.04099047763423225,,,,,,,,,185.58000564575195,3.331777434538734,185.50000381469727,3.3303411359757384,,,,,,,,,,,,,,,,,,,"Oliver Perez","1514",424144
"Buddy Carlyle","TOR",3,4,,5.008976592072785,30,1,,,,55.70000076293945,,62,33,31,8,20,1,3,38,6.140035822540834,3.231597801337281,1.9,1.2926391205349124,,,,,1.4721723317203168,,0.692090395480226,,,4.835924243530162,-0.04099047763423225,,,,,,,,,159.58000564575198,2.864991085456683,181.50000381469727,3.2585278515015763,,,,,,,,,,,,,,,,,,,"Buddy Carlyle","2010",234194
"Scott Kazmir","CLE",2,5,,5.9784559324739694,11,11,,,,55.70000076293945,,63,40,37,9,31,0,5,37,5.9784559324739694,5.008976592072785,1.1935483870967742,1.4542190106017763,,,,,1.687612185142802,,0.6633906633906633,,,5.805403583931346,-0.04099047763423225,,,,,,,,,103.68000564575198,1.861400434930272,127.50000381469727,2.2890485111003924,,,,,,,,,,,,,,,,,,,"Scott Kazmir","4897",431148
"Tommy Hottovy","TOR",1,2,,6.140035822540834,43,0,,,,55.70000076293945,,65,41,38,11,28,0,4,38,6.140035822540834,4.524236921872193,1.3571428571428572,1.7773787907355045,,,,,1.6696588640242618,,0.6701030927835052,,,6.0208434373538315,-0.04099047763423225,,,,,,,,,87.88000564575196,1.5777379612573326,115.50000381469727,2.073608657677907,,,,,,,,,,,,,,,,,,,"Tommy Hottovy","7542",459415
"Carlos Fisher","OAK",1,3,,5.816876042407105,48,0,,,,55.70000076293945,,57,39,36,8,49,2,4,43,6.947935272875154,7.917414613276338,0.8775510204081632,1.2926391205349124,,,,,1.9030520385652876,,0.7067510548523207,,,6.272189933013398,-0.04099047763423225,,,,,,,,,92.58000564575195,1.6621185705144725,101.50000381469727,1.8222621620183406,,,,,,,,,,,,,,,,,,,"Carlos Fisher","9832",457567
"Mike Adams","PHI",5,2,,3.0535714285714284,62,0,,,,56,,49,20,19,5,17,1,1,55,8.839285714285714,2.732142857142857,3.235294117647059,0.8035714285714286,,,,,1.1785714285714286,,0.7796610169491526,,,3.255166380746024,-0.04121125163510442,,,,,,,,,281.5000000000001,5.026785714285716,271,4.839285714285714,,,,,,,,,,,,,,,,,,,"Mike Adams","1937",430606
"Phillippe Aumont","PHI",3,3,,4.821428571428571,55,0,,,,56,,52,32,30,6,41,2,4,58,9.321428571428571,6.589285714285714,1.4146341463414633,0.9642857142857143,,,,,1.6607142857142858,,0.7210401891252955,,,4.826594952174595,-0.04121125163510442,,,,,,,,,186.40000000000006,3.3285714285714296,183,3.267857142857143,,,,,,,,,,,,,,,,,,,"Phillippe Aumont","5362",518418
"Claudio Vargas","TOR",2,3,,5.785714285714286,18,9,,,,56,,67,39,36,9,23,1,4,33,5.303571428571429,3.6964285714285716,1.434782608695652,1.4464285714285714,,,,,1.6071428571428572,,0.6589147286821705,,,5.451594952174595,-0.04121125163510442,,,,,,,,,114.50000000000003,2.0446428571428577,148,2.642857142857143,,,,,,,,,,,,,,,,,,,"Claudio Vargas","1695",282567
"Francisco Rondon","NYY",2,3,,6.107142857142857,37,0,,,,56,,59,41,38,10,42,1,3,50,8.035714285714286,6.75,1.1904761904761905,1.6071428571428572,,,,,1.8035714285714286,,0.6896551724137931,,,6.0408806664603105,-0.04121125163510442,,,,,,,,,103.00000000000009,1.8392857142857157,115,2.0535714285714284,,,,,,,,,,,,,,,,,,,"Francisco Rondon","sa456143",501491
"Jhan Mariñez","CHW",3,5,,6.267857142857143,49,0,,,,56,,58,42,39,10,49,1,4,50,8.035714285714286,7.875,1.0204081632653061,1.6071428571428572,,,,,1.9107142857142858,,0.6989247311827957,,,6.4694520950317385,-0.04121125163510442,,,,,,,,,81.60000000000008,1.4571428571428586,91,1.625,,,,,,,,,,,,,,,,,,,"Jhan Marinez","5830",501697
"Drew Storen","WSN",4,2,,3.197158125030872,59,0,,,,56.29999923706055,,49,21,20,5,17,2,2,52,8.312611125080267,2.7175844062762406,3.0588235294117645,0.799289531257718,,,,,1.1722913125113197,,0.7627118644067796,,,3.4141679075348255,-0.04143202563597659,,,,,,,,,274.7199943542481,4.879573678100664,263.49999618530273,4.6802841874969126,,,,,,,,,,,,,,,,,,,"Drew Storen","6983",519322
"Sean Burnett","LAA",4,3,,3.516873937533959,68,0,,,,56.29999923706055,,54,24,22,5,17,3,2,48,7.673179500074092,2.7175844062762406,2.823529411764706,0.799289531257718,,,,,1.2611012604288439,,0.734375,,,3.5562638242028646,-0.04143202563597659,,,,,,,,,253.7199943542481,4.506571896847062,255.49999618530273,4.538188270828874,,,,,,,,,,,,,,,,,,,"Sean Burnett","1886",430634
"Santiago Casilla","SFG",5,4,,3.357016031282415,60,0,,,,56.29999923706055,,49,22,21,5,24,3,2,51,8.152753218828723,3.836589750037046,2.125,0.799289531257718,,,,,1.2966252395958535,,0.7727272727272727,,,3.822693667955437,-0.04143202563597659,,,,,,,,,251.7199943542481,4.471047917680052,240.49999618530273,4.271758427076302,,,,,,,,,,,,,,,,,,,"Santiago Casilla","2873",433586
"Eury De La Rosa","ARI",3,3,,4.47602137504322,50,0,,,,56.29999923706055,,58,30,28,7,21,1,4,45,7.193605781319461,3.357016031282415,2.142857142857143,1.119005343760805,,,,,1.4031971770968825,,0.708092485549133,,,4.444363303378107,-0.04143202563597659,,,,,,,,,194.71999435424806,3.4586145114202758,205.49999618530273,3.650088791653632,,,,,,,,,,,,,,,,,,,"Eury De La Rosa","4055",545001
"Chris Hatcher",,1,1,,4.47602137504322,50,0,,,,56.29999923706055,,57,30,28,6,27,1,4,47,7.513321593822548,4.316163468791677,1.7407407407407407,0.9591474375092615,,,,,1.4920071250144067,,0.7142857142857143,,,4.462125292961611,-0.04143202563597659,,,,,,,,,195.61999435424806,3.47460030204543,204.49999618530273,3.632326802070127,,,,,,,,,,,,,,,,,,,"Chris Hatcher","3299",501822
"Steve Edlefsen","SFG",2,4,,4.955595093797851,50,0,,,,56.29999923706055,,60,33,31,5,32,1,3,36,5.754884625055569,5.115453000049395,1.125,0.799289531257718,,,,,1.6341030416824456,,0.6941176470588235,,,4.8351270742152135,-0.04143202563597659,,,,,,,,,166.1199943542481,2.9506216093320377,183.49999618530273,3.2593250208165254,,,,,,,,,,,,,,,,,,,"Steve Edlefsen","2185",453580
"Sam Demel","HOU",2,4,,5.435168812552481,55,0,,,,56.29999923706055,,62,36,34,9,25,3,3,47,7.513321593822548,3.9964476562885896,1.88,1.4387211562638922,,,,,1.5452930937649212,,0.6854838709677419,,,4.994984980466756,-0.04143202563597659,,,,,,,,,154.7199943542481,2.7481349280800824,174.49999618530273,3.0994671145649817,,,,,,,,,,,,,,,,,,,"Sam Demel","868",451585
"Casey Fien","MIN",3,5,,5.2753109063009385,50,0,,,,56.29999923706055,,62,35,33,9,21,4,3,41,6.5541741563132865,3.357016031282415,1.9523809523809523,1.4387211562638922,,,,,1.4742451354309019,,0.6818181818181818,,,4.994984980466756,-0.04143202563597659,,,,,,,,,154.7199943542481,2.7481349280800824,174.49999618530273,3.0994671145649817,,,,,,,,,,,,,,,,,,,"Casey Fien","3926",502272
"John Maine",,3,5,,5.754884625055569,12,12,,,,56.29999923706055,,62,39,36,8,36,1,4,38,6.074600437558656,5.754884625055569,1.0555555555555556,1.2788632500123487,,,,,1.7406749791834746,,0.6797235023041475,,,5.723226553390456,-0.04143202563597659,,,,,,,,,113.0199943542481,2.007459962447931,133.49999618530273,2.3712255416412833,,,,,,,,,,,,,,,,,,,"John Maine","4773",429720
"Pat Neshek","OAK",4,3,,3.492063445075256,57,0,,,,56.70000076293945,,56,24,22,4,17,2,4,48,7.619047516527831,2.698412662103607,2.823529411764706,0.6349206263773193,,,,,1.2874779368206752,,0.7270029673590503,,,3.4295490922864347,-0.04172639284200197,,,,,,,,,257.780005645752,4.546384518115271,264.50000381469727,4.664903002745303,,,,,,,,,,,,,,,,,,,"Pat Neshek","4682",450212
"Darin Downs","DET",3,3,,4.444444384641235,49,0,,,,56.70000076293945,,60,30,28,5,23,1,3,44,6.984126890150512,3.650793601669586,1.9130434782608696,0.7936507829716491,,,,,1.4638447774810417,,0.6973684210526315,,,4.064469718663754,-0.04172639284200197,,,,,,,,,212.08000564575195,3.7403880562973955,228.50000381469727,4.029982376367984,,,,,,,,,,,,,,,,,,,"Darin Downs","5903",445153
"Cody Eppley","NYY",2,2,,4.105263157894737,65,0,,,,57,,57,28,26,5,22,2,1,46,7.2631578947368425,3.473684210526316,2.090909090909091,0.7894736842105263,,,,,1.3859649122807018,,0.7083333333333334,,,3.8312942002948964,-0.04194716684287414,,,,,,,,,235.09999999999994,4.124561403508771,243,4.2631578947368425,,,,,,,,,,,,,,,,,,,"Cody Eppley","9095",543136
"Jerry Blevins","OAK",2,2,,3.789473684210526,59,0,,,,57,,52,26,24,6,22,3,3,51,8.052631578947368,3.473684210526316,2.3181818181818183,0.9473684210526315,,,,,1.2982456140350878,,0.7317073170731708,,,3.9891889371370017,-0.04194716684287414,,,,,,,,,239.79999999999993,4.2070175438596475,234,4.105263157894737,,,,,,,,,,,,,,,,,,,"Jerry Blevins","7841",460283
"Tony Sipp","ARI",3,2,,4.105263157894737,66,0,,,,57,,50,28,26,8,26,2,1,60,9.473684210526315,4.105263157894737,2.3076923076923075,1.263157894736842,,,,,1.3333333333333333,,0.7407407407407408,,,4.2348029722247205,-0.04194716684287414,,,,,,,,,232.39999999999998,4.07719298245614,220,3.8596491228070176,,,,,,,,,,,,,,,,,,,"Tony Sipp","8280",448609
"Justin Miller","TEX",5,4,,4.7368421052631575,44,0,,,,57,,57,32,30,7,31,2,4,43,6.7894736842105265,4.894736842105263,1.3870967741935485,1.105263157894737,,,,,1.543859649122807,,0.7161125319693095,,,5.024276656435247,-0.04194716684287414,,,,,,,,,168.49999999999997,2.9561403508771926,175,3.0701754385964914,,,,,,,,,,,,,,,,,,,"Justin Miller","8580",502522
"Robert Whitenack","CHC",3,5,,5.526315789473684,15,15,,,,57,,63,37,35,7,33,0,4,32,5.052631578947368,5.2105263157894735,0.9696969696969697,1.105263157894737,,,,,1.6842105263157894,,0.6844547563805105,,,5.515504726610686,-0.04194716684287414,,,,,,,,,124.89999999999998,2.191228070175438,147,2.5789473684210527,,,,,,,,,,,,,,,,,,,"Robert Whitenack","sa501603",572257
"Jake McGee","TBR",6,3,,2.9842932334526187,67,0,,,,57.29999923706055,,47,20,19,6,16,3,1,64,10.052356154787768,2.513089038696942,4,0.9424083895113533,,,,,1.099476454429912,,0.7875457875457875,,,3.1119041022449117,-0.04216794084374631,,,,,,,,,305.01999435424807,5.323211141632388,285.49999618530273,4.982547992786826,,,,,,,,,,,,,,,,,,,"Jake McGee","7550",459429
"Grant Balfour","OAK",3,2,,3.1413612983711774,61,0,,,,57.29999923706055,,47,21,20,5,21,2,0,57,8.952879700357856,3.2984293632897366,2.7142857142857144,0.7853403245927943,,,,,1.1867364904957782,,0.7704918032786885,,,3.338780196016163,-0.04216794084374631,,,,,,,,,291.3199943542481,5.084118642811916,272.49999618530273,4.755671899015575,,,,,,,,,,,,,,,,,,,"Grant Balfour","718",346797
"Fautino De Los Santos","SDP",3,3,,3.7696335580454132,48,0,,,,57.29999923706055,,51,26,24,4,30,3,3,59,9.267015830194973,4.7120419475567665,1.9666666666666666,0.6282722596742355,,,,,1.41361258426703,,0.7294429708222812,,,3.6703683330664543,-0.04216794084374631,,,,,,,,,261.2199943542481,4.558813225695403,253.49999618530273,4.424083761965284,,,,,,,,,,,,,,,,,,,"Fautino De Los Santos","5841",501745
"Tanner Scheppers","TEX",2,2,,4.7120419475567665,53,0,,,,57.29999923706055,,63,32,30,7,20,2,3,45,7.06806292133515,3.1413612983711774,2.25,1.099476454429912,,,,,1.4485165986933763,,0.6967213114754098,,,4.316092599953863,-0.04216794084374631,,,,,,,,,195.11999435424804,3.405235548904652,216.49999618530273,3.7783594950778756,,,,,,,,,,,,,,,,,,,"Tanner Scheppers","10267",489294
"Jonathan Albaladejo",,3,4,,4.24083775280109,55,0,,,,57.29999923706055,,53,29,27,7,27,2,4,56,8.795811635439296,4.24083775280109,2.074074074074074,1.099476454429912,,,,,1.3961605770538568,,0.7264957264957265,,,4.350996614380209,-0.04216794084374631,,,,,,,,,219.11999435424804,3.8240837220208093,214.49999618530273,3.7434554806515288,,,,,,,,,,,,,,,,,,,"Jonathan Albaladejo","3521",452293
"Jean Machi","SFG",2,3,,4.869110012475325,56,0,,,,57.29999923706055,,63,33,31,6,25,1,3,37,5.811518401986678,3.926701622963972,1.48,0.9424083895113533,,,,,1.5357766347592423,,0.6909547738693468,,,4.63022872979098,-0.04216794084374631,,,,,,,,,176.41999435424805,3.0788830140183134,198.49999618530273,3.4642233652407577,,,,,,,,,,,,,,,,,,,"Jean Machi","3220",466948
"Jeff Stevens","CIN",1,1,,5.497382272149561,45,0,,,,57.29999923706055,,60,37,35,9,36,1,3,44,6.910994856416591,5.65445033706812,1.2222222222222223,1.41361258426703,,,,,1.675392692464628,,0.7074340527577937,,,5.642445148155026,-0.04216794084374631,,,,,,,,,128.31999435424808,2.2394414670646827,140.49999618530273,2.4520069468767116,,,,,,,,,,,,,,,,,,,"Jeff Stevens","3367",459999
"Drew Hayes","CIN",2,3,,5.3403142072310015,56,0,,,,57.29999923706055,,56,36,34,8,43,2,5,51,8.010471310846503,6.753926791498031,1.186046511627907,1.256544519348471,,,,,1.7277487141041477,,0.7175398633257404,,,5.642445148155026,-0.04216794084374631,,,,,,,,,138.0199943542481,2.408725937032463,140.49999618530273,2.4520069468767116,,,,,,,,,,,,,,,,,,,"Drew Hayes","10528",502457
"Scott Atchison","NYM",3,2,,3.4315424156315584,42,0,,,,57.70000076293945,,55,24,22,5,14,2,2,46,7.175043232684167,2.183708809947355,3.2857142857142856,0.7798960035526269,,,,,1.1958405387806945,,0.7258064516129032,,,3.4584035633562977,-0.04246230804977169,,,,,,,,,266.48000564575204,4.618370920662299,267.50000381469727,4.636048531675441,,,,,,,,,,,,,,,,,,,"Scott Atchison","2642",425786
"Mark Montgomery","NYY",3,3,,4.0554592184736595,50,0,,,,57.70000076293945,,51,28,26,7,31,2,3,67,10.4506064476052,4.835355222026286,2.161290322580645,1.0918544049736776,,,,,1.4211438286958977,,0.7479224376731302,,,4.116982410800738,-0.04246230804977169,,,,,,,,,240.28000564575203,4.1642981363716585,229.50000381469727,3.9774696842310004,,,,,,,,,,,,,,,,,,,"Mark Montgomery","sa598328",605384
"Will Harris","COL",3,3,,4.991334422736812,53,0,,,,57.70000076293945,,61,34,32,8,25,1,4,52,8.110918436947319,3.899480017763134,2.08,1.247833605684203,,,,,1.4904679179005758,,0.6951871657754011,,,4.6022510352334844,-0.04246230804977169,,,,,,,,,186.98000564575207,3.2405546477193257,201.50000381469727,3.492201059798255,,,,,,,,,,,,,,,,,,,"Will Harris","3192",501789
"Chris Jakubauskas","MIL",2,3,,5.459272024868388,24,8,,,,57.70000076293945,,67,37,35,8,26,1,3,36,5.6152512255789135,4.0554592184736595,1.3846153846153846,1.247833605684203,,,,,1.6117850740087623,,0.684596577017115,,,5.156843748870907,-0.04246230804977169,,,,,,,,,139.38000564575194,2.4155979861836556,169.50000381469727,2.937608346160831,,,,,,,,,,,,,,,,,,,"Chris Jakubauskas","7831",499856
"Joaquín Benoit","DET",4,2,,3.7241379310344827,63,0,,,,58,,50,26,24,8,17,1,1,66,10.241379310344827,2.6379310344827585,3.8823529411764706,1.2413793103448276,,,,,1.1551724137931034,,0.7347670250896058,,,3.5427279571007038,-0.04268308205064386,,,,,,,,,278.80000000000007,4.806896551724139,264,4.551724137931035,,,,,,,,,,,,,,,,,,,"Joaquin Benoit","1437",276542
"Brad Ziegler","ARI",4,3,,3.5689655172413794,66,0,,,,58,,56,25,23,4,20,4,1,42,6.517241379310345,3.103448275862069,2.1,0.6206896551724138,,,,,1.3103448275862069,,0.7244318181818181,,,3.628934853652428,-0.04268308205064386,,,,,,,,,255.40000000000006,4.40344827586207,259,4.4655172413793105,,,,,,,,,,,,,,,,,,,"Brad Ziegler","7293",446899
"Pedro Beato","BOS",3,4,,5.431034482758621,50,0,,,,58,,65,37,35,8,27,3,3,37,5.741379310344827,4.189655172413793,1.3703703703703705,1.2413793103448276,,,,,1.5862068965517242,,0.6806930693069307,,,5.163417612273118,-0.04268308205064386,,,,,,,,,145.80000000000007,2.513793103448277,170,2.9310344827586206,,,,,,,,,,,,,,,,,,,"Pedro Beato","1330",474039
"Josh Sullivan","COL",1,2,,5.431034482758621,61,0,,,,58,,64,37,35,6,37,0,5,40,6.206896551724138,5.741379310344827,1.0810810810810811,0.9310344827586207,,,,,1.7413793103448276,,0.6911447084233262,,,5.232383129514497,-0.04268308205064386,,,,,,,,,143.00000000000003,2.465517241379311,166,2.8620689655172415,,,,,,,,,,,,,,,,,,,"Josh Sullivan","sa291408",489346
"Joel Peralta","TBR",3,2,,3.241852529559815,62,0,,,,58.29999923706055,,48,22,21,7,16,3,1,61,9.416809728721367,2.4699828796646206,3.8125,1.0806175098532715,,,,,1.0977701687398314,,0.7749077490774907,,,3.4375052727629356,-0.04290385605151603,,,,,,,,,291.519994354248,5.0003430217702745,271.49999618530273,4.656946822268803,,,,,,,,,,,,,,,,,,,"Joel Peralta","2332",407908
"Matt Reynolds","ARI",2,2,,3.85934824947597,70,0,,,,58.29999923706055,,55,27,25,7,18,4,1,58,8.95368793878425,2.778730739622698,3.2222222222222223,1.0806175098532715,,,,,1.2521440987188701,,0.7278481012658228,,,3.6433371794016542,-0.04290385605151603,,,,,,,,,261.319994354248,4.4823327233961665,259.49999618530273,4.451114915630084,,,,,,,,,,,,,,,,,,,"Matt Reynolds","8887",519186
"Lucas Luetge","SEA",2,3,,4.322470039413086,54,0,,,,58.29999923706055,,58,30,28,5,27,4,3,46,7.101200779035785,4.168096109434048,1.7037037037037037,0.771869649895194,,,,,1.4579760053575885,,0.7051282051282052,,,4.17506960488501,-0.04290385605151603,,,,,,,,,221.11999435424804,3.79279583615646,228.49999618530273,3.9193824901467282,,,,,,,,,,,,,,,,,,,"Lucas Luetge","8337",476595
"Ryan Brasier","LAA",4,4,,4.322470039413086,56,0,,,,58.29999923706055,,58,30,28,5,29,0,3,42,6.48370505911963,4.476843969392125,1.4482758620689655,0.771869649895194,,,,,1.4922813231307084,,0.7125,,,4.415206829296848,-0.04290385605151603,,,,,,,,,207.11999435424804,3.5526586117446217,214.49999618530273,3.6792452657348904,,,,,,,,,,,,,,,,,,,"Ryan Brasier","5615",518489
"Chad Durbin","PHI",2,2,,4.476843969392125,61,0,,,,58.29999923706055,,58,31,29,8,25,2,2,50,7.71869649895194,3.85934824947597,2,1.2349914398323103,,,,,1.423670687584469,,0.7242339832869081,,,4.552428100389327,-0.04290385605151603,,,,,,,,,201.21999435424806,3.451457924313919,206.49999618530273,3.5420239946424115,,,,,,,,,,,,,,,,,,,"Chad Durbin","1442",239795
"Miguel Socolovich","CHC",3,4,,4.631217899371164,39,0,,,,58.29999923706055,,57,32,30,6,33,1,3,50,7.71869649895194,5.09433968930828,1.5151515151515151,0.9262435798742328,,,,,1.543739299790388,,0.7107843137254902,,,4.569580759275887,-0.04290385605151603,,,,,,,,,201.41999435424802,3.4548884560912305,205.49999618530273,3.5248713357558517,,,,,,,,,,,,,,,,,,,"Miguel Socolovich","6697",462515
"Jordan Smith",,2,4,,5.09433968930828,53,0,,,,58.29999923706055,,68,35,33,6,22,3,3,29,4.476843969392125,3.3962264595388536,1.3181818181818181,0.9262435798742328,,,,,1.543739299790388,,0.6740196078431373,,,4.723954689254926,-0.04290385605151603,,,,,,,,,163.81999435424802,2.8099484819565794,196.49999618530273,3.370497405776813,,,,,,,,,,,,,,,,,,,"Jordan Smith","9515",502136
"Willie Eyre","TEX",4,5,,5.403087549266358,46,1,,,,58.29999923706055,,69,37,35,7,28,2,3,34,5.248713619287319,4.322470039413086,1.2142857142857142,1.0806175098532715,,,,,1.663807911996307,,0.6880733944954128,,,5.084160525872683,-0.04290385605151603,,,,,,,,,140.91999435424802,2.4171525934543583,175.49999618530273,3.0102915691590555,,,,,,,,,,,,,,,,,,,"Willie Eyre","2078",425466
"Jerry Gil","CLE",3,6,,5.403087549266358,55,0,,,,58.29999923706055,,65,37,35,8,28,1,4,39,6.020583269182513,4.322470039413086,1.3928571428571428,1.2349914398323103,,,,,1.5951972764500675,,0.684596577017115,,,5.187076479192042,-0.04290385605151603,,,,,,,,,146.01999435424807,2.5046311537758146,169.49999618530273,2.907375615839696,,,,,,,,,,,,,,,,,,,"Jerry Gil","2207",430667
"Gary Glover",,2,3,,5.7118354092244354,39,0,,,,58.29999923706055,,64,40,37,9,33,5,4,42,6.48370505911963,5.09433968930828,1.2727272727272727,1.389365369811349,,,,,1.663807911996307,,0.6753554502369667,,,5.5644349746963595,-0.04290385605151603,,,,,,,,,127.31999435424805,2.183876432597145,147.49999618530273,2.5300171203353794,,,,,,,,,,,,,,,,,,,"Gary Glover","234",150474
"Eric O'Flaherty","ATL",3,1,,2.9131175089858217,67,0,,,,58.70000076293945,,51,20,19,4,19,4,2,52,7.972742656171722,2.9131175089858217,2.736842105263158,0.613287896628594,,,,,1.1925042434444884,,0.7763975155279502,,,3.2818456190015866,-0.04319822325754141,,,,,,,,,293.58000564575195,5.001362893185943,282.50000381469727,4.812606476030152,,,,,,,,,,,,,,,,,,,"Eric O'Flaherty","5746",447714
"Heath Bell","ARI",4,3,,3.8330493539287125,62,0,,,,58.70000076293945,,56,27,25,5,22,2,1,54,8.27938660448602,3.373083431457267,2.4545454545454546,0.7666098707857425,,,,,1.328790442695287,,0.7183098591549296,,,3.537382242596834,-0.04319822325754141,,,,,,,,,266.2800056457519,4.5362862382425915,267.50000381469727,4.557069852434904,,,,,,,,,,,,,,,,,,,"Heath Bell","2080",425514
"Kevin Jepsen","LAA",4,4,,3.986371328085861,63,0,,,,58.70000076293945,,56,28,26,5,23,3,3,50,7.666098707857425,3.5264054056144154,2.1739130434782608,0.7666098707857425,,,,,1.345826217601637,,0.7083333333333334,,,3.826990416004781,-0.04319822325754141,,,,,,,,,249.2800056457519,4.246678064834645,250.50000381469727,4.267461679026957,,,,,,,,,,,,,,,,,,,"Kevin Jepsen","6475",448178
"Wesley Wright","HOU",3,3,,3.986371328085861,71,0,,,,58.70000076293945,,55,28,26,6,23,1,5,57,8.739352526957465,3.5264054056144154,2.4782608695652173,0.919931844942891,,,,,1.328790442695287,,0.7183908045977012,,,3.9121692905365304,-0.04319822325754141,,,,,,,,,247.5800056457519,4.21771724749385,245.50000381469727,4.182282804495208,,,,,,,,,,,,,,,,,,,"Wesley Wright","5960",449079
"Chris Resop","OAK",2,3,,4.293015276400158,55,0,,,,58.70000076293945,,59,30,28,6,24,5,2,49,7.512776733700276,3.679727379771564,2.0416666666666665,0.919931844942891,,,,,1.4139693172270362,,0.710455764075067,,,4.082527039600029,-0.04319822325754141,,,,,,,,,227.1800056457519,3.8701874394043134,235.50000381469727,4.01192505543171,,,,,,,,,,,,,,,,,,,"Chris Resop","3799",434592
"Jeremy Accardo","WSN",2,3,,4.446337250557306,48,0,,,,58.70000076293945,,61,31,29,5,26,2,2,37,5.672913043814495,3.986371328085861,1.4230769230769231,0.7666098707857425,,,,,1.4821124168524356,,0.7,,,4.372135213007976,-0.04319822325754141,,,,,,,,,204.28000564575197,3.4800681940489038,218.50000381469727,3.7223168820237627,,,,,,,,,,,,,,,,,,,"Jeremy Accardo","6428",435618
"Joe Ortiz","TEX",3,3,,4.752981198871604,54,0,,,,58.70000076293945,,66,33,31,9,15,1,4,34,5.212947121343049,2.2998296123572275,2.2666666666666666,1.3798977674143365,,,,,1.3798977674143365,,0.7017543859649122,,,4.900244235104821,-0.04319822325754141,,,,,,,,,163.08000564575198,2.7781942679072906,187.50000381469727,3.1942078599269177,,,,,,,,,,,,,,,,,,,"Joe Ortiz","7955",517451
"Dan Otero","SFG",4,4,,4.11864406779661,48,0,,,,59,,65,29,27,5,12,1,4,38,5.796610169491525,1.8305084745762712,3.1666666666666665,0.7627118644067796,,,,,1.305084745762712,,0.6857142857142857,,,3.721570739099535,-0.04341899725841358,,,,,,,,,234.10000000000002,3.9677966101694917,258,4.372881355932203,,,,,,,,,,,,,,,,,,,"Dan Otero","7385",519096
"Chris Perez","CLE",3,3,,3.8135593220338984,64,0,,,,59,,53,27,25,6,22,2,3,56,8.542372881355933,3.3559322033898304,2.5454545454545454,0.9152542372881356,,,,,1.271186440677966,,0.7207207207207208,,,3.7893673492690265,-0.04341899725841358,,,,,,,,,262,4.440677966101695,254,4.305084745762712,,,,,,,,,,,,,,,,,,,"Chris Perez","5213",453198
"Joel Hanrahan","BOS",4,2,,3.6610169491525424,64,0,,,,59,,51,26,24,7,27,1,2,66,10.067796610169491,4.11864406779661,2.4444444444444446,1.0677966101694916,,,,,1.3220338983050848,,0.7624633431085044,,,3.874113111980891,-0.04341899725841358,,,,,,,,,262.9,4.45593220338983,249,4.220338983050848,,,,,,,,,,,,,,,,,,,"Joel Hanrahan","2186",430629
"Jamey Wright","TBR",3,3,,3.9661016949152543,54,0,,,,59,,58,28,26,4,25,5,4,41,6.254237288135593,3.8135593220338984,1.64,0.6101694915254238,,,,,1.4067796610169492,,0.710594315245478,,,4.060553789946993,-0.04341899725841358,,,,,,,,,231.60000000000002,3.9254237288135596,238,4.033898305084746,,,,,,,,,,,,,,,,,,,"Jamey Wright","715",124604
"Evan Scribner","OAK",3,3,,4.271186440677966,52,0,,,,59,,58,30,28,7,22,0,2,50,7.627118644067797,3.3559322033898304,2.272727272727273,1.0677966101694916,,,,,1.3559322033898304,,0.7122507122507122,,,4.16224870520123,-0.04341899725841358,,,,,,,,,227.7,3.8593220338983047,232,3.9322033898305087,,,,,,,,,,,,,,,,,,,"Evan Scribner","7525",519267
"Donnie Veal","CHW",6,4,,4.11864406779661,60,0,,,,59,,53,29,27,4,41,0,4,55,8.389830508474576,6.254237288135593,1.3414634146341464,0.6101694915254238,,,,,1.5932203389830508,,0.7352941176470588,,,4.39953684079445,-0.04341899725841358,,,,,,,,,224.60000000000002,3.8067796610169498,218,3.694915254237288,,,,,,,,,,,,,,,,,,,"Donnie Veal","4741",453264
"Robert Hinton","BAL",2,2,,4.88135593220339,44,0,,,,59,,63,34,32,8,23,1,3,47,7.169491525423729,3.5084745762711864,2.0434782608695654,1.2203389830508475,,,,,1.4576271186440677,,0.6951871657754011,,,4.5859775187605525,-0.04341899725841358,,,,,,,,,190.40000000000003,3.2271186440677972,207,3.5084745762711864,,,,,,,,,,,,,,,,,,,"Robert Hinton","sa251522",447764
"Logan Bawcom","SEA",3,6,,4.88135593220339,53,0,,,,59,,56,34,32,7,43,0,4,54,8.23728813559322,6.559322033898305,1.255813953488372,1.0677966101694916,,,,,1.6779661016949152,,0.7286995515695067,,,5.196147010285976,-0.04341899725841358,,,,,,,,,171.9,2.9135593220338984,171,2.8983050847457625,,,,,,,,,,,,,,,,,,,"Logan Bawcom","sa549287",594747
"Anthony Carter","BOS",3,4,,5.796610169491525,44,0,,,,59,,68,41,38,9,32,2,4,38,5.796610169491525,4.88135593220339,1.1875,1.3728813559322033,,,,,1.694915254237288,,0.6750572082379862,,,5.619875823845298,-0.04341899725841358,,,,,,,,,117.10000000000002,1.9847457627118648,146,2.4745762711864407,,,,,,,,,,,,,,,,,,,"Anthony Carter","sa302341",457580
"Phil Coke","DET",5,4,,4.249578469513846,68,0,,,,59.29999923706055,,63,30,28,5,22,4,3,51,7.74030364090022,3.338954511760879,2.3181818181818183,0.7588532981274725,,,,,1.4333895631296703,,0.7051282051282052,,,3.7352615467838266,-0.04363977125928575,,,,,,,,,240.51999435424813,4.055986466251606,258.49999618530273,4.359190548247912,,,,,,,,,,,,,,,,,,,"Phil Coke","5535",457435
"Craig Breslow","BOS",2,1,,3.9460371502628573,63,0,,,,59.29999923706055,,57,28,26,6,21,2,1,52,7.892074300525715,3.1871838521353846,2.4761904761904763,0.910623957752967,,,,,1.3153457167542857,,0.7183908045977012,,,3.7689883600339362,-0.04363977125928575,,,,,,,,,254.8199943542481,4.297133180989891,256.49999618530273,4.325463734997802,,,,,,,,,,,,,,,,,,,"Craig Breslow","4363",444520
"Tony Watson","PIT",4,4,,3.642495831011868,68,0,,,,59.29999923706055,,52,26,24,6,26,3,2,57,8.650927598653187,3.9460371502628573,2.1923076923076925,0.910623957752967,,,,,1.3153457167542857,,0.7471264367816093,,,3.9038956130343756,-0.04363977125928575,,,,,,,,,259.81999435424814,4.3814502141151666,248.49999618530273,4.190556481997363,,,,,,,,,,,,,,,,,,,"Tony Watson","3132",453265
"Xavier Cedeño","HOU",1,2,,4.553119788764835,68,0,,,,59.29999923706055,,61,32,30,6,26,3,3,55,8.347386279402198,3.9460371502628573,2.1153846153846154,0.910623957752967,,,,,1.46711637637978,,0.6997455470737914,,,4.021939459409761,-0.04363977125928575,,,,,,,,,229.41999435424813,3.8688026527134958,241.49999618530273,4.072512635621978,,,,,,,,,,,,,,,,,,,"Xavier Cedeno","36",458584
"Manny Parra","CIN",3,2,,4.0978078098883515,60,0,,,,59.29999923706055,,55,29,27,5,32,2,3,56,8.499156939027692,4.856661108015824,1.75,0.7588532981274725,,,,,1.46711637637978,,0.725,,,4.0725296792849255,-0.04363977125928575,,,,,,,,,241.31999435424814,4.06947719155165,238.49999618530273,4.021922415746813,,,,,,,,,,,,,,,,,,,"Manny Parra","4279",448159
"Fernando Cabrera","LAA",3,5,,5.463743746517802,53,0,,,,59.29999923706055,,64,39,36,9,34,3,4,44,6.677909023521758,5.160202427266813,1.2941176470588236,1.3659359366294506,,,,,1.6526138492553846,,0.6908665105386417,,,5.5059192424145955,-0.04363977125928575,,,,,,,,,135.71999435424814,2.288701451945848,153.49999618530273,2.588532852617143,,,,,,,,,,,,,,,,,,,"Fernando Cabrera","2105",425507
"Jose Jimenez","KCR",2,3,,6.07082638501978,48,0,,,,59.29999923706055,,70,43,40,9,34,1,4,35,5.311973086892308,5.160202427266813,1.0294117647058822,1.3659359366294506,,,,,1.7537942890057143,,0.6673960612691465,,,5.809460561665585,-0.04363977125928575,,,,,,,,,102.11999435424809,1.7220909893440008,135.49999618530273,2.2849915333661537,,,,,,,,,,,,,,,,,,,"Jose Jimenez","sa455777",469804
"Jose Ortega","DET",3,7,,6.677909023521758,43,0,,,,59.29999923706055,,68,47,44,8,53,2,4,41,6.2225970446452745,8.043844960151208,0.7735849056603774,1.214165277003956,,,,,2.040472201631648,,0.6739526411657559,,,6.349089573667342,-0.04363977125928575,,,,,,,,,74.61999435424812,1.2583473071549904,103.49999618530273,1.7453625213643957,,,,,,,,,,,,,,,,,,,"Jose Ortega","9651",514639
"Mark Melancon","PIT",3,2,,3.467336639106065,57,0,,,,59.70000076293945,,55,25,23,5,17,2,3,53,7.989949646635715,2.562814037600135,3.1176470588235294,0.753768834588275,,,,,1.20603013534124,,0.7230769230769231,,,3.4127100474134546,-0.043934138465311134,,,,,,,,,283.280005645752,4.7450586603946325,279.50000381469727,4.681742047618284,,,,,,,,,,,,,,,,,,,"Mark Melancon","4264",453343
"Grant Dayton",,4,4,,4.22110547369434,38,3,,,,59.70000076293945,,57,30,28,5,31,1,4,55,8.291457180471024,4.673366774447305,1.7741935483870968,0.753768834588275,,,,,1.4740368320837378,,0.7160493827160493,,,4.099477207816105,-0.043934138465311134,,,,,,,,,237.08000564575198,3.9711893235506697,238.50000381469727,3.9949748872156334,,,,,,,,,,,,,,,,,,,"Grant Dayton","11203",594795
"Kyler Newby","OAK",4,4,,3.91959793985903,51,0,,,,59.70000076293945,,56,28,26,6,28,1,3,52,7.83919587971806,4.22110547369434,1.8571428571428572,0.90452260150593,,,,,1.4070351578981133,,0.7407407407407408,,,4.216730137640948,-0.043934138465311134,,,,,,,,,233.380005645752,3.909212774928967,231.50000381469727,3.8777219573907904,,,,,,,,,,,,,,,,,,,"Kyler Newby","sa288761",460313
"Chad Beck","TOR",1,1,,4.82412054136496,58,0,,,,59.70000076293945,,68,34,32,6,21,1,3,28,4.22110547369434,3.165829105270755,1.3333333333333333,0.90452260150593,,,,,1.4907872506301438,,0.6823821339950372,,,4.668991438393913,-0.043934138465311134,,,,,,,,,175.18000564575198,2.9343384155281313,204.50000381469727,3.4254606566378256,,,,,,,,,,,,,,,,,,,"Chad Beck","9258",444447
"Sam LeCure","CIN",3,2,,3.45,49,0,,,,60,,51,25,23,7,22,2,2,63,9.45,3.3,2.8636363636363638,1.05,,,,,1.2166666666666666,,0.7594936708860759,,,3.711118761698405,-0.044154912466183305,,,,,,,,,279.29999999999995,4.654999999999999,263,4.383333333333334,,,,,,,,,,,,,,,,,,,"Sam LeCure","4664",459967
"Jose Valverde","DET",3,2,,3.9,63,0,,,,60,,55,28,26,5,26,3,3,51,7.65,3.9,1.9615384615384615,0.75,,,,,1.35,,0.7162162162162162,,,3.927785428365072,-0.044154912466183305,,,,,,,,,254.5,4.241666666666666,250,4.166666666666667,,,,,,,,,,,,,,,,,,,"Jose Valverde","1726",407878
"Scott Maine",,4,5,,4.35,54,0,,,,60,,58,31,29,6,31,1,5,56,8.4,4.65,1.8064516129032258,0.9,,,,,1.4833333333333334,,0.7196029776674938,,,4.327785428365072,-0.044154912466183305,,,,,,,,,223.39999999999998,3.723333333333333,226,3.7666666666666666,,,,,,,,,,,,,,,,,,,"Scott Maine","885",453186
"Bobby LaFromboise","SEA",3,5,,4.35,48,0,,,,60,,59,31,29,5,29,2,4,42,6.3,4.35,1.4482758620689655,0.75,,,,,1.4666666666666666,,0.7037037037037037,,,4.4277854283650715,-0.044154912466183305,,,,,,,,,214.1,3.5683333333333334,220,3.6666666666666665,,,,,,,,,,,,,,,,,,,"Bobby LaFromboise","7758",489039
"Dan Jennings",,3,4,,4.8,54,0,,,,60,,66,34,32,5,31,1,4,41,6.15,4.65,1.3225806451612903,0.75,,,,,1.6166666666666667,,0.7,,,4.561118761698405,-0.044154912466183305,,,,,,,,,187.9,3.131666666666667,212,3.533333333333333,,,,,,,,,,,,,,,,,,,"Dan Jennings","8073",543359
"Casey Janssen","TOR",3,1,,3.2835821310974187,58,0,,,,60.29999923706055,,54,24,22,6,15,1,3,61,9.104477727133752,2.2388059984755126,4.066666666666666,0.8955223993902052,,,,,1.1442786214430398,,0.7425742574257426,,,3.260289576400295,-0.044375686467055475,,,,,,,,,300.01999435424796,4.975456022391702,291.49999618530273,4.834162518631444,,,,,,,,,,,,,,,,,,,"Casey Janssen","7355",445163
"Cory Wade","CHC",2,3,,4.477611996951025,49,0,,,,60.29999923706055,,62,32,30,8,18,1,2,45,6.716417995426538,2.6865671981706156,2.5,1.1940298658536068,,,,,1.326699850948452,,0.6976744186046512,,,4.321649457159056,-0.044375686467055475,,,,,,,,,216.619994354248,3.592371427777942,227.49999618530273,3.7728026378726818,,,,,,,,,,,,,,,,,,,"Cory Wade","7570",460677
"Justin Hampson","NYM",3,3,,4.477611996951025,55,0,,,,60.29999923706055,,62,32,30,6,27,1,4,43,6.417910528963136,4.029850797255923,1.5925925925925926,0.8955223993902052,,,,,1.475953584180153,,0.707196029776675,,,4.504070686664469,-0.044375686467055475,,,,,,,,,204.21999435424797,3.386732950880931,216.49999618530273,3.5903814083672696,,,,,,,,,,,,,,,,,,,"Justin Hampson","2209",430618
"Clay Hensley","CIN",5,5,,4.626865730182726,53,3,,,,60.29999923706055,,59,33,31,8,27,2,3,49,7.313432928353342,4.029850797255923,1.8148148148148149,1.1940298658536068,,,,,1.426202339769586,,0.7085561497326204,,,4.686491916169881,-0.044375686467055475,,,,,,,,,202.41999435424802,3.356882204234592,205.49999618530273,3.4079601788618574,,,,,,,,,,,,,,,,,,,"Clay Hensley","4593",454535
"Jason Motte","STL",5,2,,2.9654035871099937,64,0,,,,60.70000076293945,,49,21,20,6,17,2,2,67,9.934102016818478,2.5205930490434945,3.9411764705882355,0.889621076132998,,,,,1.0873146486069976,,0.78125,,,3.1109265594045716,-0.044670053673080856,,,,,,,,,324.98000564575193,5.353871524894104,302.50000381469727,4.983525535627167,,,,,,,,,,,,,,,,,,,"Jason Motte","5861",435400
"Mike Dunn",,3,3,,4.151565021953991,68,0,,,,60.70000076293945,,56,30,28,5,35,5,2,64,9.48929147875198,5.189456277442488,1.8285714285714285,0.7413508967774984,,,,,1.49917625792783,,0.7261904761904762,,,3.8852263849277366,-0.044670053673080856,,,,,,,,,259.08000564575195,4.26820432272439,255.50000381469727,4.209225710104001,,,,,,,,,,,,,,,,,,,"Mike Dunn","9948",445197
"Dusty Hughes","ATL",2,3,,4.74464573937599,53,0,,,,60.70000076293945,,61,34,32,6,39,3,5,46,6.820428250352985,5.782536994864487,1.1794871794871795,0.889621076132998,,,,,1.6474464372833297,,0.7205240174672489,,,5.038438891026067,-0.044670053673080856,,,,,,,,,176.78000564575197,2.91235590484021,185.50000381469727,3.0560132040056707,,,,,,,,,,,,,,,,,,,"Dusty Hughes","6164",458250
"Brendan Wise","MIN",3,4,,5.485996636153488,40,0,,,,60.70000076293945,,71,40,37,5,35,2,4,28,4.151565021953991,5.189456277442488,0.8,0.7413508967774984,,,,,1.7462932235203295,,0.6666666666666666,,,5.170234606008734,-0.044670053673080856,,,,,,,,,142.08000564575198,2.340691991102895,177.50000381469727,2.9242174890230044,,,,,,,,,,,,,,,,,,,"Brendan Wise","sa291553",489436
"Kirby Yates","TBR",2,4,,5.337726456797989,52,0,,,,60.70000076293945,,57,39,36,7,55,2,5,57,8.451400223263482,8.154859864552483,1.0363636363636364,1.0378912554884978,,,,,1.8451400097573294,,0.7142857142857143,,,5.6809430015665665,-0.044670053673080856,,,,,,,,,148.88000564575194,2.4527183488381605,146.50000381469727,2.4135090934651724,,,,,,,,,,,,,,,,,,,"Kirby Yates","9073",489446
"Ross Wolf","TEX",2,3,,5.754098360655738,51,0,,,,61,,73,42,39,9,25,1,4,36,5.311475409836065,3.6885245901639343,1.44,1.3278688524590163,,,,,1.6065573770491803,,0.6557377049180327,,,5.258386521261247,-0.04489082767395303,,,,,,,,,135.9000000000001,2.227868852459018,173,2.8360655737704916,,,,,,,,,,,,,,,,,,,"Ross Wolf","4534",448693
"Josh Kinney","SEA",3,3,,3.817292054035281,56,0,,,,61.29999923706055,,57,28,26,5,25,2,4,50,7.340946257760155,3.6704731288800776,2,0.7340946257760156,,,,,1.3376835403029617,,0.72,,,3.94273921815069,-0.0451116016748252,,,,,,,,,256.91999435424805,4.191190824663505,254.49999618530273,4.1517128768810485,,,,,,,,,,,,,,,,,,,"Josh Kinney","3638",448337
"Alfredo Simon","CIN",3,2,,3.964110979190484,45,0,,,,61.29999923706055,,60,29,27,6,23,2,4,52,7.634584108070562,3.3768352785696716,2.260869565217391,0.8809135509312186,,,,,1.3539967542090954,,0.7238605898123325,,,3.991678859869091,-0.0451116016748252,,,,,,,,,246.81999435424808,4.026427364211556,251.49999618530273,4.102773235162648,,,,,,,,,,,,,,,,,,,"Alfredo Simon","2155",430580
"Jess Todd","STL",3,3,,4.551386679811296,50,0,,,,61.29999923706055,,63,33,31,7,27,2,3,51,7.487765182915359,3.964110979190484,1.8888888888888888,1.0277324760864217,,,,,1.4681892515520312,,0.71072319201995,,,4.383195993616299,-0.0451116016748252,,,,,,,,,215.71999435424806,3.519086411730798,227.49999618530273,3.7112561014154393,,,,,,,,,,,,,,,,,,,"Jess Todd","3805",519357
"Zack Segovia","DET",3,6,,6.0195759313633275,29,6,,,,61.29999923706055,,76,44,41,9,25,1,3,29,4.2577488295008905,3.6704731288800776,1.16,1.321370326396828,,,,,1.6476346045195016,,0.6447963800904977,,,5.427241683608854,-0.0451116016748252,,,,,,,,,119.31999435424811,1.9464925911795123,163.49999618530273,2.667210411422884,,,,,,,,,,,,,,,,,,,"Zack Segovia","8742",434564
"Raul Valdes","PHI",4,4,,4.084278717730027,39,4,,,,61.70000076293945,,61,30,28,8,15,1,3,59,8.606158726645413,2.1880064559268,3.933333333333333,1.1669367764942933,,,,,1.2317665974106429,,0.7098765432098766,,,3.742750304195235,-0.04540596888085058,,,,,,,,,263.58000564575195,4.27196114078613,268.50000381469727,4.351701790836504,,,,,,,,,,,,,,,,,,,"Raul Valdes","1953",447744
"Jim Johnson","BAL",3,2,,3.792544523606453,59,0,,,,61.70000076293945,,62,28,26,6,16,2,2,40,5.834683882471467,2.3338735529885866,2.5,0.8752025823707199,,,,,1.2641815078688177,,0.7183908045977012,,,3.9372397669442836,-0.04540596888085058,,,,,,,,,247.58000564575192,4.012641857120731,256.50000381469727,4.1572123280874544,,,,,,,,,,,,,,,,,,,"Jim Johnson","3656",462382
"Joe Smith","CLE",4,4,,3.93841162066824,71,0,,,,61.70000076293945,,58,29,27,5,26,3,2,48,7.001620658965759,3.792544523606453,1.8461538461538463,0.7293354853089333,,,,,1.361426239243342,,0.7142857142857143,,,3.953447222173371,-0.04540596888085058,,,,,,,,,256.28000564575194,4.153646717613793,255.50000381469727,4.1410048728583675,,,,,,,,,,,,,,,,,,,"Joe Smith","3281",501925
"David Carpenter","ATL",3,3,,4.3760129118536,60,0,,,,61.70000076293945,,62,32,30,7,26,3,4,55,8.022690338398267,3.792544523606453,2.1153846153846154,1.0210696794325067,,,,,1.4262560601596919,,0.7161125319693095,,,4.245181416296944,-0.04540596888085058,,,,,,,,,229.2800056457519,3.716045426428432,237.50000381469727,3.8492706787347943,,,,,,,,,,,,,,,,,,,"David Carpenter","3959",502304
"Jose Arredondo","CIN",5,4,,4.084278717730027,65,0,,,,61.70000076293945,,55,30,28,7,33,3,1,61,8.897892920768985,4.813614203038959,1.8484848484848484,1.0210696794325067,,,,,1.4262560601596919,,0.7416879795396419,,,4.245181416296944,-0.04540596888085058,,,,,,,,,247.48000564575193,4.011021111597823,237.50000381469727,3.8492706787347943,,,,,,,,,,,,,,,,,,,"Jose Arredondo","4722",461766
"Logan Ondrusek","CIN",4,4,,4.521880008915386,67,0,,,,61.70000076293945,,61,33,31,8,30,4,2,45,6.5640193677804,4.3760129118536,1.5,1.1669367764942933,,,,,1.474878425846954,,0.7268170426065164,,,4.877272170231353,-0.04540596888085058,,,,,,,,,193.58000564575198,3.1374392747500126,198.50000381469727,3.2171799248003854,,,,,,,,,,,,,,,,,,,"Logan Ondrusek","3677",446185
"Brandon Sisk","LAA",3,5,,4.959481300100746,46,0,,,,61.70000076293945,,62,36,34,8,34,1,4,48,7.001620658965759,4.959481300100746,1.411764705882353,1.1669367764942933,,,,,1.555915701992391,,0.7075471698113208,,,5.071761632980402,-0.04540596888085058,,,,,,,,,178.98000564575196,2.900810428405336,186.50000381469727,3.0226904620513366,,,,,,,,,,,,,,,,,,,"Brandon Sisk","sa458869",545196
"Pedro Figueroa","OAK",1,1,,4.813614203038959,52,0,,,,61.70000076293945,,63,35,33,6,40,1,3,40,5.834683882471467,5.834683882471467,1,0.8752025823707199,,,,,1.6693678885960028,,0.718816067653277,,,5.152798909125839,-0.04540596888085058,,,,,,,,,169.98000564575193,2.754943331343549,181.50000381469727,2.941653185905899,,,,,,,,,,,,,,,,,,,"Pedro Figueroa","6616",471896
"Rhiner Cruz","HOU",1,3,,5.68881678540968,52,0,,,,61.70000076293945,,66,42,39,9,40,0,3,51,7.439221950151119,5.834683882471467,1.275,1.3128038735560799,,,,,1.717990254283265,,0.6852248394004282,,,5.428325648020325,-0.04540596888085058,,,,,,,,,147.28000564575197,2.3870340976432654,164.50000381469727,2.6661264470114134,,,,,,,,,,,,,,,,,,,"Rhiner Cruz","711",462480
"Donnie Joseph","KCR",4,5,,4.790322580645161,57,0,,,,62,,63,35,33,7,36,3,4,54,7.838709677419355,5.225806451612903,1.5,1.0161290322580645,,,,,1.596774193548387,,0.7174887892376681,,,4.7557424176123835,-0.04562674288172275,,,,,,,,,196.89999999999992,3.175806451612902,207,3.338709677419355,,,,,,,,,,,,,,,,,,,"Donnie Joseph","6491",548348
"Jim Henderson","MIL",5,5,,4.935483870967742,55,0,,,,62,,59,36,34,8,39,1,4,64,9.290322580645162,5.661290322580645,1.641025641025641,1.1612903225806452,,,,,1.5806451612903225,,0.7142857142857143,,,4.7880004821285125,-0.04562674288172275,,,,,,,,,205.99999999999997,3.32258064516129,205,3.306451612903226,,,,,,,,,,,,,,,,,,,"Jim Henderson","6653",449104
"Bobby Cassevah","LAA",3,4,,5.225806451612903,53,0,,,,62,,68,39,36,7,32,2,3,32,4.645161290322581,4.645161290322581,1,1.0161290322580645,,,,,1.6129032258064515,,0.6762749445676275,,,5.2234843530962545,-0.04562674288172275,,,,,,,,,154.89999999999992,2.4983870967741924,178,2.870967741935484,,,,,,,,,,,,,,,,,,,"Bobby Cassevah","6950",445001
"Jeff Beliveau","TEX",4,5,,5.370967741935484,55,0,,,,62,,66,40,37,11,33,1,4,56,8.129032258064516,4.790322580645161,1.696969696969697,1.596774193548387,,,,,1.596774193548387,,0.7057416267942584,,,5.3847746756768995,-0.04562674288172275,,,,,,,,,152.89999999999995,2.466129032258064,168,2.7096774193548385,,,,,,,,,,,,,,,,,,,"Jeff Beliveau","8504",542924
"Enerio Del Rosario","HOU",2,4,,5.951612903225806,58,0,,,,62,,77,44,41,8,30,2,4,31,4.5,4.354838709677419,1.0333333333333334,1.1612903225806452,,,,,1.7258064516129032,,0.6576200417536535,,,5.417032740193029,-0.04562674288172275,,,,,,,,,120.19999999999996,1.9387096774193542,166,2.6774193548387095,,,,,,,,,,,,,,,,,,,"Enerio Del Rosario","4204",491688
"JC Ramírez","PHI",3,5,,5.516129032258065,46,0,,,,62,,68,41,38,8,37,1,4,41,5.951612903225806,5.370967741935484,1.1081081081081081,1.1612903225806452,,,,,1.6935483870967742,,0.6823027718550106,,,5.433161772451093,-0.04562674288172275,,,,,,,,,142.59999999999997,2.2999999999999994,165,2.661290322580645,,,,,,,,,,,,,,,,,,,"JC Ramirez","8302",500724
"Nate Robertson","TEX",3,5,,6.67741935483871,20,10,,,,62,,79,49,46,14,24,1,4,29,4.209677419354839,3.4838709677419355,1.2083333333333333,2.032258064516129,,,,,1.6612903225806452,,0.6474820143884892,,,6.4492908047091575,-0.04562674288172275,,,,,,,,,55.1999999999999,0.8903225806451597,102,1.6451612903225807,,,,,,,,,,,,,,,,,,,"Nate Robertson","1620",425146
"Michael Schwimer","PHI",5,5,,4.044943869759988,53,0,,,,62.29999923706055,,59,30,28,7,27,2,3,62,8.956661425897117,3.9004815886971316,2.2962962962962963,1.011235967439997,,,,,1.3804173523784087,,0.7349081364829396,,,4.0093798750964975,-0.04584751688259492,,,,,,,,,255.51999435424804,4.101444582398105,254.49999618530273,4.085072219935241,,,,,,,,,,,,,,,,,,,"Michael Schwimer","8103",543754
"Pedro Strop","BAL",4,3,,4.044943869759988,63,0,,,,62.29999923706055,,59,30,28,5,33,2,4,57,8.234350020582832,4.767255275074271,1.7272727272727273,0.7223114053142836,,,,,1.4767255397536465,,0.7294117647058823,,,4.089636697909196,-0.04584751688259492,,,,,,,,,249.11999435424806,3.9987158491978514,249.49999618530273,4.004815397122543,,,,,,,,,,,,,,,,,,,"Pedro Strop","4070",467008
"Luis Ayala","BAL",4,3,,4.044943869759988,56,0,,,,62.29999923706055,,66,30,28,7,16,3,4,42,6.067415804639983,2.3113964970057075,2.625,1.011235967439997,,,,,1.3162118941282501,,0.7202216066481995,,,4.169893520721894,-0.04584751688259492,,,,,,,,,227.31999435424805,3.6487961017344874,244.49999618530273,3.9245585743098443,,,,,,,,,,,,,,,,,,,"Luis Ayala","1650",425646
"Christian Garcia","WSN",2,1,,3.611557026571418,59,0,,,,62.29999923706055,,53,27,25,8,24,0,5,61,8.81219914483426,3.4670947455085614,2.5416666666666665,1.1556982485028537,,,,,1.235955071315552,,0.7598784194528876,,,4.201996249846974,-0.04584751688259492,,,,,,,,,259.8199943542481,4.1704654500170255,242.49999618530273,3.8924558451847653,,,,,,,,,,,,,,,,,,,"Christian Garcia","4067",451600
"Zach Phillips",,2,3,,4.4783307129485594,51,0,,,,62.29999923706055,,64,33,31,4,35,3,4,45,6.500802647828553,5.056179837199985,1.2857142857142858,0.5778491242514269,,,,,1.5890850916914239,,0.7066381156316917,,,4.362509895472369,-0.04584751688259492,,,,,,,,,218.41999435424808,3.505938957127885,232.49999618530273,3.7319421995593687,,,,,,,,,,,,,,,,,,,"Zach Phillips","99",452061
"Neil Wagner","TOR",3,4,,5.056179837199985,48,0,,,,62.29999923706055,,69,37,35,6,32,1,4,45,6.500802647828553,4.622792994011415,1.40625,0.8667736863771404,,,,,1.6211878208165031,,0.6911447084233262,,,4.635383093035544,-0.04584751688259492,,,,,,,,,189.81999435424805,3.046869930639251,215.49999618530273,3.459069001996195,,,,,,,,,,,,,,,,,,,"Neil Wagner","8162",474599
"Justin Thomas","OAK",2,4,,5.200642118262842,51,0,,,,62.29999923706055,,69,39,36,8,28,1,4,41,5.922953523577125,4.044943869759988,1.4642857142857142,1.1556982485028537,,,,,1.5569823625663446,,0.675990675990676,,,4.988513113411416,-0.04584751688259492,,,,,,,,,169.2199943542481,2.716211820650935,193.49999618530273,3.105938981620323,,,,,,,,,,,,,,,,,,,"Justin Thomas","9910",476206
"Justin Freeman","CIN",3,5,,5.345104399325699,57,0,,,,62.29999923706055,,68,40,37,12,23,2,4,46,6.645264928891409,3.3226324644457046,2,1.7335473727542807,,,,,1.4606741751911068,,0.6873315363881402,,,5.421899956599986,-0.04584751688259492,,,,,,,,,147.61999435424804,2.369502346100078,166.49999618530273,2.6725521384317528,,,,,,,,,,,,,,,,,,,"Justin Freeman","7568",543178
"Bobby Korecky","TOR",3,4,,5.345104399325699,42,0,,,,62.29999923706055,,71,40,37,10,23,0,4,33,4.767255275074271,3.3226324644457046,1.434782608695652,1.4446228106285672,,,,,1.5088282688787258,,0.675,,,5.421899956599986,-0.04584751688259492,,,,,,,,,138.41999435424808,2.221829792124714,166.49999618530273,2.6725521384317528,,,,,,,,,,,,,,,,,,,"Bobby Korecky","4608",445090
"Jaye Chapman","CHC",4,6,,4.736842047624822,51,0,,,,62.70000076293945,,61,35,33,7,43,4,5,57,8.181818082261056,6.172248728723252,1.3255813953488371,1.0047846767689015,,,,,1.6586921648248534,,0.732484076433121,,,5.024276632952962,-0.0461418840886203,,,,,,,,,189.28000564575203,3.018819830025124,192.50000381469727,3.0701754620787765,,,,,,,,,,,,,,,,,,,"Jaye Chapman","9096",488776
"David Robertson","NYY",5,2,,3,67,0,,,,63,,50,22,21,6,26,3,1,84,12,3.7142857142857144,3.230769230769231,0.8571428571428571,,,,,1.2063492063492063,,0.7988165680473374,,,2.9515949521745957,-0.04636265808949247,,,,,,,,,349.40000000000003,5.546031746031747,324,5.142857142857143,,,,,,,,,,,,,,,,,,,"David Robertson","8241",502085
"Shawn Tolleson","LAD",4,3,,3.5714285714285716,60,0,,,,63,,53,27,25,7,25,1,3,70,10,3.5714285714285716,2.8,1,,,,,1.2380952380952381,,0.7478005865102639,,,3.650007650587294,-0.04636265808949247,,,,,,,,,298.3,4.734920634920635,280,4.444444444444445,,,,,,,,,,,,,,,,,,,"Shawn Tolleson","10481",474521
"Matt Albers","CLE",3,3,,4.285714285714286,60,0,,,,63,,61,32,30,7,26,3,3,53,7.571428571428571,3.7142857142857144,2.0384615384615383,1,,,,,1.380952380952381,,0.7124352331606217,,,4.237309237888882,-0.04636265808949247,,,,,,,,,240.50000000000003,3.817460317460318,243,3.857142857142857,,,,,,,,,,,,,,,,,,,"Matt Albers","4300",458006
"Tim Dillard","MIL",3,3,,4.857142857142857,48,0,,,,63,,69,36,34,8,24,2,3,46,6.571428571428571,3.4285714285714284,1.9166666666666667,1.1428571428571428,,,,,1.4761904761904763,,0.6968215158924206,,,4.570642571222215,-0.04636265808949247,,,,,,,,,199.40000000000006,3.1650793650793663,222,3.5238095238095237,,,,,,,,,,,,,,,,,,,"Tim Dillard","5518",457422
"Francisley Bueno","KCR",3,3,,4.571428571428571,49,0,,,,63,,66,34,32,7,22,2,4,37,5.285714285714286,3.142857142857143,1.6818181818181819,1,,,,,1.3968253968253967,,0.690537084398977,,,4.602388602968246,-0.04636265808949247,,,,,,,,,204.50000000000003,3.2460317460317465,220,3.492063492063492,,,,,,,,,,,,,,,,,,,"Francisley Bueno","5980",499107
"Josh Wall","LAD",2,4,,4.571428571428571,59,0,,,,63,,62,34,32,8,29,0,4,49,7,4.142857142857143,1.6896551724137931,1.1428571428571428,,,,,1.4444444444444444,,0.7142857142857143,,,4.761118761698405,-0.04636265808949247,,,,,,,,,205.60000000000005,3.2634920634920643,210,3.3333333333333335,,,,,,,,,,,,,,,,,,,"Josh Wall","4436",476205
"Josh Spence","NYY",3,4,,5.285714285714286,56,3,,,,63,,67,40,37,9,32,3,3,48,6.857142857142857,4.571428571428571,1.5,1.2857142857142858,,,,,1.5714285714285714,,0.6828703703703703,,,5.0944520950317385,-0.04636265808949247,,,,,,,,,172.30000000000004,2.7349206349206354,189,3,,,,,,,,,,,,,,,,,,,"Josh Spence","11260",543805
"Arnold Leon","OAK",2,3,,5.714285714285714,45,0,,,,63,,74,43,40,10,32,0,4,45,6.428571428571429,4.571428571428571,1.40625,1.4285714285714286,,,,,1.6825396825396826,,0.6847826086956522,,,5.443658444238087,-0.04636265808949247,,,,,,,,,132.80000000000004,2.1079365079365084,167,2.6507936507936507,,,,,,,,,,,,,,,,,,,"Arnold Leon","5595",504186
"Adam Liberatore","TBR",3,5,,5.428571428571429,39,0,,,,63,,70,41,38,7,36,1,5,32,4.571428571428571,5.142857142857143,0.8888888888888888,1,,,,,1.6825396825396826,,0.6756756756756757,,,5.475404475984119,-0.04636265808949247,,,,,,,,,139.10000000000002,2.207936507936508,165,2.619047619047619,,,,,,,,,,,,,,,,,,,"Adam Liberatore","10637",571893
"Arcenio Leon","MIL",2,4,,6.142857142857143,46,0,,,,63,,67,46,43,8,55,2,5,53,7.571428571428571,7.857142857142857,0.9636363636363636,1.1428571428571428,,,,,1.9365079365079365,,0.6859205776173285,,,5.919848920428564,-0.04636265808949247,,,,,,,,,119.60000000000005,1.8984126984126992,137,2.1746031746031744,,,,,,,,,,,,,,,,,,,"Arcenio Leon","8846",455376
"Ramon Troncoso","CHW",2,3,,6.142857142857143,49,0,,,,63,,74,46,43,11,35,2,4,39,5.571428571428571,5,1.1142857142857143,1.5714285714285714,,,,,1.7301587301587302,,0.6730769230769231,,,5.983340983920627,-0.04636265808949247,,,,,,,,,99.50000000000003,1.5793650793650797,133,2.111111111111111,,,,,,,,,,,,,,,,,,,"Ramon Troncoso","4685",470462
"Steve Delabar","TOR",4,3,,4.123222798511364,60,0,,,,63.29999923706055,,53,31,29,12,25,0,6,84,11.943128106032917,3.554502412509797,3.36,1.7061611580047025,,,,,1.2322275030033962,,0.7679738562091503,,,4.374072963535266,-0.04658343209036464,,,,,,,,,258.019994354248,4.076145299590839,235.49999618530273,3.720379131496473,,,,,,,,,,,,,,,,,,,"Steve Delabar","11827",447755
"Juan Sandoval","TBR",4,5,,4.407582991512148,61,0,,,,63.29999923706055,,63,33,31,6,31,5,4,44,6.255924246017242,4.407582991512148,1.4193548387096775,0.8530805790023512,,,,,1.484992119004093,,0.7126168224299065,,,4.5952420025358744,-0.04658343209036464,,,,,,,,,213.81999435424802,3.3778830478889144,221.49999618530273,3.4992100924958636,,,,,,,,,,,,,,,,,,,"Juan Sandoval","sa202910",465583
"Brian Moran","SEA",3,6,,4.691943184512931,48,0,,,,63.29999923706055,,63,35,33,9,26,2,4,53,7.535545114520769,3.6966825090101887,2.0384615384615383,1.2796208685035269,,,,,1.4060031765038752,,0.706806282722513,,,4.690028733536137,-0.04658343209036464,,,,,,,,,209.91999435424805,3.3162716727387447,215.49999618530273,3.4044233614956023,,,,,,,,,,,,,,,,,,,"Brian Moran","9646",572383
"Hector Ambriz","HOU",1,2,,5.687203860015675,49,0,,,,63.29999923706055,,73,43,40,8,35,3,4,49,6.966824728519201,4.976303377513715,1.4,1.137440772003135,,,,,1.7061611580047025,,0.6714876033057852,,,5.037580080537094,-0.04658343209036464,,,,,,,,,161.21999435424806,2.5469193727866246,193.49999618530273,3.0568720144946444,,,,,,,,,,,,,,,,,,,"Hector Ambriz","559",459932
"Jonathan Papelbon","PHI",6,3,,2.8257456490443826,63,0,,,,63.70000076293945,,50,21,20,6,18,2,3,83,11.726844443534187,2.543171084139944,4.611111111111111,0.8477236947133148,,,,,1.067503911861211,,0.7885906040268457,,,2.701987421553352,-0.04687779929639002,,,,,,,,,370.5800056457519,5.817582436535145,343.50000381469727,5.392464673478386,,,,,,,,,,,,,,,,,,,"Jonathan Papelbon","5975",449097
"Vinnie Pestano","CLE",3,2,,3.24960749640104,67,0,,,,63.70000076293945,,54,25,23,6,23,2,3,73,10.313971619011996,3.24960749640104,3.1739130434782608,0.8477236947133148,,,,,1.2087911943134302,,0.7580174927113703,,,3.251437964423093,-0.04687779929639002,,,,,,,,,325.18000564575186,5.1048665894983944,308.50000381469727,4.843014130608646,,,,,,,,,,,,,,,,,,,"Vinnie Pestano","4782",502260
"Dale Thayer","SDP",3,3,,3.8147566262099164,61,0,,,,63.70000076293945,,63,29,27,6,19,2,2,50,7.064364122610956,2.684458366592163,2.6315789473684212,0.8477236947133148,,,,,1.2872841290091075,,0.720108695652174,,,3.738094159536292,-0.04687779929639002,,,,,,,,,270.7800056457519,4.250863460009426,277.50000381469727,4.3563579354954465,,,,,,,,,,,,,,,,,,,"Dale Thayer","5032",445612
"Chad Gaudin","SFG",3,3,,4.097331191114354,37,3,,,,63.70000076293945,,64,31,29,6,23,2,4,49,6.923076840158737,3.24960749640104,2.130434782608696,0.8477236947133148,,,,,1.3657770637047848,,0.712468193384224,,,4.052065898319001,-0.04687779929639002,,,,,,,,,248.1800056457519,3.896075395184965,257.50000381469727,4.042386196712737,,,,,,,,,,,,,,,,,,,"Chad Gaudin","1783",429985
"Greg Burke","NYM",2,2,,4.5211930384710115,51,0,,,,63.70000076293945,,66,34,32,7,28,1,3,45,6.357927710349861,3.9560439086621355,1.6071428571428572,0.9890109771655339,,,,,1.4756671722787331,,0.7125890736342042,,,4.570119267310472,-0.04687779929639002,,,,,,,,,210.6800056457519,3.307378384967385,224.50000381469727,3.524332827721267,,,,,,,,,,,,,,,,,,,"Greg Burke","6282",457566
"Sam Freeman","STL",3,4,,4.80376760337545,65,0,,,,63.70000076293945,,65,36,34,6,35,2,4,46,6.49921499280208,4.945054885827669,1.3142857142857143,0.8477236947133148,,,,,1.5698586939135457,,0.6986899563318778,,,4.711406549762691,-0.04687779929639002,,,,,,,,,203.5800056457519,3.1959184176995237,215.50000381469727,3.3830455452690478,,,,,,,,,,,,,,,,,,,"Sam Freeman","6832",518693
"Jesus Sanchez","MIL",4,4,,4.945054885827669,56,0,,,,63.70000076293945,,68,37,35,7,30,1,4,44,6.216640427897642,4.238618473566573,1.4666666666666666,0.9890109771655339,,,,,1.538461520035275,,0.691609977324263,,,4.742803723640962,-0.04687779929639002,,,,,,,,,194.48000564575187,3.0530612765533904,213.50000381469727,3.3516483713907768,,,,,,,,,,,,,,,,,,,"Jesus Sanchez","1476",133260
"Michael Dubee","DET",4,5,,5.368916733184326,45,0,,,,63.70000076293945,,72,41,38,8,29,2,4,41,5.792778580540984,4.097331191114354,1.4137931034482758,1.1302982596177529,,,,,1.5855572808526812,,0.6681514476614699,,,4.993981114667129,-0.04687779929639002,,,,,,,,,168.7800056457519,2.6496075922176097,197.50000381469727,3.1004709803646096,,,,,,,,,,,,,,,,,,,"Michael Dubee","sa328048",452774
"Francisco Rodríguez","MIL",5,3,,3.796875,67,0,,,,64,,58,29,27,7,26,2,1,70,9.84375,3.65625,2.6923076923076925,0.984375,,,,,1.3125,,0.7412398921832883,,,3.5944520950317385,-0.04709857329726219,,,,,,,,,295.7,4.6203125,288,4.5,,,,,,,,,,,,,,,,,,,"Francisco Rodriguez","1642",408061
"Aaron Crow","KCR",3,3,,3.796875,69,0,,,,64,,59,29,27,7,25,2,1,66,9.28125,3.515625,2.64,0.984375,,,,,1.3125,,0.7412398921832883,,,3.6725770950317385,-0.04709857329726219,,,,,,,,,288.1,4.5015625,283,4.421875,,,,,,,,,,,,,,,,,,,"Aaron Crow","10149",543070
"Jose Veras","HOU",3,4,,4.21875,68,0,,,,64,,59,32,30,7,35,2,3,68,9.5625,4.921875,1.9428571428571428,0.984375,,,,,1.46875,,0.7363420427553444,,,4.1725770950317385,-0.04709857329726219,,,,,,,,,256.1,4.0015625,251,3.921875,,,,,,,,,,,,,,,,,,,"Jose Veras","2063",407842
"Franklin Morales","BOS",3,2,,4.21875,47,4,,,,64,,59,32,30,8,31,2,5,61,8.578125,4.359375,1.967741935483871,1.125,,,,,1.40625,,0.7360406091370558,,,4.5007020950317385,-0.04709857329726219,,,,,,,,,235.80000000000004,3.6843750000000006,230,3.59375,,,,,,,,,,,,,,,,,,,"Franklin Morales","5088",462985
"Bryan Augenstein","MIN",3,4,,5.34375,27,7,,,,64,,76,41,38,8,23,3,4,43,6.046875,3.234375,1.8695652173913044,1.125,,,,,1.546875,,0.6605922551252847,,,4.6413270950317385,-0.04709857329726219,,,,,,,,,182.60000000000005,2.853125000000001,221,3.453125,,,,,,,,,,,,,,,,,,,"Bryan Augenstein","936",446248
"Robert Ray",,2,4,,5.625,23,8,,,,64,,72,43,40,9,34,2,4,44,6.1875,4.78125,1.2941176470588236,1.265625,,,,,1.65625,,0.6745182012847966,,,5.3288270950317385,-0.04709857329726219,,,,,,,,,149.70000000000002,2.3390625000000003,177,2.765625,,,,,,,,,,,,,,,,,,,"Robert Ray","3359",459988
"Josh Ravin","CIN",2,6,,6.75,23,12,,,,64,,72,51,48,12,57,1,5,46,6.46875,8.015625,0.8070175438596491,1.6875,,,,,2.015625,,0.6951871657754011,,,7.0007020950317385,-0.04709857329726219,,,,,,,,,44.79999999999998,0.6999999999999997,70,1.09375,,,,,,,,,,,,,,,,,,,"Josh Ravin","2951",502051
"Kenley Jansen","LAD",5,2,,2.0995333373675384,62,0,,,,64.30000305175781,,39,16,15,5,28,1,3,101,14.136857804941426,3.9191288964194055,3.607142857142857,0.6998444457891796,,,,,1.0419906192861117,,0.85,,,2.410159748037874,-0.04731935010542809,,,,,,,,,421.92002258300784,6.561741874932516,365.50001525878906,5.684292346993865,,,,,,,,,,,,,,,,,,,"Kenley Jansen","3096",445276
"Carlos Marmol","CHC",4,2,,3.359253339788062,67,0,,,,64.30000305175781,,46,26,24,5,46,1,5,91,12.737168913363067,6.438568901260452,1.9782608695652173,0.6998444457891796,,,,,1.4307930891689893,,0.7764705882352941,,,3.654327651663082,-0.04731935010542809,,,,,,,,,323.7200225830078,5.0345257732325726,285.50001525878906,4.440124443368656,,,,,,,,,,,,,,,,,,,"Carlos Marmol","2790",461791
"Ramon E Ramirez","NYM",3,3,,3.7791600072615696,62,0,,,,64.30000305175781,,59,29,27,5,30,4,1,54,7.558320014523139,4.199066674735077,1.8,0.6998444457891796,,,,,1.384136792783044,,0.7317073170731707,,,3.8720570347974936,-0.04731935010542809,,,,,,,,,275.92002258300784,4.291135450816512,271.50001525878906,4.222395060234245,,,,,,,,,,,,,,,,,,,"Ramon E Ramirez","7986",430673
"Shawn Camp","CHC",4,4,,3.9191288964194055,65,0,,,,64.30000305175781,,66,30,28,6,19,5,2,43,6.018662233786944,2.6594088939988825,2.263157894736842,0.8398133349470155,,,,,1.3219283976017835,,0.7180156657963447,,,3.949817528774069,-0.04731935010542809,,,,,,,,,253.4200225830078,3.9412132279219216,266.50001525878906,4.144634566257669,,,,,,,,,,,,,,,,,,,"Shawn Camp","1855",425861
"Mike McClendon","COL",5,5,,4.898911120524257,44,0,,,,64.30000305175781,,73,37,35,5,25,1,5,37,5.178848898839929,3.499222228945898,1.48,0.6998444457891796,,,,,1.5241056819408798,,0.6703296703296703,,,4.3541720974522615,-0.04731935010542809,,,,,,,,,208.5200225830078,3.2429239920122734,240.50001525878906,3.740279997579477,,,,,,,,,,,,,,,,,,,"Mike McClendon","9587",501873
"Rafael Dolis","CHC",4,6,,4.898911120524257,54,0,,,,64.30000305175781,,66,37,35,6,35,1,4,44,6.15863112294478,4.898911120524257,1.2571428571428571,0.8398133349470155,,,,,1.5707619783268252,,0.6911447084233262,,,4.758526666130455,-0.04731935010542809,,,,,,,,,201.4200225830078,3.1325040905655364,214.50001525878906,3.3359254289012843,,,,,,,,,,,,,,,,,,,"Rafael Dolis","4185",503569
"Barret Browning","STL",3,5,,4.898911120524257,53,0,,,,64.30000305175781,,68,37,35,6,37,1,3,44,6.15863112294478,5.178848898839929,1.1891891891891893,0.8398133349470155,,,,,1.6329703735080856,,0.7039337474120083,,,4.805182962516399,-0.04731935010542809,,,,,,,,,193.2200225830078,3.004976880443952,211.50001525878906,3.2892691325153387,,,,,,,,,,,,,,,,,,,"Barret Browning","9356",446135
"Edgmer Escalona","COL",3,3,,5.038880009682093,55,0,,,,64.30000305175781,,67,39,36,11,28,2,3,56,7.838257792838811,3.9191288964194055,2,1.539657780736195,,,,,1.4774493855549347,,0.7035175879396985,,,5.022912345650811,-0.04731935010542809,,,,,,,,,185.32002258300778,2.8821152999609625,197.50001525878906,3.0715397493809276,,,,,,,,,,,,,,,,,,,"Edgmer Escalona","8574",467850
"Ryan Pope","NYY",3,5,,6.018662233786944,45,4,,,,64.30000305175781,,76,46,43,13,23,1,3,44,6.15863112294478,3.219284450630226,1.9130434782608696,1.8195955590518669,,,,,1.539657780736195,,0.655940594059406,,,5.56723580348684,-0.04731935010542809,,,,,,,,,128.32002258300784,1.9956456686280029,162.50001525878906,2.527216291544899,,,,,,,,,,,,,,,,,,,"Ryan Pope","sa390383",519143
"Glen Perkins","MIN",3,2,,3.6166925971757324,67,0,,,,64.69999694824219,,61,28,26,7,20,3,3,63,8.76352437007966,2.7820712285967173,3.15,0.9737249300088511,,,,,1.2519320528685227,,0.7443820224719101,,,3.6199544382111184,-0.04761371169686601,,,,,,,,,291.07997741699216,4.498917946624423,289.49998474121094,4.4744976568206205,,,,,,,,,,,,,,,,,,,"Glen Perkins","8041",450282
"Brad Boxberger","SDP",3,2,,3.4775890357458965,60,0,,,,64.69999694824219,,52,27,25,6,38,1,5,79,10.989181352957033,5.285935334333763,2.0789473684210527,0.8346213685790151,,,,,1.3910356142983586,,0.7720588235294118,,,3.851793707260845,-0.04761371169686601,,,,,,,,,298.7799774169922,4.6179287714032835,274.49998474121094,4.242658387770893,,,,,,,,,,,,,,,,,,,"Brad Boxberger","10133",502202
"Cody Allen","CLE",3,3,,4.312210404324912,61,0,,,,64.69999694824219,,63,33,31,7,30,1,2,60,8.346213685790152,4.173106842895076,2,0.9737249300088511,,,,,1.4374034681083039,,0.7211538461538461,,,4.130000830120516,-0.04761371169686601,,,,,,,,,252.87997741699218,3.9085006081111198,256.49998474121094,3.964451264911222,,,,,,,,,,,,,,,,,,,"Cody Allen","12183",592102
"Anthony Varvaro","ATL",3,3,,4.312210404324912,50,0,,,,64.69999694824219,,58,33,31,6,43,4,4,63,8.76352437007966,5.981453141482942,1.4651162790697674,0.8346213685790151,,,,,1.561051078268158,,0.734341252699784,,,4.531855563140042,-0.04761371169686601,,,,,,,,,239.1799774169922,3.6967540757123696,230.49998474121094,3.562596531891696,,,,,,,,,,,,,,,,,,,"Anthony Varvaro","2385",460008
"Jim Miller","NYY",3,3,,4.868624650044255,50,0,,,,64.69999694824219,,67,37,35,10,27,2,4,54,7.511592317211137,3.7557961586055684,2,1.3910356142983586,,,,,1.4528594193782858,,0.7125,,,4.871886491079641,-0.04761371169686601,,,,,,,,,196.5799774169922,3.0383305516111467,208.49998474121094,3.222565603952097,,,,,,,,,,,,,,,,,,,"Jim Miller","7458",461848
"Rob Delaney","BAL",3,4,,5.146831772903927,51,0,,,,64.69999694824219,,72,40,37,9,26,3,4,42,5.8423495800531065,3.6166925971757324,1.6153846153846154,1.2519320528685227,,,,,1.5146832244582127,,0.6791569086651054,,,4.995534101239495,-0.04761371169686601,,,,,,,,,174.8799774169922,2.7029364090525427,200.49998474121094,3.0989179937922433,,,,,,,,,,,,,,,,,,,"Rob Delaney","5100",503438
"Fernando Salas","STL",4,3,,3.4615384615384617,66,0,,,,65,,57,27,25,6,24,4,2,67,9.276923076923078,3.3230769230769233,2.7916666666666665,0.8307692307692308,,,,,1.2461538461538462,,0.7438016528925621,,,3.432913633493277,-0.047834488505031914,,,,,,,,,315,4.846153846153846,303,4.661538461538462,,,,,,,,,,,,,,,,,,,"Fernando Salas","4971",477569
"J.J. Hoover","CIN",4,2,,3.3230769230769233,63,0,,,,65,,53,26,24,7,29,1,2,73,10.107692307692307,4.015384615384615,2.5172413793103448,0.9692307692307692,,,,,1.2615384615384615,,0.7756232686980609,,,3.679067479647123,-0.047834488505031914,,,,,,,,,310.09999999999997,4.77076923076923,287,4.415384615384616,,,,,,,,,,,,,,,,,,,"J.J. Hoover","9037",543331
"Ronald Belisario","LAD",4,4,,3.6,66,0,,,,65,,58,28,26,6,26,4,4,56,7.753846153846154,3.6,2.1538461538461537,0.8307692307692308,,,,,1.2923076923076924,,0.7407407407407408,,,3.9559905565702,-0.047834488505031914,,,,,,,,,278.4,4.283076923076923,269,4.138461538461539,,,,,,,,,,,,,,,,,,,"Ronald Belisario","2203",430613
"Manny Acosta","NYM",3,3,,4.569230769230769,58,0,,,,65,,63,35,33,8,30,1,3,60,8.307692307692308,4.153846153846154,2,1.1076923076923078,,,,,1.4307692307692308,,0.7090464547677262,,,4.371375171954815,-0.047834488505031914,,,,,,,,,239.8,3.6892307692307695,242,3.723076923076923,,,,,,,,,,,,,,,,,,,"Manny Acosta","8725",407924
"Dane De La Rosa","TBR",3,5,,4.984615384615385,55,0,,,,65,,63,39,36,7,45,1,4,54,7.476923076923077,6.230769230769231,1.2,0.9692307692307692,,,,,1.6615384615384616,,0.7026476578411405,,,5.0944520950317385,-0.047834488505031914,,,,,,,,,192.09999999999997,2.955384615384615,195,3,,,,,,,,,,,,,,,,,,,"Dane De La Rosa","10095",451773
"Jamie Moyer","TOR",3,6,,6.230769230769231,12,11,,,,65,,81,48,45,14,19,1,3,36,4.984615384615385,2.6307692307692307,1.894736842105263,1.9384615384615385,,,,,1.5384615384615385,,0.6467661691542288,,,5.802144402724046,-0.047834488505031914,,,,,,,,,104.19999999999996,1.6030769230769224,149,2.292307692307692,,,,,,,,,,,,,,,,,,,"Jamie Moyer","1091",119469
"Robbie Ross Jr.","TEX",4,2,,3.7212861966850808,60,0,,,,65.30000305175781,,62,29,27,5,25,3,2,46,6.339969075833841,3.445635367301001,1.84,0.6891270734602002,,,,,1.3323123420230536,,0.725,,,3.9214045831839788,-0.048055265313197815,,,,,,,,,271.52002258300786,4.158039967743903,272.50001525878906,4.17304751184776,,,,,,,,,,,,,,,,,,,"Robbie Ross Jr.","6819",543726
"Tom Gorzelanny","MIL",3,2,,4.134762440761201,51,0,,,,65.30000305175781,,62,32,30,8,29,2,2,67,9.234302784366681,3.996937026069161,2.310344827586207,1.1026033175363203,,,,,1.3935680818861824,,0.7393483709273183,,,4.0592299978760185,-0.048055265313197815,,,,,,,,,264.6200225830079,4.0523738164800065,263.50001525878906,4.03522209715572,,,,,,,,,,,,,,,,,,,"Tom Gorzelanny","6244",452733
"Jeremy Horst","PHI",3,3,,4.410413270145281,52,0,,,,65.30000305175781,,68,34,32,6,29,1,3,54,7.4425723933701615,3.996937026069161,1.8620689655172413,0.8269524881522402,,,,,1.485451691680876,,0.7110609480812642,,,4.1051718027733655,-0.048055265313197815,,,,,,,,,244.62002258300788,3.746095117164362,260.50001525878906,3.989280292258373,,,,,,,,,,,,,,,,,,,"Jeremy Horst","596",456662
"Branch Kloess","SDP",4,5,,4.272587855453241,38,0,,,,65.30000305175781,,65,33,31,5,35,1,4,49,6.753445319909962,4.823889514221401,1.4,0.6891270734602002,,,,,1.5313934965782225,,0.7204301075268817,,,4.380822632157446,-0.048055265313197815,,,,,,,,,233.7200225830079,3.579173226037336,242.50001525878906,3.713629462874293,,,,,,,,,,,,,,,,,,,"Branch Kloess","sa503601",493517
"Matt Langwell","CLE",2,3,,4.548238684837321,45,0,,,,65.30000305175781,,67,35,33,6,35,1,5,51,7.029096149294041,4.823889514221401,1.457142857142857,0.8269524881522402,,,,,1.562021366509787,,0.7158119658119658,,,4.564589851746832,-0.048055265313197815,,,,,,,,,217.22002258300788,3.326493299101929,230.50001525878906,3.5298622432849065,,,,,,,,,,,,,,,,,,,"Matt Langwell","8130",543426
"Tyler Robertson","MIN",4,6,,5.099540343605481,67,0,,,,65.30000305175781,,69,40,37,8,35,3,4,51,7.029096149294041,4.823889514221401,1.457142857142857,1.1026033175363203,,,,,1.5926492364413514,,0.6896551724137931,,,4.916810355959823,-0.048055265313197815,,,,,,,,,190.42002258300792,2.916079842018966,207.50001525878906,3.177641739071915,,,,,,,,,,,,,,,,,,,"Tyler Robertson","3223",502356
"Darren Byrd","MIL",4,4,,5.099540343605481,47,0,,,,65.30000305175781,,68,40,37,6,43,1,5,48,6.615619905217922,5.926492831757721,1.1162790697674418,0.8269524881522402,,,,,1.699846781201827,,0.6920077972709552,,,5.024007900720299,-0.048055265313197815,,,,,,,,,184.62002258300788,2.8272590192174283,200.50001525878906,3.0704441943114396,,,,,,,,,,,,,,,,,,,"Darren Byrd","sa293095",455379
"David Hernandez","ARI",4,2,,3.0136987701229643,68,0,,,,65.69999694824219,,51,24,22,5,26,2,3,84,11.50684984956041,3.5616440010544124,3.230769230769231,0.6849315386643101,,,,,1.1719939661589307,,0.7571428571428571,,,2.850920881284428,-0.048349626904635734,,,,,,,,,373.07997741699216,5.6785387328237,344.49998474121094,5.2435312137473105,,,,,,,,,,,,,,,,,,,"David Hernandez","4259",456696
"Wilton Lopez","COL",5,3,,3.9726029242529988,67,0,,,,65.69999694824219,,69,31,29,7,12,2,2,51,6.986301694375963,1.6438356927943443,4.25,0.9589041541300342,,,,,1.232876769595758,,0.7022471910112359,,,3.566293821667152,-0.048349626904635734,,,,,,,,,280.6799774169922,4.272145973432984,297.49998474121094,4.528158273364586,,,,,,,,,,,,,,,,,,,"Wilton Lopez","4227",446641
"Mike Belfiore","BAL",3,3,,4.246575539718723,41,0,,,,65.69999694824219,,64,33,31,6,30,1,3,57,7.808219540773135,4.1095892319858605,1.9,0.8219178463971721,,,,,1.4307458807654478,,0.7126168224299065,,,4.053356249161773,-0.048349626904635734,,,,,,,,,260.97997741699214,3.9722981665066075,265.49998474121094,4.0410958458699655,,,,,,,,,,,,,,,,,,,"Mike Belfiore","9324",506988
"Frank Herrmann","CLE",2,2,,4.931507078383032,53,0,,,,65.69999694824219,,72,39,36,9,23,1,3,44,6.0273975402459286,3.1506850778558264,1.9130434782608696,1.232876769595758,,,,,1.4459665816246547,,0.6796116504854368,,,4.723067086966876,-0.048349626904635734,,,,,,,,,198.27997741699218,3.017960222634336,221.49998474121094,3.3713850080648626,,,,,,,,,,,,,,,,,,,"Frank Herrmann","7960",497807
"Miguel De Los Santos","MIL",3,5,,6.301370155711653,24,10,,,,65.69999694824219,,68,49,46,12,57,0,5,67,9.178082618101756,7.808219540773135,1.1754385964912282,1.6438356927943443,,,,,1.9025876074008614,,0.7024029574861368,,,6.260357873746772,-0.048349626904635734,,,,,,,,,109.77997741699215,1.6709281965945255,120.49998474121094,1.8340942212849667,,,,,,,,,,,,,,,,,,,"Miguel De Los Santos","sa393252",501551
"Luke Gregerson","SDP",3,2,,3.1363636363636362,72,0,,,,66,,57,25,23,6,20,3,2,64,8.727272727272727,2.727272727272727,3.2,0.8181818181818182,,,,,1.1666666666666667,,0.7580174927113703,,,3.3368763374559807,-0.048570403712801635,,,,,,,,,328.4000000000001,4.975757575757577,314,4.757575757575758,,,,,,,,,,,,,,,,,,,"Luke Gregerson","4090",502381
"Ernesto Frieri","LAA",4,2,,3,66,0,,,,66,,48,24,22,7,32,2,7,85,11.590909090909092,4.363636363636363,2.65625,0.9545454545454546,,,,,1.2121212121212122,,0.7977207977207977,,,3.670209670789314,-0.048570403712801635,,,,,,,,,330.50000000000006,5.007575757575759,292,4.424242424242424,,,,,,,,,,,,,,,,,,,"Ernesto Frieri","5178",457117
"Burke Badenhop","MIL",3,3,,4.363636363636363,61,0,,,,66,,70,34,32,7,21,5,3,48,6.545454545454546,2.8636363636363638,2.2857142857142856,0.9545454545454546,,,,,1.378787878787879,,0.7019704433497537,,,4.109603610183253,-0.048570403712801635,,,,,,,,,244.30000000000007,3.7015151515151525,263,3.984848484848485,,,,,,,,,,,,,,,,,,,"Burke Badenhop","9736",488674
"Fernando Abad","WSN",4,5,,4.636363636363637,50,5,,,,66,,71,36,34,8,20,1,3,51,6.954545454545454,2.727272727272727,2.55,1.0909090909090908,,,,,1.378787878787879,,0.6892230576441103,,,4.170209670789314,-0.048570403712801635,,,,,,,,,238.40000000000012,3.612121212121214,259,3.9242424242424243,,,,,,,,,,,,,,,,,,,"Fernando Abad","4994",472551
"Brandon Gomes","TBR",5,5,,4.090909090909091,56,0,,,,66,,62,32,30,7,30,2,4,59,8.045454545454545,4.090909090909091,1.9666666666666666,0.9545454545454546,,,,,1.393939393939394,,0.7299270072992701,,,4.230815731395375,-0.048570403712801635,,,,,,,,,257.1,3.895454545454546,255,3.8636363636363638,,,,,,,,,,,,,,,,,,,"Brandon Gomes","2267",460156
"Daniel Bard","BOS",4,3,,4.5,68,0,,,,66,,61,35,33,7,41,2,3,59,8.045454545454545,5.590909090909091,1.4390243902439024,0.9545454545454546,,,,,1.5454545454545454,,0.7266811279826464,,,4.685361185940829,-0.048570403712801635,,,,,,,,,229.70000000000007,3.4803030303030313,225,3.409090909090909,,,,,,,,,,,,,,,,,,,"Daniel Bard","7115",453268
"Ronald Uviedo","TOR",3,4,,5.045454545454546,48,0,,,,66,,71,40,37,9,29,0,3,52,7.090909090909091,3.9545454545454546,1.793103448275862,1.2272727272727273,,,,,1.5151515151515151,,0.6864988558352403,,,4.74596724654689,-0.048570403712801635,,,,,,,,,201.1000000000001,3.0469696969696987,221,3.3484848484848486,,,,,,,,,,,,,,,,,,,"Ronald Uviedo","sa386157",468476
"Kyle McClellan","TEX",4,4,,5.181818181818182,36,5,,,,66,,71,41,38,12,21,2,3,40,5.454545454545454,2.8636363636363638,1.9047619047619047,1.6363636363636365,,,,,1.393939393939394,,0.6781914893617021,,,5.336876337455981,-0.048570403712801635,,,,,,,,,164.20000000000007,2.487878787878789,182,2.757575757575758,,,,,,,,,,,,,,,,,,,"Kyle McClellan","4845",449072
"Nick Christiani","CIN",3,4,,5.454545454545454,53,0,,,,66,,75,43,40,9,30,3,4,34,4.636363636363637,4.090909090909091,1.1333333333333333,1.2272727272727273,,,,,1.5909090909090908,,0.6709956709956709,,,5.3823308829105265,-0.048570403712801635,,,,,,,,,148.7000000000001,2.2530303030303047,179,2.712121212121212,,,,,,,,,,,,,,,,,,,"Nick Christiani","10332",543023
"Henry Villar","HOU",2,6,,6.2727272727272725,34,6,,,,66,,81,49,46,12,28,1,4,37,5.045454545454546,3.8181818181818183,1.3214285714285714,1.6363636363636365,,,,,1.6515151515151516,,0.6507592190889371,,,5.791421792001435,-0.048570403712801635,,,,,,,,,108.20000000000007,1.6393939393939405,152,2.303030303030303,,,,,,,,,,,,,,,,,,,"Henry Villar","5360",492821
"Sean Marshall","CIN",8,3,,2.7149320017297898,73,0,,,,66.30000305175781,,55,21,20,5,18,3,2,76,10.316741606573201,2.4434388015568107,4.222222222222222,0.6787330004324474,,,,,1.1010557562570813,,0.7878787878787878,,,2.68721229477227,-0.048791180520967536,,,,,,,,,378.12002258300777,5.703167498918881,358.50001525878906,5.407239800259468,,,,,,,,,,,,,,,,,,,"Sean Marshall","5905",445156
"John Axford","MIL",6,4,,3.5294116022487265,68,0,,,,66.30000305175781,,56,28,26,7,32,2,1,83,11.266967807178627,4.343891202767663,2.59375,0.9502262006054264,,,,,1.327300089734564,,0.7672634271099744,,,3.4564430285957104,-0.048791180520967536,,,,,,,,,325.9200225830077,4.915837218417241,307.50001525878906,4.638009066436028,,,,,,,,,,,,,,,,,,,"John Axford","9059",446099
"Brayan Villarreal","DET",5,3,,3.5294116022487265,59,0,,,,66.30000305175781,,52,28,26,6,37,3,2,80,10.859728006919159,5.0226242032001105,2.1621621621621623,0.8144796005189369,,,,,1.3423830452997294,,0.7568238213399504,,,3.622355539812531,-0.048791180520967536,,,,,,,,,324.62002258300777,4.896229376182527,296.50001525878906,4.472096555219207,,,,,,,,,,,,,,,,,,,"Brayan Villarreal","5180",500903
"Eric Fornataro","STL",3,4,,4.615384402940642,62,0,,,,66.30000305175781,,70,36,34,5,33,1,5,40,5.4298640034595795,4.479637802854153,1.2121212121212122,0.6787330004324474,,,,,1.5535444232120463,,0.6979166666666666,,,4.587664695983123,-0.048791180520967536,,,,,,,,,213.12002258300777,3.2144798306665736,232.50001525878906,3.5067873990486156,,,,,,,,,,,,,,,,,,,"Eric Fornataro","7042",543174
"Brian Sweeney","SEA",2,6,,5.565610603546069,23,7,,,,66.30000305175781,,75,44,41,11,25,0,4,35,4.751131003027132,3.393665002162237,1.4,1.4932126009513842,,,,,1.50829555651655,,0.6619385342789599,,,5.507724985458218,-0.048791180520967536,,,,,,,,,143.32002258300776,2.1616895322180216,171.50001525878906,2.5867271095735203,,,,,,,,,,,,,,,,,,,"Brian Sweeney","1801",425789
"Addison Reed","CHW",3,2,,3.9130436572962752,59,0,,,,66.69999694824219,,62,31,29,8,21,2,3,70,9.445277793473768,2.8335833380421303,3.3333333333333335,1.0794603192541448,,,,,1.2443778680290836,,0.7242339832869081,,,3.634182254658811,-0.049085542112405456,,,,,,,,,301.97997741699226,4.527436150429249,297.49998474121094,4.460269840372928,,,,,,,,,,,,,,,,,,,"Addison Reed","10586",592665
"Ryan Webb",,4,4,,3.9130436572962752,66,0,,,,66.69999694824219,,69,31,29,4,23,7,3,46,6.2068968357113325,3.1034484178556663,2,0.5397301596270724,,,,,1.3793104079358518,,0.7060185185185185,,,3.6641672635269815,-0.049085542112405456,,,,,,,,,278.97997741699226,4.182608548445286,295.49998474121094,4.430284831504757,,,,,,,,,,,,,,,,,,,"Ryan Webb","7474",444436
"Mike Ekstrom","OAK",3,4,,4.5877063568301155,52,1,,,,66.69999694824219,,71,36,34,6,28,1,4,45,6.071964295804565,3.778111117389507,1.6071428571428572,0.8095952394406086,,,,,1.4842579389744492,,0.695364238410596,,,4.353822467494908,-0.049085542112405456,,,,,,,,,229.17997741699227,3.435981827627836,249.49998474121094,3.740629627536831,,,,,,,,,,,,,,,,,,,"Mike Ekstrom","7488",455091
"Rob Wooten","MIL",3,3,,4.857571436643652,55,0,,,,66.69999694824219,,70,39,36,8,29,2,4,51,6.881559535245174,3.9130436572962752,1.7586206896551724,1.0794603192541448,,,,,1.4842579389744492,,0.683371298405467,,,4.608695042874358,-0.049085542112405456,,,,,,,,,216.1799774169923,3.241079269984727,232.49998474121094,3.48575705215738,,,,,,,,,,,,,,,,,,,"Rob Wooten","8532",543942
"Manny Bañuelos","NYY",3,4,,6.071964295804565,15,15,,,,66.69999694824219,,75,48,45,11,42,0,4,48,6.476761915524869,5.6671666760842605,1.1428571428571428,1.4842579389744492,,,,,1.7541230187879855,,0.6791338582677166,,,5.868065415337528,-0.049085542112405456,,,,,,,,,121.27997741699227,1.8182905991900271,148.49998474121094,2.226386679694211,,,,,,,,,,,,,,,,,,,"Manny Banuelos","5365",544365
"Edward Mujica","STL",4,3,,3.4925373134328357,66,0,,,,67,,63,28,26,8,12,2,1,55,7.388059701492537,1.6119402985074627,4.583333333333333,1.0746268656716418,,,,,1.1194029850746268,,0.7366771159874609,,,3.586989408464574,-0.04930631892057136,,,,,,,,,304.59999999999997,4.546268656716418,302,4.507462686567164,,,,,,,,,,,,,,,,,,,"Edward Mujica","3970",465629
"Maikel Cleto","STL",3,3,,4.164179104477612,60,0,,,,67,,61,33,31,7,34,1,4,70,9.402985074626866,4.567164179104478,2.0588235294117645,0.9402985074626866,,,,,1.4179104477611941,,0.7276995305164319,,,4.064601348763082,-0.04930631892057136,,,,,,,,,277.0999999999999,4.135820895522387,270,4.029850746268656,,,,,,,,,,,,,,,,,,,"Maikel Cleto","5529",521055
"Alex Burnett","MIN",4,4,,4.567164179104478,67,0,,,,67,,73,36,34,6,26,4,5,40,5.373134328358209,3.4925373134328357,1.5384615384615385,0.8059701492537313,,,,,1.4776119402985075,,0.695364238410596,,,4.452661050255619,-0.04930631892057136,,,,,,,,,219.19999999999993,3.2716417910447753,244,3.6417910447761193,,,,,,,,,,,,,,,,,,,"Alex Burnett","4065",488751
"Nick Vincent","SDP",3,3,,3.7444277648278352,60,0,,,,67.30000305175781,,61,30,28,7,27,1,4,61,8.157503344803498,3.61069820179827,2.259259259259259,0.9361069412069588,,,,,1.3075779496224187,,0.7416879795396419,,,4.015700195902079,-0.04952709572873726,,,,,,,,,282.3200225830078,4.194948139391412,274.50001525878906,4.078751899129659,,,,,,,,,,,,,,,,,,,"Nick Vincent","7555",543883
"Daniel McCutchen","BAL",4,5,,5.081723395123491,50,0,,,,67.30000305175781,,75,41,38,9,27,4,4,41,5.482912084212187,3.61069820179827,1.5185185185185186,1.20356606726609,,,,,1.5156017143350762,,0.6823266219239373,,,4.9963836581188925,-0.04952709572873726,,,,,,,,,181.32002258300787,2.6942052653929554,208.50001525878906,3.0980684369128455,,,,,,,,,,,,,,,,,,,"Daniel McCutchen","263",445216
"Miguel Batista","COL",3,4,,5.884100773300884,34,9,,,,67.30000305175781,,79,47,44,9,41,1,4,42,5.616641647241753,5.482912084212187,1.024390243902439,1.20356606726609,,,,,1.7830608403942072,,0.6797020484171322,,,5.590737271583629,-0.04952709572873726,,,,,,,,,130.92002258300786,1.9453197124273882,168.50001525878906,2.5037148234481097,,,,,,,,,,,,,,,,,,,"Miguel Batista","46",110683
"Brandon League","LAD",5,4,,3.4564255620114284,68,0,,,,67.69999694824219,,62,28,26,5,23,3,1,53,7.045790568715605,3.057607227933187,2.3043478260869565,0.6646972234637363,,,,,1.2555391998759462,,0.7307692307692307,,,3.5523546267512014,-0.04982145732017518,,,,,,,,,312.2799774169921,4.612702976275398,307.49998474121094,4.542097468280537,,,,,,,,,,,,,,,,,,,"Brandon League","3731",434181
"Cory Burns","TEX",3,2,,4.254062230167912,64,0,,,,67.69999694824219,,68,34,32,7,26,2,4,59,7.843427236872087,3.4564255620114284,2.269230769230769,0.9305761128492308,,,,,1.3884786445686934,,0.7125890736342042,,,4.025028207880969,-0.04982145732017518,,,,,,,,,266.0799774169921,3.9302804935192954,275.49998474121094,4.069423887150769,,,,,,,,,,,,,,,,,,,"Cory Burns","6620",451132
"Robert Carson","NYM",2,2,,4.254062230167912,59,0,,,,67.69999694824219,,68,34,32,6,30,2,5,50,6.646972234637363,3.9881833407824177,1.6666666666666667,0.7976366681564835,,,,,1.4475628422099145,,0.7142857142857143,,,4.320449196087074,-0.04982145732017518,,,,,,,,,245.37997741699212,3.624519770725977,255.49998474121094,3.7740028989446643,,,,,,,,,,,,,,,,,,,"Robert Carson","2570",518533
"Danny Farquhar","SEA",3,4,,4.121122785475165,52,0,,,,67.69999694824219,,63,33,31,6,34,1,4,54,7.178730013408352,4.5199411195534065,1.588235294117647,0.7976366681564835,,,,,1.4327917927996092,,0.7223476297968398,,,4.335220245497379,-0.04982145732017518,,,,,,,,,257.3799774169921,3.80177236364964,254.49998474121094,3.759231849534359,,,,,,,,,,,,,,,,,,,"Danny Farquhar","8501",543144
"Michael Tonkin","MIN",3,3,,4.897058823529412,46,0,,,,68,,72,40,37,8,32,1,4,54,7.147058823529412,4.235294117647059,1.6875,1.0588235294117647,,,,,1.5294117647058822,,0.6896551724137931,,,4.623863859737621,-0.05004223412834108,,,,,,,,,217.60000000000005,3.2000000000000006,236,3.4705882352941178,,,,,,,,,,,,,,,,,,,"Michael Tonkin","10315",543859
"Chance Ruffin","SEA",2,4,,5.161764705882353,54,0,,,,68,,69,42,39,8,42,0,4,50,6.617647058823529,5.5588235294117645,1.1904761904761905,1.0588235294117647,,,,,1.6323529411764706,,0.6913827655310621,,,5.182687389149386,-0.05004223412834108,,,,,,,,,187.40000000000006,2.7558823529411773,198,2.911764705882353,,,,,,,,,,,,,,,,,,,"Chance Ruffin","11745",592704
"Collin Balester","TEX",2,4,,6.088235294117647,46,1,,,,68,,77,49,46,14,32,2,5,51,6.75,4.235294117647059,1.59375,1.8529411764705883,,,,,1.6029411764705883,,0.6711409395973154,,,5.903275624443503,-0.05004223412834108,,,,,,,,,121.79999999999998,1.7911764705882351,149,2.1911764705882355,,,,,,,,,,,,,,,,,,,"Collin Balester","6883",444446
"Ryan Cook","OAK",4,3,,3.4260613403292903,67,0,,,,68.30000305175781,,58,28,26,5,31,3,4,66,8.696924940835892,4.084919290392616,2.129032258064516,0.658857950063325,,,,,1.3030746123474652,,0.7439024390243902,,,3.6508210306407687,-0.05026301093650698,,,,,,,,,320.1200225830078,4.68696937451702,303.50001525878906,4.44363106439097,,,,,,,,,,,,,,,,,,,"Ryan Cook","8855",475857
"James Russell","CHC",4,4,,3.8213761103672854,72,0,,,,68.30000305175781,,67,31,29,6,24,7,1,56,7.379209040709241,3.1625181603039603,2.3333333333333335,0.7906295400759901,,,,,1.3323571879058351,,0.7263922518159807,,,3.6947448939783234,-0.05026301093650698,,,,,,,,,294.42002258300784,4.310688278591965,300.50001525878906,4.399707201053415,,,,,,,,,,,,,,,,,,,"James Russell","4089",460701
"Bryan Shaw","CLE",3,4,,4.216690880405281,72,0,,,,68.30000305175781,,71,34,32,7,25,2,4,51,6.720351090645916,3.2942897503166253,2.04,0.9224011300886551,,,,,1.4055636268017602,,0.7192575406032482,,,4.207189966249799,-0.05026301093650698,,,,,,,,,249.72002258300782,3.656222714862395,265.50001525878906,3.88726212878194,,,,,,,,,,,,,,,,,,,"Bryan Shaw","8110",543766
"Rex Brothers","COL",5,3,,3.930131178949178,74,0,,,,68.69999694824219,,60,32,30,7,40,5,2,85,11.135371673689338,5.240174905265571,2.125,0.9170306084214749,,,,,1.4556041403515474,,0.753880266075388,,,3.7785860409969656,-0.0505573725279449,,,,,,,,,310.2799774169922,4.516448197963585,296.49998474121094,4.315866054034773,,,,,,,,,,,,,,,,,,,"Rex Brothers","9794",571521
"Miles Mikolas","SDP",3,4,,3.930131178949178,60,0,,,,68.69999694824219,,67,32,30,6,28,0,4,52,6.812227376845242,3.6681224336858995,1.8571428571428572,0.7860262357898355,,,,,1.38282393333397,,0.7274826789838338,,,4.113374993277821,-0.0505573725279449,,,,,,,,,268.37997741699223,3.906550063156287,273.49998474121094,3.981077101753917,,,,,,,,,,,,,,,,,,,"Miles Mikolas","9803",571945
"Josh Lueke","TBR",4,4,,4.323144296844096,49,0,,,,68.69999694824219,,70,35,33,7,26,0,4,50,6.550218631581964,3.406113688422621,1.9230769230769231,0.9170306084214749,,,,,1.3973799747374855,,0.7076566125290022,,,4.2734914487164914,-0.0505573725279449,,,,,,,,,250.2799774169922,3.6430857137526567,262.49998474121094,3.8209606463152466,,,,,,,,,,,,,,,,,,,"Josh Lueke","5722",518961
"Craig Kimbrel","ATL",5,1,,1.565217391304348,69,0,,,,69,,38,13,12,5,28,1,2,118,15.391304347826088,3.652173913043478,4.214285714285714,0.6521739130434783,,,,,0.9565217391304348,,0.8983050847457628,,,1.9205390515534775,-0.0507781493361108,,,,,,,,,496.3,7.192753623188406,426,6.173913043478261,,,,,,,,,,,,,,,,,,,"Craig Kimbrel","6655",518886
"Steve Cishek",,4,3,,3.391304347826087,65,0,,,,69,,62,28,26,5,29,7,5,69,9,3.782608695652174,2.3793103448275863,0.6521739130434783,,,,,1.318840579710145,,0.75,,,3.5147419501042023,-0.0507781493361108,,,,,,,,,323.9,4.694202898550724,316,4.579710144927536,,,,,,,,,,,,,,,,,,,"Steve Cishek","6483",518553
"Mitch Lively","SFG",5,7,,4.434782608695652,50,0,,,,69,,71,36,34,5,32,1,5,47,6.130434782608695,4.173913043478261,1.46875,0.6521739130434783,,,,,1.4927536231884058,,0.6979166666666666,,,4.282857892133188,-0.0507781493361108,,,,,,,,,247.50000000000003,3.586956521739131,263,3.8115942028985508,,,,,,,,,,,,,,,,,,,"Mitch Lively","sa390254",518944
"Josh Lindblom","TEX",4,3,,4.565217391304348,70,0,,,,69,,67,37,35,11,31,3,4,63,8.217391304347826,4.043478260869565,2.032258064516129,1.434782608695652,,,,,1.4202898550724639,,0.738498789346247,,,4.862568037060724,-0.0507781493361108,,,,,,,,,222.1,3.218840579710145,223,3.2318840579710146,,,,,,,,,,,,,,,,,,,"Josh Lindblom","7882",458676
"Tim Collins","KCR",5,4,,3.766233600380479,72,0,,,,69.30000305175781,,57,31,29,8,38,6,2,89,11.55844104944354,4.935064717739938,2.3421052631578947,1.038960993208408,,,,,1.370851310483316,,0.7637231503579952,,,3.7582327295815547,-0.0509989261442767,,,,,,,,,324.2200225830078,4.678499398345753,300.50001525878906,4.336219365450184,,,,,,,,,,,,,,,,,,,"Tim Collins","3164",525768
"Shawn Hill","DET",4,6,,5.714285462646243,13,12,,,,69.30000305175781,,85,47,44,10,24,0,4,29,3.766233600380479,3.116882979625224,1.2083333333333333,1.29870124151051,,,,,1.5728715036071732,,0.6526315789473685,,,5.34553424698329,-0.0509989261442767,,,,,,,,,142.8200225830078,2.060894896012348,190.50001525878906,2.7489178480484493,,,,,,,,,,,,,,,,,,,"Shawn Hill","1882",429718
"Bobby Parnell","NYM",5,3,,3.4863703104671138,70,0,,,,69.69999694824219,,66,29,27,5,25,3,2,66,8.522238536697389,3.22812065783992,2.64,0.645624131567984,,,,,1.3055954660597011,,0.7380952380952381,,,3.295312935964,-0.05129328773571462,,,,,,,,,333.6799774169922,4.787374347588225,334.49998474121094,4.799139159067738,,,,,,,,,,,,,,,,,,,"Bobby Parnell","9926",458730
"AJ Ramos",,3,3,,4.131994442035098,67,0,,,,69.69999694824219,,65,34,32,7,34,0,5,68,8.780488189324583,4.390244094662291,2,0.9038737841951776,,,,,1.420373089449565,,0.7286995515695067,,,4.127450705540513,-0.05129328773571462,,,,,,,,,279.6799774169922,4.012625389706644,276.49998474121094,3.9670013894912257,,,,,,,,,,,,,,,,,,,"AJ Ramos","8350",573109
"Michael Bowden","CHC",3,3,,4.261119268348694,56,0,,,,69.69999694824219,,65,35,33,8,36,2,3,63,8.134864057756598,4.648493747289485,1.75,1.0329986105087745,,,,,1.4490674952970308,,0.734966592427617,,,4.457436372786372,-0.05129328773571462,,,,,,,,,257.37997741699223,3.692682764507399,253.49998474121094,3.637015722245367,,,,,,,,,,,,,,,,,,,"Michael Bowden","4440",476601
"Manny Corpas","COL",2,3,,5.552367531484663,61,0,,,,69.69999694824219,,83,46,43,11,25,4,5,42,5.423242705171066,3.22812065783992,1.68,1.420373089449565,,,,,1.5494979157631616,,0.6695464362850972,,,5.232185330667953,-0.05129328773571462,,,,,,,,,158.6799774169922,2.2766138359349535,199.49998474121094,2.862266764363786,,,,,,,,,,,,,,,,,,,"Manny Corpas","2807",466918
"Adalberto Flores","HOU",3,6,,5.939742010425453,47,1,,,,69.69999694824219,,82,49,46,10,38,4,5,47,6.06886683673905,4.906743399916679,1.236842105263158,1.291248263135968,,,,,1.7216643508479574,,0.6698113207547169,,,5.46174057744768,-0.05129328773571462,,,,,,,,,144.5799774169922,2.0743182747103184,183.49998474121094,2.6327115175840587,,,,,,,,,,,,,,,,,,,"Adalberto Flores","sa294108",488880
"Deunte Heath","CHW",3,5,,5.810617184111856,37,7,,,,69.69999694824219,,74,48,45,11,47,0,4,58,7.489239926188615,6.06886683673905,1.2340425531914894,1.420373089449565,,,,,1.7360115537716905,,0.6912878787878788,,,5.676948621303675,-0.05129328773571462,,,,,,,,,151.0799774169922,2.1675750937145826,168.49998474121094,2.417503473728064,,,,,,,,,,,,,,,,,,,"Deunte Heath","7371",445177
"Mitchell Boggs","STL",3,2,,3.4714285714285715,66,0,,,,70,,65,29,27,6,23,2,4,57,7.328571428571428,2.9571428571428573,2.4782608695652173,0.7714285714285715,,,,,1.2571428571428571,,0.7412060301507538,,,3.7373092378888813,-0.05151406454388052,,,,,,,,,308.2,4.402857142857143,305,4.357142857142857,,,,,,,,,,,,,,,,,,,"Mitchell Boggs","3344",459939
"George Kontos","SFG",3,3,,3.857142857142857,51,2,,,,70,,67,32,30,7,25,0,3,58,7.457142857142857,3.2142857142857144,2.32,0.9,,,,,1.3142857142857143,,0.7299270072992701,,,3.9373092378888814,-0.05151406454388052,,,,,,,,,289.69999999999993,4.138571428571428,291,4.1571428571428575,,,,,,,,,,,,,,,,,,,"George Kontos","9486",502004
"Ryan Reid","PIT",2,4,,5.142857142857143,41,3,,,,70,,77,43,40,8,35,1,4,44,5.6571428571428575,4.5,1.2571428571428571,1.0285714285714285,,,,,1.6,,0.6845238095238095,,,4.994452095031738,-0.05151406454388052,,,,,,,,,190.4,2.72,217,3.1,,,,,,,,,,,,,,,,,,,"Ryan Reid","9385",474256
"Kameron Loe","SEA",5,5,,3.8406826213252745,68,0,,,,70.30000305175781,,69,32,30,6,20,3,3,52,6.657183210297142,2.5604550808835165,2.6,0.768136524265055,,,,,1.2660027899924053,,0.707196029776675,,,3.7061163643539117,-0.05173484135204642,,,,,,,,,302.02002258300774,4.296159451951203,308.50001525878906,4.388335730677826,,,,,,,,,,,,,,,,,,,"Kameron Loe","4422",434180
"Chris Young","NYM",3,4,,4.4807963915461535,13,13,,,,70.30000305175781,,72,37,35,9,25,2,2,47,6.017069440076264,3.2005688511043955,1.88,1.1522047863975824,,,,,1.3798007935872283,,0.7109004739336492,,,4.573826141764437,-0.05173484135204642,,,,,,,,,235.32002258300778,3.347368596979367,247.50001525878906,3.5206259532673014,,,,,,,,,,,,,,,,,,,"Chris Young","3196",432934
"Marquis Fleming","TBR",3,5,,5.376955669855384,46,0,,,,70.30000305175781,,68,45,42,10,54,2,5,59,7.553342488606374,6.913228718385494,1.0925925925925926,1.2802275404417582,,,,,1.73541955482105,,0.7129629629629629,,,5.782929929959431,-0.05173484135204642,,,,,,,,,161.42002258300778,2.2961595387721903,162.50001525878906,2.311522165072308,,,,,,,,,,,,,,,,,,,"Marquis Fleming","sa454927",543165
"Chris Leroux","PIT",3,4,,4.328147287248335,42,4,,,,70.69999694824219,,74,36,34,7,24,2,4,51,6.492220930872503,3.055162790998825,2.125,0.8910891473746573,,,,,1.3861386736939112,,0.7029478458049886,,,4.126983964211897,-0.05202920294348434,,,,,,,,,262.6799774169922,3.715417096966695,280.49998474121094,3.9674681308198414,,,,,,,,,,,,,,,,,,,"Chris Leroux","7645",460092
"Jeremy Berg","LAA",2,2,,4.328147287248335,50,0,,,,70.69999694824219,,73,36,34,8,24,2,4,48,6.11032558199765,3.055162790998825,2,1.0183875969996083,,,,,1.3719944015133612,,0.710955710955711,,,4.3957251356423495,-0.05202920294348434,,,,,,,,,246.9799774169922,3.4933520237320583,261.49998474121094,3.6987269593893894,,,,,,,,,,,,,,,,,,,"Jeremy Berg","sa510226",576828
"Jorge De La Rosa","COL",5,4,,4.964639535373091,12,12,,,,70.69999694824219,,74,42,39,9,34,2,3,56,7.128713178997258,4.328147287248335,1.6470588235294117,1.1456860466245593,,,,,1.5275813954994124,,0.6918238993710691,,,4.735187667975552,-0.05202920294348434,,,,,,,,,221.0799774169922,3.1270153742558104,237.49998474121094,3.3592644270561864,,,,,,,,,,,,,,,,,,,"Jorge De La Rosa","2047",407822
"Cristhian Martinez","ATL",4,3,,3.5492957746478875,49,0,,,,71,,69,30,28,7,17,3,2,59,7.47887323943662,2.1549295774647885,3.4705882352941178,0.8873239436619719,,,,,1.2112676056338028,,0.7349081364829396,,,3.516987306299344,-0.052249979751650244,,,,,,,,,320.9,4.5197183098591545,325,4.577464788732394,,,,,,,,,,,,,,,,,,,"Cristhian Martinez","5337",450852
"Nate Jones","CHW",5,3,,3.9295774647887325,65,0,,,,71,,68,33,31,7,32,3,1,64,8.112676056338028,4.056338028169014,2,0.8873239436619719,,,,,1.408450704225352,,0.7427937915742794,,,3.9676915316514565,-0.052249979751650244,,,,,,,,,291.49999999999994,4.105633802816901,293,4.126760563380282,,,,,,,,,,,,,,,,,,,"Nate Jones","4696",518858
"Ismael Guillón","CIN",3,5,,5.830985915492958,16,16,,,,71,,73,49,46,11,54,0,5,57,7.225352112676056,6.845070422535211,1.0555555555555556,1.3943661971830985,,,,,1.7887323943661972,,0.6989247311827957,,,5.9958605457359635,-0.052249979751650244,,,,,,,,,137.29999999999995,1.9338028169014079,149,2.0985915492957745,,,,,,,,,,,,,,,,,,,"Ismael Guillon","sa550236",570145
"Sean Doolittle","OAK",2,1,,3.155680089335605,61,0,,,,71.30000305175781,,57,27,25,6,27,1,2,83,10.476857896594208,3.4081344964824534,3.074074074074074,0.7573632214405452,,,,,1.1781205666852925,,0.7539682539682541,,,3.0804268501902468,-0.052470756559816145,,,,,,,,,384.62002258300777,5.394389987666703,357.50001525878906,5.014025244841491,,,,,,,,,,,,,,,,,,,"Sean Doolittle","1581",448281
"Erik Davis","WSN",6,6,,4.291724921496423,49,0,,,,71.30000305175781,,75,36,34,8,22,3,4,57,7.19495060368518,2.7769984786153326,2.590909090909091,1.0098176285873937,,,,,1.360448749624683,,0.710955710955711,,,4.048168744253166,-0.052470756559816145,,,,,,,,,270.2200225830079,3.7899019778000693,288.50001525878906,4.046283350778573,,,,,,,,,,,,,,,,,,,"Erik Davis","8422",458530
"Fernando Rodriguez Jr.","OAK",5,6,,4.165497717922999,66,0,,,,71.30000305175781,,64,35,33,8,36,6,2,74,9.34081306443339,4.5441793286432715,2.0555555555555554,1.0098176285873937,,,,,1.4025244841491578,,0.731981981981982,,,4.076219233936149,-0.052470756559816145,,,,,,,,,296.8200225830079,4.162973490583745,286.50001525878906,4.01823286109559,,,,,,,,,,,,,,,,,,,"Fernando Rodriguez Jr.","7558",451775
"Zach Putnam","CHC",4,4,,4.291724921496423,50,2,,,,71.30000305175781,,73,36,34,6,31,2,4,53,6.690041789391483,3.91304331077615,1.7096774193548387,0.7573632214405452,,,,,1.4586254635151241,,0.7112970711297072,,,4.17439594782659,-0.052470756559816145,,,,,,,,,265.02002258300786,3.7169707046243126,279.50001525878906,3.9200561472051487,,,,,,,,,,,,,,,,,,,"Zach Putnam","9080",474029
"David Pauley","SEA",3,5,,4.670406532216695,45,3,,,,71.30000305175781,,78,40,37,8,27,2,6,40,5.049088142936968,3.4081344964824534,1.4814814814814814,1.0098176285873937,,,,,1.4726507083566156,,0.6929637526652452,,,4.819557210535202,-0.052470756559816145,,,,,,,,,207.4200225830079,2.909116601754398,233.50001525878906,3.2748948844965358,,,,,,,,,,,,,,,,,,,"David Pauley","3625",456102
"Jake Dunning","SFG",3,5,,4.518828644217163,44,3,,,,71.69999694824219,,79,39,36,6,26,1,4,48,6.025104858956218,3.2635984652679513,1.8461538461538463,0.7531381073695272,,,,,1.4644352087740808,,0.6832298136645963,,,4.098636238191109,-0.052765118151254065,,,,,,,,,257.3799774169921,3.5896790567897243,286.49998474121094,3.9958158568406303,,,,,,,,,,,,,,,,,,,"Jake Dunning","10803",572827
"Louis Coleman","KCR",3,2,,4.016736572637479,51,1,,,,71.69999694824219,,62,34,32,11,33,4,3,78,9.790795395803855,4.1422595905324,2.3636363636363638,1.3807531968441333,,,,,1.324965188890835,,0.7663316582914573,,,4.419417283922574,-0.052765118151254065,,,,,,,,,282.07997741699216,3.934170005901342,263.49998474121094,3.675034811109165,,,,,,,,,,,,,,,,,,,"Louis Coleman","9720",488786
"Jeff Suppan","SDP",3,6,,4.895397697901927,13,13,,,,71.69999694824219,,80,42,39,9,26,2,3,31,3.8912135547425573,3.2635984652679513,1.1923076923076923,1.1297071610542908,,,,,1.4783822107624054,,0.6852248394004282,,,5.074926377373829,-0.052765118151254065,,,,,,,,,186.87997741699218,2.606415416612842,216.49998474121094,3.01952571765791,,,,,,,,,,,,,,,,,,,"Jeff Suppan","633",122987
"Kip Wells","SDP",3,7,,5.774058823166375,15,13,,,,71.69999694824219,,82,49,46,9,49,2,3,31,3.8912135547425573,6.150627876851139,0.6326530612244898,1.1297071610542908,,,,,1.8270572604705198,,0.6925675675675675,,,6.037269514568225,-0.052765118151254065,,,,,,,,,112.67997741699216,1.5715478690791582,147.49998474121094,2.0571825804635138,,,,,,,,,,,,,,,,,,,"Kip Wells","1012",150337
"Cory Gearrin","ATL",4,3,,3.625,57,0,,,,72,,65,31,29,5,35,2,5,67,8.375,4.375,1.9142857142857144,0.625,,,,,1.3888888888888888,,0.7419354838709677,,,3.802785428365072,-0.052985894959419966,,,,,,,,,316.30000000000007,4.393055555555557,309,4.291666666666667,,,,,,,,,,,,,,,,,,,"Cory Gearrin","7947",518715
"Brad Brach","SDP",5,4,,3.609958353848982,74,0,,,,72.30000305175781,,64,31,29,8,26,5,4,76,9.460580513535263,3.236514386209432,2.923076923076923,0.9958505803721329,,,,,1.2448132254651663,,0.7487309644670052,,,3.6753649335821494,-0.05320667176758587,,,,,,,,,332.2200225830079,4.59502086528516,319.50001525878906,4.419087161449589,,,,,,,,,,,,,,,,,,,"Brad Brach","6627",542960
"Donovan Hand","MIL",3,3,,5.103734224407181,46,2,,,,72.30000305175781,,85,44,41,9,23,1,5,41,5.103734224407181,2.8630704185698823,1.7826086956521738,1.1203319029186496,,,,,1.4937758705581994,,0.670859538784067,,,4.740371804257903,-0.05320667176758587,,,,,,,,,201.32002258300787,2.784509185136379,242.50001525878906,3.354080290773836,,,,,,,,,,,,,,,,,,,"Donovan Hand","8728",518764
"Kyle Waldrop","PIT",2,3,,4.580467867654451,54,0,,,,72.69999694824219,,81,40,37,6,25,3,4,33,4.085282152232348,3.0949107213881426,1.32,0.7427785731331542,,,,,1.4580468287428583,,0.6762295081967213,,,4.456212812442521,-0.053501033359023786,,,,,,,,,232.57997741699225,3.1991745141691617,264.49998474121094,3.6382392825892174,,,,,,,,,,,,,,,,,,,"Kyle Waldrop","7513",448252
"Clayton Mortensen","BOS",5,5,,4.828060725365503,50,0,,,,72.69999694824219,,71,42,39,10,42,2,3,60,7.427785731331542,5.19945001193208,1.4285714285714286,1.237964288555257,,,,,1.554332940074934,,0.7171717171717171,,,5.088950115481875,-0.053501033359023786,,,,,,,,,215.37997741699226,2.9625857834674907,218.49998474121094,3.0055019795498636,,,,,,,,,,,,,,,,,,,"Clayton Mortensen","3166",489150
"Elvin Ramirez","NYM",3,4,,5.075653583076554,58,0,,,,72.69999694824219,,69,44,41,7,61,2,4,64,7.922971446753645,7.551582160187068,1.0491803278688525,0.86657500198868,,,,,1.7881706390242602,,0.7154742096505824,,,5.2677671793843,-0.053501033359023786,,,,,,,,,205.47997741699223,2.826409711726412,205.49998474121094,2.8266849156474376,,,,,,,,,,,,,,,,,,,"Elvin Ramirez","2247",468517
"Andrew Taylor","LAA",3,7,,6.5612107293428625,42,7,,,,72.69999694824219,,88,57,53,12,49,0,5,40,4.951857154221028,6.066025013920759,0.8163265306122449,1.4855571462663084,,,,,1.8844567503563359,,0.6655574043261231,,,6.368179880322307,-0.053501033359023786,,,,,,,,,79.57997741699222,1.0946352236252244,125.49998474121094,1.7262722147094314,,,,,,,,,,,,,,,,,,,"Andrew Taylor","7896",476531
"Greg Holland","KCR",7,4,,3.2054794520547945,66,0,,,,73,,60,28,26,6,32,6,1,92,11.342465753424657,3.9452054794520546,2.875,0.7397260273972602,,,,,1.2602739726027397,,0.7655502392344498,,,2.9985616840728344,-0.05372181016718969,,,,,,,,,395.4000000000001,5.4164383561643845,372,5.095890410958904,,,,,,,,,,,,,,,,,,,"Greg Holland","7196",518813
"Brad Penny","SFG",3,5,,4.684931506849315,22,10,,,,73,,82,41,38,7,25,1,2,37,4.561643835616438,3.0821917808219177,1.48,0.863013698630137,,,,,1.4657534246575343,,0.6790123456790124,,,4.436917848456396,-0.05372181016718969,,,,,,,,,233.9,3.2041095890410958,267,3.6575342465753424,,,,,,,,,,,,,,,,,,,"Brad Penny","535",207267
"Jonny Venters","ATL",6,3,,2.946793874585249,74,0,,,,73.30000305175781,,59,26,24,5,34,4,6,84,10.313778561048373,4.174624655662437,2.4705882352941178,0.6139153905385936,,,,,1.2687584737797601,,0.7790697674418605,,,3.326375687012985,-0.05394258697535559,,,,,,,,,375.52002258300786,5.123056029313528,349.50001525878906,4.768076408018754,,,,,,,,,,,,,,,,,,,"Jonny Venters","7175",458924
"Matt Belisle","COL",7,4,,3.929058499446999,71,0,,,,73.30000305175781,,77,34,32,7,16,4,3,63,7.735333920786279,1.9645292497234994,3.9375,0.859481546754031,,,,,1.2687584737797601,,0.7091346153846153,,,3.39458850818394,-0.05394258697535559,,,,,,,,,325.12002258300777,4.435470791910302,344.50001525878906,4.6998635868477985,,,,,,,,,,,,,,,,,,,"Matt Belisle","1837",279571
"Sam Dyson",,3,3,,4.665756968093311,42,6,,,,73.30000305175781,,84,41,38,5,27,0,4,32,3.929058499446999,3.3151431089084054,1.1851851851851851,0.6139153905385936,,,,,1.5143246299951976,,0.6730769230769231,,,4.37685313304569,-0.05394258697535559,,,,,,,,,233.52002258300783,3.18581190805841,272.50001525878906,3.7175989619860488,,,,,,,,,,,,,,,,,,,"Sam Dyson","11710",473879
"Hunter Strickland","PIT",3,5,,5.279672358631905,25,9,,,,73.30000305175781,,86,46,43,10,24,0,5,36,4.420190811877874,2.946793874585249,1.5,1.2278307810771871,,,,,1.5006820657610065,,0.6666666666666666,,,5.072623908989429,-0.05394258697535559,,,,,,,,,180.82002258300784,2.466848772916546,221.50001525878906,3.0218281860423097,,,,,,,,,,,,,,,,,,,"Hunter Strickland","7836",519326
"B.J. Rosenberg","PHI",3,5,,5.373134550848105,38,7,,,,73.69999694824219,,81,47,44,11,33,0,5,61,7.449118354584873,4.0298509131360785,1.8484848484848484,1.3432836377120263,,,,,1.546811461607788,,0.6795131845841785,,,4.926202510093592,-0.05423694856679351,,,,,,,,,207.47997741699223,2.8151965537081454,233.49998474121094,3.168249584938146,,,,,,,,,,,,,,,,,,,"B.J. Rosenberg","7183",543725
"Erik Cordier","PIT",4,8,,5.373134550848105,21,14,,,,73.69999694824219,,79,47,44,7,56,1,4,46,5.617367939523019,6.838534882897588,0.8214285714285714,0.8548168603621985,,,,,1.831750415061854,,0.7028753993610224,,,5.523217460187826,-0.05423694856679351,,,,,,,,,165.8799774169922,2.250746055437233,189.49998474121094,2.571234634843912,,,,,,,,,,,,,,,,,,,"Erik Cordier","4086",449170
"Dustin McGowan","TOR",4,5,,5.108108108108108,13,13,,,,74,,80,45,42,10,32,0,4,56,6.8108108108108105,3.891891891891892,1.75,1.2162162162162162,,,,,1.5135135135135136,,0.6836734693877551,,,4.797154797734441,-0.05445772537495941,,,,,,,,,220.60000000000002,2.9810810810810815,244,3.2972972972972974,,,,,,,,,,,,,,,,,,,"Dustin McGowan","8600",430661
"Trevor Bell","DET",3,5,,5.95945945945946,23,13,,,,74,,91,52,49,11,32,1,4,41,4.986486486486487,3.891891891891892,1.28125,1.337837837837838,,,,,1.662162162162162,,0.6598513011152417,,,5.378235878815522,-0.05445772537495941,,,,,,,,,149.70000000000002,2.022972972972973,201,2.7162162162162162,,,,,,,,,,,,,,,,,,,"Trevor Bell","7074",457707
"Ben Sheets","ATL",5,5,,4.36069968630149,13,13,,,,74.30000305175781,,76,39,36,10,23,1,1,55,6.662180076293942,2.7860025773592847,2.391304347826087,1.2113054684170803,,,,,1.3324360152587884,,0.7058823529411765,,,4.332675462746976,-0.05467850218312531,,,,,,,,,267.2200225830078,3.5965008291703673,279.50001525878906,3.761776632284762,,,,,,,,,,,,,,,,,,,"Ben Sheets","710",282656
"Cesár Ramos","TBR",4,5,,5.087482967351738,47,7,,,,74.30000305175781,,79,45,42,11,34,3,5,48,5.814266248401986,4.118438592618073,1.411764705882353,1.3324360152587884,,,,,1.52086131034589,,0.6967213114754098,,,5.301719837480641,-0.05467850218312531,,,,,,,,,188.1200225830078,2.5318979119282443,207.50001525878906,2.7927322575510978,,,,,,,,,,,,,,,,,,,"Cesar Ramos","3357",459987
"Deolis Guerra","MIN",4,7,,5.935396795243694,37,4,,,,74.30000305175781,,85,52,49,13,36,1,5,52,6.298788435768818,4.36069968630149,1.4444444444444444,1.5746971089422046,,,,,1.628532907538519,,0.6712062256809339,,,5.624734629058528,-0.05467850218312531,,,,,,,,,149.92002258300784,2.0177660353334397,183.50001525878906,2.46971746597321,,,,,,,,,,,,,,,,,,,"Deolis Guerra","8410",500610
"Carter Capps","SEA",2,3,,4.457831507419305,58,0,,,,74.69999694824219,,72,40,37,11,29,0,3,78,9.397590745370428,3.493976046355672,2.689655172413793,1.3253012589624962,,,,,1.3520750217698194,,0.7126168224299065,,,4.205563251535649,-0.05497286377456323,,,,,,,,,290.2799774169922,3.885943631538836,290.49998474121094,3.888888843496089,,,,,,,,,,,,,,,,,,,"Carter Capps","12803",605169
"Tom Wilhelmsen","SEA",4,3,,3,71,0,,,,75,,60,27,25,6,29,3,2,83,9.96,3.48,2.8620689655172415,0.72,,,,,1.1866666666666668,,0.7692307692307693,,,3.1611187616984053,-0.05519364058272913,,,,,,,,,398.20000000000005,5.309333333333334,370,4.933333333333334,,,,,,,,,,,,,,,,,,,"Tom Wilhelmsen","9975",452666
"Josh Roenicke","MIN",3,4,,4.68,56,0,,,,75,,77,42,39,8,38,2,3,52,6.24,4.56,1.368421052631579,0.96,,,,,1.5333333333333334,,0.7032755298651253,,,4.734452095031738,-0.05519364058272913,,,,,,,,,237.4,3.1653333333333333,252,3.36,,,,,,,,,,,,,,,,,,,"Josh Roenicke","3241",502158
"Jenrry Mejia","NYM",3,5,,5.04,24,13,,,,75,,82,45,42,7,37,1,4,41,4.92,4.44,1.1081081081081081,0.84,,,,,1.5866666666666667,,0.6776556776556777,,,4.854452095031738,-0.05519364058272913,,,,,,,,,214.69999999999996,2.8626666666666662,243,3.24,,,,,,,,,,,,,,,,,,,"Jenrry Mejia","8476",516769
"Aaron Loup","TOR",3,2,,4.302788670238129,72,0,,,,75.30000305175781,,81,39,36,7,18,1,2,52,6.2151391903439634,2.1513943351190643,2.888888888888889,0.8366533525463027,,,,,1.3147409825727614,,0.6726457399103138,,,3.7186220564551706,-0.05541441739089503,,,,,,,,,304.52002258300774,4.044090441453163,329.50001525878906,4.375830038576567,,,,,,,,,,,,,,,,,,,"Aaron Loup","10343",571901
"Jared Hughes","PIT",2,2,,3.804491566847911,68,0,,,,75.69999694824219,,74,34,32,7,24,4,5,50,5.944518073199861,2.853368675135933,2.0833333333333335,0.8322325302479805,,,,,1.294583935941303,,0.7256235827664399,,,4.124835227719714,-0.05570877898233295,,,,,,,,,294.6799774169922,3.892734336812082,300.49998474121094,3.9696168673120242,,,,,,,,,,,,,,,,,,,"Jared Hughes","9325",453172
"Luis Perdomo","MIN",4,6,,5.112285542951881,59,0,,,,75.69999694824219,,82,46,43,8,41,2,5,46,5.468956627343872,4.874504820023886,1.1219512195121952,0.9511228917119777,,,,,1.624834940007962,,0.6887298747763865,,,5.075958119431692,-0.05570877898233295,,,,,,,,,202.5799774169922,2.676089637830511,228.49998474121094,3.0184939756000464,,,,,,,,,,,,,,,,,,,"Luis Perdomo","5380",466412
"Robert Coello","LAA",4,6,,4.973684210526316,29,9,,,,76,,76,45,42,11,39,1,5,66,7.815789473684211,4.618421052631579,1.6923076923076923,1.3026315789473684,,,,,1.513157894736842,,0.7028112449799198,,,4.97603104240016,-0.05592955579049885,,,,,,,,,229.49999999999997,3.019736842105263,237,3.1184210526315788,,,,,,,,,,,,,,,,,,,"Robert Coello","1149",445193
"Ryan Perry","WSN",4,4,,4.246395636186487,46,6,,,,76.30000305175781,,78,39,36,7,29,2,4,51,6.01572715126419,3.420707595816892,1.7586206896551724,0.8256880403695946,,,,,1.4023590526912164,,0.6995884773662551,,,4.247794119674982,-0.056150332598664754,,,,,,,,,278.72002258300785,3.652949035846554,293.50001525878906,3.8466579753567567,,,,,,,,,,,,,,,,,,,"Ryan Perry","8799",543634
"Alfredo Aceves","BOS",6,4,,4.246395636186487,51,3,,,,76.30000305175781,,75,39,36,8,29,1,7,60,7.077326060310812,3.420707595816892,2.0689655172413794,0.9436434747081082,,,,,1.3630405745783785,,0.7004310344827587,,,4.300218757158765,-0.056150332598664754,,,,,,,,,283.2200225830079,3.7119267530158115,289.50001525878906,3.794233337872973,,,,,,,,,,,,,,,,,,,"Alfredo Aceves","5164",469686
"Jeff Manship","COL",3,5,,6.605504322956757,27,11,,,,76.30000305175781,,100,60,56,13,36,1,4,43,5.0720836765560815,4.246395636186487,1.1944444444444444,1.5334206464006759,,,,,1.7824376744486488,,0.6451612903225806,,,5.755002447333766,-0.056150332598664754,,,,,,,,,110.7200225830079,1.451114261527636,178.50001525878906,2.3394496476979727,,,,,,,,,,,,,,,,,,,"Jeff Manship","6865",453249
"Dallas Braden","OAK",5,5,,4.224250494020723,12,12,,,,76.69999694824219,,80,39,36,8,19,0,2,45,5.280313117525903,2.229465538510937,2.3684210526315788,0.9387223320046051,,,,,1.290743206506332,,0.683371298405467,,,4.098363477869997,-0.05644469419010267,,,,,,,,,288.1799774169922,3.757235839415463,306.49998474121094,3.9960886171617416,,,,,,,,,,,,,,,,,,,"Dallas Braden","8099",460284
"Chase Whitley","NYY",4,8,,6.45371603253166,43,2,,,,76.69999694824219,,90,59,55,16,39,1,5,49,5.749674283528206,4.57627136852245,1.2564102564102564,1.8774446640092102,,,,,1.6818775115082507,,0.6566604127579738,,,6.2496021553805505,-0.05644469419010267,,,,,,,,,102.77997741699215,1.3400258345036045,141.49998474121094,1.8448499396511884,,,,,,,,,,,,,,,,,,,"Chase Whitley","10982",595032
"Matt Maloney","MIN",4,6,,5.6103896103896105,21,13,,,,77,,96,51,48,12,19,2,5,42,4.909090909090909,2.220779220779221,2.210526315789474,1.4025974025974026,,,,,1.4935064935064934,,0.6517311608961304,,,4.964581965161608,-0.056665470998268574,,,,,,,,,184.60000000000002,2.3974025974025976,241,3.1298701298701297,,,,,,,,,,,,,,,,,,,"Matt Maloney","9920",476011
"Kelvin Herrera","KCR",5,3,,3.725743708019826,66,0,,,,77.30000305175781,,75,34,32,8,21,4,3,70,8.150064361293369,2.4450193083880105,3.3333333333333335,0.9314359270049565,,,,,1.2419145693399418,,0.7311320754716981,,,3.560170058534217,-0.056886247806434476,,,,,,,,,346.6200225830079,4.484088084070596,350.50001525878906,4.534282036497522,,,,,,,,,,,,,,,,,,,"Kelvin Herrera","6033",516969
"Doug Davis","KCR",4,7,,5.538461538461538,15,14,,,,78,,90,51,48,10,37,0,5,46,5.3076923076923075,4.269230769230769,1.2432432432432432,1.1538461538461537,,,,,1.6282051282051282,,0.672566371681416,,,5.1970161975958415,-0.057401386206038296,,,,,,,,,186.20000000000005,2.3871794871794876,226,2.8974358974358974,,,,,,,,,,,,,,,,,,,"Doug Davis","1244",150277
"Daniel Cabrera","ARI",4,6,,5.747126212786241,17,15,,,,78.30000305175781,,91,54,50,11,40,1,6,42,4.827586018740442,4.597700970228993,1.05,1.2643677668129731,,,,,1.6730522974999946,,0.6660899653979239,,,5.610416237073715,-0.0576221630142042,,,,,,,,,153.52002258300783,1.9606643243874222,194.50001525878906,2.4840358579580233,,,,,,,,,,,,,,,,,,,"Daniel Cabrera","1931",425555
"Josh Butler","MIL",3,6,,6.551723882576315,20,16,,,,78.30000305175781,,97,61,57,14,44,1,5,45,5.172413591507617,5.0574710672518925,1.0227272727272727,1.6091953395801475,,,,,1.800766213339689,,0.6589785831960461,,,6.1468146836004305,-0.0576221630142042,,,,,,,,,98.02002258300777,1.2518520914771185,152.50001525878906,1.9476374114313075,,,,,,,,,,,,,,,,,,,"Josh Butler","1141",453332
"Nick Maronde","LAA",4,4,,4.231258105626112,24,15,,,,78.69999694824219,,81,40,37,8,27,0,5,54,6.175349667670541,3.0876748338352704,2,0.9148666174326727,,,,,1.3722999261490092,,0.7024793388429752,,,4.263448328417931,-0.05791652460564212,,,,,,,,,285.37997741699223,3.6261752030902255,301.49998474121094,3.831003766613807,,,,,,,,,,,,,,,,,,,"Nick Maronde","12530",543488
"Alex Sanabia",,4,7,,5.489199704596037,17,16,,,,78.69999694824219,,92,51,48,13,25,1,4,44,5.0317663958797,2.8589581794771024,1.76,1.4866582533280932,,,,,1.4866582533280932,,0.6680161943319838,,,5.229140869041308,-0.05791652460564212,,,,,,,,,184.27997741699224,2.341549994445181,225.49998474121094,2.86531122599043,,,,,,,,,,,,,,,,,,,"Alex Sanabia","5350",502253
"Andrew Brackman","CHW",3,8,,7.204574612282298,32,13,,,,78.69999694824219,,96,67,63,15,66,1,5,47,5.374841377416953,7.547649593819551,0.7121212121212122,1.7153749076862614,,,,,2.058449889223514,,0.6737588652482269,,,7.084287065502005,-0.05791652460564212,,,,,,,,,29.27997741699221,0.37204547080539874,79.49998474121094,1.0101650295297326,,,,,,,,,,,,,,,,,,,"Andrew Brackman","2365",457581
"Tyler Clippard","WSN",6,3,,2.962025316455696,74,0,,,,79,,60,28,26,8,30,2,1,95,10.822784810126583,3.4177215189873418,3.1666666666666665,0.9113924050632911,,,,,1.139240506329114,,0.7868020304568528,,,3.1830596899684473,-0.05813730141380802,,,,,,,,,427.20000000000005,5.407594936708861,388,4.9113924050632916,,,,,,,,,,,,,,,,,,,"Tyler Clippard","5640",461325
"Alberto Cabrera","CHC",3,4,,4.199243217968811,72,0,,,,79.30000305175781,,73,40,37,9,39,1,4,83,9.419923975443549,4.4262293378590165,2.128205128205128,1.021437539505927,,,,,1.4123580793168373,,0.7243460764587525,,,4.103279294543765,-0.05835807822197392,,,,,,,,,323.32002258300776,4.077175411607262,316.50001525878906,3.9911728004879734,,,,,,,,,,,,,,,,,,,"Alberto Cabrera","8352",501227
"Frank De Los Santos","TBR",4,6,,4.880201577639429,46,4,,,,79.30000305175781,,87,46,43,8,35,3,5,38,4.312736277913914,3.9722570980786047,1.0857142857142856,0.907944479560824,,,,,1.5384614792558406,,0.6859205776173285,,,4.960782414128988,-0.05835807822197392,,,,,,,,,218.22002258300782,2.751828678248337,248.50001525878906,3.133669680902751,,,,,,,,,,,,,,,,,,,"Frank De Los Santos","sa393084",501679
"Junichi Tazawa","BOS",4,3,,4.05,61,0,,,,80,,79,39,36,8,30,0,5,74,8.325,3.375,2.466666666666667,0.9,,,,,1.3625,,0.7157464212678937,,,3.8569520950317386,-0.05887321662157774,,,,,,,,,331.20000000000005,4.140000000000001,339,4.2375,,,,,,,,,,,,,,,,,,,"Junichi Tazawa","4079",547749
"Esmil Rogers","TOR",3,3,,4.275,67,0,,,,80,,79,41,38,9,31,2,5,79,8.8875,3.4875,2.5483870967741935,1.0125,,,,,1.375,,0.7084188911704312,,,3.9319520950317384,-0.05887321662157774,,,,,,,,,325.9,4.0737499999999995,333,4.1625,,,,,,,,,,,,,,,,,,,"Esmil Rogers","6317",469134
"Chase Anderson","ARI",4,5,,4.95,19,15,,,,80,,87,47,44,12,27,1,6,56,6.3,3.0375,2.074074074074074,1.35,,,,,1.425,,0.6893004115226338,,,4.881952095031739,-0.05887321662157774,,,,,,,,,231.19999999999996,2.8899999999999997,257,3.2125,,,,,,,,,,,,,,,,,,,"Chase Anderson","6895",502624
"Fernando Nieve","CLE",4,7,,5.603984843063455,24,14,,,,80.30000305175781,,93,54,50,13,32,1,5,55,6.164383327369801,3.5865502995606113,1.71875,1.4570360591964984,,,,,1.5566624564065155,,0.6647940074906368,,,5.211513035744599,-0.05909399342974364,,,,,,,,,191.5200225830078,2.3850562304407696,231.50001525878906,2.882939059287139,,,,,,,,,,,,,,,,,,,"Fernando Nieve","2173",430588
"Esmerling Vasquez","MIN",4,7,,5.491905146202186,45,6,,,,80.30000305175781,,85,52,49,10,53,2,7,56,6.27646302423107,5.940223933647263,1.0566037735849056,1.120796968612691,,,,,1.718555351872793,,0.6935483870967742,,,5.5602054259796585,-0.05909399342974364,,,,,,,,,182.2200225830078,2.2692405436841248,203.50001525878906,2.5342466690520795,,,,,,,,,,,,,,,,,,,"Esmerling Vasquez","5280",458220
"Nick Bucci","MIL",4,7,,6.052303630508532,17,17,,,,80.30000305175781,,92,58,54,15,42,0,6,60,6.724781811676147,4.707347268173303,1.4285714285714286,1.6811954529190367,,,,,1.6687421532677844,,0.672566371681416,,,5.821724718655954,-0.05909399342974364,,,,,,,,,146.52002258300777,1.824657746134424,182.50001525878906,2.272727376375785,,,,,,,,,,,,,,,,,,,"Nick Bucci","sa455372",542984
"Starling Peralta","ARI",4,8,,6.5006224179536085,18,16,,,,80.30000305175781,,94,62,58,17,47,0,6,55,6.164383327369801,5.267745752479648,1.1702127659574468,1.9053548466415748,,,,,1.7559152508265494,,0.674061433447099,,,6.456843000869812,-0.05909399342974364,,,,,,,,,91.72002258300776,1.1422169252458074,131.50001525878906,1.6376090941619268,,,,,,,,,,,,,,,,,,,"Starling Peralta","sa508753",542225
"Bryan Morris","PIT",2,2,,4.795539214805753,51,0,,,,80.69999694824219,,89,46,43,10,26,0,6,57,6.356877563812277,2.899628362440688,2.1923076923076925,1.115241677861803,,,,,1.425031032823415,,0.6831683168316832,,,4.48230840525976,-0.05938835502118156,,,,,,,,,260.7799774169922,3.23147443963655,291.49998474121094,3.6121436897719783,,,,,,,,,,,,,,,,,,,"Bryan Morris","10234",457768
"Danny Duffy","KCR",4,5,,4.777777777777778,16,16,,,,81,,83,46,43,12,36,1,3,71,7.888888888888889,4,1.9722222222222223,1.3333333333333333,,,,,1.4691358024691359,,0.7142857142857143,,,4.7117360456490225,-0.05960913182934746,,,,,,,,,260.99999999999994,3.2222222222222214,274,3.382716049382716,,,,,,,,,,,,,,,,,,,"Danny Duffy","3542",518633
"Kyle Gibson","MIN",4,6,,5.20295183421711,16,16,,,,81.30000305175781,,93,50,47,11,30,1,5,53,5.86715845135121,3.321033085670496,1.7666666666666666,1.2177121314125152,,,,,1.5129150723610039,,0.6784386617100372,,,4.841069495643629,-0.05982990863751336,,,,,,,,,225.52002258300786,2.773923912886395,264.50001525878906,3.2533825993881096,,,,,,,,,,,,,,,,,,,"Kyle Gibson","10123",502043
"Héctor Santiago","CHW",3,3,,4.428044114227328,45,7,,,,81.30000305175781,,71,43,40,12,50,1,8,88,9.741697051300122,5.53505514278416,1.76,1.3284132342681985,,,,,1.488314827281963,,0.7485604606525912,,,4.988670966117873,-0.05982990863751336,,,,,,,,,271.42002258300784,3.3384995374503785,252.50001525878906,3.1057811289138653,,,,,,,,,,,,,,,,,,,"Hector Santiago","4026",502327
"Joel Pineiro","BAL",4,4,,4.9571605278831505,15,14,,,,81.69999694824219,,95,48,45,11,20,2,2,42,4.626683159357607,2.203182456836956,2.1,1.2117503512603256,,,,,1.407588791868055,,0.6726907630522089,,,4.624439912279624,-0.06012427022895128,,,,,,,,,240.27997741699215,2.9410035054127612,283.49998474121094,3.470012182752114,,,,,,,,,,,,,,,,,,,"Joel Pineiro","1094",334492
"Brett Tomko","ARI",4,6,,5.728274387776085,18,14,,,,81.69999694824219,,94,56,52,12,44,1,5,48,5.287637896408693,4.847001405041302,1.0909090909090908,1.3219094741021733,,,,,1.689106550241666,,0.6765676567656765,,,5.628111920394238,-0.06012427022895128,,,,,,,,,161.57997741699214,1.9777231756734919,201.49998474121094,2.466340174637501,,,,,,,,,,,,,,,,,,,"Brett Tomko","1056",123387
"Jo-Jo Reyes","LAA",4,7,,5.158536585365853,21,14,,,,82,,93,50,47,12,28,0,5,51,5.597560975609756,3.073170731707317,1.8214285714285714,1.3170731707317074,,,,,1.475609756097561,,0.6813819577735124,,,4.960305753568324,-0.06034504703711718,,,,,,,,,220.40000000000003,2.687804878048781,257,3.1341463414634148,,,,,,,,,,,,,,,,,,,"Jo-Jo Reyes","5559",457456
"Drew Naylor","BOS",5,7,,5.441354493418332,16,13,,,,82.69999694824219,,100,54,50,11,26,2,5,44,4.788391954208133,2.829504336577533,1.6923076923076923,1.1970979885520332,,,,,1.523579258157133,,0.650994575045208,,,4.884053128422657,-0.060860185436721004,,,,,,,,,211.67997741699224,2.5596128806325376,265.49998474121094,3.2103989666090818,,,,,,,,,,,,,,,,,,,"Drew Naylor","sa293986",463752
"Nate Karns","WSN",5,7,,5.114873223813232,20,16,,,,82.69999694824219,,75,50,47,14,59,0,6,80,8.706167189469332,6.420798302233632,1.3559322033898304,1.523579258157133,,,,,1.6203144491512367,,0.7342657342657343,,,5.718394150746801,-0.060860185436721004,,,,,,,,,209.7799774169922,2.5366382727714374,196.49998474121094,2.3760579442849377,,,,,,,,,,,,,,,,,,,"Nate Karns","12638",501992
"Craig Stammen","WSN",4,2,,3.2412963998601247,57,0,,,,83.30000305175781,,70,32,30,8,35,4,2,83,8.967586706279679,3.7815124665034787,2.3714285714285714,0.8643457066293666,,,,,1.2605041555011596,,0.7782515991471216,,,3.6826873675989464,-0.061301739053052806,,,,,,,,,391.02002258300786,4.6941177461908445,367.50001525878906,4.411764727432792,,,,,,,,,,,,,,,,,,,"Craig Stammen","7274",489334
"Brett Anderson","OAK",5,5,,3.9975988931608204,15,15,,,,83.30000305175781,,86,40,37,8,20,1,5,57,6.158463159734237,2.1608642665734163,2.85,0.8643457066293666,,,,,1.272508956982123,,0.6962025316455697,,,3.874764191294361,-0.061301739053052806,,,,,,,,,333.42002258300784,4.002641180887351,351.50001525878906,4.219687903737378,,,,,,,,,,,,,,,,,,,"Brett Anderson","8223",474463
"Everett Teaford","KCR",4,6,,5.078031026447529,30,10,,,,83.30000305175781,,91,50,47,13,32,1,4,55,5.9423767330768955,3.4573828265174664,1.71875,1.4045617732727207,,,,,1.4765905821585013,,0.6965648854961832,,,5.099253942352631,-0.061301739053052806,,,,,,,,,221.92002258300786,2.6641058157599296,249.50001525878906,2.995198152679108,,,,,,,,,,,,,,,,,,,"Everett Teaford","3732",501870
"Chorye Spoone","TOR",3,7,,6.806722439706262,33,11,,,,83.30000305175781,,105,67,63,11,66,1,5,41,4.429771746475504,7.130852079692274,0.6212121212121212,1.188475346615379,,,,,2.0528210532447457,,0.6683804627249358,,,6.383767700815717,-0.061301739053052806,,,,,,,,,77.12002258300782,0.9258105613164251,142.50001525878906,1.7106843942160215,,,,,,,,,,,,,,,,,,,"Chorye Spoone","sa291699",461870
"Brandon Duckworth","BOS",4,6,,5.892857142857143,19,15,,,,84,,100,59,55,13,44,1,6,46,4.928571428571429,4.714285714285714,1.0454545454545454,1.3928571428571428,,,,,1.7142857142857142,,0.6756756756756757,,,5.796833047412691,-0.06181687745265663,,,,,,,,,143.70000000000005,1.7107142857142863,193,2.2976190476190474,,,,,,,,,,,,,,,,,,,"Brandon Duckworth","954",346855
"Sergio Perez","HOU",3,7,,6.192170594341578,29,12,,,,84.30000305175781,,101,62,58,13,48,2,5,50,5.338078098570326,5.124554974627513,1.0416666666666667,1.3879003056282846,,,,,1.767496970415508,,0.665137614678899,,,5.799078331640704,-0.06203765426082253,,,,,,,,,142.3200225830078,1.6882564345297515,193.50001525878906,2.295373763391035,,,,,,,,,,,,,,,,,,,"Sergio Perez","sa326541",503941
"Jon Garland","SEA",4,6,,4.462810078151305,14,14,,,,84.69999694824219,,86,45,42,10,34,3,3,49,5.206611757843189,3.6127510156462943,1.4411764705882353,1.062573828131263,,,,,1.4167651041750173,,0.7075471698113207,,,4.782763844173634,-0.06233201585226045,,,,,,,,,267.1799774169922,3.154427237822198,280.49998474121094,3.3116882508581043,,,,,,,,,,,,,,,,,,,"Jon Garland","232",279782
"Chris Withrow","LAD",3,6,,5.08235294117647,24,15,,,,85,,81,51,48,9,64,1,5,72,7.623529411764705,6.776470588235294,1.125,0.9529411764705882,,,,,1.7058823529411764,,0.7099697885196374,,,5.212099153855268,-0.06255279266042635,,,,,,,,,244.70000000000002,2.878823529411765,245,2.8823529411764706,,,,,,,,,,,,,,,,,,,"Chris Withrow","7161",519437
"Tim Corcoran","LAD",5,7,,4.604651162790698,18,13,,,,86,,92,47,44,10,30,2,5,57,5.965116279069767,3.13953488372093,1.9,1.0465116279069768,,,,,1.4186046511627908,,0.6944444444444444,,,4.501428839217785,-0.06328870786819607,,,,,,,,,283.19999999999993,3.2930232558139525,309,3.5930232558139537,,,,,,,,,,,,,,,,,,,"Tim Corcoran","2351",434898
"Erik Bedard","HOU",5,8,,5.127906976744186,17,17,,,,86,,92,52,49,12,39,1,2,77,8.05813953488372,4.0813953488372094,1.9743589743589745,1.255813953488372,,,,,1.5232558139534884,,0.691768826619965,,,4.547940467124762,-0.06328870786819607,,,,,,,,,280.5999999999999,3.2627906976744177,305,3.546511627906977,,,,,,,,,,,,,,,,,,,"Erik Bedard","126",407853
"Derek Hankins","TEX",5,8,,6.383720930232558,32,11,,,,86,,105,65,61,17,41,2,6,40,4.186046511627907,4.290697674418604,0.975609756097561,1.7790697674418605,,,,,1.697674418604651,,0.662847790507365,,,6.3735218624735985,-0.06328870786819607,,,,,,,,,93.29999999999995,1.084883720930232,148,1.7209302325581395,,,,,,,,,,,,,,,,,,,"Derek Hankins","sa254024",458534
"Chris Narveson","MIL",5,6,,4.862068965517241,18,15,,,,87,,92,50,47,12,33,1,1,72,7.448275862068965,3.413793103448276,2.1818181818181817,1.2413793103448276,,,,,1.4367816091954022,,0.6931608133086876,,,4.404796922617946,-0.06402462307596579,,,,,,,,,299,3.4367816091954024,321,3.689655172413793,,,,,,,,,,,,,,,,,,,"Chris Narveson","2141",429780
"Danny Salazar","CLE",3,5,,4.862068965517241,20,20,,,,87,,93,50,47,10,36,0,4,62,6.413793103448276,3.7241379310344827,1.7222222222222223,1.0344827586206897,,,,,1.4827586206896552,,0.6869565217391305,,,4.542727957100704,-0.06402462307596579,,,,,,,,,283.00000000000006,3.2528735632183916,309,3.5517241379310347,,,,,,,,,,,,,,,,,,,"Danny Salazar","5867",517593
"Mike MacDonald","BOS",4,5,,5.482758620689655,20,15,,,,87,,110,57,53,10,26,1,5,36,3.7241379310344827,2.689655172413793,1.3846153846153846,1.0344827586206897,,,,,1.5632183908045978,,0.6475409836065574,,,4.830084278939784,-0.06402462307596579,,,,,,,,,213.80000000000007,2.457471264367817,284,3.264367816091954,,,,,,,,,,,,,,,,,,,"Mike MacDonald","sa253784",453973
"Yoervis Medina","SEA",3,9,,5.896551724137931,37,10,,,,87,,97,61,57,14,53,2,6,55,5.689655172413793,5.482758620689655,1.0377358490566038,1.4482758620689655,,,,,1.7241379310344827,,0.6825153374233128,,,5.95652106054898,-0.06402462307596579,,,,,,,,,152.4,1.7517241379310347,186,2.1379310344827585,,,,,,,,,,,,,,,,,,,"Yoervis Medina","10498",500721
"Armando Galarraga","CIN",4,7,,6.206896551724138,17,17,,,,87,,97,64,60,20,45,2,4,57,5.896551724137931,4.655172413793103,1.2666666666666666,2.0689655172413794,,,,,1.632183908045977,,0.6842105263157895,,,6.462268186985762,-0.06402462307596579,,,,,,,,,112.60000000000005,1.294252873563219,142,1.632183908045977,,,,,,,,,,,,,,,,,,,"Armando Galarraga","4222",451482
"Daisuke Matsuzaka","CLE",4,7,,5.463917334770304,18,18,,,,87.30000305175781,,94,57,53,14,41,0,5,69,7.113401813191529,4.226803975954387,1.6829268292682926,1.443298918618571,,,,,1.5463916985198976,,0.6759098786828422,,,5.179217199703007,-0.0642453998841317,,,,,,,,,229.4200225830078,2.6279497659008197,254.50001525878906,2.9152348953287306,,,,,,,,,,,,,,,,,,,"Daisuke Matsuzaka","7775",493137
"Kevin Siegrist","STL",4,7,,5.567010114671631,20,17,,,,87.30000305175781,,96,58,54,11,52,0,6,54,5.567010114671631,5.360824554868978,1.0384615384615385,1.1340205789145914,,,,,1.6953034917107024,,0.6787330316742082,,,5.488495539406987,-0.0642453998841317,,,,,,,,,195.12002258300782,2.2350517269435426,227.50001525878906,2.605956555624751,,,,,,,,,,,,,,,,,,,"Kevin Siegrist","8180",543779
"Joe Wieland","SDP",6,5,,3.591790318828668,16,15,,,,87.69999694824219,,85,37,35,9,21,1,4,71,7.286203218195298,2.1550741912972007,3.380952380952381,0.9236032248416575,,,,,1.2086659485582183,,0.7387580299785866,,,3.66457754246486,-0.06453976147556961,,,,,,,,,384.2799774169922,4.381755881289053,388.49998474121094,4.429874552566878,,,,,,,,,,,,,,,,,,,"Joe Wieland","6109",543921
"Scott Barnes","CLE",4,6,,5.028506446360135,33,12,,,,87.69999694824219,,91,52,49,11,45,1,6,73,7.491448379271222,4.618016124208287,1.6222222222222222,1.1288483859175813,,,,,1.5507412170180914,,0.6965174129353234,,,4.804828437331104,-0.06453976147556961,,,,,,,,,270.0799774169923,3.0795893593518033,288.49998474121094,3.2896236577006346,,,,,,,,,,,,,,,,,,,"Scott Barnes","8718",488683
"Travis Blackley","OAK",4,5,,4.3977272727272725,26,13,,,,88,,88,46,43,9,34,0,3,61,6.238636363636363,3.477272727272727,1.7941176470588236,0.9204545454545454,,,,,1.3863636363636365,,0.6946983546617915,,,4.298997549577193,-0.06476053828373551,,,,,,,,,322.7,3.6670454545454545,334,3.7954545454545454,,,,,,,,,,,,,,,,,,,"Travis Blackley","3234",429715
"Jesse Chavez","OAK",4,7,,5.215909090909091,41,9,,,,88,,98,55,51,13,31,2,6,62,6.340909090909091,3.1704545454545454,2,1.3295454545454546,,,,,1.4659090909090908,,0.6678700361010831,,,4.867179367759011,-0.06476053828373551,,,,,,,,,249.50000000000006,2.8352272727272734,284,3.227272727272727,,,,,,,,,,,,,,,,,,,"Jesse Chavez","5448",445926
"Alex Wilson","BOS",5,5,,5.09626256452368,34,11,,,,88.30000305175781,,97,54,50,10,49,1,6,59,6.013589826137942,4.994337313233206,1.2040816326530612,1.0192525129047358,,,,,1.6534540764899048,,0.696969696969697,,,5.098982037077719,-0.06498131509190141,,,,,,,,,231.22002258300782,2.618573211684672,264.50001525878906,2.9954700579540194,,,,,,,,,,,,,,,,,,,"Alex Wilson","9239",543935
"Doug Mathis",,3,7,,5.911664574847468,20,16,,,,88.30000305175781,,108,62,58,12,46,0,5,44,4.484711056780838,4.688561559361785,0.9565217391304348,1.223103015485683,,,,,1.7440542998592148,,0.6705539358600584,,,5.597283265608923,-0.06498131509190141,,,,,,,,,160.0200225830078,1.8122312236978144,220.50001525878906,2.497168829422815,,,,,,,,,,,,,,,,,,,"Doug Mathis","3944",450545
"Trey McNutt","CHC",4,10,,6.217440328718889,29,18,,,,88.30000305175781,,107,65,61,13,53,0,6,52,5.300113067104626,5.402038318395101,0.9811320754716981,1.3250282667761566,,,,,1.8120044673861972,,0.6699576868829337,,,5.835108851953361,-0.06498131509190141,,,,,,,,,142.32002258300787,1.611778229493217,199.50001525878906,2.259343243078377,,,,,,,,,,,,,,,,,,,"Trey McNutt","sa502768",571939
"Felipe Paulino","KCR",4,5,,4.464487188551676,15,15,,,,88.69999694824219,,91,47,44,10,36,2,4,83,8.421646287495207,3.652762245178644,2.3055555555555554,1.01465617921629,,,,,1.4317926084496537,,0.7079646017699115,,,4.041464528966943,-0.06527567668333933,,,,,,,,,342.7799774169922,3.864486913308572,359.49998474121094,4.052987566064796,,,,,,,,,,,,,,,,,,,"Felipe Paulino","3777",462956
"Kevin Slowey",,4,6,,4.768884042316563,18,16,,,,88.69999694824219,,99,50,47,12,20,0,4,59,5.986471457376111,2.02931235843258,2.95,1.217587415059548,,,,,1.3416009480748723,,0.675146771037182,,,4.334587425184981,-0.06527567668333933,,,,,,,,,297.3799774169922,3.3526492406816875,333.49998474121094,3.7598646698467566,,,,,,,,,,,,,,,,,,,"Kevin Slowey","9918",458713
"Steve Garrison","ARI",4,8,,6.977528089887641,20,17,,,,89,,119,74,69,20,29,1,6,34,3.438202247191011,2.932584269662921,1.1724137931034482,2.0224719101123596,,,,,1.6629213483146068,,0.6166666666666667,,,6.431530746717131,-0.06549645349150524,,,,,,,,,66.19999999999999,0.743820224719101,148,1.6629213483146068,,,,,,,,,,,,,,,,,,,"Steve Garrison","9869",477237
"Garrett Olson","OAK",3,7,,6.020067094445784,33,15,,,,89.69999694824219,,106,64,60,11,56,2,6,58,5.819398191297591,5.618729288149398,1.0357142857142858,1.1036789673150604,,,,,1.8060201283337352,,0.6684856753069577,,,5.469034115618687,-0.06601159189110906,,,,,,,,,182.87997741699218,2.038795804224116,235.49998474121094,2.625417979413052,,,,,,,,,,,,,,,,,,,"Garrett Olson","9889",457796
"Eric Smith","ARI",4,7,,5.8,37,11,,,,90,,104,62,58,8,67,1,6,46,4.6,6.7,0.6865671641791045,0.8,,,,,1.9,,0.6821026282853566,,,5.661118761698406,-0.06623236869927496,,,,,,,,,170.2,1.891111111111111,219,2.433333333333333,,,,,,,,,,,,,,,,,,,"Eric Smith","sa500819",572144
"Seth McClung","CHC",4,8,,5.8,20,16,,,,90,,102,62,58,10,63,2,6,52,5.2,6.3,0.8253968253968254,1,,,,,1.8333333333333333,,0.6821192052980133,,,5.683340983920628,-0.06623236869927496,,,,,,,,,174.8,1.9422222222222223,217,2.411111111111111,,,,,,,,,,,,,,,,,,,"Seth McClung","1657",425528
"Ben Snyder","TEX",4,6,,6.1,41,8,,,,90,,107,65,61,17,38,1,6,47,4.7,3.8,1.236842105263158,1.7,,,,,1.6111111111111112,,0.6600660066006601,,,5.972229872809516,-0.06623236869927496,,,,,,,,,140.7,1.5633333333333332,191,2.1222222222222222,,,,,,,,,,,,,,,,,,,"Ben Snyder","sa326705",458076
"Andy Pettitte","NYY",6,5,,4.086378599439227,16,16,,,,90.30000305175781,,90,44,41,10,27,1,1,73,7.275747262416185,2.691029809386808,2.7037037037037037,0.9966777071802992,,,,,1.295681019334389,,0.7087378640776699,,,3.847497473790187,-0.06645314550744086,,,,,,,,,373.2200225830078,4.133111959797908,383.50001525878906,4.246954621241552,,,,,,,,,,,,,,,,,,,"Andy Pettitte","840",120485
"Juan Nicasio","COL",5,4,,4.485049682311346,16,16,,,,90.30000305175781,,97,48,45,11,27,2,2,80,7.973421657442394,2.691029809386808,2.962962962962963,1.0963454778983293,,,,,1.3732003965595234,,0.6998158379373849,,,3.8696458672830825,-0.06645314550744086,,,,,,,,,353.7200225830077,3.917165123242175,381.50001525878906,4.224806227748656,,,,,,,,,,,,,,,,,,,"Juan Nicasio","7731",504379
"Rich Harden","MIN",4,5,,4.983388535901496,18,17,,,,90.30000305175781,,92,54,50,16,39,0,3,94,9.368770447494812,3.887043058003167,2.41025641025641,1.5946843314884789,,,,,1.4507197737846578,,0.70902394106814,,,4.7112848200131126,-0.06645314550744086,,,,,,,,,294.2200225830077,3.258250416828533,305.50001525878906,3.383167275018626,,,,,,,,,,,,,,,,,,,"Rich Harden","1772",425848
"Jason Berken","CHC",3,5,,4.883720765183466,35,12,,,,90.30000305175781,,100,52,49,11,39,1,5,61,6.0797340137998255,3.887043058003167,1.564102564102564,1.0963454778983293,,,,,1.53931334775624,,0.7038834951456311,,,4.788804197238247,-0.06645314550744086,,,,,,,,,262.9200225830077,2.9116280586647183,298.50001525878906,3.305647897793491,,,,,,,,,,,,,,,,,,,"Jason Berken","5673",460072
"Duane Below","DET",4,7,,5.780730701645735,29,14,,,,90.30000305175781,,111,62,58,14,34,1,4,51,5.083056306619526,3.3887042044130173,1.5,1.3953487900524189,,,,,1.6057585282349265,,0.6618819776714513,,,5.242846263842606,-0.06645314550744086,,,,,,,,,195.42002258300772,2.1641197782794936,257.50001525878906,2.851605831189133,,,,,,,,,,,,,,,,,,,"Duane Below","3124",502102
"Nelson Figueroa","ARI",5,9,,6.1794017845178555,20,14,,,,90.30000305175781,,109,66,62,14,43,0,6,45,4.485049682311346,4.285714140875287,1.0465116279069768,1.3953487900524189,,,,,1.6832779054600608,,0.6495468277945619,,,5.741185117432755,-0.06645314550744086,,,,,,,,,155.6200225830077,1.7233667477708723,212.50001525878906,2.353266977598983,,,,,,,,,,,,,,,,,,,"Nelson Figueroa","683",150153
"Roman Mendez","TEX",5,7,,6.1521501518729025,25,17,,,,90.69999694824219,,109,66,62,16,47,1,7,61,6.052921923616888,4.663726728032684,1.297872340425532,1.587651652096233,,,,,1.7199559564375857,,0.6736526946107785,,,5.828741051419695,-0.06674750709887878,,,,,,,,,150.97997741699214,1.6646084068023579,205.49998474121094,2.2657110436120433,,,,,,,,,,,,,,,,,,,"Roman Mendez","10307",542669
"David Bromberg","PIT",3,5,,4.945054945054945,26,14,,,,91,,98,54,50,9,45,1,5,58,5.736263736263736,4.450549450549451,1.288888888888889,0.8901098901098901,,,,,1.5714285714285714,,0.6825153374233128,,,4.753792754372398,-0.06696828390704468,,,,,,,,,273.8999999999999,3.009890109890109,304,3.340659340659341,,,,,,,,,,,,,,,,,,,"David Bromberg","sa326256",488735
"Kyle Lotzkar","CIN",4,7,,6.210295520785127,20,20,,,,91.30000305175781,,97,67,63,18,62,1,6,76,7.49178507269317,6.111719401407585,1.2258064516129032,1.7743701487957506,,,,,1.74151144233657,,0.6875934230194319,,,6.2269821108069525,-0.06718906071521058,,,,,,,,,150.0200225830079,1.6431546283515652,170.50001525878906,1.867469984224786,,,,,,,,,,,,,,,,,,,"Kyle Lotzkar","sa389930",518952
"Chris Carpenter","STL",5,3,,3.729553013977018,13,13,,,,91.69999694824219,,93,41,38,7,21,2,3,73,7.164667632113745,2.061068770882036,3.4761904761904763,0.6870229236273454,,,,,1.2431843379923393,,0.7005758157389635,,,3.279839233153403,-0.0674834223066485,,,,,,,,,424.67997741699213,4.631188566524079,441.49998474121094,4.814612861878335,,,,,,,,,,,,,,,,,,,"Chris Carpenter","1292",112020
"Samuel Deduno","MIN",4,6,,5.2017449931784725,26,17,,,,91.69999694824219,,95,57,53,11,62,1,6,69,6.772083104326691,6.085060180699345,1.1129032258064515,1.0796074514143998,,,,,1.7121047461824321,,0.7062146892655368,,,5.3736233813510275,-0.0674834223066485,,,,,,,,,230.27997741699215,2.5112321164739844,249.49998474121094,2.7208287136807114,,,,,,,,,,,,,,,,,,,"Samuel Deduno","5285",465679
"Scott Elarton","MIN",5,9,,5.594329520965527,22,22,,,,91.69999694824219,,105,61,57,12,41,1,8,37,3.6314068820302543,4.023991409817309,0.9024390243902439,1.1777535833611636,,,,,1.5921483626919433,,0.6578947368421053,,,5.5917258967882795,-0.0674834223066485,,,,,,,,,184.97997741699214,2.0172299190086074,229.49998474121094,2.5027261982434585,,,,,,,,,,,,,,,,,,,"Scott Elarton","426",134003
"Edwin Escobar","SFG",4,9,,5.986914048752581,20,19,,,,91.69999694824219,,108,65,61,18,39,0,7,60,5.888767916805818,3.8276991459237815,1.5384615384615385,1.7666303750417454,,,,,1.603053488463806,,0.6732348111658457,,,5.84254378954112,-0.0674834223066485,,,,,,,,,158.37997741699218,1.727153573477062,206.49998474121094,2.2519083054906184,,,,,,,,,,,,,,,,,,,"Edwin Escobar","10337",546276
"Ryan Rowland-Smith","CHC",3,8,,6.260869565217392,27,15,,,,92,,115,68,64,15,47,1,6,57,5.576086956521739,4.5978260869565215,1.2127659574468086,1.4673913043478262,,,,,1.7608695652173914,,0.6666666666666666,,,5.7031477472056515,-0.0677041991148144,,,,,,,,,152.30000000000007,1.6554347826086964,220,2.391304347826087,,,,,,,,,,,,,,,,,,,"Ryan Rowland-Smith","3245",434884
"Felipe Vázquez","TBR",5,7,,4.7572817100115605,23,18,,,,92.69999694824219,,100,52,49,11,36,1,6,54,5.242718619196413,3.4951457461309423,1.5,1.0679612002066767,,,,,1.4670982144253337,,0.6965174129353234,,,4.8312374812264345,-0.06821933751441822,,,,,,,,,272.6799774169922,2.9415316763088937,302.49998474121094,3.2632146138053035,,,,,,,,,,,,,,,,,,,"Felipe Vazquez","12076",553878
"Chien-Ming Wang","WSN",4,7,,5.4368933828703545,20,17,,,,92.69999694824219,,114,60,56,14,27,1,5,44,4.271844800826707,2.6213593095982066,1.6296296296296295,1.3592233457175886,,,,,1.5210356487792063,,0.6672158154859966,,,5.144074600478896,-0.06821933751441822,,,,,,,,,209.37997741699218,2.258683757388867,273.49998474121094,2.9503774945528427,,,,,,,,,,,,,,,,,,,"Chien-Ming Wang","2074",425426
"Jeff Marquez","CIN",4,9,,6.504854583077031,21,18,,,,92.69999694824219,,113,72,67,17,46,1,5,45,4.368932182663678,4.466019564500648,0.9782608695652174,1.6504854912285005,,,,,1.7152104124531475,,0.643491124260355,,,6.1580983663317,-0.06821933751441822,,,,,,,,,120.07997741699222,1.2953611798287037,179.49998474121094,1.9363537287000383,,,,,,,,,,,,,,,,,,,"Jeff Marquez","7456",457812
"José Ramirez","NYY",5,10,,6.8932041104249135,21,19,,,,92.69999694824219,,112,76,71,21,52,1,6,61,5.922330292055207,5.048543855522472,1.1730769230769231,2.038835018576383,,,,,1.76914784680702,,0.6537890044576523,,,6.600385328033456,-0.06821933751441822,,,,,,,,,84.47997741699226,0.9113266472291313,138.49998474121094,1.4940667669982834,,,,,,,,,,,,,,,,,,,"Jose Ramirez","10171",542432
"Luis Avilán","ATL",4,6,,5.129032258064516,42,12,,,,93,,97,57,53,14,46,1,5,70,6.774193548387097,4.451612903225806,1.5217391304347827,1.3548387096774193,,,,,1.5376344086021505,,0.6969205834683955,,,5.1912262885801255,-0.06844011432258412,,,,,,,,,250.79999999999998,2.696774193548387,270,2.903225806451613,,,,,,,,,,,,,,,,,,,"Luis Avilan","2882",501593
"Luke Putkonen","DET",4,8,,6.483870967741935,31,12,,,,93,,120,72,67,15,45,1,6,42,4.064516129032258,4.354838709677419,0.9333333333333333,1.4516129032258065,,,,,1.7741935483870968,,0.6458333333333334,,,5.933161772451093,-0.06844011432258412,,,,,,,,,122.70000000000005,1.3193548387096778,201,2.161290322580645,,,,,,,,,,,,,,,,,,,"Luke Putkonen","6736",446367
"Clayton Tanner","SFG",4,7,,5.016077006346707,32,14,,,,93.30000305175781,,103,56,52,10,46,2,6,50,4.823150967641065,4.43729889022978,1.0869565217391304,0.964630193528213,,,,,1.5969988759522638,,0.6888888888888889,,,5.088021161656712,-0.06866089113075002,,,,,,,,,243.62002258300782,2.6111469947954937,280.50001525878906,3.0064309333750265,,,,,,,,,,,,,,,,,,,"Clayton Tanner","sa326678",502388
"Colby Lewis","TEX",7,4,,4.0212765957446805,15,15,,,,94,,91,45,42,14,22,0,4,82,7.851063829787234,2.106382978723404,3.727272727272727,1.3404255319148937,,,,,1.202127659574468,,0.728051391862955,,,4.115728690776419,-0.06917602953035384,,,,,,,,,372.79999999999995,3.96595744680851,374,3.978723404255319,,,,,,,,,,,,,,,,,,,"Colby Lewis","1259",407890
"Johan Santana","NYM",6,5,,4.008483433373058,16,16,,,,94.30000305175781,,92,45,42,11,29,1,0,77,7.348886294517273,2.7677623706623495,2.6551724137931036,1.0498408992167534,,,,,1.2831388768204763,,0.7196969696969697,,,3.900390563117327,-0.06939680633851975,,,,,,,,,390.3200225830078,4.1391305403116,395.50001525878906,4.194061531914412,,,,,,,,,,,,,,,,,,,"Johan Santana","755",276371
"Drew Carpenter","CHC",4,6,,4.9628842508428335,36,12,,,,94.30000305175781,,101,56,52,13,38,1,5,69,6.585365640541452,3.6267231063851475,1.8157894736842106,1.2407210627107084,,,,,1.4740190403144313,,0.6870860927152318,,,4.791164659422451,-0.06939680633851975,,,,,,,,,284.3200225830078,3.0150584664027527,311.50001525878906,3.303287435609288,,,,,,,,,,,,,,,,,,,"Drew Carpenter","9533",502165
"Austin Bibens-Dirkx","TOR",4,7,,6.203605313553542,32,13,,,,94.30000305175781,,112,70,65,18,42,2,6,57,5.440084659577722,4.008483433373058,1.3571428571428572,1.7179214714455964,,,,,1.6330858432260607,,0.6521739130434782,,,5.894027826276414,-0.06939680633851975,,,,,,,,,155.22002258300785,1.646023516009997,207.50001525878906,2.2004242687553246,,,,,,,,,,,,,,,,,,,"Austin Bibens-Dirkx","9559",502212
"Michael Kirkman","TEX",5,5,,5.227032903396394,40,11,,,,94.69999694824219,,99,59,55,12,58,2,6,81,7.697993912274689,5.512143789036197,1.396551724137931,1.1404435425592132,,,,,1.6578670016833006,,0.6990014265335236,,,5.05854930721705,-0.06969116792995766,,,,,,,,,265.77997741699215,2.806546842469835,287.49998474121094,3.0359027878146883,,,,,,,,,,,,,,,,,,,"Michael Kirkman","9877",457779
"Michael Blazek","STL",5,10,,5.873684210526315,35,15,,,,95,,103,66,62,14,67,1,6,73,6.91578947368421,6.347368421052631,1.0895522388059702,1.3263157894736841,,,,,1.7894736842105263,,0.6914893617021276,,,5.778662621347528,-0.06991194473812357,,,,,,,,,189.99999999999994,1.9999999999999993,220,2.3157894736842106,,,,,,,,,,,,,,,,,,,"Michael Blazek","9654",518468
"Edgar Gonzalez","HOU",4,7,,5.005246429435468,22,18,,,,95.30000305175781,,112,57,53,11,28,0,5,61,5.760755324444595,2.6442811325319453,2.1785714285714284,1.03882473063755,,,,,1.4690450736288585,,0.666131621187801,,,4.353633586713617,-0.07013272154628947,,,,,,,,,301.72002258300773,3.1660022342196816,356.50001525878906,3.7408185083181213,,,,,,,,,,,,,,,,,,,"Edgar Gonzalez","1727",429440
"Robbie Erlin","SDP",4,5,,4.137931166436403,20,19,,,,95.69999694824219,,95,47,44,13,26,1,7,85,7.99373066243396,2.445141143803329,3.269230769230769,1.2225705719016644,,,,,1.2643678564111231,,0.7198443579766537,,,4.118485565513474,-0.07042708313772739,,,,,,,,,372.2799774169922,3.8900730333182127,380.49998474121094,3.975966529518264,,,,,,,,,,,,,,,,,,,"Robbie Erlin","10354",572362
"Aneury Rodriguez","HOU",3,7,,5.736677298923195,33,13,,,,95.69999694824219,,107,65,61,15,51,4,5,68,6.394984529947168,4.796238397460376,1.3333333333333333,1.4106583521942282,,,,,1.6509927381236154,,0.6788321167883211,,,5.466447990943514,-0.07042708313772739,,,,,,,,,213.4799774169922,2.2307208382927057,251.49998474121094,2.6280041040882236,,,,,,,,,,,,,,,,,,,"Aneury Rodriguez","8948",444553
"Nik Turley","NYY",5,9,,6.394984529947168,21,20,,,,95.69999694824219,,111,73,68,20,53,0,6,67,6.300940639800887,4.98432617775294,1.2641509433962264,1.8808778029256377,,,,,1.7136886648878034,,0.6691176470588235,,,6.260596396623228,-0.07042708313772739,,,,,,,,,130.57997741699216,1.3644721168341756,175.49998474121094,1.83385569840851,,,,,,,,,,,,,,,,,,,"Nik Turley","5530",543867
"Cory Luebke","SDP",7,5,,3.28125,16,16,,,,96,,83,37,35,8,30,2,2,90,8.4375,2.8125,3,0.75,,,,,1.1770833333333333,,0.7465618860510805,,,3.302785428365072,-0.07064785994589329,,,,,,,,,480.2000000000001,5.002083333333334,460,4.791666666666667,,,,,,,,,,,,,,,,,,,"Cory Luebke","1984",458537
"Adam Ottavino","COL",3,3,,4.485981166249968,65,0,,,,96.30000305175781,,97,51,48,12,42,7,2,95,8.878504391536396,3.9252335204687223,2.261904761904762,1.121495291562492,,,,,1.4434059771035777,,0.7201309328968903,,,4.112105229968074,-0.07086863675405919,,,,,,,,,370.8200225830078,3.850675086517965,383.50001525878906,3.9823468650636644,,,,,,,,,,,,,,,,,,,"Adam Ottavino","1247",493603
"Brian Baker","MIL",4,8,,6.635513808411411,27,18,,,,96.30000305175781,,115,76,71,18,59,1,6,60,5.60747645781246,5.514018516848919,1.0169491525423728,1.682242937343738,,,,,1.806853525295126,,0.6586021505376344,,,6.303174734779979,-0.07086863675405919,,,,,,,,,117.2200225830079,1.217237994478633,172.50001525878906,1.7912773602517589,,,,,,,,,,,,,,,,,,,"Brian Baker","sa295129",489702
"Erik Arnesen","WSN",5,6,,4.746639239768287,31,12,,,,96.69999694824219,,105,55,51,12,33,2,6,60,5.584281458550926,3.0713548022030093,1.8181818181818181,1.1168562917101852,,,,,1.4270941505185701,,0.6848184818481848,,,4.6766651749545005,-0.07116299834549711,,,,,,,,,297.97997741699226,3.0814890053872843,330.49998474121094,3.4177869200772375,,,,,,,,,,,,,,,,,,,"Erik Arnesen","sa328003",502641
"Giovanni Soto","CLE",5,8,,5.491210100908411,21,19,,,,96.69999694824219,,107,63,59,14,45,0,5,68,6.32885231969105,4.1882110939131945,1.511111111111111,1.3029990069952162,,,,,1.5718718179624829,,0.6722054380664653,,,5.121339439246519,-0.07116299834549711,,,,,,,,,251.17997741699224,2.597517945646204,287.49998474121094,2.9731126557852194,,,,,,,,,,,,,,,,,,,"Giovanni Soto","10330",543803
"Fabio Castro","LAD",5,10,,5.584281458550926,26,17,,,,96.69999694824219,,104,64,60,13,60,1,7,74,6.887280465546143,5.584281458550926,1.2333333333333334,1.2099276493527007,,,,,1.6959669614858368,,0.6858710562414265,,,5.390212250213786,-0.07116299834549711,,,,,,,,,232.27997741699227,2.4020680945969217,261.49998474121094,2.7042398448179523,,,,,,,,,,,,,,,,,,,"Fabio Castro","4048",466983
"Rafael Montero","NYM",6,8,,4.639175257731959,19,17,,,,97,,104,54,50,13,28,0,6,68,6.309278350515464,2.597938144329897,2.4285714285714284,1.2061855670103092,,,,,1.3608247422680413,,0.6854130052724078,,,4.486204672351326,-0.07138377515366301,,,,,,,,,321.50000000000006,3.3144329896907223,350,3.6082474226804124,,,,,,,,,,,,,,,,,,,"Rafael Montero","12760",606160
"Matt Yourkin","SFG",4,7,,5.103092783505154,22,18,,,,97,,109,59,55,14,35,1,6,65,6.030927835051546,3.247422680412371,1.8571428571428572,1.2989690721649485,,,,,1.4845360824742269,,0.6832797427652733,,,4.8985758063719445,-0.07138377515366301,,,,,,,,,269.2,2.775257731958763,310,3.195876288659794,,,,,,,,,,,,,,,,,,,"Matt Yourkin","sa245874",461361
"Tom Cochran","BOS",5,7,,6.216494845360825,24,19,,,,97,,112,72,67,14,68,1,7,56,5.195876288659794,6.309278350515464,0.8235294117647058,1.2989690721649485,,,,,1.8556701030927836,,0.6733167082294265,,,6.1356892084338,-0.07138377515366301,,,,,,,,,141.40000000000003,1.457731958762887,190,1.958762886597938,,,,,,,,,,,,,,,,,,,"Tom Cochran","sa499795",458911
"Kelvin De La Cruz","LAD",5,7,,4.902363669467352,27,17,,,,97.30000305175781,,96,57,53,12,57,0,5,74,6.8448096517091335,5.272353380370548,1.2982456140350878,1.109969132709589,,,,,1.5724562713385848,,0.7048458149779736,,,5.088285537121186,-0.07160455196182891,,,,,,,,,284.8200225830078,2.927235494859137,292.50001525878906,3.0061665579105528,,,,,,,,,,,,,,,,,,,"Kelvin De La Cruz","sa328950",456061
"Wes Roemer","LAD",4,6,,5.17985595264475,24,12,,,,97.30000305175781,,107,60,56,15,38,2,6,62,5.734840518999544,3.514902253580366,1.631578947368421,1.3874614158869865,,,,,1.4902363355823187,,0.6854838709677419,,,5.180782964846985,-0.07160455196182891,,,,,,,,,249.32002258300787,2.5623845299407075,283.50001525878906,2.9136691301847537,,,,,,,,,,,,,,,,,,,"Wes Roemer","sa389931",519218
"Yordano Ventura","KCR",4,7,,5.642343091273745,23,23,,,,97.30000305175781,,107,65,61,18,50,0,7,72,6.659814796257535,4.624871386289955,1.44,1.6649536990643838,,,,,1.6135662392167176,,0.6980273141122912,,,5.776877499079912,-0.07160455196182891,,,,,,,,,193.4200225830079,1.9878727288438003,225.50001525878906,2.317574595951826,,,,,,,,,,,,,,,,,,,"Yordano Ventura","11855",570649
"Matt Palmer","LAD",5,8,,4.790174151672993,22,17,,,,97.69999694824219,,102,56,52,9,49,0,6,56,5.1586490864170695,4.513817950614936,1.1428571428571428,0.8290686031741719,,,,,1.5455476429543202,,0.6864161849710982,,,4.834472620212099,-0.07189891355326683,,,,,,,,,294.0799774169922,3.0100305691184905,318.49998474121094,3.2599794748196396,,,,,,,,,,,,,,,,,,,"Matt Palmer","4457",461212
"Eric Junge","COL",4,7,,6.356192624335318,18,16,,,,97.69999694824219,,128,74,69,16,40,1,6,46,4.2374617495568785,3.6847493474407638,1.15,1.4738997389763056,,,,,1.7195496954723564,,0.6456043956043956,,,5.694247467948277,-0.07189891355326683,,,,,,,,,147.37997741699223,1.5084952100363795,234.49998474121094,2.400204627083461,,,,,,,,,,,,,,,,,,,"Eric Junge","1611",407784
"Yusmeiro Petit","SFG",3,5,,4.683673469387755,21,17,,,,98,,111,55,51,10,30,0,6,67,6.153061224489796,2.7551020408163267,2.2333333333333334,0.9183673469387755,,,,,1.4387755102040816,,0.6771653543307087,,,4.155676584827657,-0.07211969036143273,,,,,,,,,339.6,3.46530612244898,386,3.938775510204082,,,,,,,,,,,,,,,,,,,"Yusmeiro Petit","4020",433589
"Scott Richmond","TOR",4,10,,6.838905986531761,21,20,,,,98.69999694824219,,123,80,75,23,45,0,6,58,5.288753962917895,4.103343591919057,1.288888888888889,2.0972645025364067,,,,,1.7021277122034604,,0.6480117820324005,,,6.498707519438659,-0.07263482876103655,,,,,,,,,90.67997741699219,0.9187434672824188,157.49998474121094,1.5957445755930793,,,,,,,,,,,,,,,,,,,"Scott Richmond","4307",446341
"Michael Mariot","KCR",4,6,,5.7272727272727275,30,12,,,,99,,116,67,63,17,41,1,7,49,4.454545454545454,3.727272727272727,1.1951219512195121,1.5454545454545454,,,,,1.5858585858585859,,0.6756756756756758,,,5.791421792001435,-0.07285560556920245,,,,,,,,,175.89999999999998,1.7767676767676766,228,2.303030303030303,,,,,,,,,,,,,,,,,,,"Michael Mariot","10835",592527
"Jed Bradley","MIL",5,10,,6.909090909090909,19,19,,,,99,,125,81,76,18,59,0,7,45,4.090909090909091,5.363636363636363,0.7627118644067796,1.6363636363636365,,,,,1.8585858585858586,,0.6486146095717884,,,6.548997549577193,-0.07285560556920245,,,,,,,,,78.20000000000005,0.7898989898989903,153,1.5454545454545454,,,,,,,,,,,,,,,,,,,"Jed Bradley","13166",605152
"Andrew Cashner","SDP",7,7,,3.8066464086912095,19,19,,,,99.30000305175781,,90,45,42,10,39,2,3,93,8.429002762101964,3.5347430937846944,2.3846153846153846,0.9063443830217165,,,,,1.2990936156644604,,0.7304347826086957,,,3.79938661515974,-0.07307638237736835,,,,,,,,,437.8200225830078,4.409063536028335,426.50001525878906,4.295065479871998,,,,,,,,,,,,,,,,,,,"Andrew Cashner","8782",488768
"Yunesky Maya","WSN",5,9,,5.800604051338985,18,18,,,,99.30000305175781,,121,68,64,17,35,3,7,42,3.8066464086912095,3.172205340576008,1.2,1.5407854511369181,,,,,1.5709969305709752,,0.6656580937972769,,,5.742991792084087,-0.07307638237736835,,,,,,,,,169.12002258300777,1.703122028051277,233.50001525878906,2.351460302947651,,,,,,,,,,,,,,,,,,,"Yunesky Maya","11420",493337
"Adys Portillo","SDP",5,12,,5.800604051338985,25,24,,,,99.30000305175781,,99,68,64,13,90,1,8,79,7.16012062587156,8.15709944719545,0.8777777777777778,1.1782476979282315,,,,,1.9033232043456048,,0.708430913348946,,,6.165952504160889,-0.07307638237736835,,,,,,,,,181.5200225830078,1.8279961430453806,191.50001525878906,1.9284995908708495,,,,,,,,,,,,,,,,,,,"Adys Portillo","sa503004",573584
"Noel Arguelles","KCR",4,10,,6.797582872662874,23,23,,,,99.30000305175781,,122,80,75,17,70,0,8,38,3.444108655482523,6.344410681152016,0.5428571428571428,1.5407854511369181,,,,,1.9335346837796619,,0.6658739595719382,,,6.911168996867634,-0.07307638237736835,,,,,,,,,50.5200225830078,0.5087615410915488,117.50001525878906,1.183283098164105,,,,,,,,,,,,,,,,,,,"Noel Arguelles","sa536642",580016
"Ryan Pressly","MIN",4,9,,6.21,30,17,,,,100,,120,74,69,16,57,1,7,52,4.68,5.13,0.9122807017543859,1.44,,,,,1.77,,0.666235446313066,,,6.054452095031738,-0.07359152077697217,,,,,,,,,143.2,1.432,204,2.04,,,,,,,,,,,,,,,,,,,"Ryan Pressly","7005",519151
"Ross Ohlendorf","WSN",5,7,,5.114655876284237,21,18,,,,100.30000305175781,,110,61,57,14,38,1,6,66,5.922233119908064,3.4097705841894914,1.736842105263158,1.2562312678592862,,,,,1.4755732352632887,,0.677570093457944,,,4.909008370828485,-0.07381229758513808,,,,,,,,,284.02002258300786,2.8317050243402786,319.50001525878906,3.185443724203253,,,,,,,,,,,,,,,,,,,"Ross Ohlendorf","8268",456027
"Johnny Hellweg","MIL",5,10,,6.909271973226074,28,19,,,,100.30000305175781,,114,82,77,15,101,1,8,73,6.550348753837707,9.06281128955628,0.7227722772277227,1.3459620727063781,,,,,2.14356922690275,,0.6855670103092784,,,6.843205719754688,-0.07381229758513808,,,,,,,,,80.32002258300787,0.8007978079677658,125.50001525878906,1.2512463752770504,,,,,,,,,,,,,,,,,,,"Johnny Hellweg","10065",518782
"Amaury Rivas",,6,9,,5.094339777027718,36,15,,,,100.69999694824219,,110,61,57,10,55,3,6,60,5.3624629231870715,4.915591012921483,1.0909090909090908,0.8937438205311786,,,,,1.638530337640494,,0.6887417218543046,,,5.011036065726377,-0.074106659176576,,,,,,,,,273.1799774169922,2.7128101856587077,310.49998474121094,3.0834160293053614,,,,,,,,,,,,,,,,,,,"Amaury Rivas","sa295179",455361
"Ryan Verdugo","KCR",4,9,,6.237623762376238,30,19,,,,101,,111,75,70,19,73,1,6,72,6.415841584158416,6.5049504950495045,0.9863013698630136,1.693069306930693,,,,,1.8217821782178218,,0.6925031766200762,,,6.460788728695105,-0.0743274359847419,,,,,,,,,132.10000000000002,1.3079207920792082,165,1.6336633663366336,,,,,,,,,,,,,,,,,,,"Ryan Verdugo","9154",489400
"Edgar Olmos",,3,9,,6.683168316831683,30,19,,,,101,,115,80,75,15,94,1,8,70,6.237623762376238,8.376237623762377,0.7446808510638298,1.3366336633663367,,,,,2.0693069306930694,,0.6861702127659575,,,6.668709520774312,-0.0743274359847419,,,,,,,,,97.90000000000009,0.9693069306930702,144,1.4257425742574257,,,,,,,,,,,,,,,,,,,"Edgar Olmos","10174",543607
"Pedro Hernandez","MIN",4,8,,5.86377080064355,23,18,,,,101.30000305175781,,126,71,66,17,32,0,7,53,4.708785642941033,2.843040388190812,1.65625,1.510365206226369,,,,,1.5597235462991261,,0.6482861400894189,,,5.3846790744076705,-0.0745482127929078,,,,,,,,,201.92002258300784,1.9932874284301811,274.50001525878906,2.709773020624068,,,,,,,,,,,,,,,,,,,"Pedro Hernandez","4578",517060
"James Paxton","SEA",5,9,,4.601770049591816,22,22,,,,101.69999694824219,,98,56,52,11,65,0,7,102,9.0265489434301,5.75221256198977,1.5692307692307692,0.9734513566444226,,,,,1.6027532437680898,,0.7249322493224932,,,4.61854260290937,-0.07484257438434572,,,,,,,,,350.4799774169923,3.446214237305836,353.49998474121094,3.4759094921223688,,,,,,,,,,,,,,,,,,,"James Paxton","11828",572020
"Brooks Brown","PIT",4,8,,5.735294117647059,25,18,,,,102,,117,70,65,12,59,1,7,50,4.411764705882353,5.205882352941177,0.847457627118644,1.0588235294117647,,,,,1.7254901960784315,,0.6658291457286433,,,5.584648173463111,-0.07506335119251162,,,,,,,,,205.00000000000006,2.009803921568628,256,2.5098039215686274,,,,,,,,,,,,,,,,,,,"Brooks Brown","5679",453156
"Miguel González","BAL",6,7,,4.574779922178687,25,16,,,,102.30000305175781,,105,56,52,13,41,1,6,75,6.598240272373106,3.6070380155639645,1.829268292682927,1.1436949805446717,,,,,1.427174932987368,,0.7042253521126761,,,4.658479418853512,-0.07528412800067752,,,,,,,,,333.1200225830079,3.2563051089496904,351.50001525878906,3.4359726761782268,,,,,,,,,,,,,,,,,,,"Miguel Gonzalez","7024",456068
"Drew Hutchison","TOR",7,8,,4.926686070038586,20,20,,,,102.30000305175781,,110,60,56,16,34,0,7,81,7.126099494162954,2.991202256809141,2.3823529411764706,1.407624591439596,,,,,1.407624591439596,,0.6907894736842105,,,4.746455955818487,-0.07528412800067752,,,,,,,,,313.2200225830079,3.0617792105493575,342.50001525878906,3.3479961392132522,,,,,,,,,,,,,,,,,,,"Drew Hutchison","10732",571800
"Dylan Bundy","BAL",7,6,,4.326923076923077,28,26,,,,104,,105,54,50,11,41,0,7,83,7.1826923076923075,3.548076923076923,2.024390243902439,0.9519230769230769,,,,,1.4038461538461537,,0.7044410413476264,,,4.257913633493277,-0.07653518160805106,,,,,,,,,383.29999999999995,3.6855769230769226,399,3.8365384615384617,,,,,,,,,,,,,,,,,,,"Dylan Bundy","12917",605164
"Wilfredo Boscan","SDP",5,10,,5.1923076923076925,30,15,,,,104,,117,64,60,13,46,1,7,59,5.105769230769231,3.980769230769231,1.2826086956521738,1.125,,,,,1.5673076923076923,,0.6837016574585635,,,5.113682864262508,-0.07653518160805106,,,,,,,,,264.50000000000006,2.5432692307692313,310,2.980769230769231,,,,,,,,,,,,,,,,,,,"Wilfredo Boscan","7655",517448
"Eric Surkamp","SFG",5,6,,4.228187795748752,19,19,,,,104.30000305175781,,107,52,49,7,50,1,6,81,6.989453295013243,4.314477342600767,1.62,0.6040268279641074,,,,,1.505273206196268,,0.7133152173913044,,,4.024461655547904,-0.07675595841621696,,,,,,,,,401.5200225830078,3.849664533410968,424.50001525878906,4.069990439483835,,,,,,,,,,,,,,,,,,,"Eric Surkamp","2540",474668
"Jeff Niemann","TBR",6,6,,4.228187795748752,20,19,,,,104.30000305175781,,104,52,49,13,33,2,4,81,6.989453295013243,2.8475550461165064,2.4545454545454546,1.1217641090761996,,,,,1.3135186576362337,,0.7154882154882155,,,4.22580393153594,-0.07675595841621696,,,,,,,,,392.5200225830078,3.763374986558953,403.50001525878906,3.8686481634957985,,,,,,,,,,,,,,,,,,,"Jeff Niemann","8591",435298
"Rodrigo Lopez","PHI",5,7,,5.349951904824952,23,18,,,,104.30000305175781,,119,66,62,16,40,1,5,60,5.177372811120921,3.451581874080614,1.5,1.3806327496322457,,,,,1.5244486610522712,,0.6808199121522694,,,5.232515311476119,-0.07675595841621696,,,,,,,,,250.62002258300782,2.402876464525511,298.50001525878906,2.8619367835556195,,,,,,,,,,,,,,,,,,,"Rodrigo Lopez","150",150438
"Braulio Lara",,4,11,,6.558005560753167,24,22,,,,104.30000305175781,,122,81,76,16,77,1,8,61,5.263662357972937,6.644295107605182,0.7922077922077922,1.3806327496322457,,,,,1.9079577581723395,,0.6681766704416762,,,6.36386714798032,-0.07675595841621696,,,,,,,,,124.82002258300781,1.1967403540828963,180.50001525878906,1.7305849470514183,,,,,,,,,,,,,,,,,,,"Braulio Lara","sa506176",542316
"J.D. Martin","TBR",5,7,,5.071633385648489,24,16,,,,104.69999694824219,,120,63,59,18,22,1,6,55,4.7277938340791,1.89111753363164,2.5,1.5472779820622509,,,,,1.356256008968146,,0.6763698630136986,,,5.081080615210431,-0.07705032000765488,,,,,,,,,267.37997741699223,2.5537725426025553,315.49998474121094,3.0133714798213074,,,,,,,,,,,,,,,,,,,"J.D. Martin","3685",455605
"Kevin Pucetas","TEX",5,7,,5.914285714285715,29,15,,,,105,,129,74,69,19,35,1,6,55,4.714285714285714,3,1.5714285714285714,1.6285714285714286,,,,,1.561904761904762,,0.6550218340611353,,,5.570642571222215,-0.07727109681582078,,,,,,,,,194.89999999999992,1.8561904761904755,265,2.5238095238095237,,,,,,,,,,,,,,,,,,,"Kevin Pucetas","sa327994",501879
"David Hale","ATL",4,7,,5.742857142857143,26,17,,,,105,,117,72,67,15,66,1,8,68,5.828571428571428,5.6571428571428575,1.0303030303030303,1.2857142857142858,,,,,1.7428571428571429,,0.6851851851851852,,,5.770642571222215,-0.07727109681582078,,,,,,,,,202.3,1.9266666666666667,244,2.323809523809524,,,,,,,,,,,,,,,,,,,"David Hale","9756",571735
"Stolmy Pimentel","PIT",5,10,,5.384615228560858,24,23,,,,105.30000305175781,,124,67,63,13,44,0,6,60,5.12820497958177,3.760683651693298,1.3636363636363635,1.1111110789093834,,,,,1.5954415492032175,,0.6742323097463284,,,4.984290596766502,-0.07749187362398668,,,,,,,,,266.9200225830079,2.534852942518999,327.50001525878906,3.110161498265237,,,,,,,,,,,,,,,,,,,"Stolmy Pimentel","6415",516935
"Neil Ramírez","TEX",6,10,,6.324786141484183,27,27,,,,105.30000305175781,,123,79,74,20,59,0,7,76,6.4957263074702425,5.04273489658874,1.2881355932203389,1.7094016598605901,,,,,1.7283950116368187,,0.6688311688311688,,,6.000434916794742,-0.07749187362398668,,,,,,,,,167.4200225830079,1.5899336916516176,220.50001525878906,2.0940171782369967,,,,,,,,,,,,,,,,,,,"Neil Ramirez","7677",519166
"Aaron Laffey","NYM",5,6,,4.938505345989804,37,14,,,,105.69999694824219,,115,62,58,12,48,2,6,55,4.6830654143006765,4.087038907026044,1.1458333333333333,1.021759726756511,,,,,1.542100328345475,,0.6908344733242134,,,5.062285642859093,-0.0777862352154246,,,,,,,,,283.57997741699216,2.6828759281407732,320.49998474121094,3.0321664521726452,,,,,,,,,,,,,,,,,,,"Aaron Laffey","6248",444836
"Alex Colomé","TBR",6,10,,5.279091921575308,22,22,,,,105.69999694824219,,110,66,62,12,72,0,7,68,5.789971784953563,6.130558360539067,0.9444444444444444,1.021759726756511,,,,,1.7218543543489355,,0.7021791767554479,,,5.525861815183807,-0.0777862352154246,,,,,,,,,247.57997741699216,2.3422893525552695,271.49998474121094,2.568590279847932,,,,,,,,,,,,,,,,,,,"Alex Colome","6661",517008
"Enny Romero","TBR",4,7,,5.789971784953563,25,24,,,,105.69999694824219,,107,73,68,14,93,0,8,74,6.300851648331819,7.918637882362962,0.7956989247311828,1.192053014549263,,,,,1.8921476421416874,,0.7039911308203991,,,6.282720872040482,-0.0777862352154246,,,,,,,,,176.77997741699215,1.6724690872371122,191.49998474121094,1.8117312229912568,,,,,,,,,,,,,,,,,,,"Enny Romero","4001",544836
"Casey Kelly","SDP",5,7,,4.160377358490566,21,21,,,,106,,109,52,49,10,35,1,7,78,6.622641509433962,2.9716981132075473,2.2285714285714286,0.8490566037735849,,,,,1.3584905660377358,,0.7076923076923077,,,4.037848321446833,-0.0780070120235905,,,,,,,,,408.00000000000006,3.8490566037735854,430,4.056603773584905,,,,,,,,,,,,,,,,,,,"Casey Kelly","9174",543391
"Brandon Maurer","SEA",4,7,,4.754716981132075,22,21,,,,106,,108,60,56,8,53,0,8,68,5.773584905660377,4.5,1.2830188679245282,0.6792452830188679,,,,,1.5188679245283019,,0.6742323097463284,,,4.518980396918531,-0.0780070120235905,,,,,,,,,358.2000000000001,3.379245283018869,379,3.5754716981132075,,,,,,,,,,,,,,,,,,,"Brandon Maurer","4878",543506
"Mike Pelfrey","MIN",5,6,,4.825964113568451,18,18,,,,106.30000305175781,,123,61,57,12,34,3,3,57,4.825964113568451,2.878645260725041,1.6764705882352942,1.0159924449617792,,,,,1.4769519801759197,,0.6847360912981456,,,4.533774725394259,-0.0782277888317564,,,,,,,,,322.22002258300785,3.0312324866643503,378.50001525878906,3.5606773696374794,,,,,,,,,,,,,,,,,,,"Mike Pelfrey","5203",460059
"Anthony Swarzak","MIN",5,7,,5.313964538115584,35,12,,,,106.69999694824219,,125,67,63,15,34,5,4,61,5.14526725119128,2.867853877713172,1.7941176470588236,1.2652296519322819,,,,,1.4901593678313543,,0.6666666666666666,,,4.847029464745344,-0.07852215042319433,,,,,,,,,288.0799774169923,2.6999061448589687,346.49998474121094,3.247422630286395,,,,,,,,,,,,,,,,,,,"Anthony Swarzak","7466",461872
"Dellin Betances","NYY",4,9,,6.74789147697217,24,24,,,,106.69999694824219,,117,86,80,20,89,0,8,86,7.253983337745082,7.507029268131539,0.9662921348314607,1.6869728692430426,,,,,1.930646728133704,,0.6741573033707865,,,6.646467191937923,-0.07852215042319433,,,,,,,,,120.37997741699229,1.1282097550142007,154.49998474121094,1.4479849030938161,,,,,,,,,,,,,,,,,,,"Dellin Betances","6216",476454
"Drake Britton","BOS",7,10,,5.88785046728972,25,24,,,,107,,121,75,70,16,68,0,6,73,6.140186915887851,5.719626168224299,1.0735294117647058,1.3457943925233644,,,,,1.766355140186916,,0.6842737094837935,,,5.748657702508374,-0.07874292723136023,,,,,,,,,204.39999999999998,1.9102803738317755,251,2.3457943925233646,,,,,,,,,,,,,,,,,,,"Drake Britton","2868",518493
"Tony Cingrani","CIN",6,5,,4.277725880199596,24,22,,,,107.30000305175781,,100,55,51,15,47,0,7,107,8.974836650614838,3.9422179680270784,2.276595744680851,1.25815467064694,,,,,1.3699906413711123,,0.7301587301587301,,,4.427164079494793,-0.07896370403952613,,,,,,,,,401.52002258300786,3.7420317908968603,393.50001525878906,3.667288015536945,,,,,,,,,,,,,,,,,,,"Tony Cingrani","12555",571561
"J.R. Graham","ATL",5,6,,4.697110770415242,22,20,,,,107.30000305175781,,115,60,56,13,37,0,7,67,5.619757528889665,3.1034481875957853,1.8108108108108107,1.0904007145606813,,,,,1.4165889625061843,,0.6875934230194319,,,4.650836020943139,-0.07896370403952613,,,,,,,,,337.1200225830079,3.141845414677135,369.50001525878906,3.4436160740886,,,,,,,,,,,,,,,,,,,"J.R. Graham","12042",543242
"Gonzalez Germen","NYM",7,9,,4.948741704544631,21,18,,,,107.30000305175781,,116,63,59,14,41,0,6,75,6.2907733532347,3.4389560997683026,1.829268292682927,1.1742776926038105,,,,,1.463187283641256,,0.6841339155749636,,,4.706754006305225,-0.07896370403952613,,,,,,,,,329.2200225830078,3.0682200672837205,363.50001525878906,3.387698088726514,,,,,,,,,,,,,,,,,,,"Gonzalez Germen","5876",542674
"Nate Adcock","KCR",5,8,,5.368126594760277,28,16,,,,107.30000305175781,,130,68,64,12,42,3,6,54,4.529356814328984,3.522833077811432,1.2857142857142858,1.006523736517552,,,,,1.6029822470464716,,0.6701030927835052,,,4.883827626618498,-0.07896370403952613,,,,,,,,,272.42002258300784,2.538863139189305,344.50001525878906,3.210624468413241,,,,,,,,,,,,,,,,,,,"Nate Adcock","3282",502264
"Zach Kroenke","MIL",5,6,,5.368126594760277,30,15,,,,107.30000305175781,,127,68,64,13,44,1,6,56,4.697110770415242,3.6905870338976903,1.2727272727272727,1.0904007145606813,,,,,1.5936625828194573,,0.6740837696335078,,,5.023622590023713,-0.07896370403952613,,,,,,,,,265.9200225830079,2.478285321713712,329.50001525878906,3.0708295050080254,,,,,,,,,,,,,,,,,,,"Zach Kroenke","4383",476127
"Brian Burres","SFG",4,8,,5.619757528889665,24,21,,,,107.30000305175781,,126,72,67,15,50,1,6,65,5.452003572803406,4.193848902156466,1.3,1.25815467064694,,,,,1.640260903954529,,0.6709677419354839,,,5.265933859926086,-0.07896370403952613,,,,,,,,,243.92002258300784,2.2732527087193954,303.50001525878906,2.8285182351056517,,,,,,,,,,,,,,,,,,,"Brian Burres","3425",434638
"Lance Pendleton","TBR",4,8,,6.039142419105311,27,19,,,,107.30000305175781,,120,77,72,19,64,2,7,61,5.116495660630889,5.368126594760277,0.953125,1.5936625828194573,,,,,1.7148182177706441,,0.6797966963151207,,,6.244498603762596,-0.07896370403952613,,,,,,,,,157.3200225830078,1.4661697866599508,198.50001525878906,1.8499534912691429,,,,,,,,,,,,,,,,,,,"Lance Pendleton","4214",459983
"Tsuyoshi Wada","BAL",8,8,,4.512534946807463,17,17,,,,107.69999694824219,,109,58,54,17,38,0,4,95,7.938718887902018,3.1754875551608075,2.5,1.4206128536245717,,,,,1.3649025456392945,,0.7224025974025974,,,4.552205153979829,-0.07925806563096405,,,,,,,,,368.4799774169922,3.4213555047181115,381.49998474121094,3.54224694105191,,,,,,,,,,,,,,,,,,,"Tsuyoshi Wada","13046",493159
"Josh Outman","COL",6,7,,5.598885952520371,36,20,,,,107.69999694824219,,121,72,67,14,62,0,4,81,6.768802420211195,5.181058642630791,1.3064516129032258,1.1699164676908238,,,,,1.6991643935509584,,0.6793145654834761,,,5.118593285163481,-0.07925806563096405,,,,,,,,,274.1799774169922,2.5457751642161695,320.49998474121094,2.9758588098682575,,,,,,,,,,,,,,,,,,,"Josh Outman","4004",489189
"Jake Brigham","TEX",4,8,,6.85236788218911,26,20,,,,107.69999694824219,,130,88,82,23,71,1,8,67,5.598885952520371,5.933147800432035,0.9436619718309859,1.9220056254920677,,,,,1.8662953175067902,,0.669431279620853,,,6.827042730045319,-0.07925806563096405,,,,,,,,,73.07997741699222,0.6785513415762914,136.49998474121094,1.2674093649864193,,,,,,,,,,,,,,,,,,,"Jake Brigham","2851",502010
"Tyson Ross","SDP",6,9,,4.5,29,19,,,,108,,111,58,54,9,54,2,6,78,6.5,4.5,1.4444444444444444,0.75,,,,,1.5277777777777777,,0.7020997375328084,,,4.400007650587294,-0.07947884243912995,,,,,,,,,375.9,3.480555555555555,399,3.6944444444444446,,,,,,,,,,,,,,,,,,,"Tyson Ross","7872",475115
"Steven Wright","BOS",4,8,,6.416666666666667,29,17,,,,108,,128,82,77,18,69,0,7,63,5.25,5.75,0.9130434782608695,1.5,,,,,1.8240740740740742,,0.6693830034924331,,,6.20556320614285,-0.07947884243912995,,,,,,,,,143.00000000000006,1.3240740740740746,204,1.8888888888888888,,,,,,,,,,,,,,,,,,,"Steven Wright","8185",453214
"Jonathan Sánchez","PIT",5,8,,4.653739481051839,21,21,,,,108.30000305175781,,101,60,56,13,65,2,6,96,7.977839110374582,5.401661897649456,1.476923076923077,1.0803323795298911,,,,,1.5327792735210424,,0.7171853856562922,,,4.84883801050763,-0.07969961924729585,,,,,,,,,357.92002258300784,3.3048939288760106,351.50001525878906,3.2456140845241084,,,,,,,,,,,,,,,,,,,"Jonathan Sanchez","7507",456043
"Carlos Carrasco","CLE",5,8,,5.318559406916387,19,19,,,,108.30000305175781,,118,68,64,16,44,3,4,71,5.900276842047868,3.6565095922550164,1.6136363636363635,1.3296398517290968,,,,,1.495844833195234,,0.673352435530086,,,5.0335102121366715,-0.07969961924729585,,,,,,,,,295.82002258300776,2.731486742817837,331.50001525878906,3.060941882895067,,,,,,,,,,,,,,,,,,,"Carlos Carrasco","6632",471911
"Justin Germano","TOR",6,8,,5.401661897649456,29,15,,,,108.30000305175781,,125,70,65,19,27,1,9,65,5.401661897649456,2.243767249792851,2.4074074074074074,1.5789473239283025,,,,,1.4035087323807134,,0.6539074960127591,,,5.1720143633584525,-0.07969961924729585,,,,,,,,,264.7200225830078,2.444321469284678,316.50001525878906,2.922437731673286,,,,,,,,,,,,,,,,,,,"Justin Germano","1938",430683
"Keyvius Sampson","SDP",6,12,,5.484764388382525,25,24,,,,108.30000305175781,,107,71,66,15,79,1,8,94,7.8116341289084446,6.565096767912416,1.1898734177215189,1.2465373609960284,,,,,1.7174514751500836,,0.696969696969697,,,5.569059596860891,-0.07969961924729585,,,,,,,,,265.72002258300785,2.4535550793661307,273.50001525878906,2.5253924981708473,,,,,,,,,,,,,,,,,,,"Keyvius Sampson","10039",572102
"Sean Gallagher","CIN",4,10,,6.8975067308446905,31,20,,,,108.30000305175781,,125,89,83,23,79,1,8,67,5.567866879115593,6.565096767912416,0.8481012658227848,1.9113572868605768,,,,,1.8836564566162206,,0.6693830034924331,,,7.027969989730317,-0.07969961924729585,,,,,,,,,66.5200225830078,0.6142199511408797,115.50001525878906,1.0664821053014217,,,,,,,,,,,,,,,,,,,"Sean Gallagher","8261",451595
"Scott Feldman","CHC",6,7,,4.305427903763784,25,17,,,,108.69999694824219,,115,56,52,11,31,1,3,79,6.54093854610267,2.5666974041668706,2.5483870967741935,0.9107635950269541,,,,,1.3431463118579323,,0.6891271056661562,,,3.894820102782698,-0.07999398083873377,,,,,,,,,426.0799774169923,3.919779111124276,456.49998474121094,4.19963199224904,,,,,,,,,,,,,,,,,,,"Scott Feldman","6283",444857
"Javier Vazquez",,7,7,,4.305427903763784,20,18,,,,108.69999694824219,,109,56,52,14,36,4,3,87,7.2033120697586375,2.98068085645185,2.4166666666666665,1.1591536663979416,,,,,1.3339466795849328,,0.7097288676236044,,,4.244406129156681,-0.07999398083873377,,,,,,,,,405.77997741699215,3.733026575982384,418.49998474121094,3.850045965875058,,,,,,,,,,,,,,,,,,,"Javier Vazquez","801",134320
"Cody Buckel","TEX",7,8,,5.5473782606187205,25,20,,,,108.69999694824219,,118,72,67,18,56,1,7,83,6.872125307930654,4.636614665591766,1.4821428571428572,1.490340428225925,,,,,1.6007360155019195,,0.6854838709677419,,,5.458757589192619,-0.07999398083873377,,,,,,,,,253.17997741699224,2.3291626911226557,286.49998474121094,2.635694505839119,,,,,,,,,,,,,,,,,,,"Cody Buckel","sa548270",547182
"Christian Friedrich","COL",6,8,,5.614678899082569,21,21,,,,109,,130,73,68,17,40,0,5,80,6.605504587155964,3.302752293577982,2,1.4036697247706422,,,,,1.5596330275229358,,0.6634746922024625,,,4.892617232646417,-0.08021475764689967,,,,,,,,,284.5,2.610091743119266,349,3.2018348623853212,,,,,,,,,,,,,,,,,,,"Christian Friedrich","7942",543184
"Alex Torres","TBR",5,9,,5.284403669724771,29,23,,,,109,,108,68,64,11,91,2,7,90,7.431192660550459,7.513761467889908,0.989010989010989,0.908256880733945,,,,,1.8256880733944953,,0.7135076252723311,,,5.452250260169353,-0.08021475764689967,,,,,,,,,276.49999999999994,2.5366972477064214,288,2.6422018348623855,,,,,,,,,,,,,,,,,,,"Alex Torres","7038",456776
"Curtis Partch","CIN",5,10,,6.110091743119266,38,15,,,,109,,132,79,74,19,51,2,8,66,5.4495412844036695,4.2110091743119265,1.2941176470588236,1.5688073394495412,,,,,1.6788990825688073,,0.6649616368286445,,,5.773351177600546,-0.08021475764689967,,,,,,,,,184.7,1.6944954128440366,253,2.3211009174311927,,,,,,,,,,,,,,,,,,,"Curtis Partch","1333",489197
"Mark Rogers","MIL",7,7,,4.693503986061871,27,25,,,,109.30000305175781,,105,61,57,7,85,3,7,80,6.587374015525434,6.999084891495773,0.9411764705882353,0.5763952263584754,,,,,1.738334809652545,,0.7158712541620422,,,4.9883221244953,-0.08043553445506557,,,,,,,,,333.7200225830078,3.0532480628109253,339.50001525878906,3.106129970536438,,,,,,,,,,,,,,,,,,,"Mark Rogers","4083",449161
"Jason Marquis","SDP",5,9,,4.922516089538076,19,19,,,,109.69999694824219,,121,64,60,15,38,2,5,71,5.824977372620056,3.117593523374115,1.868421052631579,1.230629022384519,,,,,1.449407515252878,,0.6884057971014492,,,4.753522332616794,-0.08072989604650349,,,,,,,,,325.6799774169922,2.9688239423621137,366.49998474121094,3.3409297624149445,,,,,,,,,,,,,,,,,,,"Jason Marquis","105",150302
"Tommy Layne","SDP",5,10,,5.086599959189345,46,16,,,,109.69999694824219,,118,66,62,12,62,2,8,68,5.578851568143153,5.086599959189345,1.096774193548387,0.9845032179076152,,,,,1.640838696512692,,0.698529411764706,,,5.191079318353512,-0.08072989604650349,,,,,,,,,283.3799774169922,2.5832268486816305,318.49998474121094,2.9033727766782267,,,,,,,,,,,,,,,,,,,"Tommy Layne","7501",518927
"Tim Stauffer","SDP",6,6,,3.8454545454545452,19,19,,,,110,,109,50,47,10,33,3,4,74,6.054545454545455,2.7,2.242424242424242,0.8181818181818182,,,,,1.290909090909091,,0.71875,,,3.939906640486284,-0.08095067285466939,,,,,,,,,444.59999999999997,4.041818181818181,457,4.154545454545454,,,,,,,,,,,,,,,,,,,"Tim Stauffer","6432",431162
"Anthony Bass","SDP",5,6,,3.9981866527516106,33,18,,,,110.30000305175781,,105,52,49,11,43,2,3,86,7.017225553808949,3.5086127769044744,2,0.8975521057197493,,,,,1.341795067136595,,0.7239819004524887,,,4.082666029612069,-0.0811714496628353,,,,,,,,,441.92002258300795,4.006527745748464,442.50001525878906,4.0117860654196695,,,,,,,,,,,,,,,,,,,"Anthony Bass","7982",542914
"Charlie Morton","PIT",6,9,,4.732547466522314,19,19,,,,110.30000305175781,,124,62,58,10,40,3,7,67,5.466908280293018,3.2638258389809067,1.675,0.8159564597452267,,,,,1.486853993313524,,0.68,,,4.336519150421695,-0.0811714496628353,,,,,,,,,363.82002258300787,3.298458862347328,414.50001525878906,3.757932944610044,,,,,,,,,,,,,,,,,,,"Charlie Morton","4676",450203
"Randy Wells","TEX",5,7,,5.874886510165632,23,19,,,,110.30000305175781,,133,77,72,19,45,3,4,63,5.140525696394928,3.67180406885352,1.4,1.5503172735159307,,,,,1.6137805537183372,,0.667107001321004,,,5.524189108495302,-0.0811714496628353,,,,,,,,,215.72002258300785,1.955757176922127,283.50001525878906,2.570262986536436,,,,,,,,,,,,,,,,,,,"Randy Wells","4535",448694
"Carlos Villanueva","CHC",6,6,,3.983739947221405,34,14,,,,110.69999694824219,,102,52,49,14,41,3,3,100,8.130081524941643,3.3333334252260736,2.4390243902439024,1.13821141349183,,,,,1.291779620074061,,0.7374392220421393,,,4.124262421524346,-0.08146581125427321,,,,,,,,,449.77997741699215,4.063053205207286,439.49998474121094,3.970189673507392,,,,,,,,,,,,,,,,,,,"Carlos Villanueva","4138",453646
"Aaron Cook","PHI",6,9,,5.2032521759626515,21,20,,,,110.69999694824219,,131,68,64,13,40,3,4,46,3.7398375014731555,3.252032609976657,1.15,1.0569105982424134,,,,,1.5447154897389122,,0.6740837696335078,,,4.98243769360152,-0.08146581125427321,,,,,,,,,278.6799774169922,2.5174343730767137,344.49998474121094,3.1120144014302187,,,,,,,,,,,,,,,,,,,"Aaron Cook","1571",346871
"Ted Lilly","LAD",7,7,,4.054054054054054,20,20,,,,111,,103,54,50,17,32,3,5,89,7.216216216216216,2.5945945945945947,2.78125,1.3783783783783783,,,,,1.2162162162162162,,0.7284172661870504,,,4.481839482419126,-0.08168658806243911,,,,,,,,,411.50000000000006,3.7072072072072078,401,3.6126126126126126,,,,,,,,,,,,,,,,,,,"Ted Lilly","833",150404
"Roberto Hernandez","TBR",6,8,,4.621621621621622,18,18,,,,111,,115,61,57,15,34,1,7,63,5.108108108108108,2.7567567567567566,1.8529411764705883,1.2162162162162162,,,,,1.3423423423423424,,0.6875,,,4.824181824761468,-0.08168658806243911,,,,,,,,,340.9000000000001,3.071171171171172,363,3.27027027027027,,,,,,,,,,,,,,,,,,,"Roberto Hernandez","3273",433584
"Roy Oswalt","TEX",8,6,,4.447439231154471,22,18,,,,111.30000305175781,,119,59,55,14,28,1,4,85,6.8733151754205455,2.264150881315003,3.0357142857142856,1.1320754406575015,,,,,1.3207546807670851,,0.6907378335949764,,,4.064802472738169,-0.08190736487060502,,,,,,,,,416.0200225830078,3.7378257967301773,448.50001525878906,4.0296496222935705,,,,,,,,,,,,,,,,,,,"Roy Oswalt","571",400061
"Ethan Martin","PHI",5,12,,6.711590112469474,29,20,,,,111.30000305175781,,123,89,83,22,88,1,8,91,7.35849036427376,7.115902769847153,1.0340909090909092,1.7789756924617883,,,,,1.89577712681534,,0.6770255271920089,,,6.6164645770772985,-0.08190736487060502,,,,,,,,,127.22002258300785,1.143037008937428,164.50001525878906,1.4779875179544395,,,,,,,,,,,,,,,,,,,"Ethan Martin","3877",543495
"Scott Baker","CHC",6,6,,3.9480753092978484,19,18,,,,111.69999694824219,,111,52,49,14,30,1,4,100,8.057296549587445,2.417188964876234,3.3333333333333335,1.1280215169422425,,,,,1.2623097927687,,0.7331136738056013,,,3.8464664396599,-0.08220172646204293,,,,,,,,,463.7799774169922,4.152014235344083,474.49998474121094,4.2479856553718385,,,,,,,,,,,,,,,,,,,"Scott Baker","6176",435044
"Josh Geer","SDP",4,9,,5.478961653719463,20,19,,,,111.69999694824219,,134,73,68,16,35,2,8,50,4.0286482747937225,2.820053792355606,1.4285714285714286,1.2891674479339914,,,,,1.512981240978087,,0.654843110504775,,,5.216206853089766,-0.08220172646204293,,,,,,,,,252.3799774169923,2.2594448013632107,321.49998474121094,2.8782452419419724,,,,,,,,,,,,,,,,,,,"Josh Geer","4781",446207
"Edwar Cabrera","COL",5,8,,6.284691308678208,21,21,,,,111.69999694824219,,133,83,78,25,49,1,8,90,7.251566894628701,3.9480753092978484,1.836734693877551,2.0143241373968612,,,,,1.6293644133610168,,0.673469387755102,,,5.923458439109108,-0.08220172646204293,,,,,,,,,182.27997741699227,1.6318709256675659,242.49998474121094,2.17099365592263,,,,,,,,,,,,,,,,,,,"Edwar Cabrera","9211",542369
"Casey Coleman","CHC",5,8,,5.223214285714286,29,19,,,,112,,124,70,65,14,51,3,6,76,6.107142857142857,4.098214285714286,1.4901960784313726,1.125,,,,,1.5625,,0.6756756756756757,,,4.889094952174595,-0.08242250327020884,,,,,,,,,315.2,2.814285714285714,359,3.205357142857143,,,,,,,,,,,,,,,,,,,"Casey Coleman","8270",488787
"Jake Petricka","CHW",4,11,,7.212822600073128,26,26,,,,112.30000305175781,,135,96,90,21,98,0,9,68,5.449688186721919,7.853962386746295,0.6938775510204082,1.6829919400170632,,,,,2.074799587428443,,0.6728880157170923,,,7.172813515813828,-0.08264328007837474,,,,,,,,,36.72002258300785,0.32698149229866,103.50001525878906,0.9216385792179103,,,,,,,,,,,,,,,,,,,"Jake Petricka","10534",502593
"Freddy Garcia","SDP",7,7,,3.9130435842205973,24,18,,,,112.69999694824219,,110,52,49,11,35,3,3,81,6.468500618813641,2.795031131586141,2.3142857142857145,0.8784383556413586,,,,,1.2866016319999696,,0.7175925925925927,,,3.9373979918593047,-0.08293764166981266,,,,,,,,,460.6799774169922,4.087666281202837,468.49998474121094,4.157054103172434,,,,,,,,,,,,,,,,,,,"Freddy Garcia","1077",150119
"Dana Eveland","BAL",6,8,,5.190772101517119,25,18,,,,112.69999694824219,,128,70,65,12,52,2,9,61,4.871339972192988,4.1526176812136955,1.1730769230769231,0.9582963879723913,,,,,1.597160646620652,,0.6740196078431373,,,5.019917985679969,-0.08293764166981266,,,,,,,,,292.5799774169922,2.596095699553217,346.49998474121094,3.0745341093517697,,,,,,,,,,,,,,,,,,,"Dana Eveland","5508",445968
"Brandon Hynick","LAA",5,8,,5.190772101517119,23,19,,,,112.69999694824219,,130,70,65,16,38,0,7,57,4.551907842868858,3.0346052285792386,1.5,1.2777285172965216,,,,,1.4906832701792752,,0.6730769230769231,,,5.126395362121346,-0.08293764166981266,,,,,,,,,278.1799774169922,2.4683228478235644,334.49998474121094,2.9680567329103926,,,,,,,,,,,,,,,,,,,"Brandon Hynick","sa326872",502001
"Mitch Atkins","WSN",5,9,,5.909494392496413,28,20,,,,112.69999694824219,,138,79,74,18,48,2,7,65,5.190772101517119,3.833185551889565,1.3541666666666667,1.4374445819585868,,,,,1.6503993348413404,,0.6654228855721392,,,5.481319950259268,-0.08293764166981266,,,,,,,,,218.77997741699227,1.9412598344387502,294.49998474121094,2.6131321447724702,,,,,,,,,,,,,,,,,,,"Mitch Atkins","8369",444444
"Charles Shirek","CHW",4,8,,6.228926521820543,26,18,,,,112.69999694824219,,143,83,78,21,40,0,8,52,4.1526176812136955,3.194321293241304,1.3,1.6770186789516845,,,,,1.6237799907309962,,0.6510416666666667,,,5.871736997210983,-0.08293764166981266,,,,,,,,,163.87997741699218,1.4541258372194503,250.49998474121094,2.222715097820755,,,,,,,,,,,,,,,,,,,"Charles Shirek","sa388975",457654
"Tyler Matzek","COL",5,8,,6.14906848948951,25,25,,,,112.69999694824219,,119,82,77,15,106,0,7,97,7.746229136110162,8.464951427089456,0.9150943396226415,1.197870484965489,,,,,1.996450808275815,,0.7009803921568627,,,6.111311094204082,-0.08293764166981266,,,,,,,,,195.07997741699234,1.7309670159670314,223.49998474121094,1.9831410008276573,,,,,,,,,,,,,,,,,,,"Tyler Matzek","10058",554431
"Matt Zaleski","CHW",5,9,,6.610619469026549,25,22,,,,113,,139,89,83,23,52,1,8,72,5.734513274336283,4.1415929203539825,1.3846153846153846,1.831858407079646,,,,,1.6902654867256637,,0.6423173803526447,,,6.059053864943243,-0.08315841847797856,,,,,,,,,155.89999999999992,1.3796460176991143,230,2.0353982300884956,,,,,,,,,,,,,,,,,,,"Matt Zaleski","sa253571",452747
"Jarred Cosart","HOU",5,11,,6.19593981545889,23,22,,,,113.30000305175781,,133,83,78,15,74,0,8,71,5.639893934584374,5.878199312102024,0.9594594594594594,1.191526887588248,,,,,1.8270078943019805,,0.6666666666666666,,,5.733463497912377,-0.08337919528614446,,,,,,,,,204.12002258300782,1.8015888533538833,267.50001525878906,2.3609885971193614,,,,,,,,,,,,,,,,,,,"Jarred Cosart","10304",543054
"Greg Smith","TOR",4,10,,6.990291073851056,22,21,,,,113.30000305175781,,146,94,88,26,51,1,7,55,4.36893192115691,4.051191417800044,1.0784313725490196,2.06531327181963,,,,,1.7387466433695176,,0.6413449564134496,,,6.642554382516744,-0.08337919528614446,,,,,,,,,75.0200225830078,0.6621361038157879,164.50001525878906,1.4518977125149946,,,,,,,,,,,,,,,,,,,"Greg Smith","3455",460105
"Kyle Drabek","TOR",6,10,,5.684210526315789,22,21,,,,114,,127,77,72,17,68,1,4,72,5.684210526315789,5.368421052631579,1.0588235294117647,1.3421052631578947,,,,,1.7105263157894737,,0.6892523364485982,,,5.66462753362823,-0.08389433368574828,,,,,,,,,232.3,2.037719298245614,277,2.4298245614035086,,,,,,,,,,,,,,,,,,,"Kyle Drabek","4359",475138
"Lorenzo Barcelo","LAD",5,9,,4.960629788813292,18,18,,,,114.30000305175781,,130,67,63,18,23,0,8,58,4.5669290119233485,1.8110235736937415,2.5217391304347827,1.4173227968037978,,,,,1.338582641425809,,0.672926447574335,,,4.94047129333792,-0.08411511049391418,,,,,,,,,309.42002258300784,2.70708673947187,360.50001525878906,3.153980801693819,,,,,,,,,,,,,,,,,,,"Lorenzo Barcelo","1435",150311
"Donn Roach","SDP",6,8,,4.315606043332036,19,17,,,,114.69999694824219,,119,59,55,10,40,0,5,70,5.492589509695318,3.138622576968753,1.75,0.7846556442421883,,,,,1.3862249714945325,,0.6896551724137931,,,4.184251600923666,-0.0844094720853521,,,,,,,,,421.3799774169922,3.673757529454319,448.49998474121094,3.910200494108072,,,,,,,,,,,,,,,,,,,"Donn Roach","10620",543698
"Zach Stewart","CHW",5,9,,6.355710718361725,28,20,,,,114.69999694824219,,143,87,81,23,45,1,6,66,5.178727251998443,3.530950399089847,1.4666666666666666,1.804707981757033,,,,,1.63905845686146,,0.6482670089858793,,,5.884338830115075,-0.0844094720853521,,,,,,,,,173.07997741699222,1.5089797909505935,253.49998474121094,2.210113264916664,,,,,,,,,,,,,,,,,,,"Zach Stewart","7397",543819
"Hiram Burgos","MIL",5,8,,5.5229042079046335,24,20,,,,115.69999694824219,,133,76,71,17,52,1,8,76,5.911841123954256,4.044943926916069,1.4615384615384615,1.322385514568715,,,,,1.5989628770928908,,0.6761786600496278,,,5.246569697172981,-0.08514538729312182,,,,,,,,,273.27997741699215,2.361970480770562,329.49998474121094,2.8478823978587577,,,,,,,,,,,,,,,,,,,"Hiram Burgos","9412",572744
"Simon Castro","CHW",5,8,,5.756266357534407,23,23,,,,115.69999694824219,,136,79,74,20,46,1,8,69,5.3673294414847845,3.578219627656523,1.5,1.5557476641984882,,,,,1.5730337493562492,,0.6688311688311688,,,5.549076187433798,-0.08514538729312182,,,,,,,,,232.57997741699216,2.010198647810126,294.49998474121094,2.5453759075979407,,,,,,,,,,,,,,,,,,,"Simon Castro","9243",501563
"Kyle McPherson","PIT",7,9,,4.344827586206897,26,21,,,,116,,121,60,56,15,30,1,7,85,6.594827586206897,2.3275862068965516,2.8333333333333335,1.1637931034482758,,,,,1.3017241379310345,,0.7,,,4.266865888135187,-0.08536616410128772,,,,,,,,,418.30000000000007,3.6060344827586213,444,3.8275862068965516,,,,,,,,,,,,,,,,,,,"Kyle McPherson","5009",519015
"Jameson Taillon","PIT",5,7,,4.5,21,21,,,,116,,122,62,58,12,40,0,8,77,5.974137931034483,3.103448275862069,1.925,0.9310344827586207,,,,,1.396551724137931,,0.6887052341597797,,,4.353072784686911,-0.08536616410128772,,,,,,,,,403.6000000000001,3.479310344827587,434,3.7413793103448274,,,,,,,,,,,,,,,,,,,"Jameson Taillon","11674",592791
"Eric Stults","SDP",5,7,,4.422413793103448,21,21,,,,116,,122,61,57,12,45,0,5,69,5.353448275862069,3.4913793103448274,1.5333333333333334,0.9310344827586207,,,,,1.4396551724137931,,0.7057256990679095,,,4.542727957100704,-0.08536616410128772,,,,,,,,,381.6000000000001,3.2896551724137937,412,3.5517241379310347,,,,,,,,,,,,,,,,,,,"Eric Stults","8011",445590
"Danny Hultzen","SEA",7,10,,4.422413793103448,26,26,,,,116,,105,61,57,9,83,0,8,110,8.53448275862069,6.439655172413793,1.3253012048192772,0.6982758620689655,,,,,1.6206896551724137,,0.7240592930444698,,,4.559969336411049,-0.08536616410128772,,,,,,,,,421.70000000000005,3.6353448275862075,410,3.5344827586206895,,,,,,,,,,,,,,,,,,,"Danny Hultzen","12874",543343
"Taijuan Walker","SEA",6,11,,4.887931034482759,20,20,,,,116,,119,67,63,13,63,0,9,91,7.060344827586207,4.887931034482759,1.4444444444444444,1.0086206896551724,,,,,1.5689655172413792,,0.702075702075702,,,4.8444520950317385,-0.08536616410128772,,,,,,,,,355.1000000000001,3.0612068965517247,377,3.25,,,,,,,,,,,,,,,,,,,"Taijuan Walker","11836",592836
"P.J. Walters","MIN",5,8,,5.649182998796746,25,23,,,,116.30000305175781,,134,78,73,19,46,1,6,78,6.036113341180085,3.559759149926717,1.6956521739130435,1.4703353010566875,,,,,1.5477213695333554,,0.664928292046936,,,5.2182697521136205,-0.08558694090945362,,,,,,,,,278.5200225830078,2.3948410599701884,334.50001525878906,2.876182342918118,,,,,,,,,,,,,,,,,,,"P.J. Walters","9557",502208
"Ramon Ortiz","TOR",4,9,,6.655201888993428,26,20,,,,116.30000305175781,,149,92,86,25,40,1,7,57,4.411005903170063,3.0954427390667107,1.425,1.9346517119166942,,,,,1.625107438010023,,0.6298701298701299,,,6.121107217674744,-0.08558694090945362,,,,,,,,,138.72002258300785,1.1927774629659493,229.50001525878906,1.9733448773569942,,,,,,,,,,,,,,,,,,,"Ramon Ortiz","27",150009
"Casey Crosby","DET",5,11,,6.500429752040092,24,24,,,,116.30000305175781,,134,90,84,18,89,1,8,74,5.726569067273415,6.887360094423431,0.8314606741573034,1.3929492325800197,,,,,1.9174548078107678,,0.672396359959555,,,6.336068518998822,-0.08558694090945362,,,,,,,,,147.82002258300787,1.2710233766479135,204.50001525878906,1.758383576032917,,,,,,,,,,,,,,,,,,,"Casey Crosby","5261",518582
"Tyler Lyons","STL",7,10,,4.935732776886556,28,20,,,,116.69999694824219,,125,68,64,14,49,0,8,82,6.323907620385899,3.778920407303769,1.6734693877551021,1.0796915449439342,,,,,1.4910026096844804,,0.6865284974093264,,,4.713989412447639,-0.08588130250089154,,,,,,,,,359.37997741699223,3.0795200241211784,394.49998474121094,3.380462682584099,,,,,,,,,,,,,,,,,,,"Tyler Lyons","11334",544928
"Carlos Zambrano",,6,8,,4.538461538461538,28,19,,,,117,,117,63,59,12,60,1,7,87,6.6923076923076925,4.615384615384615,1.45,0.9230769230769231,,,,,1.5128205128205128,,0.7116104868913858,,,4.658554659134302,-0.08610207930905744,,,,,,,,,387.00000000000017,3.3076923076923093,402,3.4358974358974357,,,,,,,,,,,,,,,,,,,"Carlos Zambrano","305",407296
"Zach Jackson","TEX",5,10,,7.153846153846154,27,18,,,,117,,165,100,93,21,62,0,8,44,3.3846153846153846,4.769230769230769,0.7096774193548387,1.6153846153846154,,,,,1.9401709401709402,,0.6427125506072875,,,6.470520471100114,-0.08610207930905744,,,,,,,,,56.50000000000006,0.4829059829059834,190,1.623931623931624,,,,,,,,,,,,,,,,,,,"Zach Jackson","8356",435638
"Brian Duensing","MIN",7,9,,4.680306783604751,43,15,,,,117.30000305175781,,130,65,61,14,34,3,2,78,5.984654575756894,2.608695584304287,2.2941176470588234,1.0741687700076477,,,,,1.3981244308036047,,0.685595567867036,,,4.236822056785903,-0.08632285611722335,,,,,,,,,405.8200225830078,3.4596761468449624,452.50001525878906,3.8576300382458353,,,,,,,,,,,,,,,,,,,"Brian Duensing","4064",488846
"Brad Lincoln","TOR",6,7,,5.294117509323406,39,17,,,,117.30000305175781,,133,74,69,21,31,2,5,88,6.751917982905214,2.378516562159791,2.838709677419355,1.6112531550114715,,,,,1.3981244308036047,,0.6686478454680536,,,4.842107633536244,-0.08632285611722335,,,,,,,,,331.9200225830079,2.8296676380865096,381.50001525878906,3.252344461495494,,,,,,,,,,,,,,,,,,,"Brad Lincoln","4241",453184
"Charles Brewer","ARI",6,8,,5.2761258802162985,22,22,,,,117.69999694824219,,133,74,69,20,38,1,8,80,6.11724739735223,2.9056925137423093,2.1052631578947367,1.5293118493380575,,,,,1.4528462568711547,,0.6783216783216783,,,5.116542206934281,-0.08661721770866126,,,,,,,,,301.17997741699236,2.5588783791509724,350.49998474121094,2.9779098880974573,,,,,,,,,,,,,,,,,,,"Charles Brewer","9155",502033
"Asher Wojciechowski","HOU",5,11,,6.040781804885327,25,24,,,,117.69999694824219,,149,85,79,18,50,0,8,67,5.123194695282493,3.8232796233451443,1.34,1.3763806644042518,,,,,1.6907392112126305,,0.6559263521288837,,,5.422404576801893,-0.08661721770866126,,,,,,,,,222.17997741699224,1.8876804008303794,314.49998474121094,2.6720475182298458,,,,,,,,,,,,,,,,,,,"Asher Wojciechowski","10836",592879
"Garrett Gould","LAD",5,10,,5.352591472683201,26,23,,,,117.69999694824219,,124,75,70,20,57,1,7,86,6.576040952153648,4.358538770613464,1.5087719298245614,1.5293118493380575,,,,,1.5378080262788247,,0.6928104575163399,,,5.473381638446495,-0.08661721770866126,,,,,,,,,282.57997741699234,2.4008494880527063,308.49998474121094,2.621070456585244,,,,,,,,,,,,,,,,,,,"Garrett Gould","sa500824",545340
"Neftalí Feliz","TEX",9,5,,3.6610169491525424,21,21,,,,118,,104,51,48,12,48,1,3,105,8.008474576271187,3.6610169491525424,2.1875,0.9152542372881356,,,,,1.2881355932203389,,0.7470414201183433,,,3.933435145879196,-0.08683799451682717,,,,,,,,,512.2,4.340677966101695,491,4.161016949152542,,,,,,,,,,,,,,,,,,,"Neftali Feliz","18",491703
"Darin Gorski","NYM",5,9,,5.415254237288136,25,21,,,,118,,129,76,71,20,52,2,7,92,7.016949152542373,3.9661016949152543,1.7692307692307692,1.5254237288135593,,,,,1.5338983050847457,,0.6862745098039216,,,5.238519891641908,-0.08683799451682717,,,,,,,,,298.8,2.5322033898305087,337,2.8559322033898304,,,,,,,,,,,,,,,,,,,"Darin Gorski","sa501520",571719
"Daniel Hudson","ARI",8,7,,4.108199386836605,19,19,,,,118.30000305175781,,123,58,54,13,28,0,3,95,7.22738781017551,2.1301774598412027,3.392857142857143,0.9890109634977013,,,,,1.2764158588731016,,0.700301204819277,,,3.703074226414939,-0.08705877132499307,,,,,,,,,492.72002258300773,4.165004309995125,519.5000152587891,4.391377868616799,,,,,,,,,,,,,,,,,,,"Daniel Hudson","7146",543339
"David Phelps","NYY",6,6,,4.640743751796906,29,19,,,,118.30000305175781,,124,65,61,16,41,2,6,93,7.075232277329709,3.1191884233389042,2.268292682926829,1.2172442627664015,,,,,1.3947590510865018,,0.7012622720897616,,,4.47230497580204,-0.08705877132499307,,,,,,,,,401.22002258300773,3.391547018028974,428.50001525878906,3.622147119229698,,,,,,,,,,,,,,,,,,,"David Phelps","6316",475479
"Zach Lee","LAD",5,7,,4.868977051065606,25,25,,,,118.30000305175781,,126,68,64,18,41,3,8,79,6.010143547409108,3.1191884233389042,1.9268292682926829,1.3693997956122017,,,,,1.411665221402702,,0.698166431593794,,,4.979490085288041,-0.08705877132499307,,,,,,,,,337.4200225830077,2.8522401849421932,368.50001525878906,3.1149620097436976,,,,,,,,,,,,,,,,,,,"Zach Lee","11468",545346
"Brandon McCarthy","ARI",8,6,,3.866891422079327,20,19,,,,118.69999694824219,,123,55,51,12,23,1,4,87,6.596461837664735,1.7438922099573435,3.782608695652174,0.9098568051951358,,,,,1.2299916070230539,,0.7043343653250774,,,3.6252018980622345,-0.08735313291643099,,,,,,,,,503.9799774169922,4.245829741990196,530.4999847412109,4.469250196969504,,,,,,,,,,,,,,,,,,,"Brandon McCarthy","4662",435221
"Carlos Torres","NYM",8,9,,4.4734626255427505,36,16,,,,118.69999694824219,,114,63,59,11,67,2,7,96,7.278854441561086,5.080033829006174,1.4328358208955223,0.8340354047622077,,,,,1.5248526087066627,,0.71256038647343,,,4.551907903353577,-0.08735313291643099,,,,,,,,,416.67997741699224,3.5103621577907953,420.49998474121094,3.542544191678162,,,,,,,,,,,,,,,,,,,"Carlos Torres","7624",448614
"Andrew Chafin","ARI",6,6,,4.852569627707391,30,22,,,,118.69999694824219,,114,68,64,14,78,0,7,109,8.26453264718915,5.914069233768382,1.3974358974358974,1.0614996060609918,,,,,1.617523209235797,,0.7192575406032482,,,4.93943950556632,-0.08735313291643099,,,,,,,,,372.77997741699215,3.1405222156790678,374.49998474121094,3.1550125894654193,,,,,,,,,,,,,,,,,,,"Andrew Chafin","12988",605177
"Kyle Lobstein","DET",5,11,,6.672283238097662,25,24,,,,118.69999694824219,,147,94,88,22,71,0,9,66,5.004212428573247,5.383319430737886,0.9295774647887324,1.6680708095244154,,,,,1.8365628104864777,,0.6623931623931625,,,6.413744513984364,-0.08735313291643099,,,,,,,,,117.57997741699222,0.9905642834031552,199.49998474121094,1.680707581047375,,,,,,,,,,,,,,,,,,,"Kyle Lobstein","9178",543456
"Steve Johnson","BAL",6,9,,5.369747899159663,28,21,,,,119,,127,76,71,19,61,1,6,89,6.73109243697479,4.61344537815126,1.459016393442623,1.4369747899159664,,,,,1.5798319327731092,,0.6939281288723668,,,5.3633596580569485,-0.08757390972459689,,,,,,,,,293.6999999999999,2.468067226890755,325,2.73109243697479,,,,,,,,,,,,,,,,,,,"Steve Johnson","4053",489002
"Brooks Raley","CHC",5,10,,5.582564819474972,23,23,,,,119.30000305175781,,146,79,74,15,48,1,8,65,4.903604233322611,3.621123126145928,1.3541666666666667,1.1316009769206026,,,,,1.6261525149821991,,0.6647398843930635,,,5.047511558902111,-0.08779468653276279,,,,,,,,,280.7200225830078,2.3530596429341126,363.50001525878906,3.0469405361296267,,,,,,,,,,,,,,,,,,,"Brooks Raley","10061",548384
"Paul Clemens","HOU",4,10,,6.186085340499294,28,21,,,,119.30000305175781,,147,88,82,19,57,2,8,77,5.808885014859093,4.30008371229829,1.3508771929824561,1.4333612374327631,,,,,1.7099748095689105,,0.6538895152198422,,,5.508534179129024,-0.08779468653276279,,,,,,,,,225.92002258300778,1.8937134685989347,308.50001525878906,2.585917915902715,,,,,,,,,,,,,,,,,,,"Paul Clemens","8037",518560
"Billy Buckner","LAA",6,10,,5.582564819474972,22,22,,,,119.30000305175781,,137,79,74,18,53,1,7,61,4.6018439728104505,3.998323451786129,1.150943396226415,1.357921172304723,,,,,1.5926235971475147,,0.6735436893203883,,,5.542063096963709,-0.08779468653276279,,,,,,,,,247.22002258300785,2.07225495606863,304.50001525878906,2.55238899806803,,,,,,,,,,,,,,,,,,,"Billy Buckner","8253",434438
"Yohan Pino","CIN",6,11,,5.939849775496934,29,20,,,,119.69999694824219,,139,85,79,27,36,1,7,79,5.939849775496934,2.7067669863024,2.1944444444444446,2.0300752397268003,,,,,1.4619883413670371,,0.6559766763848397,,,5.784510643147087,-0.08808904812420071,,,,,,,,,221.27997741699204,1.8486214123520206,276.49998474121094,2.3099414518846517,,,,,,,,,,,,,,,,,,,"Yohan Pino","6955",464416
"Michael Pineda","NYY",7,6,,4.425,20,20,,,,120,,117,63,59,16,43,1,4,102,7.65,3.225,2.372093023255814,1.2,,,,,1.3333333333333333,,0.7049418604651163,,,4.3027854283650715,-0.08830982493236661,,,,,,,,,450.00000000000006,3.7500000000000004,455,3.7916666666666665,,,,,,,,,,,,,,,,,,,"Michael Pineda","5372",501381
"Matt Buschmann","TBR",5,9,,5.775,30,19,,,,120,,136,82,77,19,62,2,8,68,5.1,4.65,1.096774193548387,1.425,,,,,1.65,,0.676779463243874,,,5.769452095031738,-0.08830982493236661,,,,,,,,,226.69999999999993,1.889166666666666,279,2.325,,,,,,,,,,,,,,,,,,,"Matt Buschmann","3832",501936
"Chad Reineke","CIN",5,10,,6.15,25,21,,,,120,,144,88,82,24,50,1,8,64,4.8,3.75,1.28,1.8,,,,,1.6166666666666667,,0.6608478802992519,,,6.077785428365072,-0.08830982493236661,,,,,,,,,172.39999999999992,1.436666666666666,242,2.0166666666666666,,,,,,,,,,,,,,,,,,,"Chad Reineke","7641",448656
"Chris Dwyer","KCR",5,13,,6.975,25,25,,,,120,,140,100,93,26,91,0,8,70,5.25,6.825,0.7692307692307693,1.95,,,,,1.925,,0.6731757451181912,,,7.2194520950317385,-0.08830982493236661,,,,,,,,,47.19999999999999,0.39333333333333326,105,0.875,,,,,,,,,,,,,,,,,,,"Chris Dwyer","10045",543125
"José Cisnero","HOU",7,12,,5.311720563507192,27,27,,,,120.30000305175781,,135,76,71,19,60,1,10,102,7.630922499686389,4.4887779409919935,1.7,1.421446347980798,,,,,1.6209475898026644,,0.7066508313539193,,,5.197527685903913,-0.08853060174053251,,,,,,,,,299.52002258300786,2.489775685659314,348.50001525878906,2.8969244091278252,,,,,,,,,,,,,,,,,,,"Jose Cisnero","6399",542585
"Pat Misch","DET",6,11,,6.284289117388791,24,21,,,,120.30000305175781,,156,90,84,23,36,2,7,58,4.339152009625594,2.6932667645951964,1.6111111111111112,1.7206982107135975,,,,,1.596009934574931,,0.6382978723404255,,,5.687968238716001,-0.08853060174053251,,,,,,,,,188.7200225830078,1.5687449525816968,289.50001525878906,2.406483856315737,,,,,,,,,,,,,,,,,,,"Pat Misch","5909",435619
"Joe Gardner","COL",7,10,,5.985037254655992,26,24,,,,120.30000305175781,,143,86,80,17,65,3,9,65,4.862842769407993,4.862842769407993,1,1.2718204166143983,,,,,1.7290107624561755,,0.6623235613463627,,,5.696280790458579,-0.08853060174053251,,,,,,,,,217.32002258300787,1.8064839324194215,288.50001525878906,2.398171304573159,,,,,,,,,,,,,,,,,,,"Joe Gardner","sa501227",571688
"Brad Bergesen","ARI",5,7,,5.294117780914377,36,15,,,,120.69999694824219,,138,76,71,18,40,2,6,67,4.995857624243144,2.982601566712325,1.675,1.3421707050205463,,,,,1.4747307746522051,,0.6675392670157068,,,5.066283130802665,-0.08882496333197043,,,,,,,,,308.9799774169922,2.559900457574055,365.49998474121094,3.028168964229074,,,,,,,,,,,,,,,,,,,"Brad Bergesen","8375",448269
"Marco Estrada","MIL",8,6,,4.090909090909091,21,21,,,,121,,118,59,55,15,34,1,2,114,8.479338842975206,2.5289256198347108,3.3529411764705883,1.115702479338843,,,,,1.256198347107438,,0.7099236641221374,,,3.71428680577554,-0.08904574014013633,,,,,,,,,524.1000000000001,4.3314049586776875,530,4.380165289256198,,,,,,,,,,,,,,,,,,,"Marco Estrada","1118",462136
"Jeff Karstens","PIT",6,7,,4.1652892561983474,25,20,,,,121,,127,60,56,15,25,3,2,79,5.87603305785124,1.859504132231405,3.16,1.115702479338843,,,,,1.256198347107438,,0.7022900763358778,,,4.069658706601986,-0.08904574014013633,,,,,,,,,457.7000000000001,3.7826446280991743,487,4.024793388429752,,,,,,,,,,,,,,,,,,,"Jeff Karstens","5879",444371
"Adam Conley",,7,9,,4.6115702479338845,26,26,,,,121,,119,66,62,12,63,0,9,101,7.512396694214876,4.68595041322314,1.6031746031746033,0.8925619834710744,,,,,1.5041322314049588,,0.7021791767554479,,,4.499410772717689,-0.08904574014013633,,,,,,,,,424.40000000000003,3.507438016528926,435,3.5950413223140494,,,,,,,,,,,,,,,,,,,"Adam Conley","14457",543045
"Justin Wilson","PIT",6,11,,5.132231404958677,32,23,,,,121,,123,74,69,14,80,2,8,92,6.8429752066115705,5.950413223140496,1.15,1.0413223140495869,,,,,1.677685950413223,,0.703380588876772,,,5.259741351230085,-0.08904574014013633,,,,,,,,,323.40000000000003,2.672727272727273,343,2.834710743801653,,,,,,,,,,,,,,,,,,,"Justin Wilson","4301",458677
"Jason Adam","KCR",6,11,,6.1735537190082646,24,24,,,,121,,145,89,83,28,41,0,8,63,4.68595041322314,3.049586776859504,1.5365853658536586,2.0826446280991737,,,,,1.537190082644628,,0.6607629427792915,,,6.27627027684992,-0.08904574014013633,,,,,,,,,153,1.2644628099173554,220,1.8181818181818181,,,,,,,,,,,,,,,,,,,"Jason Adam","11861",592094
"Brad Mills","LAA",6,11,,5.564715441202277,23,22,,,,121.30000305175781,,143,80,75,18,50,1,7,77,5.713107852967671,3.709810294134851,1.54,1.3355317058885465,,,,,1.5910964150400584,,0.6734207389749701,,,5.1637018368714,-0.08926651694830223,,,,,,,,,287.420022583008,2.369497241153143,355.50001525878906,2.9307502581603386,,,,,,,,,,,,,,,,,,,"Brad Mills","4420",502166
"Felix Doubront","BOS",8,7,,4.585045308072702,29,23,,,,121.69999694824219,,124,66,62,15,53,0,4,111,8.208710148323709,3.9194742149653745,2.0943396226415096,1.1092851551788796,,,,,1.454396092345642,,0.7115384615384616,,,4.27768959388921,-0.08956087853974015,,,,,,,,,444.67997741699224,3.6539029463255472,464.49998474121094,3.8167625011425286,,,,,,,,,,,,,,,,,,,"Felix Doubront","1478",467094
"Tanner Roark","WSN",7,12,,5.7682828069301735,25,23,,,,121.69999694824219,,152,83,78,16,50,3,8,74,5.472473432215805,3.6976171839295984,1.48,1.1832374988574714,,,,,1.6598192692306197,,0.6625835189309577,,,5.01721303067513,-0.08956087853974015,,,,,,,,,282.57997741699234,2.3219390674033527,374.49998474121094,3.077239064356609,,,,,,,,,,,,,,,,,,,"Tanner Roark","8753",543699
"Tyler Thornburg","MIL",7,8,,5.176664057501438,27,24,,,,121.69999694824219,,126,75,70,19,64,0,8,106,7.838948429930749,4.732949995429886,1.65625,1.4050945298932473,,,,,1.5612161443258306,,0.7037943696450428,,,5.1569007909569144,-0.08956087853974015,,,,,,,,,335.2799774169922,2.7549711242768846,357.49998474121094,2.937551304074824,,,,,,,,,,,,,,,,,,,"Tyler Thornburg","10688",592804
"Brandon Beachy","ATL",8,5,,3.3934426229508197,20,20,,,,122,,108,49,46,12,43,4,4,119,8.778688524590164,3.1721311475409837,2.7674418604651163,0.8852459016393442,,,,,1.2377049180327868,,0.760059612518629,,,3.578058652408788,-0.08978165534790605,,,,,,,,,571.4000000000001,4.68360655737705,551,4.516393442622951,,,,,,,,,,,,,,,,,,,"Brandon Beachy","8851",545404
"Shairon Martis","MIN",5,10,,6.344262295081967,25,22,,,,122,,148,92,86,24,58,1,8,75,5.532786885245901,4.278688524590164,1.293103448275862,1.7704918032786885,,,,,1.6885245901639345,,0.6612529002320185,,,6.045271767162886,-0.08978165534790605,,,,,,,,,174.80000000000013,1.4327868852459027,250,2.0491803278688523,,,,,,,,,,,,,,,,,,,"Shairon Martis","6781",463017
"Charlie Leesman","CHW",7,12,,6.181520696120163,26,26,,,,122.30000305175781,,145,90,84,16,86,1,9,66,4.856909118380128,6.3286997603135005,0.7674418604651163,1.1774325135466976,,,,,1.888797990481161,,0.675934803451582,,,6.04620999357589,-0.09000243215607195,,,,,,,,,178.2200225830079,1.4572364524601404,250.50001525878906,2.0482421014558483,,,,,,,,,,,,,,,,,,,"Charlie Leesman","9124",489056
"Josh Collmenter","ARI",8,6,,4.107579564265183,29,19,,,,122.69999694824219,,124,60,56,15,33,2,3,95,6.968215332235579,2.4205379575134116,2.878787878787879,1.1002445261424598,,,,,1.2795436341064164,,0.7132352941176471,,,4.015397513210242,-0.09029679374750987,,,,,,,,,483.07997741699234,3.93708222845977,500.49998474121094,4.079054581821497,,,,,,,,,,,,,,,,,,,"Josh Collmenter","7312",518567
"Chris Hernandez","BOS",7,9,,5.574572265788463,25,24,,,,122.69999694824219,,143,81,76,16,63,1,8,59,4.327628469493676,4.621027009798332,0.9365079365079365,1.1735941612186238,,,,,1.6788916472988646,,0.6808278867102396,,,5.563889809262593,-0.09029679374750987,,,,,,,,,244.3799774169924,1.9916869070508434,310.49998474121094,2.5305622857691454,,,,,,,,,,,,,,,,,,,"Chris Hernandez","sa226320",458248
"Jair Jurrjens","BAL",6,11,,6.014670076245447,23,23,,,,122.69999694824219,,151,88,82,24,42,3,4,64,4.694376644874495,3.0806846731988875,1.5238095238095237,1.7603912418279357,,,,,1.5729421744110723,,0.6587202007528231,,,5.718739038867827,-0.09029679374750987,,,,,,,,,210.1799774169923,1.7129582937614194,291.49998474121094,2.3757130561639106,,,,,,,,,,,,,,,,,,,"Jair Jurrjens","5556",457453
"Trevor Rosenthal","STL",8,7,,3.8048780487804876,33,21,,,,123,,110,56,52,12,51,0,8,114,8.341463414634147,3.731707317073171,2.235294117647059,0.8780487804878049,,,,,1.3089430894308942,,0.7281553398058253,,,3.948110631617104,-0.09051757055567577,,,,,,,,,527.6,4.289430894308944,510,4.146341463414634,,,,,,,,,,,,,,,,,,,"Trevor Rosenthal","10745",572096
"Phil Irwin","PIT",6,8,,4.317073170731708,24,22,,,,123,,131,63,59,13,29,1,7,80,5.853658536585366,2.1219512195121952,2.7586206896551726,0.9512195121951219,,,,,1.3008130081300813,,0.6840620592383638,,,4.04567160722686,-0.09051757055567577,,,,,,,,,461.70000000000005,3.753658536585366,498,4.048780487804878,,,,,,,,,,,,,,,,,,,"Phil Irwin","9489",572947
"Philip Humber","HOU",5,8,,5.2682926829268295,27,20,,,,123,,139,77,72,20,38,2,5,88,6.439024390243903,2.7804878048780486,2.3157894736842106,1.4634146341463414,,,,,1.4390243902439024,,0.6711409395973155,,,4.826159412104909,-0.09051757055567577,,,,,,,,,349.8,2.8439024390243905,402,3.268292682926829,,,,,,,,,,,,,,,,,,,"Philip Humber","8586",458950
"Andy Oliver","PIT",5,12,,5.487804878048781,27,23,,,,123,,127,80,75,14,95,1,8,88,6.439024390243903,6.951219512195122,0.9263157894736842,1.024390243902439,,,,,1.8048780487804879,,0.7015810276679841,,,5.6554277047878365,-0.09051757055567577,,,,,,,,,274.8,2.234146341463415,300,2.4390243902439024,,,,,,,,,,,,,,,,,,,"Andy Oliver","10257",501989
"Chad Jenkins","TOR",6,11,,6.365853658536586,23,23,,,,123,,163,93,87,23,40,1,8,56,4.097560975609756,2.926829268292683,1.4,1.6829268292682926,,,,,1.6504065040650406,,0.6440281030444964,,,5.785509005600844,-0.09051757055567577,,,,,,,,,171.49999999999994,1.3943089430894304,284,2.3089430894308944,,,,,,,,,,,,,,,,,,,"Chad Jenkins","10326",554432
"Mike Kickham","SFG",8,11,,4.45255463432183,25,24,,,,123.30000305175781,,123,65,61,11,64,0,7,99,7.22627719340756,4.671532731091756,1.546875,0.8029196881563956,,,,,1.516626077628747,,0.710955710955711,,,4.375879476129825,-0.09073834736384168,,,,,,,,,442.32002258300776,3.5873480262391757,458.50001525878906,3.718572618901914,,,,,,,,,,,,,,,,,,,"Mike Kickham","11618",592464
"Zach Clark","BAL",6,11,,5.839415913864695,25,21,,,,123.30000305175781,,153,86,80,16,52,1,8,52,3.7956203440120517,3.7956203440120517,1,1.167883182772939,,,,,1.6626114754753645,,0.651697699890471,,,5.397777261056145,-0.09073834736384168,,,,,,,,,241.82002258300776,1.9612329002254658,332.50001525878906,2.696674833975593,,,,,,,,,,,,,,,,,,,"Zach Clark","9189",503483
"Nestor Molina","CHW",6,10,,5.839415913864695,25,23,,,,123.30000305175781,,150,86,80,23,38,0,8,74,5.4014597203248425,2.77372255908573,1.9473684210526316,1.6788320752360997,,,,,1.5247363775091147,,0.6546854942233632,,,5.438328760457984,-0.09073834736384168,,,,,,,,,249.52002258300763,2.0236822093042957,327.50001525878906,2.6561233345737545,,,,,,,,,,,,,,,,,,,"Nestor Molina","sa503616",500882
"Derek Lowe","NYY",7,10,,5.456750336723367,29,20,,,,123.69999694824219,,149,80,75,13,48,2,2,63,4.583670282847628,3.492320215502955,1.3125,0.9458367250320503,,,,,1.5925626908659307,,0.6543624161073825,,,4.654678487605976,-0.0910327089552796,,,,,,,,,344.0799774169922,2.7815681964888013,425.49998474121094,3.439773607425763,,,,,,,,,,,,,,,,,,,"Derek Lowe","199",117955
"Carl Pavano","MIN",6,8,,4.717741935483871,20,20,,,,124,,143,70,65,15,22,1,4,64,4.645161290322581,1.596774193548387,2.909090909090909,1.0887096774193548,,,,,1.3306451612903225,,0.6597222222222222,,,4.2638069337414155,-0.0912534857634455,,,,,,,,,411.2999999999999,3.316935483870967,475,3.8306451612903225,,,,,,,,,,,,,,,,,,,"Carl Pavano","790",134321
"Bear Bay","SDP",5,9,,4.778760944620909,24,19,,,,124.30000305175781,,138,71,66,15,39,0,7,64,4.633950006905124,2.8238132854578097,1.641025641025641,1.0860820328683884,,,,,1.4239742208718869,,0.6794871794871795,,,4.743687774572624,-0.0914742625716114,,,,,,,,,366.5200225830078,2.948672675658672,416.50001525878906,3.350764320459114,,,,,,,,,,,,,,,,,,,"Bear Bay","sa226381",445948
"Josh Tomlin","CLE",6,9,,5.052125223880213,23,20,,,,124.69999694824219,,137,75,70,19,30,3,4,71,5.124298441364217,2.1651965245200917,2.3666666666666667,1.371291132196058,,,,,1.3392141466476122,,0.6552706552706552,,,4.754436097163809,-0.09176862416304932,,,,,,,,,372.87997741699206,2.990216411727413,416.49998474121094,3.34001599786793,,,,,,,,,,,,,,,,,,,"Josh Tomlin","9388",458708
"Chad Rogers","CIN",5,7,,5.1715880623907875,22,22,,,,125.30000305175781,,137,77,72,20,49,1,6,84,6.033519406122586,3.519552986904842,1.7142857142857142,1.4365522395529966,,,,,1.484437314204763,,0.689873417721519,,,5.145529459282406,-0.09221017777938112,,,,,,,,,328.0200225830079,2.617877211443581,369.50001525878906,2.9489226357493328,,,,,,,,,,,,,,,,,,,"Chad Rogers","sa549784",572090
"Jose Alvarez","DET",6,10,,5.961691794144936,25,24,,,,125.30000305175781,,159,89,83,20,40,1,9,56,4.022346270748391,2.873104479105993,1.4,1.4365522395529966,,,,,1.5881883092835907,,0.6432748538011696,,,5.448801598743595,-0.09221017777938112,,,,,,,,,232.82002258300787,1.858100693635551,331.50001525878906,2.645650496288144,,,,,,,,,,,,,,,,,,,"Jose Alvarez","5358",501625
"Kevin Millwood","SEA",5,9,,4.58233901339848,22,22,,,,125.69999694824219,,133,68,64,15,44,2,3,80,5.727923766748099,3.1503580717114548,1.8181818181818181,1.0739857062652687,,,,,1.4081145926589078,,0.6987179487179487,,,4.494611238014607,-0.09250453937081904,,,,,,,,,418.8799774169922,3.3323785806412456,452.49998474121094,3.5998408570171314,,,,,,,,,,,,,,,,,,,"Kevin Millwood","106",119154
"Clayton Blackburn","SFG",4,8,,5.011933295904587,22,22,,,,125.69999694824219,,137,75,70,24,27,0,8,95,6.801909473013368,1.9331742712774835,3.5185185185185186,1.71837713002443,,,,,1.3046937468704005,,0.6825153374233128,,,4.900339171492598,-0.09250453937081904,,,,,,,,,363.77997741699215,2.894033303491495,401.49998474121094,3.194112923539141,,,,,,,,,,,,,,,,,,,"Clayton Blackburn","sa598302",607185
"Joe Martinez","CLE",6,10,,5.441527578410694,28,20,,,,125.69999694824219,,152,81,76,16,46,1,8,69,4.9403342488202355,3.2935561658801573,1.5,1.14558475334962,,,,,1.5751790358557274,,0.6662870159453304,,,4.940116419872792,-0.09250453937081904,,,,,,,,,314.17997741699224,2.49944299955996,396.49998474121094,3.1543356751589458,,,,,,,,,,,,,,,,,,,"Joe Martinez","3935",458155
"Ariel Peña","MIL",6,8,,5.584725672579397,25,25,,,,125.69999694824219,,133,83,78,18,88,0,10,110,7.875895179278637,6.3007161434229095,1.25,1.2887828475183223,,,,,1.758154378404625,,0.7048008171603677,,,5.5447305952517585,-0.09250453937081904,,,,,,,,,288.9799774169922,2.2989656677237758,320.49998474121094,2.5497214997799795,,,,,,,,,,,,,,,,,,,"Ariel Pena","10240",516414
"Rudy Owens","HOU",5,12,,6.229117096338558,24,24,,,,125.69999694824219,,158,93,87,25,43,2,8,74,5.298329484241992,3.0787590246271033,1.7209302325581395,1.789976177108781,,,,,1.5990453848838444,,0.6506024096385542,,,5.7197504881246175,-0.09250453937081904,,,,,,,,,206.87997741699218,1.6458232493209717,298.49998474121094,2.374701606907121,,,,,,,,,,,,,,,,,,,"Rudy Owens","5226",502168
"John Danks","CHW",8,7,,4.5,20,20,,,,126,,129,67,63,15,41,2,3,93,6.642857142857143,2.9285714285714284,2.268292682926829,1.0714285714285714,,,,,1.3492063492063493,,0.6912751677852349,,,4.213499714079358,-0.09272531617898494,,,,,,,,,466.50000000000006,3.702380952380953,489,3.880952380952381,,,,,,,,,,,,,,,,,,,"John Danks","6329",433579
"Justin Grimm","TEX",6,9,,5.857142857142857,27,24,,,,126,,154,88,82,20,51,0,8,71,5.071428571428571,3.642857142857143,1.392156862745098,1.4285714285714286,,,,,1.626984126984127,,0.6610169491525424,,,5.435721936301579,-0.09272531617898494,,,,,,,,,251.00000000000006,1.9920634920634925,335,2.6587301587301586,,,,,,,,,,,,,,,,,,,"Justin Grimm","11720",518748
"Brad Peacock","HOU",6,13,,6.057006979536672,27,24,,,,126.30000305175781,,149,91,85,20,71,1,8,105,7.482185092368829,5.059382300554161,1.4788732394366197,1.4251781128321581,,,,,1.7418843601281933,,0.671875,,,5.366819419380791,-0.09294609298715084,,,,,,,,,274.22002258300796,2.1711798571424614,344.50001525878906,2.727632675650948,,,,,,,,,,,,,,,,,,,"Brad Peacock","5401",502748
"Dylan Axelrod","CHW",6,7,,4.972375810374796,27,21,,,,126.69999694824219,,140,75,70,16,52,1,8,85,6.037884912597967,3.6937648877069917,1.6346153846153846,1.136543042371382,,,,,1.5153907231618429,,0.6898584905660378,,,4.815051978621748,-0.09324045457858876,,,,,,,,,366.7799774169923,2.894869662600106,415.49998474121094,3.279400116409991,,,,,,,,,,,,,,,,,,,"Dylan Axelrod","9303",518420
"Brandon Workman","BOS",8,9,,5.114443690671219,26,26,,,,126.69999694824219,,144,77,72,19,41,0,8,79,5.611681271708699,2.9123915460766665,1.9268292682926829,1.3496448628160163,,,,,1.4601421030465673,,0.6818181818181818,,,4.95711985891817,-0.09324045457858876,,,,,,,,,340.4799774169922,2.6872927041669983,397.49998474121094,3.1373322361135685,,,,,,,,,,,,,,,,,,,"Brandon Workman","11428",519443
"Jeurys Familia","NYM",6,9,,5.114443690671219,30,26,,,,126.69999694824219,,130,77,72,13,84,0,8,102,7.245461895117561,5.966850972449756,1.2142857142857142,0.9234412219267479,,,,,1.6890292435241372,,0.6996935648621041,,,4.99658315900051,-0.09324045457858876,,,,,,,,,367.6799774169923,2.901973056614927,392.49998474121094,3.0978689360312286,,,,,,,,,,,,,,,,,,,"Jeurys Familia","5114",544727
"Nick Blackburn","MIN",5,11,,6.108918852746179,24,23,,,,126.69999694824219,,165,92,86,22,40,2,3,57,4.0489345884480485,2.8413576059284553,1.425,1.5627466832606502,,,,,1.6179953033759258,,0.6486796785304249,,,5.470142759988586,-0.09324045457858876,,,,,,,,,222.97997741699226,1.759905152232017,332.49998474121094,2.6243093350431526,,,,,,,,,,,,,,,,,,,"Nick Blackburn","4270",448147
"Greg Reynolds","CIN",5,11,,6.535122493635447,25,22,,,,126.69999694824219,,174,98,92,22,43,1,8,53,3.764798827855203,3.0544594263730893,1.2325581395348837,1.5627466832606502,,,,,1.712707223573541,,0.6390977443609023,,,5.722707880515559,-0.09324045457858876,,,,,,,,,167.57997741699222,1.3226517873196932,300.49998474121094,2.371744214516179,,,,,,,,,,,,,,,,,,,"Greg Reynolds","5712",453353
"Rob Rasmussen","LAD",6,13,,5.753749152005121,26,25,,,,126.69999694824219,,137,87,81,21,82,2,9,86,6.108918852746179,5.824783092153333,1.048780487804878,1.491712743112439,,,,,1.7284925436064769,,0.6962025316455697,,,6.046306941190744,-0.09324045457858876,,,,,,,,,222.07997741699234,1.7528017582171964,259.49998474121094,2.0481451538409936,,,,,,,,,,,,,,,,,,,"Rob Rasmussen","11250",519169
"Bartolo Colon","OAK",8,8,,4.110236220472441,20,20,,,,127,,136,62,58,15,23,3,1,75,5.31496062992126,1.6299212598425197,3.260869565217391,1.062992125984252,,,,,1.2519685039370079,,0.7028985507246377,,,4.015711937551424,-0.09346123138675466,,,,,,,,,479.70000000000016,3.7771653543307098,518,4.078740157480315,,,,,,,,,,,,,,,,,,,"Bartolo Colon","375",112526
"John Lackey","BOS",8,9,,5.244094488188976,21,21,,,,127,,147,79,74,16,45,1,10,78,5.52755905511811,3.188976377952756,1.7333333333333334,1.1338582677165354,,,,,1.5118110236220472,,0.6662735849056604,,,4.803113512354573,-0.09346123138675466,,,,,,,,,351.80000000000024,2.7700787401574822,418,3.2913385826771653,,,,,,,,,,,,,,,,,,,"John Lackey","1507",407793
"Trevor Bauer","CLE",7,8,,4.454045454888703,24,24,,,,127.30000305175781,,119,67,63,15,74,0,7,134,9.473683983414068,5.231735931139112,1.8108108108108107,1.060487013068739,,,,,1.5161036557204934,,0.7325581395348837,,,4.429880185562743,-0.09368200819492056,,,,,,,,,473.1200225830078,3.716575107941247,466.50001525878906,3.6645719094689952,,,,,,,,,,,,,,,,,,,"Trevor Bauer","12703",545333
"Daniel Corcino","CIN",7,10,,5.21534859761927,26,26,,,,127.69999694824219,,133,79,74,19,67,0,10,95,6.695379956403118,4.722004811357988,1.4179104477611941,1.3390759912806234,,,,,1.5661707500358168,,0.6978085351787774,,,5.349737975083315,-0.09397636978635848,,,,,,,,,324.4799774169923,2.540955248013879,350.49998474121094,2.7447141199484237,,,,,,,,,,,,,,,,,,,"Daniel Corcino","9266",542289
"Omar Poveda",,5,10,,5.708692383880552,25,25,,,,127.69999694824219,,145,87,81,19,68,2,9,82,5.7791700676321645,4.7924824951096,1.2058823529411764,1.3390759912806234,,,,,1.667971848788145,,0.6759656652360515,,,5.553340172587971,-0.09397636978635848,,,,,,,,,267.2799774169923,2.0930304135036355,324.49998474121094,2.5411119224437675,,,,,,,,,,,,,,,,,,,"Omar Poveda","sa294843",452326
"Josh Stinson","MIL",7,11,,5.8359375,39,20,,,,128,,149,89,83,16,79,1,8,70,4.921875,5.5546875,0.8860759493670886,1.125,,,,,1.78125,,0.6760700389105059,,,5.6647645950317385,-0.09419714659452438,,,,,,,,,242.00000000000006,1.8906250000000004,311,2.4296875,,,,,,,,,,,,,,,,,,,"Josh Stinson","3219",502139
"Hisashi Iwakuma","SEA",8,9,,3.8581448809499315,24,18,,,,128.3000030517578,,127,59,55,16,33,1,6,101,7.084956963198965,2.314886928569959,3.0606060606060606,1.1223694199127074,,,,,1.2470771332363415,,0.7340116279069768,,,4.053142641207176,-0.09441792340269028,,,,,,,,,507.4200225830078,3.954949419434606,518.5000152587891,4.041309453824563,,,,,,,,,,,,,,,,,,,"Hisashi Iwakuma","13048",547874
"Luke French","MIN",5,10,,6.433566586120334,26,23,,,,128.6999969482422,,159,98,92,22,65,2,7,58,4.055944152119341,4.545454653237193,0.8923076923076924,1.5384615749418191,,,,,1.740481781752361,,0.6521739130434783,,,6.093675165372861,-0.0947122849941282,,,,,,,,,168.37997741699218,1.308313763866736,257.49998474121094,2.0007769296588775,,,,,,,,,,,,,,,,,,,"Luke French","7529",448287
"Aaron Northcraft","ATL",9,9,,4.325581395348837,25,24,,,,129,,129,66,62,11,63,1,8,98,6.837209302325581,4.395348837209302,1.5555555555555556,0.7674418604651163,,,,,1.4883720930232558,,0.7134767836919592,,,4.334762172551118,-0.0949330618022941,,,,,,,,,466.8999999999999,3.6193798449612395,485,3.75968992248062,,,,,,,,,,,,,,,,,,,"Aaron Northcraft","10218",573062
"Allen Webster","BOS",8,8,,4.883720930232558,28,24,,,,129,,142,75,70,11,61,2,9,83,5.790697674418604,4.255813953488372,1.360655737704918,0.7674418604651163,,,,,1.573643410852713,,0.6823027718550106,,,4.544064498132514,-0.0949330618022941,,,,,,,,,406.09999999999997,3.148062015503876,458,3.550387596899225,,,,,,,,,,,,,,,,,,,"Allen Webster","3993",543903
"Vin Mazzaro","PIT",5,7,,4.3155451417633515,33,19,,,,129.3000030517578,,134,66,62,11,52,2,7,85,5.91647317822395,3.619489473737005,1.6346153846153846,0.7656612348289817,,,,,1.4385150472544506,,0.7033997655334115,,,4.25454487507565,-0.09515383861046,,,,,,,,,466.1200225830078,3.6049498188830165,496.50001525878906,3.839907219956088,,,,,,,,,,,,,,,,,,,"Vin Mazzaro","5231",476570
"Chris Schwinden","NYM",7,10,,5.081206376592334,27,24,,,,129.3000030517578,,146,78,73,17,48,2,7,87,6.05568431182922,3.341067206526466,1.8125,1.18329463564479,,,,,1.5003866621901258,,0.6815511163337251,,,4.734049890827134,-0.09515383861046,,,,,,,,,377.12002258300777,2.9166281027236285,434.50001525878906,3.3604022042046044,,,,,,,,,,,,,,,,,,,"Chris Schwinden","7851",452737
"Alex White","HOU",6,9,,5.081206376592334,28,26,,,,129.3000030517578,,141,78,73,17,59,7,8,89,6.194895445434489,4.106728441355448,1.5084745762711864,1.18329463564479,,,,,1.5467903733918824,,0.6923950056753689,,,4.981536350569835,-0.09515383861046,,,,,,,,,358.12002258300777,2.7696830172513995,402.50001525878906,3.1129157444619033,,,,,,,,,,,,,,,,,,,"Alex White","10054",502229
"Tyler Chatwood","COL",7,9,,5.568445344210777,30,25,,,,129.3000030517578,,152,86,80,17,67,3,5,79,5.498839777408142,4.663572975776526,1.1791044776119404,1.18329463564479,,,,,1.6937354588641111,,0.6813524590163935,,,5.252224665913414,-0.09515383861046,,,,,,,,,294.5200225830078,2.2778036785127815,367.50001525878906,2.8422274291183243,,,,,,,,,,,,,,,,,,,"Tyler Chatwood","4338",543022
"Pedro Villarreal","CIN",6,10,,5.638050911013411,27,24,,,,129.3000030517578,,150,87,81,22,46,0,9,75,5.220417510197603,3.2018560729211964,1.6304347826086956,1.5313224696579635,,,,,1.5158545659240448,,0.6598062953995157,,,5.4223716069865215,-0.09515383861046,,,,,,,,,281.2200225830078,2.174942118682221,345.50001525878906,2.672080488045217,,,,,,,,,,,,,,,,,,,"Pedro Villarreal","9904",543881
"Jerome Williams","LAA",6,8,,4.579799645153734,28,17,,,,129.6999969482422,,140,71,66,17,33,1,6,86,5.967617719442745,2.289899822576867,2.606060606060606,1.179645363145659,,,,,1.3338473713999934,,0.6836461126005362,,,4.374328763542715,-0.09544820020189793,,,,,,,,,441.6799774169921,3.405396976171464,482.49998474121094,3.720123331489024,,,,,,,,,,,,,,,,,,,"Jerome Williams","1137",425532
"Sean O'Sullivan","SDP",7,11,,4.984615384615385,28,21,,,,130,,143,77,72,15,53,2,7,65,4.5,3.669230769230769,1.2264150943396226,1.0384615384615385,,,,,1.5076923076923077,,0.68,,,4.979067479647123,-0.09566897701006383,,,,,,,,,355.7,2.736153846153846,405,3.1153846153846154,,,,,,,,,,,,,,,,,,,"Sean O'Sullivan","9137",457711
"Zach Duke","WSN",6,11,,5.607692307692307,28,21,,,,130,,166,87,81,18,40,0,6,62,4.292307692307692,2.769230769230769,1.55,1.2461538461538462,,,,,1.5846153846153845,,0.6581858407079646,,,5.0021444027240465,-0.09566897701006383,,,,,,,,,295,2.269230769230769,402,3.0923076923076924,,,,,,,,,,,,,,,,,,,"Zach Duke","3840",435043
"Will Savage","LAD",5,10,,5.3307692307692305,26,22,,,,130,,154,82,77,18,42,1,8,57,3.9461538461538463,2.9076923076923076,1.3571428571428572,1.2461538461538462,,,,,1.5076923076923077,,0.667447306791569,,,5.171375171954816,-0.09566897701006383,,,,,,,,,304.2,2.34,380,2.923076923076923,,,,,,,,,,,,,,,,,,,"Will Savage","sa327775",501824
"Ross Detwiler","WSN",8,8,,4.075210955974238,27,23,,,,130.3000030517578,,135,63,59,12,43,1,5,84,5.801995259353151,2.970069001811732,1.9534883720930232,0.8288564656218788,,,,,1.3660782488953187,,0.7133995037220844,,,4.1074988863473685,-0.09588975381822973,,,,,,,,,489.6200225830079,3.757636309406078,519.5000152587891,3.9869532086843704,,,,,,,,,,,,,,,,,,,"Ross Detwiler","2859",446321
"Joe Blanton","LAA",6,7,,4.489639188785176,21,20,,,,130.3000030517578,,140,70,65,19,25,2,2,98,6.768994469245343,1.726784303378914,3.92,1.3123560705679747,,,,,1.266308489144537,,0.6864161849710982,,,4.1074988863473685,-0.09588975381822973,,,,,,,,,481.52002258300786,3.6954720744844365,519.5000152587891,3.9869532086843704,,,,,,,,,,,,,,,,,,,"Joe Blanton","4849",430599
"J.A. Happ","TOR",8,10,,5.164498972921194,25,23,,,,130.6999969482422,,137,80,75,20,58,2,4,109,7.505738507312135,3.9938792057257237,1.8793103448275863,1.3771997261123186,,,,,1.4919663699550116,,0.688622754491018,,,4.838905081440675,-0.09618411540966765,,,,,,,,,396.9799774169922,3.0373373120597558,425.49998474121094,3.2555470135910634,,,,,,,,,,,,,,,,,,,"J.A. Happ","7410",457918
"Matt Magill","LAD",6,11,,4.877862595419847,25,23,,,,131,,133,76,71,16,70,1,9,102,7.00763358778626,4.809160305343512,1.457142857142857,1.099236641221374,,,,,1.549618320610687,,0.7032115171650055,,,4.934146751520288,-0.09640489221783355,,,,,,,,,393.8000000000001,3.006106870229009,414,3.1603053435114505,,,,,,,,,,,,,,,,,,,"Matt Magill","3950",543483
"Brian Matusz","BAL",7,10,,5.4961832061068705,33,23,,,,131,,148,86,80,21,55,3,4,98,6.732824427480916,3.7786259541984735,1.7818181818181817,1.4427480916030535,,,,,1.549618320610687,,0.673963133640553,,,5.033383392741662,-0.09640489221783355,,,,,,,,,345.3000000000001,2.6358778625954207,401,3.0610687022900764,,,,,,,,,,,,,,,,,,,"Brian Matusz","2646",451085
"D.J. Mitchell","SEA",5,12,,5.427480916030534,26,22,,,,131,,145,85,79,16,73,1,8,72,4.9465648854961835,5.015267175572519,0.9863013698630136,1.099236641221374,,,,,1.6641221374045803,,0.679959100204499,,,5.437963545413417,-0.09640489221783355,,,,,,,,,296.60000000000014,2.264122137404581,348,2.6564885496183206,,,,,,,,,,,,,,,,,,,"D.J. Mitchell","5354",543551
"Adam Warren","NYY",6,9,,5.908396946564886,25,25,,,,131,,158,92,86,20,60,1,8,72,4.9465648854961835,4.122137404580153,1.2,1.3740458015267176,,,,,1.6641221374045803,,0.6631578947368421,,,5.5372001866347915,-0.09640489221783355,,,,,,,,,252.60000000000008,1.9282442748091608,335,2.5572519083969465,,,,,,,,,,,,,,,,,,,"Adam Warren","9029",476589
"Andrew Carraway","SEA",5,11,,5.346534529197803,26,24,,,,131.3000030517578,,151,83,78,19,43,1,9,68,4.6610813844288534,2.947448522506481,1.5813953488372092,1.3023609750610032,,,,,1.4775323342797346,,0.6630824372759856,,,5.127963091179621,-0.09662566902599945,,,,,,,,,325.3200225830079,2.477684805953648,389.50001525878906,2.966489003852118,,,,,,,,,,,,,,,,,,,"Andrew Carraway","sa501632",571544
"Julio Rodriguez","KCR",8,10,,4.851936331108083,28,23,,,,131.6999969482422,,131,76,71,16,74,1,8,111,7.585421588070385,5.056947725380256,1.5,1.0933941027849203,,,,,1.5565679935479768,,0.7064622124863089,,,4.856031482851888,-0.09692003061743737,,,,,,,,,413.1799774169923,3.1372816020593466,426.49998474121094,3.238420612179851,,,,,,,,,,,,,,,,,,,"Julio Rodriguez","sa454988",543713
"Andrew Werner","OAK",5,12,,6.258503256995947,26,26,,,,132.3000030517578,,170,98,92,23,49,2,8,79,5.3741495358986935,3.3333332564434937,1.6122448979591837,1.5646258142489868,,,,,1.6553287600025512,,0.6477516059957173,,,5.4527286846244145,-0.09736158423376917,,,,,,,,,241.12002258300777,1.8225246940370656,349.50001525878906,2.6417234104073244,,,,,,,,,,,,,,,,,,,"Andrew Werner","11783",599819
"Shelby Miller","STL",9,9,,4.1371515646238475,26,26,,,,132.6999969482422,,126,65,61,10,71,0,8,128,8.68123607003037,4.815373132594971,1.8028169014084507,0.6782215679711227,,,,,1.4845516543367905,,0.7213114754098361,,,3.930925362196123,-0.09765594582520709,,,,,,,,,550.3799774169923,4.147550791818484,552.4999847412109,4.163526732835615,,,,,,,,,,,,,,,,,,,"Shelby Miller","10197",571946
"Collin McHugh","NYM",7,9,,4.8831952893920825,28,23,,,,132.6999969482422,,142,77,72,15,59,2,9,102,6.91785999330545,4.001507251029623,1.728813559322034,1.017332351956684,,,,,1.5146948351355072,,0.6888888888888889,,,4.563932158969171,-0.09765594582520709,,,,,,,,,428.2799774169924,3.227430197937662,468.49998474121094,3.530519936062568,,,,,,,,,,,,,,,,,,,"Collin McHugh","7531",543521
"Yohan Flande","ATL",7,9,,5.018839602986307,28,23,,,,132.6999969482422,,150,79,74,14,58,2,8,76,5.154483916580531,3.9336850942325112,1.3103448275862069,0.9495101951595717,,,,,1.567445401533261,,0.6847133757961783,,,4.8126134005585826,-0.09765594582520709,,,,,,,,,373.7799774169923,2.816729359555148,435.49998474121094,3.281838694473156,,,,,,,,,,,,,,,,,,,"Yohan Flande","5057",456071
"Brett Marshall","NYY",7,11,,6.036171954942991,26,25,,,,132.6999969482422,,155,95,89,25,58,1,7,82,5.561416857363206,3.9336850942325112,1.4137931034482758,1.6955539199278065,,,,,1.6051243775316568,,0.6629213483146067,,,5.777195186117512,-0.09765594582520709,,,,,,,,,240.47997741699237,1.8122078594379192,307.49998474121094,2.317256908914226,,,,,,,,,,,,,,,,,,,"Brett Marshall","5364",543493
"Jason Hammel","BAL",9,6,,3.7218045112781954,23,23,,,,133,,125,59,55,13,44,2,3,118,7.984962406015038,2.9774436090225564,2.6818181818181817,0.8796992481203008,,,,,1.2706766917293233,,0.7294429708222812,,,3.6508430724753476,-0.09787672263337299,,,,,,,,,594.3000000000001,4.468421052631579,591,4.443609022556391,,,,,,,,,,,,,,,,,,,"Jason Hammel","4538",434628
"Gerrit Cole","PIT",8,9,,4.118529538118869,23,23,,,,133.3000030517578,,134,65,61,11,54,0,7,110,7.426856544148781,3.6459113944003105,2.037037037037037,0.7426856544148781,,,,,1.4103525558585563,,0.712630359212051,,,3.8896508765264564,-0.0980974994415389,,,,,,,,,539.7200225830077,4.048912304776503,560.5000152587891,4.204801218505282,,,,,,,,,,,,,,,,,,,"Gerrit Cole","13125",543037
"Hector Noesí","SEA",5,11,,5.063765825555987,31,21,,,,133.3000030517578,,142,80,75,19,51,2,6,89,6.009002112993104,3.443360761378071,1.7450980392156863,1.2828206758075167,,,,,1.4478619323441564,,0.6790865384615384,,,4.894902166340534,-0.0980974994415389,,,,,,,,,390.5200225830077,2.9296325104462024,426.50001525878906,3.1995499286912046,,,,,,,,,,,,,,,,,,,"Hector Noesi","3292",456051
"Garrett Richards","LAA",6,10,,5.333833336252306,34,23,,,,133.3000030517578,,153,85,79,16,63,1,8,83,5.603900846948625,4.253563293467029,1.3174603174603174,1.0802700427852772,,,,,1.620405064177916,,0.6766528925619835,,,5.007430295797334,-0.0980974994415389,,,,,,,,,344.82002258300776,2.58679680936782,411.50001525878906,3.087021799234405,,,,,,,,,,,,,,,,,,,"Garrett Richards","9784",572070
"Mike Fiers","MIL",10,7,,3.8955223880597014,24,24,,,,134,,123,62,58,17,48,0,6,124,8.328358208955224,3.2238805970149254,2.5833333333333335,1.1417910447761195,,,,,1.2761194029850746,,0.7404891304347827,,,4.101914781598903,-0.09861263784114271,,,,,,,,,548.6999999999998,4.094776119402984,535,3.9925373134328357,,,,,,,,,,,,,,,,,,,"Mike Fiers","7754",571666
"Zack Britton","BAL",8,10,,5.104477611940299,26,25,,,,134,,148,81,76,16,60,3,5,90,6.044776119402985,4.029850746268656,1.5,1.0746268656716418,,,,,1.5522388059701493,,0.6842672413793104,,,4.758631199509351,-0.09861263784114271,,,,,,,,,394.99999999999994,2.9477611940298503,447,3.3358208955223883,,,,,,,,,,,,,,,,,,,"Zack Britton","3240",502154
"Eric Hacker","SFG",6,13,,5.507462686567164,27,24,,,,134,,166,88,82,15,55,2,8,75,5.037313432835821,3.6940298507462686,1.3636363636363635,1.007462686567164,,,,,1.6492537313432836,,0.665,,,4.840720751748156,-0.09861263784114271,,,,,,,,,336.4999999999999,2.5111940298507456,436,3.253731343283582,,,,,,,,,,,,,,,,,,,"Eric Hacker","8743",459345
"Dillon Gee","NYM",8,9,,4.489947775858279,23,22,,,,134.3000030517578,,136,72,67,18,46,2,9,110,7.371556049916577,3.0826507117832955,2.391304347826087,1.2062546263499851,,,,,1.3551749505907242,,0.7015306122448979,,,4.427288996986352,-0.09883341464930862,,,,,,,,,473.8200225830078,3.528071569740788,492.50001525878906,3.667163098045387,,,,,,,,,,,,,,,,,,,"Dillon Gee","7396",518716
"Drew Pomeranz","COL",8,8,,4.959046797216606,30,30,,,,134.3000030517578,,144,79,74,16,65,1,7,112,7.5055843417332415,4.355919484041613,1.7230769230769232,1.0722263345333203,,,,,1.5562173883157218,,0.6966773847802787,,,4.583655337439128,-0.09883341464930862,,,,,,,,,430.6200225830078,3.206403669380792,471.50001525878906,3.510796757592611,,,,,,,,,,,,,,,,,,,"Drew Pomeranz","11426",519141
"Chris Rusin","CHC",6,10,,5.160089234941603,27,26,,,,134.3000030517578,,154,82,77,16,54,1,9,79,5.294117526758269,3.618763879049956,1.462962962962963,1.0722263345333203,,,,,1.5487713721036849,,0.6788793103448276,,,4.874049969708569,-0.09883341464930862,,,,,,,,,365.6200225830078,2.7224126155983908,432.50001525878906,3.22040212532317,,,,,,,,,,,,,,,,,,,"Chris Rusin","9895",543734
"Luis Mendoza","KCR",7,10,,5.026060943124938,28,20,,,,134.3000030517578,,154,80,75,16,50,2,8,70,4.690990213583276,3.3507072954166257,1.4,1.0722263345333203,,,,,1.518987307255537,,0.6828193832599119,,,4.8963880183446795,-0.09883341464930862,,,,,,,,,362.6200225830078,2.7000745669622797,429.50001525878906,3.198064076687059,,,,,,,,,,,,,,,,,,,"Luis Mendoza","3126",434669
"Tommy Hunter","BAL",7,9,,5.345211702392662,31,21,,,,134.6999969482422,,157,86,80,25,32,1,5,77,5.144766263552937,2.1380846809570646,2.40625,1.6703786569977068,,,,,1.4031180718780738,,0.6688311688311688,,,5.187993345135531,-0.09912777624074653,,,,,,,,,324.0799774169921,2.4059390108339667,391.49998474121094,2.9064587498962076,,,,,,,,,,,,,,,,,,,"Tommy Hunter","1157",488984
"Kevin Correia","MIN",7,12,,5.4,26,23,,,,135,,156,87,81,22,43,2,3,76,5.066666666666666,2.8666666666666667,1.7674418604651163,1.4666666666666666,,,,,1.474074074074074,,0.6658739595719382,,,5.1092669098465535,-0.09934855304891244,,,,,,,,,336.79999999999995,2.4948148148148146,403,2.9851851851851854,,,,,,,,,,,,,,,,,,,"Kevin Correia","1767",429781
"Alexi Ogando","TEX",12,6,,3.7250553483520563,26,25,,,,135.3000030517578,,121,60,56,16,41,1,4,117,7.782704924235547,2.7272726657577557,2.8536585365853657,1.0643015281005876,,,,,1.197339219113161,,0.7306590257879656,,,3.900069223941211,-0.09956932985707834,,,,,,,,,588.8200225830079,4.3519586792452625,567.5000152587891,4.194382871090528,,,,,,,,,,,,,,,,,,,"Alexi Ogando","10261",468396
"Chris Archer","TBR",8,10,,4.65631918544007,28,27,,,,135.3000030517578,,131,75,70,14,80,0,9,107,7.1175164691726795,5.321507640502938,1.3375,0.9312638370880141,,,,,1.559497377980722,,0.7105538140020898,,,4.831333061029225,-0.09956932985707834,,,,,,,,,435.42002258300784,3.218181912504775,441.50001525878906,3.2631190340025134,,,,,,,,,,,,,,,,,,,"Chris Archer","6345",502042
"Guillermo Moscoso","KCR",7,11,,5.321507640502938,32,22,,,,135.3000030517578,,152,86,80,24,50,1,6,91,6.053214941072092,3.325942275314336,1.82,1.5964522921508812,,,,,1.4929785324744353,,0.6888361045130641,,,5.296964979573232,-0.09956932985707834,,,,,,,,,324.82002258300787,2.4007392110608516,378.50001525878906,2.797487115458506,,,,,,,,,,,,,,,,,,,"Guillermo Moscoso","5106",446861
"Barry Zito","SFG",7,9,,4.310980200118404,24,23,,,,135.6999969482422,,134,70,65,15,53,4,4,91,6.035372280165767,3.5151069324042377,1.7169811320754718,0.9948415846427088,,,,,1.3780398246532337,,0.7048192771084337,,,4.450384328915134,-0.09986369144851626,,,,,,,,,482.27997741699215,3.5540161257405205,494.49998474121094,3.6440677661166045,,,,,,,,,,,,,,,,,,,"Barry Zito","944",217096
"Todd Redmond","BAL",6,12,,6.366986141713336,26,25,,,,135.6999969482422,,164,103,96,33,51,3,8,91,6.035372280165767,3.38246138778521,1.7843137254901962,2.1886514862139594,,,,,1.5843773385050546,,0.6635071090047393,,,6.218991590502172,-0.09986369144851626,,,,,,,,,176.87997741699206,1.3034633853710142,254.49998474121094,1.8754605045295665,,,,,,,,,,,,,,,,,,,"Todd Redmond","9943",445170
"Jhoulys Chacín","COL",10,8,,4.4240644644081195,25,25,,,,136.3000030517578,,139,72,67,16,61,2,5,110,7.26338941917751,4.027879586998437,1.8032786885245902,1.0564930064258196,,,,,1.4673513978136383,,0.7207207207207208,,,4.459088894998422,-0.10030524506484806,,,,,,,,,472.420022583008,3.466030902461637,495.50001525878906,3.6353632000333165,,,,,,,,,,,,,,,,,,,"Jhoulys Chacin","2608",468504
"Nathan Eovaldi",,8,10,,4.688187716014575,29,27,,,,136.3000030517578,,142,76,71,15,63,1,6,99,6.537050477259759,4.159941212801665,1.5714285714285714,0.9904621935242058,,,,,1.5040351827589793,,0.7010869565217391,,,4.59115052080165,-0.10030524506484806,,,,,,,,,445.920022583008,3.27160684225133,477.50001525878906,3.503301574230089,,,,,,,,,,,,,,,,,,,"Nathan Eovaldi","9132",543135
"Trevor May","MIN",8,12,,5.0843725934242565,26,26,,,,136.3000030517578,,136,82,77,19,81,0,7,129,8.51797486430817,5.348495845030712,1.5925925925925926,1.2545854451306608,,,,,1.5920762666277977,,0.7090336134453781,,,4.9506516132659915,-0.10030524506484806,,,,,,,,,415.3200225830079,3.0471020783858425,428.50001525878906,3.1438004817657474,,,,,,,,,,,,,,,,,,,"Trevor May","6398",543507
"Jake Odorizzi","TBR",8,11,,4.820249341817802,26,26,,,,136.3000030517578,,137,78,73,19,62,0,8,97,6.404988851456531,4.093910399900051,1.564516129032258,1.2545854451306608,,,,,1.4600146408245702,,0.7018561484918793,,,5.024019183156673,-0.10030524506484806,,,,,,,,,402.72002258300796,2.9546589403235837,418.50001525878906,3.0704329118750655,,,,,,,,,,,,,,,,,,,"Jake Odorizzi","6397",543606
"Chris Heston","SFG",7,9,,4.411119337685939,23,23,,,,136.6999969482422,,148,72,67,11,50,0,9,86,5.662033776731206,3.2918801027507008,1.72,0.7242136226051542,,,,,1.4484272452103084,,0.6900328587075575,,,4.177114884380858,-0.10059960665628598,,,,,,,,,486.4799774169923,3.558741684545794,535.4999847412109,3.9173372106508806,,,,,,,,,,,,,,,,,,,"Chris Heston","10302",518790
"Sean Gilmartin","ATL",6,9,,5.201170562346108,26,26,,,,136.6999969482422,,154,85,79,19,50,1,10,76,5.003657756181066,3.2918801027507008,1.52,1.2509144390452664,,,,,1.4923189799136511,,0.6708004509582863,,,5.106156602268278,-0.10059960665628598,,,,,,,,,349.4799774169922,2.5565470754861352,408.49998474121094,2.9882954927634606,,,,,,,,,,,,,,,,,,,"Sean Gilmartin","12781",543219
"Jacob Turner",,6,8,,4.992700729927007,25,25,,,,137,,148,81,76,16,62,2,7,88,5.781021897810219,4.072992700729927,1.4193548387096775,1.051094890510949,,,,,1.532846715328467,,0.687633262260128,,,4.838977642476994,-0.10082038346445188,,,,,,,,,401.2000000000002,2.9284671532846733,446,3.2554744525547443,,,,,,,,,,,,,,,,,,,"Jacob Turner","10185",545363
"Stephen Strasburg","WSN",11,4,,2.6875454610215743,24,24,,,,137.3000030517578,,112,44,41,11,35,1,3,164,10.750181844086297,2.2942461252623194,4.685714285714286,0.7210487822253004,,,,,1.0706481917890824,,0.7826747720364742,,,2.577336301718644,-0.10104116027261778,,,,,,,,,803.5200225830079,5.852294280577007,757.5000152587891,5.517115793313094,,,,,,,,,,,,,,,,,,,"Stephen Strasburg","10131",544931
"Cory Mazzoni","NYM",7,9,,4.52294236123143,25,25,,,,137.3000030517578,,147,74,69,15,45,1,8,87,5.702840368509194,2.949745018194411,1.9333333333333333,0.9832483393981369,,,,,1.398397638255128,,0.6900584795321637,,,4.405449880895921,-0.10104116027261778,,,,,,,,,464.32002258300787,3.3817917863262807,506.50001525878906,3.6890022141358174,,,,,,,,,,,,,,,,,,,"Cory Mazzoni","12537",543508
"Martín Pérez","TEX",7,9,,5.4901962001071105,30,26,,,,137.6999969482422,,166,90,84,17,64,1,9,72,4.705882457234666,4.183006628653037,1.125,1.1111111357359629,,,,,1.6702977857468724,,0.6789524733268671,,,5.244052723645105,-0.1013355218640557,,,,,,,,,303.2799774169923,2.202469020612886,392.49998474121094,2.850399371386634,,,,,,,,,,,,,,,,,,,"Martin Perez","6902",527048
"Matt Torra","WSN",5,10,,5.816993592970629,24,23,,,,137.6999969482422,,171,95,89,26,34,1,9,55,3.5947713214987034,2.2222222714719257,1.6176470588235294,1.6993464428902962,,,,,1.488743678600473,,0.6524317912218268,,,5.687044745082319,-0.1013355218640557,,,,,,,,,235.5799774169924,1.7108204984604374,331.49998474121094,2.4074073499494197,,,,,,,,,,,,,,,,,,,"Matt Torra","sa291167",457730
"Stephen Fife","LAD",7,10,,4.826086956521739,26,25,,,,138,,151,79,74,15,61,1,9,76,4.956521739130435,3.9782608695652173,1.2459016393442623,0.9782608695652174,,,,,1.536231884057971,,0.6963350785340314,,,4.9277854283650715,-0.1015562986722216,,,,,,,,,386.1,2.7978260869565217,437,3.1666666666666665,,,,,,,,,,,,,,,,,,,"Stephen Fife","8077",543155
"TJ House","CLE",6,8,,4.81561811499566,27,27,,,,138.3000030517578,,149,79,74,15,54,0,7,91,5.921908763035204,3.5140997055373737,1.6851851851851851,0.9761388070937149,,,,,1.4678235395557342,,0.6813186813186813,,,4.511661029775206,-0.1017770754803875,,,,,,,,,450.5200225830077,3.257556129007486,495.50001525878906,3.5827910652565325,,,,,,,,,,,,,,,,,,,"TJ House","9121",543334
"Taylor Jungmann","MIL",7,9,,5.4013013992518895,25,25,,,,138.3000030517578,,159,89,83,16,64,0,10,73,4.750542194522746,4.164858910266517,1.140625,1.0412147275666293,,,,,1.6124366961622105,,0.6679960119641077,,,5.147958918843702,-0.1017770754803875,,,,,,,,,337.22002258300773,2.438322596831798,407.50001525878906,2.946493176188037,,,,,,,,,,,,,,,,,,,"Taylor Jungmann","13119",543380
"Shaeffer Hall","NYY",7,11,,6.034607198386155,25,24,,,,138.6999969482422,,174,100,93,26,43,1,8,67,4.347512712815832,2.790194726135534,1.558139534883721,1.687094485570323,,,,,1.5645277921741882,,0.6478405315614618,,,5.668352656350564,-0.10207143707182542,,,,,,,,,235.17997741699224,1.69560189323402,336.49998474121094,2.4260994386811743,,,,,,,,,,,,,,,,,,,"Shaeffer Hall","sa392149",502638
"Brad Hand",,7,14,,5.710165951161093,28,28,,,,138.6999969482422,,147,94,88,21,98,3,8,101,6.553713193946254,6.359048445611217,1.030612244897959,1.3626532383452608,,,,,1.7664023460031157,,0.7003710575139147,,,5.8990664321550526,-0.10207143707182542,,,,,,,,,269.8799774169923,1.9457821438720126,304.49998474121094,2.1953856628766855,,,,,,,,,,,,,,,,,,,"Brad Hand","9111",543272
"Aaron Harang","LAD",7,9,,4.251968596821606,24,24,,,,139.6999969482422,,142,71,66,15,55,5,3,97,6.249105361995391,3.543307164018005,1.7636363636363637,0.9663564992776378,,,,,1.4101646693162566,,0.7159090909090909,,,4.347136445947195,-0.10280735227959514,,,,,,,,,500.07997741699234,3.5796706395224063,523.4999847412109,3.747315649084544,,,,,,,,,,,,,,,,,,,"Aaron Harang","1451",421685
"Kyle Kendrick","PHI",9,10,,4.307142857142857,33,22,,,,140,,144,72,67,18,40,4,6,88,5.6571428571428575,2.5714285714285716,2.2,1.1571428571428573,,,,,1.3142857142857143,,0.7052896725440806,,,4.494452095031738,-0.10302812908776104,,,,,,,,,478.2,3.4157142857142855,504,3.6,,,,,,,,,,,,,,,,,,,"Kyle Kendrick","6230",452718
"Cole De Vries","MIN",7,10,,5.4,27,26,,,,140,,170,90,84,22,32,0,8,79,5.078571428571428,2.057142857142857,2.46875,1.4142857142857144,,,,,1.4428571428571428,,0.6542056074766356,,,4.86588066646031,-0.10302812908776104,,,,,,,,,361.4,2.5814285714285714,452,3.2285714285714286,,,,,,,,,,,,,,,,,,,"Cole De Vries","8201",453301
"Danny Rosenbaum","COL",8,8,,5.260156692425344,26,25,,,,140.3000030517578,,168,88,82,15,54,1,8,81,5.1960084400786934,3.464005626719129,1.5,0.962223785199758,,,,,1.5823235578840464,,0.6666666666666666,,,4.655392902133568,-0.10324890589592695,,,,,,,,,392.9200225830079,2.8005703067451573,482.50001525878906,3.43905919289817,,,,,,,,,,,,,,,,,,,"Danny Rosenbaum","sa502078",572095
"T.J. McFarland","BAL",9,13,,5.516749701811946,26,26,,,,140.3000030517578,,163,92,86,18,60,0,9,69,4.426229411918887,3.848895140799032,1.15,1.1546685422397096,,,,,1.5894511414781187,,0.6622851365015167,,,5.25410992403564,-0.10324890589592695,,,,,,,,,324.0200225830079,2.3094797971135774,398.50001525878906,2.8403421709960988,,,,,,,,,,,,,,,,,,,"T.J. McFarland","3237",519008
"David Huff","CLE",5,12,,6.2223804776251015,27,25,,,,140.3000030517578,,175,104,97,26,51,1,7,71,4.554525916612188,3.271560869679177,1.392156862745098,1.6678545610129138,,,,,1.6108338922603356,,0.6434599156118144,,,5.731658024838483,-0.10324890589592695,,,,,,,,,231.42002258300795,1.6494655563024843,331.50001525878906,2.3627940701932557,,,,,,,,,,,,,,,,,,,"David Huff","4257",453307
"Randall Delgado","ARI",8,9,,4.861407354910006,27,27,,,,140.6999969482422,,147,81,76,18,65,3,7,116,7.420042804862641,4.157782606173032,1.7846153846153847,1.1513859524786856,,,,,1.5067519871943293,,0.7012847965738758,,,4.643848006391945,-0.10354326748736487,,,,,,,,,453.5799774169922,3.223738360021755,485.49998474121094,3.4506040886397935,,,,,,,,,,,,,,,,,,,"Randall Delgado","5985",517414
"Nick Struck","CHC",8,12,,4.861407354910006,27,26,,,,140.6999969482422,,153,81,76,17,56,1,9,88,5.6289979898957965,3.5820896299336886,1.5714285714285714,1.0874200662298699,,,,,1.4854300251113908,,0.6911447084233262,,,4.800209061666829,-0.10354326748736487,,,,,,,,,415.27997741699215,2.9515279774295715,463.49998474121094,3.29424303336491,,,,,,,,,,,,,,,,,,,"Nick Struck","sa503356",572177
"Tom Koehler",,8,12,,5.23404255319149,30,26,,,,141,,153,88,82,19,73,3,9,102,6.51063829787234,4.659574468085107,1.3972602739726028,1.2127659574468086,,,,,1.6028368794326242,,0.6920762286860581,,,5.144097485102661,-0.10376404429553077,,,,,,,,,369.90000000000003,2.6234042553191492,416,2.950354609929078,,,,,,,,,,,,,,,,,,,"Tom Koehler","6570",543408
"Bruce Chen","KCR",8,11,,5.0318470250815395,27,25,,,,141.3000030517578,,155,85,79,23,43,2,5,98,6.24203808174672,2.738853444031724,2.2790697674418605,1.464968121226271,,,,,1.4012738550859984,,0.6815440289505428,,,4.8425058435481105,-0.10398482110369667,,,,,,,,,411.7200225830077,2.9138005215201286,459.50001525878906,3.2519462514836284,,,,,,,,,,,,,,,,,,,"Bruce Chen","769",136600
"Mike Montgomery","TBR",5,10,,5.605095420343994,26,26,,,,141.3000030517578,,152,94,88,23,75,0,8,85,5.414012621923176,4.777069960520449,1.1333333333333333,1.464968121226271,,,,,1.6065109348713213,,0.6827515400410678,,,5.769611272923189,-0.10398482110369667,,,,,,,,,288.5200225830077,2.0418967894666187,328.50001525878906,2.324840822108549,,,,,,,,,,,,,,,,,,,"Mike Montgomery","4869",543557
"Zack Wheeler","NYM",11,9,,3.81086811312524,25,25,,,,141.6999969482422,,127,64,60,11,69,0,7,136,8.637967723083877,4.382498330094026,1.9710144927536233,0.6986591540729608,,,,,1.3832039818010131,,0.7308970099667774,,,3.793111249104699,-0.10427918269513459,,,,,,,,,627.0799774169923,4.425405722810577,609.4999847412109,4.301340845927039,,,,,,,,,,,,,,,,,,,"Zack Wheeler","10310",554430
"Tyler Skaggs","ARI",8,9,,4.76358514140655,27,27,,,,141.6999969482422,,149,80,75,20,57,1,9,120,7.62173622625048,3.620324707468978,2.1052631578947367,1.2702893710417467,,,,,1.4537756135255546,,0.7078651685393258,,,4.6329136666267425,-0.10427918269513459,,,,,,,,,457.17997741699224,3.226393699810617,490.49998474121094,3.4615384284049955,,,,,,,,,,,,,,,,,,,"Tyler Skaggs","10190",572140
"Julio Teheran","ATL",8,9,,4.4779258140542755,28,26,,,,142.6999969482422,,148,76,71,17,55,1,7,100,6.306937766273627,3.468815771450495,1.8181818181818181,1.0721794202665167,,,,,1.4225648517261626,,0.7087053571428572,,,4.545047781274673,-0.10501509790290431,,,,,,,,,476.0799774169921,3.3362297659310256,506.49998474121094,3.5494043137570657,,,,,,,,,,,,,,,,,,,"Julio Teheran","6797",527054
"Rob Scahill","COL",9,10,,5.613174611983529,29,26,,,,142.6999969482422,,168,95,89,17,80,1,9,97,6.1177296332854185,5.045550213018902,1.2125,1.0721794202665167,,,,,1.7379117400398438,,0.6824264049955397,,,5.154718432014457,-0.10501509790290431,,,,,,,,,337.0799774169921,2.3621582664732097,419.49998474121094,2.939733663017282,,,,,,,,,,,,,,,,,,,"Rob Scahill","9286",543746
"Thad Weber","SDP",6,13,,5.4125874125874125,26,24,,,,143,,163,92,86,22,53,1,9,79,4.972027972027972,3.335664335664336,1.490566037735849,1.3846153846153846,,,,,1.5104895104895104,,0.6695464362850972,,,5.290256290835934,-0.10523587471107021,,,,,,,,,335.8,2.3482517482517484,401,2.804195804195804,,,,,,,,,,,,,,,,,,,"Thad Weber","8036",519403
"Jeff Francis","COL",8,9,,5.3384506888230385,27,27,,,,143.3000030517578,,173,91,85,21,36,4,7,85,5.3384506888230385,2.2609908799721103,2.361111111111111,1.3189113466503977,,,,,1.458478684920281,,0.6570155902004454,,,4.713433218962385,-0.10545665151923611,,,,,,,,,393.320022583008,2.7447314320080416,484.50001525878906,3.381018876069353,,,,,,,,,,,,,,,,,,,"Jeff Francis","4684",433585
"Aroldis Chapman","CIN",11,7,,3.6325679268317157,26,26,,,,143.6999969482422,,108,62,58,16,65,1,4,161,10.083507521032866,4.0709812973114055,2.476923076923077,1.0020877039535767,,,,,1.2038970332220054,,0.7370517928286853,,,3.7416337371684234,-0.10575101311067403,,,,,,,,,700.7799774169923,4.876687489905786,625.4999847412109,4.352818357863315,,,,,,,,,,,,,,,,,,,"Aroldis Chapman","10233",547973
"Brandon Dickson","STL",7,9,,4.822547075276588,26,23,,,,143.6999969482422,,162,82,77,19,41,2,8,92,5.762004297733067,2.5678497413810404,2.2439024390243905,1.1899791484448723,,,,,1.4126653048790005,,0.6859410430839002,,,4.555829996630704,-0.10575101311067403,,,,,,,,,445.4799774169922,3.1000694981047565,508.49998474121094,3.5386220984010337,,,,,,,,,,,,,,,,,,,"Brandon Dickson","6979",505447
"John Gast","STL",7,11,,5.135699482762081,26,26,,,,143.6999969482422,,159,88,82,17,62,2,9,87,5.448851890247574,3.88308985282011,1.403225806451613,1.0647181854506753,,,,,1.5379262678731977,,0.6744421906693713,,,4.90377711605903,-0.10575101311067403,,,,,,,,,401.8799774169922,2.796659609963257,458.49998474121094,3.1906749789727087,,,,,,,,,,,,,,,,,,,"John Gast","11133",518713
"Chris Capuano","LAD",8,9,,4.0625,27,24,,,,144,,141,70,65,19,40,3,3,118,7.375,2.5,2.95,1.1875,,,,,1.2569444444444444,,0.7189119170984456,,,4.066674317253961,-0.10597178991883993,,,,,,,,,572.3000000000001,3.974305555555556,580,4.027777777777778,,,,,,,,,,,,,,,,,,,"Chris Capuano","1701",425626
"Erasmo Ramírez","SEA",6,9,,4.178794090418105,29,24,,,,144.3000030517578,,148,72,67,15,38,1,8,92,5.738045616693516,2.3700623199386266,2.4210526315789473,0.9355509157652473,,,,,1.2889812617210075,,0.6909090909090909,,,4.127023105765233,-0.10619256672700583,,,,,,,,,544.5200225830079,3.7735274502225638,572.5000152587891,3.9674289892665047,,,,,,,,,,,,,,,,,,,"Erasmo Ramirez","10314",541640
"Jonathan Pettibone","PHI",9,12,,4.8024947009282695,26,26,,,,144.3000030517578,,161,82,77,16,52,0,8,91,5.6756755556425,3.243243174652857,1.75,0.9979209768162638,,,,,1.4760914448740567,,0.6873032528856243,,,4.522033492421672,-0.10619256672700583,,,,,,,,,454.42002258300784,3.149133839034054,515.5000152587891,3.572418602610067,,,,,,,,,,,,,,,,,,,"Jonathan Pettibone","7106",543643
"B.J. Hermsen","MIN",7,12,,5.426195311438434,25,25,,,,144.3000030517578,,175,93,87,20,42,1,8,64,3.991683907265055,2.6195425641426926,1.5238095238095237,1.2474012210203298,,,,,1.503811472007842,,0.656084656084656,,,5.048714007963588,-0.10619256672700583,,,,,,,,,344.8200225830078,2.389605095568342,439.50001525878906,3.04573808706815,,,,,,,,,,,,,,,,,,,"B.J. Hermsen","sa454729",543297
"Ross Seaton","HOU",4,10,,6.2993761661526655,27,27,,,,144.3000030517578,,184,108,101,24,54,4,10,76,4.740124639877253,3.36798329675489,1.4074074074074074,1.4968814652243956,,,,,1.6493416144602138,,0.6360078277886497,,,5.533814482804828,-0.10619256672700583,,,,,,,,,254.22002258300773,1.7617464809881092,369.50001525878906,2.5606376122269108,,,,,,,,,,,,,,,,,,,"Ross Seaton","sa454510",543758
"Jake Arrieta","BAL",8,11,,5.16240508468839,28,25,,,,144.6999969482422,,150,89,83,20,68,3,7,114,7.090532284993692,4.2294403103471145,1.6764705882352942,1.2439530324550339,,,,,1.506565339306652,,0.6789473684210526,,,4.870540591370315,-0.10648692831844375,,,,,,,,,437.7799774169923,3.0254318358664656,466.49998474121094,3.223911503661424,,,,,,,,,,,,,,,,,,,"Jake Arrieta","4153",453562
"Kris Medlen","ATL",10,6,,3.3517241379310345,23,23,,,,145,,138,58,54,13,33,1,2,113,7.0137931034482754,2.0482758620689654,3.4242424242424243,0.8068965517241379,,,,,1.1793103448275861,,0.7395287958115183,,,3.425486577790359,-0.10670770512660965,,,,,,,,,675.3,4.657241379310345,677,4.6689655172413795,,,,,,,,,,,,,,,,,,,"Kris Medlen","9417",450665
"Jeremy Hefner","NYM",7,9,,4.7172413793103445,30,24,,,,145,,160,81,76,16,46,2,7,91,5.6482758620689655,2.8551724137931034,1.9782608695652173,0.993103448275862,,,,,1.4206896551724137,,0.6808278867102396,,,4.370314163997255,-0.10670770512660965,,,,,,,,,483.20000000000005,3.3324137931034485,540,3.7241379310344827,,,,,,,,,,,,,,,,,,,"Jeremy Hefner","1989",458550
"Anthony Fernandez","SEA",4,9,,5.003431813790406,26,26,,,,145.6999969482422,,158,87,81,19,57,0,10,85,5.2505148663232655,3.5209334985932483,1.4912280701754386,1.1736444995310829,,,,,1.4756348970712445,,0.6794055201698513,,,5.002482334035487,-0.10722284352621347,,,,,,,,,402.67997741699213,2.7637610559459267,450.49998474121094,3.091969760996251,,,,,,,,,,,,,,,,,,,"Anthony Fernandez","sa503582",517529
"Brett Oberholtzer","HOU",7,14,,5.868222497655414,27,27,,,,145.6999969482422,,177,102,95,22,56,3,9,94,5.8064517345221995,3.459162735460034,1.6785714285714286,1.3589567889307275,,,,,1.5991764233376742,,0.6478733926805144,,,5.105433605924178,-0.10722284352621347,,,,,,,,,340.3799774169922,2.336170106701562,435.49998474121094,2.98901848910756,,,,,,,,,,,,,,,,,,,"Brett Oberholtzer","3855",519085
"Zeke Spruill","ARI",8,11,,5.214724034860769,26,26,,,,146.6999969482422,,172,91,85,18,52,1,10,74,4.539877395055258,3.190184115444235,1.4230769230769231,1.1042945014999275,,,,,1.5269257304690356,,0.6690140845070423,,,4.948576196315567,-0.1079587587339832,,,,,,,,,378.9799774169923,2.5833673162972306,461.49998474121094,3.145875898716171,,,,,,,,,,,,,,,,,,,"Zeke Spruill","3873",543809
"Barry Enright","LAA",6,10,,5.460122812971864,27,27,,,,146.6999969482422,,162,95,89,26,62,2,7,84,5.153374340332995,3.803681060721973,1.3548387096774193,1.5950920577221175,,,,,1.5269257304690356,,0.687633262260128,,,5.664322632472928,-0.1079587587339832,,,,,,,,,305.57997741699234,2.083026474259609,356.49998474121094,2.4301294625588103,,,,,,,,,,,,,,,,,,,"Barry Enright","2412",446264
"Clay Buchholz","BOS",10,7,,4.163265306122449,24,24,,,,147,,145,73,68,16,54,1,7,102,6.244897959183674,3.306122448979592,1.8888888888888888,0.9795918367346939,,,,,1.3537414965986394,,0.7134767836919592,,,4.366560938569154,-0.1081795355421491,,,,,,,,,535,3.639455782312925,548,3.727891156462585,,,,,,,,,,,,,,,,,,,"Clay Buchholz","3543",453329
"John Ely","HOU",7,12,,5.108108108108108,28,26,,,,148,,166,90,84,20,51,2,8,108,6.5675675675675675,3.1013513513513513,2.1176470588235294,1.2162162162162162,,,,,1.4662162162162162,,0.671957671957672,,,4.587695338274981,-0.10891545074991882,,,,,,,,,456.6,3.0851351351351353,519,3.5067567567567566,,,,,,,,,,,,,,,,,,,"John Ely","6132",518655
"Vance Worley","MIN",8,9,,4.490896738333586,27,26,,,,148.3000030517578,,162,79,74,15,50,3,6,110,6.675657313739114,3.034389688063234,2.2,0.9103169064189701,,,,,1.4295346974875678,,0.6963350785340314,,,4.0587137070162775,-0.10913622755808472,,,,,,,,,543.7200225830079,3.6663520660430837,598.5000152587891,4.035738388015461,,,,,,,,,,,,,,,,,,,"Vance Worley","6435",474699
"Josh Johnson","TOR",9,6,,3.684563758389262,24,24,,,,149,,143,65,61,14,45,4,3,123,7.429530201342282,2.7181208053691277,2.7333333333333334,0.8456375838926175,,,,,1.261744966442953,,0.7304038004750594,,,3.631364846709591,-0.10965136595768854,,,,,,,,,660.6000000000001,4.433557046979867,665,4.4630872483221475,,,,,,,,,,,,,,,,,,,"Josh Johnson","4567",435178
"David Holmberg","ARI",9,10,,4.7114093959731544,26,26,,,,149,,161,83,78,20,49,0,9,106,6.402684563758389,2.959731543624161,2.163265306122449,1.2080536912751678,,,,,1.4093959731543624,,0.6978021978021978,,,4.584384980937779,-0.10965136595768854,,,,,,,,,476.0000000000001,3.194630872483222,523,3.51006711409396,,,,,,,,,,,,,,,,,,,"David Holmberg","7725",571787
"Alex Cobb","TBR",9,10,,4.159410497699173,27,27,,,,149.3000030517578,,151,74,69,15,54,2,9,110,6.630944271694334,3.2551908242863092,2.037037037037037,0.9042196734128637,,,,,1.3730743188862005,,0.7119565217391305,,,4.192911550140699,-0.10987214276585444,,,,,,,,,558.7200225830078,3.7422639729572973,582.5000152587891,3.9015405448910396,,,,,,,,,,,,,,,,,,,"Alex Cobb","6562",502171
"Lance Lynn","STL",10,10,,4.148296677752818,32,24,,,,149.6999969482422,,148,74,69,15,56,3,8,135,8.116232630385948,3.366733535567504,2.4107142857142856,0.9018036255984386,,,,,1.362725478682085,,0.7103825136612022,,,3.876015237217052,-0.11016650435729236,,,,,,,,,616.4799774169924,4.118102805507313,631.4999847412109,4.2184368578146865,,,,,,,,,,,,,,,,,,,"Lance Lynn","2520",458681
"Jeff Locke","PIT",7,11,,4.68,29,28,,,,150,,159,83,78,17,60,1,9,109,6.54,3.6,1.8166666666666667,1.02,,,,,1.46,,0.6967213114754098,,,4.494452095031738,-0.11038728116545826,,,,,,,,,498.49999999999994,3.323333333333333,540,3.6,,,,,,,,,,,,,,,,,,,"Jeff Locke","2929",502046
"Josh Beckett","LAD",9,8,,3.7027207120093357,24,24,,,,150.6999969482422,,136,66,62,18,46,3,6,135,8.062375743891295,2.7471798831037004,2.9347826086956523,1.0749834325188394,,,,,1.207697436533511,,0.7397959183673469,,,3.890736119119768,-0.11090241956506208,,,,,,,,,654.1799774169922,4.340942207461821,633.4999847412109,4.203715975911971,,,,,,,,,,,,,,,,,,,"Josh Beckett","510",277417
"James McDonald","PIT",8,10,,4.120769824655551,28,26,,,,150.6999969482422,,143,74,69,17,63,5,4,130,7.763769234858284,3.762442013815938,2.0634920634920637,1.0152621307122371,,,,,1.3669542413511167,,0.7244785949506037,,,4.1694355275505774,-0.11090241956506208,,,,,,,,,593.2799774169921,3.936828065237146,591.4999847412109,3.9250165674811606,,,,,,,,,,,,,,,,,,,"James McDonald","5523",457428
"Matt Garza","CHC",9,8,,3.678312532797093,25,25,,,,151.6999969482422,,140,66,62,17,48,2,4,140,8.305867009541823,2.8477258318429106,2.9166666666666665,1.0085695654443643,,,,,1.2392880934871926,,0.7429963459196103,,,3.7338720156075773,-0.1116383347728318,,,,,,,,,673.4799774169924,4.439551687313308,661.4999847412109,4.360580079424161,,,,,,,,,,,,,,,,,,,"Matt Garza","3340",490063
"Jake Westbrook","STL",9,10,,4.440789473684211,25,25,,,,152,,164,80,75,14,52,3,5,91,5.3881578947368425,3.0789473684210527,1.75,0.8289473684210527,,,,,1.4210526315789473,,0.6924643584521385,,,4.2194520950317385,-0.1118591115809977,,,,,,,,,537.1999999999998,3.534210526315788,589,3.875,,,,,,,,,,,,,,,,,,,"Jake Westbrook","412",150414
"Wade LeBlanc",,8,10,,4.609323610856603,32,25,,,,152.3000030517578,,167,83,78,18,46,2,5,110,6.500328169156748,2.7183190525564584,2.391304347826087,1.0636900640438316,,,,,1.3985554545761487,,0.6922257720979765,,,4.190972099323837,-0.1120798883891636,,,,,,,,,538.420022583008,3.5352594339740797,594.5000152587891,3.9034799957079023,,,,,,,,,,,,,,,,,,,"Wade LeBlanc","5221",453281
"Jordan Zimmermann","WSN",10,6,,3.4184676518162105,26,26,,,,152.6999969482422,,147,62,58,15,33,2,7,119,7.013752595967743,1.9449902156885337,3.606060606060606,0.8840864616766062,,,,,1.1787819489021416,,0.7421383647798742,,,3.5987088176176547,-0.11237424998060153,,,,,,,,,681.2799774169921,4.4615585529311605,686.4999847412109,4.495743277414084,,,,,,,,,,,,,,,,,,,"Jordan Zimmermann","4505",519455
"Lucas Harrell","HOU",8,11,,4.755381510030837,29,27,,,,153.3000030517578,,166,87,81,14,67,4,4,101,5.929549784112525,3.9334637181736554,1.507462686567164,0.8219177918571817,,,,,1.519895599227963,,0.6841611996251171,,,4.353421411130437,-0.11281580359693333,,,,,,,,,519.6200225830079,3.389563028303212,573.5000152587891,3.7410306839013012,,,,,,,,,,,,,,,,,,,"Lucas Harrell","7541",449173
"Wily Peralta","MIL",10,9,,4.579256268918584,30,29,,,,153.3000030517578,,151,83,78,14,90,1,8,135,7.925635850051395,5.283757233367597,1.5,0.8219177918571817,,,,,1.5720808558538157,,0.7136404697380307,,,4.438222453147448,-0.11281580359693333,,,,,,,,,545.6200225830079,3.559165112337234,560.5000152587891,3.6562296418842903,,,,,,,,,,,,,,,,,,,"Wily Peralta","7738",503449
"Wade Davis","KCR",9,9,,4.344422614102246,25,25,,,,153.3000030517578,,155,79,74,20,56,1,7,119,6.986301230786045,3.287671167428727,2.125,1.1741682740816881,,,,,1.3763861435068678,,0.7213114754098361,,,4.470838238538606,-0.11281580359693333,,,,,,,,,534.420022583008,3.4861057530610404,555.5000152587891,3.623613856493132,,,,,,,,,,,,,,,,,,,"Wade Davis","7441",451584
"Randy Wolf","BAL",7,9,,5.107631992255343,26,25,,,,153.3000030517578,,173,93,87,23,53,2,8,88,5.166340405959428,3.1115459263164738,1.6603773584905661,1.3502935151939415,,,,,1.474233499680342,,0.6862745098039216,,,5.090538160970608,-0.11281580359693333,,,,,,,,,394.72002258300785,2.574820709232085,460.50001525878906,3.00391393406113,,,,,,,,,,,,,,,,,,,"Randy Wolf","976",150116
"Adam Wilk","DET",8,9,,4.860117207754722,27,27,,,,153.6999969482422,,179,89,83,18,35,5,10,70,4.098894030636512,2.049447015318256,2,1.0540013221636746,,,,,1.3923227342162119,,0.6620762711864406,,,4.584367544263106,-0.11311016518837125,,,,,,,,,455.5799774169922,2.964085793511153,539.4999847412109,3.510084550768633,,,,,,,,,,,,,,,,,,,"Adam Wilk","8421",573244
"Brandon Morrow","TOR",11,8,,3.9740259740259742,28,28,,,,154,,142,73,68,17,59,0,7,157,9.175324675324676,3.448051948051948,2.6610169491525424,0.9935064935064936,,,,,1.3051948051948052,,0.7223476297968398,,,3.77627027684992,-0.11333094199653715,,,,,,,,,677.3,4.398051948051948,665,4.318181818181818,,,,,,,,,,,,,,,,,,,"Brandon Morrow","9346",453344
"Edinson Volquez","SDP",8,9,,4.0829552011653245,27,27,,,,154.3000030517578,,141,75,70,14,85,4,7,145,8.457550059556743,4.957874172843608,1.7058823529411764,0.816591040233065,,,,,1.464679167402164,,0.7315891472868217,,,4.183240148675825,-0.11355171880470305,,,,,,,,,617.0200225830077,3.9988335086165674,603.5000152587891,3.9112119463559134,,,,,,,,,,,,,,,,,,,"Edinson Volquez","3990",450172
"Tyler Cloyd","PHI",7,10,,4.899546241398389,30,27,,,,154.3000030517578,,169,90,84,22,48,2,10,102,5.94944900741233,2.799740709370508,2.125,1.2832144917948163,,,,,1.406351235956945,,0.6820622986036521,,,4.753557700584632,-0.11355171880470305,,,,,,,,,461.82002258300776,2.9930007352501256,515.5000152587891,3.340894394447106,,,,,,,,,,,,,,,,,,,"Tyler Cloyd","8536",543031
"Francisco Liriano","PIT",9,9,,3.723335561491392,30,26,,,,154.6999969482422,,136,68,64,12,68,2,7,155,9.017453312986966,3.9560440340846044,2.2794117647058822,0.6981254177796361,,,,,1.3186813446948682,,0.7264957264957266,,,3.553404915979462,-0.11384608039614097,,,,,,,,,728.5799774169922,4.709631491852921,702.4999847412109,4.541047179052276,,,,,,,,,,,,,,,,,,,"Francisco Liriano","3201",434538
"Corey Kluber","CLE",7,13,,5.41047198779218,29,28,,,,154.6999969482422,,176,100,93,18,74,2,11,113,6.574014350758239,4.305106742974423,1.527027027027027,1.047188126669454,,,,,1.6160310596750835,,0.6672597864768683,,,4.794516769809926,-0.11384608039614097,,,,,,,,,436.7799774169923,2.8234000390001643,510.49998474121094,3.299935325221812,,,,,,,,,,,,,,,,,,,"Corey Kluber","2429",446372
"Wei-Yin Chen","BAL",10,8,,4.104046323214871,25,24,,,,155.6999969482422,,160,76,71,21,32,0,6,84,4.85549142464858,1.8497110189137447,2.625,1.213872856162145,,,,,1.2331406792758297,,0.7134071340713407,,,4.501003182330732,-0.11458199560391069,,,,,,,,,531.8799774169922,3.4160564408604315,559.4999847412109,3.5934489127010067,,,,,,,,,,,,,,,,,,,"Wei-Yin Chen","13071",612672
"Phil Hughes","NYY",11,12,,4.730769230769231,28,27,,,,156,,161,88,82,26,45,1,4,129,7.4423076923076925,2.5961538461538463,2.8666666666666667,1.5,,,,,1.3205128205128205,,0.6957547169811321,,,4.549580300159944,-0.11480277241207659,,,,,,,,,527.0000000000001,3.378205128205129,553,3.5448717948717947,,,,,,,,,,,,,,,,,,,"Phil Hughes","7450",461833
"Jeanmar Gómez","PIT",9,14,,4.767070928831818,29,27,,,,156.6999969482422,,174,89,83,16,55,4,8,86,4.939374697343812,3.15890242271988,1.5636363636363637,0.918953432063965,,,,,1.4613912218239444,,0.6776379477250726,,,4.530316832631684,-0.11531791081168041,,,,,,,,,493.3799774169923,3.148564052492963,558.4999847412109,3.564135262400055,,,,,,,,,,,,,,,,,,,"Jeanmar Gomez","9033",491646
"Zach McAllister","CLE",7,11,,5.169113055359803,29,29,,,,156.6999969482422,,184,96,90,21,51,1,6,109,6.2603702559357615,2.9291640647038886,2.1372549019607843,1.206126379583954,,,,,1.499680948159943,,0.6760700389105059,,,4.536698453687683,-0.11531791081168041,,,,,,,,,469.8799774169923,2.9985959576769683,557.4999847412109,3.557753641344055,,,,,,,,,,,,,,,,,,,"Zach McAllister","2895",502083
"Luke Hochevar","KCR",8,11,,5.054243876351808,26,26,,,,156.6999969482422,,169,94,88,22,51,3,8,113,6.490108613951753,2.9291640647038886,2.215686274509804,1.263560969087952,,,,,1.4039566323199466,,0.6659619450317125,,,4.606896285303681,-0.11531791081168041,,,,,,,,,498.5799774169922,3.181748481984161,546.4999847412109,3.4875558097280575,,,,,,,,,,,,,,,,,,,"Luke Hochevar","6943",460024
"Dallas Keuchel","HOU",7,13,,5.503184713375796,29,29,,,,157,,191,103,96,19,53,3,8,80,4.585987261146497,3.038216560509554,1.509433962264151,1.089171974522293,,,,,1.5541401273885351,,0.6485740570377184,,,4.814197317961675,-0.11553868761984631,,,,,,,,,408.4999999999999,2.601910828025477,515,3.2802547770700636,,,,,,,,,,,,,,,,,,,"Dallas Keuchel","9434",572971
"Brett Cecil","TOR",9,10,,4.88945031635238,32,26,,,,158.3000030517578,,171,92,86,23,51,1,6,112,6.367656225947286,2.8995577457438535,2.196078431372549,1.307643689257032,,,,,1.4024004783336284,,0.684931506849315,,,4.648463435887921,-0.11649537963578194,,,,,,,,,496.92002258300784,3.1391030511890436,545.5000152587891,3.445988659143817,,,,,,,,,,,,,,,,,,,"Brett Cecil","2660",446399
"Jeremy Bonderman","SEA",6,10,,4.69811320754717,27,26,,,,159,,161,89,83,21,58,1,9,110,6.226415094339623,3.2830188679245285,1.896551724137931,1.1886792452830188,,,,,1.3773584905660377,,0.6856540084388186,,,4.691936371761298,-0.11701051803538576,,,,,,,,,518.7000000000002,3.2622641509433974,541,3.40251572327044,,,,,,,,,,,,,,,,,,,"Jeremy Bonderman","1667",425827
"Jake Peavy","CHW",10,8,,4.011299358182585,25,25,,,,159.3000030517578,,154,76,71,20,38,2,7,136,7.683615672011713,2.146892614238567,3.5789473684210527,1.129943481178193,,,,,1.2052730465900725,,0.7073170731707317,,,3.866580140503504,-0.11723129484355166,,,,,,,,,669.4200225830077,4.202259948265713,673.5000152587891,4.227871954528235,,,,,,,,,,,,,,,,,,,"Jake Peavy","1051",408241
"Liam Hendriks","MIN",8,12,,5.175,29,29,,,,160,,184,98,92,21,53,2,8,92,5.175,2.98125,1.7358490566037736,1.18125,,,,,1.48125,,0.6695568400770713,,,4.794452095031739,-0.11774643324315548,,,,,,,,,448.3,2.801875,528,3.3,,,,,,,,,,,,,,,,,,,"Liam Hendriks","3548",521230
"Jaime García","STL",10,8,,3.8083385913013506,27,27,,,,160.6999969482422,,165,73,68,13,45,2,2,130,7.280647306899641,2.520224067772953,2.888888888888889,0.7280647306899641,,,,,1.3067828499563459,,0.7142857142857142,,,3.4055908688308683,-0.1182615716427593,,,,,,,,,719.2799774169921,4.4759178038357765,753.4999847412109,4.68886122620087,,,,,,,,,,,,,,,,,,,"Jaime Garcia","8137",448802
"Shaun Marcum","NYM",9,6,,3.450834944533782,27,27,,,,161.6999969482422,,146,66,62,16,46,2,4,137,7.625232054856904,2.5602968943315156,2.9782608695652173,0.8905380502022663,,,,,1.187384066936355,,0.7429245283018868,,,3.613932624316394,-0.11899748685052902,,,,,,,,,744.1799774169923,4.602226292281214,724.4999847412109,4.480519470715345,,,,,,,,,,,,,,,,,,,"Shaun Marcum","6204",451788
"Ryan Dempster","BOS",11,9,,4.47239263803681,27,27,,,,163,,169,87,81,21,56,1,4,133,7.343558282208589,3.0920245398773005,2.375,1.1595092024539877,,,,,1.3803680981595092,,0.7055214723926381,,,4.2416913588354195,-0.11995417886646464,,,,,,,,,594.5,3.647239263803681,628,3.852760736196319,,,,,,,,,,,,,,,,,,,"Ryan Dempster","517",133225
"Matt Harvey","NYM",11,9,,3.802816830341237,30,30,,,,163.3000030517578,,148,74,69,16,70,1,10,159,8.76301269600372,3.857930117737487,2.2714285714285714,0.881812598339997,,,,,1.334966294709162,,0.7361963190184049,,,3.890532912977569,-0.12017495567463055,,,,,,,,,704.820022583008,4.316105385249845,686.5000152587891,4.203919182054169,,,,,,,,,,,,,,,,,,,"Matt Harvey","11713",518774
"Ryan Vogelsong","SFG",10,10,,3.683567570197655,28,27,,,,163.6999969482422,,155,72,67,15,57,6,7,130,7.147220658592465,3.133781365690542,2.280701754385965,0.824679306760669,,,,,1.295051948394532,,0.7329842931937173,,,3.870261516947331,-0.12046931726606847,,,,,,,,,691.8799774169922,4.226511852872833,691.4999847412109,4.224190578084408,,,,,,,,,,,,,,,,,,,"Ryan Vogelsong","1011",285064
"Clayton Richard","SDP",9,12,,4.178375154254057,26,26,,,,163.6999969482422,,172,81,76,19,45,4,4,94,5.167990322366859,2.474037920282007,2.088888888888889,1.0445937885635141,,,,,1.325595626422705,,0.7142857142857143,,,4.352851629792463,-0.12046931726606847,,,,,,,,,571.4799774169921,3.4910200859544287,612.4999847412109,3.7416004652392756,,,,,,,,,,,,,,,,,,,"Clayton Richard","3551",453385
"Jeremy Guthrie","KCR",9,10,,4.3982896360569015,28,26,,,,163.6999969482422,,177,86,80,24,45,1,9,102,5.607819285972549,2.474037920282007,2.2666666666666666,1.3194868908170705,,,,,1.3561393044508778,,0.721868365180467,,,4.7438107085530765,-0.12046931726606847,,,,,,,,,497.9799774169922,3.042028018940287,548.4999847412109,3.350641386478662,,,,,,,,,,,,,,,,,,,"Jeremy Guthrie","2072",425386
"Will Smith","KCR",9,12,,4.948075840564014,28,28,,,,163.6999969482422,,185,96,90,21,56,1,7,93,5.113011701916148,3.0788027452398308,1.6607142857142858,1.1545510294649366,,,,,1.4722052809579351,,0.6852551984877127,,,4.780463122186884,-0.12046931726606847,,,,,,,,,469.0799774169923,2.865485559937448,542.4999847412109,3.3139889728448546,,,,,,,,,,,,,,,,,,,"Will Smith","8048",519293
"Joe Saunders","SEA",8,12,,4.3169399706997895,26,26,,,,164.6999969482422,,173,85,79,21,51,2,3,95,5.191256926790886,2.7868852975403704,1.8627450980392157,1.1475410048695642,,,,,1.3600485983639279,,0.7142857142857143,,,4.582005249492285,-0.12120523247383819,,,,,,,,,538.6799774169924,3.270673876128093,578.4999847412109,3.5124468455394537,,,,,,,,,,,,,,,,,,,"Joe Saunders","4366",434578
"Bronson Arroyo","CIN",9,10,,4.590164019478257,26,26,,,,164.6999969482422,,174,90,84,28,37,3,5,99,5.40983616581366,2.0218579609606606,2.675675675675676,1.530054673159419,,,,,1.2811172064945928,,0.7043073341094295,,,4.867372589327573,-0.12120523247383819,,,,,,,,,493.9799774169922,2.9992713210081474,531.4999847412109,3.2270795057041655,,,,,,,,,,,,,,,,,,,"Bronson Arroyo","978",276520
"Jordan Lyles","HOU",8,12,,4.954627857711287,31,28,,,,165.3000030517578,,185,97,91,21,46,3,7,116,6.31578935708252,2.504537158843068,2.5217391304347827,1.1433756594718354,,,,,1.3974591393544655,,0.6646825396825397,,,4.304373427806167,-0.12164678609016999,,,,,,,,,556.920022583008,3.3691470798619907,626.5000152587891,3.790078667225571,,,,,,,,,,,,,,,,,,,"Jordan Lyles","7593",543475
"Chris Tillman","BAL",14,12,,4.29088722447042,31,30,,,,165.6999969482422,,161,85,79,23,56,0,7,127,6.898008576047384,3.0416415768397913,2.267857142857143,1.2492456476306286,,,,,1.3095956789171324,,0.7142857142857142,,,4.506642827135927,-0.12194114768160791,,,,,,,,,589.6799774169921,3.5587205086140323,594.4999847412109,3.587809267895811,,,,,,,,,,,,,,,,,,,"Chris Tillman","5279",501957
"Chris Volstad","COL",9,12,,6.018072289156627,30,30,,,,166,,210,119,111,28,55,5,6,95,5.150602409638554,2.9819277108433737,1.7272727272727273,1.5180722891566265,,,,,1.5963855421686748,,0.6465899025686448,,,5.245054504670293,-0.12216192448977381,,,,,,,,,345,2.0783132530120483,473,2.8493975903614457,,,,,,,,,,,,,,,,,,,"Chris Volstad","9901",458690
"Jeremy Hellickson","TBR",11,9,,3.7792442203559573,29,28,,,,166.6999969482422,,155,75,70,20,59,5,5,120,6.478704377753069,3.1853629857285926,2.0338983050847457,1.0797840629588449,,,,,1.283743274851071,,0.7473118279569892,,,4.366197769183267,-0.12267706288937763,,,,,,,,,632.5799774169923,3.794720989787413,621.4999847412109,3.7282543258484715,,,,,,,,,,,,,,,,,,,"Jeremy Hellickson","4371",476451
"Mike Leake","CIN",8,9,,4.589082267575091,29,27,,,,166.6999969482422,,179,91,85,25,41,3,4,114,6.154769158865416,2.2135573290656323,2.7804878048780486,1.3497300786985562,,,,,1.3197360769496993,,0.6972972972972973,,,4.486173776178694,-0.12267706288937763,,,,,,,,,553.6799774169922,3.321415642190452,601.4999847412109,3.6082783188530443,,,,,,,,,,,,,,,,,,,"Mike Leake","10130",502190
"John Lannan","PHI",10,11,,4.526946107784431,30,30,,,,167,,184,90,84,16,72,3,6,101,5.4431137724550895,3.8802395209580838,1.4027777777777777,0.8622754491017964,,,,,1.532934131736527,,0.7106164383561644,,,4.531577843534732,-0.12289783969754353,,,,,,,,,528.5999999999999,3.165269461077844,595,3.562874251497006,,,,,,,,,,,,,,,,,,,"John Lannan","7080",458709
"Henderson Alvarez III",,9,11,,4.634730538922156,28,28,,,,167,,188,92,86,20,46,1,5,85,4.580838323353293,2.4790419161676644,1.8478260869565217,1.0778443113772456,,,,,1.401197604790419,,0.6893203883495146,,,4.5495419153910195,-0.12289783969754353,,,,,,,,,518,3.1017964071856285,592,3.5449101796407185,,,,,,,,,,,,,,,,,,,"Henderson Alvarez III","5669",506693
"Iván Nova","NYY",9,10,,4.850299401197605,28,28,,,,167,,181,96,90,23,57,4,8,125,6.736526946107785,3.07185628742515,2.192982456140351,1.2395209580838322,,,,,1.4251497005988023,,0.6899902818270165,,,4.555529939343115,-0.12289783969754353,,,,,,,,,537.2999999999998,3.217365269461077,591,3.538922155688623,,,,,,,,,,,,,,,,,,,"Ivan Nova","1994",467100
"Drew Smyly","DET",8,7,,4.1960549144928665,30,29,,,,167.3000030517578,,165,83,78,19,58,1,5,147,7.90794964654425,3.1201433979562343,2.5344827586206895,1.0221159407098008,,,,,1.3329348232648282,,0.7128309572301426,,,3.943226735855082,-0.12311861650570943,,,,,,,,,680.3200225830078,4.066467484597333,694.5000152587891,4.151225359176657,,,,,,,,,,,,,,,,,,,"Drew Smyly","11760",592767
"Chad Billingsley","LAD",11,10,,3.642857142857143,28,28,,,,168,,159,73,68,12,59,4,7,143,7.660714285714286,3.1607142857142856,2.4237288135593222,0.6428571428571429,,,,,1.2976190476190477,,0.7206759443339961,,,3.499213999793643,-0.12363375490531325,,,,,,,,,770.1999999999998,4.584523809523809,772,4.595238095238095,,,,,,,,,,,,,,,,,,,"Chad Billingsley","5842",451532
"Paul Maholm","ATL",11,10,,4.017857142857143,28,28,,,,168,,168,80,75,17,51,3,9,115,6.160714285714286,2.732142857142857,2.2549019607843137,0.9107142857142857,,,,,1.3035714285714286,,0.7120901639344263,,,4.112309237888882,-0.12363375490531325,,,,,,,,,647.3,3.8529761904761903,669,3.982142857142857,,,,,,,,,,,,,,,,,,,"Paul Maholm","8678",430904
"Joe Kelly","STL",9,9,,4.117646984158875,33,28,,,,168.3000030517578,,176,82,77,13,62,3,7,109,5.828876899653472,3.3155079612707823,1.7580645161290323,0.6951871531696802,,,,,1.4141413884990075,,0.7097361237488625,,,4.033251840337802,-0.12385453171347915,,,,,,,,,638.9200225830078,3.7963161675434955,683.5000152587891,4.0612002546939365,,,,,,,,,,,,,,,,,,,"Joe Kelly","9761",523260
"Bud Norris","HOU",8,11,,4.545454463032525,29,29,,,,168.3000030517578,,164,91,85,23,69,4,6,167,8.93048112148743,3.6898395052852258,2.420289855072464,1.229946501761742,,,,,1.3844325357994485,,0.7071713147410358,,,4.22338849761498,-0.12385453171347915,,,,,,,,,645.1200225830078,3.833155144890948,651.5000152587891,3.8710635974167587,,,,,,,,,,,,,,,,,,,"Bud Norris","9492",502032
"Mark Buehrle","TOR",11,10,,4.385026658454906,26,26,,,,168.3000030517578,,186,88,82,23,34,2,2,91,4.866310072187761,1.8181817852130098,2.676470588235294,1.229946501761742,,,,,1.3071895187805953,,0.7028753993610223,,,4.431350466511892,-0.12385453171347915,,,,,,,,,552.9200225830078,3.2853239011110813,616.5000152587891,3.6631016285198457,,,,,,,,,,,,,,,,,,,"Mark Buehrle","225",279824
"Kyle Lohse","STL",10,7,,3.6277416186780607,27,27,,,,168.6999969482422,,167,73,68,16,36,1,3,114,6.081802125430866,1.920569092241326,3.1666666666666665,0.8535862632183672,,,,,1.2033195238425594,,0.7198228128460686,,,3.6694372862274443,-0.12414889330491707,,,,,,,,,728.3799774169922,4.3176051606003405,746.4999847412109,4.425014808804295,,,,,,,,,,,,,,,,,,,"Kyle Lohse","739",346798
"Jeff Samardzija","CHC",12,9,,3.621301775147929,27,27,,,,169,,153,73,68,19,54,2,4,172,9.159763313609467,2.8757396449704142,3.185185185185185,1.0118343195266273,,,,,1.2248520710059172,,0.7427937915742794,,,3.5500733968068863,-0.12436967011308298,,,,,,,,,789.1000000000001,4.66923076923077,768,4.544378698224852,,,,,,,,,,,,,,,,,,,"Jeff Samardzija","3254",502188
"Ricky Nolasco",,10,11,,4.348850991583029,27,27,,,,169.6999969482422,,187,88,82,19,38,6,5,122,6.470241719184506,2.0153211912214037,3.210526315789474,1.0076605956107019,,,,,1.3258692047509235,,0.6905241935483871,,,3.8722953618189466,-0.1248848085126868,,,,,,,,,650.8799774169922,3.8354743024274067,716.4999847412109,4.222156733212792,,,,,,,,,,,,,,,,,,,"Ricky Nolasco","3830",445060
"Tim Hudson","ATL",13,9,,3.6063642369225115,27,27,,,,169.6999969482422,,163,73,68,14,50,4,10,106,5.621685428143915,2.651738409501847,2.12,0.7424867546605172,,,,,1.2551561804975409,,0.7238883143743536,,,3.978364898199021,-0.1248848085126868,,,,,,,,,691.7799774169923,4.076487860091019,698.4999847412109,4.1160871968327175,,,,,,,,,,,,,,,,,,,"Tim Hudson","921",218596
"Tommy Hanson","LAA",11,10,,3.924572846062733,29,29,,,,169.6999969482422,,166,79,74,22,57,4,7,149,7.9021804603155035,3.0229817868321054,2.6140350877192984,1.1667649001808127,,,,,1.314083700708693,,0.7492195629552549,,,4.155147458832477,-0.1248848085126868,,,,,,,,,659.5799774169922,3.8867412450111085,668.4999847412109,3.939304636199261,,,,,,,,,,,,,,,,,,,"Tommy Hanson","9129",462102
"Dan Straily","OAK",9,9,,4.182352941176471,31,31,,,,170,,161,85,79,21,79,2,12,153,8.1,4.182352941176471,1.9367088607594938,1.111764705882353,,,,,1.411764705882353,,0.7359924026590694,,,4.506216800914092,-0.1251055853208527,,,,,,,,,614.1,3.6123529411764705,610,3.588235294117647,,,,,,,,,,,,,,,,,,,"Dan Straily","9460",573185
"Matt Moore","TBR",11,9,,3.5852373224444993,31,30,,,,170.6999969482422,,148,73,68,18,71,3,7,173,9.121265540924975,3.743409557258227,2.436619718309859,0.9490334088823674,,,,,1.282952571266904,,0.7533539731682146,,,3.8091562671530275,-0.12562072372045652,,,,,,,,,768.9799774169921,4.5048622798168765,731.4999847412109,4.285295827878711,,,,,,,,,,,,,,,,,,,"Matt Moore","1890",519043
"Mike Minor","ATL",10,9,,4.0070299486144405,30,30,,,,170.6999969482422,,161,81,76,22,57,6,6,154,8.119508053771366,3.00527246146083,2.7017543859649122,1.159929721967338,,,,,1.2770943403478772,,0.7318376068376069,,,4.072776658509241,-0.12562072372045652,,,,,,,,,692.9799774169923,4.059636729970828,686.4999847412109,4.021675436522497,,,,,,,,,,,,,,,,,,,"Mike Minor","10021",501985
"Derek Holland","TEX",11,9,,4.534270731326867,29,28,,,,170.6999969482422,,170,92,86,27,55,1,5,141,7.434095036245211,2.899824304918345,2.5636363636363635,1.423550113323551,,,,,1.318101956781066,,0.7104700854700855,,,4.553151593869451,-0.12562072372045652,,,,,,,,,591.0799774169923,3.462682999321981,604.4999847412109,3.541300501162287,,,,,,,,,,,,,,,,,,,"Derek Holland","4141",502706
"Doug Fister","DET",12,9,,3.9473684210526314,27,27,,,,171,,178,80,75,16,34,1,8,117,6.157894736842105,1.7894736842105263,3.4411764705882355,0.8421052631578947,,,,,1.239766081871345,,0.6962025316455697,,,3.679247416669165,-0.12584150052862242,,,,,,,,,713.8000000000002,4.174269005847954,755,4.415204678362573,,,,,,,,,,,,,,,,,,,"Doug Fister","9425",450729
"Travis Wood","CHC",9,11,,4.526315789473684,31,30,,,,171,,175,92,86,23,59,4,9,135,7.105263157894737,3.1052631578947367,2.288135593220339,1.2105263157894737,,,,,1.368421052631579,,0.7036669970267592,,,4.457025194446944,-0.12584150052862242,,,,,,,,,593.5,3.4707602339181287,622,3.6374269005847952,,,,,,,,,,,,,,,,,,,"Travis Wood","9884",475243
"A.J. Griffin","OAK",9,9,,4.203152289392861,31,31,,,,171.3000030517578,,170,86,80,22,47,1,7,121,6.357267837706703,2.469351970018306,2.574468085106383,1.155866879583037,,,,,1.266783398330904,,0.7035445757250269,,,4.29702066671914,-0.12606227733678832,,,,,,,,,635.0200225830076,3.7070636968473267,650.5000152587891,3.797431428312598,,,,,,,,,,,,,,,,,,,"A.J. Griffin","11132",456167
"A.J. Burnett","PIT",10,12,,4.074288958596964,29,28,,,,172.3000030517578,,172,83,78,17,62,1,10,140,7.312826335943268,3.2385373773463044,2.2580645161290325,0.8879860550788254,,,,,1.3580963195323212,,0.7183634633682208,,,4.005653471811971,-0.12679819254455804,,,,,,,,,682.7200225830077,3.962391239064128,704.5000152587891,4.088798623219767,,,,,,,,,,,,,,,,,,,"A.J. Burnett","512",150359
"Gavin Floyd","CHW",12,10,,4.273306387035878,29,28,,,,172.6999969482422,,173,88,82,20,54,2,11,141,7.348002446000717,2.8141285963407,2.611111111111111,1.0422698504965557,,,,,1.314418089237323,,0.6984924623115578,,,4.096189229120094,-0.12709255413599596,,,,,,,,,669.1799774169922,3.874811750098316,690.4999847412109,3.9982628659116437,,,,,,,,,,,,,,,,,,,"Gavin Floyd","3886",425856
"Tommy Milone","OAK",10,10,,3.946912798355326,29,29,,,,173.3000030517578,,185,81,76,17,31,2,7,130,6.751298207713058,1.609924957223883,4.193548387096774,0.8828620733163229,,,,,1.2463935152701031,,0.7023933402705516,,,3.527227621167191,-0.12753410775232776,,,,,,,,,738.3200225830078,4.260357816396004,791.5000152587891,4.567224473864548,,,,,,,,,,,,,,,,,,,"Tommy Milone","7608",543548
"Homer Bailey","CIN",10,8,,3.9988458614915805,29,29,,,,173.3000030517578,,174,82,77,20,45,3,7,138,7.166762712803092,2.3369878411314433,3.066666666666667,1.0386612627250857,,,,,1.263704536315521,,0.7172774869109948,,,3.9022997438179163,-0.12753410775232776,,,,,,,,,704.0200225830079,4.062435142443391,726.5000152587891,4.192152351213822,,,,,,,,,,,,,,,,,,,"Homer Bailey","8362",456701
"Adam Wainwright","STL",14,9,,3.419689179251947,27,27,,,,173.6999969482422,,165,71,66,14,46,2,4,157,8.1347151688266,2.383419730993781,3.4130434782608696,0.725388613780716,,,,,1.2147380754581831,,0.7314524555903866,,,3.198079039857555,-0.12782846934376568,,,,,,,,,848.1799774169922,4.883016651230722,850.4999847412109,4.896373055174183,,,,,,,,,,,,,,,,,,,"Adam Wainwright","2233",425794
"Scott Diamond","MIN",10,12,,4.628571428571429,30,30,,,,175,,203,96,90,16,47,3,7,91,4.68,2.4171428571428573,1.9361702127659575,0.8228571428571428,,,,,1.4285714285714286,,0.6766256590509666,,,4.168737809317452,-0.1287851613597013,,,,,,,,,590.4,3.3737142857142857,687,3.9257142857142857,,,,,,,,,,,,,,,,,,,"Scott Diamond","5089",539438
"Chris Sale","CHW",14,8,,3.4319863999635247,28,28,,,,175.6999969482422,,156,72,67,19,52,6,5,174,8.912919904382886,2.6636312357925864,3.3461538461538463,0.973249874616522,,,,,1.183836104796705,,0.7497243660418963,,,3.4928584764537067,-0.12930029975930513,,,,,,,,,837.8799774169921,4.768810426694631,808.4999847412109,4.601593618578032,,,,,,,,,,,,,,,,,,,"Chris Sale","10603",519242
"Patrick Corbin","ARI",11,9,,4.227504317494733,32,29,,,,176.6999969482422,,184,89,83,20,51,2,9,140,7.1307301740875015,2.5976231348461614,2.7450980392156863,1.0186757391553574,,,,,1.3299377705639388,,0.7053140096618358,,,3.9999416409476116,-0.13003621496707485,,,,,,,,,683.1799774169922,3.866327047063305,723.4999847412109,4.094510454084126,,,,,,,,,,,,,,,,,,,"Patrick Corbin","9323",571578
"Jonathon Niese","NYM",11,10,,3.908629374347489,29,29,,,,177.3000030517578,,177,82,77,19,49,3,5,150,7.614213066910692,2.487309601857493,3.061224489795918,0.9644669884753544,,,,,1.2746756689791234,,0.7221664994984954,,,3.7092292982119353,-0.13047776858340665,,,,,,,,,756.1200225830078,4.2646362637809965,777.5000152587891,4.385222796819804,,,,,,,,,,,,,,,,,,,"Jonathon Niese","4424",477003
"Brett Myers","CLE",9,10,,4.247191011235955,28,28,,,,178,,189,90,84,22,44,4,3,122,6.168539325842697,2.2247191011235956,2.772727272727273,1.1123595505617978,,,,,1.3089887640449438,,0.7072205736894165,,,4.122541982672188,-0.13099290698301047,,,,,,,,,658.1999999999998,3.697752808988763,707,3.9719101123595504,,,,,,,,,,,,,,,,,,,"Brett Myers","962",408206
"Ervin Santana","KCR",9,12,,5.0476723757472035,29,29,,,,178.3000030517578,,189,107,100,32,62,2,9,132,6.6629275359863085,3.129556872963266,2.129032258064516,1.6152551602391052,,,,,1.4077397403472756,,0.6983511154219205,,,5.141563669640327,-0.13121368379117637,,,,,,,,,485.4200225830079,2.7224902651409253,526.5000152587891,2.952888425391412,,,,,,,,,,,,,,,,,,,"Ervin Santana","3200",429722
"Roy Halladay","PHI",13,8,,3.4189944134078214,26,26,,,,179,,172,73,68,16,32,1,4,154,7.743016759776537,1.6089385474860336,4.8125,0.8044692737430168,,,,,1.1396648044692737,,0.7213656387665198,,,3.139144832461906,-0.1317288221907802,,,,,,,,,880.6000000000001,4.919553072625699,887,4.955307262569832,,,,,,,,,,,,,,,,,,,"Roy Halladay","1303",136880
"Rick Porcello","DET",11,11,,4.726256983240224,31,31,,,,179,,210,101,94,18,45,2,7,107,5.379888268156424,2.2625698324022347,2.3777777777777778,0.9050279329608939,,,,,1.4245810055865922,,0.670147954743255,,,4.0776923184954255,-0.1317288221907802,,,,,,,,,615.2,3.4368715083798884,719,4.016759776536313,,,,,,,,,,,,,,,,,,,"Rick Porcello","2717",519144
"Wade Miley","ARI",13,10,,3.9,31,29,,,,180,,184,83,78,17,47,0,4,131,6.55,2.35,2.7872340425531914,0.85,,,,,1.2833333333333334,,0.7142857142857143,,,3.7166743172539607,-0.13246473739854991,,,,,,,,,753.5,4.186111111111111,788,4.377777777777778,,,,,,,,,,,,,,,,,,,"Wade Miley","8779",489119
"Wandy Rodriguez","PIT",11,10,,3.5940099225288527,29,29,,,,180.3000030517578,,170,77,72,15,53,3,4,136,6.788685409221166,2.6455906374170723,2.5660377358490565,0.748752067193511,,,,,1.2368274887715034,,0.7227722772277227,,,3.6158053862627755,-0.13268551420671582,,,,,,,,,808.7200225830079,4.485413249554148,807.5000152587891,4.478646708768963,,,,,,,,,,,,,,,,,,,"Wandy Rodriguez","2586",434643
"Hyun Jin Ryu","LAD",10,11,,3.993344358365392,26,25,,,,180.3000030517578,,167,86,80,30,57,8,7,169,8.435939957046891,2.845257855335342,2.9649122807017543,1.497504134387022,,,,,1.2423738003803442,,0.7582417582417582,,,4.447752127588899,-0.13268551420671582,,,,,,,,,677.0200225830079,3.754964010669812,657.5000152587891,3.6466999674428395,,,,,,,,,,,,,,,,,,,"Hyun Jin Ryu","14444",547943
"Ubaldo Jiménez","CLE",11,13,,4.368450009203246,30,30,,,,181.3000030517578,,175,94,88,18,85,4,8,163,8.091560812501468,4.219525577071318,1.9176470588235295,0.8935465927915731,,,,,1.434087124233389,,0.706984667802385,,,4.125891680538061,-0.13342142941448554,,,,,,,,,712.2200225830077,3.92840601541348,719.5000152587891,3.968560414493678,,,,,,,,,,,,,,,,,,,"Ubaldo Jimenez","3374",434622
"Blake Beavan","SEA",8,14,,4.6880086038705,31,31,,,,184.3000030517578,,206,103,96,24,37,0,10,83,4.053174105429703,1.8068366494084218,2.2432432432432434,1.172002150967625,,,,,1.318502419838578,,0.6685768863419294,,,4.65169569377113,-0.1356291750377947,,,,,,,,,558.0200225830077,3.0277808645846656,634.5000152587891,3.4427564012606093,,,,,,,,,,,,,,,,,,,"Blake Beavan","338",518444
"Aníbal Sánchez","DET",11,9,,4.232432432432432,30,30,,,,185,,194,93,87,21,50,4,5,143,6.956756756756757,2.4324324324324325,2.86,1.0216216216216216,,,,,1.318918918918919,,0.7036346691519105,,,3.91607371665336,-0.13614431343739852,,,,,,,,,727.3,3.931351351351351,773,4.178378378378379,,,,,,,,,,,,,,,,,,,"Anibal Sanchez","3284",434671
"Hiroki Kuroda","NYY",14,11,,4.258064516129032,29,29,,,,186,,192,94,88,26,45,3,6,136,6.580645161290323,2.1774193548387095,3.022222222222222,1.2580645161290323,,,,,1.2741935483870968,,0.7128614157527418,,,4.271871449870448,-0.13688022864516824,,,,,,,,,676.4000000000001,3.636559139784947,711,3.8225806451612905,,,,,,,,,,,,,,,,,,,"Hiroki Kuroda","3283",493133
"Jason Vargas","LAA",10,11,,4.354838709677419,29,29,,,,186,,189,96,90,26,48,2,3,118,5.709677419354839,2.3225806451612905,2.4583333333333335,1.2580645161290323,,,,,1.2741935483870968,,0.7028913260219343,,,4.4654198369672224,-0.13688022864516824,,,,,,,,,648.2,3.48494623655914,675,3.629032258064516,,,,,,,,,,,,,,,,,,,"Jason Vargas","8044",450306
"Jose Quintana","CHW",9,8,,4.396135193687923,36,32,,,,186.3000030517578,,200,97,91,20,67,4,6,116,5.603864642503287,3.236714922825174,1.7313432835820894,0.9661835590522908,,,,,1.433172279260898,,0.7112970711297071,,,4.420270645509048,-0.13710100545333415,,,,,,,,,625.6200225830078,3.3581321112979166,684.5000152587891,3.6741814495226897,,,,,,,,,,,,,,,,,,,"Jose Quintana","11423",500779
"Max Scherzer","DET",13,10,,3.952865624334165,31,31,,,,186.6999969482422,,180,88,82,22,58,1,6,196,9.448312955725564,2.7959293440412383,3.3793103448275863,1.060524923601849,,,,,1.2747723829153539,,0.7239382239382239,,,3.555084132555774,-0.13739536704477207,,,,,,,,,842.9799774169924,4.515157960343658,847.4999847412109,4.539367962475964,,,,,,,,,,,,,,,,,,,"Max Scherzer","3137",453286
"Edwin Jackson","CHC",11,10,,3.904659945988626,30,30,,,,186.6999969482422,,183,87,81,19,60,4,3,159,7.664702856940637,2.8923407007323156,2.65,0.9159078885652333,,,,,1.301553315329542,,0.7208872458410351,,,3.726482100006578,-0.13739536704477207,,,,,,,,,801.0799774169923,4.290733746712761,815.4999847412109,4.3679699950251605,,,,,,,,,,,,,,,,,,,"Edwin Jackson","1841",429719
"Dan Haren","WSN",12,10,,3.904659945988626,30,29,,,,186.6999969482422,,187,87,81,23,37,3,4,151,7.279057430176327,1.783610098784928,4.081081081081081,1.1087306019473877,,,,,1.1997857721556273,,0.7142857142857142,,,3.737194472972253,-0.13739536704477207,,,,,,,,,791.4799774169921,4.239314356477519,813.4999847412109,4.357257622059485,,,,,,,,,,,,,,,,,,,"Dan Haren","1757",429717
"Ricky Romero","TOR",12,11,,4.4207153577632,30,30,,,,187.3000030517578,,183,98,92,21,84,2,10,143,6.871329306088453,4.036305326653356,1.7023809523809523,1.009076331663339,,,,,1.4255205320323363,,0.7112794612794613,,,4.530650683483793,-0.13783692066110387,,,,,,,,,655.920022583008,3.5019755039819906,667.5000152587891,3.5638014115479457,,,,,,,,,,,,,,,,,,,"Ricky Romero","3403",460069
"Jon Lester","BOS",14,9,,3.967073754080997,30,30,,,,188.3000030517578,,179,89,83,20,69,1,7,173,8.268719993445933,3.2979287835131177,2.5072463768115942,0.9559213865255414,,,,,1.3170472436574125,,0.7227272727272728,,,3.8485678555129987,-0.1385728358688736,,,,,,,,,800.0200225830079,4.248645829087465,799.5000152587891,4.245884239518739,,,,,,,,,,,,,,,,,,,"Jon Lester","4930",452657
"Tim Lincecum","SFG",12,12,,3.672496084830782,31,31,,,,188.6999969482422,,169,82,77,18,78,4,5,194,9.252782343599634,3.720190839179234,2.4871794871794872,0.8585055782721309,,,,,1.3089560360075083,,0.7439134355275022,,,3.5978967242653956,-0.1388671974603115,,,,,,,,,874.579977416992,4.634764131219765,848.4999847412109,4.496555370766343,,,,,,,,,,,,,,,,,,,"Tim Lincecum","5705",453311
"Matt Harrison","TEX",16,10,,4.046000980933533,30,30,,,,191.3000030517578,,196,92,86,21,57,0,1,120,5.6455827640933025,2.6816518129443185,2.1052631578947367,0.9879769837163279,,,,,1.3225300364033383,,0.7200357781753131,,,4.176522124816288,-0.14078058149218275,,,,,,,,,713.7200225830078,3.730893942484177,749.5000152587891,3.9179299702154506,,,,,,,,,,,,,,,,,,,"Matt Harrison","5551",457448
"Johnny Cueto","CIN",14,8,,3.316035340527954,31,31,,,,192.6999969482422,,182,76,71,17,51,3,11,146,6.818889573480019,2.381940878407404,2.8627450980392157,0.7939802928024678,,,,,1.2091333870782681,,0.7504780114722753,,,3.6912346680532013,-0.1418108582913904,,,,,,,,,849.6799774169924,4.409340897110705,848.4999847412109,4.403217426978538,,,,,,,,,,,,,,,,,,,"Johnny Cueto","6893",456501
"Yu Darvish","TEX",17,8,,3.4041450777202074,29,29,,,,193,,158,78,73,15,86,1,10,226,10.538860103626943,4.010362694300518,2.627906976744186,0.6994818652849741,,,,,1.2642487046632125,,0.7443946188340808,,,3.2550738566897697,-0.1420316350995563,,,,,,,,,996.9000000000001,5.1652849740932645,934,4.839378238341969,,,,,,,,,,,,,,,,,,,"Yu Darvish","13074",506433
"C.J. Wilson","LAA",12,9,,3.491981320969057,31,31,,,,193.3000030517578,,172,80,75,15,79,1,8,169,7.868597909916942,3.6782203247540735,2.1392405063291138,0.6983962641938114,,,,,1.2984997208344198,,0.7434782608695653,,,3.7049021629937364,-0.1422524119077222,,,,,,,,,875.7200225830079,4.53036735001254,848.5000152587891,4.389549932038002,,,,,,,,,,,,,,,,,,,"C.J. Wilson","3580",450351
"Justin Masterson","CLE",10,12,,4.330056838001631,32,31,,,,193.3000030517578,,199,100,93,16,71,2,11,147,6.844283389099352,3.3057423171840408,2.0704225352112675,0.7449560151400655,,,,,1.3967925283876228,,0.6865912762520194,,,3.9221810007429223,-0.1422524119077222,,,,,,,,,764.220022583008,3.953543768845059,806.5000152587891,4.172271094288816,,,,,,,,,,,,,,,,,,,"Justin Masterson","2038",475416
"Yovani Gallardo","MIL",14,10,,3.804123711340206,32,32,,,,194,,181,88,82,22,70,3,1,199,9.231958762886597,3.247422680412371,2.842857142857143,1.0206185567010309,,,,,1.2938144329896908,,0.740236148955495,,,3.6150706517327693,-0.14276755030732602,,,,,,,,,879.4,4.532989690721649,869,4.479381443298969,,,,,,,,,,,,,,,,,,,"Yovani Gallardo","8173",451596
"R.A. Dickey","TOR",13,9,,3.890890314595703,30,29,,,,194.3000030517578,,193,90,84,25,47,2,8,148,6.8553781733352865,2.1770457712618816,3.148936170212766,1.1580030698201498,,,,,1.2352032744748263,,0.7317073170731707,,,4.0929080752322236,-0.14298832711549192,,,,,,,,,759.5200225830079,3.9090067455155224,777.5000152587891,4.001544019799516,,,,,,,,,,,,,,,,,,,"R.A. Dickey","1245",285079
"Jarrod Parker","OAK",12,10,,3.7710782396955413,33,33,,,,195.6999969482422,,190,88,82,14,69,3,4,153,7.036280130163632,3.1732243724267364,2.217391304347826,0.6438426262894827,,,,,1.3234542873728254,,0.7142857142857143,,,3.579888995805555,-0.14401860391469956,,,,,,,,,868.9799774169921,4.4403678639137425,883.4999847412109,4.514563099226184,,,,,,,,,,,,,,,,,,,"Jarrod Parker","4913",519105
"Mat Latos","CIN",13,8,,3.4668017710094303,32,32,,,,197.3000030517578,,173,81,76,22,57,6,3,186,8.484541176417816,2.6001013282570726,3.263157894736842,1.0035478810816771,,,,,1.1657374376201302,,0.747991967871486,,,3.5708839173634437,-0.14519607273880109,,,,,,,,,931.6200225830078,4.721844947658797,892.5000152587891,4.523568177668294,,,,,,,,,,,,,,,,,,,"Mat Latos","3815",502009
"Cliff Lee","PHI",12,6,,3.06,28,28,,,,200,,184,73,68,20,29,0,2,198,8.91,1.305,6.827586206896552,0.9,,,,,1.065,,0.7567567567567568,,,2.8794520950317386,-0.14718304155394435,,,,,,,,,1058.6,5.292999999999999,1043,5.215,,,,,,,,,,,,,,,,,,,"Cliff Lee","1636",424324
"Gio González","WSN",18,9,,3.015,32,32,,,,200,,165,72,67,15,76,2,6,200,9,3.42,2.6315789473684212,0.675,,,,,1.205,,0.7681818181818182,,,3.2994520950317385,-0.14718304155394435,,,,,,,,,1020.5,5.1025,959,4.795,,,,,,,,,,,,,,,,,,,"Gio Gonzalez","7448",461829
"Trevor Cahill","ARI",15,11,,3.8642036355835563,32,32,,,,200.3000030517578,,191,92,86,20,69,1,9,152,6.829755262891867,3.1003494285495976,2.2028985507246377,0.8986520082752457,,,,,1.2980529008420216,,0.7241379310344828,,,4.043029214877831,-0.14740381836211025,,,,,,,,,809.6200225830079,4.042036995744832,811.5000152587891,4.051422880153908,,,,,,,,,,,,,,,,,,,"Trevor Cahill","6249",502239
"Ian Kennedy","ARI",14,9,,3.710879228391929,32,32,,,,201.3000030517578,,192,89,83,24,56,2,11,178,7.958271116310402,2.503725744457205,3.1785714285714284,1.0730253190530878,,,,,1.2319920329868788,,0.7416044776119403,,,3.8743825352693997,-0.14813973356987997,,,,,,,,,850.2200225830079,4.223646347210443,849.5000152587891,4.220069559762339,,,,,,,,,,,,,,,,,,,"Ian Kennedy","6986",453178
"CC Sabathia","NYY",14,8,,3.6035590163263005,29,29,,,,202.3000030517578,,193,87,81,20,52,3,7,184,8.185862456839992,2.31339591171565,3.5384615384615383,0.889767658352173,,,,,1.2110726460904577,,0.728110599078341,,,3.4355296974000713,-0.1488756487776497,,,,,,,,,940.2200225830079,4.647652043497279,942.5000152587891,4.658922397631667,,,,,,,,,,,,,,,,,,,"CC Sabathia","404",282332
"Jered Weaver","LAA",16,9,,3.0147783251231526,31,31,,,,203,,171,73,68,20,49,0,3,176,7.802955665024631,2.1724137931034484,3.5918367346938775,0.8866995073891626,,,,,1.083743842364532,,0.765625,,,3.4097230309923297,-0.14939078717725351,,,,,,,,,1007.6,4.963546798029557,951,4.684729064039409,,,,,,,,,,,,,,,,,,,"Jered Weaver","4235",450308
"Zack Greinke","LAD",13,8,,3.0988686204771443,32,32,,,,203.3000030517578,,177,75,70,17,50,0,4,198,8.765371240778208,2.2134775860551033,3.96,0.7525823792587351,,,,,1.1165764711877966,,0.7480314960629921,,,3.0305071869901465,-0.14961156398541942,,,,,,,,,1069.1200225830078,5.2588293484226964,1029.500015258789,5.0639449080415915,,,,,,,,,,,,,,,,,,,"Zack Greinke","1943",425844
"Cole Hamels","PHI",14,8,,3.264705882352941,31,30,,,,204,,180,79,74,23,49,3,5,201,8.867647058823529,2.161764705882353,4.1020408163265305,1.0147058823529411,,,,,1.1225490196078431,,0.7621951219512195,,,3.383667781306248,-0.15012670238502324,,,,,,,,,998.7,4.895588235294118,961,4.71078431372549,,,,,,,,,,,,,,,,,,,"Cole Hamels","4972",430935
"David Price","TBR",16,9,,3.033221036382552,31,31,,,,207.6999969482422,,176,75,70,18,63,3,6,201,8.709677547327042,2.7298989327442964,3.1904761904761907,0.7799711236412276,,,,,1.150698139199095,,0.7670720299345182,,,3.2822229210935157,-0.15284958640793622,,,,,,,,,1052.9799774169924,5.069715902207691,999.4999847412109,4.812229173938223,,,,,,,,,,,,,,,,,,,"David Price","3184",456034
"James Shields","KCR",13,12,,4.110576923076923,31,31,,,,208,,211,102,95,28,53,2,7,183,7.918269230769231,2.293269230769231,3.452830188679245,1.2115384615384615,,,,,1.2692307692307692,,0.7206405693950177,,,3.9502213258009693,-0.15307036321610212,,,,,,,,,832.1999999999999,4.000961538461538,862,4.144230769230769,,,,,,,,,,,,,,,,,,,"James Shields","7059",448306
"Madison Bumgarner","SFG",16,11,,3.229665071770335,33,33,,,,209,,190,80,75,19,49,6,6,195,8.397129186602871,2.110047846889952,3.979591836734694,0.8181818181818182,,,,,1.1435406698564594,,0.7485875706214689,,,3.199715252926475,-0.15380627842387185,,,,,,,,,1043.9,4.994736842105263,1023,4.894736842105263,,,,,,,,,,,,,,,,,,,"Madison Bumgarner","5524",518516
"Matt Cain","SFG",13,8,,2.990033265898706,31,31,,,,210.6999969482422,,179,75,70,17,55,3,8,179,7.645942208512405,2.349311851777555,3.2545454545454544,0.7261509360039715,,,,,1.1105837844766622,,0.7564224548049477,,,3.3412484915821077,-0.1550573320312454,,,,,,,,,1053.6799774169922,5.000854260457467,1001.4999847412109,4.753203603449631,,,,,,,,,,,,,,,,,,,"Matt Cain","4732",430912
"Justin Verlander","DET",17,8,,3.0908268891438992,32,32,,,,221.3000030517578,,186,81,76,19,58,1,4,219,8.906461693717288,2.358788941715081,3.7758620689655173,0.7727067222859748,,,,,1.1025756739051336,,0.749770009199632,,,3.071858331222207,-0.1628580377252744,,,,,,,,,1172.3200225830078,5.297424339885006,1111.500015258789,5.022593763809532,,,,,,,,,,,,,,,,,,,"Justin Verlander","8700",434378
"Clayton Kershaw","LAD",17,7,,2.557510184054586,33,33,,,,221.6999969482422,,173,67,63,16,63,5,5,233,9.458728141027278,2.557510184054586,3.6984126984126986,0.649526395950371,,,,,1.0645015933631081,,0.7911985018726592,,,2.8508796965503493,-0.16315239931671233,,,,,,,,,1255.9799774169924,5.665223250815885,1162.499984741211,5.24357239848139,,,,,,,,,,,,,,,,,,,"Clayton Kershaw","2036",477132
"Félix Hernández","SEA",14,10,,3.0354795914868657,32,32,,,,228.3000030517578,,201,82,77,16,58,0,9,216,8.515111581313805,2.2864651468342623,3.7241379310344827,0.6307490060232448,,,,,1.1344721705556973,,0.7480980557903635,,,2.993707462125248,-0.16800944417966246,,,,,,,,,1201.020022583008,5.2607096212378295,1164.500015258789,5.1007446329064905,,,,,,,,,,,,,,,,,,,"Felix Hernandez","4772",433587