Name,Team,W,L,QS,ERA,G,GS,SV,HLD,BS,IP,TBF,H,R,ER,HR,BB,IBB,HBP,SO,K/9,BB/9,K/BB,HR/9,K%,BB%,K-BB%,AVG,WHIP,BABIP,LOB%,GB%,HR/FB,FIP,WAR,RA9-WAR,ADP,InterSD,InterSK,IntraSD,Vol,Skew,Dim,FPTS,FPTS/IP,SPTS,SPTS/IP,P10,P20,P30,P40,P50,P60,P70,P80,P90,TT10,TT20,TT30,TT40,TT50,TT60,TT70,TT80,TT90,NameASCII,PlayerId,MLBAMID
"Tarik Skubal","DET",13,7,,2.69524,28,28,0,0,,170.3,673,135,55,51,13,33,0,5,196,10.3582,1.74398,5.93939,0.687023,0.291233,0.0490342,0.2421990968286991,0.212598,0.986494,0.286385,0.754339,,,2.52643,5.42125,5.28811,13.8100004196167,,,,,,,1027.3200225830078,6.032413412645584,960.5000152587891,5.640046964455265,,,,,,,,,,,,,,,,,,,"Tarik Skubal","22267",669373
"Logan Webb","SFG",14,9,,3.16837,32,32,0,0,,196,800,181,75,69,14,42,1,5,167,7.66837,1.92857,3.97619,0.642857,0.20875,0.0525,0.1562499962747097,0.240372,1.13776,0.291958,0.72763,,,3.11036,4.47947,4.76603,98.33999633789062,,,,,,,1000.6,5.105102040816327,991,5.0561224489795915,,,,,,,,,,,,,,,,,,,"Logan Webb","17995",657277
"Garrett Crochet","BOS",12,5,,2.85188,29,29,0,0,,135.7,563,112,46,43,10,45,2,3,174,11.5402,2.98452,3.86667,0.663228,0.309059,0.0799289,0.22912965714931488,0.217476,1.15696,0.308157,0.776224,,,2.62116,4.1999,4.26083,23.670000076293945,,,,,,,793.9799774169921,5.8509948067266855,752.4999847412109,5.54532057232267,,,,,,,,,,,,,,,,,,,"Garrett Crochet","27463",676979
"Zack Wheeler","PHI",12,7,,3.27832,28,28,0,0,,175.7,712,147,69,64,17,46,0,7,182,9.32271,2.35629,3.95652,0.870803,0.255618,0.0646067,0.1910112351179123,0.223065,1.09846,0.282609,0.732861,,,3.25754,4.18196,4.2793,21.649999618530273,,,,,,,913.8799774169922,5.201365926524197,862.4999847412109,4.908935684246408,,,,,,,,,,,,,,,,,,,"Zack Wheeler","10310",554430
"Corbin Burnes","ARI",14,7,,3.01648,30,30,0,0,,182,739,152,66,61,15,50,0,7,182,9,2.47253,3.64,0.741758,0.246279,0.067659,0.17861974984407425,0.222874,1.10989,0.282474,0.751381,,,3.17747,4.05462,5.14191,37.04999923706055,,,,,,,960.0999999999999,5.275274725274725,908,4.989010989010989,,,,,,,,,,,,,,,,,,,"Corbin Burnes","19361",669203
"Aaron Nola","PHI",11,9,,3.80901,30,30,0,0,,184.3,753,168,84,78,23,41,0,5,183,8.93652,2.00217,4.46341,1.12317,0.243028,0.0544489,0.1885790228843689,0.237624,1.13402,0.289421,0.707014,,,3.55172,3.72614,3.20428,88.30000305175781,,,,,,,872.1200225830078,4.7320673257834205,850.5000152587891,4.614758552228234,,,,,,,,,,,,,,,,,,,"Aaron Nola","16149",605400
"Paul Skenes","PIT",9,6,,3.28846,30,30,0,0,,156,634,129,62,57,17,45,0,4,181,10.4423,2.59615,4.02222,0.980769,0.285489,0.0709779,0.21451104432344437,0.220513,1.11538,0.289406,0.745672,,,3.20494,3.65188,3.83894,10.890000343322754,,,,,,,824.9000000000002,5.287820512820514,774,4.961538461538462,,,,,,,,,,,,,,,,,,,"Paul Skenes","33677",694973
"George Kirby","SEA",13,9,,3.37565,30,30,0,0,,173.3,705,162,70,65,19,26,0,6,162,8.41316,1.35026,6.23077,0.986728,0.229787,0.0368794,0.19290779903531075,0.240713,1.08482,0.29065,0.731103,,,3.27612,3.61857,3.29143,100.83999633789062,,,,,,,855.5200225830079,4.936641705237005,847.5000152587891,4.890363533379019,,,,,,,,,,,,,,,,,,,"George Kirby","25436",669923
"Dylan Cease","SDP",12,9,,3.48321,32,32,0,0,,175.7,727,141,74,68,19,66,1,5,207,10.6033,3.38076,3.13636,0.97325,0.284732,0.090784,0.19394773244857788,0.214939,1.17814,0.283721,0.737251,,,3.42829,3.57037,3.34269,47.27000045776367,,,,,,,900.8799774169921,5.127376169974402,832.4999847412109,4.738190092208421,,,,,,,,,,,,,,,,,,,"Dylan Cease","18525",656302
"Yoshinobu Yamamoto","LAD",11,6,,3.39739,24,24,0,0,,145.7,566,113,59,55,16,31,0,3,149,9.20384,1.91489,4.80645,0.988332,0.263251,0.0547703,0.2084805704653263,0.212406,0.988332,0.264305,0.699013,,,3.24884,3.4317,3.18647,59.349998474121094,,,,,,,783.5799774169923,5.3780370201061,716.4999847412109,4.917638982489047,,,,,,,,,,,,,,,,,,,"Yoshinobu Yamamoto","33825",808967
"Chris Sale","ATL",11,5,,3.05857,24,24,0,0,,138.3,570,118,51,47,14,37,0,8,168,10.9328,2.40781,4.54054,0.911063,0.294737,0.0649123,0.22982455044984818,0.224762,1.12075,0.303207,0.768095,,,3.0291,3.41318,3.77587,35.97999954223633,,,,,,,745.4200225830077,5.389877123169979,710.5000152587891,5.1373824987761525,,,,,,,,,,,,,,,,,,,"Chris Sale","10603",519242
"Logan Gilbert","SEA",11,8,,3.37559,32,32,0,0,,189.3,762,162,77,71,23,45,1,4,191,9.08082,2.13946,4.24444,1.0935,0.250656,0.0590551,0.19160103797912598,0.227209,1.0935,0.278557,0.743707,,,3.50457,3.41072,3.53328,26.360000610351562,,,,,,,931.7200225830077,4.921922913695145,882.5000152587891,4.6619123139554235,,,,,,,,,,,,,,,,,,,"Logan Gilbert","22250",669302
"Max Fried","NYY",12,7,,3.38889,27,27,0,0,,162,664,140,66,61,15,47,1,6,146,8.11111,2.61111,3.10638,0.833333,0.21988,0.0707831,0.14909639209508896,0.229133,1.15432,0.277778,0.728916,,,3.5492,3.32998,3.49847,96.06999969482422,,,,,,,783.3,4.835185185185185,748,4.617283950617284,,,,,,,,,,,,,,,,,,,"Max Fried","13743",608331
"Spencer Strider","ATL",10,6,,3.22196,24,22,0,0,,125.7,511,97,49,45,14,37,0,6,172,12.315,2.64916,4.64865,1.00239,0.336595,0.072407,0.26418786495923996,0.207265,1.06603,0.294326,0.743007,,,2.90395,3.27584,3.10039,101.01000213623047,,,,,,,720.7799774169921,5.734128837837427,661.4999847412109,5.262529839309288,,,,,,,,,,,,,,,,,,,"Spencer Strider","27498",675911
"Pablo López","MIN",12,10,,3.84971,30,30,0,0,,173,721,159,80,74,22,45,1,8,183,9.52023,2.34104,4.06667,1.14451,0.253814,0.0624133,0.19140084460377693,0.238024,1.17919,0.295896,0.715935,,,3.62313,3.14931,2.63647,73.29000091552734,,,,,,,803.1999999999999,4.642774566473988,786,4.543352601156069,,,,,,,,,,,,,,,,,,,"Pablo Lopez","17085",641154
"Sandy Alcantara","MIA",9,7,,3.42422,24,24,0,0,,157.7,643,144,65,60,15,36,1,6,135,7.7045,2.05453,3.75,0.856056,0.209953,0.0559876,0.1539657786488533,0.239601,1.14141,0.286031,0.72327,,,3.48988,3.14103,3.64681,137.64999389648438,,,,,,,752.0799774169922,4.769055117127415,737.4999847412109,4.676601135149429,,,,,,,,,,,,,,,,,,,"Sandy Alcantara","18684",645261
"Hunter Greene","CIN",8,7,,3.72334,27,27,0,0,,154.7,628,113,69,64,17,53,0,18,174,10.1228,3.08339,3.28302,0.989011,0.27707,0.0843949,0.1926751732826233,0.202873,1.07304,0.262295,0.682138,,,3.72239,3.09881,3.27635,94.69999694824219,,,,,,,776.8799774169925,5.021848692582149,687.4999847412109,4.444085315471772,,,,,,,,,,,,,,,,,,,"Hunter Greene","22182",668881
"Blake Snell","LAD",9,6,,3.38346,26,26,0,0,,133,553,100,54,50,14,59,0,2,176,11.9098,3.99248,2.98305,0.947368,0.318264,0.106691,0.21157322824001312,0.203252,1.19549,0.284768,0.753228,,,3.26422,3.09753,2.88464,44.5099983215332,,,,,,,721,5.421052631578948,652,4.902255639097745,,,,,,,,,,,,,,,,,,,"Blake Snell","13543",605483
"Michael King","SDP",13,7,,3.31899,29,28,0,0,,162.7,681,138,65,60,17,59,2,7,177,9.79103,3.26368,3,0.940381,0.259912,0.0866373,0.17327459901571274,0.22439,1.21082,0.287411,0.762125,,,3.56599,3.02281,3.48649,62.720001220703125,,,,,,,792.0799774169923,4.868346602790456,748.4999847412109,4.600491695026413,,,,,,,,,,,,,,,,,,,"Michael King","19853",650633
"Tyler Glasnow","LAD",10,5,,3.41129,22,22,0,0,,124,493,97,51,47,16,35,0,0,153,11.1048,2.54032,4.37143,1.16129,0.310345,0.0709939,0.23935090005397797,0.21179,1.06452,0.280277,0.739051,,,3.22293,2.95591,2.61962,91.72000122070312,,,,,,,669.5999999999999,5.3999999999999995,613,4.943548387096774,,,,,,,,,,,,,,,,,,,"Tyler Glasnow","14374",607192
"Cole Ragans","KCR",10,8,,3.69942,30,27,0,0,,155.7,656,137,69,64,17,57,1,4,172,9.9422,3.2948,3.01754,0.982659,0.262195,0.0868902,0.1753048673272133,0.230252,1.24599,0.295566,0.73443,,,3.55184,2.95424,3.02424,45.599998474121094,,,,,,,747.8799774169922,4.80333970504574,718.4999847412109,4.6146435377263035,,,,,,,,,,,,,,,,,,,"Cole Ragans","21846",666142
"Spencer Schwellenbach","ATL",11,6,,3.4592,27,27,0,0,,148.3,604,134,62,57,17,30,1,7,147,8.92111,1.82063,4.9,1.03169,0.243377,0.0496689,0.1937086023390293,0.236332,1.10587,0.290323,0.727532,,,3.42272,2.92043,3.22372,78.30000305175781,,,,,,,722.9200225830081,4.874713470711821,703.5000152587891,4.743762648563549,,,,,,,,,,,,,,,,,,,"Spencer Schwellenbach","31846",680885
"Cristopher Sánchez","PHI",9,7,,3.79417,29,28,0,0,,161.3,673,155,74,68,18,41,0,5,139,7.75573,2.28766,3.39024,1.00434,0.206538,0.0609212,0.14561663940548897,0.247209,1.21513,0.291489,0.714286,,,3.74924,2.87126,2.74002,144.05999755859375,,,,,,,709.2200225830077,4.396900242806776,712.5000152587891,4.417234976927822,,,,,,,,,,,,,,,,,,,"Cristopher Sanchez","20778",650911
"Framber Valdez","HOU",13,8,,3.33529,27,27,0,0,,170,708,147,68,63,16,58,0,9,157,8.31176,3.07059,2.7069,0.847059,0.221751,0.0819209,0.13983049988746643,0.229329,1.20588,0.279915,0.750274,,,3.7253,2.82938,3.69845,61.900001525878906,,,,,,,792,4.658823529411765,755,4.4411764705882355,,,,,,,,,,,,,,,,,,,"Framber Valdez","17295",664285
"Tanner Houck","BOS",9,7,,3.85714,28,26,0,1,,154,651,144,71,66,13,46,1,13,137,8.00649,2.68831,2.97826,0.75974,0.210445,0.0706605,0.13978493958711624,0.243243,1.23377,0.29638,0.692666,,,3.63401,2.82203,2.80563,225.72999572753906,,,,,,,706.3000000000001,4.586363636363637,702,4.558441558441558,,,,,,,,,,,,,,,,,,,"Tanner Houck","19879",656557
"Ranger Suárez","PHI",11,7,,3.5827,28,26,0,1,,145.7,610,135,63,58,14,45,1,4,130,8.0302,2.77968,2.88889,0.864791,0.213115,0.0737705,0.13934426009655,0.240642,1.23542,0.290168,0.729426,,,3.64006,2.76692,2.87422,278.0299987792969,,,,,,,671.9799774169921,4.612079557254234,663.4999847412109,4.553877821815671,,,,,,,,,,,,,,,,,,,"Ranger Suarez","17277",624133
"Brandon Pfaadt","ARI",11,7,,3.76875,28,28,0,1,,160,665,151,72,67,20,36,0,7,160,9,2.025,4.44444,1.125,0.240602,0.0541353,0.18646617233753204,0.242765,1.16875,0.29638,0.72327,,,3.59773,2.71952,2.96125,178.5399932861328,,,,,,,740.4,4.6274999999999995,735,4.59375,,,,,,,,,,,,,,,,,,,"Brandon Pfaadt","27782",694297
"Justin Steele","CHC",8,6,,3.39019,26,25,0,0,,140.7,581,127,57,53,14,37,0,5,133,8.50746,2.36674,3.59459,0.895522,0.228916,0.0636833,0.1652323603630066,0.235622,1.1656,0.288265,0.740997,,,3.46499,2.67836,2.99982,118.05999755859375,,,,,,,678.7799774169921,4.824306980381014,661.4999847412109,4.701492530838859,,,,,,,,,,,,,,,,,,,"Justin Steele","17312",657006
"Tanner Bibee","CLE",11,8,,3.40994,29,29,0,0,,161,662,141,66,61,20,45,0,6,162,9.0559,2.51553,3.6,1.11801,0.244713,0.0679758,0.17673715949058533,0.230769,1.15528,0.282051,0.759494,,,3.71927,2.66257,3.33646,88.16000366210938,,,,,,,749.8000000000001,4.6571428571428575,716,4.447204968944099,,,,,,,,,,,,,,,,,,,"Tanner Bibee","30134",676440
"Kevin Gausman","TOR",12,9,,3.68258,28,28,0,0,,161.3,677,154,71,66,21,45,0,2,158,8.81587,2.51085,3.51111,1.17173,0.233383,0.0664697,0.16691284626722336,0.244444,1.23373,0.2949,0.754717,,,3.77404,2.66223,2.79457,166.66000366210938,,,,,,,709.9200225830078,4.401239982340294,708.5000152587891,4.392436465307729,,,,,,,,,,,,,,,,,,,"Kevin Gausman","14107",592332
"Luis Castillo","SEA",12,8,,3.49671,29,29,0,0,,167.3,688,146,70,65,20,48,1,6,168,9.03766,2.58219,3.5,1.07591,0.244186,0.0697674,0.1744185984134674,0.230284,1.15959,0.282511,0.746988,,,3.68053,2.6525,2.89598,100.88999938964844,,,,,,,786.4200225830078,4.7006575507336485,750.5000152587891,4.485953386543609,,,,,,,,,,,,,,,,,,,"Luis Castillo","15689",622491
"Nestor Cortes","SDP",10,7,,3.56493,28,26,0,1,,154,627,136,66,61,21,39,0,3,155,9.05844,2.27922,3.97436,1.22727,0.247209,0.062201,0.1850079819560051,0.232479,1.13636,0.281174,0.748626,,,3.7444,2.62608,3.08781,261.0199890136719,,,,,,,715.7000000000002,4.647402597402598,685,4.4480519480519485,,,,,,,,,,,,,,,,,,,"Nestor Cortes","17874",641482
"Gerrit Cole","NYY",10,7,,3.6875,25,25,0,0,,144,585,123,64,59,20,39,0,4,150,9.375,2.4375,3.84615,1.25,0.25641,0.0666667,0.18974360078573227,0.226937,1.125,0.276882,0.731343,,,3.78454,2.56111,2.52013,444.45001220703125,,,,,,,670.8000000000002,4.658333333333335,631,4.381944444444445,,,,,,,,,,,,,,,,,,,"Gerrit Cole","13125",543037
"Brayan Bello","BOS",11,11,,4.09889,29,28,0,0,,153.7,666,151,76,70,15,56,0,6,141,8.25634,3.27912,2.51786,0.878334,0.211712,0.0840841,0.12762761861085892,0.25,1.34678,0.303571,0.704301,,,3.81059,2.50845,2.29024,372.8999938964844,,,,,,,656.2799774169922,4.269876320413927,669.4999847412109,4.355888080899977,,,,,,,,,,,,,,,,,,,"Brayan Bello","23920",678394
"Kyle Bradish","BAL",8,6,,3.33076,24,24,0,1,,129.7,534,110,52,48,12,41,0,7,129,8.95143,2.84503,3.14634,0.832691,0.241573,0.076779,0.16479401290416718,0.226337,1.16423,0.284058,0.737705,,,3.4903,2.48291,2.73743,681.0800170898438,,,,,,,644.1799774169921,4.966692309746601,610.4999847412109,4.707016184316765,,,,,,,,,,,,,,,,,,,"Kyle Bradish","24586",680694
"Reid Detmers","LAA",9,11,,4.17219,27,27,0,1,,151,641,137,76,70,20,52,1,8,164,9.77483,3.09934,3.15385,1.19205,0.25585,0.0811232,0.17472697794437408,0.2358,1.25166,0.29471,0.701863,,,3.9082,2.44401,1.83794,391.6099853515625,,,,,,,667.2,4.418543046357616,647,4.28476821192053,,,,,,,,,,,,,,,,,,,"Reid Detmers","27468",672282
"Clay Holmes","NYM",10,8,,3.56361,25,17,0,1,,118.7,516,119,51,47,8,37,2,5,105,7.96125,2.80539,2.83784,0.606571,0.203488,0.0717054,0.13178294152021408,0.251055,1.31424,0.307479,0.725138,,,3.33497,2.44261,2.05098,205.64999389648438,,,,,,,558.5799774169923,4.705812904616627,577.4999847412109,4.865206399230351,,,,,,,,,,,,,,,,,,,"Clay Holmes","13649",605280
"Carlos Rodón","NYY",11,10,,4.08818,27,27,0,0,,149.7,623,129,74,68,21,50,0,7,164,9.85972,3.00601,3.28,1.26253,0.263242,0.0802568,0.18298554420471191,0.227915,1.19572,0.283465,0.701872,,,3.94136,2.39221,1.82934,140.91000366210938,,,,,,,671.0799774169924,4.48283227186046,632.4999847412109,4.225116884670971,,,,,,,,,,,,,,,,,,,"Carlos Rodon","16137",607074
"Hunter Brown","HOU",11,8,,3.72,29,26,0,0,,150,637,135,67,62,17,54,0,5,154,9.24,3.24,2.85185,1.02,0.241758,0.0847724,0.15698587149381638,0.233564,1.26,0.289926,0.738499,,,3.76648,2.38793,2.44331,98.58000183105469,,,,,,,680.9000000000001,4.539333333333334,660,4.4,,,,,,,,,,,,,,,,,,,"Hunter Brown","25880",686613
"Nick Martinez","CIN",8,6,,3.525,43,13,0,1,,120,498,115,51,47,11,30,0,4,105,7.875,2.25,3.5,0.825,0.210843,0.060241,0.15060240402817726,0.247845,1.20833,0.298851,0.725309,,,3.45815,2.36688,2.3971,315.4200134277344,,,,,,,565.7,4.714166666666667,569,4.741666666666666,,,,,,,,,,,,,,,,,,,"Nick Martinez","12730",607259
"Shane McClanahan","TBR",8,5,,3.17073,19,19,0,1,,110.7,444,92,42,39,12,28,1,2,117,9.5122,2.27642,4.17857,0.97561,0.263514,0.0630631,0.20045044273138046,0.222222,1.08401,0.280702,0.755814,,,3.27488,2.35293,2.54397,154.27000427246094,,,,,,,580.3799774169922,5.242818368715485,545.4999847412109,4.927732608667186,,,,,,,,,,,,,,,,,,,"Shane McClanahan","21483",663556
"Bailey Ober","MIN",10,8,,3.84906,29,29,0,0,,159,645,142,74,68,24,38,0,5,161,9.11321,2.15094,4.23684,1.35849,0.249612,0.0589147,0.19069767743349075,0.23588,1.13208,0.282974,0.724044,,,3.91491,2.34591,2.37231,84.66999816894531,,,,,,,705.2,4.435220125786164,676,4.251572327044025,,,,,,,,,,,,,,,,,,,"Bailey Ober","21224",641927
"Sonny Gray","STL",10,8,,3.69863,26,26,0,0,,146,602,129,65,60,19,41,0,6,152,9.36986,2.5274,3.70732,1.17123,0.252492,0.0681063,0.18438537418842316,0.232432,1.16438,0.286458,0.732218,,,3.74182,2.33972,2.55275,122.05000305175781,,,,,,,674.3000000000001,4.618493150684932,646,4.424657534246576,,,,,,,,,,,,,,,,,,,"Sonny Gray","12768",543243
"Freddy Peralta","MIL",10,9,,3.84076,29,29,0,0,,157,649,126,72,67,21,59,0,8,176,10.0892,3.38217,2.98305,1.20382,0.271186,0.0909091,0.18027734756469727,0.216495,1.17834,0.272727,0.726221,,,3.94355,2.3366,2.66364,103.55999755859375,,,,,,,726.9,4.629936305732484,663,4.222929936305732,,,,,,,,,,,,,,,,,,,"Freddy Peralta","18679",642547
"Shota Imanaga","CHC",9,7,,3.52356,27,27,0,0,,150.7,620,138,64,59,21,35,1,6,152,9.07764,2.09025,4.34286,1.25415,0.245161,0.0564516,0.18870968371629715,0.238342,1.14798,0.288177,0.759053,,,3.77696,2.31096,2.89409,78.08999633789062,,,,,,,679.0799774169923,4.506171142460088,661.4999847412109,4.389515581532511,,,,,,,,,,,,,,,,,,,"Shota Imanaga","33829",684007
"MacKenzie Gore","WSN",9,10,,3.97241,28,28,0,0,,145,628,136,69,64,17,55,0,6,153,9.49655,3.41379,2.78182,1.05517,0.243631,0.0875796,0.15605095773935318,0.239859,1.31724,0.299748,0.729665,,,3.84234,2.31095,2.14099,200.7899932861328,,,,,,,633.3,4.367586206896552,627,4.324137931034483,,,,,,,,,,,,,,,,,,,"MacKenzie Gore","22201",669022
"Joe Ryan","MIN",9,8,,3.81981,24,24,0,0,,134.3,544,116,62,57,19,31,0,7,144,9.65004,2.07744,4.64516,1.27327,0.264706,0.0569853,0.20772060379385948,0.229249,1.09456,0.282799,0.70598,,,3.71004,2.30513,2.0577,93.91999816894531,,,,,,,632.5200225830077,4.709754342591051,598.5000152587891,4.456440816521303,,,,,,,,,,,,,,,,,,,"Joe Ryan","21390",657746
"Mitch Keller","PIT",10,10,,4.00119,29,29,0,0,,168.7,721,163,81,75,20,51,0,12,152,8.10907,2.72081,2.98039,1.06698,0.210818,0.0707351,0.1400832161307335,0.24772,1.26852,0.294239,0.715054,,,4.02599,2.2961,2.66832,298.9200134277344,,,,,,,693.5799774169923,4.111321813655903,698.4999847412109,4.140486054398172,,,,,,,,,,,,,,,,,,,"Mitch Keller","17594",656605
"Zac Gallen","ARI",13,7,,3.45083,28,28,0,0,,161.7,667,141,67,62,19,52,0,6,156,8.68275,2.89425,3,1.05751,0.233883,0.077961,0.155922032892704,0.231527,1.19357,0.281106,0.757212,,,3.84057,2.27361,3.61727,119.88999938964844,,,,,,,734.2799774169922,4.5410018013298075,699.4999847412109,4.325912170333007,,,,,,,,,,,,,,,,,,,"Zac Gallen","19291",668678
"Bryan Woo","SEA",7,5,,3.53649,26,26,0,0,,124.7,501,108,53,49,14,25,0,7,118,8.51644,1.80433,4.72,1.01043,0.235529,0.0499002,0.1856287457048893,0.230277,1.06656,0.278932,0.705467,,,3.50329,2.24636,2.06245,130.55999755859375,,,,,,,609.7799774169921,4.889975880834116,581.4999847412109,4.663191651741319,,,,,,,,,,,,,,,,,,,"Bryan Woo","30279",693433
"Reynaldo López","ATL",9,5,,3.19044,33,20,0,0,,121.3,499,103,46,43,12,42,1,2,128,9.49711,3.11624,3.04762,0.890354,0.256513,0.0841683,0.17234469205141068,0.226374,1.19538,0.288889,0.772231,,,3.43029,2.2312,2.9932,172.38999938964844,,,,,,,606.2200225830079,4.997691733975788,574.5000152587891,4.736191267972633,,,,,,,,,,,,,,,,,,,"Reynaldo Lopez","16400",625643
"Bryce Miller","SEA",10,8,,3.63866,29,29,0,0,,158.3,642,138,69,64,20,41,0,6,148,8.4144,2.33102,3.60976,1.13708,0.23053,0.0638629,0.1666666641831398,0.231933,1.13076,0.276347,0.728477,,,3.82978,2.22459,2.42371,78.69999694824219,,,,,,,721.620022583008,4.55855975155646,686.5000152587891,4.336702476463825,,,,,,,,,,,,,,,,,,,"Bryce Miller","29837",682243
"Roki Sasaki","LAD",9,6,,3.56757,21,21,0,0,,111,462,94,48,44,15,30,1,8,134,10.8649,2.43243,4.46667,1.21622,0.290043,0.0649351,0.22510822862386703,0.221698,1.11712,0.287273,0.737864,,,3.53585,2.22258,2.08234,999,,,,,,,546.5000000000001,4.923423423423425,514,4.63063063063063,,,,,,,,,,,,,,,,,,,"Roki Sasaki","35323",808963
"Zach Eflin","BAL",10,8,,3.78819,26,25,0,0,,147.3,608,148,67,62,19,26,1,4,120,7.33198,1.58859,4.61538,1.1609,0.197368,0.0427632,0.15460526943206787,0.256055,1.18126,0.29385,0.725916,,,3.825,2.21526,2.21258,192.4199981689453,,,,,,,621.5200225830079,4.219416223396955,639.5000152587891,4.3414799864877365,,,,,,,,,,,,,,,,,,,"Zach Eflin","13774",621107
"Seth Lugo","KCR",11,9,,3.84045,30,26,0,0,,161.7,679,158,75,69,20,45,1,5,137,7.62523,2.50464,3.04444,1.11317,0.201767,0.0662739,0.13549337536096573,0.251192,1.25541,0.292373,0.731429,,,4.00754,2.18867,2.7801,179.72999572753906,,,,,,,663.7799774169923,4.1050092142516155,672.4999847412109,4.158936285920082,,,,,,,,,,,,,,,,,,,"Seth Lugo","12447",607625
"Jared Jones","PIT",8,7,,3.79893,25,25,0,1,,130.3,543,115,59,55,16,40,1,7,135,9.32464,2.76285,3.375,1.10514,0.248619,0.0736648,0.17495395988225937,0.231855,1.18956,0.286957,0.723982,,,3.77277,2.15712,2.43088,231.0800018310547,,,,,,,601.420022583008,4.6156562432628006,576.5000152587891,4.424405232207029,,,,,,,,,,,,,,,,,,,"Jared Jones","27863",683003
"Kodai Senga","NYM",9,7,,3.5141,24,24,0,1,,138.3,577,111,58,54,15,61,0,4,148,9.63124,3.96963,2.42623,0.976139,0.256499,0.105719,0.15077990293502808,0.216797,1.24367,0.275072,0.754967,,,3.84616,2.11877,2.67184,155.4199981689453,,,,,,,655.3200225830077,4.7383948526578035,601.5000152587891,4.349240795270857,,,,,,,,,,,,,,,,,,,"Kodai Senga","31838",673540
"Brady Singer","CIN",8,10,,4.76707,28,28,0,0,,156.7,680,158,90,83,24,49,0,10,155,8.90236,2.81429,3.16327,1.37843,0.227941,0.0720588,0.1558823436498642,0.254428,1.321,0.303167,0.67474,,,4.30879,2.11669,1.33999,331.239990234375,,,,,,,586.5799774169923,3.7433311349121396,604.4999847412109,3.8576898309760437,,,,,,,,,,,,,,,,,,,"Brady Singer","25377",663903
"Zebby Matthews","MIN",7,5,,3.8561,26,25,0,1,,123.7,517,121,57,53,17,24,0,4,119,8.65804,1.74616,4.95833,1.23686,0.230174,0.0464217,0.1837524175643921,0.247444,1.17219,0.294618,0.726073,,,3.70811,2.11499,1.89627,406.510009765625,,,,,,,549.6799774169922,4.443653928681874,555.4999847412109,4.490703301905819,,,,,,,,,,,,,,,,,,,"Zebby Matthews","31827",805673
"Walker Buehler","PHI",7,6,,3.77419,25,25,0,1,,124,521,121,56,52,14,33,0,5,111,8.05645,2.39516,3.36364,1.01613,0.213052,0.0633397,0.14971209317445755,0.250518,1.24194,0.298883,0.729167,,,3.76325,2.10086,2.39653,242.38999938964844,,,,,,,542.7999999999998,4.377419354838708,550,4.435483870967742,,,,,,,,,,,,,,,,,,,"Walker Buehler","19374",621111
"Yusei Kikuchi","LAA",7,7,,4.04779,28,27,0,0,,142.3,611,138,69,64,22,48,0,5,160,10.1195,3.03584,3.33333,1.39143,0.261866,0.0785597,0.18330605328083038,0.247312,1.3071,0.308511,0.753866,,,4.04491,2.07097,1.99024,170.38999938964844,,,,,,,584.6200225830078,4.108362684787631,586.5000152587891,4.121574157981327,,,,,,,,,,,,,,,,,,,"Yusei Kikuchi","20633",579328
"Jack Flaherty","DET",8,9,,3.83824,25,25,0,0,,136,575,119,63,58,17,47,1,8,147,9.72794,3.11029,3.12766,1.125,0.255652,0.0817391,0.17391303181648254,0.228846,1.22059,0.286517,0.724332,,,3.84295,2.0546,2.02651,138.3800048828125,,,,,,,616.9000000000001,4.536029411764707,588,4.323529411764706,,,,,,,,,,,,,,,,,,,"Jack Flaherty","17479",656427
"Grayson Rodriguez","BAL",8,7,,3.75307,22,22,0,0,,122.3,510,109,55,51,15,37,0,6,130,9.56664,2.72281,3.51351,1.10384,0.254902,0.072549,0.1823529526591301,0.233405,1.19379,0.291925,0.728,,,3.68978,2.04608,1.91528,218.6699981689453,,,,,,,568.1200225830079,4.645298515181373,547.5000152587891,4.476696660645912,,,,,,,,,,,,,,,,,,,"Grayson Rodriguez","24492",680570
"Nathan Eovaldi","TEX",8,8,,4.25,25,25,0,0,,144,599,134,74,68,20,39,0,5,132,8.25,2.4375,3.38462,1.25,0.220367,0.0651085,0.15525876730680466,0.241441,1.20139,0.282878,0.682759,,,4.05537,2.02146,1.46882,203.2899932861328,,,,,,,603.2000000000002,4.18888888888889,592,4.111111111111111,,,,,,,,,,,,,,,,,,,"Nathan Eovaldi","9132",543135
"Shane Bieber","TOR",7,5,,3.63025,20,20,0,1,,119,497,113,52,48,14,32,0,3,110,8.31933,2.42017,3.4375,1.05882,0.221328,0.0643863,0.15694164484739304,0.244589,1.21849,0.292899,0.741627,,,3.72951,1.95381,2.10983,448.3999938964844,,,,,,,533.5999999999999,4.484033613445377,532,4.470588235294118,,,,,,,,,,,,,,,,,,,"Shane Bieber","19427",669456
"Max Scherzer","TOR",7,5,,3.50975,20,20,0,1,,107.7,435,92,45,42,15,26,0,5,113,9.4429,2.1727,4.34615,1.25348,0.25977,0.0597701,0.20000001043081284,0.227723,1.09564,0.278986,0.752577,,,3.74215,1.81777,2.13089,273.1400146484375,,,,,,,510.27997741699227,4.737975783436832,480.49998474121094,4.461467022808986,,,,,,,,,,,,,,,,,,,"Max Scherzer","3137",453286
"Patrick Sandoval","BOS",7,6,,3.88303,20,20,0,1,,104.3,455,100,49,45,9,43,1,4,100,8.62895,3.71045,2.32558,0.776606,0.21978,0.0945055,0.12527472525835037,0.245098,1.37104,0.304348,0.720859,,,3.72257,1.81725,1.82167,749.510009765625,,,,,,,464.12002258300777,4.449856270403875,467.50001525878906,4.482262718887908,,,,,,,,,,,,,,,,,,,"Patrick Sandoval","19447",663776
"Will Warren","NYY",7,7,,4.34178,26,25,0,1,,122.3,524,114,64,59,15,41,0,7,116,8.53639,3.01717,2.82927,1.10384,0.221374,0.0782443,0.14312977343797684,0.239496,1.26738,0.286957,0.679105,,,4.04138,1.80558,1.1215,382.8500061035156,,,,,,,516.1200225830079,4.2201145519561765,508.50001525878906,4.157808688227015,,,,,,,,,,,,,,,,,,,"Will Warren","30182",701542
"Michael McGreevy","STL",8,8,,3.93346,29,28,0,1,,153.3,643,154,72,67,18,40,0,2,108,6.34051,2.34834,2.7,1.05675,0.167963,0.0622084,0.10575427114963531,0.25624,1.26549,0.286316,0.722749,,,4.10581,1.79083,2.26528,452.6199951171875,,,,,,,606.620022583008,3.9570776941093624,626.5000152587891,4.086758009047576,,,,,,,,,,,,,,,,,,,"Michael McGreevy","29869",700241
"Chris Bassitt","TOR",10,10,,3.94076,27,27,0,0,,155.3,666,146,74,68,19,54,1,11,140,8.11333,3.12943,2.59259,1.10109,0.21021,0.0810811,0.12912912666797638,0.242928,1.28783,0.28733,0.726644,,,4.20962,1.78198,2.0827,344.04998779296875,,,,,,,620.9200225830078,3.998197104838883,614.5000152587891,3.956857715282792,,,,,,,,,,,,,,,,,,,"Chris Bassitt","12304",605135
"Gavin Stone","LAD",8,6,,4.1371,24,22,0,0,,124,523,118,62,57,16,39,0,2,113,8.20161,2.83065,2.89744,1.16129,0.216061,0.0745698,0.14149139821529388,0.244813,1.26613,0.288952,0.705795,,,4.01325,1.77012,1.40802,750.8400268554688,,,,,,,517,4.169354838709677,515,4.153225806451613,,,,,,,,,,,,,,,,,,,"Gavin Stone","27792",694813
"Luis Gil","NYY",9,9,,4.12782,27,27,0,1,,133,566,107,66,61,17,66,0,6,150,10.1504,4.46617,2.27273,1.15038,0.265018,0.116608,0.1484098881483078,0.216599,1.30075,0.275229,0.717158,,,4.19656,1.74278,1.59884,472.3699951171875,,,,,,,584.9000000000001,4.397744360902256,532,4,,,,,,,,,,,,,,,,,,,"Luis Gil","21052",661563
"José Berríos","TOR",12,10,,4.00578,29,29,0,0,,173,728,166,83,77,25,47,1,11,148,7.69942,2.44509,3.14894,1.30058,0.203297,0.0645604,0.13873626291751862,0.247761,1.23121,0.283702,0.730337,,,4.33989,1.73228,2.26018,242.77000427246094,,,,,,,663.1,3.832947976878613,662,3.8265895953757227,,,,,,,,,,,,,,,,,,,"Jose Berrios","14168",621244
"Nick Pivetta","SDP",9,7,,3.93333,27,23,0,0,,135,548,111,64,59,23,41,1,4,158,10.5333,2.73333,3.85366,1.53333,0.288321,0.0748175,0.2135036513209343,0.220676,1.12593,0.273292,0.734558,,,4.04055,1.71603,1.73626,173.72000122070312,,,,,,,608.5,4.507407407407407,557,4.125925925925926,,,,,,,,,,,,,,,,,,,"Nick Pivetta","15454",601713
"Clarke Schmidt","NYY",7,5,,3.91675,23,20,0,1,,105.7,448,95,50,46,13,35,0,7,109,9.28098,2.98013,3.11429,1.10691,0.243304,0.078125,0.1651785671710968,0.23399,1.2299,0.288732,0.715564,,,3.89496,1.71357,1.4957,249.11000061035156,,,,,,,471.2799774169922,4.458656490290747,455.49998474121094,4.309366110618284,,,,,,,,,,,,,,,,,,,"Clarke Schmidt","19899",657376
"Drew Rasmussen","TBR",5,3,,3.05085,24,13,0,1,,76.7,308,65,28,26,6,18,0,2,73,8.56584,2.11213,4.05556,0.704042,0.237013,0.0584416,0.1785714253783226,0.225694,1.08214,0.282297,0.737265,,,3.06218,1.71081,1.76114,241.27999877929688,,,,,,,414.7799774169922,5.407822606523561,395.49998474121094,5.156453722000768,,,,,,,,,,,,,,,,,,,"Drew Rasmussen","25385",656876
"Bryce Elder","ATL",10,8,,4.15862,26,26,0,1,,145,622,141,72,67,16,51,0,6,123,7.63448,3.16552,2.41176,0.993103,0.197749,0.0819936,0.11575562506914139,0.249558,1.32414,0.293427,0.707547,,,4.08372,1.70878,1.94635,746.8400268554688,,,,,,,588.6,4.059310344827586,596,4.110344827586207,,,,,,,,,,,,,,,,,,,"Bryce Elder","27779",693821
"Joe Musgrove","SDP",7,6,,3.63561,22,22,0,0,,121.3,506,112,53,49,16,28,1,11,114,8.45837,2.07749,4.07143,1.18714,0.225296,0.055336,0.16996046900749207,0.239829,1.15416,0.284866,0.739796,,,3.96615,1.68713,2.09366,999,,,,,,,520.620022583008,4.292003375802581,509.50001525878906,4.2003297810420435,,,,,,,,,,,,,,,,,,,"Joe Musgrove","12970",605397
"Taj Bradley","MIN",9,9,,4.05229,27,27,0,0,,137.7,579,126,67,62,19,45,0,4,138,9.01961,2.94118,3.06667,1.24183,0.238342,0.0777202,0.1606217622756958,0.237736,1.24183,0.286863,0.720222,,,4.02342,1.67349,1.50825,198.11000061035156,,,,,,,586.6799774169923,4.260566379224467,570.4999847412109,4.1430646142689955,,,,,,,,,,,,,,,,,,,"Taj Bradley","22543",671737
"Kutter Crawford","BOS",10,10,,4.37838,29,26,0,1,,148,614,139,78,72,23,41,0,6,140,8.51351,2.49324,3.41463,1.39865,0.228013,0.0667752,0.16123777627944946,0.24515,1.21622,0.287129,0.690122,,,4.24756,1.65138,1.70588,412.79998779296875,,,,,,,593.9000000000001,4.012837837837838,584,3.945945945945946,,,,,,,,,,,,,,,,,,,"Kutter Crawford","20531",676710
"David Festa","MIN",6,6,,4.19385,25,24,0,1,,107.3,461,99,54,50,13,40,0,4,113,9.4781,3.35508,2.825,1.0904,0.245119,0.0867679,0.15835140645503998,0.23741,1.29543,0.295533,0.703642,,,3.86545,1.63575,1.166,365.7699890136719,,,,,,,474.7200225830079,4.424231212314313,465.50001525878906,4.33830383988198,,,,,,,,,,,,,,,,,,,"David Festa","30056",701581
"Sean Manaea","NYM",8,7,,4.3125,28,25,0,0,,144,606,131,75,69,21,47,0,7,145,9.0625,2.9375,3.08511,1.3125,0.239274,0.0775578,0.16171616315841675,0.237319,1.23611,0.284974,0.693136,,,4.17342,1.627,1.16975,251.00999450683594,,,,,,,594.7000000000002,4.129861111111112,575,3.9930555555555554,,,,,,,,,,,,,,,,,,,"Sean Manaea","15873",640455
"Andrew Abbott","CIN",9,10,,4.44524,27,27,0,0,,139.7,594,134,75,69,22,51,0,3,132,8.50394,3.28561,2.58824,1.41732,0.222222,0.0858586,0.13636364042758942,0.248148,1.32427,0.290155,0.713359,,,4.48359,1.62479,1.69064,505.7099914550781,,,,,,,516.7799774169923,3.6992125175811954,514.4999847412109,3.6828918824660346,,,,,,,,,,,,,,,,,,,"Andrew Abbott","29911",671096
"Reese Olson","DET",6,7,,3.96716,25,24,0,0,,115.7,487,104,55,51,13,40,0,4,106,8.24546,3.1115,2.65,1.01124,0.217659,0.0821355,0.13552360981702805,0.234763,1.2446,0.280864,0.707472,,,3.93571,1.61235,1.5649,246.61000061035156,,,,,,,505.87997741699223,4.372342184618165,489.49998474121094,4.230769210479636,,,,,,,,,,,,,,,,,,,"Reese Olson","24968",681857
"Quinn Mathews","STL",7,5,,3.94675,25,25,0,0,,127.7,546,115,61,56,15,47,0,9,126,8.88019,3.31245,2.68085,1.05717,0.230769,0.0860806,0.14468864351511002,0.234694,1.2686,0.286533,0.716312,,,4.0357,1.60444,1.78743,419.30999755859375,,,,,,,545.4799774169924,4.271573926803457,527.4999847412109,4.130775233730121,,,,,,,,,,,,,,,,,,,"Quinn Mathews","sa3023407",687273
"Alex Cobb","DET",5,6,,3.99057,21,21,0,0,,106,461,110,51,47,10,35,0,3,86,7.30189,2.9717,2.45714,0.849057,0.186551,0.0759219,0.11062906682491302,0.260047,1.36792,0.30581,0.717557,,,3.84573,1.59781,1.37794,620.6199951171875,,,,,,,433.4000000000001,4.08867924528302,458,4.320754716981132,,,,,,,,,,,,,,,,,,,"Alex Cobb","6562",502171
"Eduardo Rodriguez","ARI",8,6,,3.65094,20,20,0,1,,106,446,101,46,43,12,33,0,2,99,8.40566,2.80189,3,1.01887,0.221973,0.073991,0.14798206090927124,0.245742,1.26415,0.296667,0.750853,,,3.76082,1.59168,2.14229,376.4800109863281,,,,,,,471.20000000000005,4.445283018867925,471,4.443396226415095,,,,,,,,,,,,,,,,,,,"Eduardo Rodriguez","13164",593958
"Tobias Myers","MIL",9,8,,4.02085,28,25,0,1,,134.3,569,126,65,60,19,42,0,5,125,8.37677,2.81459,2.97619,1.27327,0.219684,0.0738137,0.14586995542049408,0.241379,1.25093,0.283069,0.72843,,,4.19403,1.58339,1.88828,355.45001220703125,,,,,,,545.5200225830077,4.061950932143836,537.5000152587891,4.002233827587049,,,,,,,,,,,,,,,,,,,"Tobias Myers","22191",668964
"Jon Gray","TEX",6,7,,4.40263,21,19,0,1,,106.3,449,101,56,52,13,32,1,4,96,8.12794,2.70931,3,1.10066,0.213808,0.0712695,0.14253897219896317,0.244552,1.25118,0.289474,0.670732,,,3.9661,1.57852,0.922629,584.6599731445312,,,,,,,452.1200225830079,4.25324562185449,450.50001525878906,4.238005666278665,,,,,,,,,,,,,,,,,,,"Jon Gray","14916",592351
"Braxton Garrett","MIA",5,6,,3.96439,22,21,0,0,,106.7,452,105,51,47,13,27,0,8,97,8.18182,2.27741,3.59259,1.09653,0.214602,0.0597345,0.1548672579228878,0.251799,1.23711,0.299674,0.711775,,,3.91625,1.57134,1.70244,749.0999755859375,,,,,,,445.6799774169923,4.176944612596211,453.49998474121094,4.250234280336426,,,,,,,,,,,,,,,,,,,"Braxton Garrett","21844",666129
"David Peterson","NYM",8,7,,4.06859,27,24,0,1,,128.3,560,122,63,58,14,52,0,7,120,8.41777,3.6477,2.30769,0.982073,0.214286,0.0928571,0.12142857164144516,0.243513,1.3562,0.294278,0.718912,,,4.09399,1.56493,1.44108,326.9200134277344,,,,,,,527.0200225830076,4.107716368256057,526.5000152587891,4.10366331048638,,,,,,,,,,,,,,,,,,,"David Peterson","20302",656849
"Clayton Kershaw","LAD",7,4,,3.69285,17,17,0,0,,85.3,351,79,38,35,10,22,0,2,79,8.33529,2.32122,3.59091,1.0551,0.225071,0.0626781,0.16239316016435623,0.24159,1.18406,0.289916,0.724138,,,3.68231,1.5596,1.478,559.469970703125,,,,,,,388.8200225830078,4.558265048913093,382.50001525878906,4.4841735237300995,,,,,,,,,,,,,,,,,,,"Clayton Kershaw","2036",477132
"Mitchell Parker","WSN",6,9,,4.39695,27,26,0,1,,131,568,129,69,64,16,50,0,2,115,7.90076,3.43511,2.3,1.09924,0.202465,0.0880282,0.11443661898374557,0.25,1.36641,0.293507,0.702427,,,4.18938,1.55591,1.23762,502.9800109863281,,,,,,,515.2000000000002,3.9328244274809174,525,4.00763358778626,,,,,,,,,,,,,,,,,,,"Mitchell Parker","27636",680730
"Louis Varland","TOR",8,8,,4.25197,29,22,0,12,,127,542,126,65,60,17,38,1,5,117,8.29134,2.69291,3.07895,1.20472,0.215867,0.0701107,0.14575646072626114,0.252505,1.29134,0.29863,0.706134,,,4.07987,1.55578,1.20265,740.0999755859375,,,,,,,556.1000000000001,4.378740157480316,567,4.464566929133858,,,,,,,,,,,,,,,,,,,"Louis Varland","27691",686973
"Trevor Rogers","BAL",7,7,,4.29851,27,27,0,1,,134,585,134,69,64,15,50,1,5,115,7.72388,3.35821,2.3,1.00746,0.196581,0.0854701,0.1111111119389534,0.25283,1.37313,0.2975,0.705521,,,4.13663,1.5386,1.16949,726.5700073242188,,,,,,,527.6999999999999,3.938059701492537,544,4.059701492537314,,,,,,,,,,,,,,,,,,,"Trevor Rogers","22286",669432
"Gavin Williams","CLE",7,5,,3.77143,23,23,0,0,,105,442,90,48,44,12,40,0,5,108,9.25714,3.42857,2.7,1.02857,0.244344,0.0904977,0.1538461521267891,0.2267,1.2381,0.281588,0.724382,,,3.88077,1.53541,1.63,195.02999877929688,,,,,,,476.4,4.537142857142857,450,4.285714285714286,,,,,,,,,,,,,,,,,,,"Gavin Williams","30122",668909
"Brandon Woodruff","MIL",5,4,,3.44444,14,14,0,0,,81,331,67,34,31,11,24,0,3,94,10.4444,2.66667,3.91667,1.22222,0.283988,0.0725076,0.21148035675287247,0.220395,1.12346,0.281407,0.753968,,,3.61092,1.52208,1.71591,254.5399932861328,,,,,,,396.8999999999999,4.899999999999999,369,4.555555555555555,,,,,,,,,,,,,,,,,,,"Brandon Woodruff","16162",605540
"Cade Povich","BAL",9,9,,4.24466,28,27,0,1,,135.7,581,127,69,64,17,51,0,5,127,8.42299,3.38246,2.4902,1.12749,0.218589,0.0877797,0.13080894201993942,0.241905,1.31172,0.288714,0.706874,,,4.16132,1.50958,1.26509,438.20001220703125,,,,,,,554.8799774169922,4.0890198223706,547.4999847412109,4.034635203050408,,,,,,,,,,,,,,,,,,,"Cade Povich","30055",700249
"Eury Pérez","MIA",5,5,,3.77067,20,20,0,0,,90.7,373,80,41,38,12,28,0,2,96,9.52591,2.77839,3.42857,1.19074,0.257373,0.075067,0.18230562657117844,0.233236,1.19074,0.289362,0.734649,,,3.76185,1.50764,1.69918,503.1199951171875,,,,,,,417.57997741699216,4.603969034919412,399.49998474121094,4.404630630463912,,,,,,,,,,,,,,,,,,,"Eury Perez","27768",691587
"Michael Wacha","KCR",8,9,,4.20382,26,25,0,0,,141.3,595,138,71,66,20,42,0,4,120,7.64331,2.67516,2.85714,1.27389,0.201681,0.0705882,0.13109243661165237,0.251366,1.27389,0.288509,0.717105,,,4.28467,1.49822,1.90386,278.1300048828125,,,,,,,542.8200225830078,3.8416136649634347,548.5000152587891,3.8818117722041023,,,,,,,,,,,,,,,,,,,"Michael Wacha","14078",608379
"Ryan Feltner","COL",6,8,,4.78514,26,26,0,0,,137.3,598,138,79,73,19,52,0,6,120,7.86599,3.40859,2.30769,1.24545,0.200669,0.0869565,0.113712377846241,0.255556,1.38383,0.296758,0.679315,,,4.48476,1.49087,1.60973,680.2999877929688,,,,,,,489.5200225830078,3.565331476347266,505.50001525878906,3.6817188931032385,,,,,,,,,,,,,,,,,,,"Ryan Feltner","21446",663372
"Yu Darvish","SDP",8,7,,4.03448,21,21,0,0,,116,479,104,56,52,16,31,0,7,109,8.4569,2.40517,3.51613,1.24138,0.227557,0.0647182,0.16283924132585526,0.235828,1.16379,0.278481,0.701599,,,4.06303,1.48347,1.42293,285.7200012207031,,,,,,,495.20000000000016,4.268965517241381,476,4.103448275862069,,,,,,,,,,,,,,,,,,,"Yu Darvish","13074",506433
"Rhett Lowder","CIN",6,8,,4.76866,28,28,0,1,,134,573,137,77,71,19,41,0,6,102,6.85075,2.75373,2.4878,1.27612,0.17801,0.0715532,0.10645724833011627,0.260456,1.32836,0.291358,0.667107,,,4.53961,1.47845,1.14097,537.4199829101562,,,,,,,468.6999999999999,3.4977611940298496,490,3.656716417910448,,,,,,,,,,,,,,,,,,,"Rhett Lowder","33876",695076
"Zack Littell","CIN",7,7,,4.04651,29,22,0,1,,129,543,130,63,58,18,28,1,5,110,7.67442,1.95349,3.92857,1.25581,0.202578,0.0515654,0.15101288259029388,0.254902,1.22481,0.293194,0.715361,,,4.04245,1.46176,1.31068,407.0299987792969,,,,,,,520.1999999999999,4.032558139534883,536,4.155038759689923,,,,,,,,,,,,,,,,,,,"Zack Littell","15823",641793
"Emmanuel Clase","CLE",6,2,,2.25,74,0,34,2,,72,280,56,19,18,4,15,2,1,72,9,1.875,4.8,0.5,0.257143,0.0535714,0.20357144251465797,0.212121,0.986111,0.276596,0.795107,,,2.55537,1.4562,1.88792,35.18000030517578,,,,,,,612,8.5,582,8.083333333333334,,,,,,,,,,,,,,,,,,,"Emmanuel Clase","21032",661403
"Martín Pérez","CHW",5,7,,4.37163,27,23,0,0,,129.7,572,140,68,63,15,46,1,5,96,6.66153,3.19198,2.08696,1.04086,0.167832,0.0804196,0.08741258829832077,0.268714,1.43408,0.304878,0.715151,,,4.36926,1.44333,1.17704,663.3800048828125,,,,,,,450.2799774169921,3.471703839720828,492.49998474121094,3.7972243356161908,,,,,,,,,,,,,,,,,,,"Martin Perez","6902",527048
"Nick Lodolo","CIN",6,7,,4.67308,20,20,0,0,,104,451,94,58,54,14,36,0,17,112,9.69231,3.11538,3.11111,1.21154,0.248337,0.0798226,0.1685144156217575,0.236181,1.25,0.294118,0.652174,,,4.29148,1.42431,1.05184,235.97999572753906,,,,,,,418.0000000000001,4.01923076923077,403,3.875,,,,,,,,,,,,,,,,,,,"Nick Lodolo","26378",666157
"Garrett Whitlock","BOS",5,3,,3.48,25,11,2,13,,75,307,70,31,29,9,16,0,2,76,9.12,1.92,4.75,1.08,0.247557,0.0521173,0.19543973729014397,0.242215,1.14667,0.29902,0.749319,,,3.41981,1.41823,1.58581,541.22998046875,,,,,,,422.29999999999995,5.6306666666666665,418,5.573333333333333,,,,,,,,,,,,,,,,,,,"Garrett Whitlock","20191",676477
"Davis Daniel","ATL",9,8,,4.17125,24,23,0,1,,127.3,541,126,64,59,16,37,1,6,107,7.56481,2.61587,2.89189,1.13119,0.197782,0.0683919,0.12939002364873886,0.253012,1.28044,0.293333,0.704125,,,4.1327,1.41707,1.61717,747.5900268554688,,,,,,,506.6200225830079,3.9797329963694157,517.5000152587891,4.065200336628297,,,,,,,,,,,,,,,,,,,"Davis Daniel","27582",669721
"Jordan Montgomery","MIL",8,6,,4.01361,25,23,0,0,,132.3,572,136,64,59,15,44,1,4,107,7.27891,2.9932,2.43182,1.02041,0.187063,0.0769231,0.11013985425233841,0.259542,1.36054,0.300995,0.72956,,,4.1113,1.41545,1.95728,525.6300048828125,,,,,,,510.92002258300784,3.861829257729707,536.5000152587891,4.05517764840037,,,,,,,,,,,,,,,,,,,"Jordan Montgomery","16511",656756
"Marcus Stroman",,9,8,,4.33577,26,25,0,0,,137,586,135,71,66,17,47,0,5,101,6.63504,3.08759,2.14894,1.11679,0.172355,0.0802048,0.09215017408132553,0.252809,1.32847,0.283654,0.701643,,,4.44385,1.411,1.32715,493.20001220703125,,,,,,,499.70000000000016,3.647445255474454,510,3.7226277372262775,,,,,,,,,,,,,,,,,,,"Marcus Stroman","13431",573186
"Graham Ashcraft","CIN",6,7,,4.72779,19,19,3,4,,104.7,456,106,59,55,12,37,0,7,84,7.22063,3.18052,2.27027,1.03152,0.184211,0.0811404,0.10307016968727112,0.257282,1.36581,0.297468,0.66561,,,4.31261,1.40995,1.00154,631.1699829101562,,,,,,,418.57997741699216,3.997898659193989,434.49998474121094,4.149952219731232,,,,,,,,,,,,,,,,,,,"Graham Ashcraft","27552",668933
"Robert Gasser","MIL",5,4,,3.94984,18,18,0,0,,95.7,405,87,45,42,11,28,0,9,89,8.36991,2.63323,3.17857,1.03448,0.219753,0.0691358,0.15061728656291962,0.236413,1.20167,0.283582,0.702811,,,3.96063,1.40542,1.50595,999,,,,,,,413.67997741699224,4.32267492799111,402.49998474121094,4.205851594320286,,,,,,,,,,,,,,,,,,,"Robert Gasser","29812",688107
"Luis Garcia","HOU",8,6,,3.76531,19,19,0,1,,98,407,88,44,41,13,32,0,1,97,8.90816,2.93878,3.03125,1.19388,0.238329,0.0786241,0.15970515459775925,0.235294,1.22449,0.284091,0.746562,,,3.92158,1.40348,1.59378,591.6799926757812,,,,,,,435.50000000000006,4.4438775510204085,420,4.285714285714286,,,,,,,,,,,,,,,,,,,"Luis Garcia","23735",677651
"AJ Smith-Shawver","ATL",7,5,,3.99057,26,26,0,1,,106,451,96,51,47,13,43,0,2,110,9.33962,3.65094,2.55814,1.10377,0.243902,0.0953437,0.14855876564979553,0.236453,1.31132,0.293286,0.728477,,,3.95893,1.40332,1.59077,430.3900146484375,,,,,,,463.9000000000001,4.376415094339624,450,4.245283018867925,,,,,,,,,,,,,,,,,,,"AJ Smith-Shawver","29960",700363
"Lucas Giolito","BOS",7,8,,4.43714,23,23,0,1,,121.7,524,119,65,60,18,44,1,4,124,9.17009,3.2539,2.81818,1.33114,0.236641,0.0839695,0.15267176181077957,0.25,1.33936,0.302395,0.711176,,,4.23468,1.40306,1.34638,412.3500061035156,,,,,,,477.7799774169923,3.9258832325212585,482.49998474121094,3.9646671884997122,,,,,,,,,,,,,,,,,,,"Lucas Giolito","15474",608337
"Quinn Priester","MIL",7,8,,4.46218,26,23,0,1,,119,521,122,64,59,13,42,0,6,95,7.18487,3.17647,2.2619,0.983193,0.182342,0.0806142,0.1017274484038353,0.257928,1.37815,0.29863,0.685871,,,4.20009,1.38793,1.24315,676.8200073242188,,,,,,,453.49999999999994,3.8109243697478985,476,4,,,,,,,,,,,,,,,,,,,"Quinn Priester","25977",682990
"Germán Márquez","COL",6,8,,4.63415,21,21,0,0,,110.7,476,110,62,57,14,41,1,2,91,7.39837,3.33333,2.21951,1.13821,0.191176,0.0861345,0.10504201799631119,0.254042,1.36405,0.292683,0.677321,,,4.33179,1.38526,1.45148,623.6199951171875,,,,,,,413.97997741699214,3.73965662899294,424.49998474121094,3.8346883147583646,,,,,,,,,,,,,,,,,,,"German Marquez","15038",608566
"Jacob deGrom","TEX",3,2,,3.13346,12,12,0,0,,51.7,201,39,19,18,7,11,0,1,68,11.8375,1.91489,6.18182,1.21857,0.338308,0.0547264,0.28358208388090134,0.206349,0.967118,0.280702,0.771144,,,2.9924,1.37491,1.34074,49.810001373291016,,,,,,,295.08000564575195,5.707543545285141,267.50000381469727,5.1740812353421,,,,,,,,,,,,,,,,,,,"Jacob deGrom","10954",594798
"Jesús Luzardo","PHI",7,7,,4.44648,21,20,0,1,,109.3,458,98,58,54,17,37,0,4,115,9.46935,3.04666,3.10811,1.39982,0.251092,0.080786,0.17030566185712814,0.235012,1.23513,0.284211,0.692446,,,4.20948,1.36863,1.04411,235.11000061035156,,,,,,,455.9200225830078,4.171271819334826,436.50001525878906,3.9935956365169476,,,,,,,,,,,,,,,,,,,"Jesus Luzardo","19959",666200
"Thomas Pannone","MIL",8,8,,4.20968,24,24,0,0,,124,529,129,63,58,18,29,0,4,97,7.04032,2.10484,3.34483,1.30645,0.183365,0.0548204,0.1285444237291813,0.260081,1.27419,0.291339,0.715361,,,4.28745,1.3609,1.46522,999,,,,,,,455.79999999999995,3.6758064516129028,481,3.879032258064516,,,,,,,,,,,,,,,,,,,"Thomas Pannone","17281",623381
"Bobby Miller","LAD",6,5,,4.37383,21,21,0,1,,107,454,98,56,52,13,38,0,6,97,8.15888,3.19626,2.55263,1.09346,0.213656,0.0837004,0.1299559399485588,0.239024,1.27103,0.283333,0.679117,,,4.16648,1.36069,0.976518,509.9700012207031,,,,,,,443.1000000000001,4.141121495327104,432,4.037383177570093,,,,,,,,,,,,,,,,,,,"Bobby Miller","27483",676272
"Luis Severino","ATH",7,8,,4.38413,26,26,0,0,,143.7,615,140,76,70,18,46,0,8,122,7.64092,2.881,2.65217,1.12735,0.198374,0.0747968,0.12357723712921143,0.249554,1.29436,0.289786,0.68408,,,4.22424,1.36051,0.943864,302.3599853515625,,,,,,,559.9799774169923,3.8968684015956216,566.4999847412109,3.942240756937891,,,,,,,,,,,,,,,,,,,"Luis Severino","15890",622663
"Andre Pallante","STL",7,7,,3.93316,36,18,0,1,,116.7,508,115,55,51,9,46,0,3,85,6.55527,3.54756,1.84783,0.694087,0.167323,0.0905512,0.07677164673805237,0.250545,1.37961,0.290411,0.714286,,,3.97196,1.35837,1.5173,532.9000244140625,,,,,,,480.87997741699223,4.120651156745686,493.49998474121094,4.228791753611476,,,,,,,,,,,,,,,,,,,"Andre Pallante","26108",669467
"Ryan Walker","SFG",7,4,,2.90323,66,4,28,5,,71.3,295,57,25,23,5,22,1,5,87,10.9818,2.777,3.95455,0.631136,0.294915,0.0745763,0.22033898532390594,0.212687,1.10799,0.295455,0.75,,,2.77377,1.35802,1.40471,75.5999984741211,,,,,,,570.920022583008,8.007293101636588,544.5000152587891,7.636746030200417,,,,,,,,,,,,,,,,,,,"Ryan Walker","20423",676254
"Tylor Megill","NYM",6,7,,4.37121,24,23,0,1,,115.3,500,109,61,56,15,45,0,5,116,9.05464,3.51258,2.57778,1.17086,0.232,0.09,0.1419999897480011,0.242222,1.33565,0.294671,0.699248,,,4.14653,1.35514,0.85523,373.1199951171875,,,,,,,471.3200225830079,4.0877711197582,467.50001525878906,4.05464009440598,,,,,,,,,,,,,,,,,,,"Tylor Megill","21318",656731
"Tyler Mahle","TEX",5,6,,4.2116,19,19,0,0,,98.3,408,87,50,46,13,32,0,3,92,8.42319,2.92981,2.875,1.19023,0.22549,0.0784314,0.14705882221460342,0.233244,1.21058,0.276119,0.684524,,,4.08204,1.35013,1.05506,452.010009765625,,,,,,,420.32002258300787,4.275890229237299,401.50001525878906,4.084435430255151,,,,,,,,,,,,,,,,,,,"Tyler Mahle","16358",641816
"Dean Kremer","BAL",9,8,,4.02085,26,26,0,0,,134.3,570,128,65,60,18,46,0,4,118,7.90767,3.08265,2.56522,1.20625,0.207018,0.0807018,0.12631578743457794,0.246154,1.29561,0.286458,0.732527,,,4.26849,1.33965,1.60755,446.1499938964844,,,,,,,525.6200225830078,3.9137752095243017,523.5000152587891,3.897989600618532,,,,,,,,,,,,,,,,,,,"Dean Kremer","19350",665152
"Jhoan Duran","PHI",9,2,,2.38806,59,0,23,5,,60.3,248,47,17,16,3,18,3,4,75,11.194,2.68657,4.16667,0.447761,0.302419,0.0725806,0.22983872145414352,0.207965,1.07794,0.297297,0.789474,,,2.42021,1.3388,1.47429,68.86000061035156,,,,,,,506.11999435424804,8.393366513397654,481.49999618530273,7.985074664634017,,,,,,,,,,,,,,,,,,,"Jhoan Duran","21029",661395
"Simeon Woods Richardson","MIN",5,6,,4.33566,28,27,0,0,,128.7,554,125,67,62,16,50,0,3,111,7.76224,3.4965,2.22,1.11888,0.200361,0.0902527,0.11010830849409103,0.249501,1.35975,0.291444,0.707733,,,4.29313,1.33203,1.1707,476.45001220703125,,,,,,,493.5799774169923,3.835120350589361,498.49998474121094,3.873348846633516,,,,,,,,,,,,,,,,,,,"Simeon Woods Richardson","24494",680573
"Jose Quintana","MIL",9,7,,4.05229,27,26,0,0,,137.7,596,135,67,62,17,54,0,5,113,7.38562,3.52941,2.09259,1.11111,0.189597,0.090604,0.09899327903985977,0.251397,1.37255,0.289926,0.738499,,,4.41557,1.30432,1.92113,476.9200134277344,,,,,,,507.87997741699235,3.6883078334990165,516.4999847412109,3.7509077428327737,,,,,,,,,,,,,,,,,,,"Jose Quintana","11423",500779
"Ryan Pepiot","TBR",8,8,,3.89027,26,24,0,0,,120.3,504,102,56,52,16,45,0,8,126,9.42643,3.36658,2.8,1.19701,0.25,0.0892857,0.1607142835855484,0.226164,1.22195,0.278317,0.730337,,,4.12242,1.30329,1.57085,166.35000610351562,,,,,,,521.2200225830079,4.332668406988805,486.50001525878906,4.044056549603557,,,,,,,,,,,,,,,,,,,"Ryan Pepiot","26221",686752
"Dietrich Enns","BAL",7,9,,4.42293,26,25,0,1,,134.3,589,137,71,66,18,47,0,5,118,7.90767,3.14966,2.51064,1.20625,0.20034,0.0797963,0.12054329365491867,0.255121,1.37007,0.296758,0.711587,,,4.31317,1.28978,1.07503,999,,,,,,,500.22002258300785,3.7246463977385638,521.5000152587891,3.883097568194458,,,,,,,,,,,,,,,,,,,"Dietrich Enns","13932",608650
"Richard Fitts","BOS",7,7,,4.47514,25,25,0,1,,126.7,544,133,68,63,17,36,0,4,95,6.74822,2.55722,2.63889,1.20758,0.174632,0.0661765,0.10845588147640228,0.263889,1.33386,0.295918,0.695592,,,4.35827,1.28535,1.36966,476.5799865722656,,,,,,,456.67997741699224,3.6044197980805723,486.49998474121094,3.839778977579214,,,,,,,,,,,,,,,,,,,"Richard Fitts","30160",690916
"José Soriano","LAA",6,5,,3.97192,31,15,0,0,,99.7,431,85,48,44,9,45,2,12,100,9.02708,4.06219,2.22222,0.812437,0.232019,0.104408,0.1276102066040039,0.227273,1.30391,0.286792,0.698467,,,4.04913,1.27801,1.26155,324.3900146484375,,,,,,,435.07997741699216,4.363891582091599,410.49998474121094,4.117352029151175,,,,,,,,,,,,,,,,,,,"Jose Soriano","22100",667755
"Ben Brown","CHC",5,4,,3.72574,20,15,0,1,,77.3,325,66,35,32,8,29,0,3,82,9.54722,3.37646,2.82759,0.931436,0.252308,0.0892308,0.16307691484689713,0.225256,1.22898,0.285714,0.71599,,,3.6322,1.27024,1.19545,428.55999755859375,,,,,,,374.02002258300786,4.8385512007363705,354.50001525878906,4.586028476886686,,,,,,,,,,,,,,,,,,,"Ben Brown","23590",676962
"Braxton Ashcraft","PIT",3,2,,4.01487,20,19,0,0,,80.7,340,83,39,36,10,17,0,2,66,7.3606,1.89591,3.88235,1.11524,0.194118,0.05,0.14411764964461327,0.258567,1.23916,0.297959,0.709302,,,3.84802,1.25598,1.24114,736.3599853515625,,,,,,,333.3799774169922,4.131102726445071,348.49998474121094,4.318463419084454,,,,,,,,,,,,,,,,,,,"Braxton Ashcraft","23793",677952
"Daniel Lynch IV","KCR",5,6,,4.5,29,21,0,4,,128,556,134,69,64,17,40,0,4,104,7.3125,2.8125,2.6,1.19531,0.18705,0.0719424,0.11510790884494781,0.261719,1.35938,0.299233,0.699068,,,4.29929,1.25502,1.18069,689.6500244140625,,,,,,,481.70000000000005,3.7632812500000004,511,3.9921875,,,,,,,,,,,,,,,,,,,"Daniel Lynch IV","21537",663738
"Noah Cameron","KCR",5,7,,4.36414,23,23,0,0,,109.3,471,111,57,53,15,32,0,4,94,7.74016,2.63495,2.9375,1.23513,0.199575,0.0679406,0.13163480907678604,0.255172,1.30833,0.294479,0.704918,,,4.21863,1.24869,1.27438,646.5800170898438,,,,,,,415.7200225830078,3.8034767701346555,431.50001525878906,3.9478499836313543,,,,,,,,,,,,,,,,,,,"Noah Cameron","30184",702070
"Mike Vasil","CHW",6,9,,4.65,26,24,0,0,,120,526,125,67,62,15,40,0,8,92,6.9,3,2.3,1.125,0.174905,0.0760456,0.09885931760072708,0.261506,1.375,0.296496,0.680556,,,4.45815,1.23951,0.701439,999,,,,,,,418.5,3.4875,445,3.7083333333333335,,,,,,,,,,,,,,,,,,,"Mike Vasil","30105",678024
"Brandon Sproat","NYM",6,7,,4.25265,24,23,0,0,,103.7,447,98,53,49,12,39,0,3,91,7.89778,3.38476,2.33333,1.04147,0.203579,0.0872483,0.116331085562706,0.241975,1.32112,0.284768,0.698835,,,4.1308,1.23741,0.961951,999,,,,,,,420.9799774169922,4.059594887231365,418.49998474121094,4.035679817330071,,,,,,,,,,,,,,,,,,,"Brandon Sproat","33850",687075
"Jameson Taillon","CHC",9,8,,4.16724,26,26,0,0,,144.7,604,144,72,67,22,35,0,4,115,7.15273,2.17692,3.28571,1.36835,0.190397,0.057947,0.13245033100247383,0.254867,1.23704,0.285047,0.721997,,,4.36206,1.23616,1.63841,341.82000732421875,,,,,,,538.7799774169923,3.723427704077346,550.4999847412109,3.8044229188071066,,,,,,,,,,,,,,,,,,,"Jameson Taillon","11674",592791
"Tyler Anderson","LAA",8,12,,4.61227,26,26,0,0,,148.3,636,148,82,76,22,52,1,5,121,7.34322,3.15577,2.32692,1.33513,0.190252,0.081761,0.10849056392908096,0.255613,1.34862,0.288991,0.6974,,,4.61624,1.23557,1.07238,491.44000244140625,,,,,,,513.0200225830079,3.459339258435214,526.5000152587891,3.5502360379253437,,,,,,,,,,,,,,,,,,,"Tyler Anderson","12880",542881
"Joe Rock","TBR",7,8,,4.15274,24,21,0,0,,125.7,542,126,63,58,16,38,0,6,105,7.5179,2.72076,2.76316,1.14558,0.193727,0.0701107,0.12361624091863632,0.253012,1.30469,0.291777,0.713277,,,4.20069,1.2341,1.14687,999,,,,,,,483.7799774169922,3.8486872646161787,498.49998474121094,3.9657915421149266,,,,,,,,,,,,,,,,,,,"Joe Rock","30016",697812
"Ryne Nelson","ARI",8,7,,4.07035,26,24,0,1,,139.3,588,139,68,63,19,38,1,5,111,7.17157,2.45513,2.92105,1.22757,0.188776,0.0646259,0.12414965778589249,0.255046,1.27064,0.289157,0.724734,,,4.27201,1.23289,1.9986,469.8399963378906,,,,,,,532.7200225830078,3.8242642563695584,546.5000152587891,3.923187388989026,,,,,,,,,,,,,,,,,,,"Ryne Nelson","26253",669194
"Alec Marsh","KCR",8,10,,4.54617,27,25,0,1,,126.7,551,120,69,64,17,48,1,10,122,8.66614,3.40963,2.54167,1.20758,0.221416,0.0871143,0.13430127501487732,0.243408,1.32597,0.29096,0.686546,,,4.35827,1.22838,1.17032,672.5800170898438,,,,,,,490.47997741699226,3.8711917066371884,486.49998474121094,3.839778977579214,,,,,,,,,,,,,,,,,,,"Alec Marsh","27451",679525
"Trystan Vrieling","SFG",9,10,,4.57859,25,23,0,0,,131.7,574,135,72,67,19,42,0,3,101,6.90205,2.87016,2.40476,1.29841,0.175958,0.0731707,0.10278745740652084,0.255198,1.34396,0.283619,0.698138,,,4.53322,1.21655,0.887641,999,,,,,,,456.87997741699223,3.4690963401961588,478.49998474121094,3.63325737151885,,,,,,,,,,,,,,,,,,,"Trystan Vrieling","sa3020681",801639
"Andrew Morris","MIN",7,8,,4.31877,25,23,0,0,,116.7,497,121,61,56,15,32,0,3,85,6.55527,2.46787,2.65625,1.15681,0.171026,0.0643863,0.10663983970880508,0.261905,1.31105,0.292818,0.69697,,,4.28045,1.21321,1.02505,999,,,,,,,429.47997741699226,3.680205558252685,453.49998474121094,3.8860325329943537,,,,,,,,,,,,,,,,,,,"Andrew Morris","sa3020569",702193
"Lance McCullers Jr.","HOU",5,4,,3.59129,15,15,0,1,,82.7,352,71,36,33,8,35,0,5,82,8.92382,3.80895,2.34286,0.870617,0.232955,0.0994318,0.13352272659540176,0.227564,1.28174,0.283784,0.738397,,,3.89199,1.21302,1.46886,587.7899780273438,,,,,,,376.97997741699226,4.558403764548205,357.49998474121094,4.322853663041275,,,,,,,,,,,,,,,,,,,"Lance McCullers Jr.","14120",621121
"Caleb Boushley","TBR",6,6,,4.69231,24,22,0,1,,117,499,123,66,61,16,30,0,3,83,6.38462,2.30769,2.76667,1.23077,0.166333,0.0601202,0.10621242225170135,0.263949,1.30769,0.291553,0.666156,,,4.37161,1.20656,0.583557,999,,,,,,,420.2000000000002,3.5914529914529933,448,3.8290598290598292,,,,,,,,,,,,,,,,,,,"Caleb Boushley","19736",676961
"Charlie Morton","ATL",9,8,,4.34025,27,27,0,0,,149.3,648,139,78,72,20,60,1,14,146,8.80107,3.61688,2.43333,1.20563,0.225309,0.0925926,0.13271605223417282,0.24216,1.33289,0.291667,0.707602,,,4.43909,1.20309,1.18863,387.1400146484375,,,,,,,567.4200225830078,3.8005359074661267,556.5000152587891,3.7273945337152288,,,,,,,,,,,,,,,,,,,"Charlie Morton","4676",450203
"Robbie Ray","SFG",7,6,,3.78774,22,21,0,0,,109.3,453,98,50,46,17,33,0,4,117,9.63403,2.71729,3.54545,1.39982,0.258278,0.0728477,0.18543045222759247,0.235577,1.19854,0.287234,0.755597,,,4.06309,1.20226,1.72693,132.1699981689453,,,,,,,467.9200225830078,4.281061386260249,448.50001525878906,4.103385203442372,,,,,,,,,,,,,,,,,,,"Robbie Ray","11486",592662
"Shohei Ohtani","LAD",7,4,,3.76869,18,18,0,0,,100.3,409,76,45,42,14,39,0,8,108,9.69093,3.4995,2.76923,1.25623,0.264059,0.0953545,0.16870415955781937,0.209945,1.14656,0.258333,0.733753,,,4.23328,1.20031,1.70423,1.5499999523162842,,,,,,,447.42002258300784,4.460817636786368,394.50001525878906,3.9332004312623523,,,,,,,,,,,,,,,,,,,"Shohei Ohtani","19755",660271
"Spencer Arrighetti","HOU",8,8,,4.24084,28,25,0,0,,133.7,580,118,68,63,19,60,0,8,145,9.76066,4.03889,2.41667,1.27898,0.25,0.103448,0.1465517207980156,0.230469,1.33134,0.284483,0.726552,,,4.37067,1.19555,1.29896,200.63999938964844,,,,,,,534.8799774169922,4.000598276932306,507.49998474121094,3.7958114908385063,,,,,,,,,,,,,,,,,,,"Spencer Arrighetti","29921",681293
"Cody Bradford","TEX",6,6,,4.25806,21,17,0,1,,93,384,90,48,44,14,20,0,3,81,7.83871,1.93548,4.05,1.35484,0.210938,0.0520833,0.1588541679084301,0.249307,1.1828,0.285714,0.685841,,,4.12347,1.19194,0.884976,430.4200134277344,,,,,,,379,4.075268817204301,380,4.086021505376344,,,,,,,,,,,,,,,,,,,"Cody Bradford","27597",674003
"Kris Bubic","KCR",5,4,,4.03448,33,15,0,1,,87,374,82,42,39,10,31,2,3,86,8.89655,3.2069,2.77419,1.03448,0.229947,0.0828877,0.14705882221460342,0.241176,1.29885,0.295082,0.717172,,,3.85613,1.18697,1.18268,319.5799865722656,,,,,,,381.6000000000001,4.386206896551725,379,4.35632183908046,,,,,,,,,,,,,,,,,,,"Kris Bubic","21455",663460
"Erick Fedde","MIL",8,9,,4.27972,26,26,0,0,,143,611,144,74,68,22,45,1,3,126,7.93007,2.83217,2.8,1.38462,0.206219,0.0736498,0.1325695589184761,0.255773,1.32168,0.293976,0.726928,,,4.41123,1.18432,1.40975,335.6700134277344,,,,,,,521.2,3.644755244755245,537,3.7552447552447554,,,,,,,,,,,,,,,,,,,"Erick Fedde","17425",607200
"Landon Knack","LAD",6,6,,4.38822,25,21,0,1,,108.7,461,103,57,53,16,36,0,3,101,8.36247,2.98068,2.80556,1.32475,0.219089,0.0780911,0.14099783450365067,0.244076,1.27875,0.285246,0.703259,,,4.29803,1.18205,0.940086,531.1900024414062,,,,,,,428.77997741699227,3.9446181182613747,424.49998474121094,3.905243759513055,,,,,,,,,,,,,,,,,,,"Landon Knack","27487",689017
"Logan Allen","CLE",8,9,,4.17352,27,26,0,0,,133.7,576,130,67,62,18,49,0,5,117,7.87584,3.29843,2.38776,1.21167,0.203125,0.0850694,0.1180555522441864,0.249042,1.33882,0.289406,0.728218,,,4.37815,1.18075,1.4447,625.010009765625,,,,,,,501.97997741699226,3.7545249728862617,506.49998474121094,3.788332059104584,,,,,,,,,,,,,,,,,,,"Logan Allen","27589",671106
"Matt Waldron","SDP",8,9,,4.62039,27,25,0,1,,138.3,591,137,77,71,20,41,0,7,115,7.48373,2.66811,2.80488,1.30152,0.194585,0.0693739,0.12521149963140488,0.252302,1.28706,0.286765,0.673333,,,4.42461,1.18027,0.614052,657.5499877929688,,,,,,,511.22002258300773,3.696457059308142,521.5000152587891,3.770788168844952,,,,,,,,,,,,,,,,,,,"Matt Waldron","25550",663362
"Brant Hurter","DET",5,7,,4.11711,26,19,0,6,,109.3,461,106,54,50,14,26,0,8,88,7.24611,2.1409,3.38462,1.15279,0.190889,0.0563991,0.1344902403652668,0.248244,1.20769,0.283077,0.69395,,,4.15459,1.18025,1.19766,682.25,,,,,,,459.02002258300774,4.199634124123893,462.50001525878906,4.231473031522032,,,,,,,,,,,,,,,,,,,"Brant Hurter","30133",676428
"Merrill Kelly","TEX",7,6,,3.86861,22,22,0,0,,123.3,515,120,57,53,17,36,1,2,102,7.44526,2.62774,2.83333,1.24088,0.198058,0.0699029,0.12815533578395844,0.251572,1.26521,0.28771,0.748865,,,4.22893,1.17279,2.12134,300.7300109863281,,,,,,,481.3200225830077,3.903649721573513,485.50001525878906,3.9375507156718403,,,,,,,,,,,,,,,,,,,"Merrill Kelly","11156",518876
"Bailey Falter","KCR",6,8,,4.35714,27,25,0,1,,126,534,129,66,61,17,37,0,3,93,6.64286,2.64286,2.51351,1.21429,0.174157,0.0692884,0.10486891865730286,0.261134,1.31746,0.291667,0.703235,,,4.39664,1.16623,1.41607,694.25,,,,,,,457.9000000000001,3.634126984126985,479,3.8015873015873014,,,,,,,,,,,,,,,,,,,"Bailey Falter","20070",663559
"Hayden Birdsong","SFG",7,8,,4.23077,28,27,0,1,,117,502,101,59,55,14,51,0,9,123,9.46154,3.92308,2.41176,1.07692,0.24502,0.101594,0.1434262990951538,0.228507,1.29915,0.285246,0.702417,,,4.15793,1.15888,1.27144,378.8699951171875,,,,,,,501.0000000000001,4.282051282051283,473,4.042735042735043,,,,,,,,,,,,,,,,,,,"Hayden Birdsong","31635",806185
"Griffin Jax","TBR",7,5,,3.19236,60,3,8,11,,73.3,295,59,28,26,8,20,1,3,87,10.6821,2.45566,4.35,0.982265,0.294915,0.0677966,0.22711864858865738,0.216912,1.07776,0.288136,0.752212,,,3.15284,1.14992,1.15954,286.989990234375,,,,,,,479.6200225830079,6.543246966092808,451.50001525878906,6.159617959906233,,,,,,,,,,,,,,,,,,,"Griffin Jax","20253",643377
"Mason Miller","SDP",3,2,,2.71429,56,0,30,2,,63,249,42,21,19,6,21,1,3,91,13,3,4.33333,0.857143,0.365462,0.0843373,0.281124509871006,0.186667,1,0.28125,0.769231,,,2.65854,1.14656,1.11747,45.09000015258789,,,,,,,551.2,8.74920634920635,505,8.015873015873016,,,,,,,,,,,,,,,,,,,"Mason Miller","31757",695243
"Justin Verlander","SFG",7,8,,4.07692,21,21,0,0,,117,494,118,57,53,14,34,0,4,89,6.84615,2.61538,2.61765,1.07692,0.180162,0.0688259,0.11133603006601334,0.258772,1.29915,0.294618,0.717523,,,4.17503,1.14557,1.48933,334.260009765625,,,,,,,450.8000000000001,3.852991452991454,467,3.9914529914529915,,,,,,,,,,,,,,,,,,,"Justin Verlander","8700",434378
"Will Dion","CLE",4,4,,4.19385,26,23,0,0,,107.3,461,105,54,50,13,38,0,2,89,7.46505,3.18733,2.34211,1.0904,0.193059,0.0824295,0.11062906682491302,0.249406,1.33271,0.288401,0.713141,,,4.20096,1.14365,1.11626,999,,,,,,,419.1200225830079,3.9060578812923135,425.50001525878906,3.965517270801405,,,,,,,,,,,,,,,,,,,"Will Dion","sa3017850",702021
"Gregory Santos","SEA",2,1,,2.53968,52,0,5,13,,56.7,242,50,17,16,2,16,1,4,62,9.84127,2.53968,3.875,0.31746,0.256198,0.0661157,0.19008264690637589,0.225225,1.16402,0.303797,0.775316,,,2.49629,1.14197,1.16903,723.1400146484375,,,,,,,405.98000564575193,7.160141096701901,398.50000381469727,7.028218667594214,,,,,,,,,,,,,,,,,,,"Gregory Santos","21894",666619
"Cade Smith","CLE",5,3,,2.92467,63,0,2,14,,67.7,280,51,24,22,5,24,0,5,87,11.5657,3.19055,3.625,0.664697,0.310714,0.0857143,0.22499998658895493,0.203187,1.10783,0.289308,0.75,,,2.84152,1.14004,1.1132,368.2799987792969,,,,,,,459.8799774169921,6.792909869236453,426.49998474121094,6.299852348106862,,,,,,,,,,,,,,,,,,,"Cade Smith","27867",671922
"Tyler Stuart","WSN",5,6,,4.38822,23,23,0,0,,108.7,470,110,57,53,14,34,0,6,88,7.28611,2.81509,2.58824,1.15915,0.187234,0.0723404,0.11489361524581909,0.255814,1.32475,0.292683,0.699357,,,4.32563,1.13269,1.06088,999,,,,,,,402.1799774169922,3.6999078997995865,417.49998474121094,3.8408463336020584,,,,,,,,,,,,,,,,,,,"Tyler Stuart","sa3020264",701603
"Aaron Civale","CHC",7,7,,4.35803,26,26,0,1,,136.3,575,130,71,66,22,42,0,6,122,8.05576,2.77329,2.90476,1.45268,0.212174,0.0730435,0.13913042843341827,0.246679,1.26192,0.281984,0.715297,,,4.53112,1.12833,1.43293,368.0899963378906,,,,,,,504.020022583008,3.6978724233161917,499.50001525878906,3.664710227989589,,,,,,,,,,,,,,,,,,,"Aaron Civale","19479",650644
"Ty Madden","DET",4,5,,4.33929,25,22,0,1,,112,486,108,58,54,14,42,0,4,99,7.95536,3.375,2.35714,1.125,0.203704,0.0864198,0.11728394776582718,0.245455,1.33929,0.287462,0.705521,,,4.25577,1.12708,0.998333,999,,,,,,,439.8000000000001,3.926785714285715,442,3.9464285714285716,,,,,,,,,,,,,,,,,,,"Ty Madden","30140",680744
"José Suarez","ATL",5,4,,4.16238,27,14,0,1,,97.3,423,93,49,45,11,37,1,4,94,8.69476,3.4224,2.54054,1.01747,0.222222,0.0874704,0.13475177437067032,0.243455,1.33607,0.296029,0.706806,,,3.96812,1.12526,1.08365,749.7000122070312,,,,,,,411.9200225830079,4.233504724186812,412.50001525878906,4.239465594254541,,,,,,,,,,,,,,,,,,,"Jose Suarez","19911",660761
"Steven Zobac","KCR",7,9,,4.5,23,21,0,0,,108,470,112,58,54,14,32,1,4,84,7,2.66667,2.625,1.16667,0.178723,0.0680851,0.11063830554485321,0.258065,1.33333,0.291667,0.691318,,,4.29611,1.11923,1.07403,999,,,,,,,395.8,3.664814814814815,418,3.8703703703703702,,,,,,,,,,,,,,,,,,,"Steven Zobac","sa3020875",686632
"José Alvarado","PHI",4,2,,3.01587,61,0,5,12,,56.7,235,43,21,19,3,24,2,1,70,11.1111,3.80952,2.91667,0.47619,0.297872,0.102128,0.19574467837810516,0.204762,1.18166,0.291971,0.732484,,,2.70793,1.11439,0.91625,508.6300048828125,,,,,,,408.88000564575196,7.211287480493408,382.50000381469727,6.746031722537628,,,,,,,,,,,,,,,,,,,"Jose Alvarado","17780",621237
"Thomas Harrington","PIT",5,6,,4.39024,23,22,0,0,,110.7,474,113,58,54,15,31,0,5,87,7.07317,2.52033,2.80645,1.21951,0.183544,0.0654008,0.1181434616446495,0.257991,1.30081,0.291667,0.699187,,,4.33179,1.11249,1.25017,581.8400268554688,,,,,,,406.8799774169922,3.6755193191850677,424.49998474121094,3.8346883147583646,,,,,,,,,,,,,,,,,,,"Thomas Harrington","31989",802419
"Kyle Wright","KCR",6,7,,4.24437,17,17,0,1,,93.3,402,90,48,44,10,32,0,7,76,7.33119,3.08682,2.375,0.96463,0.189055,0.079602,0.1094527393579483,0.247934,1.30761,0.288809,0.685185,,,4.1847,1.10188,1.15284,711.4000244140625,,,,,,,372.42002258300784,3.991639982866981,375.50001525878906,4.024651693210362,,,,,,,,,,,,,,,,,,,"Kyle Wright","19665",657140
"Johan Oviedo","PIT",6,8,,4.26618,24,20,0,1,,109.7,473,102,56,52,13,44,0,8,100,8.20419,3.60985,2.27273,1.06655,0.211416,0.0930233,0.11839324235916138,0.24228,1.3309,0.288961,0.704225,,,4.30595,1.10178,1.3541,748.280029296875,,,,,,,434.67997741699224,3.962442930805911,427.49998474121094,3.896991765122024,,,,,,,,,,,,,,,,,,,"Johan Oviedo","22487",670912
"Jonathan Cannon","CHW",7,12,,4.78922,28,26,0,1,,144.7,627,152,83,77,21,47,0,6,104,6.46856,2.92329,2.21277,1.30615,0.165869,0.0749601,0.09090909361839294,0.264808,1.37526,0.291759,0.683962,,,4.71451,1.09842,0.634715,688.1699829101562,,,,,,,470.2799774169924,3.2500344667264027,503.49998474121094,3.4796129603327364,,,,,,,,,,,,,,,,,,,"Jonathan Cannon","31730",686563
"Tanner Scott","LAD",9,4,,3.07578,68,0,25,8,,67.3,281,50,25,23,4,30,3,4,83,11.0996,4.01189,2.76667,0.534918,0.295374,0.106762,0.18861211091279984,0.202429,1.18871,0.2875,0.739247,,,2.98817,1.08756,1.01783,102.88999938964844,,,,,,,539.8200225830078,8.02109952607065,505.50001525878906,7.511144016888508,,,,,,,,,,,,,,,,,,,"Tanner Scott","17586",656945
"Jeffrey Springs","ATH",5,4,,3.65662,22,18,0,1,,76.3,320,72,34,31,10,22,0,1,76,8.96461,2.59502,3.45455,1.17955,0.2375,0.06875,0.16874999552965164,0.242424,1.23198,0.293839,0.75,,,3.78247,1.0863,1.14497,268.7900085449219,,,,,,,341.4200225830079,4.474705228404866,338.50001525878906,4.436435147049324,,,,,,,,,,,,,,,,,,,"Jeffrey Springs","17677",605488
"Steven Matz","BOS",4,4,,4.10564,21,16,0,1,,83.3,362,85,41,38,9,27,0,3,71,7.67107,2.91717,2.62963,0.972389,0.196133,0.0745856,0.12154696136713028,0.256024,1.34454,0.301587,0.714286,,,3.94679,1.08394,0.989882,635.280029296875,,,,,,,340.7200225830078,4.090276231698383,355.50001525878906,4.267707109661231,,,,,,,,,,,,,,,,,,,"Steven Matz","13361",571927
"Miles Mikolas","STL",7,10,,4.56338,26,26,0,0,,142,602,154,78,72,21,29,0,5,95,6.02113,1.83803,3.27586,1.33099,0.157807,0.0481728,0.10963454842567444,0.271127,1.28873,0.294248,0.683594,,,4.4693,1.08381,0.944092,584.2000122070312,,,,,,,480.1,3.380985915492958,525,3.6971830985915495,,,,,,,,,,,,,,,,,,,"Miles Mikolas","9803",571945
"Kyle Harrison","BOS",6,6,,4.24165,24,24,0,1,,116.7,503,109,59,55,16,43,0,8,119,9.17738,3.3162,2.76744,1.23393,0.236581,0.0854871,0.15109344571828842,0.24115,1.30248,0.293375,0.717593,,,4.22046,1.08031,1.26123,453.6499938964844,,,,,,,472.37997741699235,4.047814822364549,464.49998474121094,3.980291318664062,,,,,,,,,,,,,,,,,,,"Kyle Harrison","27758",690986
"Chris Paddack","DET",4,3,,4.30279,15,15,0,1,,75.3,325,78,39,36,11,19,0,1,72,8.60558,2.27092,3.78947,1.31474,0.221538,0.0584615,0.16307691484689713,0.255738,1.28818,0.301802,0.710784,,,3.95001,1.08023,0.711223,524.5900268554688,,,,,,,307.12002258300777,4.07861899251063,321.50001525878906,4.2695883430151325,,,,,,,,,,,,,,,,,,,"Chris Paddack","20099",663978
"Christian Scott","NYM",3,4,,4.28049,17,17,0,0,,82,342,75,42,39,11,23,0,4,76,8.34146,2.52439,3.30435,1.20732,0.222222,0.0672515,0.15497076511383057,0.238095,1.19512,0.280702,0.677966,,,4.04453,1.06687,0.758601,999,,,,,,,347.5,4.237804878048781,338,4.121951219512195,,,,,,,,,,,,,,,,,,,"Christian Scott","30107",681035
"Mitch Spence","ATH",7,8,,4.32372,29,23,0,1,,135.3,582,138,70,65,18,40,0,6,108,7.18404,2.66075,2.7,1.19734,0.185567,0.0687285,0.1168384850025177,0.257463,1.31559,0.292683,0.706806,,,4.31947,1.06413,0.980265,585.27001953125,,,,,,,503.0200225830079,3.7178123520853292,524.5000152587891,3.8765706092271577,,,,,,,,,,,,,,,,,,,"Mitch Spence","27707",687765
"Orion Kerkering","PHI",5,3,,3.19938,65,2,4,11,,64.7,266,53,25,23,6,18,0,5,75,10.4328,2.50386,4.16667,0.834621,0.281955,0.0676692,0.214285708963871,0.218107,1.09737,0.290123,0.734824,,,3.12011,1.05555,1.0265,321.30999755859375,,,,,,,412.17997741699213,6.370633645419214,390.49998474121094,6.035548735088778,,,,,,,,,,,,,,,,,,,"Orion Kerkering","31776",689147
"Frankie Montas","NYM",7,9,,4.64692,26,26,0,0,,131.7,573,126,74,68,19,54,1,5,125,8.54214,3.69021,2.31481,1.29841,0.21815,0.0942408,0.12390925735235214,0.245136,1.36674,0.289189,0.691004,,,4.48766,1.05343,0.550285,515.3300170898438,,,,,,,486.2799774169922,3.6923309695147464,484.49998474121094,3.678815459134888,,,,,,,,,,,,,,,,,,,"Frankie Montas","14309",593423
"Tyler Holton","DET",5,3,,3.34934,58,7,7,10,,83.3,331,69,34,31,8,21,1,3,72,7.77911,2.26891,3.42857,0.864346,0.217523,0.0634441,0.15407855808734894,0.224756,1.08043,0.268722,0.71066,,,3.55063,1.04848,1.23363,448.07000732421875,,,,,,,485.6200225830079,5.829771966289985,459.50001525878906,5.516206463681427,,,,,,,,,,,,,,,,,,,"Tyler Holton","26231",663947
"Kyle Freeland","COL",6,8,,4.95763,22,22,0,0,,118,518,133,70,65,18,33,0,5,85,6.48305,2.51695,2.57576,1.37288,0.164093,0.0637066,0.10038609802722931,0.277083,1.40678,0.30504,0.681818,,,4.67495,1.04217,1.19496,724.9400024414062,,,,,,,362.00000000000006,3.067796610169492,412,3.4915254237288136,,,,,,,,,,,,,,,,,,,"Kyle Freeland","16256",607536
"K.C. Hunt","MIL",6,5,,4.06836,24,13,0,0,,90.7,379,82,44,41,13,28,0,3,88,8.73208,2.77839,3.14286,1.28997,0.23219,0.0738786,0.15831133723258972,0.235632,1.21279,0.279352,0.718954,,,4.11466,1.04086,1.15449,999,,,,,,,381.0799774169922,4.2015434425477975,367.49998474121094,4.051819152220305,,,,,,,,,,,,,,,,,,,"K.C. Hunt","sa3022937",687268
"Chad Patrick","MIL",6,7,,4.38261,24,22,0,0,,115,493,112,61,56,17,37,0,5,100,7.82609,2.89565,2.7027,1.33043,0.20284,0.0750507,0.12778905034065247,0.248337,1.29565,0.284431,0.702875,,,4.44474,1.04002,1.07795,999,,,,,,,424.7,3.6930434782608694,428,3.7217391304347824,,,,,,,,,,,,,,,,,,,"Chad Patrick","30113",694477
"Ben Shields","COL",5,4,,4.27666,24,16,0,0,,94.7,411,88,49,45,13,31,0,10,92,8.7434,2.94615,2.96774,1.23548,0.223844,0.0754258,0.14841848611831665,0.237838,1.2566,0.283019,0.694444,,,4.30692,1.03879,0.846001,999,,,,,,,373.0799774169922,3.9395986213272765,365.49998474121094,3.859556457440787,,,,,,,,,,,,,,,,,,,"Ben Shields","sa3023483",815456
"Jake Irvin","WSN",8,10,,4.60653,29,29,0,0,,156.3,664,153,86,80,24,51,1,8,127,7.31286,2.93666,2.4902,1.38196,0.191265,0.0768072,0.11445783078670502,0.252893,1.30518,0.284141,0.692488,,,4.67,1.038,1.12226,444.760009765625,,,,,,,540.6200225830078,3.4588612413781252,546.5000152587891,3.496481155395876,,,,,,,,,,,,,,,,,,,"Jake Irvin","21504",663623
"Kyle Hart","SDP",7,8,,4.55871,23,23,0,1,,130.3,553,127,71,66,23,34,0,10,129,8.91021,2.34843,3.79412,1.58864,0.233273,0.0614828,0.1717902384698391,0.249509,1.23561,0.291317,0.698758,,,4.49418,1.03322,0.757761,534.030029296875,,,,,,,481.12002258300794,3.6924022357228745,482.50001525878906,3.7029931232398376,,,,,,,,,,,,,,,,,,,"Kyle Hart","19646",606996
"Carson Whisenhunt","SFG",3,4,,4.23529,25,25,0,0,,102,446,99,52,48,12,39,0,5,94,8.29412,3.44118,2.41026,1.05882,0.210762,0.0874439,0.1233183890581131,0.246269,1.35294,0.293919,0.709571,,,4.14687,1.03093,1.05731,999,,,,,,,405.80000000000007,3.97843137254902,410,4.019607843137255,,,,,,,,,,,,,,,,,,,"Carson Whisenhunt","31676",687931
"Slade Cecconi","CLE",6,7,,4.47254,30,19,0,1,,114.7,485,113,62,57,17,29,1,6,99,7.76809,2.2755,3.41379,1.33391,0.204124,0.0597938,0.14432989060878754,0.251111,1.23801,0.287425,0.676819,,,4.28243,1.02566,0.663584,714.3599853515625,,,,,,,442.87997741699206,3.86120304446773,449.49998474121094,3.9189188901552074,,,,,,,,,,,,,,,,,,,"Slade Cecconi","27500",677944
"Randy Dobnak","DET",7,8,,4.47301,28,21,0,1,,116.7,518,121,63,58,13,47,0,6,93,7.17224,3.62468,1.97872,1.00257,0.179537,0.0907336,0.08880309760570526,0.260215,1.43959,0.300836,0.700935,,,4.38328,1.02472,0.768213,999,,,,,,,420.0799774169923,3.5996571414076612,445.49998474121094,3.8174806888709294,,,,,,,,,,,,,,,,,,,"Randy Dobnak","23798",677976
"Aaron Ashby","MIL",7,7,,4.22287,34,15,0,1,,102.3,460,92,52,48,9,57,0,7,102,8.97361,5.01466,1.78947,0.791789,0.221739,0.123913,0.09782608598470688,0.232323,1.4565,0.291228,0.711144,,,4.19287,1.02445,0.999357,635.030029296875,,,,,,,423.1200225830078,4.1360704785994375,410.50001525878906,4.012707751837506,,,,,,,,,,,,,,,,,,,"Aaron Ashby","23550",676879
"Ryan Weathers","MIA",5,7,,4.32692,23,21,0,1,,104,452,103,54,50,13,41,1,4,91,7.875,3.54808,2.21951,1.125,0.201327,0.090708,0.11061946302652359,0.253071,1.38462,0.29703,0.715421,,,4.33956,1.01956,1.21511,367.19000244140625,,,,,,,392.90000000000003,3.7778846153846155,402,3.8653846153846154,,,,,,,,,,,,,,,,,,,"Ryan Weathers","23796",677960
"DJ Herz","WSN",7,8,,4.51254,26,26,0,1,,107.7,475,94,58,54,13,58,0,7,115,9.61003,4.8468,1.98276,1.08635,0.242105,0.122105,0.11999999731779099,0.229268,1.41133,0.287234,0.702541,,,4.41068,1.01946,0.896562,418.2099914550781,,,,,,,431.6799774169924,4.008170748829701,408.49998474121094,3.792943326985658,,,,,,,,,,,,,,,,,,,"DJ Herz","26389",687792
"Ian Anderson","ATL",5,5,,4.51505,19,19,0,1,,89.7,390,85,49,45,10,42,0,1,77,7.72575,4.21405,1.83333,1.00334,0.197436,0.107692,0.08974359184503555,0.244957,1.41583,0.288462,0.690265,,,4.33705,1.01928,0.705583,594.8499755859375,,,,,,,348.7799774169922,3.8882941949066265,347.49998474121094,3.874024487890696,,,,,,,,,,,,,,,,,,,"Ian Anderson","19951",666120
"Antonio Senzatela","COL",3,5,,4.74795,18,18,0,1,,85.3,379,97,49,45,10,25,0,3,55,5.80305,2.63775,2.2,1.0551,0.145119,0.0659631,0.07915566861629486,0.276353,1.43025,0.304196,0.675926,,,4.38571,1.01738,1.00727,735.7000122070312,,,,,,,286.0200225830078,3.353106827082507,326.50001525878906,3.8276670993865896,,,,,,,,,,,,,,,,,,,"Antonio Senzatela","15488",622608
"Grant Holmes","ATL",4,3,,3.81443,40,7,0,1,,87.3,372,81,40,37,9,30,2,4,87,8.96907,3.09278,2.9,0.927835,0.233871,0.0806452,0.15322580933570862,0.239645,1.27148,0.297521,0.721545,,,3.68194,1.01711,1.09204,271.4800109863281,,,,,,,400.7200225830078,4.590149010022734,395.50001525878906,4.5303551137828455,,,,,,,,,,,,,,,,,,,"Grant Holmes","16944",656550
"Casey Mize","DET",4,4,,4.30178,23,21,0,0,,106.7,453,103,55,51,14,32,0,6,87,7.33833,2.69916,2.71875,1.18088,0.192053,0.0706402,0.12141279876232147,0.248193,1.26523,0.283439,0.693241,,,4.30987,1.01669,0.98585,357.7300109863281,,,,,,,409.5799774169922,3.838612831598022,411.49998474121094,3.856607277513049,,,,,,,,,,,,,,,,,,,"Casey Mize","20492",663554
"Ronel Blanco","HOU",9,8,,4.05765,29,23,0,0,,135.3,571,121,66,61,21,56,1,2,135,8.98004,3.72506,2.41071,1.3969,0.236427,0.0980736,0.13835376501083374,0.235867,1.3082,0.280112,0.752033,,,4.47468,1.01659,1.57253,250.08999633789062,,,,,,,524.3200225830079,3.875240286450208,499.50001525878906,3.6917960383763613,,,,,,,,,,,,,,,,,,,"Ronel Blanco","19407",669854
"Mason Montgomery","TBR",4,4,,4.15385,33,19,2,12,,104,446,96,52,48,13,40,0,4,101,8.74039,3.46154,2.525,1.125,0.226457,0.0896861,0.1367713063955307,0.238806,1.30769,0.288194,0.713073,,,4.1184,1.01448,0.855683,588.3099975585938,,,,,,,488.1,4.693269230769231,479,4.605769230769231,,,,,,,,,,,,,,,,,,,"Mason Montgomery","29770",682254
"Randy Vásquez","SDP",8,8,,4.32283,27,26,0,1,,127,554,128,66,61,16,42,0,9,97,6.87402,2.97638,2.30952,1.13386,0.17509,0.0758123,0.09927798062562943,0.254473,1.33858,0.287179,0.704607,,,4.48144,1.01278,1.05414,695.4099731445312,,,,,,,455.2000000000002,3.584251968503939,472,3.716535433070866,,,,,,,,,,,,,,,,,,,"Randy Vasquez","24719",681190
"Joey Cantillo","CLE",6,5,,4.0814,21,19,0,7,,86,375,76,42,39,10,42,0,3,92,9.62791,4.39535,2.19048,1.04651,0.245333,0.112,0.13333332538604736,0.230303,1.37209,0.289474,0.730769,,,4.10834,1.01229,1.03248,510.5400085449219,,,,,,,392.79999999999995,4.567441860465116,377,4.383720930232558,,,,,,,,,,,,,,,,,,,"Joey Cantillo","23335",676282
"Andrés Muñoz","SEA",6,3,,2.63793,60,0,27,4,,58,236,40,18,17,4,22,3,4,78,12.1034,3.41379,3.54545,0.62069,0.330508,0.0932203,0.23728813230991364,0.190476,1.06897,0.28125,0.780142,,,2.7182,1.01007,1.12478,60.88999938964844,,,,,,,505,8.706896551724139,467,8.051724137931034,,,,,,,,,,,,,,,,,,,"Andres Munoz","20373",662253
"Jeff Hoffman","TOR",5,2,,2.66886,61,0,27,3,,60.7,240,43,19,18,5,20,1,3,75,11.1203,2.9654,3.75,0.741351,0.3125,0.0833333,0.2291666641831398,0.198157,1.03789,0.277372,0.785714,,,2.90289,1.00687,1.26655,94.0199966430664,,,,,,,503.88000564575196,8.301153201193982,466.50000381469727,7.685337692771827,,,,,,,,,,,,,,,,,,,"Jeff Hoffman","17432",656546
"Ryan Helsley","NYM",7,3,,2.77147,59,0,35,2,,61.7,245,46,21,19,5,21,2,0,73,10.6483,3.06321,3.47619,0.729335,0.297959,0.0857143,0.2122448906302452,0.205357,1.0859,0.280822,0.766667,,,2.87475,1.00239,1.14482,53.880001068115234,,,,,,,541.4800056457519,8.77601294894952,509.50000381469727,8.257698501046569,,,,,,,,,,,,,,,,,,,"Ryan Helsley","18138",664854
"Brady Basso","ATH",5,5,,4.1419,26,20,0,1,,104.3,438,102,52,48,15,28,0,3,92,7.93864,2.41611,3.28571,1.29434,0.210046,0.0639269,0.14611872285604477,0.250614,1.2464,0.29,0.715596,,,4.1636,1.00036,0.954153,750.5599975585938,,,,,,,417.1200225830078,3.999233081287795,421.50001525878906,4.04122725719983,,,,,,,,,,,,,,,,,,,"Brady Basso","25582",669620
"Drew Rom","STL",5,5,,4.01205,18,17,0,0,,83,359,80,40,37,9,29,0,5,72,7.80723,3.14458,2.48276,0.975904,0.200557,0.0807799,0.119777150452137,0.246154,1.31325,0.290984,0.715768,,,4.07009,1.00004,1.11489,999,,,,,,,337.5,4.066265060240964,340,4.096385542168675,,,,,,,,,,,,,,,,,,,"Drew Rom","24602",680723
"Edward Cabrera","MIA",6,8,,4.45872,24,23,0,1,,109,471,96,58,54,14,52,0,7,112,9.24771,4.29358,2.15385,1.15596,0.237792,0.110403,0.12738852947950363,0.23301,1.3578,0.286713,0.700935,,,4.40501,0.999701,1.145,455.3800048828125,,,,,,,435.79999999999984,3.9981651376146776,414,3.7981651376146788,,,,,,,,,,,,,,,,,,,"Edward Cabrera","21690",665795
"Edwin Díaz","NYM",6,3,,2.94545,55,0,36,2,,55,223,38,19,18,5,20,1,4,80,13.0909,3.27273,4,0.818182,0.358744,0.0896861,0.2690582871437073,0.190955,1.05455,0.289474,0.764706,,,2.7483,0.99803,0.945614,43.040000915527344,,,,,,,522.7,9.503636363636364,486,8.836363636363636,,,,,,,,,,,,,,,,,,,"Edwin Diaz","14710",621242
"Dane Dunning",,6,7,,4.72881,28,20,0,1,,118,512,116,67,62,17,42,0,7,106,8.08475,3.20339,2.52381,1.29661,0.207031,0.0820312,0.125,0.25054,1.33898,0.291176,0.678092,,,4.48851,0.997617,0.475796,740.989990234375,,,,,,,431.5,3.656779661016949,438,3.711864406779661,,,,,,,,,,,,,,,,,,,"Dane Dunning","19409",641540
"Kumar Rocker","TEX",2,3,,3.95794,14,13,0,1,,52.3,225,47,25,23,6,17,0,2,56,9.63671,2.92543,3.29412,1.0325,0.248889,0.0755556,0.17333333939313889,0.228155,1.22371,0.284722,0.701439,,,3.60625,0.996553,0.7194,311.8500061035156,,,,,,,250.01999435424807,4.780497093718507,242.49999618530273,4.63671127577118,,,,,,,,,,,,,,,,,,,"Kumar Rocker","31843",677958
"Justin Wrobleski","LAD",6,6,,4.60724,25,22,0,1,,113.3,488,112,63,58,17,39,0,3,98,7.78464,3.09797,2.51282,1.3504,0.20082,0.079918,0.12090163677930832,0.251121,1.33274,0.287009,0.691824,,,4.49922,0.991342,0.628556,738.22998046875,,,,,,,412.1200225830077,3.637422872749109,419.50001525878906,3.7025596112927963,,,,,,,,,,,,,,,,,,,"Justin Wrobleski","31204",680736
"Kenny Rosenberg",,6,9,,4.47254,24,19,0,0,,114.7,497,116,62,57,17,40,1,5,99,7.76809,3.13862,2.475,1.33391,0.199195,0.0804829,0.11871227622032166,0.256637,1.36007,0.294643,0.711044,,,4.54399,0.986118,0.909919,999,,,,,,,401.07997741699205,3.496774089697469,415.49998474121094,3.622493424552603,,,,,,,,,,,,,,,,,,,"Kenny Rosenberg","20009",670046
"Cooper Criswell","BOS",6,7,,4.54206,27,19,0,1,,107,467,113,58,54,13,29,0,11,80,6.72897,2.43925,2.75862,1.09346,0.171306,0.0620985,0.10920770838856697,0.264637,1.3271,0.299401,0.678514,,,4.37209,0.985007,1.01764,749.5700073242188,,,,,,,382.1000000000001,3.5710280373831784,410,3.8317757009345796,,,,,,,,,,,,,,,,,,,"Cooper Criswell","24975",681867
"Davis Martin","CHW",4,5,,4.40402,20,18,0,0,,79.7,346,78,42,39,10,29,0,5,72,8.13049,3.27478,2.48276,1.12923,0.208092,0.083815,0.12427745014429092,0.25,1.34253,0.295652,0.698925,,,4.27062,0.98279,0.71052,601.75,,,,,,,305.9799774169922,3.8391466641548058,310.49998474121094,3.895859430745676,,,,,,,,,,,,,,,,,,,"Davis Martin","21448",663436
"Josh Winckowski","BOS",6,6,,4.26912,41,12,0,1,,103.3,451,109,53,49,12,34,2,3,84,7.31849,2.96225,2.47059,1.0455,0.186253,0.075388,0.11086474359035492,0.263285,1.38432,0.305031,0.713154,,,4.12485,0.98252,1.01888,999,,,,,,,394.42002258300784,3.8181995249834233,421.50001525878906,4.080348526684933,,,,,,,,,,,,,,,,,,,"Josh Winckowski","22387",670174
"John Michael Bertrand","SFG",7,8,,4.40559,26,24,0,0,,128.7,563,144,68,63,16,36,0,2,85,5.94406,2.51748,2.36111,1.11888,0.150977,0.0639432,0.08703374862670898,0.274286,1.3986,0.301887,0.71066,,,4.34752,0.982039,1.06822,999,,,,,,,437.1799774169923,3.3968919019695702,491.49998474121094,3.818958790953755,,,,,,,,,,,,,,,,,,,"John Michael Bertrand","sa3020082",802609
"Adam Mazur","MIA",6,9,,4.62162,24,23,0,0,,111,483,118,62,57,15,36,0,2,84,6.81081,2.91892,2.33333,1.21622,0.173913,0.0745342,0.09937888383865356,0.265169,1.38739,0.297688,0.691729,,,4.43675,0.978883,0.878275,748.7999877929688,,,,,,,384.1000000000001,3.460360360360361,414,3.72972972972973,,,,,,,,,,,,,,,,,,,"Adam Mazur","31900",800049
"Matthew Liberatore","STL",5,6,,4.1349,44,15,0,1,,102.3,440,95,51,47,11,38,2,6,92,8.09384,3.34311,2.42105,0.967742,0.209091,0.0863636,0.12272726744413376,0.239899,1.3001,0.286689,0.697279,,,4.05602,0.975762,0.922871,653.6400146484375,,,,,,,430.7200225830079,4.210361776480973,424.50001525878906,4.149560142671911,,,,,,,,,,,,,,,,,,,"Matthew Liberatore","22294",669461
"Alek Manoah","ATL",6,6,,4.16238,19,19,0,1,,97.3,413,85,49,45,12,37,0,9,90,8.32477,3.4224,2.43243,1.10997,0.217918,0.0895884,0.128329299390316,0.231608,1.25385,0.275472,0.693916,,,4.33811,0.975577,1.02863,750.8499755859375,,,,,,,397.42002258300784,4.08448109062858,376.50001525878906,3.8694758833513445,,,,,,,,,,,,,,,,,,,"Alek Manoah","26410",666201
"Matthew Boyd","CHC",4,3,,3.75,13,13,0,1,,60,250,53,27,25,7,19,0,3,62,9.3,2.85,3.26316,1.05,0.248,0.076,0.1719999983906746,0.232456,1.2,0.289308,0.723473,,,3.71648,0.963221,0.983909,323.04998779296875,,,,,,,282.09999999999997,4.701666666666666,271,4.516666666666667,,,,,,,,,,,,,,,,,,,"Matthew Boyd","15440",571510
"Fernando Cruz","NYY",6,3,,3.29843,58,2,0,13,,57.3,247,45,23,21,5,26,1,4,79,12.4084,4.08377,3.03846,0.78534,0.319838,0.105263,0.2145748883485794,0.207373,1.23909,0.300752,0.75,,,3.11412,0.962343,0.770843,728.9600219726562,,,,,,,365.51999435424807,6.379057578029368,341.49999618530273,5.959860396724526,,,,,,,,,,,,,,,,,,,"Fernando Cruz","7048",518585
"Kyle Gibson",,7,8,,4.56522,25,25,0,1,,138,606,143,76,70,19,54,1,5,117,7.63043,3.52174,2.16667,1.23913,0.193069,0.0891089,0.10396039485931396,0.261426,1.42754,0.301703,0.710094,,,4.54329,0.952259,0.703237,634.27001953125,,,,,,,476.7,3.4543478260869565,504,3.652173913043478,,,,,,,,,,,,,,,,,,,"Kyle Gibson","10123",502043
"Chris Flexen",,7,8,,4.47696,29,25,0,1,,136.7,597,141,74,68,18,50,1,3,107,7.04462,3.29188,2.14,1.18508,0.179229,0.0837521,0.0954773873090744,0.259191,1.39722,0.293556,0.705669,,,4.47592,0.947662,0.888389,750.9099731445312,,,,,,,482.5799774169923,3.530212056988621,508.49998474121094,3.7198244044858386,,,,,,,,,,,,,,,,,,,"Chris Flexen","13896",623167
"Max Meyer","MIA",5,6,,4.32,22,22,0,1,,100,434,102,52,48,14,35,0,3,87,7.83,3.15,2.48571,1.26,0.200461,0.0806452,0.11981567740440369,0.257576,1.37,0.298305,0.72402,,,4.38648,0.946491,1.17939,352.9200134277344,,,,,,,366.59999999999997,3.6659999999999995,382,3.82,,,,,,,,,,,,,,,,,,,"Max Meyer","27474",676974
"Colin Rea","CHC",7,8,,4.44444,27,23,0,1,,137.7,584,139,74,68,20,38,1,7,107,6.99346,2.48366,2.81579,1.30719,0.183219,0.0650685,0.11815068870782852,0.257885,1.2854,0.288835,0.691275,,,4.48093,0.944698,0.947502,582.760009765625,,,,,,,494.5799774169924,3.5917210484971327,511.49998474121094,3.7145969214034937,,,,,,,,,,,,,,,,,,,"Colin Rea","12317",607067
"Landen Roupp","SFG",3,3,,3.93822,29,13,0,1,,77.7,328,70,37,34,8,30,0,2,75,8.68726,3.4749,2.5,0.926641,0.228659,0.0914634,0.13719512522220612,0.236486,1.287,0.29108,0.709459,,,3.80998,0.942017,0.925628,431.4800109863281,,,,,,,352.5799774169923,4.537709025289334,342.49998474121094,4.40797938472711,,,,,,,,,,,,,,,,,,,"Landen Roupp","30076",694738
"Matt Strahm","PHI",6,3,,3.375,56,4,3,12,,64,254,50,26,24,8,16,1,4,75,10.5469,2.25,4.6875,1.125,0.295276,0.0629921,0.23228347301483154,0.213675,1.03125,0.278146,0.729927,,,3.38523,0.941465,0.973929,566.0499877929688,,,,,,,398.20000000000005,6.221875000000001,369,5.765625,,,,,,,,,,,,,,,,,,,"Matt Strahm","13799",621381
"Justin Martinez","ARI",7,3,,3.13253,66,0,17,9,,74.7,323,56,28,26,4,40,5,5,95,11.4458,4.81928,2.375,0.481928,0.294118,0.123839,0.1702786535024643,0.201439,1.28514,0.290503,0.752212,,,3.12632,0.941298,1.20529,181.0800018310547,,,,,,,533.9799774169921,7.148326629611161,497.49998474121094,6.659973294054036,,,,,,,,,,,,,,,,,,,"Justin Martinez","24453",679885
"Aaron Bummer","ATL",5,2,,2.94231,53,0,1,14,,52,227,45,18,17,2,21,2,3,61,10.5577,3.63462,2.90476,0.346154,0.268722,0.092511,0.17621146142482758,0.221675,1.26923,0.307143,0.759494,,,2.70494,0.941263,0.984051,744.719970703125,,,,,,,354.2,6.811538461538461,345,6.634615384615385,,,,,,,,,,,,,,,,,,,"Aaron Bummer","16258",607481
"Nick Frasso","LAD",5,4,,4.35655,23,23,0,0,,84.7,366,80,44,41,11,29,0,7,77,8.18182,3.08146,2.65517,1.16883,0.210383,0.079235,0.13114753365516663,0.242424,1.28689,0.285124,0.694444,,,4.3117,0.939046,0.80575,750.8800048828125,,,,,,,329.47997741699214,3.889964454406394,326.49998474121094,3.854781540791861,,,,,,,,,,,,,,,,,,,"Nick Frasso","sa3014492",693308
"Matt Brash","SEA",5,4,,3.11367,45,5,0,1,,60.7,260,48,23,21,5,28,0,3,78,11.5651,4.15157,2.78571,0.741351,0.3,0.107692,0.1923077031970024,0.209607,1.25206,0.294521,0.768116,,,3.19943,0.938658,0.942204,680.780029296875,,,,,,,329.88000564575196,5.434596400320988,305.50000381469727,5.032948928745666,,,,,,,,,,,,,,,,,,,"Matt Brash","25756",666374
"Shane Baz","TBR",5,5,,4.22287,21,21,0,1,,102.3,434,94,52,48,13,37,0,6,92,8.09384,3.25513,2.48649,1.14369,0.211982,0.0852535,0.1267281100153923,0.240409,1.28055,0.283217,0.700355,,,4.28085,0.938244,0.884815,198.6699981689453,,,,,,,411.7200225830079,4.024633531777137,401.50001525878906,3.924731214872531,,,,,,,,,,,,,,,,,,,"Shane Baz","22264",669358
"Drew Thorpe","CHW",6,8,,4.67647,21,21,0,0,,102,434,102,57,53,15,36,0,1,81,7.14706,3.17647,2.25,1.32353,0.186636,0.0829493,0.1036866307258606,0.256927,1.35294,0.289037,0.692308,,,4.57824,0.937891,0.608838,736.6199951171875,,,,,,,356.1000000000001,3.491176470588236,366,3.588235294117647,,,,,,,,,,,,,,,,,,,"Drew Thorpe","31967",689672
"Cole Sands","MIN",5,3,,3.6155,47,4,1,15,,69.7,292,60,30,28,7,23,0,5,78,10.0717,2.96987,3.3913,0.903874,0.267123,0.0787671,0.1883561611175537,0.227273,1.19082,0.296089,0.724044,,,3.43908,0.937113,0.820579,677.9600219726562,,,,,,,410.6799774169922,5.892108972715664,394.49998474121094,5.659971334491717,,,,,,,,,,,,,,,,,,,"Cole Sands","21461",663485
"DL Hall","MIL",3,4,,4.13793,28,19,0,1,,78.3,345,70,39,36,9,37,0,5,84,9.65517,4.25287,2.27027,1.03448,0.243478,0.107246,0.13623187690973282,0.231023,1.36654,0.290476,0.720339,,,4.12433,0.935513,0.937471,725.72998046875,,,,,,,332.7200225830079,4.249297696234744,320.50001525878906,4.093231197538171,,,,,,,,,,,,,,,,,,,"DL Hall","22207",669084
"Keegan Akin","BAL",3,2,,3.47143,50,3,2,16,,70,285,61,29,27,9,18,1,1,81,10.4143,2.31429,4.5,1.15714,0.284211,0.0631579,0.2210526391863823,0.229323,1.12857,0.295455,0.753012,,,3.33791,0.9283,0.830806,690.469970703125,,,,,,,427.69999999999993,6.109999999999999,412,5.885714285714286,,,,,,,,,,,,,,,,,,,"Keegan Akin","19362",669211
"Sawyer Gipson-Long","DET",6,6,,4.17073,18,16,0,1,,82,348,79,41,38,11,24,0,4,73,8.0122,2.63415,3.04167,1.20732,0.20977,0.0689655,0.14080459624528885,0.246875,1.2561,0.288136,0.707763,,,4.15428,0.922079,0.884011,724.25,,,,,,,332.1,4.050000000000001,333,4.060975609756097,,,,,,,,,,,,,,,,,,,"Sawyer Gipson-Long","26048",687830
"Chayce McDermott","BAL",5,5,,4.28128,22,19,0,1,,96.7,422,86,50,46,12,48,0,4,102,9.49328,4.46743,2.125,1.11686,0.241706,0.113744,0.12796209007501602,0.232432,1.38573,0.289062,0.716724,,,4.28334,0.918027,0.792256,741.6199951171875,,,,,,,396.37997741699223,4.099069182278786,379.49998474121094,3.924508756130933,,,,,,,,,,,,,,,,,,,"Chayce McDermott","29866",694646
"Carlos Rodriguez","MIL",9,10,,4.58105,26,23,0,1,,127.7,553,119,70,65,18,51,0,9,115,8.10493,3.59436,2.2549,1.2686,0.207957,0.0922242,0.11573236435651779,0.241379,1.33125,0.280556,0.690608,,,4.60736,0.917357,0.961841,999,,,,,,,468.1799774169924,3.6662489319146143,458.49998474121094,3.5904463249677647,,,,,,,,,,,,,,,,,,,"Carlos Rodriguez","30161",692230
"Javier Assad","CHC",6,5,,4.1316,28,24,0,1,,130.7,565,125,65,60,16,52,0,6,106,7.29916,3.58072,2.03846,1.10176,0.187611,0.0920354,0.0955752283334732,0.246548,1.35425,0.283117,0.72445,,,4.46717,0.917139,1.44112,649.3900146484375,,,,,,,487.37997741699223,3.72899761895172,487.49998474121094,3.729915808140862,,,,,,,,,,,,,,,,,,,"Javier Assad","21741",665871
"Luke Weaver","NYY",4,4,,4.22892,41,9,6,13,,83,351,76,42,39,12,27,0,3,88,9.54217,2.92771,3.25926,1.3012,0.250712,0.0769231,0.17378916591405869,0.23676,1.24096,0.289593,0.707657,,,4.00985,0.915929,0.568689,374.45001220703125,,,,,,,437,5.265060240963855,427,5.144578313253012,,,,,,,,,,,,,,,,,,,"Luke Weaver","16918",596133
"Tommy Henry","ARI",7,7,,4.29914,25,23,0,1,,127.7,555,127,66,61,16,49,1,5,105,7.40016,3.45341,2.14286,1.12764,0.189189,0.0882883,0.10090091079473495,0.253493,1.37823,0.292105,0.716146,,,4.41942,0.914261,1.45887,999,,,,,,,469.9799774169924,3.6803444686649365,482.49998474121094,3.778386814972063,,,,,,,,,,,,,,,,,,,"Tommy Henry","26285",674072
"Allan Winans","NYY",5,6,,4.66667,23,16,0,0,,108,461,108,61,56,16,30,0,7,85,7.08333,2.5,2.83333,1.33333,0.184382,0.0650759,0.11930586397647858,0.254717,1.27778,0.28483,0.66609,,,4.54611,0.913419,0.464056,999,,,,,,,380.6000000000001,3.524074074074075,391,3.6203703703703702,,,,,,,,,,,,,,,,,,,"Allan Winans","21238",642216
"Austin Gomber","CHC",6,9,,5.08666,25,24,0,0,,132.7,572,146,81,75,23,37,1,2,96,6.51093,2.50942,2.59459,1.55991,0.167832,0.0646853,0.10314685106277466,0.273921,1.37905,0.297101,0.676393,,,4.8545,0.910941,1.13119,746.3800048828125,,,,,,,394.47997741699237,2.9727203201885066,439.49998474121094,3.3119818752718726,,,,,,,,,,,,,,,,,,,"Austin Gomber","16561",596295
"Félix Bautista","BAL",5,2,,2.50497,48,0,25,4,,50.3,198,34,15,14,5,18,1,1,72,12.8827,3.22068,4,0.894632,0.363636,0.0909091,0.27272728085517883,0.189944,1.0338,0.284314,0.822222,,,2.7291,0.907889,1.11016,64.93000030517578,,,,,,,450.319994354248,8.952683920171049,414.49999618530273,8.24055670919182,,,,,,,,,,,,,,,,,,,"Felix Bautista","20666",642585
"Andrew Heaney","LAD",6,10,,4.72918,27,24,0,1,,123.7,543,129,70,65,19,41,0,9,112,8.14875,2.98302,2.73171,1.38238,0.206262,0.0755064,0.13075506687164307,0.261663,1.37429,0.303867,0.69735,,,4.56502,0.903123,0.868939,451.3800048828125,,,,,,,424.2799774169922,3.4299109772372662,449.49998474121094,3.6337913971759273,,,,,,,,,,,,,,,,,,,"Andrew Heaney","15423",571760
"Gordon Graceffo","STL",7,8,,4.41673,25,24,0,1,,124.3,532,124,66,61,16,41,0,4,89,6.44409,2.96862,2.17073,1.15849,0.167293,0.0770677,0.09022556990385056,0.25462,1.32743,0.282723,0.69425,,,4.49391,0.902807,1.04381,999,,,,,,,447.6200225830079,3.6011264005892376,460.50001525878906,3.7047466126532553,,,,,,,,,,,,,,,,,,,"Gordon Graceffo","29519",700669
"Ben Lively","CLE",9,10,,4.20428,26,25,0,0,,126.3,543,127,64,59,17,43,0,6,98,6.98337,3.06413,2.27907,1.2114,0.180479,0.0791897,0.10128913819789886,0.257085,1.346,0.290237,0.725034,,,4.52832,0.902691,1.29094,514.0499877929688,,,,,,,444.320022583008,3.517973173768851,459.50001525878906,3.638163136627049,,,,,,,,,,,,,,,,,,,"Ben Lively","14932",594902
"Keaton Winn","SFG",5,5,,4.26778,17,14,0,1,,71.7,308,69,37,34,8,22,0,5,66,8.28452,2.76151,3,1.00418,0.214286,0.0714286,0.1428571417927742,0.245552,1.26918,0.294686,0.676692,,,3.90567,0.899466,0.667549,727.4099731445312,,,,,,,307.7799774169922,4.292607957001284,309.49998474121094,4.316596902572096,,,,,,,,,,,,,,,,,,,"Keaton Winn","23499",676775
"Noah Schultz","CHW",2,3,,4.72277,28,28,0,0,,101,437,97,57,53,14,35,0,13,90,8.0198,3.11881,2.57143,1.24752,0.20595,0.0800915,0.1258581280708313,0.249357,1.30693,0.291228,0.66726,,,4.61202,0.890162,0.543003,999,,,,,,,359.00000000000006,3.554455445544555,359,3.5544554455445545,,,,,,,,,,,,,,,,,,,"Noah Schultz","sa3020949",702273
"Travis Adams","MIN",6,8,,4.54206,24,21,0,0,,107,468,114,58,54,14,35,0,3,79,6.64486,2.94393,2.25714,1.17757,0.168803,0.0747863,0.09401709586381912,0.265116,1.39252,0.296736,0.703246,,,4.4562,0.889845,0.718375,999,,,,,,,367.20000000000016,3.431775700934581,397,3.710280373831776,,,,,,,,,,,,,,,,,,,"Travis Adams","30180",701519
"Cade Cavalli","WSN",4,4,,4.30986,16,16,0,1,,71,311,65,37,34,7,32,0,6,68,8.61972,4.05634,2.125,0.887324,0.21865,0.102894,0.11575563251972198,0.238095,1.3662,0.292929,0.688073,,,4.13831,0.889788,0.716261,679.1799926757812,,,,,,,296.29999999999995,4.173239436619718,290,4.084507042253521,,,,,,,,,,,,,,,,,,,"Cade Cavalli","27473",676917
"A.J. Puk","ARI",7,4,,3.0137,59,3,19,7,,65.7,275,53,24,22,7,23,2,4,84,11.5069,3.15069,3.65217,0.958904,0.305455,0.0836364,0.22181818634271622,0.21371,1.15677,0.292994,0.785498,,,3.22736,0.886738,1.2637,229.33999633789062,,,,,,,472.27997741699215,7.1884322580570235,447.49998474121094,6.81126340224562,,,,,,,,,,,,,,,,,,,"A.J. Puk","19343",640462
"Darren McCaughan",,4,6,,4.68908,25,21,0,0,,119,516,126,67,62,17,33,0,8,91,6.88235,2.4958,2.75758,1.28571,0.176357,0.0639535,0.11240309476852417,0.265263,1.33613,0.297003,0.680473,,,4.52782,0.885094,0.540527,999,,,,,,,402.89999999999986,3.385714285714285,433,3.638655462184874,,,,,,,,,,,,,,,,,,,"Darren McCaughan","20038",670766
"Yariel Rodríguez","TOR",4,5,,4.17894,32,20,0,7,,88.3,379,77,44,41,11,39,0,5,90,9.17327,3.97508,2.30769,1.12118,0.237467,0.102902,0.13456464558839798,0.229851,1.3137,0.282051,0.715706,,,4.24236,0.885065,0.887064,600.9400024414062,,,,,,,393.9200225830078,4.461155254458011,374.50001525878906,4.24122312928203,,,,,,,,,,,,,,,,,,,"Yariel Rodriguez","33838",684320
"Jakob Junis","CLE",3,3,,3.73494,26,9,0,11,,74.7,311,72,34,31,10,17,0,3,68,8.19277,2.04819,4,1.20482,0.21865,0.0546624,0.16398714110255241,0.247423,1.19143,0.29108,0.733333,,,3.88937,0.879818,0.969858,664.5499877929688,,,,,,,362.5799774169922,4.853815157023568,363.49998474121094,4.8661311859633845,,,,,,,,,,,,,,,,,,,"Jakob Junis","13619",596001
"José Urquidy","DET",5,6,,4.31438,19,16,0,0,,89.7,373,88,46,43,12,22,0,3,66,6.62207,2.20736,3,1.20401,0.176944,0.0589812,0.11796247214078903,0.252874,1.22631,0.281481,0.686695,,,4.27016,0.879522,0.837566,999,,,,,,,344.3799774169922,3.83924179635929,349.49998474121094,3.8963210326849396,,,,,,,,,,,,,,,,,,,"Jose Urquidy","18413",664353
"Drey Jameson","ARI",6,5,,3.87209,18,14,0,1,,86,369,83,40,37,10,29,0,5,75,7.84884,3.03488,2.58621,1.04651,0.203252,0.0785908,0.12466124445199966,0.247761,1.30233,0.292,0.734694,,,4.11997,0.879442,1.40657,747.8699951171875,,,,,,,349.59999999999997,4.065116279069767,352,4.093023255813954,,,,,,,,,,,,,,,,,,,"Drey Jameson","26260",686753
"Alex Pham","BAL",5,5,,4.27723,25,23,0,0,,101,438,99,52,48,13,41,0,1,87,7.75248,3.65347,2.12195,1.15842,0.19863,0.0936073,0.10502283275127411,0.25,1.38614,0.290541,0.722496,,,4.3645,0.878866,0.863914,999,,,,,,,378.10000000000014,3.743564356435645,384,3.801980198019802,,,,,,,,,,,,,,,,,,,"Alex Pham","sa3017550",702129
"Cristian Mena","ARI",5,4,,4.06504,22,22,0,1,,110.7,479,106,54,50,14,44,0,5,98,7.96748,3.57724,2.22727,1.13821,0.204593,0.091858,0.11273486167192459,0.246512,1.35501,0.289308,0.736196,,,4.36793,0.876011,1.6103,999,,,,,,,424.3799774169921,3.833604237725599,424.49998474121094,3.8346883147583646,,,,,,,,,,,,,,,,,,,"Cristian Mena","27974",691441
"Devin Williams","NYY",5,2,,2.65909,47,0,31,3,,44,176,28,14,13,3,19,1,2,61,12.4773,3.88636,3.21053,0.613636,0.346591,0.107955,0.23863635957241058,0.180645,1.06818,0.274725,0.771028,,,2.71193,0.873369,0.912871,40.70000076293945,,,,,,,441.90000000000003,10.04318181818182,407,9.25,,,,,,,,,,,,,,,,,,,"Devin Williams","15816",642207
"Bubba Chandler","PIT",7,10,,4.59435,26,23,0,0,,109.7,478,107,61,56,14,44,0,7,94,7.71194,3.60985,2.13636,1.14859,0.196653,0.0920502,0.10460251569747925,0.250585,1.37648,0.291536,0.684932,,,4.5065,0.869921,0.873428,317.3299865722656,,,,,,,396.3799774169923,3.613308919270155,401.49998474121094,3.6599817311813014,,,,,,,,,,,,,,,,,,,"Bubba Chandler","29868",696149
"Connor Thomas","MIL",6,5,,4.10334,39,11,0,0,,98.7,423,100,49,45,11,28,0,5,71,6.47416,2.55319,2.53571,1.00304,0.167849,0.0661939,0.10165484994649887,0.25641,1.29686,0.288961,0.701599,,,4.17965,0.869684,0.950701,750.489990234375,,,,,,,378.0799774169923,3.8305976606590537,393.49998474121094,3.9868287427360354,,,,,,,,,,,,,,,,,,,"Connor Thomas","25873",671162
"Colton Gordon","HOU",5,6,,4.35356,24,22,0,0,,113.7,491,110,59,55,16,40,0,7,99,7.83641,3.16623,2.475,1.26649,0.201629,0.0814664,0.12016293406486511,0.247748,1.31926,0.285714,0.713166,,,4.49454,0.865383,0.990157,999,,,,,,,415.5799774169923,3.6550570674700196,417.49998474121094,3.6719436758759345,,,,,,,,,,,,,,,,,,,"Colton Gordon","31312",676467
"Keider Montero","DET",7,8,,4.46512,28,26,0,1,,129,559,126,69,64,18,47,0,8,109,7.60465,3.27907,2.31915,1.25581,0.194991,0.0840787,0.11091233789920807,0.25,1.34109,0.286472,0.703654,,,4.56958,0.857987,0.940689,719.6599731445312,,,,,,,462.5999999999999,3.5860465116279063,468,3.627906976744186,,,,,,,,,,,,,,,,,,,"Keider Montero","22630",672456
"Carson Seymour","SFG",6,8,,4.37121,26,24,0,0,,115.3,508,121,61,56,13,40,0,7,86,6.71292,3.12229,2.15,1.01474,0.169291,0.0787402,0.09055117517709732,0.262473,1.39636,0.298343,0.70028,,,4.36336,0.857474,0.948035,999,,,,,,,409.7200225830079,3.5535126776977264,438.50001525878906,3.8031223213580296,,,,,,,,,,,,,,,,,,,"Carson Seymour","30084",693313
"Jordan Wicks","CHC",5,5,,4.12941,20,20,0,1,,85,364,82,42,39,11,28,0,3,73,7.72941,2.96471,2.60714,1.16471,0.200549,0.0769231,0.12362637370824814,0.246246,1.29412,0.285141,0.718816,,,4.2253,0.857328,0.993216,701.489990234375,,,,,,,337.50000000000006,3.970588235294118,339,3.988235294117647,,,,,,,,,,,,,,,,,,,"Jordan Wicks","30094",696136
"Jared Koenig","MIL",6,5,,3.90335,43,10,2,12,,80.7,344,73,38,35,9,30,2,4,77,8.58736,3.34573,2.56667,1.00372,0.223837,0.0872093,0.1366279125213623,0.235484,1.27633,0.285714,0.719027,,,3.97193,0.853411,0.94157,733.3800048828125,,,,,,,406.67997741699213,5.039405115192516,396.49998474121094,4.913258980610749,,,,,,,,,,,,,,,,,,,"Jared Koenig","27517",657649
"Tyler Phillips","MIA",6,9,,5.07143,24,23,0,4,,126,557,135,77,71,18,46,0,4,93,6.64286,3.28571,2.02174,1.28571,0.166966,0.0825853,0.0843806117773056,0.266272,1.43651,0.295455,0.667522,,,4.73791,0.852772,0.222741,750.7999877929688,,,,,,,412.0000000000001,3.2698412698412707,448,3.5555555555555554,,,,,,,,,,,,,,,,,,,"Tyler Phillips","20629",663969
"Evan Phillips","LAD",4,2,,3.11958,61,0,0,7,,57.7,230,44,22,20,5,18,2,2,64,9.98267,2.80763,3.55556,0.779896,0.278261,0.0782609,0.19999998807907104,0.209524,1.07452,0.276596,0.727273,,,3.11449,0.84828,0.81196,651.3900146484375,,,,,,,347.08000564575207,6.01525131813656,319.50000381469727,5.537261691336254,,,,,,,,,,,,,,,,,,,"Evan Phillips","17734",623465
"Jake Woodford",,5,7,,4.71429,27,21,0,0,,105,454,105,59,55,14,34,0,7,77,6.6,2.91429,2.26471,1.2,0.169604,0.0748899,0.09471365809440613,0.254237,1.32381,0.282609,0.670017,,,4.60458,0.848022,0.505635,999,,,,,,,362.79999999999995,3.4552380952380948,374,3.5619047619047617,,,,,,,,,,,,,,,,,,,"Jake Woodford","18674",663765
"Lance Lynn",,6,8,,4.45331,23,23,0,0,,125.3,546,126,67,62,19,46,1,6,115,8.26018,3.30407,2.5,1.36472,0.210623,0.0842491,0.12637362629175186,0.255061,1.37271,0.297222,0.722146,,,4.54717,0.847959,1.016,615.1799926757812,,,,,,,439.92002258300784,3.5109338536990267,453.50001525878906,3.6193136808740642,,,,,,,,,,,,,,,,,,,"Lance Lynn","2520",458681
"Connor Noland","CHC",7,7,,4.44926,24,23,0,0,,115.3,494,123,62,57,16,30,0,1,76,5.93235,2.34172,2.53333,1.24892,0.153846,0.0607287,0.09311741590499878,0.265659,1.32697,0.28841,0.696784,,,4.45876,0.847642,0.817589,999,,,,,,,395.62002258300794,3.4312230018364818,427.50001525878906,3.707719028132945,,,,,,,,,,,,,,,,,,,"Connor Noland","sa3020834",690939
"Tomoyuki Sugano","BAL",7,8,,4.5,18,18,0,0,,110,467,123,59,55,17,21,0,2,73,5.97273,1.71818,3.47619,1.39091,0.156317,0.0449679,0.11134904250502586,0.277027,1.30909,0.299435,0.707155,,,4.47557,0.843172,0.721423,322.70001220703125,,,,,,,362.09999999999997,3.2918181818181815,406,3.690909090909091,,,,,,,,,,,,,,,,,,,"Tomoyuki Sugano","35321",608372
"George Klassen","LAA",5,7,,4.6875,25,25,0,0,,96,422,92,54,50,13,45,0,3,89,8.34375,4.21875,1.97778,1.21875,0.2109,0.106635,0.10426539927721024,0.245989,1.42708,0.290441,0.698653,,,4.57273,0.842071,0.599591,999,,,,,,,345.3000000000001,3.596875000000001,345,3.59375,,,,,,,,,,,,,,,,,,,"George Klassen","sa3023440",691946
"Humberto Castellanos",,5,4,,4.02128,23,17,0,0,,94,400,92,45,42,12,28,0,5,78,7.46809,2.68085,2.78571,1.14894,0.195,0.07,0.1249999925494194,0.250681,1.2766,0.288809,0.726744,,,4.21967,0.840723,1.39293,999,,,,,,,365.8,3.891489361702128,371,3.9468085106382977,,,,,,,,,,,,,,,,,,,"Humberto Castellanos","21183",528748
"Domingo Germán",,4,6,,4.53527,19,16,0,0,,89.3,381,87,49,45,12,31,0,4,77,7.76036,3.1243,2.48387,1.20941,0.2021,0.0813648,0.12073490768671036,0.251445,1.32139,0.291829,0.681818,,,4.36469,0.84023,0.766069,999,,,,,,,336.0200225830078,3.762822072785959,339.50001525878906,3.8017917542736996,,,,,,,,,,,,,,,,,,,"Domingo German","17149",593334
"Clayton Beeter","WSN",4,4,,4.40402,21,17,0,1,,79.7,343,69,42,39,11,37,0,4,84,9.48557,4.17817,2.27027,1.24216,0.244898,0.107872,0.13702624291181564,0.228477,1.32999,0.280193,0.706402,,,4.39609,0.832456,0.670937,999,,,,,,,324.07997741699216,4.066248303967343,304.49998474121094,3.8205771192056086,,,,,,,,,,,,,,,,,,,"Clayton Beeter","27494",690925
"Caleb Ferguson","SEA",3,3,,3.29068,61,2,1,12,,54.7,239,48,22,20,3,21,0,5,59,9.7075,3.45521,2.80952,0.493601,0.246862,0.0878661,0.15899581462144852,0.225352,1.26143,0.298013,0.725309,,,3.1482,0.831142,0.827548,999,,,,,,,336.080005645752,6.144058518431579,327.50000381469727,5.987202911276489,,,,,,,,,,,,,,,,,,,"Caleb Ferguson","19349",657571
"Joander Suarez","NYM",7,8,,4.5,22,20,0,0,,104,456,105,56,52,14,37,0,5,86,7.44231,3.20192,2.32432,1.21154,0.188596,0.0811404,0.10745613276958466,0.253623,1.36538,0.289809,0.702614,,,4.47417,0.826366,0.659366,999,,,,,,,370.4000000000001,3.561538461538462,384,3.6923076923076925,,,,,,,,,,,,,,,,,,,"Joander Suarez","sa3008263",680933
"Sean Hjelle","SFG",5,5,,4.16129,43,9,0,4,,93,406,94,46,43,9,28,2,8,79,7.64516,2.70968,2.82143,0.870968,0.194581,0.0689655,0.12561576813459396,0.254054,1.31183,0.301418,0.694698,,,3.88691,0.825438,0.710828,749.3499755859375,,,,,,,399.1,4.291397849462366,414,4.451612903225806,,,,,,,,,,,,,,,,,,,"Sean Hjelle","21481",663546
"Tanner Tully",,4,5,,4.64516,21,18,0,0,,93,403,102,52,48,12,24,0,3,54,5.22581,2.32258,2.25,1.16129,0.133995,0.0595534,0.07444168999791145,0.271277,1.35484,0.290323,0.677656,,,4.55358,0.82355,0.495582,999,,,,,,,302.40000000000003,3.2516129032258068,336,3.6129032258064515,,,,,,,,,,,,,,,,,,,"Tanner Tully","19518",668684
"Lucas Braun","ATL",6,6,,4.5,23,22,0,0,,122,532,126,66,61,18,41,0,4,102,7.52459,3.02459,2.4878,1.32787,0.191729,0.0770677,0.11466165632009506,0.258727,1.36885,0.294278,0.712271,,,4.51894,0.823533,1.08123,999,,,,,,,422.8000000000002,3.4655737704918046,445,3.6475409836065573,,,,,,,,,,,,,,,,,,,"Lucas Braun","sa3022996",814351
"Aroldis Chapman","BOS",5,3,,3.15789,56,0,19,8,,51.3,220,36,19,18,4,30,1,2,79,13.8596,5.26316,2.63333,0.701754,0.359091,0.136364,0.22272725403308868,0.191489,1.28655,0.304762,0.778146,,,2.97155,0.82232,0.887538,257.5400085449219,,,,,,,425.819994354248,8.300584808715238,393.49999618530273,7.670565341861202,,,,,,,,,,,,,,,,,,,"Aroldis Chapman","10233",547973
"Logan Henderson","MIL",6,6,,4.43299,22,22,0,0,,87.3,367,80,46,43,15,28,0,3,89,9.17526,2.8866,3.17857,1.54639,0.242507,0.0762943,0.1662125363945961,0.238095,1.23711,0.280172,0.712644,,,4.4265,0.821947,0.864336,600.6900024414062,,,,,,,338.52002258300786,3.877663353371345,326.50001525878906,3.739977134539343,,,,,,,,,,,,,,,,,,,"Logan Henderson","31475",701656
"Emmet Sheehan","LAD",4,3,,4.3607,19,15,0,0,,74.3,315,63,39,36,10,32,0,4,78,9.44818,3.87618,2.4375,1.21131,0.247619,0.101587,0.14603174477815628,0.225806,1.2786,0.277487,0.691358,,,4.27011,0.820722,0.627936,749.719970703125,,,,,,,311.0200225830078,4.186002823800013,289.50001525878906,3.896366128775549,,,,,,,,,,,,,,,,,,,"Emmet Sheehan","29839",686218
"Cameron Weston","BAL",7,8,,4.18605,24,15,0,0,,90.3,387,88,45,42,11,28,0,7,75,7.47508,2.7907,2.67857,1.09635,0.193798,0.0723514,0.12144703418016434,0.25,1.28461,0.289474,0.705765,,,4.25175,0.820295,0.847049,999,,,,,,,349.1200225830077,3.866223818208516,353.50001525878906,3.9147287188481186,,,,,,,,,,,,,,,,,,,"Cameron Weston","sa3020528",687721
"Sam Hentges","CLE",3,1,,2.89738,52,1,0,0,,49.7,207,42,17,16,3,16,0,2,52,9.4165,2.89738,3.25,0.54326,0.251208,0.0772947,0.17391305416822433,0.222222,1.167,0.291045,0.762082,,,2.94515,0.819514,0.927208,999,,,,,,,271.68000564575203,5.466398420024568,259.50000381469727,5.221327964409259,,,,,,,,,,,,,,,,,,,"Sam Hentges","18548",656529
"Jaime Barria",,6,5,,4.08687,29,15,0,0,,101.3,430,103,50,46,14,28,1,2,78,6.92991,2.48766,2.78571,1.24383,0.181395,0.0651163,0.11627907305955887,0.2575,1.29319,0.288961,0.727109,,,4.31159,0.817635,1.02238,999,,,,,,,375.62002258300794,3.707996162557766,390.50001525878906,3.854886510312034,,,,,,,,,,,,,,,,,,,"Jaime Barria","18356",642545
"Bruce Zimmermann","MIL",4,5,,4.41472,22,17,0,0,,89.7,386,92,48,44,14,26,0,3,79,7.92642,2.6087,3.03846,1.40468,0.204663,0.0673575,0.13730570673942566,0.257703,1.3155,0.295455,0.711382,,,4.40394,0.817352,0.764279,999,,,,,,,323.3799774169923,3.6051280760197333,337.49998474121094,3.762541763919478,,,,,,,,,,,,,,,,,,,"Bruce Zimmermann","20370",669145
"Bowden Francis","TOR",7,7,,4.06731,30,16,0,1,,104,432,93,51,47,16,30,0,8,97,8.39423,2.59615,3.23333,1.38462,0.224537,0.0694444,0.15509258210659027,0.236041,1.18269,0.274021,0.715706,,,4.39725,0.817254,1.08764,257.2300109863281,,,,,,,414.99999999999994,3.990384615384615,396,3.8076923076923075,,,,,,,,,,,,,,,,,,,"Bowden Francis","20548",670102
"Sean Boyle","NYY",5,5,,4.26316,20,13,0,0,,76,324,73,39,36,10,20,0,8,63,7.46053,2.36842,3.15,1.18421,0.194444,0.0617284,0.13271605223417282,0.246622,1.22368,0.282511,0.683544,,,4.32437,0.814183,0.707268,999,,,,,,,291.59999999999997,3.8368421052631576,292,3.8421052631578947,,,,,,,,,,,,,,,,,,,"Sean Boyle","sa3007618",682044
"Tink Hence","STL",5,5,,4.35789,25,25,0,0,,95,408,93,50,46,13,33,0,2,79,7.48421,3.12632,2.39394,1.23158,0.193627,0.0808824,0.11274509131908417,0.24933,1.32632,0.284698,0.705009,,,4.38753,0.809363,0.849418,999,,,,,,,354.3,3.7294736842105265,359,3.778947368421053,,,,,,,,,,,,,,,,,,,"Tink Hence","sa3014709",693311
"Jonah Tong","NYM",5,5,,4.42478,25,23,0,0,,101.7,448,96,54,50,14,48,0,1,98,8.67257,4.24779,2.04167,1.23894,0.21875,0.107143,0.1116071417927742,0.240602,1.41593,0.285714,0.723473,,,4.47425,0.809254,0.724043,999,,,,,,,379.7799774169922,3.734316507504639,375.49998474121094,3.692232015821129,,,,,,,,,,,,,,,,,,,"Jonah Tong","32157",804636
"Joe Jiménez","ATL",3,2,,3.28358,62,0,0,1,,60.3,247,48,24,22,6,19,0,3,74,11.0448,2.83582,3.89474,0.895522,0.299595,0.0769231,0.22267206758260727,0.213333,1.11111,0.289655,0.733788,,,3.10014,0.806912,0.816354,750.7999877929688,,,,,,,333.619994354248,5.532669959790053,309.49999618530273,5.132669985094846,,,,,,,,,,,,,,,,,,,"Joe Jimenez","15761",641729
"Tanner Gordon","COL",6,8,,5.0152,21,21,0,1,,98.7,432,113,59,55,16,25,0,2,67,6.10942,2.27964,2.68,1.45897,0.155093,0.0578704,0.0972222276031971,0.279012,1.39818,0.301242,0.683391,,,4.7369,0.806014,0.959195,999,,,,,,,296.77997741699227,3.0068894285034506,342.49998474121094,3.4701114015314136,,,,,,,,,,,,,,,,,,,"Tanner Gordon","27669",685299
"Luis L. Ortiz","CLE",7,7,,4.15274,32,18,0,1,,125.7,537,117,63,58,17,48,1,6,109,7.8043,3.43675,2.27083,1.21718,0.20298,0.0893855,0.11359404772520065,0.242236,1.31265,0.280112,0.72238,,,4.47913,0.805419,1.1974,395.9599914550781,,,,,,,476.8799774169922,3.793794661851509,467.49998474121094,3.7191726021577165,,,,,,,,,,,,,,,,,,,"Luis L. Ortiz","27646",682847
"Brandon Young","BAL",5,5,,4.30435,24,21,0,0,,92,397,92,48,44,13,30,0,4,81,7.92391,2.93478,2.7,1.27174,0.20403,0.0755668,0.128463476896286,0.253444,1.32609,0.29368,0.712909,,,4.35126,0.8043,0.710967,740.260009765625,,,,,,,341.7000000000001,3.71413043478261,351,3.8152173913043477,,,,,,,,,,,,,,,,,,,"Brandon Young","27819",687064
"Adrian Houser","TBR",5,5,,4.65046,25,16,0,1,,98.7,426,97,55,51,11,38,0,4,69,6.29179,3.46505,1.81579,1.00304,0.161972,0.0892019,0.07276996225118637,0.252604,1.36778,0.282895,0.668896,,,4.49373,0.801747,0.473619,745.6300048828125,,,,,,,358.8799774169923,3.636068779264373,366.49998474121094,3.713272503274765,,,,,,,,,,,,,,,,,,,"Adrian Houser","12718",605288
"Troy Melton","DET",5,8,,4.53305,23,23,0,0,,95.3,414,98,52,48,13,30,0,3,74,6.98846,2.83316,2.46667,1.2277,0.178744,0.0724638,0.10628019273281097,0.257218,1.34313,0.289116,0.692168,,,4.42566,0.800626,0.604494,999,,,,,,,339.5200225830078,3.5626444040994745,356.50001525878906,3.7408185083181213,,,,,,,,,,,,,,,,,,,"Troy Melton","31807",675512
"Chase Petty","CIN",5,8,,5.12992,27,27,0,0,,119.3,525,126,74,68,18,46,0,5,87,6.56329,3.47024,1.8913,1.35792,0.165714,0.0876191,0.07809522747993469,0.265823,1.44174,0.292683,0.667575,,,4.95189,0.800387,0.510598,999,,,,,,,354.8200225830078,2.9741828458216437,383.50001525878906,3.2145851253030493,,,,,,,,,,,,,,,,,,,"Chase Petty","30170",695534
"Hunter Dobbins","BOS",5,7,,4.76821,22,22,0,0,,105.7,462,112,61,56,14,35,0,6,77,6.55629,2.98013,2.2,1.19205,0.166667,0.0757576,0.09090909361839294,0.266033,1.39073,0.29697,0.675039,,,4.59505,0.795751,0.733945,999,,,,,,,349.77997741699215,3.3091767976896715,377.49998474121094,3.571428530183026,,,,,,,,,,,,,,,,,,,"Hunter Dobbins","30240",690928
"Brusdar Graterol","LAD",4,1,,3.22642,52,1,0,1,,53,214,46,21,19,3,12,1,3,42,7.13208,2.03774,3.5,0.509434,0.196262,0.0560748,0.14018692448735237,0.231156,1.09434,0.279221,0.687732,,,3.16648,0.795199,0.709096,999,,,,,,,278.70000000000005,5.258490566037737,269,5.0754716981132075,,,,,,,,,,,,,,,,,,,"Brusdar Graterol","20367",660813
"Jeremiah Estrada","SDP",5,2,,3.2459,60,0,4,13,,61,251,45,24,22,7,25,1,1,84,12.3934,3.68852,3.36,1.03279,0.334661,0.0996016,0.23505976796150208,0.2,1.14754,0.283582,0.76412,,,3.18287,0.794668,0.725701,417.7699890136719,,,,,,,410.30000000000007,6.726229508196722,376,6.163934426229508,,,,,,,,,,,,,,,,,,,"Jeremiah Estrada","22210",669093
"Bryan Abreu","HOU",4,1,,3,71,0,2,15,,72,299,53,26,24,7,31,0,5,93,11.625,3.875,3,0.875,0.311037,0.103679,0.20735786855220795,0.201521,1.16667,0.282209,0.781671,,,3.34704,0.793091,1.12389,442.7799987792969,,,,,,,456.90000000000003,6.345833333333334,417,5.791666666666667,,,,,,,,,,,,,,,,,,,"Bryan Abreu","16609",650556
"Carson Ragsdale","BAL",5,6,,4.39471,23,23,0,0,,98.3,434,96,52,48,13,41,0,6,98,8.97253,3.75381,2.39024,1.19023,0.225806,0.09447,0.13133639842271805,0.248062,1.39369,0.300725,0.715488,,,4.32619,0.788881,0.824776,999,,,,,,,372.92002258300784,3.7936928891716777,377.50001525878906,3.840284878323191,,,,,,,,,,,,,,,,,,,"Carson Ragsdale","27508",685068
"Anthony Molina","COL",2,3,,4.82759,29,10,0,1,,78.3,345,86,45,42,9,24,0,2,53,6.09195,2.75862,2.20833,1.03448,0.153623,0.0695652,0.08405797928571701,0.269592,1.40485,0.299611,0.667351,,,4.30313,0.788651,0.707006,999,,,,,,,277.1200225830079,3.5392083241660437,306.50001525878906,3.914431715362599,,,,,,,,,,,,,,,,,,,"Anthony Molina","26952",683627
"Brent Headrick","NYY",4,4,,4.43836,21,12,0,1,,73,312,68,39,36,11,26,0,3,74,9.12329,3.20548,2.84615,1.35616,0.237179,0.0833333,0.1538461521267891,0.240283,1.28767,0.287879,0.699746,,,4.28977,0.785726,0.497921,999,,,,,,,293.1,4.015068493150685,287,3.9315068493150687,,,,,,,,,,,,,,,,,,,"Brent Headrick","27702",687396
"AJ Blubaugh","HOU",7,7,,4.41818,25,20,0,0,,110,481,107,58,54,15,44,1,5,97,7.93636,3.6,2.20455,1.22727,0.201663,0.0914761,0.1101871058344841,0.247685,1.37273,0.2875,0.715385,,,4.51193,0.782302,0.830421,999,,,,,,,398.3,3.620909090909091,402,3.6545454545454548,,,,,,,,,,,,,,,,,,,"AJ Blubaugh","31764",805123
"Raisel Iglesias","ATL",6,2,,2.82723,58,0,33,1,,57.3,226,47,19,18,6,13,2,2,64,10.0524,2.04188,4.92308,0.942408,0.283186,0.0575221,0.2256637141108513,0.222749,1.04712,0.29078,0.794574,,,3.07922,0.781107,1.17155,52.099998474121094,,,,,,,480.019994354248,8.3773124039377,460.49999618530273,8.036649255092138,,,,,,,,,,,,,,,,,,,"Raisel Iglesias","17130",628452
"Reid VanScoter","SEA",6,6,,4.31085,22,22,0,0,,102.3,440,106,53,49,13,28,0,5,72,6.33431,2.46334,2.57143,1.14369,0.163636,0.0636364,0.09999999403953552,0.260442,1.30987,0.28882,0.699482,,,4.3786,0.780998,0.646247,999,,,,,,,366.52002258300786,3.5827958127974853,387.50001525878906,3.787878824038126,,,,,,,,,,,,,,,,,,,"Reid VanScoter","sa3020839",804577
"Zack Thompson","STL",5,6,,4.25806,26,18,0,1,,93,410,86,48,44,11,44,0,5,91,8.80645,4.25806,2.06818,1.06452,0.221951,0.107317,0.11463414132595062,0.238227,1.39785,0.289575,0.715532,,,4.32777,0.779424,0.852838,999,,,,,,,368.30000000000007,3.9602150537634415,361,3.881720430107527,,,,,,,,,,,,,,,,,,,"Zack Thompson","25918",668868
"Dylan Lee","ATL",4,2,,3.10345,51,0,0,13,,58,235,49,22,20,7,15,2,0,70,10.8621,2.32759,4.66667,1.08621,0.297872,0.0638298,0.23404254764318466,0.222727,1.10345,0.293706,0.774908,,,3.09751,0.778693,0.898726,737.219970703125,,,,,,,362.70000000000005,6.25344827586207,346,5.9655172413793105,,,,,,,,,,,,,,,,,,,"Dylan Lee","19996",669276
"Tucker Davidson","MIL",7,7,,4.32,28,14,0,0,,100,436,103,52,48,12,36,1,3,79,7.11,3.24,2.19444,1.08,0.181193,0.0825688,0.0986238569021225,0.259446,1.39,0.297386,0.711948,,,4.31648,0.774681,0.651572,999,,,,,,,365.59999999999997,3.6559999999999997,385,3.85,,,,,,,,,,,,,,,,,,,"Tucker Davidson","19871",656353
"Lael Lockhart","DET",6,7,,4.35341,25,19,0,0,,101.3,443,97,53,49,13,43,0,5,92,8.17374,3.82034,2.13953,1.15499,0.207675,0.0970655,0.11060948669910431,0.24557,1.38203,0.289655,0.714286,,,4.43992,0.774413,0.813688,999,,,,,,,377.5200225830079,3.726752331785413,377.50001525878906,3.7265548261228654,,,,,,,,,,,,,,,,,,,"Lael Lockhart","sa3017502",679712
"Austin Peterson","CLE",7,9,,4.47552,24,24,0,0,,128.7,549,138,69,64,21,28,0,5,91,6.36364,1.95804,3.25,1.46853,0.165756,0.0510018,0.1147540919482708,0.267442,1.28982,0.289604,0.710102,,,4.64278,0.769638,0.940206,999,,,,,,,418.27997741699227,3.2500387516342144,453.49998474121094,3.523698488692194,,,,,,,,,,,,,,,,,,,"Austin Peterson","sa3020868",804926
"Michael Grove","LAD",4,3,,4.27935,33,9,0,0,,67.3,289,63,35,32,9,23,0,3,70,9.36107,3.07578,3.04348,1.20357,0.242215,0.0795848,0.16262975335121155,0.239544,1.27786,0.293478,0.694823,,,3.98372,0.760984,0.40127,999,,,,,,,285.52002258300786,4.242496428468592,281.50001525878906,4.182763781485988,,,,,,,,,,,,,,,,,,,"Michael Grove","23221",675627
"Zach Messinger","NYY",6,7,,4.77876,25,22,0,0,,124.3,548,123,71,66,18,49,0,8,100,7.24055,3.54787,2.04082,1.3033,0.182482,0.0894161,0.09306569397449493,0.250509,1.38375,0.281501,0.688011,,,4.81572,0.75996,0.524884,999,,,,,,,407.6200225830078,3.2793243167763815,416.50001525878906,3.350764320459114,,,,,,,,,,,,,,,,,,,"Zach Messinger","sa3018093",684725
"Mason Black","SFG",7,8,,4.48776,26,26,0,1,,110.3,484,110,59,55,14,41,0,8,95,7.75159,3.34542,2.31707,1.14234,0.196281,0.0847107,0.11157023906707764,0.252874,1.36899,0.294479,0.700152,,,4.42668,0.757664,0.858804,749.2000122070312,,,,,,,405.02002258300786,3.6719855972529203,416.50001525878906,3.77606531038216,,,,,,,,,,,,,,,,,,,"Mason Black","30171",696131
"Caleb Kilian","CHC",3,4,,4.4836,20,15,0,1,,82.3,360,83,44,41,9,30,1,4,65,7.10814,3.28068,2.16667,0.984204,0.180556,0.0833333,0.0972222164273262,0.254601,1.37303,0.293651,0.687251,,,4.24789,0.757198,0.564067,750.1799926757812,,,,,,,314.5200225830078,3.8216283222396563,326.50001525878906,3.967193233923161,,,,,,,,,,,,,,,,,,,"Caleb Kilian","26213",668873
"Jack Perkins","ATH",3,3,,4.2,19,15,0,0,,75,323,70,38,35,8,29,0,5,67,8.04,3.48,2.31034,0.96,0.20743,0.0897833,0.11764706671237946,0.242215,1.32,0.28972,0.694761,,,4.12648,0.756311,0.626157,999,,,,,,,306.6,4.088,303,4.04,,,,,,,,,,,,,,,,,,,"Jack Perkins","31468",678022
"Chase Hampton","NYY",3,3,,4.56747,18,18,0,0,,86.7,369,83,48,44,14,30,0,2,77,7.99308,3.11419,2.56667,1.45329,0.208672,0.0813008,0.12737128138542175,0.246291,1.30334,0.280488,0.695931,,,4.5967,0.755736,0.538439,999,,,,,,,311.5799774169922,3.593771492321943,309.49998474121094,3.569780803175518,,,,,,,,,,,,,,,,,,,"Chase Hampton","sa3020682",694633
"Chase Silseth","LAA",3,4,,4.45667,18,16,0,4,,72.7,314,68,39,36,10,31,0,3,71,8.78955,3.83769,2.29032,1.23796,0.226115,0.0987261,0.12738852947950363,0.242857,1.36176,0.291457,0.705882,,,4.40444,0.754158,0.624259,742.2000122070312,,,,,,,294.17997741699224,4.0464922938914265,289.49998474121094,3.982118251632344,,,,,,,,,,,,,,,,,,,"Chase Silseth","30074",681217
"Jordan Hicks","BOS",5,5,,4.10392,33,15,0,1,,94.3,414,87,46,43,9,44,0,7,88,8.39873,4.19936,2,0.858961,0.21256,0.10628,0.10628019273281097,0.239669,1.38918,0.293233,0.717905,,,4.1633,0.751508,1.01165,465.57000732421875,,,,,,,387.9200225830078,4.113679851845738,381.50001525878906,4.045599182530224,,,,,,,,,,,,,,,,,,,"Jordan Hicks","19618",663855
"Bradley Blalock","COL",4,7,,4.84615,24,22,0,1,,104,462,112,61,56,15,41,0,3,78,6.75,3.54808,1.90244,1.29808,0.168831,0.0887446,0.08008658140897751,0.267943,1.47115,0.298462,0.69697,,,4.81071,0.748859,1.09629,999,,,,,,,321.90000000000003,3.095192307692308,353,3.394230769230769,,,,,,,,,,,,,,,,,,,"Bradley Blalock","26419",687134
"Brandon Williamson","CIN",4,6,,4.92401,21,21,0,0,,98.7,436,99,58,54,15,43,0,6,87,7.93313,3.92097,2.02326,1.36778,0.199541,0.0986239,0.10091742873191833,0.255814,1.4387,0.294737,0.694215,,,4.86861,0.748045,0.720324,999,,,,,,,315.47997741699226,3.1963524536118118,325.49998474121094,3.2978722877965394,,,,,,,,,,,,,,,,,,,"Brandon Williamson","25463",682227
"Kenta Maeda","NYY",4,7,,4.77339,25,18,0,5,,103.7,442,104,59,55,17,31,0,3,94,8.15815,2.69045,3.03226,1.47541,0.21267,0.0701357,0.14253393560647964,0.254902,1.30183,0.292929,0.683453,,,4.46831,0.746623,0.340594,597.27001953125,,,,,,,393.87997741699223,3.798264117727815,403.49998474121094,3.8910317899295817,,,,,,,,,,,,,,,,,,,"Kenta Maeda","18498",628317
"Kolby Allard","CLE",5,5,,4.29799,26,18,0,1,,104.7,451,106,54,50,16,34,0,2,90,7.73639,2.92264,2.64706,1.37536,0.199557,0.075388,0.1241685152053833,0.255422,1.33715,0.291262,0.731293,,,4.46543,0.742695,0.894894,999,,,,,,,378.3799774169921,3.6139444932748375,391.49998474121094,3.7392549775789066,,,,,,,,,,,,,,,,,,,"Kolby Allard","18694",663465
"Ian Seymour","TBR",5,6,,4.44744,23,23,0,0,,111.3,482,107,59,55,15,40,0,10,98,7.92453,3.2345,2.45,1.21294,0.20332,0.0829876,0.12033195048570633,0.247685,1.32075,0.288401,0.698413,,,4.5052,0.737333,0.709954,739.4400024414062,,,,,,,406.9200225830079,3.6560647926826917,407.50001525878906,3.661275867793907,,,,,,,,,,,,,,,,,,,"Ian Seymour","27932",693855
"J.P. France","HOU",5,6,,4.24974,21,16,0,1,,95.3,419,94,49,45,13,41,0,2,88,8.3106,3.87198,2.14634,1.2277,0.210024,0.097852,0.11217183619737625,0.25,1.41658,0.294545,0.736301,,,4.44665,0.736872,0.837232,999,,,,,,,351.92002258300784,3.6927598249066023,358.50001525878906,3.7618048665128194,,,,,,,,,,,,,,,,,,,"J.P. France","21212",641585
"Cristian Javier","HOU",6,6,,4.09821,23,19,0,1,,112,472,98,55,51,17,47,0,5,110,8.83929,3.77679,2.34043,1.36607,0.233051,0.0995763,0.13347458094358444,0.233333,1.29464,0.276451,0.742574,,,4.56827,0.735946,1.27362,727.489990234375,,,,,,,432.90000000000015,3.8651785714285727,407,3.6339285714285716,,,,,,,,,,,,,,,,,,,"Cristian Javier","17606",664299
"Brett Kerry","LAA",4,6,,4.84561,25,20,0,0,,126.3,543,133,74,68,21,38,0,4,96,6.84086,2.70784,2.52632,1.49644,0.176796,0.0699816,0.10681400448083878,0.265469,1.35392,0.291667,0.685028,,,4.80543,0.735146,0.44835,999,,,,,,,396.52002258300803,3.139509208250089,424.50001525878906,3.361045170243018,,,,,,,,,,,,,,,,,,,"Brett Kerry","sa3017390",695049
"Chase Dollander","COL",4,6,,5.01393,22,22,0,0,,107.7,475,104,65,60,17,44,0,12,103,8.60724,3.67688,2.34091,1.42061,0.216842,0.0926316,0.12421052157878876,0.24821,1.37419,0.29097,0.668277,,,4.86564,0.734363,0.991799,999,,,,,,,355.47997741699226,3.3006498374166777,355.49998474121094,3.300835606449042,,,,,,,,,,,,,,,,,,,"Chase Dollander","33482",801403
"Jason Foley","DET",4,3,,3.35494,66,0,5,0,,61.7,258,58,25,23,4,16,1,2,50,7.29335,2.33387,3.125,0.583468,0.193798,0.0620155,0.13178294897079468,0.241667,1.19935,0.290323,0.716374,,,3.26372,0.732399,0.680664,301.42999267578125,,,,,,,327.58000564575195,5.309238275447725,327.50000381469727,5.307941649352661,,,,,,,,,,,,,,,,,,,"Jason Foley","19531",671345
"Jhony Brito","SDP",6,5,,4.19318,28,13,0,1,,88,374,88,44,41,11,25,0,3,64,6.54545,2.55682,2.56,1.125,0.171123,0.0668449,0.1042780801653862,0.254335,1.28409,0.284133,0.706967,,,4.29148,0.730055,0.752941,999,,,,,,,335.1000000000001,3.8079545454545465,345,3.9204545454545454,,,,,,,,,,,,,,,,,,,"Jhony Brito","25386",666745
"Packy Naughton","STL",2,2,,3.62416,20,8,0,0,,44.7,191,44,19,18,4,13,0,1,39,7.85235,2.61745,3,0.805369,0.204188,0.0680628,0.13612565398216248,0.248588,1.27517,0.298507,0.7393,,,3.52442,0.727294,0.771892,999,,,,,,,203.18000564575195,4.54541391896815,207.50000381469727,4.642058171657449,,,,,,,,,,,,,,,,,,,"Packy Naughton","23292",676050
"Dylan Dodd","ATL",5,6,,4.53049,23,19,0,1,,103.3,448,111,56,52,15,30,0,3,80,6.96999,2.61375,2.66667,1.30687,0.178571,0.0669643,0.1116071492433548,0.26747,1.36496,0.3,0.708333,,,4.46367,0.726493,0.870658,999,,,,,,,356.3200225830078,3.4493708814749593,386.50001525878906,3.7415295628320133,,,,,,,,,,,,,,,,,,,"Dylan Dodd","29928",689266
"Yoendrys Gómez","CHW",3,4,,4.40636,26,21,0,4,,81.7,352,73,43,40,11,35,0,6,77,8.48225,3.85557,2.2,1.21175,0.21875,0.0994318,0.11931817978620529,0.234727,1.32191,0.278027,0.701944,,,4.53735,0.725909,0.692288,999,,,,,,,326.4799774169921,3.9960831041869023,312.49998474121094,3.824969356353624,,,,,,,,,,,,,,,,,,,"Yoendrys Gomez","22872",672782
"Jhonathan Díaz","SEA",6,6,,4.32692,26,18,0,0,,104,459,101,54,50,11,40,0,12,87,7.52885,3.46154,2.175,0.951923,0.189542,0.087146,0.10239651799201965,0.248157,1.35577,0.291262,0.692675,,,4.3684,0.719682,0.557336,999,,,,,,,389.69999999999993,3.747115384615384,395,3.798076923076923,,,,,,,,,,,,,,,,,,,"Jhonathan Diaz","20298",646242
"Collin Wiles",,5,7,,4.68039,19,16,0,0,,92.3,394,98,52,48,14,21,0,4,63,6.14301,2.04767,3,1.36511,0.159898,0.0532995,0.10659898072481155,0.265583,1.28927,0.287671,0.674044,,,4.58576,0.718032,0.449973,999,,,,,,,307.0200225830078,3.326327328622561,330.50001525878906,3.5807151065147753,,,,,,,,,,,,,,,,,,,"Collin Wiles","15106",621079
"Andrew Painter","PHI",3,5,,4.7093,21,21,0,0,,86,373,79,49,45,14,37,0,4,91,9.52326,3.87209,2.45946,1.46512,0.243968,0.0991957,0.14477211982011795,0.237952,1.34884,0.286344,0.695021,,,4.59671,0.717983,0.495224,999,,,,,,,317.80000000000007,3.6953488372093033,307,3.5697674418604652,,,,,,,,,,,,,,,,,,,"Andrew Painter","sa3017880",691725
"Tony Gonsolin","LAD",5,4,,4.37424,17,17,0,1,,82.3,335,73,43,40,12,27,1,3,67,7.32685,2.95261,2.48148,1.31227,0.2,0.080597,0.11940298974514008,0.239344,1.21507,0.269911,0.685096,,,4.52735,0.716941,0.758356,483.1099853515625,,,,,,,319.6200225830078,3.883596728204267,303.50001525878906,3.687727873690604,,,,,,,,,,,,,,,,,,,"Tony Gonsolin","19388",664062
"Beau Brieske","DET",4,5,,4.12048,45,12,10,10,,83,349,75,41,38,10,30,1,3,76,8.24096,3.25301,2.53333,1.08434,0.217765,0.0859599,0.1318051591515541,0.237342,1.26506,0.282609,0.703297,,,4.09419,0.716224,0.672442,451.94000244140625,,,,,,,439.20000000000005,5.291566265060242,428,5.156626506024097,,,,,,,,,,,,,,,,,,,"Beau Brieske","26079",689225
"Cam Schlittler","NYY",6,7,,4.73223,23,21,0,0,,102.7,455,99,58,54,15,44,0,7,93,8.14995,3.85589,2.11364,1.31451,0.204396,0.0967033,0.10769230872392654,0.24505,1.39241,0.283784,0.696721,,,4.74389,0.712845,0.504344,999,,,,,,,351.0799774169923,3.4185003685435977,351.49998474121094,3.4225900212865312,,,,,,,,,,,,,,,,,,,"Cam Schlittler","32095",693645
"Camilo Doval","NYY",6,3,,3.30781,66,0,10,12,,65.3,277,51,26,24,5,30,3,4,81,11.1639,4.13476,2.7,0.689127,0.292419,0.108303,0.18411552906036377,0.209877,1.24043,0.292994,0.743243,,,3.24305,0.712232,0.793963,381.8999938964844,,,,,,,447.1200225830079,6.847166947735262,419.50001525878906,6.424195951817747,,,,,,,,,,,,,,,,,,,"Camilo Doval","21992",666808
"Mason Barnett","ATH",7,9,,4.48859,24,23,0,0,,118.3,515,114,64,59,16,46,0,8,105,7.98817,3.49958,2.28261,1.21724,0.203883,0.0893204,0.11456310749053955,0.247289,1.35249,0.288235,0.697674,,,4.51897,0.711315,0.617516,999,,,,,,,430.2200225830078,3.6366864876138747,431.50001525878906,3.6475063747039984,,,,,,,,,,,,,,,,,,,"Mason Barnett","31741",686930
"Eric Lauer","TOR",6,7,,4.28571,23,20,0,0,,105,446,100,54,50,16,38,0,3,90,7.71429,3.25714,2.36842,1.37143,0.201794,0.0852018,0.1165919229388237,0.246914,1.31429,0.280936,0.726644,,,4.60458,0.710932,0.963214,999,,,,,,,377.20000000000005,3.5923809523809527,374,3.5619047619047617,,,,,,,,,,,,,,,,,,,"Eric Lauer","19316",641778
"JP Sears","SDP",9,11,,4.44231,28,27,0,0,,156,660,153,83,77,25,45,1,10,129,7.44231,2.59615,2.86667,1.44231,0.195455,0.0681818,0.12727273255586624,0.252893,1.26923,0.283814,0.705521,,,4.65366,0.710249,0.962649,463.79998779296875,,,,,,,542.1000000000001,3.475000000000001,548,3.5128205128205128,,,,,,,,,,,,,,,,,,,"JP Sears","23429",676664
"Max Castillo",,4,6,,4.76888,21,17,0,0,,88.7,385,93,51,47,12,29,0,3,63,6.39233,2.9425,2.17241,1.21759,0.163636,0.0753247,0.08831167966127396,0.263456,1.37542,0.291367,0.674905,,,4.587,0.710238,0.426144,999,,,,,,,296.9799774169922,3.3481396576629487,317.49998474121094,3.579481349097194,,,,,,,,,,,,,,,,,,,"Max Castillo","21956",666721
"Connor Phillips","CIN",5,7,,5.16793,22,22,0,1,,92.3,420,90,57,53,13,50,0,7,92,8.97075,4.87541,1.84,1.26761,0.219048,0.119048,0.10000000149011612,0.247934,1.51679,0.29845,0.681445,,,4.85662,0.709948,0.417081,749.97998046875,,,,,,,306.1200225830079,3.3165765163772436,309.50001525878906,3.353196154124014,,,,,,,,,,,,,,,,,,,"Connor Phillips","27649",683175
"Patrick Monteverde","MIA",5,8,,4.51354,21,20,0,0,,99.7,437,107,54,50,14,34,0,4,77,6.95085,3.06921,2.26471,1.26379,0.176201,0.0778032,0.09839817136526108,0.26817,1.41424,0.301948,0.716639,,,4.59075,0.708373,0.952613,999,,,,,,,327.3799774169923,3.283650826859572,356.49998474121094,3.575727137948487,,,,,,,,,,,,,,,,,,,"Patrick Monteverde","29564",687287
"Blake Walston","ARI",5,5,,4.26912,23,20,0,0,,103.3,455,102,53,49,11,44,0,6,81,7.05712,3.83349,1.84091,0.958374,0.178022,0.0967033,0.0813186839222908,0.251852,1.41336,0.290735,0.712098,,,4.43463,0.707582,1.20685,999,,,,,,,375.9200225830078,3.6391095012325936,385.50001525878906,3.7318490210076445,,,,,,,,,,,,,,,,,,,"Blake Walston","26270",686796
"Mason Adams","CHW",5,7,,4.83221,22,19,0,0,,104.3,454,111,61,56,16,28,0,10,77,6.6443,2.41611,2.75,1.38063,0.169604,0.061674,0.1079295165836811,0.266827,1.33269,0.294118,0.668954,,,4.77722,0.705038,0.325225,999,,,,,,,326.42002258300784,3.1296262035680407,353.50001525878906,3.3892617920957133,,,,,,,,,,,,,,,,,,,"Mason Adams","sa3020388",690279
"Tristan Beck","SFG",4,4,,4.11844,24,10,0,1,,74.3,319,74,37,34,8,23,1,4,61,7.38896,2.786,2.65217,0.969044,0.191223,0.0721003,0.11912225186824799,0.253425,1.30552,0.295964,0.699301,,,4.01439,0.704086,0.699034,750.1099853515625,,,,,,,304.02002258300786,4.091790176256463,312.50001525878906,4.205921970704359,,,,,,,,,,,,,,,,,,,"Tristan Beck","21584",663941
"Jack Leiter","TEX",4,6,,5.03696,22,19,0,1,,94.7,416,86,57,53,14,44,0,6,97,9.21859,4.18163,2.20455,1.33052,0.233173,0.105769,0.1274038404226303,0.234973,1.37276,0.282353,0.661232,,,4.62371,0.70171,0.108133,403.1099853515625,,,,,,,352.97997741699226,3.72734940646209,339.49998474121094,3.5850052342320873,,,,,,,,,,,,,,,,,,,"Jack Leiter","30146",683004
"Chandler Champlain","KCR",6,9,,4.76033,25,24,0,0,,121,534,130,69,64,16,42,0,6,82,6.09917,3.12397,1.95238,1.19008,0.153558,0.0786517,0.0749063566327095,0.26749,1.42149,0.293814,0.688503,,,4.7202,0.699737,0.827811,999,,,,,,,380.60000000000014,3.1454545454545464,417,3.446280991735537,,,,,,,,,,,,,,,,,,,"Chandler Champlain","sa3018138",669441
"Alex Vesia","LAD",6,3,,3.17817,65,0,0,14,,62.3,254,45,24,22,7,27,3,2,81,11.7014,3.90048,3,1.01124,0.318898,0.106299,0.21259842067956924,0.2,1.1557,0.277372,0.771704,,,3.4233,0.695432,0.850538,586.8200073242188,,,,,,,388.91999435424805,6.2426966150408925,351.49999618530273,5.6420545825015855,,,,,,,,,,,,,,,,,,,"Alex Vesia","25007",681911
"Nathan Wiles","ATL",5,4,,4.34483,29,14,0,0,,87,376,95,45,42,11,20,0,4,60,6.2069,2.06897,3,1.13793,0.159574,0.0531915,0.10638297349214554,0.269886,1.32184,0.298932,0.702811,,,4.25843,0.695159,0.831173,999,,,,,,,309.5,3.557471264367816,340,3.9080459770114944,,,,,,,,,,,,,,,,,,,"Nathan Wiles","25474",686249
"Yilber Díaz","ARI",8,7,,4.21101,25,20,0,1,,109,478,101,55,51,14,51,0,6,106,8.75229,4.21101,2.07843,1.15596,0.221757,0.106695,0.11506275832653046,0.239905,1.3945,0.289037,0.732628,,,4.46006,0.694533,1.34682,734.4600219726562,,,,,,,416.80000000000007,3.8238532110091747,408,3.743119266055046,,,,,,,,,,,,,,,,,,,"Yilber Diaz","29271",700270
"Sem Robberse","STL",5,6,,4.46809,21,19,0,0,,98.7,430,100,53,49,13,35,0,4,77,7.02128,3.19149,2.2,1.18541,0.17907,0.0813954,0.0976744219660759,0.255754,1.36778,0.289037,0.702055,,,4.50387,0.692987,0.756198,999,,,,,,,347.47997741699226,3.5205672559362804,361.49998474121094,3.6626139404115667,,,,,,,,,,,,,,,,,,,"Sem Robberse","sa3011735",691828
"Cody Poteet",,3,3,,4.06114,17,16,0,1,,68.7,287,64,34,31,9,23,0,2,60,7.86026,3.0131,2.6087,1.17904,0.209059,0.0801394,0.12891986221075058,0.244275,1.26638,0.284974,0.712366,,,4.21451,0.692872,0.788568,750.1300048828125,,,,,,,280.2799774169922,4.079766955858121,275.49998474121094,4.010189184560947,,,,,,,,,,,,,,,,,,,"Cody Poteet","18769",547001
"Jordan Balazovic","DET",5,6,,4.27046,32,11,0,1,,84.3,370,80,43,40,9,37,0,3,75,8.00712,3.95018,2.02703,0.960854,0.202703,0.1,0.10270269960165024,0.242424,1.3879,0.288618,0.708812,,,4.19851,0.692256,0.607513,999,,,,,,,339.12002258300777,4.0227759229711735,338.50001525878906,4.01542115070814,,,,,,,,,,,,,,,,,,,"Jordan Balazovic","21866",666364
"Michael Plassmeyer","TEX",5,8,,4.92102,24,15,0,0,,82.3,354,81,49,45,12,23,0,8,71,7.76428,2.51519,3.08696,1.31227,0.200565,0.0649718,0.1355932131409645,0.250774,1.26367,0.2875,0.630734,,,4.4666,0.687747,0.0768019,999,,,,,,,299.8200225830078,3.643013505047544,304.50001525878906,3.699878541526802,,,,,,,,,,,,,,,,,,,"Michael Plassmeyer","23191",674681
"Joey Wentz","ATL",4,4,,4.44706,34,10,0,12,,85,374,83,45,42,11,37,0,2,85,9,3.91765,2.2973,1.16471,0.227273,0.0989305,0.12834225594997406,0.247761,1.41176,0.301255,0.717017,,,4.2253,0.68756,0.645249,999,,,,,,,378.90000000000003,4.45764705882353,383,4.5058823529411764,,,,,,,,,,,,,,,,,,,"Joey Wentz","19962",666214
"Sean Sullivan","COL",4,7,,5.15534,21,21,0,0,,103,449,110,64,59,16,35,0,4,74,6.46602,3.05825,2.11429,1.39806,0.164811,0.077951,0.08685968816280365,0.268293,1.40777,0.29375,0.660685,,,4.88493,0.68162,0.786897,999,,,,,,,310.4000000000001,3.01359223300971,338,3.2815533980582523,,,,,,,,,,,,,,,,,,,"Sean Sullivan","sa3023162",807743
"Nabil Crismatt",,3,4,,4.42432,32,11,0,0,,77.3,335,81,41,38,10,23,0,3,60,6.98577,2.67788,2.6087,1.16429,0.179104,0.0686567,0.11044776439666748,0.262136,1.34541,0.297071,0.7,,,4.3049,0.679514,0.532965,999,,,,,,,280.42002258300784,3.627684495629927,298.50001525878906,3.8615783114383864,,,,,,,,,,,,,,,,,,,"Nabil Crismatt","17732",622503
"Kevin Ginkel","ARI",6,3,,3.09375,65,0,2,12,,64,263,55,24,22,6,20,0,2,68,9.5625,2.8125,3.4,0.84375,0.258555,0.0760456,0.18250951915979385,0.228216,1.17188,0.293413,0.765766,,,3.29148,0.678954,1.03026,582.1400146484375,,,,,,,384.79999999999995,6.012499999999999,370,5.78125,,,,,,,,,,,,,,,,,,,"Kevin Ginkel","19876",656464
"Jared Shuster","ATH",4,6,,4.83158,32,14,0,1,,95,415,99,55,51,13,37,0,0,73,6.91579,3.50526,1.97297,1.23158,0.175904,0.0891566,0.08674699068069458,0.261905,1.43158,0.294521,0.687606,,,4.57701,0.678282,0.175777,999,,,,,,,324.70000000000005,3.4178947368421055,345,3.6315789473684212,,,,,,,,,,,,,,,,,,,"Jared Shuster","27472",694363
"James Hicks","HOU",5,4,,4.27273,24,12,0,0,,99,429,100,51,47,13,31,0,5,76,6.90909,2.81818,2.45161,1.18182,0.177156,0.0722611,0.10489510744810104,0.254453,1.32323,0.286184,0.70922,,,4.42911,0.677488,0.752558,999,,,,,,,356.70000000000005,3.6030303030303035,370,3.7373737373737375,,,,,,,,,,,,,,,,,,,"James Hicks","sa3023161",801802
"C.J. Culpepper","MIN",4,5,,4.42432,23,22,0,0,,77.3,341,77,41,38,9,28,0,7,62,7.21863,3.26003,2.21429,1.04787,0.181818,0.0821114,0.0997067466378212,0.251634,1.35834,0.289362,0.692641,,,4.43427,0.675034,0.623264,999,,,,,,,280.1200225830079,3.62380351260074,288.50001525878906,3.732212210465476,,,,,,,,,,,,,,,,,,,"C.J. Culpepper","sa3020563",690217
"Brock Burke","LAA",3,3,,3.67347,51,2,1,16,,63.7,267,58,28,26,7,21,3,2,64,9.04239,2.96703,3.04762,0.989011,0.2397,0.0786517,0.16104868799448013,0.237705,1.24019,0.294798,0.736994,,,3.66883,0.672177,0.663211,999,,,,,,,362.4800056457519,5.690423882328147,355.50000381469727,5.5808477167480115,,,,,,,,,,,,,,,,,,,"Brock Burke","17968",656271
"Dustin May","BOS",3,2,,3.5809,8,8,0,1,,37.7,152,30,16,15,4,12,0,3,38,9.07162,2.86472,3.16667,0.954907,0.25,0.0789474,0.17105263471603394,0.218978,1.11406,0.273684,0.714286,,,3.72351,0.670913,0.739874,321.8900146484375,,,,,,,186.780005645752,4.954376707317309,171.50000381469727,4.549071627162627,,,,,,,,,,,,,,,,,,,"Dustin May","19716",669160
"Angel Zerpa","KCR",3,2,,3.94625,47,8,2,14,,70.7,303,68,34,31,7,24,1,3,58,7.38331,3.05516,2.41667,0.891089,0.191419,0.0792079,0.11221121996641159,0.246377,1.30127,0.2891,0.705596,,,3.95856,0.668734,0.761548,750.5700073242188,,,,,,,361.27997741699215,5.110042333968936,363.49998474121094,5.141442721805501,,,,,,,,,,,,,,,,,,,"Angel Zerpa","22717",672582
"Ian Hamilton","NYY",3,2,,3.39623,38,1,1,15,,47.7,202,39,19,18,4,20,0,2,55,10.3774,3.77358,2.75,0.754717,0.272277,0.0990099,0.17326733469963074,0.216667,1.2369,0.289256,0.749064,,,3.33419,0.667569,0.642539,748.9000244140625,,,,,,,311.380005645752,6.527882613529829,295.50000381469727,6.19496853434615,,,,,,,,,,,,,,,,,,,"Ian Hamilton","19261",641656
"Ryan Gusto","MIA",6,7,,4.4739,26,21,0,0,,120.7,526,120,65,60,17,46,0,5,97,7.23281,3.42999,2.1087,1.26761,0.184411,0.0874525,0.09695817530155182,0.252632,1.37531,0.285319,0.710267,,,4.65778,0.666924,0.776135,750.3699951171875,,,,,,,413.07997741699216,3.422369410615035,423.49998474121094,3.5086992166438375,,,,,,,,,,,,,,,,,,,"Ryan Gusto","26440",687473
"Spencer Howard",,4,4,,4.5,25,12,0,0,,78,346,79,42,39,10,30,0,3,77,8.88461,3.46154,2.56667,1.15385,0.222543,0.0867052,0.13583815842866898,0.252396,1.39744,0.30531,0.705263,,,4.12802,0.666206,0.438357,999,,,,,,,303.80000000000007,3.8948717948717957,315,4.038461538461538,,,,,,,,,,,,,,,,,,,"Spencer Howard","23252",675921
"Brenan Hanifee","DET",3,4,,3.85714,44,6,0,9,,77,326,76,36,33,8,21,0,3,59,6.8961,2.45455,2.80952,0.935065,0.180982,0.0644172,0.11656441539525986,0.251656,1.25974,0.289362,0.710956,,,3.91973,0.663331,0.681029,999,,,,,,,355.80000000000007,4.620779220779221,363,4.714285714285714,,,,,,,,,,,,,,,,,,,"Brenan Hanifee","22304",669724
"Patrick Corbin","TEX",6,11,,5.47826,26,26,0,0,,138,621,159,91,84,24,48,1,3,113,7.36957,3.13043,2.35417,1.56522,0.181965,0.0772947,0.10466989129781723,0.278947,1.5,0.311778,0.668973,,,4.89836,0.66327,-0.524046,739.8800048828125,,,,,,,385.6,2.794202898550725,451,3.2681159420289854,,,,,,,,,,,,,,,,,,,"Patrick Corbin","9323",571578
"Andrew Alvarez","WSN",6,9,,4.79675,24,22,0,0,,110.7,493,119,64,59,14,42,0,5,76,6.17886,3.41463,1.80952,1.13821,0.154158,0.0851927,0.06896552443504333,0.266816,1.45438,0.294944,0.685997,,,4.7112,0.662956,0.468499,999,,,,,,,348.57997741699216,3.148870704847181,382.49998474121094,3.455284510261088,,,,,,,,,,,,,,,,,,,"Andrew Alvarez","29914",674841
"Trenton Denholm","CLE",6,8,,4.5,23,21,0,0,,116,508,125,63,58,16,37,0,3,78,6.05172,2.87069,2.10811,1.24138,0.153543,0.0728346,0.08070866018533707,0.267094,1.39655,0.291444,0.709169,,,4.64924,0.662317,0.743506,999,,,,,,,372.60000000000014,3.2120689655172425,408,3.5172413793103448,,,,,,,,,,,,,,,,,,,"Trenton Denholm","sa3018139",671143
"Jonathan Loáisiga","NYY",5,3,,3.23467,39,0,0,1,,47.3,193,42,18,17,3,12,0,2,39,7.42072,2.2833,3.25,0.570825,0.202073,0.0621762,0.13989638164639473,0.234637,1.14165,0.284672,0.722892,,,3.2299,0.661549,0.669734,748.239990234375,,,,,,,243.9199943542481,5.156870999759587,237.49999618530273,5.021141649389636,,,,,,,,,,,,,,,,,,,"Jonathan Loaisiga","19753",642528
"Carson Spiers","CIN",5,8,,5.09735,27,16,0,1,,113,499,118,69,64,19,41,0,8,98,7.80531,3.26549,2.39024,1.51327,0.196393,0.0821643,0.11422845721244812,0.262222,1.40708,0.297297,0.679758,,,4.91869,0.659587,0.445981,733.7100219726562,,,,,,,348.7,3.0858407079646017,371,3.2831858407079646,,,,,,,,,,,,,,,,,,,"Carson Spiers","27685",686730
"Mitch White",,4,5,,4.54183,26,10,0,0,,75.3,328,73,41,38,9,29,1,3,65,7.76892,3.46614,2.24138,1.0757,0.198171,0.0884146,0.10975610464811325,0.246622,1.35458,0.288288,0.682327,,,4.26874,0.659111,0.428845,999,,,,,,,290.7200225830078,3.8608235166096874,293.50001525878906,3.897742408550109,,,,,,,,,,,,,,,,,,,"Mitch White","19225",669952
"Blake Adams","COL",5,7,,5,21,20,0,0,,108,473,121,65,60,18,31,0,3,73,6.08333,2.58333,2.35484,1.5,0.154334,0.0655391,0.08879492431879044,0.275626,1.40741,0.295977,0.68612,,,4.92574,0.659084,1.00012,999,,,,,,,307.20000000000005,2.844444444444445,350,3.240740740740741,,,,,,,,,,,,,,,,,,,"Blake Adams","sa3020174",687060
"Caden Dana","LAA",7,11,,5.00806,24,24,0,0,,124,540,122,75,69,20,48,0,9,108,7.83871,3.48387,2.25,1.45161,0.2,0.0888889,0.1111111119389534,0.252588,1.37097,0.287324,0.669014,,,4.90035,0.657098,0.277607,665.7100219726562,,,,,,,399.3999999999999,3.220967741935483,405,3.2661290322580645,,,,,,,,,,,,,,,,,,,"Caden Dana","31508",702674
"Matt Manning","PHI",3,5,,4.48505,19,18,0,1,,90.3,387,88,49,45,12,34,0,2,71,7.07641,3.3887,2.08824,1.19601,0.183463,0.0878553,0.09560723602771759,0.250712,1.35105,0.283582,0.693916,,,4.51753,0.656966,0.591827,747.9199829101562,,,,,,,329.82002258300776,3.6524918210020743,333.50001525878906,3.6932447839191633,,,,,,,,,,,,,,,,,,,"Matt Manning","20369",666159
"Garrett Stallings","MIL",5,5,,4.41472,24,12,0,0,,89.7,385,91,48,44,13,28,0,2,71,7.12375,2.80936,2.53571,1.30435,0.184416,0.0727273,0.11168830841779709,0.256338,1.32664,0.287823,0.704365,,,4.47083,0.65056,0.664319,999,,,,,,,319.2799774169922,3.5594201591915327,331.49998474121094,3.695652129536747,,,,,,,,,,,,,,,,,,,"Garrett Stallings","sa3014457",668831
"Robert Garcia","TEX",4,3,,3.66667,58,0,9,10,,54,226,44,24,22,5,20,1,3,62,10.3333,3.33333,3.1,0.833333,0.274336,0.0884956,0.18584070354700089,0.216749,1.18519,0.286765,0.701754,,,3.35167,0.649998,0.399952,461.9599914550781,,,,,,,363.70000000000005,6.735185185185186,345,6.388888888888889,,,,,,,,,,,,,,,,,,,"Robert Garcia","23363",676395
"Cal Quantrill","TEX",7,10,,4.5898,26,25,0,0,,135.3,594,139,75,69,18,53,0,9,99,6.58537,3.5255,1.86792,1.19734,0.166667,0.0892256,0.07744108140468597,0.261278,1.41907,0.291566,0.701439,,,4.80728,0.648084,1.12826,685.75,,,,,,,430.42002258300795,3.1812269983346164,454.50001525878906,3.3592018108449273,,,,,,,,,,,,,,,,,,,"Cal Quantrill","19312",615698
"Brock Selvidge","NYY",6,7,,4.90236,19,19,0,0,,97.3,427,99,57,53,14,36,0,4,72,6.65981,3.32991,2,1.29496,0.168618,0.0843091,0.08430913090705872,0.255814,1.38746,0.282392,0.67591,,,4.79032,0.647373,0.299539,999,,,,,,,314.42002258300784,3.231449257157321,328.50001525878906,3.376156268813749,,,,,,,,,,,,,,,,,,,"Brock Selvidge","sa3017950",691795
"Carmen Mlodzinski","PIT",5,5,,3.89121,47,7,0,1,,71.7,306,67,34,31,7,27,1,3,62,7.78243,3.38912,2.2963,0.878661,0.202614,0.0882353,0.11437908560037613,0.242754,1.31102,0.289855,0.712589,,,3.96146,0.646572,0.792509,724.4099731445312,,,,,,,308.27997741699215,4.299581457995446,305.49998474121094,4.260808894618798,,,,,,,,,,,,,,,,,,,"Carmen Mlodzinski","27572",669387
"Parker Messick","CLE",6,7,,4.48839,26,25,0,0,,116.3,508,114,63,58,17,42,0,10,101,7.81599,3.25021,2.40476,1.31556,0.198819,0.0826772,0.11614172905683517,0.25,1.34136,0.286982,0.70348,,,4.67121,0.645633,0.772562,999,,,,,,,401.120022583008,3.449011281663464,406.50001525878906,3.4952708907314602,,,,,,,,,,,,,,,,,,,"Parker Messick","31986",800048
"Julian Aguiar","CIN",4,8,,5.31524,26,25,0,0,,125.3,547,133,80,74,21,38,0,11,89,6.39266,2.72945,2.34211,1.50838,0.162706,0.0694698,0.09323582798242569,0.267068,1.36472,0.28866,0.642655,,,5.09784,0.645094,0.323202,999,,,,,,,354.12002258300794,2.8261772861787655,384.50001525878906,3.068635322378749,,,,,,,,,,,,,,,,,,,"Julian Aguiar","30031",687924
"Griffin Canning","NYM",7,9,,4.86141,26,25,0,1,,140.7,604,136,82,76,24,52,1,5,127,8.12367,3.32623,2.44231,1.53518,0.210265,0.0860927,0.12417218834161758,0.248629,1.33618,0.282828,0.686529,,,4.79406,0.644879,0.288459,455.0400085449219,,,,,,,479.3799774169921,3.407107233935027,478.49998474121094,3.400852843779603,,,,,,,,,,,,,,,,,,,"Griffin Canning","19867",656288
"Trevor Williams","WSN",4,5,,4.69751,19,17,0,1,,84.3,370,91,48,44,12,28,0,3,66,7.04626,2.98932,2.35714,1.28114,0.178378,0.0756757,0.10270269960165024,0.268437,1.41163,0.302682,0.694716,,,4.55438,0.644714,0.424019,505.3800048828125,,,,,,,282.62002258300777,3.3525505617062326,308.50001525878906,3.659549277470118,,,,,,,,,,,,,,,,,,,"Trevor Williams","16977",592866
"Michael Lorenzen","KCR",5,7,,4.43914,26,23,0,1,,125.7,531,119,67,62,17,50,0,4,91,6.51551,3.57995,1.82,1.21718,0.171375,0.094162,0.07721281051635742,0.249476,1.34447,0.276423,0.702479,,,4.76553,0.643565,1.29116,539.6599731445312,,,,,,,435.6799774169922,3.466030135198701,431.49998474121094,3.432776413820312,,,,,,,,,,,,,,,,,,,"Michael Lorenzen","14843",547179
"Max Kranick","NYM",3,2,,4.08492,36,10,0,7,,68.3,292,65,34,31,8,22,1,3,59,7.77452,2.89897,2.68182,1.05417,0.202055,0.0753425,0.12671232968568802,0.243446,1.27379,0.285,0.699208,,,4.0596,0.643081,0.500749,749.6300048828125,,,,,,,309.02002258300786,4.524451080168066,308.50001525878906,4.516837503286895,,,,,,,,,,,,,,,,,,,"Max Kranick","22175",668820
"Kyle Tyler","CHW",5,6,,4.9075,23,19,0,1,,102.7,457,107,61,56,14,43,0,4,80,7.01071,3.76826,1.86047,1.22687,0.175055,0.0940919,0.08096279203891754,0.260976,1.46056,0.294304,0.682515,,,4.75363,0.642631,0.310269,999,,,,,,,332.57997741699234,3.2383640438139736,354.49998474121094,3.451801317188633,,,,,,,,,,,,,,,,,,,"Kyle Tyler","22092",667725
"Josh Hader","HOU",7,5,,3.17817,64,0,33,2,,62.3,251,43,24,22,8,26,1,3,88,12.7127,3.75602,3.38462,1.1557,0.350598,0.103586,0.2470119595527649,0.193694,1.10754,0.277778,0.778547,,,3.40725,0.642219,0.810909,40.11000061035156,,,,,,,512.8199943542481,8.231460684339554,469.49999618530273,7.536115600881263,,,,,,,,,,,,,,,,,,,"Josh Hader","14212",623352
"Rafael Sanchez","TOR",4,6,,4.58112,19,18,0,0,,94.3,412,102,52,48,14,28,0,1,66,6.29905,2.67232,2.35714,1.33616,0.160194,0.0679612,0.09223300963640213,0.266319,1.37858,0.290429,0.706522,,,4.61929,0.641466,0.527432,999,,,,,,,305.4200225830078,3.2388124358317776,334.50001525878906,3.5471898667404527,,,,,,,,,,,,,,,,,,,"Rafael Sanchez","sa3018362",803596
"Victor Santos","STL",6,7,,4.5,28,14,0,0,,94,401,95,51,47,11,28,0,4,62,5.93617,2.68085,2.21429,1.05319,0.154613,0.0698254,0.08478803187608719,0.257453,1.30851,0.283784,0.669145,,,4.38988,0.640963,0.527314,999,,,,,,,341.29999999999995,3.6308510638297866,355,3.776595744680851,,,,,,,,,,,,,,,,,,,"Victor Santos","sa3003083",673257
"Ricky Tiedemann","TOR",3,3,,4.13476,26,26,0,0,,65.3,284,55,32,30,8,32,0,6,70,9.64778,4.41041,2.1875,1.1026,0.246479,0.112676,0.13380281627178192,0.223577,1.33231,0.279762,0.725594,,,4.36097,0.636499,0.782464,999,,,,,,,267.8200225830079,4.10137840837051,248.50001525878906,3.8055130726689863,,,,,,,,,,,,,,,,,,,"Ricky Tiedemann","sa3018096",694357
"Mitch Bratt","ARI",5,8,,4.96489,23,20,0,0,,99.7,431,101,59,55,16,32,0,3,79,7.13139,2.88867,2.46875,1.44433,0.183295,0.0742459,0.10904873162508011,0.255051,1.334,0.282392,0.669078,,,4.72114,0.634865,0.213338,999,,,,,,,331.3799774169921,3.323771189170881,343.49998474121094,3.445335960436729,,,,,,,,,,,,,,,,,,,"Mitch Bratt","sa3017719",683352
"Easton McGee","MIL",4,4,,4.15385,19,13,0,0,,65,273,65,32,30,8,14,0,5,43,5.95385,1.93846,3.07143,1.10769,0.157509,0.0512821,0.10622711107134819,0.255906,1.21538,0.280788,0.693215,,,4.32033,0.633975,0.818196,999,,,,,,,242.60000000000002,3.7323076923076925,250,3.8461538461538463,,,,,,,,,,,,,,,,,,,"Easton McGee","22176",668834
"Ethan Pecko","HOU",5,5,,4.26156,25,14,0,0,,88.7,387,85,45,42,12,36,0,2,79,8.01578,3.65276,2.19444,1.21759,0.204134,0.0930233,0.1111111044883728,0.243553,1.36415,0.282946,0.729367,,,4.42916,0.633463,0.773248,999,,,,,,,331.7799774169922,3.7404733802932477,331.49998474121094,3.7373167547530612,,,,,,,,,,,,,,,,,,,"Ethan Pecko","sa3022997",814490
"Jesse Scholtens","TBR",3,5,,4.84615,22,13,0,0,,78,342,83,45,42,11,27,1,3,62,7.15385,3.11538,2.2963,1.26923,0.181287,0.0789474,0.10233917832374573,0.266026,1.41026,0.301255,0.687104,,,4.56392,0.633227,0.227165,999,,,,,,,260.1,3.3346153846153848,281,3.6025641025641026,,,,,,,,,,,,,,,,,,,"Jesse Scholtens","19205",669947
"Michael Soroka","CHC",5,8,,4.68439,26,13,0,1,,90.3,393,85,51,47,12,36,0,7,83,8.27242,3.58804,2.30556,1.19601,0.211196,0.0916031,0.11959287524223328,0.242857,1.33998,0.286275,0.671785,,,4.48431,0.629352,0.362338,409.3599853515625,,,,,,,340.62002258300777,3.7720931458637104,336.50001525878906,3.7264673741585064,,,,,,,,,,,,,,,,,,,"Michael Soroka","18383",647336
"Chris Martin","TEX",3,2,,3.42857,44,0,16,7,,42,172,39,17,16,4,7,2,2,41,8.78571,1.5,5.85714,0.857143,0.238372,0.0406977,0.19767441228032112,0.239264,1.09524,0.29661,0.717822,,,3.09505,0.62914,0.485995,262.17999267578125,,,,,,,323.20000000000005,7.695238095238096,321,7.642857142857143,,,,,,,,,,,,,,,,,,,"Chris Martin","11847",455119
"Ken Waldichuk","ATH",4,5,,4.51441,22,17,0,0,,93.7,409,87,51,47,12,40,0,7,90,8.64461,3.84205,2.25,1.15261,0.220049,0.0977995,0.12224939465522766,0.240331,1.35539,0.288462,0.689655,,,4.41515,0.627819,0.410813,999,,,,,,,358.5799774169922,3.826894227275844,351.49998474121094,3.7513340041555367,,,,,,,,,,,,,,,,,,,"Ken Waldichuk","27681",686610
"Tyler Schweitzer","CHW",5,9,,5.08385,23,22,0,0,,113.3,500,121,69,64,18,43,0,3,87,6.91086,3.41571,2.02326,1.42983,0.174,0.086,0.08799999207258224,0.26652,1.44748,0.295129,0.684438,,,4.91405,0.627612,0.117465,999,,,,,,,338.42002258300784,2.986937453376859,368.50001525878906,3.252427231537236,,,,,,,,,,,,,,,,,,,"Tyler Schweitzer","sa3020712",805326
"Robby Snelling","MIA",6,9,,4.80221,24,24,0,0,,108.7,483,116,63,58,15,44,0,2,82,6.78933,3.64305,1.86364,1.24195,0.169772,0.0910973,0.07867494225502014,0.265446,1.47194,0.297059,0.697842,,,4.72122,0.627074,0.64877,999,,,,,,,344.2799774169922,3.1672491911929135,374.49998474121094,3.445262145863078,,,,,,,,,,,,,,,,,,,"Robby Snelling","sa3020707",702281
"Yu-Min Lin","ARI",5,5,,4.20561,23,23,0,0,,107,473,107,54,50,13,41,0,10,87,7.31776,3.4486,2.12195,1.09346,0.183932,0.0866808,0.09725158661603928,0.253554,1.38318,0.291925,0.724191,,,4.54966,0.625408,1.37213,999,,,,,,,374.7000000000001,3.5018691588785056,387,3.616822429906542,,,,,,,,,,,,,,,,,,,"Yu-Min Lin","sa3019278",801179
"Tanner Banks","PHI",3,2,,3.95455,49,2,0,11,,66,280,64,31,29,8,19,1,2,64,8.72727,2.59091,3.36842,1.09091,0.228571,0.0678571,0.1607142835855484,0.247104,1.25758,0.299465,0.724234,,,3.75739,0.624809,0.503206,999,,,,,,,332.60000000000014,5.039393939393942,335,5.075757575757576,,,,,,,,,,,,,,,,,,,"Tanner Banks","16990",621383
"Yennier Cano","BAL",4,3,,3.27014,66,0,3,12,,63.3,264,56,25,23,5,21,1,2,59,8.38863,2.98578,2.80952,0.7109,0.223485,0.0795455,0.14393939077854156,0.232365,1.21643,0.288136,0.742857,,,3.41924,0.624459,0.729203,658.75,,,,,,,373.319994354248,5.897630313645859,363.49999618530273,5.742496059502046,,,,,,,,,,,,,,,,,,,"Yennier Cano","25911",666974
"Blake Wehunt","BOS",5,5,,4.75728,23,23,0,0,,92.7,408,97,53,49,13,34,0,4,72,6.99029,3.30097,2.11765,1.26214,0.176471,0.0833333,0.09313725680112839,0.262162,1.41316,0.294737,0.691489,,,4.66594,0.623948,0.689251,999,,,,,,,303.8799774169923,3.27810126667706,324.49998474121094,3.5005393249623427,,,,,,,,,,,,,,,,,,,"Blake Wehunt","sa3023220",687762
"Bryan Hoeing","SDP",4,5,,4.32591,33,10,0,9,,85.3,361,84,44,41,11,24,1,3,65,6.85815,2.53224,2.70833,1.16061,0.180055,0.066482,0.11357340216636658,0.251497,1.26612,0.282946,0.691145,,,4.26847,0.620917,0.47797,999,,,,,,,362.52002258300774,4.249941496051766,368.50001525878906,4.3200469176442216,,,,,,,,,,,,,,,,,,,"Bryan Hoeing","26304",663773
"Hyun-il Choi","WSN",5,9,,4.86735,21,17,0,0,,98,427,103,57,53,14,27,0,9,72,6.61225,2.47959,2.66667,1.28571,0.168618,0.0632318,0.1053864136338234,0.263427,1.32653,0.291803,0.661232,,,4.65628,0.619122,0.355117,999,,,,,,,321.2,3.277551020408163,344,3.510204081632653,,,,,,,,,,,,,,,,,,,"Hyun-il Choi","sa3009992",683425
"Pierson Ohl","MIN",5,7,,4.65357,21,16,0,0,,96.7,416,109,54,50,15,19,0,3,61,5.67735,1.76836,3.21053,1.39607,0.146635,0.0456731,0.10096153244376183,0.27665,1.32368,0.295597,0.691589,,,4.60392,0.616288,0.461275,999,,,,,,,303.6799774169923,3.140434198560878,344.49998474121094,3.5625645875211505,,,,,,,,,,,,,,,,,,,"Pierson Ohl","30179",701487
"Bryse Wilson",,4,6,,4.59981,33,11,0,1,,103.7,443,107,57,53,15,31,1,4,75,6.50916,2.69045,2.41935,1.30183,0.1693,0.0699774,0.09932280331850052,0.262255,1.33076,0.289308,0.692308,,,4.61296,0.615912,0.412023,747.4500122070312,,,,,,,353.67997741699224,3.410607404294504,372.49998474121094,3.5920925333019036,,,,,,,,,,,,,,,,,,,"Bryse Wilson","19990",669060
"J.T. Ginn","ATH",6,7,,4.59103,24,22,0,1,,113.7,501,115,63,58,14,41,1,10,88,6.9657,3.24538,2.14634,1.10818,0.175649,0.0818363,0.09381237626075745,0.255556,1.37203,0.29023,0.681818,,,4.5649,0.613496,0.430256,747.030029296875,,,,,,,397.1799774169922,3.493227687576755,413.49998474121094,3.636763375899138,,,,,,,,,,,,,,,,,,,"J.T. Ginn","27889",669372
"Dom Hamel","TEX",6,7,,4.77876,25,24,0,0,,113,500,110,65,60,15,53,0,5,97,7.72566,4.22124,1.83019,1.19469,0.194,0.106,0.08800000697374344,0.248869,1.44248,0.287879,0.690141,,,4.71515,0.609304,0.308203,999,,,,,,,385.70000000000005,3.413274336283186,390,3.4513274336283186,,,,,,,,,,,,,,,,,,,"Dom Hamel","30153",687589
"Kyle Hurt","LAD",3,3,,4.29984,22,12,0,0,,60.7,263,52,31,29,8,30,0,4,69,10.2306,4.44811,2.3,1.18616,0.262357,0.114068,0.14828897267580032,0.227074,1.35091,0.289474,0.720339,,,4.28674,0.603039,0.545536,999,,,,,,,251.580005645752,4.144645839928141,235.50000381469727,3.8797364226473356,,,,,,,,,,,,,,,,,,,"Kyle Hurt","27514",669165
"Hunter Harvey","KCR",4,3,,3.22642,50,0,1,12,,53,219,47,21,19,5,15,1,2,53,9,2.54717,3.53333,0.849057,0.242009,0.0684932,0.17351598292589188,0.232673,1.16981,0.291667,0.745455,,,3.35516,0.60224,0.754425,709.6199951171875,,,,,,,316.50000000000006,5.971698113207548,308,5.811320754716981,,,,,,,,,,,,,,,,,,,"Hunter Harvey","15507",640451
"Riley Gowens","CHW",4,8,,5.06796,22,22,0,0,,103,450,104,63,58,17,41,0,4,89,7.7767,3.58252,2.17073,1.48544,0.197778,0.0911111,0.1066666692495346,0.25679,1.40777,0.29097,0.676568,,,4.89464,0.599774,0.0876203,999,,,,,,,325.70000000000005,3.1621359223300973,337,3.2718446601941746,,,,,,,,,,,,,,,,,,,"Riley Gowens","sa3022948",803035
"David Robertson","PHI",4,3,,3.70497,56,0,0,0,,58.3,245,47,26,24,6,25,3,3,71,10.9605,3.85935,2.84,0.926244,0.289796,0.102041,0.18775508552789688,0.21659,1.23499,0.292857,0.72327,,,3.50953,0.59689,0.422604,528.8499755859375,,,,,,,293.41999435424805,5.032933073654738,271.49999618530273,4.656946822268803,,,,,,,,,,,,,,,,,,,"David Robertson","8241",502085
"Spencer Giesting","ARI",8,9,,4.37956,24,24,0,0,,123.3,547,123,65,60,16,52,0,8,103,7.51825,3.79562,1.98077,1.16788,0.1883,0.095064,0.09323583543300629,0.252567,1.4193,0.290761,0.720839,,,4.64255,0.595432,1.30212,999,,,,,,,421.82002258300776,3.4210868786916393,434.50001525878906,3.523925421773091,,,,,,,,,,,,,,,,,,,"Spencer Giesting","sa3020402",801517
"Andry Lara","WSN",8,13,,4.86486,24,24,0,0,,114.7,503,121,67,62,17,40,0,5,84,6.59111,3.13862,2.1,1.33391,0.166998,0.0795229,0.08747515082359314,0.264192,1.40366,0.291317,0.685131,,,4.80554,0.591183,0.440054,999,,,,,,,358.07997741699216,3.1218830596706466,385.49998474121094,3.36094154313854,,,,,,,,,,,,,,,,,,,"Andry Lara","27967",691251
"Will Vest","DET",3,3,,3.5545,63,1,3,12,,63.3,266,58,27,25,6,20,1,2,60,8.53081,2.8436,3,0.853081,0.225564,0.075188,0.15037594735622406,0.237705,1.23223,0.292135,0.732759,,,3.54563,0.589505,0.60213,716.6500244140625,,,,,,,360.819994354248,5.700157957395315,355.49999618530273,5.616113751501698,,,,,,,,,,,,,,,,,,,"Will Vest","19769",676684
"Drew Anderson",,5,8,,4.63636,26,18,0,0,,99,433,95,55,51,13,44,0,4,87,7.90909,4,1.97727,1.18182,0.200924,0.101617,0.09930715709924698,0.246753,1.40404,0.287719,0.695364,,,4.57052,0.589134,0.44699,999,,,,,,,355.70000000000005,3.5929292929292935,356,3.595959595959596,,,,,,,,,,,,,,,,,,,"Drew Anderson","15130",623454
"Andrew Hoffmann","ARI",5,6,,4.70455,25,18,0,0,,88,390,91,50,46,11,35,0,4,68,6.95455,3.57955,1.94286,1.125,0.174359,0.0897436,0.08461538702249527,0.259259,1.43182,0.294118,0.687161,,,4.57557,0.588741,0.560501,999,,,,,,,298.30000000000007,3.389772727272728,316,3.590909090909091,,,,,,,,,,,,,,,,,,,"Andrew Hoffmann","29633",694851
"Gregory Soto","NYM",5,3,,3.43636,62,0,1,12,,55,235,45,23,21,4,24,1,4,63,10.3091,3.92727,2.625,0.654545,0.268085,0.102128,0.16595743596553802,0.217391,1.25455,0.292857,0.725552,,,3.3483,0.588364,0.495686,740.4500122070312,,,,,,,335.8,6.1054545454545455,318,5.781818181818182,,,,,,,,,,,,,,,,,,,"Gregory Soto","19677",642397
"Carson Palmquist","COL",6,8,,5.07921,24,24,0,0,,101,453,101,62,57,16,46,0,9,96,8.55446,4.09901,2.08696,1.42574,0.211921,0.101545,0.11037527769804001,0.253769,1.45545,0.297203,0.682183,,,4.95856,0.588179,0.837033,999,,,,,,,315.0000000000001,3.11881188118812,324,3.207920792079208,,,,,,,,,,,,,,,,,,,"Carson Palmquist","31612",687223
"John Means","CLE",4,4,,3.97059,14,14,0,0,,68,278,64,32,30,10,17,0,3,53,7.01471,2.25,3.11765,1.32353,0.190647,0.0611511,0.12949640303850174,0.248062,1.19118,0.276923,0.731343,,,4.40177,0.587566,0.958064,749.8800048828125,,,,,,,259.80000000000007,3.8205882352941187,256,3.764705882352941,,,,,,,,,,,,,,,,,,,"John Means","16269",607644
"Jacob Waguespack","PHI",4,4,,4.35685,21,12,0,1,,72.3,316,70,38,35,9,28,0,4,67,8.34025,3.48548,2.39286,1.12033,0.212025,0.0886076,0.12341772019863129,0.246479,1.35546,0.293269,0.702576,,,4.25915,0.585652,0.398062,999,,,,,,,284.32002258300787,3.932503604176477,286.50001525878906,3.962655645445695,,,,,,,,,,,,,,,,,,,"Jacob Waguespack","18318",621097
"Sean Burke","CHW",3,6,,4.77108,22,21,0,1,,83,367,80,48,44,12,41,0,4,79,8.56627,4.44578,1.92683,1.3012,0.215259,0.111717,0.10354223102331161,0.248447,1.45783,0.294372,0.700576,,,4.76889,0.583735,0.324512,407.3900146484375,,,,,,,285.6,3.440963855421687,286,3.4457831325301207,,,,,,,,,,,,,,,,,,,"Sean Burke","29878",680732
"Ryan Brasier","CHC",2,1,,3.09582,41,2,2,12,,40.7,161,34,15,14,3,11,0,1,37,8.18182,2.43243,3.36364,0.663391,0.229814,0.068323,0.16149068623781204,0.228188,1.10565,0.284404,0.735294,,,3.19105,0.581782,0.696971,748.4099731445312,,,,,,,271.880005645752,6.680098293593157,260.50000381469727,6.400491374238572,,,,,,,,,,,,,,,,,,,"Ryan Brasier","5615",518489
"Ben Joyce","LAA",2,2,,3.58047,52,1,7,10,,55.3,236,43,24,22,5,24,0,7,67,10.9042,3.90597,2.79167,0.813743,0.283898,0.101695,0.18220338225364685,0.209756,1.21157,0.285714,0.716667,,,3.60048,0.581647,0.562864,310.29998779296875,,,,,,,351.919994354248,6.363833620424371,327.49999618530273,5.922242327370977,,,,,,,,,,,,,,,,,,,"Ben Joyce","31461",690829
"Cam Alldred",,4,5,,4.42231,22,14,0,0,,75.3,331,76,40,37,9,30,0,4,61,7.29084,3.58566,2.03333,1.0757,0.18429,0.0906344,0.09365559369325638,0.255892,1.4077,0.295154,0.706638,,,4.45466,0.581544,0.725324,999,,,,,,,268.92002258300784,3.5713148962047767,279.50001525878906,3.7118194413175973,,,,,,,,,,,,,,,,,,,"Cam Alldred","25078",682027
"David Bednar","NYY",5,3,,3.50847,59,0,28,4,,59,248,52,25,23,6,21,3,2,64,9.76271,3.20339,3.04762,0.915254,0.258065,0.0846774,0.1733870878815651,0.231111,1.23729,0.296774,0.743034,,,3.48851,0.578371,0.678203,145.8800048828125,,,,,,,442.59999999999997,7.5016949152542365,432,7.322033898305085,,,,,,,,,,,,,,,,,,,"David Bednar","19569",670280
"Wilmer Flores","DET",4,5,,4.31507,24,15,0,0,,73,320,71,38,35,8,27,0,7,59,7.27397,3.32877,2.18519,0.986301,0.184375,0.084375,0.10000000149011612,0.248252,1.34247,0.287671,0.691244,,,4.37196,0.57823,0.570601,999,,,,,,,273.20000000000005,3.7424657534246584,277,3.7945205479452055,,,,,,,,,,,,,,,,,,,"Wilmer Flores","sa3015223",695865
"Pedro Avila",,4,4,,3.84083,42,8,0,0,,86.7,374,78,40,37,9,38,0,6,81,8.40831,3.94464,2.13158,0.934256,0.216578,0.101604,0.1149732694029808,0.236364,1.33795,0.2875,0.73501,,,4.16994,0.578095,0.907453,999,,,,,,,358.0799774169921,4.130103691131122,346.49998474121094,3.996539757066694,,,,,,,,,,,,,,,,,,,"Pedro Avila","18864",658648
"Joe Boyle","TBR",5,7,,4.5645,25,22,0,1,,90.7,409,75,50,46,10,61,0,6,105,10.419,6.05292,1.72131,0.992282,0.256724,0.149144,0.10757945477962494,0.219298,1.49945,0.286344,0.704918,,,4.50055,0.57797,0.351792,572.7999877929688,,,,,,,366.1799774169922,4.037265597990618,336.49998474121094,3.7100330326718107,,,,,,,,,,,,,,,,,,,"Joe Boyle","29608",671212
"Shane Smith","CHW",3,6,,4.68869,32,13,0,0,,78.7,342,76,44,41,11,29,0,8,73,8.34816,3.31639,2.51724,1.25794,0.21345,0.0847953,0.12865497916936874,0.24918,1.33418,0.294118,0.680804,,,4.53878,0.577275,0.283272,558.8499755859375,,,,,,,284.47997741699226,3.6147393703723174,285.49998474121094,3.627700073850991,,,,,,,,,,,,,,,,,,,"Shane Smith","31687",681343
"Paxton Schultz","TOR",5,5,,4.41277,32,12,0,0,,87.7,386,85,46,43,11,38,0,3,78,8.00456,3.89966,2.05263,1.12885,0.202073,0.0984456,0.10362695157527924,0.246377,1.40251,0.289062,0.715613,,,4.42076,0.576544,0.516565,999,,,,,,,325.6799774169922,3.713568856897434,328.49998474121094,3.745724015647132,,,,,,,,,,,,,,,,,,,"Paxton Schultz","25501",687606
"Adrian Morejon","SDP",3,3,,3.58852,58,1,1,12,,62.7,266,57,27,25,7,20,1,1,64,9.1866,2.87081,3.2,1.00478,0.240602,0.075188,0.16541354358196259,0.232653,1.22807,0.287356,0.744048,,,3.58115,0.575703,0.54414,667.3300170898438,,,,,,,347.68000564575203,5.545135588758362,340.50000381469727,5.430622004329529,,,,,,,,,,,,,,,,,,,"Adrian Morejon","20039",670970
"Sean Sullivan","PIT",4,7,,4.71299,22,19,0,0,,99.3,437,106,56,52,13,34,0,5,67,6.07251,3.08157,1.97059,1.17825,0.153318,0.0778032,0.07551487535238266,0.266332,1.40987,0.292453,0.689655,,,4.69719,0.574666,0.709842,999,,,,,,,316.3200225830078,3.185498618949018,344.50001525878906,3.4692850420077677,,,,,,,,,,,,,,,,,,,"Sean Sullivan","sa3018185",696155
"Reiver Sanmartin","CIN",3,4,,4.72795,28,7,0,0,,53.3,234,55,30,28,6,20,0,2,44,7.42964,3.37711,2.2,1.01313,0.188034,0.0854701,0.10256410390138626,0.259434,1.40713,0.302469,0.675676,,,4.21714,0.572941,0.311982,999,,,,,,,199.61999435424804,3.7452157075351007,210.49999618530273,3.9493433245480785,,,,,,,,,,,,,,,,,,,"Reiver Sanmartin","19754",665665
"Kyle Hendricks","LAA",5,9,,5.24272,24,22,0,0,,113.3,497,127,71,66,19,33,0,5,82,6.51368,2.62136,2.48485,1.50927,0.16499,0.0663984,0.09859154373407364,0.276688,1.41218,0.301676,0.667166,,,4.90523,0.571937,-0.0030661,666.8300170898438,,,,,,,324.5200225830079,2.8642543145807364,369.50001525878906,3.2612533566304824,,,,,,,,,,,,,,,,,,,"Kyle Hendricks","12049",543294
"River Ryan","LAD",3,2,,4.3962,20,19,0,0,,73.7,321,70,39,36,10,31,0,5,66,8.0597,3.78562,2.12903,1.22117,0.205607,0.0965732,0.10903426259756088,0.245614,1.37042,0.287081,0.712644,,,4.60474,0.57031,0.620013,999,,,,,,,264.37997741699223,3.5872454323527343,262.49998474121094,3.5617367111366183,,,,,,,,,,,,,,,,,,,"River Ryan","29514",689981
"Adam Seminaris","SEA",4,5,,4.39331,21,12,0,0,,71.7,316,75,38,35,8,25,0,2,54,6.77824,3.13808,2.16,1.00418,0.170886,0.0791139,0.09177214652299881,0.259516,1.3947,0.295154,0.698198,,,4.2404,0.566726,0.265544,999,,,,,,,264.1799774169922,3.6845186703103323,281.49998474121094,3.9260808468990076,,,,,,,,,,,,,,,,,,,"Adam Seminaris","sa3015010",694372
"Jack Kochanowicz","LAA",7,10,,4.90789,25,24,0,1,,135.7,595,150,80,74,19,38,1,12,74,4.90789,2.52027,1.94737,1.26013,0.12437,0.0638655,0.06050419807434082,0.275229,1.38541,0.289823,0.669145,,,5.00141,0.566478,0.491193,664.3900146484375,,,,,,,382.47997741699214,2.8185702727972437,433.49998474121094,3.1945467537965655,,,,,,,,,,,,,,,,,,,"Jack Kochanowicz","27688",686799
"Ryan Watson","TOR",3,4,,4.33287,20,10,0,0,,72.7,315,74,38,35,9,23,0,3,53,6.56121,2.84732,2.30435,1.11417,0.168254,0.0730159,0.095238097012043,0.256055,1.33425,0.286344,0.699052,,,4.39069,0.563899,0.503293,999,,,,,,,262.87997741699223,3.6159558246494314,274.49998474121094,3.775790870206468,,,,,,,,,,,,,,,,,,,"Ryan Watson","sa3023682",701511
"Matt Osterberg",,4,6,,4.93841,20,19,0,0,,89.3,392,101,53,49,13,24,0,3,53,5.34155,2.41881,2.20833,1.31019,0.135204,0.0612245,0.07397958636283875,0.276712,1.39978,0.294314,0.674157,,,4.77902,0.561245,0.300499,999,,,,,,,263.3200225830078,2.948712358166314,302.50001525878906,3.3874580618262873,,,,,,,,,,,,,,,,,,,"Matt Osterberg","sa3017462",684296
"Glenn Otto","HOU",5,5,,4.34944,20,16,0,0,,80.7,349,73,42,39,11,35,0,6,78,8.69888,3.90335,2.22857,1.22677,0.223496,0.100287,0.12320917099714279,0.237013,1.33829,0.283105,0.712743,,,4.52955,0.557324,0.665375,999,,,,,,,305.07997741699216,3.7804211766285256,293.49998474121094,3.6369268381689075,,,,,,,,,,,,,,,,,,,"Glenn Otto","21366",657248
"Ryan Pressly",,3,2,,3.35294,52,0,25,5,,51,212,46,21,19,5,15,0,1,53,9.35294,2.64706,3.53333,0.882353,0.25,0.0707547,0.17924528568983078,0.234694,1.19608,0.297101,0.740741,,,3.30373,0.556613,0.532495,169.14999389648438,,,,,,,399.30000000000007,7.829411764705884,393,7.705882352941177,,,,,,,,,,,,,,,,,,,"Ryan Pressly","7005",519151
"Adam Kloffenstein","TOR",5,5,,4.48598,20,19,0,0,,96.3,426,94,52,48,12,40,0,9,77,7.19626,3.73832,1.925,1.1215,0.180751,0.0938967,0.08685445785522461,0.249337,1.39148,0.284722,0.699659,,,4.71373,0.555928,0.649483,999,,,,,,,327.6200225830079,3.402076969892969,332.50001525878906,3.4527518662702654,,,,,,,,,,,,,,,,,,,"Adam Kloffenstein","24493",680572
"Kyle Muller",,4,4,,4.59,27,14,0,0,,100,435,102,55,51,13,36,2,3,80,7.2,3.24,2.22222,1.17,0.183908,0.0827586,0.10114942491054535,0.257576,1.38,0.293729,0.692821,,,4.42648,0.554448,0.275883,999,,,,,,,357.90000000000003,3.579,374,3.74,,,,,,,,,,,,,,,,,,,"Kyle Muller","20167",666205
"Spencer Turnbull","KCR",2,2,,4.38596,15,8,0,0,,51.3,221,47,27,25,6,20,0,5,49,8.59649,3.50877,2.45,1.05263,0.221719,0.0904977,0.1312217190861702,0.239796,1.30604,0.29078,0.682594,,,4.2386,0.55432,0.440554,720.97998046875,,,,,,,206.6199943542481,4.0276802617373155,201.49999618530273,3.9278752277199556,,,,,,,,,,,,,,,,,,,"Spencer Turnbull","16207",605513
"Alex Cornwell","STL",5,5,,4.5,22,15,0,0,,90,393,97,49,45,12,26,0,4,62,6.2,2.6,2.38462,1.2,0.157761,0.0661578,0.09160305559635162,0.267218,1.36667,0.294118,0.696799,,,4.52204,0.553766,0.562256,999,,,,,,,300.2,3.3355555555555556,328,3.6444444444444444,,,,,,,,,,,,,,,,,,,"Alex Cornwell","sa3017501",676498
"Ryan Lobus","TEX",6,6,,4.64945,26,12,0,0,,81.3,350,77,45,42,13,25,0,7,77,8.52398,2.76753,3.08,1.43911,0.22,0.0714286,0.1485714241862297,0.242138,1.25461,0.280702,0.680191,,,4.53179,0.553722,0.346777,999,,,,,,,299.5200225830079,3.684132980810902,295.50001525878906,3.6346863981132405,,,,,,,,,,,,,,,,,,,"Ryan Lobus","sa3022744",815590
"Lachlan Wells",,4,6,,4.8802,16,16,0,0,,79.3,344,88,46,43,13,17,0,4,54,6.12863,1.92938,3.17647,1.47541,0.156977,0.0494186,0.10755813866853714,0.272446,1.32409,0.292969,0.679724,,,4.73016,0.549401,0.379857,999,,,,,,,243.12002258300782,3.0658261440964556,272.50001525878906,3.4363178407563586,,,,,,,,,,,,,,,,,,,"Lachlan Wells","sa877857",649143
"Paul Blackburn","NYY",5,5,,4.66373,18,17,0,1,,90.7,397,94,51,47,13,33,1,3,71,7.0452,3.27453,2.15152,1.28997,0.178841,0.0831234,0.0957178846001625,0.260388,1.40022,0.292419,0.698529,,,4.6549,0.547758,0.364572,672.1300048828125,,,,,,,304.87997741699223,3.361411109980208,322.49998474121094,3.5556780109402326,,,,,,,,,,,,,,,,,,,"Paul Blackburn","14739",621112
"Hayden Wesneski","HOU",5,5,,4.4,30,14,0,1,,90,382,83,48,44,14,32,0,4,86,8.6,3.2,2.6875,1.4,0.225131,0.0837696,0.14136125147342682,0.239884,1.27778,0.280488,0.702306,,,4.47759,0.547363,0.496551,394.7099914550781,,,,,,,345.99999999999994,3.8444444444444437,336,3.7333333333333334,,,,,,,,,,,,,,,,,,,"Hayden Wesneski","27581",669713
"Janson Junk","MIA",4,6,,4.65517,26,15,0,1,,87,382,97,49,45,12,27,0,2,61,6.31034,2.7931,2.25926,1.24138,0.159686,0.0706806,0.0890052393078804,0.274788,1.42529,0.303571,0.699627,,,4.55728,0.544562,0.543097,749.0399780273438,,,,,,,283.00000000000006,3.2528735632183916,318,3.6551724137931036,,,,,,,,,,,,,,,,,,,"Janson Junk","23301",676083
"Jeff Criswell","COL",3,4,,4.66019,37,9,0,0,,92.7,407,92,52,48,14,39,1,3,88,8.54369,3.78641,2.25641,1.35922,0.216216,0.0958231,0.12039312720298767,0.252055,1.41316,0.296578,0.709156,,,4.59043,0.543823,0.852471,999,,,,,,,324.57997741699234,3.5014022449020925,331.49998474121094,3.5760517330577644,,,,,,,,,,,,,,,,,,,"Jeff Criswell","27608",676105
"Roansy Contreras","COL",4,4,,4.30108,37,10,0,1,,83.7,357,79,43,40,11,30,2,3,75,8.06452,3.22581,2.5,1.1828,0.210084,0.0840336,0.1260504201054573,0.243827,1.30227,0.285714,0.705128,,,4.26564,0.54222,0.444813,750.3099975585938,,,,,,,333.6799774169923,3.9866187524873027,330.49998474121094,3.948626007066442,,,,,,,,,,,,,,,,,,,"Roansy Contreras","22810",672710
"Ethan Small","SFG",3,4,,4.13476,27,12,0,1,,65.3,288,62,32,30,7,30,0,2,62,8.54518,4.13476,2.06667,0.964778,0.215278,0.104167,0.1111111119389534,0.242188,1.40888,0.294118,0.729927,,,4.13126,0.540632,0.68094,999,,,,,,,267.9200225830079,4.102909801867088,267.50001525878906,4.096477837018849,,,,,,,,,,,,,,,,,,,"Ethan Small","26364",663629
"Huascar Ynoa",,4,4,,4.42373,17,13,0,1,,59,256,57,31,29,8,24,0,2,56,8.54237,3.66102,2.33333,1.22034,0.21875,0.09375,0.125,0.247826,1.37288,0.295181,0.716332,,,4.35292,0.540488,0.476964,999,,,,,,,228.00000000000006,3.8644067796610178,229,3.8813559322033897,,,,,,,,,,,,,,,,,,,"Huascar Ynoa","20468",660623
"Josh Stephan","TEX",4,6,,4.86486,16,15,0,0,,77.7,335,78,45,42,12,23,0,5,61,7.06564,2.66409,2.65217,1.38996,0.18209,0.0686567,0.11343283951282501,0.254072,1.29987,0.282051,0.665083,,,4.68514,0.53864,0.276792,999,,,,,,,262.5799774169922,3.379407821494549,270.49998474121094,3.481338421691283,,,,,,,,,,,,,,,,,,,"Josh Stephan","sa3015286",695776
"JT Brubaker","SFG",4,4,,4.83617,17,16,0,1,,76.3,332,76,44,41,13,26,0,5,71,8.37484,3.06684,2.73077,1.53342,0.213855,0.0783133,0.13554216176271439,0.252492,1.33683,0.290323,0.692124,,,4.73922,0.538305,0.290232,999,,,,,,,260.1200225830079,3.40917447154696,265.50001525878906,3.47968551297027,,,,,,,,,,,,,,,,,,,"JT Brubaker","17578",664141
"Penn Murfee",,2,3,,4.17219,29,5,2,11,,45.3,192,41,23,21,5,17,2,3,46,9.13907,3.37748,2.70588,0.993378,0.239583,0.0885417,0.1510416641831398,0.238372,1.28035,0.297521,0.686275,,,3.89496,0.535924,0.280409,749.0399780273438,,,,,,,253.11999435424806,5.587637938571247,247.49999618530273,5.463576166747915,,,,,,,,,,,,,,,,,,,"Penn Murfee","25174",682171
"Jason Alexander","HOU",4,6,,4.72779,23,20,0,0,,104.7,459,114,59,55,14,30,0,6,71,6.10315,2.5788,2.36667,1.20344,0.154684,0.0653595,0.08932461589574814,0.269504,1.37536,0.295858,0.68328,,,4.58004,0.534422,0.283214,999,,,,,,,340.1799774169923,3.249092524665098,375.49998474121094,3.5864373991036227,,,,,,,,,,,,,,,,,,,"Jason Alexander","19666",669920
"Osvaldo Bido","ATH",6,6,,4.57944,24,16,0,1,,96.3,420,88,53,49,12,41,0,10,91,8.50467,3.83178,2.21951,1.1215,0.216667,0.097619,0.1190476194024086,0.238482,1.33956,0.285714,0.677362,,,4.48528,0.533362,0.32691,440.82000732421875,,,,,,,369.22002258300785,3.8340603414577803,358.50001525878906,3.722741473498273,,,,,,,,,,,,,,,,,,,"Osvaldo Bido","23150",674370
"Josh Sborz","TEX",3,2,,3.74134,47,0,2,1,,43.3,184,38,19,18,4,17,1,0,48,9.97691,3.53349,2.82353,0.831409,0.26087,0.0923913,0.16847825795412064,0.227545,1.27021,0.295652,0.728745,,,3.32814,0.532824,0.346276,999,,,,,,,231.41999435424805,5.344572712051581,223.49999618530273,5.161662820400437,,,,,,,,,,,,,,,,,,,"Josh Sborz","18323",622250
"Erik Miller","SFG",4,3,,3.75,62,8,1,12,,60,261,48,27,25,6,34,0,2,75,11.25,5.1,2.20588,0.9,0.287356,0.130268,0.15708811581134796,0.213333,1.36667,0.291667,0.747283,,,3.76648,0.532407,0.654402,999,,,,,,,340.4,5.673333333333333,317,5.283333333333333,,,,,,,,,,,,,,,,,,,"Erik Miller","26252",669062
"Zach Penrod","LAD",5,5,,4.47833,28,11,0,0,,62.3,275,58,34,31,7,31,0,4,63,9.10112,4.47833,2.03226,1.01124,0.229091,0.112727,0.11636364459991455,0.241667,1.42857,0.3,0.694444,,,4.29008,0.53165,0.470932,999,,,,,,,245.11999435424804,3.9345103909476924,241.49999618530273,3.8764044806222255,,,,,,,,,,,,,,,,,,,"Zach Penrod","25368",683068
"Dennis Santana","PIT",3,3,,3.83607,55,1,2,15,,61,258,54,28,26,5,24,1,3,58,8.55738,3.54098,2.41667,0.737705,0.224806,0.0930233,0.13178294897079468,0.233766,1.27869,0.291667,0.704225,,,3.65828,0.530078,0.534661,549.3599853515625,,,,,,,354.5000000000001,5.811475409836067,345,5.655737704918033,,,,,,,,,,,,,,,,,,,"Dennis Santana","17878",642701
"Porter Hodge","CHC",4,4,,3.96871,41,7,11,10,,70.3,305,57,34,31,7,35,0,6,77,9.85775,4.4808,2.2,0.896159,0.252459,0.114754,0.13770492374897003,0.215909,1.30868,0.277778,0.705596,,,4.01996,0.529894,0.552769,281.7099914550781,,,,,,,411.9200225830078,5.859459526335084,386.50001525878906,5.4978662657273505,,,,,,,,,,,,,,,,,,,"Porter Hodge","26413",687863
"Tyler Wells","BAL",5,4,,4.32591,23,15,0,1,,85.3,348,79,44,41,14,25,0,2,74,7.80774,2.63775,2.96,1.47714,0.212644,0.0718391,0.14080460369586945,0.246106,1.21923,0.27897,0.7109,,,4.51466,0.529193,0.652986,999,,,,,,,324.6200225830079,3.8056273267192844,315.50001525878906,3.6987104803191144,,,,,,,,,,,,,,,,,,,"Tyler Wells","20000",669330
"Robinson Piña","TOR",7,10,,4.77339,24,20,0,0,,103.7,465,112,59,55,14,41,0,7,81,7.02989,3.55834,1.97561,1.21504,0.174194,0.088172,0.08602150529623032,0.268585,1.47541,0.304348,0.704648,,,4.74796,0.527165,0.684525,999,,,,,,,321.9799774169922,3.1049179063881356,354.49998474121094,3.4185149004213162,,,,,,,,,,,,,,,,,,,"Robinson Pina","23091",673820
"Craig Yoho","MIL",3,3,,3.55476,47,0,0,0,,55.7,233,43,24,22,6,22,0,5,69,11.149,3.55476,3.13636,0.969479,0.296137,0.0944206,0.20171672850847244,0.208738,1.16697,0.282443,0.724382,,,3.5435,0.527058,0.544866,999,,,,,,,283.58000564575195,5.091202904155698,257.50000381469727,4.62298025651065,,,,,,,,,,,,,,,,,,,"Craig Yoho","33248",684974
"Chris Murphy","BOS",4,5,,4.73118,22,12,0,1,,83.7,371,84,48,44,10,37,0,5,69,7.41935,3.97849,1.86486,1.07527,0.185984,0.0997305,0.08625335991382599,0.255319,1.44564,0.296,0.682243,,,4.57628,0.525849,0.488484,999,,,,,,,293.97997741699226,3.5123057124934127,304.49998474121094,3.637992781881527,,,,,,,,,,,,,,,,,,,"Chris Murphy","26214",669684
"Brian Van Belle","TBR",5,7,,4.72727,25,14,0,0,,99,430,110,56,52,15,27,0,3,68,6.18182,2.45455,2.51852,1.36364,0.15814,0.0627907,0.09534884244203568,0.275,1.38384,0.299685,0.698276,,,4.67153,0.525619,0.658984,999,,,,,,,308.1,3.1121212121212123,346,3.494949494949495,,,,,,,,,,,,,,,,,,,"Brian Van Belle","27695",687003
"Blayne Enlow",,3,4,,4.39024,20,15,0,0,,69.7,305,70,37,34,8,24,0,6,57,7.36012,3.099,2.375,1.033,0.186885,0.0786885,0.10819672793149948,0.254545,1.34864,0.295238,0.688406,,,4.31426,0.52434,0.527216,999,,,,,,,259.37997741699223,3.721377170354865,268.49998474121094,3.852223766101362,,,,,,,,,,,,,,,,,,,"Blayne Enlow","sa3005117",669416
"Ryan Burr","TOR",3,2,,3.39623,46,3,0,1,,47.7,199,41,19,18,6,16,0,1,54,10.1887,3.01887,3.375,1.13208,0.271357,0.080402,0.1909547820687294,0.225275,1.19497,0.286885,0.781893,,,3.60673,0.524036,0.681575,999,,,,,,,233.58000564575198,4.896855385948592,221.50000381469727,4.643605875721324,,,,,,,,,,,,,,,,,,,"Ryan Burr","17536",621114
"Joe Ross","CHC",3,4,,4.71822,24,12,0,6,,76.3,335,77,43,40,10,30,2,4,62,7.31324,3.53866,2.06667,1.17955,0.185075,0.0895522,0.09552238881587982,0.255814,1.40236,0.292576,0.688172,,,4.58194,0.520934,0.356654,739.3200073242188,,,,,,,287.4200225830079,3.7669726223737845,297.50001525878906,3.8990826128405405,,,,,,,,,,,,,,,,,,,"Joe Ross","12972",605452
"Garrett Burhenn","DET",4,6,,4.67647,24,22,0,0,,102,449,108,57,53,15,34,0,4,76,6.70588,3,2.23529,1.32353,0.169265,0.0757238,0.09354119747877121,0.262774,1.39216,0.290625,0.702479,,,4.7057,0.520629,0.494002,999,,,,,,,327.50000000000006,3.210784313725491,353,3.4607843137254903,,,,,,,,,,,,,,,,,,,"Garrett Burhenn","sa3018173",696148
"Logan Allen",,4,5,,4.38395,29,15,0,0,,104.7,465,110,55,51,12,40,0,6,78,6.70487,3.4384,1.95,1.03152,0.167742,0.0860215,0.08172043412923813,0.26253,1.43266,0.297872,0.713213,,,4.48453,0.520569,0.959984,746.8200073242188,,,,,,,359.1799774169922,3.4305633991044973,385.49998474121094,3.681948385650675,,,,,,,,,,,,,,,,,,,"Logan Allen","18555",663531
"Tim Herrin","CLE",4,3,,3.44498,62,0,0,14,,62.7,266,52,26,24,5,27,0,3,65,9.33014,3.8756,2.40741,0.717703,0.244361,0.101504,0.1428571492433548,0.220339,1.25997,0.283133,0.736111,,,3.5652,0.520565,0.627233,750.2999877929688,,,,,,,363.28000564575206,5.79393941348209,344.50000381469727,5.494417856822793,,,,,,,,,,,,,,,,,,,"Tim Herrin","25139",682120
"Blake Treinen","LAD",5,3,,3.32609,49,1,7,14,,46,188,39,18,17,5,14,1,2,49,9.58696,2.73913,3.5,0.978261,0.260638,0.0744681,0.18617021292448044,0.226744,1.15217,0.288136,0.76087,,,3.49257,0.52043,0.641584,483.94000244140625,,,,,,,318.5,6.923913043478261,306,6.6521739130434785,,,,,,,,,,,,,,,,,,,"Blake Treinen","12572",595014
"Bryan Hudson","CHW",5,3,,3.5545,47,2,1,11,,63.3,263,51,27,25,7,25,0,3,67,9.52607,3.5545,2.68,0.995261,0.254753,0.095057,0.1596958115696907,0.217021,1.20063,0.273292,0.740181,,,3.81419,0.517361,0.763312,999,,,,,,,348.719994354248,5.509004716544787,324.49999618530273,5.126382308000348,,,,,,,,,,,,,,,,,,,"Bryan Hudson","19924",663542
"Hurston Waldrep","ATL",6,6,,4.58112,20,20,0,1,,94.3,421,95,52,48,13,44,0,2,84,8.01697,4.19936,1.90909,1.24072,0.199525,0.104513,0.0950118750333786,0.253333,1.47402,0.294964,0.720199,,,4.6405,0.515601,0.746338,716.9400024414062,,,,,,,324.92002258300784,3.4455992796168964,336.50001525878906,3.5683987737953364,,,,,,,,,,,,,,,,,,,"Hurston Waldrep","33527",694462
"Jacob Lopez","ATH",5,5,,4.33735,24,19,0,1,,91.3,397,84,48,44,12,40,0,7,87,8.57612,3.94304,2.175,1.18291,0.219144,0.100756,0.11838790029287338,0.24,1.35816,0.286853,0.708955,,,4.51369,0.512749,0.579577,999,,,,,,,346.6200225830079,3.7964951916431984,337.50001525878906,3.6966046437858373,,,,,,,,,,,,,,,,,,,"Jacob Lopez","25098",682052
"Shaun Anderson","LAA",4,6,,4.87085,24,13,0,0,,81.3,357,91,48,44,13,23,0,2,61,6.75277,2.54613,2.65217,1.43911,0.170868,0.0644258,0.10644257813692093,0.274096,1.40221,0.302326,0.688935,,,4.66709,0.511222,0.166328,999,,,,,,,252.1200225830079,3.101107172437637,284.50001525878906,3.4993850501785166,,,,,,,,,,,,,,,,,,,"Shaun Anderson","19453",641312
"Max Rajcic","STL",9,11,,4.61157,24,23,0,0,,121,527,126,67,62,17,39,0,8,84,6.24793,2.90083,2.15385,1.26446,0.159393,0.0740038,0.08538899570703506,0.2625,1.36364,0.287599,0.694051,,,4.76979,0.510499,0.739275,999,,,,,,,385.70000000000005,3.1876033057851245,411,3.396694214876033,,,,,,,,,,,,,,,,,,,"Max Rajcic","sa3020746",691008
"A.J. Minter","NYM",6,3,,3.41556,59,0,2,12,,52.7,215,44,22,20,6,17,1,1,58,9.90512,2.90323,3.41176,1.02467,0.269767,0.0790698,0.19069766253232956,0.22335,1.1575,0.285714,0.741445,,,3.47009,0.509742,0.49369,652.1599731445312,,,,,,,321.780005645752,6.105882371676157,305.50000381469727,5.7969639353314,,,,,,,,,,,,,,,,,,,"A.J. Minter","18655",621345
"Brandon Leibrandt",,3,4,,4.625,17,13,0,0,,72,313,76,40,37,11,22,0,3,54,6.75,2.75,2.45455,1.375,0.172524,0.0702875,0.10223641991615295,0.263889,1.36111,0.29148,0.702179,,,4.69426,0.509391,0.390313,999,,,,,,,232.90000000000006,3.234722222222223,250,3.4722222222222223,,,,,,,,,,,,,,,,,,,"Brandon Leibrandt","16135",605335
"Aaron Brown",,5,6,,4.48627,23,15,0,0,,98.3,426,104,53,49,15,29,0,3,73,6.68362,2.65514,2.51724,1.37335,0.171362,0.0680751,0.10328638553619385,0.263959,1.353,0.29085,0.714286,,,4.64156,0.509283,0.574729,999,,,,,,,322.52002258300786,3.2809767301145625,346.50001525878906,3.52492374874441,,,,,,,,,,,,,,,,,,,"Aaron Brown","sa3017500",676345
"Wade Miley","CIN",4,6,,4.98795,17,17,0,0,,83,363,91,50,46,12,31,0,2,51,5.53012,3.36145,1.64516,1.3012,0.140496,0.0853994,0.05509641766548157,0.275758,1.46988,0.29588,0.684411,,,5.00985,0.508699,0.4928,999,,,,,,,233.00000000000003,2.807228915662651,262,3.1566265060240966,,,,,,,,,,,,,,,,,,,"Wade Miley","8779",489119
"Joe Mantiply","TOR",4,2,,3.5503,61,2,0,12,,50.7,215,49,22,20,4,16,3,1,44,7.81065,2.84024,2.75,0.710059,0.204651,0.0744186,0.1302325576543808,0.247475,1.28205,0.3,0.723906,,,3.46234,0.507487,0.581869,748.9600219726562,,,,,,,283.58000564575195,5.5932939127890995,286.50000381469727,5.6508875641698655,,,,,,,,,,,,,,,,,,,"Joe Mantiply","14857",573009
"Jairo Iriarte","CHW",4,8,,5.00456,27,20,0,1,,109.7,497,107,66,61,14,55,0,14,97,7.95807,4.51231,1.76364,1.14859,0.195171,0.110664,0.0845070481300354,0.25,1.47675,0.293375,0.674157,,,4.94406,0.506866,0.120209,750.4600219726562,,,,,,,352.3799774169923,3.2122150156781637,357.49998474121094,3.25888782758931,,,,,,,,,,,,,,,,,,,"Jairo Iriarte","26907",683568
"Trevor Megill","MIL",2,2,,3.37237,45,1,28,2,,42.7,183,38,17,16,5,15,2,1,51,10.7494,3.16159,3.4,1.05386,0.278689,0.0819672,0.19672130793333054,0.227545,1.24122,0.297297,0.782609,,,3.42409,0.505968,0.606269,127.13999938964844,,,,,,,357.680005645752,8.376580778803936,350.50000381469727,8.208430856022519,,,,,,,,,,,,,,,,,,,"Trevor Megill","17722",656730
"Dakota Hudson","LAA",5,10,,5.11765,21,19,0,1,,102,457,109,63,58,12,44,0,6,64,5.64706,3.88235,1.45455,1.05882,0.140044,0.0962801,0.043763674795627594,0.267813,1.5,0.293051,0.660793,,,4.91158,0.505915,0.0818283,999,,,,,,,305.80000000000007,2.998039215686275,336,3.2941176470588234,,,,,,,,,,,,,,,,,,,"Dakota Hudson","19206",641712
"Scott Barlow","CIN",3,4,,4.05546,61,0,2,10,,57.7,245,50,28,26,7,24,2,3,67,10.4506,3.7435,2.79167,1.09185,0.273469,0.0979592,0.1755102053284645,0.229358,1.2825,0.298611,0.716511,,,3.82506,0.504954,0.409658,581.469970703125,,,,,,,313.880005645752,5.439861377737732,300.50000381469727,5.207972267614034,,,,,,,,,,,,,,,,,,,"Scott Barlow","14993",605130
"David Sandlin","BOS",3,3,,4.75,21,21,0,0,,72,312,75,41,38,13,22,0,1,66,8.25,2.75,3,1.625,0.211538,0.0705128,0.14102564007043839,0.259516,1.34722,0.295238,0.71066,,,4.6387,0.504874,0.550261,999,,,,,,,240.9000000000001,3.3458333333333345,254,3.5277777777777777,,,,,,,,,,,,,,,,,,,"David Sandlin","sa3020606",689818
"Logan Workman","TBR",6,8,,4.69565,25,24,0,0,,115,499,120,65,60,17,36,0,5,84,6.57391,2.81739,2.33333,1.33043,0.168337,0.0721443,0.0961923822760582,0.262009,1.35652,0.288515,0.688351,,,4.69691,0.504854,0.310361,999,,,,,,,374.9,3.26,399,3.4695652173913043,,,,,,,,,,,,,,,,,,,"Logan Workman","sa3017313",694312
"Anthony Veneziano","STL",5,6,,4.57627,33,17,1,11,,100.3,448,106,55,51,13,41,0,6,81,7.2682,3.67896,1.97561,1.1665,0.180804,0.0915179,0.089285708963871,0.264339,1.4656,0.302932,0.714286,,,4.64205,0.501624,0.741518,999,,,,,,,376.7200225830079,3.7559323142653254,402.50001525878906,4.012961146681989,,,,,,,,,,,,,,,,,,,"Anthony Veneziano","27453",685107
"Cole Irvin",,6,8,,4.75703,27,19,0,0,,117.3,508,129,67,62,19,29,1,7,83,6.36829,2.22506,2.86207,1.4578,0.163386,0.0570866,0.10629921033978462,0.273305,1.34697,0.297297,0.692542,,,4.77773,0.50106,0.387691,750.9299926757812,,,,,,,356.92002258300784,3.0427963622943754,397.50001525878906,3.3887468449885287,,,,,,,,,,,,,,,,,,,"Cole Irvin","19244",608344
"Josh Maciejewski","MIL",4,4,,4.375,26,10,0,0,,72,312,70,38,35,10,26,0,3,63,7.875,3.25,2.42308,1.25,0.201923,0.0833333,0.11858973652124405,0.24735,1.33333,0.285714,0.707317,,,4.43037,0.499282,0.53154,999,,,,,,,266.80000000000007,3.7055555555555566,269,3.736111111111111,,,,,,,,,,,,,,,,,,,"Josh Maciejewski","21310",656671
"Jordan Romano","PHI",5,3,,3.70588,52,0,23,5,,51,211,43,23,21,6,17,3,2,57,10.0588,3,3.35294,1.05882,0.270142,0.0805687,0.18957344442605972,0.223958,1.17647,0.286822,0.717054,,,3.57824,0.496401,0.397599,158.24000549316406,,,,,,,383.8,7.525490196078431,369,7.235294117647059,,,,,,,,,,,,,,,,,,,"Jordan Romano","16122",605447
"Billy Corcoran","ARI",7,8,,4.48839,23,23,0,0,,116.3,512,126,63,58,16,37,1,5,78,6.03611,2.86328,2.10811,1.23818,0.152344,0.0722656,0.080078125,0.268085,1.40155,0.292553,0.711238,,,4.697,0.490918,1.06051,999,,,,,,,366.2200225830078,3.1489253050150507,403.50001525878906,3.4694755345725707,,,,,,,,,,,,,,,,,,,"Billy Corcoran","sa3020172",682225
"Mike Burrows","PIT",3,4,,4.56164,21,19,0,1,,73,315,71,40,37,10,29,0,3,60,7.39726,3.57534,2.06897,1.23288,0.190476,0.0920635,0.09841269999742508,0.250883,1.36986,0.286385,0.697674,,,4.61853,0.490371,0.642157,750.719970703125,,,,,,,260.6,3.5698630136986305,263,3.6027397260273974,,,,,,,,,,,,,,,,,,,"Mike Burrows","24728",681347
"Shawn Armstrong","TEX",2,3,,4.39421,47,5,0,9,,55.3,241,54,29,27,7,18,0,3,55,8.95118,2.92948,3.05556,1.13924,0.228216,0.0746888,0.15352696925401688,0.245455,1.30199,0.297468,0.691318,,,3.96214,0.487884,0.156103,999,,,,,,,265.719994354248,4.805063255338523,268.49999618530273,4.855334536882984,,,,,,,,,,,,,,,,,,,"Shawn Armstrong","12857",542888
"Cade Horton","CHC",3,4,,4.41558,18,18,0,0,,69.3,293,66,37,34,10,23,0,3,58,7.53247,2.98701,2.52174,1.2987,0.197952,0.0784983,0.11945392936468124,0.247191,1.28427,0.281407,0.693333,,,4.49404,0.486061,0.523028,999,,,,,,,256.2200225830078,3.6972584603155902,254.50001525878906,3.6724387309003674,,,,,,,,,,,,,,,,,,,"Cade Horton","31872",690990
"Tekoah Roby","STL",4,4,,4.34846,17,17,0,0,,68.3,291,68,36,33,10,21,0,3,55,7.24744,2.7672,2.61905,1.31772,0.189003,0.0721649,0.1168384924530983,0.254682,1.30307,0.287129,0.706667,,,4.51348,0.484976,0.605457,999,,,,,,,243.62002258300782,3.566910859409367,249.50001525878906,3.6530015243149796,,,,,,,,,,,,,,,,,,,"Tekoah Roby","sa3014519",694358
"Shawn Dubin","BAL",2,3,,4.05253,32,6,0,1,,53.3,237,48,26,24,5,27,0,3,56,9.45591,4.5591,2.07407,0.844278,0.236287,0.113924,0.12236287444829941,0.231884,1.40713,0.294521,0.720588,,,3.97323,0.483749,0.398413,999,,,,,,,234.11999435424804,4.392495266518874,227.49999618530273,4.268292672453126,,,,,,,,,,,,,,,,,,,"Shawn Dubin","24977",681869
"Alan Rangel","PHI",5,6,,4.97647,21,18,0,0,,85,371,87,51,47,13,31,0,4,67,7.09412,3.28235,2.16129,1.37647,0.180593,0.0835579,0.09703505039215088,0.258929,1.38824,0.289062,0.671343,,,4.81354,0.482877,0.211886,999,,,,,,,271.90000000000003,3.198823529411765,285,3.3529411764705883,,,,,,,,,,,,,,,,,,,"Alan Rangel","19524",660604
"Nick Sinacola","SFG",5,6,,4.58288,23,16,0,0,,92.3,405,99,51,47,12,28,0,5,66,6.43554,2.73023,2.35714,1.1701,0.162963,0.0691358,0.09382715821266174,0.266129,1.37595,0.295918,0.689655,,,4.49909,0.482572,0.478646,999,,,,,,,311.02002258300786,3.3696642719350876,338.50001525878906,3.667388993139827,,,,,,,,,,,,,,,,,,,"Nick Sinacola","sa3017862",701161
"Michael Morales","SEA",6,7,,4.65153,25,25,0,0,,127.7,554,132,71,66,19,42,0,4,93,6.55442,2.96006,2.21429,1.33908,0.16787,0.0758123,0.09205775707960129,0.259843,1.36257,0.285354,0.698779,,,4.72482,0.480381,0.305664,999,,,,,,,416.07997741699234,3.2582614515302835,439.49998474121094,3.441660103714362,,,,,,,,,,,,,,,,,,,"Michael Morales","sa3017783",691786
"Pete Fairbanks","TBR",4,3,,3.34792,47,0,25,6,,45.7,190,38,18,17,4,18,1,1,51,10.0438,3.54486,2.83333,0.787746,0.268421,0.0947368,0.17368420958518982,0.222222,1.22538,0.293103,0.753968,,,3.31965,0.479538,0.503626,151.47999572753906,,,,,,,384.180005645752,8.40656453461821,370.50000381469727,8.107220954690996,,,,,,,,,,,,,,,,,,,"Pete Fairbanks","17998",664126
"Shane Drohan","BOS",5,7,,4.85437,23,19,0,0,,92.7,416,95,54,50,12,45,0,4,77,7.47573,4.36893,1.71111,1.16505,0.185096,0.108173,0.07692307978868484,0.258856,1.51025,0.298561,0.698052,,,4.77382,0.47732,0.556829,999,,,,,,,298.37997741699223,3.2187700888877995,314.49998474121094,3.3926644562545976,,,,,,,,,,,,,,,,,,,"Shane Drohan","sa3014447",675660
"Reed Garrett","NYM",6,4,,3.52941,47,0,0,15,,51,222,43,22,20,5,25,1,1,63,11.1176,4.41176,2.52,0.882353,0.283784,0.112613,0.1711711809039116,0.219388,1.33333,0.296875,0.754098,,,3.49981,0.475914,0.401481,744.1500244140625,,,,,,,312.1,6.119607843137255,298,5.8431372549019605,,,,,,,,,,,,,,,,,,,"Reed Garrett","16866",657585
"Kody Funderburk","MIN",3,3,,4.13115,36,4,0,1,,61,268,56,30,28,6,27,0,5,62,9.14754,3.98361,2.2963,0.885246,0.231343,0.100746,0.13059701770544052,0.237288,1.36066,0.297619,0.710456,,,3.98615,0.474109,0.365086,999,,,,,,,264.0000000000001,4.3278688524590185,259,4.245901639344262,,,,,,,,,,,,,,,,,,,"Kody Funderburk","24993",681892
"Lucas Erceg","KCR",4,3,,3.68715,52,0,10,10,,53.7,233,45,24,22,4,25,2,5,60,10.0559,4.18994,2.4,0.670391,0.257511,0.107296,0.15021458268165588,0.221675,1.30354,0.294964,0.714286,,,3.57616,0.472631,0.489364,188.22999572753906,,,,,,,351.1800056457519,6.539664816692432,336.50000381469727,6.266294209197285,,,,,,,,,,,,,,,,,,,"Lucas Erceg","19360",668674
"Emerson Hancock","SEA",7,9,,4.56057,25,25,0,1,,126.3,546,128,69,64,18,42,0,7,92,6.55582,2.99287,2.19048,1.28266,0.168498,0.0769231,0.09157509356737137,0.257545,1.346,0.284238,0.697514,,,4.72626,0.47263,0.427279,609.4099731445312,,,,,,,421.420022583008,3.336658847191871,438.50001525878906,3.4718923567966304,,,,,,,,,,,,,,,,,,,"Emerson Hancock","27470",676106
"Marco Raya","MIN",3,4,,4.82315,26,26,0,0,,93.3,414,93,54,50,13,40,0,7,80,7.71704,3.85852,2,1.25402,0.193237,0.0966184,0.09661835432052612,0.253406,1.42551,0.291971,0.688153,,,4.7742,0.471075,0.306372,999,,,,,,,307.72002258300785,3.2981780548528103,316.50001525878906,3.392283010786312,,,,,,,,,,,,,,,,,,,"Marco Raya","sa3014550",694397
"Cory Lewis","MIN",5,6,,4.62077,22,20,0,0,,85.7,374,86,48,44,13,37,0,1,75,7.87631,3.88565,2.02703,1.36523,0.200535,0.0989305,0.10160428285598755,0.255952,1.43524,0.294355,0.715649,,,4.71841,0.469696,0.425688,999,,,,,,,286.6799774169922,3.345157381862338,295.49998474121094,3.4480746238494704,,,,,,,,,,,,,,,,,,,"Cory Lewis","sa3020702",675375
"Walker Powell","CHC",6,6,,4.37424,21,13,0,0,,82.3,348,85,43,40,12,20,0,3,57,6.23329,2.18712,2.85,1.31227,0.163793,0.0574713,0.10632183775305748,0.261538,1.27582,0.285156,0.702948,,,4.5152,0.467527,0.627998,999,,,,,,,285.42002258300784,3.468043888206292,300.50001525878906,3.6512758701820096,,,,,,,,,,,,,,,,,,,"Walker Powell","sa3017815",689608
"Peter Solomon",,4,6,,5.09225,22,13,0,0,,81.3,359,82,50,46,11,35,0,2,65,7.19557,3.87454,1.85714,1.21771,0.181058,0.097493,0.08356545865535736,0.254658,1.43911,0.288618,0.659449,,,4.69169,0.466895,-0.0893887,999,,,,,,,272.1200225830079,3.3471096232280435,282.50001525878906,3.474784805099476,,,,,,,,,,,,,,,,,,,"Peter Solomon","20476",656981
"Eiberson Castellano","PHI",4,5,,4.98795,20,16,0,0,,83,372,80,50,46,12,35,0,11,79,8.56627,3.79518,2.25714,1.3012,0.212366,0.094086,0.11827957630157471,0.245399,1.38554,0.289362,0.661914,,,4.80503,0.466669,0.17553,999,,,,,,,278.6,3.3566265060240967,279,3.36144578313253,,,,,,,,,,,,,,,,,,,"Eiberson Castellano","sa3015414",682769
"Stephen Kolek","KCR",4,4,,4.37143,35,7,0,1,,70,308,68,37,34,7,25,0,7,57,7.32857,3.21429,2.28,0.9,0.185065,0.0811688,0.1038961112499237,0.246377,1.32857,0.287736,0.673077,,,4.20934,0.466204,0.206964,694.02001953125,,,,,,,277.09999999999997,3.958571428571428,281,4.014285714285714,,,,,,,,,,,,,,,,,,,"Stephen Kolek","21487",663568
"Hoby Milner","TEX",3,2,,4.06872,55,1,0,7,,55.3,234,53,27,25,6,14,1,4,50,8.13743,2.27848,3.57143,0.976492,0.213675,0.0598291,0.1538461558520794,0.24537,1.21157,0.29375,0.682594,,,3.74514,0.464549,0.203851,999,,,,,,,271.61999435424804,4.911754034387323,272.49999618530273,4.927667268441492,,,,,,,,,,,,,,,,,,,"Hoby Milner","13346",571948
"Justin Hagenman","NYM",4,5,,4.46097,30,10,0,0,,80.7,343,79,43,40,12,25,0,3,69,7.69517,2.7881,2.76,1.33829,0.201166,0.0728863,0.1282798871397972,0.250794,1.28872,0.286325,0.699541,,,4.43042,0.463237,0.339616,999,,,,,,,298.1799774169922,3.694919314659121,301.49998474121094,3.7360594317566234,,,,,,,,,,,,,,,,,,,"Justin Hagenman","21546",663795
"Joel Payamps","ATL",5,4,,3.49073,62,0,2,14,,59.3,244,50,25,23,6,20,3,3,58,8.8027,3.03541,2.9,0.910624,0.237705,0.0819672,0.15573770552873611,0.226244,1.18044,0.280255,0.730519,,,3.68925,0.461531,0.636767,498.67999267578125,,,,,,,348.0199943542481,5.868802678445013,331.49999618530273,5.590219231876923,,,,,,,,,,,,,,,,,,,"Joel Payamps","14332",606303
"Dylan Floro",,5,4,,3.67673,57,0,0,1,,56.3,240,56,25,23,4,17,2,1,44,7.03375,2.71758,2.58824,0.639432,0.183333,0.0708333,0.11250000447034836,0.252252,1.29663,0.298851,0.712166,,,3.4862,0.461443,0.314532,999,,,,,,,259.81999435424814,4.614920033306443,267.49999618530273,4.751332145830932,,,,,,,,,,,,,,,,,,,"Dylan Floro","13394",571670
"Anthony Bender","MIA",4,3,,3.72781,55,1,5,12,,50.7,215,45,23,21,5,18,2,4,54,9.5858,3.19527,3,0.887574,0.251163,0.0837209,0.16744186729192734,0.233161,1.2426,0.298507,0.714286,,,3.62013,0.460081,0.472533,641.22998046875,,,,,,,311.680005645752,6.1475345356125315,303.50000381469727,5.986193279045251,,,,,,,,,,,,,,,,,,,"Anthony Bender","19742",669622
"Ky Bush","CHW",4,8,,4.98489,21,19,0,0,,99.3,446,105,59,55,14,46,0,3,74,6.70695,4.16918,1.6087,1.26888,0.165919,0.103139,0.06278027594089508,0.264484,1.52064,0.294498,0.700152,,,4.98924,0.459499,0.230368,999,,,,,,,290.62002258300777,2.9266869451305944,315.50001525878906,3.1772407408118815,,,,,,,,,,,,,,,,,,,"Ky Bush","29823",681066
"Carlos Estévez","KCR",5,3,,3.58634,55,0,22,6,,52.7,215,45,23,21,5,18,3,1,50,8.5389,3.074,2.77778,0.85389,0.232558,0.0837209,0.14883721619844437,0.229592,1.19545,0.283688,0.714286,,,3.58394,0.459004,0.535749,182.1300048828125,,,,,,,388.480005645752,7.371537002309593,375.50000381469727,7.125237160883733,,,,,,,,,,,,,,,,,,,"Carlos Estevez","14542",608032
"Kyle Brnovich","COL",4,3,,4.34846,18,11,0,0,,68.3,295,67,36,33,9,24,0,5,58,7.64275,3.16252,2.41667,1.18594,0.19661,0.0813559,0.1152542382478714,0.25188,1.33236,0.291457,0.701531,,,4.45491,0.458641,0.431771,999,,,,,,,249.52002258300786,3.6532944573065587,253.50001525878906,3.71156667543172,,,,,,,,,,,,,,,,,,,"Kyle Brnovich","sa3014923",686599
"Nick Mears","MIL",3,2,,3.80282,46,0,0,11,,49.7,216,42,23,21,5,24,1,1,60,10.8652,4.34608,2.5,0.905433,0.277778,0.111111,0.166666679084301,0.219895,1.32797,0.293651,0.728814,,,3.56889,0.455615,0.321786,745.6900024414062,,,,,,,286.080005645752,5.756136846160325,272.50000381469727,5.482897376892929,,,,,,,,,,,,,,,,,,,"Nick Mears","25376",683232
"Tyson Miller","CHC",3,4,,3.98104,46,4,0,1,,63.3,269,57,30,28,7,21,0,4,60,8.53081,2.98578,2.85714,0.995261,0.223048,0.0780669,0.14498141407966614,0.233607,1.23223,0.282486,0.703812,,,3.89318,0.454421,0.44595,749.780029296875,,,,,,,283.11999435424804,4.472669790941932,274.49999618530273,4.336492882998171,,,,,,,,,,,,,,,,,,,"Tyson Miller","19976",668338
"Robert Stephenson","LAA",2,1,,3.6272,41,0,0,1,,39.7,163,33,17,16,6,12,1,1,53,12.0151,2.7204,4.41667,1.3602,0.325153,0.0736196,0.25153374671936035,0.22,1.1335,0.296703,0.765027,,,3.44356,0.452451,0.392204,738.4500122070312,,,,,,,205.18000564575192,5.168262007624205,191.50000381469727,4.823677585252477,,,,,,,,,,,,,,,,,,,"Robert Stephenson","13594",596112
"Ryan Fernandez","STL",4,3,,3.73134,52,0,2,13,,60.3,255,54,27,25,6,22,2,1,60,8.95522,3.28358,2.72727,0.895522,0.235294,0.0862745,0.14901960641145706,0.232759,1.26036,0.289157,0.724852,,,3.61424,0.452133,0.430439,666.4099731445312,,,,,,,345.01999435424796,5.721724688550206,336.49999618530273,5.580431184789948,,,,,,,,,,,,,,,,,,,"Ryan Fernandez","24862",681676
"Drue Hackenberg","ATL",5,6,,4.67018,24,24,0,0,,113.7,514,111,64,59,14,54,0,13,100,7.91557,4.27441,1.85185,1.10818,0.194553,0.105058,0.08949416130781174,0.248322,1.45119,0.291291,0.694636,,,4.77598,0.451956,0.772298,999,,,,,,,379.57997741699216,3.338434367678851,385.49998474121094,3.390501276061563,,,,,,,,,,,,,,,,,,,"Drue Hackenberg","sa3023304",802357
"Kohl Drake","ARI",5,7,,4.97647,21,16,0,0,,85,371,84,51,47,14,31,0,5,76,8.04706,3.28235,2.45161,1.48235,0.204852,0.0835579,0.1212937980890274,0.250746,1.35294,0.285714,0.67086,,,4.79001,0.451873,0.0866907,999,,,,,,,282.4,3.3223529411764705,287,3.376470588235294,,,,,,,,,,,,,,,,,,,"Kohl Drake","sa3021723",684442
"Nic Enright","CLE",3,3,,3.58314,31,1,0,0,,42.7,176,38,18,17,5,12,0,1,45,9.48478,2.52927,3.75,1.05386,0.255682,0.0681818,0.1874999925494194,0.233129,1.17096,0.292035,0.744186,,,3.49435,0.451372,0.457479,999,,,,,,,206.68000564575198,4.840281076180576,199.50000381469727,4.6721311533991585,,,,,,,,,,,,,,,,,,,"Nic Enright","25553",663671
"Landon Harper","ATL",4,4,,4.12112,30,6,0,0,,67.7,293,73,34,31,9,17,1,0,51,6.77991,2.25997,3,1.19646,0.174061,0.0580205,0.11604095622897148,0.264493,1.32939,0.296296,0.723514,,,4.14137,0.451104,0.568657,999,,,,,,,251.47997741699214,3.714623172128839,272.49998474121094,4.025110738919853,,,,,,,,,,,,,,,,,,,"Landon Harper","sa3020404",804542
"Brennan Bernardino","BOS",3,3,,3.8809,52,3,0,7,,48.7,213,45,23,21,4,20,3,5,49,9.05544,3.6961,2.45,0.73922,0.230047,0.0938967,0.13615022599697113,0.239362,1.3347,0.303704,0.707071,,,3.76196,0.450957,0.462196,999,,,,,,,245.18000564575198,5.034496956976091,242.50000381469727,4.979466119418195,,,,,,,,,,,,,,,,,,,"Brennan Bernardino","16835",657514
"Chris Clarke",,3,4,,4.5,20,12,0,0,,66,287,70,36,33,8,18,0,4,44,6,2.45455,2.44444,1.09091,0.15331,0.0627178,0.09059233218431473,0.264151,1.33333,0.29108,0.677083,,,4.4089,0.4483,0.341399,999,,,,,,,230.0000000000001,3.4848484848484866,248,3.757575757575758,,,,,,,,,,,,,,,,,,,"Chris Clarke","sa3011411",669247
"Ryan Webb","CLE",5,6,,4.52882,23,21,0,0,,109.3,488,110,59,55,15,48,0,7,91,7.49314,3.95242,1.89583,1.23513,0.186475,0.0983607,0.08811475336551666,0.254042,1.44556,0.29052,0.722628,,,4.79502,0.448222,0.736097,999,,,,,,,355.3200225830078,3.2508692832766886,368.50001525878906,3.371454757272879,,,,,,,,,,,,,,,,,,,"Ryan Webb","sa3018280",669067
"Trey McGough",,4,5,,4.43662,34,4,0,0,,71,307,72,38,35,9,26,0,1,59,7.47887,3.29577,2.26923,1.14085,0.192182,0.0846906,0.10749185085296631,0.257143,1.38028,0.29717,0.702576,,,4.29324,0.447127,0.161433,999,,,,,,,264.5,3.7253521126760565,275,3.8732394366197185,,,,,,,,,,,,,,,,,,,"Trey McGough","sa1170436",690736
"Michael Kopech","LAD",7,6,,4.21405,45,11,3,10,,89.7,378,71,45,42,14,44,1,5,104,10.4348,4.41472,2.36364,1.40468,0.275132,0.116402,0.158730149269104,0.215805,1.28205,0.270142,0.733753,,,4.51542,0.446714,0.675945,516.0499877929688,,,,,,,422.97997741699226,4.7154960067730665,382.49998474121094,4.26421402178996,,,,,,,,,,,,,,,,,,,"Michael Kopech","17282",656629
"Trevor McDonald","SFG",4,5,,4.46191,23,17,0,1,,82.7,368,85,44,41,9,29,0,10,62,6.74728,3.15599,2.13793,0.979444,0.168478,0.0788044,0.08967391401529312,0.258359,1.37848,0.294574,0.690335,,,4.49659,0.445422,0.612686,999,,,,,,,291.2799774169923,3.52212803102387,307.49998474121094,3.718258719328126,,,,,,,,,,,,,,,,,,,"Trevor McDonald","26448",686790
"Kevin Kelly","TBR",4,4,,3.52174,64,0,0,11,,69,286,62,29,27,7,15,1,8,63,8.21739,1.95652,4.2,0.913043,0.22028,0.0524476,0.1678321696817875,0.235741,1.11594,0.284974,0.714286,,,3.65923,0.445421,0.561379,750.8200073242188,,,,,,,364.3,5.279710144927536,355,5.144927536231884,,,,,,,,,,,,,,,,,,,"Kevin Kelly","25679",687330
"Brandon Eisert","CHW",3,4,,4.34483,45,3,0,1,,58,249,57,30,28,7,20,0,2,53,8.22414,3.10345,2.65,1.08621,0.212851,0.0803213,0.1325301229953766,0.251101,1.32759,0.299401,0.699405,,,4.04579,0.445198,0.158875,999,,,,,,,238.90000000000003,4.11896551724138,243,4.189655172413793,,,,,,,,,,,,,,,,,,,"Brandon Eisert","27668",685126
"Peter Lambert",,3,5,,4.94624,32,9,0,0,,83.7,374,88,50,46,12,34,1,5,73,7.84946,3.65591,2.14706,1.29032,0.195187,0.0909091,0.1042780727148056,0.262687,1.45759,0.304,0.684411,,,4.6838,0.444789,0.532187,999,,,,,,,271.9799774169922,3.2494622142600225,291.49998474121094,3.48267616928907,,,,,,,,,,,,,,,,,,,"Peter Lambert","17969",663567
"Albert Suárez","BAL",5,7,,4.79187,25,17,0,8,,103.3,455,112,59,55,16,36,1,2,82,7.14424,3.1365,2.27778,1.394,0.18022,0.0791209,0.10109890252351761,0.268585,1.43272,0.30094,0.708599,,,4.69601,0.443855,0.218244,653.8599853515625,,,,,,,358.4200225830078,3.469700019306134,390.50001525878906,3.78025173012949,,,,,,,,,,,,,,,,,,,"Albert Suarez","6175",544150
"Josh Walker","BAL",3,3,,3.92789,33,4,0,1,,52.7,226,48,25,23,6,21,0,1,51,8.70968,3.58634,2.42857,1.02467,0.225664,0.0929204,0.13274336606264114,0.235294,1.3093,0.285714,0.726073,,,3.96344,0.441038,0.40651,999,,,,,,,231.38000564575196,4.390512377534286,225.50000381469727,4.278937391843019,,,,,,,,,,,,,,,,,,,"Josh Walker","23617",677020
"Dedniel Núñez","NYM",3,2,,3.54037,37,0,0,4,,48.3,202,41,21,19,6,17,2,0,56,10.4348,3.1677,3.29412,1.11801,0.277228,0.0841584,0.19306931644678116,0.221622,1.20083,0.284553,0.745968,,,3.51845,0.440499,0.362659,731.8699951171875,,,,,,,254.01999435424804,5.259213216702056,240.49999618530273,4.979296065925552,,,,,,,,,,,,,,,,,,,"Dedniel Nunez","23055",673380
"JoJo Romero","STL",5,4,,3.39318,57,0,1,13,,55.7,232,48,23,21,6,18,0,3,59,9.53321,2.90844,3.27778,0.969479,0.25431,0.0775862,0.1767241358757019,0.227488,1.18492,0.287671,0.746528,,,3.57941,0.440302,0.602351,718.2000122070312,,,,,,,325.58000564575195,5.845242391134397,312.50000381469727,5.6104129180303755,,,,,,,,,,,,,,,,,,,"JoJo Romero","19574",668941
"James Paxton",,5,8,,4.97872,20,20,0,0,,94,421,101,56,52,14,44,0,1,79,7.56383,4.21277,1.79545,1.34043,0.187648,0.104513,0.08313539624214172,0.268617,1.54255,0.30742,0.709729,,,4.85797,0.43966,0.488062,999,,,,,,,283.80000000000007,3.0191489361702133,311,3.3085106382978724,,,,,,,,,,,,,,,,,,,"James Paxton","11828",572020
"Blade Tidwell","SFG",7,9,,4.71941,25,21,0,0,,108.7,483,104,62,57,15,54,0,6,98,8.11408,4.47102,1.81481,1.24195,0.202899,0.111801,0.09109730273485184,0.245863,1.45354,0.287097,0.70073,,,4.81321,0.437835,0.31703,999,,,,,,,365.47997741699226,3.3622813953805037,364.49998474121094,3.353265823133083,,,,,,,,,,,,,,,,,,,"Blade Tidwell","31701",694918
"Juan Carela","CHW",4,9,,5.16616,22,22,0,0,,99.3,445,102,62,57,14,40,0,13,78,7.06949,3.62538,1.95,1.26888,0.175281,0.0898876,0.0853932574391365,0.260204,1.43001,0.293333,0.653595,,,5.02952,0.437023,-0.037113,999,,,,,,,294.4200225830078,2.9649548190804,311.50001525878906,3.1369587682331384,,,,,,,,,,,,,,,,,,,"Juan Carela","sa3009237",683636
"Chad Dallas","TOR",4,4,,4.60976,18,18,0,0,,82,362,82,45,42,11,33,0,5,63,6.91463,3.62195,1.90909,1.20732,0.174033,0.0911602,0.08287292718887329,0.253086,1.40244,0.284,0.702811,,,4.76404,0.436151,0.488267,999,,,,,,,270.30000000000007,3.296341463414635,279,3.402439024390244,,,,,,,,,,,,,,,,,,,"Chad Dallas","sa3018180",689149
"Eduardo Salazar","WSN",3,4,,4.6125,39,10,0,7,,80,358,81,44,41,8,33,0,7,61,6.8625,3.7125,1.84848,0.9,0.170391,0.0921788,0.07821229845285416,0.254717,1.425,0.293173,0.680934,,,4.44148,0.434007,0.276478,999,,,,,,,313,3.9125,326,4.075,,,,,,,,,,,,,,,,,,,"Eduardo Salazar","23135",674285
"Ross Stripling",,4,5,,5.11111,21,15,0,0,,81,355,93,50,46,12,22,1,2,52,5.77778,2.44444,2.36364,1.33333,0.146479,0.0619718,0.0845070444047451,0.280967,1.41975,0.303371,0.661914,,,4.69734,0.432191,0.136891,999,,,,,,,241.99999999999994,2.987654320987654,281,3.4691358024691357,,,,,,,,,,,,,,,,,,,"Ross Stripling","13273",548389
"José Buttó","SFG",4,2,,3.48637,61,0,1,16,,69.7,290,54,29,27,7,30,0,5,77,9.94261,3.87374,2.56667,0.903874,0.265517,0.103448,0.1620689556002617,0.211765,1.20517,0.274854,0.74124,,,3.76906,0.432098,0.664001,675.3699951171875,,,,,,,407.2799774169922,5.8433284827749725,375.49998474121094,5.3873744789407905,,,,,,,,,,,,,,,,,,,"Jose Butto","23313",676130
"Cole Wilcox","TBR",6,9,,4.79794,25,25,0,0,,116.3,514,125,67,62,15,39,0,8,75,5.80396,3.01806,1.92308,1.16079,0.145914,0.0758755,0.07003890722990036,0.267666,1.41015,0.291777,0.678322,,,4.76579,0.431909,0.196818,999,,,,,,,360.1200225830079,3.0964747474919765,395.50001525878906,3.4006879181488663,,,,,,,,,,,,,,,,,,,"Cole Wilcox","27481",677961
"Colin Holderman","PIT",4,3,,3.76364,57,1,7,10,,55,233,48,25,23,5,22,1,4,56,9.16364,3.6,2.54545,0.818182,0.240343,0.0944206,0.14592274278402328,0.231884,1.27273,0.294521,0.714286,,,3.73012,0.430724,0.505258,604.5399780273438,,,,,,,329.7,5.994545454545454,319,5.8,,,,,,,,,,,,,,,,,,,"Colin Holderman","22361",670059
"Zak Kent","CLE",2,3,,4.17857,17,12,0,0,,56,246,56,28,26,7,23,1,2,48,7.71429,3.69643,2.08696,1.125,0.195122,0.0934959,0.10162600874900818,0.253394,1.41071,0.295181,0.736994,,,4.41648,0.430061,0.57264,999,,,,,,,203.70000000000007,3.6375000000000015,210,3.75,,,,,,,,,,,,,,,,,,,"Zak Kent","25703",687849
"Luis Medina","ATH",4,6,,4.68402,19,16,0,0,,80.7,360,76,45,42,9,41,1,6,73,8.14126,4.57249,1.78049,1.00372,0.202778,0.113889,0.08888888359069824,0.242812,1.44981,0.290043,0.689655,,,4.55434,0.428574,0.259293,999,,,,,,,293.87997741699223,3.6416355456057246,291.49998474121094,3.6121436897719783,,,,,,,,,,,,,,,,,,,"Luis Medina","21649",665622
"Mike Clevinger",,4,6,,4.80305,16,16,23,5,,78.7,340,80,45,42,13,28,0,6,66,7.54765,3.20203,2.35714,1.48666,0.194118,0.0823529,0.11176470667123795,0.261438,1.3723,0.295154,0.701559,,,4.93268,0.427663,0.370024,456.57000732421875,,,,,,,379.47997741699226,4.821855046151538,389.49998474121094,4.949174076809296,,,,,,,,,,,,,,,,,,,"Mike Clevinger","12808",605182
"David Buchanan",,6,8,,5.04673,23,18,0,0,,117.7,517,134,71,66,19,33,0,3,72,5.50552,2.52336,2.18182,1.45285,0.139265,0.0638298,0.07543519884347916,0.278586,1.41886,0.294872,0.683761,,,4.95917,0.427065,0.102551,999,,,,,,,324.87997741699235,2.76023777264715,377.49998474121094,3.207306665498166,,,,,,,,,,,,,,,,,,,"David Buchanan","11176",571527
"Justin Slaten","BOS",4,4,,3.94881,37,3,3,15,,54.7,236,52,26,24,7,21,0,1,57,9.37843,3.45521,2.71429,1.15174,0.241525,0.0889831,0.1525423750281334,0.242991,1.33455,0.3,0.743671,,,3.95259,0.4265,0.54232,441.3500061035156,,,,,,,306.480005645752,5.602925070768911,305.50000381469727,5.58500913260829,,,,,,,,,,,,,,,,,,,"Justin Slaten","25648",686580
"Kenley Jansen","LAA",3,3,,3.75,50,0,26,4,,48,196,40,22,20,6,17,2,1,54,10.125,3.1875,3.17647,1.125,0.27551,0.0867347,0.18877549469470978,0.224719,1.1875,0.288136,0.720165,,,3.66648,0.426098,0.325299,142.47000122070312,,,,,,,377.40000000000003,7.862500000000001,362,7.541666666666667,,,,,,,,,,,,,,,,,,,"Kenley Jansen","3096",445276
"Justin Jarvis","LAD",6,7,,4.83871,25,16,0,0,,93,408,94,54,50,14,38,0,3,76,7.35484,3.67742,2,1.35484,0.186275,0.0931373,0.09313725680112839,0.256131,1.41935,0.288809,0.69395,,,4.81164,0.425679,0.214701,999,,,,,,,300.6,3.232258064516129,312,3.3548387096774195,,,,,,,,,,,,,,,,,,,"Justin Jarvis","sa3007775",680691
"Jackson Rutledge","WSN",4,7,,5.0177,25,24,0,1,,113,506,115,68,63,15,50,0,10,88,7.00885,3.9823,1.76,1.19469,0.173913,0.0988142,0.07509882003068924,0.257848,1.46018,0.291545,0.673611,,,4.92754,0.423451,0.229643,999,,,,,,,352.70000000000005,3.121238938053098,370,3.274336283185841,,,,,,,,,,,,,,,,,,,"Jackson Rutledge","26215",671131
"Hunter Gaddis","CLE",6,5,,4.04494,49,11,0,17,,89,376,82,43,40,12,29,1,7,78,7.88764,2.93258,2.68966,1.21348,0.207447,0.0771277,0.13031915575265884,0.241176,1.24719,0.28,0.721868,,,4.37996,0.423316,0.772061,699.7000122070312,,,,,,,413.8,4.649438202247191,405,4.550561797752809,,,,,,,,,,,,,,,,,,,"Hunter Gaddis","25636",683769
"Brock Stewart","LAD",1,0,,3,27,0,0,1,,27,113,21,10,9,2,12,2,1,35,11.6667,4,2.91667,0.666667,0.309735,0.106195,0.20353983342647552,0.21,1.22222,0.301587,0.761589,,,2.98129,0.421004,0.403712,750.3300170898438,,,,,,,155.60000000000002,5.7629629629629635,144,5.333333333333333,,,,,,,,,,,,,,,,,,,"Brock Stewart","16727",592779
"Ben Casparius","LAD",5,6,,4.9186,23,17,0,5,,86,381,83,51,47,13,40,0,5,81,8.47674,4.18605,2.025,1.36047,0.212598,0.104987,0.10761155188083649,0.247024,1.43023,0.289256,0.687023,,,4.81764,0.418388,0.123401,745.760009765625,,,,,,,307.7,3.577906976744186,308,3.5813953488372094,,,,,,,,,,,,,,,,,,,"Ben Casparius","30085",676508
"Chris Campos","LAD",5,6,,4.89241,23,14,0,0,,88.3,385,91,52,48,15,30,0,2,74,7.54247,3.05776,2.46667,1.52888,0.192208,0.0779221,0.11428572237491608,0.25779,1.37033,0.287879,0.69,,,4.78596,0.417867,0.120997,999,,,,,,,284.3200225830078,3.219932194298466,298.50001525878906,3.380521007273586,,,,,,,,,,,,,,,,,,,"Chris Campos","sa3020396",702318
"Mark Leiter Jr.","NYY",5,4,,4.01914,47,3,0,12,,62.7,265,52,30,28,9,24,1,6,74,10.622,3.44498,3.08333,1.29187,0.279245,0.090566,0.18867924809455872,0.221277,1.21212,0.282895,0.725552,,,4.10747,0.416328,0.40192,749.6300048828125,,,,,,,324.08000564575207,5.168740059048107,302.50000381469727,4.824561405643525,,,,,,,,,,,,,,,,,,,"Mark Leiter Jr.","15551",643410
"Ryan Bergert","KCR",5,7,,4.83763,21,20,0,0,,89.3,391,91,52,48,13,34,0,3,68,6.8533,3.42665,2,1.31019,0.173913,0.0869565,0.08695652335882187,0.257062,1.39978,0.285714,0.683521,,,4.77902,0.415582,0.167995,999,,,,,,,289.3200225830078,3.239865763669901,302.50001525878906,3.3874580618262873,,,,,,,,,,,,,,,,,,,"Ryan Bergert","29863",686701
"Alexis Díaz",,5,5,,3.90048,61,0,13,8,,62.3,257,46,29,27,5,31,1,7,63,9.10112,4.47833,2.03226,0.722311,0.245136,0.120623,0.12451361864805222,0.210046,1.23596,0.271523,0.685714,,,4.0172,0.415199,0.562431,172.6199951171875,,,,,,,388.91999435424805,6.2426966150408925,355.49999618530273,5.706260040751744,,,,,,,,,,,,,,,,,,,"Alexis Diaz","21132",664747
"Mason Englert","TBR",4,4,,4.29741,36,9,0,5,,73.3,315,71,38,35,10,23,0,5,67,8.22647,2.82401,2.91304,1.22783,0.212698,0.0730159,0.13968253880739212,0.247387,1.2824,0.290476,0.7,,,4.25788,0.414429,0.277552,999,,,,,,,304.8200225830078,4.158526737956226,306.50001525878906,4.1814461459485415,,,,,,,,,,,,,,,,,,,"Mason Englert","22288",669438
"Andrew Nardi","MIA",3,3,,3.73585,57,0,0,1,,53,226,46,24,22,7,20,1,3,67,11.3774,3.39623,3.35,1.18868,0.29646,0.0884956,0.20796460658311844,0.226601,1.24528,0.302326,0.747331,,,3.65705,0.413443,0.453454,748.8300170898438,,,,,,,255.50000000000003,4.820754716981132,243,4.584905660377358,,,,,,,,,,,,,,,,,,,"Andrew Nardi","25942",677053
"Daulton Jefferies","PIT",2,4,,4.77148,14,8,0,0,,54.7,240,60,31,29,7,16,0,3,39,6.41682,2.63254,2.4375,1.15174,0.1625,0.0666667,0.09583332389593124,0.271493,1.3894,0.302857,0.679758,,,4.44619,0.412779,0.320954,999,,,,,,,183.68000564575198,3.357952524384598,203.50000381469727,3.720292522419366,,,,,,,,,,,,,,,,,,,"Daulton Jefferies","19345",641726
"Jason Adam","SDP",5,2,,3.33871,64,0,6,12,,62,247,45,25,23,7,21,2,7,70,10.1613,3.04839,3.33333,1.01613,0.283401,0.0850202,0.19838055968284607,0.205479,1.06452,0.267606,0.729537,,,3.731,0.411156,0.671619,341.82000732421875,,,,,,,389.69999999999993,6.285483870967741,353,5.693548387096774,,,,,,,,,,,,,,,,,,,"Jason Adam","11861",592094
"Austin Krob",,6,7,,4.71028,23,22,0,0,,107,478,111,61,56,15,42,0,8,82,6.8972,3.53271,1.95238,1.26168,0.171548,0.0878661,0.08368200808763504,0.259346,1.42991,0.29003,0.69697,,,4.85807,0.409474,0.33623,999,,,,,,,332.70000000000005,3.109345794392524,354,3.308411214953271,,,,,,,,,,,,,,,,,,,"Austin Krob","sa3020594",689474
"Dinelson Lamet",,4,6,,4.68,22,14,0,0,,75,334,77,42,39,10,32,1,4,63,7.56,3.84,1.96875,1.2,0.188623,0.0958084,0.0928143709897995,0.258389,1.45333,0.297778,0.705263,,,4.65981,0.408643,0.5142,999,,,,,,,249.8,3.3306666666666667,263,3.506666666666667,,,,,,,,,,,,,,,,,,,"Dinelson Lamet","17186",659275
"Lazaro Estrada","TOR",5,5,,4.57433,20,17,0,0,,78.7,343,78,43,40,12,29,0,5,67,7.66201,3.31639,2.31034,1.3723,0.195335,0.0845481,0.11078717559576035,0.252427,1.35959,0.286957,0.709534,,,4.74208,0.40839,0.459274,999,,,,,,,263.9799774169922,3.3542565140199585,269.49998474121094,3.4243963810881746,,,,,,,,,,,,,,,,,,,"Lazaro Estrada","24914",681751
"Trent Thornton","SEA",4,2,,3.64668,58,0,0,14,,61.7,256,56,27,25,7,16,1,3,60,8.75203,2.33387,3.75,1.02107,0.234375,0.0625,0.171875,0.236287,1.16694,0.288235,0.723473,,,3.62029,0.404167,0.31445,746.989990234375,,,,,,,343.8800056457519,5.573419795681849,336.50000381469727,5.453808746414447,,,,,,,,,,,,,,,,,,,"Trent Thornton","17948",663423
"Carlos Hernández","CLE",3,4,,4.67532,46,6,0,4,,69.3,298,63,39,36,9,30,1,2,67,8.7013,3.8961,2.23333,1.16883,0.224832,0.100671,0.12416107952594757,0.236842,1.34199,0.284211,0.671642,,,4.30645,0.403342,0.0455004,999,,,,,,,292.3200225830078,4.218181958299251,283.50001525878906,4.090909130942643,,,,,,,,,,,,,,,,,,,"Carlos Hernandez","22713",672578
"Adam Macko","TOR",4,5,,4.71951,19,19,0,0,,82,366,79,46,43,11,37,0,8,72,7.90244,4.06098,1.94595,1.20732,0.196721,0.101093,0.09562841802835464,0.246106,1.41463,0.285714,0.695825,,,4.80063,0.402587,0.387244,999,,,,,,,275.1,3.354878048780488,276,3.3658536585365852,,,,,,,,,,,,,,,,,,,"Adam Macko","sa3011555",671936
"Jake Eder","WSN",4,7,,5.1036,20,20,0,1,,91.7,417,93,56,52,13,47,0,7,80,7.85169,4.61287,1.70213,1.2759,0.191847,0.11271,0.0791366845369339,0.256198,1.52672,0.296296,0.689655,,,5.03126,0.402299,0.0854892,999,,,,,,,278.8799774169922,3.0412212289865086,291.49998474121094,3.1788439960989416,,,,,,,,,,,,,,,,,,,"Jake Eder","27590",671109
"John Schreiber","KCR",4,2,,3.71634,56,2,1,12,,55.7,238,51,25,23,5,22,1,3,51,8.24057,3.55476,2.31818,0.807899,0.214286,0.092437,0.12184873968362808,0.239437,1.31059,0.292994,0.727273,,,3.84871,0.402158,0.583885,999,,,,,,,298.08000564575195,5.3515260603745345,293.50000381469727,5.269299816778107,,,,,,,,,,,,,,,,,,,"John Schreiber","20020",670167
"Kirby Yates","LAD",5,3,,3.46154,54,0,9,11,,52,217,38,22,20,5,26,3,4,63,10.9038,4.5,2.42308,0.865385,0.290323,0.119816,0.17050690203905106,0.203209,1.23077,0.277311,0.736842,,,3.72417,0.402,0.500851,235.38999938964844,,,,,,,349.5,6.721153846153846,320,6.153846153846154,,,,,,,,,,,,,,,,,,,"Kirby Yates","9073",489446
"Elvis Peguero","CHW",5,4,,3.81356,54,0,0,9,,59,253,52,27,25,5,24,1,3,55,8.38983,3.66102,2.29167,0.762712,0.217391,0.0948617,0.12252964079380035,0.230089,1.28814,0.283133,0.710145,,,3.77665,0.400198,0.413406,750.5599975585938,,,,,,,304.90000000000003,5.167796610169492,295,5,,,,,,,,,,,,,,,,,,,"Elvis Peguero","21652",665625
"Ben Anderson","TEX",4,7,,5.03038,20,16,0,0,,82.3,365,88,50,46,12,30,0,2,57,6.23329,3.28068,1.9,1.31227,0.156164,0.0821918,0.07397259771823883,0.264264,1.43378,0.287879,0.671937,,,4.84327,0.399753,0.0336886,999,,,,,,,250.62002258300782,3.045200647506597,273.50001525878906,3.323207838604661,,,,,,,,,,,,,,,,,,,"Ben Anderson","sa3010560",670391
"Sam Bachman","LAA",3,5,,4.77273,20,18,0,1,,66,298,67,38,35,8,30,0,6,52,7.09091,4.09091,1.73333,1.09091,0.174497,0.100671,0.07382550835609436,0.255725,1.4697,0.292079,0.687646,,,4.80284,0.398879,0.310502,999,,,,,,,215.80000000000013,3.2696969696969718,226,3.4242424242424243,,,,,,,,,,,,,,,,,,,"Sam Bachman","29754",696147
"Chase Lee","DET",3,3,,3.8055,35,2,0,0,,47.3,203,43,22,20,5,15,1,4,47,8.94292,2.85412,3.13333,0.951374,0.231527,0.0738916,0.15763546526432037,0.233696,1.22622,0.287879,0.705882,,,3.75845,0.397701,0.331686,999,,,,,,,213.71999435424806,4.518393188192569,208.49999618530273,4.408033817090183,,,,,,,,,,,,,,,,,,,"Chase Lee","29574",695445
"Miguel Díaz","SFG",3,3,,3.69643,46,2,0,0,,56,239,53,25,23,5,20,0,2,50,8.03571,3.21429,2.5,0.803571,0.209205,0.083682,0.12552300840616226,0.24424,1.30357,0.296296,0.727273,,,3.72005,0.393463,0.497547,999,,,,,,,249.10000000000008,4.448214285714287,249,4.446428571428571,,,,,,,,,,,,,,,,,,,"Miguel Diaz","18815",622766
"Angel Bastardo","TOR",4,4,,4.56747,18,18,0,0,,86.7,375,83,48,44,13,37,0,3,72,7.47405,3.84083,1.94595,1.34948,0.192,0.0986667,0.09333333373069763,0.247761,1.38408,0.28,0.707269,,,4.83891,0.392125,0.474906,999,,,,,,,289.8799774169922,3.343483132877658,288.49998474121094,3.3275662617778234,,,,,,,,,,,,,,,,,,,"Angel Bastardo","sa3009716",682785
"Trenton Wallace","TOR",4,5,,4.59783,23,22,0,0,,92,409,87,51,47,12,46,0,7,80,7.82609,4.5,1.73913,1.17391,0.195599,0.112469,0.08312958478927612,0.244382,1.44565,0.284091,0.70568,,,4.85126,0.391153,0.48611,999,,,,,,,308.00000000000006,3.3478260869565224,305,3.3152173913043477,,,,,,,,,,,,,,,,,,,"Trenton Wallace","sa3017748",680436
"Hogan Harris","ATH",5,6,,4.54054,29,20,0,5,,111,490,105,61,56,14,55,0,6,99,8.02703,4.45946,1.8,1.13514,0.202041,0.112245,0.08979592472314835,0.244755,1.44144,0.287975,0.705128,,,4.67098,0.389291,0.3943,750.9400024414062,,,,,,,411.20000000000005,3.704504504504505,408,3.675675675675676,,,,,,,,,,,,,,,,,,,"Hogan Harris","21520",663687
"Ronny Henriquez","MIA",3,3,,4.21687,40,6,0,9,,74.7,327,76,38,35,9,27,0,4,63,7.59036,3.25301,2.33333,1.08434,0.192661,0.0825688,0.11009174585342407,0.256757,1.37885,0.299107,0.719027,,,4.29098,0.389158,0.568671,999,,,,,,,313.47997741699226,4.196519280103785,325.49998474121094,4.357429692624244,,,,,,,,,,,,,,,,,,,"Ronny Henriquez","24094",678692
"Anthony DeSclafani",,4,5,,4.77361,15,14,0,0,,77.3,336,84,44,41,13,23,1,2,60,6.98577,2.67788,2.6087,1.51358,0.178571,0.0684524,0.1101190522313118,0.270096,1.38422,0.298319,0.709459,,,4.77062,0.388406,0.323004,999,,,,,,,238.72002258300788,3.08822785457289,262.50001525878906,3.3958603479359084,,,,,,,,,,,,,,,,,,,"Anthony DeSclafani","13050",543101
"James McArthur","KCR",4,5,,4.32836,43,5,0,1,,60.3,263,59,31,29,7,20,1,5,54,8.0597,2.98507,2.7,1.04478,0.205323,0.0760456,0.1292775645852089,0.247899,1.31012,0.293785,0.693642,,,4.12834,0.386924,0.383594,750.3800048828125,,,,,,,243.71999435424797,4.04179100228673,247.49999618530273,4.104477600609795,,,,,,,,,,,,,,,,,,,"James McArthur","21527",663704
"Jonathan Bowlan","KCR",6,7,,4.76296,29,16,0,1,,90.7,400,96,52,48,13,33,0,4,69,6.84675,3.27453,2.09091,1.28997,0.1725,0.0825,0.08999999612569809,0.264463,1.42227,0.295374,0.694946,,,4.73208,0.386918,0.47041,999,,,,,,,292.6799774169922,3.226901733899832,315.49998474121094,3.4785005000744436,,,,,,,,,,,,,,,,,,,"Jonathan Bowlan","24607",680742
"Hans Crouse",,4,5,,4.25455,43,3,0,7,,55,236,45,28,26,7,29,1,2,67,10.9636,4.74545,2.31034,1.14545,0.283898,0.122881,0.16101694107055664,0.219512,1.34545,0.290076,0.716511,,,4.07557,0.385269,0.236987,999,,,,,,,272.9,4.961818181818181,253,4.6,,,,,,,,,,,,,,,,,,,"Hans Crouse","22192",668968
"Scott Effross","NYY",4,4,,3.82979,40,0,0,1,,42.3,175,39,19,18,4,12,2,1,35,7.44681,2.55319,2.91667,0.851064,0.2,0.0685714,0.1314285770058632,0.240741,1.20567,0.284553,0.704846,,,3.66293,0.38411,0.292913,999,,,,,,,197.41999435424808,4.667139430614489,194.49999618530273,4.598108739796248,,,,,,,,,,,,,,,,,,,"Scott Effross","18384",664123
"Josh Winder",,3,3,,3.77419,29,4,0,0,,62,264,60,28,26,7,20,0,3,53,7.69355,2.90323,2.65,1.01613,0.200758,0.0757576,0.125,0.248963,1.29032,0.292818,0.740741,,,4.03745,0.382616,0.787108,999,,,,,,,253.69999999999993,4.091935483870967,256,4.129032258064516,,,,,,,,,,,,,,,,,,,"Josh Winder","24606",680739
"Eli Morgan","CHC",3,3,,3.73846,44,4,0,4,,65,268,59,29,27,9,18,1,2,61,8.44615,2.49231,3.38889,1.24615,0.227612,0.0671642,0.16044776141643524,0.237903,1.18462,0.280899,0.745342,,,4.01263,0.382479,0.657127,999,,,,,,,294.9,4.536923076923077,286,4.4,,,,,,,,,,,,,,,,,,,"Eli Morgan","20203",669212
"Cionel Pérez",,2,2,,3.64641,61,0,0,10,,54.3,235,49,24,22,3,25,1,3,48,7.9558,4.14365,1.92,0.497238,0.204255,0.106383,0.09787233173847198,0.236715,1.3628,0.294872,0.716332,,,3.66372,0.379722,0.350594,750.2000122070312,,,,,,,289.51999435424807,5.3318600077741145,284.49999618530273,5.23941068476346,,,,,,,,,,,,,,,,,,,"Cionel Perez","19614",672335
"Brandon Bielak",,5,4,,4.08247,28,14,0,1,,97,430,102,48,44,11,37,0,6,68,6.30928,3.43299,1.83784,1.02062,0.15814,0.0860465,0.07209303230047226,0.263566,1.43299,0.295455,0.736246,,,4.56854,0.379666,1.17917,999,,,,,,,328.3,3.3845360824742268,353,3.6391752577319587,,,,,,,,,,,,,,,,,,,"Brandon Bielak","19866",656232
"Seth Shuman","WSN",3,5,,4.89891,17,16,0,0,,64.3,285,71,38,35,9,19,0,4,43,6.01866,2.65941,2.26316,1.25972,0.150877,0.0666667,0.08421052247285843,0.270992,1.39969,0.295238,0.671835,,,4.72169,0.379219,0.191799,999,,,,,,,197.52002258300783,3.0718509052638074,221.50001525878906,3.44479012046849,,,,,,,,,,,,,,,,,,,"Seth Shuman","sa3011187",670234
"Robert Dugger",,4,6,,4.77339,24,20,0,0,,103.7,464,110,59,55,13,45,0,3,77,6.68274,3.9055,1.71111,1.12825,0.165948,0.0969828,0.06896550953388214,0.264423,1.4947,0.297546,0.701754,,,4.69975,0.379058,0.2121,999,,,,,,,331.47997741699226,3.1965283237417794,359.49998474121094,3.466730909554813,,,,,,,,,,,,,,,,,,,"Robert Dugger","19191",667498
"Derek Law","WSN",4,5,,3.91304,60,1,4,13,,69,296,67,32,30,7,25,0,2,59,7.69565,3.26087,2.36,0.913043,0.199324,0.0844595,0.11486486345529556,0.249071,1.33333,0.295566,0.729927,,,3.94909,0.3777,0.46852,733.030029296875,,,,,,,359.3,5.207246376811594,363,5.260869565217392,,,,,,,,,,,,,,,,,,,"Derek Law","13133",571882
"Austin Bergner","DET",3,5,,4.59527,24,18,0,0,,80.3,355,79,44,41,11,37,0,3,70,7.84558,4.14695,1.89189,1.23288,0.197183,0.104225,0.0929577499628067,0.250794,1.44458,0.290598,0.715706,,,4.69824,0.377239,0.438449,999,,,,,,,273.52002258300774,3.4062268018434434,278.50001525878906,3.4682441428959887,,,,,,,,,,,,,,,,,,,"Austin Bergner","sa3011122",666123
"Jack O'Loughlin",,4,5,,4.87889,31,14,0,1,,86.7,389,93,51,47,12,36,0,5,64,6.6436,3.73702,1.77778,1.24567,0.164524,0.092545,0.07197943329811096,0.267241,1.48789,0.297794,0.695187,,,4.90812,0.376876,0.746377,999,,,,,,,261.17997741699213,3.012456592967475,286.49998474121094,3.304498210216138,,,,,,,,,,,,,,,,,,,"Jack O'Loughlin","22690",672552
"Joan Adon","WSN",4,7,,4.97291,26,17,0,1,,92.3,415,96,55,51,12,39,1,7,71,6.92308,3.80282,1.82051,1.1701,0.171084,0.0939759,0.07710844278335571,0.260163,1.46262,0.293706,0.676819,,,4.81328,0.373951,0.152472,999,,,,,,,293.8200225830078,3.183315415691226,313.50001525878906,3.39653309743654,,,,,,,,,,,,,,,,,,,"Joan Adon","22925",672851
"Evan McKendry","CHW",5,5,,4.71572,22,13,0,0,,89.7,384,91,51,47,14,26,0,6,66,6.62207,2.6087,2.53846,1.40468,0.171875,0.0677083,0.1041666641831398,0.258523,1.30435,0.283088,0.677618,,,4.79413,0.373282,0.406838,999,,,,,,,290.97997741699226,3.2439240503529856,302.49998474121094,3.3723522300202142,,,,,,,,,,,,,,,,,,,"Evan McKendry","sa3010787",679928
"Ryan Murphy","SFG",3,4,,4.69565,19,18,0,0,,69,303,70,39,36,9,26,0,4,56,7.30435,3.3913,2.15385,1.17391,0.184818,0.0858086,0.09900989383459091,0.25641,1.3913,0.293269,0.683453,,,4.54329,0.372729,0.316541,999,,,,,,,239.90000000000003,3.476811594202899,250,3.6231884057971016,,,,,,,,,,,,,,,,,,,"Ryan Murphy","sa3014871",694885
"Adbert Alzolay","NYM",4,5,,4.22111,32,7,0,0,,59.7,249,54,30,28,9,17,0,4,57,8.59297,2.56281,3.35294,1.35678,0.228916,0.0682731,0.160642571747303,0.236842,1.18928,0.277778,0.702055,,,4.27201,0.371802,0.363304,999,,,,,,,241.680005645752,4.048241248864138,232.50000381469727,3.894472375937197,,,,,,,,,,,,,,,,,,,"Adbert Alzolay","17859",640470
"Nick Nastrini","LAD",5,10,,5.21619,26,23,0,1,,108.7,489,106,68,63,16,60,0,6,98,8.11408,4.9678,1.63333,1.32475,0.200409,0.122699,0.0777096077799797,0.250591,1.52714,0.291262,0.682451,,,5.0984,0.370309,-0.0853266,999,,,,,,,333.97997741699226,3.0724929787810185,337.49998474121094,3.1048757517620955,,,,,,,,,,,,,,,,,,,"Nick Nastrini","29833",680897
"Lyon Richardson","CIN",3,4,,5.30011,25,20,0,1,,88.3,396,88,56,52,14,45,0,6,80,8.15402,4.58664,1.77778,1.42695,0.20202,0.113636,0.08838383108377457,0.255072,1.50623,0.294821,0.679012,,,5.14836,0.368005,0.218637,999,,,,,,,263.42002258300784,2.9832391107461445,270.50001525878906,3.0634202254810017,,,,,,,,,,,,,,,,,,,"Lyon Richardson","24581",680689
"Jose A. Ferrer","WSN",2,3,,4.02235,50,0,6,13,,53.7,227,51,26,24,5,16,1,3,45,7.5419,2.68156,2.8125,0.837989,0.198238,0.0704846,0.12775330245494843,0.245192,1.24767,0.291139,0.683333,,,3.76238,0.366919,0.208891,651.9000244140625,,,,,,,318.280005645752,5.927001883124924,318.50000381469727,5.931098683233298,,,,,,,,,,,,,,,,,,,"Jose A. Ferrer","24017",678606
"Pierce Johnson","ATL",5,4,,3.62173,52,0,2,12,,49.7,214,45,22,20,6,21,1,1,61,11.0463,3.80282,2.90476,1.08652,0.285047,0.0981308,0.18691588193178177,0.234375,1.32797,0.312,0.763889,,,3.60914,0.36539,0.444097,692.2999877929688,,,,,,,290.980005645752,5.85472839394263,284.50000381469727,5.724346065339392,,,,,,,,,,,,,,,,,,,"Pierce Johnson","13435",572955
"Erik Sabrowski","CLE",5,5,,3.64641,40,0,0,1,,54.3,236,45,24,22,5,29,0,1,63,10.442,4.80663,2.17241,0.828729,0.266949,0.122881,0.14406779408454895,0.218447,1.3628,0.289855,0.746269,,,3.70055,0.365046,0.386071,999,,,,,,,263.31999435424814,4.849355396943143,246.49999618530273,4.539594836993347,,,,,,,,,,,,,,,,,,,"Erik Sabrowski","24978",681870
"Mick Abel","MIN",6,8,,5.1282,23,23,0,0,,105.3,475,104,65,60,15,56,0,6,91,7.77778,4.78632,1.625,1.28205,0.191579,0.117895,0.0736842155456543,0.251816,1.51947,0.289902,0.683453,,,5.05632,0.363983,0.127426,999,,,,,,,320.3200225830079,3.041975434944308,327.50001525878906,3.110161498265237,,,,,,,,,,,,,,,,,,,"Mick Abel","27756",690953
"Danny Coulombe","TEX",3,1,,3.46154,43,0,0,10,,39,160,35,16,15,4,13,0,1,40,9.23077,3,3.07692,0.923077,0.25,0.08125,0.16875000298023224,0.239726,1.23077,0.303922,0.754717,,,3.52545,0.360635,0.417765,750.77001953125,,,,,,,226.40000000000003,5.805128205128206,221,5.666666666666667,,,,,,,,,,,,,,,,,,,"Danny Coulombe","13293",543056
"Nick Nelson",,3,5,,4.75,33,10,0,0,,72,320,73,41,38,8,30,0,6,54,6.75,3.75,1.8,1,0.16875,0.09375,0.07500000298023224,0.257042,1.43056,0.292793,0.675381,,,4.61092,0.360475,0.185124,999,,,,,,,244.60000000000008,3.3972222222222235,256,3.5555555555555554,,,,,,,,,,,,,,,,,,,"Nick Nelson","20153",656793
"Tyler Rogers","NYM",4,3,,3.51562,66,0,1,14,,64,264,64,27,25,6,11,2,4,45,6.32812,1.54688,4.09091,0.84375,0.170455,0.0416667,0.12878787890076637,0.257028,1.17188,0.292929,0.720721,,,3.6821,0.360184,0.616529,740.75,,,,,,,339.4,5.303125,348,5.4375,,,,,,,,,,,,,,,,,,,"Tyler Rogers","15541",643511
"Jacob Webb","TEX",3,4,,4.17857,58,0,0,11,,56,238,48,28,26,6,23,2,3,59,9.48214,3.69643,2.56522,0.964286,0.247899,0.0966387,0.15126050263643265,0.226415,1.26786,0.285714,0.686901,,,3.84505,0.359403,0.0906108,746.3400268554688,,,,,,,299.80000000000007,5.3535714285714295,286,5.107142857142857,,,,,,,,,,,,,,,,,,,"Jacob Webb","19274",657097
"Freddy Tarnok","MIA",3,4,,4.64516,24,14,0,0,,62,276,61,35,32,8,30,1,3,57,8.27419,4.35484,1.9,1.16129,0.206522,0.108696,0.09782608598470688,0.251029,1.46774,0.297753,0.701754,,,4.60196,0.35767,0.379989,999,,,,,,,216.79999999999998,3.496774193548387,221,3.564516129032258,,,,,,,,,,,,,,,,,,,"Freddy Tarnok","23324",676206
"Scott Alexander",,3,3,,4.10072,49,3,0,9,,41.7,179,43,21,19,4,13,4,2,31,6.69065,2.80576,2.38462,0.863309,0.173184,0.0726257,0.10055865347385406,0.262195,1.34293,0.302326,0.694444,,,4.00581,0.356388,0.446962,999,,,,,,,200.58000564575195,4.810071989831133,209.50000381469727,5.023980814908971,,,,,,,,,,,,,,,,,,,"Scott Alexander","10591",518397
"Edgar Barclay","NYY",6,7,,5.03937,25,21,0,0,,114.3,507,117,69,64,18,47,0,7,88,6.92913,3.70079,1.87234,1.41732,0.17357,0.0927022,0.08086784929037094,0.258278,1.43482,0.285303,0.684438,,,5.09124,0.354208,0.108489,999,,,,,,,334.22002258300785,2.924059612068995,351.50001525878906,3.07524064631583,,,,,,,,,,,,,,,,,,,"Edgar Barclay","sa1170012",687607
"Kyle Luckham","WSN",5,9,,5.09976,25,23,0,0,,125.3,551,143,77,71,19,32,0,8,68,4.88428,2.29848,2.125,1.36472,0.123412,0.0580762,0.06533575057983398,0.279843,1.39665,0.292453,0.660377,,,5.01006,0.353064,0.0968854,999,,,,,,,337.72002258300785,2.6952914154639362,395.50001525878906,3.1564246259069875,,,,,,,,,,,,,,,,,,,"Kyle Luckham","sa3020378",680734
"Taijuan Walker","PHI",5,8,,5.14512,23,21,0,1,,113.7,497,119,70,65,18,42,1,5,79,6.2533,3.32454,1.88095,1.4248,0.158954,0.084507,0.07444668561220169,0.264444,1.41601,0.286119,0.670103,,,5.07501,0.352597,0.137812,731.5599975585938,,,,,,,331.5799774169923,2.9162707679572946,355.49998474121094,3.1266490262355897,,,,,,,,,,,,,,,,,,,"Taijuan Walker","11836",592836
"Alex Lange","DET",4,4,,3.77358,50,0,0,1,,47.7,208,37,22,20,3,28,0,4,56,10.566,5.28302,2,0.566038,0.269231,0.134615,0.13461539149284363,0.210227,1.36268,0.290598,0.707237,,,3.64866,0.351125,0.243124,748.3300170898438,,,,,,,239.88000564575202,5.028930855534219,219.50000381469727,4.60167715521795,,,,,,,,,,,,,,,,,,,"Alex Lange","19883",656638
"Jonathan Heasley","KCR",3,5,,5.12456,26,14,0,1,,84.3,371,89,52,48,13,32,0,4,65,6.9395,3.41637,2.03125,1.3879,0.175202,0.0862534,0.0889487937092781,0.265672,1.43535,0.29572,0.671206,,,4.91025,0.348407,-0.107118,999,,,,,,,258.52002258300786,3.0666668235383563,278.50001525878906,3.3036774042320967,,,,,,,,,,,,,,,,,,,"Jonathan Heasley","22224",669169
"Jean Cabrera","PHI",5,7,,5.0625,20,18,0,0,,96,429,103,58,54,15,33,0,8,70,6.5625,3.09375,2.12121,1.40625,0.16317,0.0769231,0.08624707907438278,0.265464,1.41667,0.290429,0.678261,,,5.02065,0.348314,0.216539,999,,,,,,,275.1000000000001,2.865625000000001,302,3.1458333333333335,,,,,,,,,,,,,,,,,,,"Jean Cabrera","sa3015433",691893
"Jack Dashwood","LAA",2,3,,4.69274,20,4,0,0,,53.7,233,55,30,28,8,17,0,2,48,8.04469,2.84916,2.82353,1.34078,0.206009,0.0729614,0.1330472081899643,0.257009,1.34078,0.297468,0.690789,,,4.37691,0.347499,0.115348,999,,,,,,,194.98000564575193,3.630912530271611,203.50000381469727,3.789571711796713,,,,,,,,,,,,,,,,,,,"Jack Dashwood","sa3015035",669081
"Daysbel Hernández","ATL",5,3,,3.63462,45,0,0,11,,52,227,44,23,21,5,26,1,3,63,10.9038,4.5,2.42308,0.865385,0.277533,0.114537,0.1629956066608429,0.222222,1.34615,0.3,0.746032,,,3.66648,0.347244,0.46682,749.97998046875,,,,,,,291.9,5.613461538461538,278,5.346153846153846,,,,,,,,,,,,,,,,,,,"Daysbel Hernandez","20271",678226
"Alex Wood",,4,5,,4.82806,17,13,0,0,,72.7,320,73,42,39,10,26,1,7,63,7.79917,3.21871,2.42308,1.23796,0.196875,0.08125,0.11562500894069672,0.254355,1.36176,0.294393,0.670588,,,4.58326,0.346547,0.0699933,999,,,,,,,252.17997741699224,3.4687756258989735,260.49998474121094,3.583218647542317,,,,,,,,,,,,,,,,,,,"Alex Wood","13781",622072
"Domingo Robles","ATH",5,6,,4.55056,22,16,0,0,,89,387,93,49,45,12,30,0,4,63,6.37079,3.03371,2.1,1.21348,0.162791,0.0775194,0.08527132123708725,0.263456,1.38202,0.291367,0.696799,,,4.64963,0.34608,0.319285,999,,,,,,,293.2,3.29438202247191,313,3.5168539325842696,,,,,,,,,,,,,,,,,,,"Domingo Robles","sa872881",660781
"Royber Salinas",,4,4,,4.60296,19,18,0,0,,74.3,331,68,41,38,10,41,0,5,77,9.32705,4.96635,1.87805,1.21131,0.232628,0.123867,0.10876133292913437,0.238596,1.46703,0.292929,0.715789,,,4.7008,0.345318,0.57604,999,,,,,,,266.0200225830078,3.580350089591473,257.50001525878906,3.4656797400050317,,,,,,,,,,,,,,,,,,,"Royber Salinas","sa3009243",683690
"Greg Weissert","BOS",4,3,,3.9,57,0,0,12,,60,259,55,28,26,6,24,2,4,60,9,3.6,2.5,0.9,0.23166,0.0926641,0.13899613916873932,0.238095,1.31667,0.29697,0.72238,,,3.86648,0.343195,0.46229,999,,,,,,,311.2,5.1866666666666665,306,5.1,,,,,,,,,,,,,,,,,,,"Greg Weissert","20375",669711
"Nolan McLean","NYM",6,8,,4.84546,25,25,0,0,,100.3,449,98,58,54,13,41,0,14,80,7.17846,3.67896,1.95122,1.1665,0.178174,0.091314,0.08685968816280365,0.248731,1.38584,0.282392,0.67053,,,4.90128,0.342471,0.247436,999,,,,,,,322.5200225830079,3.215553467297283,327.50001525878906,3.2652044396228903,,,,,,,,,,,,,,,,,,,"Nolan McLean","33703",690997
"Zach Logue",,5,7,,5.03226,25,16,0,0,,93,408,97,56,52,15,31,0,7,74,7.16129,3,2.3871,1.45161,0.181373,0.0759804,0.10539215803146362,0.262162,1.37634,0.291815,0.672897,,,4.89766,0.339282,0.0169269,999,,,,,,,285.50000000000006,3.0698924731182804,304,3.2688172043010755,,,,,,,,,,,,,,,,,,,"Zach Logue","20231",656657
"Owen White","CHW",3,7,,5.30011,26,15,0,1,,88.3,399,96,56,52,12,36,0,6,62,6.31937,3.66931,1.72222,1.2231,0.155388,0.0902256,0.06516291201114655,0.268908,1.4949,0.29682,0.659722,,,4.95583,0.338935,-0.242262,999,,,,,,,258.2200225830078,2.9243489655560926,287.50001525878906,3.2559457001407854,,,,,,,,,,,,,,,,,,,"Owen White","22273",669391
"Noah Davis",,3,5,,4.93841,25,13,0,0,,89.3,402,94,53,49,12,35,0,10,73,7.35722,3.52744,2.08571,1.20941,0.181592,0.0870647,0.09452737122774124,0.263305,1.44457,0.301471,0.677362,,,4.79022,0.338897,0.339154,999,,,,,,,279.8200225830078,3.133482788582052,301.50001525878906,3.376259853922303,,,,,,,,,,,,,,,,,,,"Noah Davis","25862",663562
"Julio Robaina",,4,5,,4.53972,19,12,0,0,,79.3,354,82,43,40,10,34,0,3,59,6.69609,3.85876,1.73529,1.13493,0.166667,0.0960452,0.07062147557735443,0.258675,1.4628,0.290323,0.715686,,,4.71755,0.337592,0.432223,999,,,,,,,257.6200225830078,3.2486760740080105,273.50001525878906,3.448928180750259,,,,,,,,,,,,,,,,,,,"Julio Robaina","sa3006817",678789
"Ryan Yarbrough","NYY",5,5,,4.7,31,6,0,1,,90,382,88,51,47,13,25,1,8,68,6.8,2.5,2.72,1.3,0.17801,0.065445,0.11256545037031174,0.252149,1.25556,0.279851,0.654008,,,4.63315,0.336933,0.0263258,742.9099731445312,,,,,,,318.3,3.5366666666666666,322,3.577777777777778,,,,,,,,,,,,,,,,,,,"Ryan Yarbrough","16502",642232
"Eduard Bazardo","SEA",3,3,,3.83367,40,1,0,1,,49.3,208,44,23,21,5,17,0,2,48,8.76268,3.10345,2.82353,0.912779,0.230769,0.0817308,0.14903846383094788,0.232804,1.23732,0.286765,0.703704,,,3.69386,0.335662,0.149037,999,,,,,,,231.91999435424808,4.704259593170655,224.49999618530273,4.553752528591079,,,,,,,,,,,,,,,,,,,"Eduard Bazardo","20997",660825
"Doug Nikhazy","CLE",5,6,,4.53172,23,22,0,0,,99.3,444,92,54,50,13,57,0,5,93,8.429,5.16616,1.63158,1.17825,0.209459,0.128378,0.0810810774564743,0.240838,1.5005,0.286232,0.7263,,,4.86839,0.334637,0.637035,999,,,,,,,335.72002258300785,3.380866185955922,327.50001525878906,3.2980866585481103,,,,,,,,,,,,,,,,,,,"Doug Nikhazy","30142",680951
"Blas Castaño","SEA",5,6,,4.61994,24,20,0,0,,101.3,447,104,56,52,13,35,0,10,73,6.48569,3.10958,2.08571,1.15499,0.163311,0.0782998,0.08501118421554565,0.258706,1.37216,0.287975,0.687086,,,4.7262,0.334455,0.229771,999,,,,,,,330.3200225830079,3.2608096014985857,348.50001525878906,3.4402764537008736,,,,,,,,,,,,,,,,,,,"Blas Castano","26117",680604
"Christian MacLeod","MIN",3,5,,4.73684,20,19,0,0,,81.7,365,83,46,43,12,38,0,4,72,7.93146,4.18605,1.89474,1.32191,0.19726,0.10411,0.09315068274736404,0.256966,1.48103,0.297071,0.71977,,,4.85559,0.33355,0.389999,999,,,,,,,259.17997741699213,3.1723376633806413,270.49998474121094,3.310893449758334,,,,,,,,,,,,,,,,,,,"Christian MacLeod","sa3018005",681306
"Dylan File","SEA",5,8,,4.66373,19,17,0,0,,90.7,396,100,51,47,13,23,0,6,58,5.75524,2.28225,2.52174,1.28997,0.146465,0.0580808,0.08838383853435516,0.27248,1.35612,0.293919,0.687023,,,4.71003,0.333196,0.13523,999,,,,,,,280.2799774169922,3.0901872860804342,313.49998474121094,3.456449782684218,,,,,,,,,,,,,,,,,,,"Dylan File","sa3004197",668766
"Luis De Avila",,6,8,,4.72727,21,19,0,0,,99,446,106,56,52,12,45,1,4,70,6.36364,4.09091,1.55556,1.09091,0.156951,0.100897,0.05605380982160568,0.267003,1.52525,0.298413,0.707899,,,4.81294,0.332882,0.625215,999,,,,,,,302.4,3.0545454545454542,332,3.3535353535353534,,,,,,,,,,,,,,,,,,,"Luis De Avila","sa3005839",678752
"Marco Gonzales",,4,6,,4.7539,16,16,0,0,,83.3,363,92,48,44,13,25,1,2,53,5.72629,2.70108,2.12,1.40456,0.146006,0.0688705,0.07713498920202255,0.27381,1.40456,0.292593,0.698381,,,4.89517,0.332621,0.524007,999,,,,,,,242.32002258300787,2.9090037659715833,272.50001525878906,3.271308586741267,,,,,,,,,,,,,,,,,,,"Marco Gonzales","15467",594835
"Konnor Pilkington","WSN",3,5,,4.94253,28,20,0,0,,78.3,353,78,46,43,10,41,0,4,68,7.81609,4.71264,1.65854,1.14943,0.192635,0.116147,0.07648725807666779,0.253247,1.5198,0.295652,0.695238,,,4.81399,0.330582,0.207114,999,,,,,,,254.62002258300782,3.251852013526731,262.50001525878906,3.352490485667944,,,,,,,,,,,,,,,,,,,"Konnor Pilkington","21453",663455
"Luis Palacios","MIA",6,10,,4.95271,23,22,0,0,,116.3,510,136,69,64,19,28,0,5,67,5.18487,2.16681,2.39286,1.47034,0.131373,0.054902,0.07647059485316277,0.285115,1.41015,0.299233,0.691412,,,4.98935,0.328856,0.534393,999,,,,,,,308.3200225830079,2.6510749311484894,369.50001525878906,3.177128164771826,,,,,,,,,,,,,,,,,,,"Luis Palacios","sa3003021",672712
"Brad Keller","CHC",6,7,,4.59184,28,15,0,7,,98,432,98,54,50,13,43,0,3,79,7.2551,3.94898,1.83721,1.19388,0.18287,0.099537,0.0833333358168602,0.253886,1.43878,0.289116,0.708469,,,4.68689,0.328214,0.422287,999,,,,,,,358.50000000000006,3.658163265306123,369,3.7653061224489797,,,,,,,,,,,,,,,,,,,"Brad Keller","15734",641745
"Antonio Santos","CHC",5,5,,4.35,18,9,0,0,,60,261,58,31,29,8,24,0,3,53,7.95,3.6,2.20833,1.2,0.203065,0.091954,0.1111111044883728,0.247863,1.36667,0.289017,0.720339,,,4.48315,0.327368,0.459418,999,,,,,,,219.8,3.6633333333333336,221,3.683333333333333,,,,,,,,,,,,,,,,,,,"Antonio Santos","20383",665733
"Cory Abbott","TEX",3,6,,4.9934,28,12,0,0,,75.7,335,75,45,42,12,34,0,4,72,8.56011,4.04227,2.11765,1.42668,0.214925,0.101493,0.11343283951282501,0.252525,1.43989,0.295775,0.694143,,,4.83095,0.327142,0.0176858,999,,,,,,,247.57997741699216,3.270541445150496,252.49998474121094,3.335534939504039,,,,,,,,,,,,,,,,,,,"Cory Abbott","20277",676265
"Dylan Ray","ARI",5,6,,4.56907,20,20,0,0,,84.7,374,88,46,43,12,32,0,4,66,7.01299,3.40024,2.0625,1.27509,0.176471,0.0855615,0.09090909361839294,0.260355,1.41677,0.292308,0.717054,,,4.72492,0.326847,0.760036,999,,,,,,,274.3799774169922,3.2394331440726987,291.49998474121094,3.4415583854074807,,,,,,,,,,,,,,,,,,,"Dylan Ray","sa3020392",691009
"Chen Zhong-Ao Zhuang","ATH",3,5,,4.51783,21,15,0,0,,75.7,322,79,41,38,12,18,0,3,55,6.53897,2.14003,3.05556,1.42668,0.170807,0.0559006,0.11490682885050774,0.262458,1.28137,0.286325,0.698254,,,4.60637,0.32638,0.336684,999,,,,,,,254.17997741699216,3.3577277102240943,269.49998474121094,3.560105622269367,,,,,,,,,,,,,,,,,,,"Chen Zhong-Ao Zhuang","sa3018174",800018
"Gabe Mosser","PHI",5,6,,5.27859,23,20,0,0,,102.3,456,115,65,60,16,35,0,4,66,5.80645,3.07918,1.88571,1.40762,0.144737,0.0767544,0.06798245757818222,0.275779,1.46628,0.295522,0.666144,,,5.05309,0.32633,-0.0817405,999,,,,,,,276.2200225830079,2.7000978919155725,318.50001525878906,3.113392040639986,,,,,,,,,,,,,,,,,,,"Gabe Mosser","sa3006834",682077
"Tyler Alexander","CHW",6,7,,4.73276,27,12,0,1,,116,487,118,66,61,23,26,1,4,97,7.52586,2.01724,3.73077,1.78448,0.199179,0.0533881,0.14579056203365326,0.258206,1.24138,0.281899,0.697674,,,4.84751,0.3261,0.431516,746.9600219726562,,,,,,,376.7000000000001,3.247413793103449,389,3.353448275862069,,,,,,,,,,,,,,,,,,,"Tyler Alexander","17735",641302
"Connor McCullough","CHW",4,8,,5.14286,17,16,0,0,,77,329,83,48,44,15,19,0,4,60,7.01299,2.22078,3.15789,1.75325,0.182371,0.0577508,0.12462006509304047,0.271242,1.32468,0.294372,0.666667,,,5.03661,0.32375,-0.0308995,999,,,,,,,220.50000000000006,2.863636363636364,241,3.1298701298701297,,,,,,,,,,,,,,,,,,,"Connor McCullough","sa3020603",681410
"John King","STL",4,4,,3.55848,53,1,0,12,,60.7,259,63,26,24,5,16,1,2,38,5.63427,2.37232,2.375,0.741351,0.146718,0.0617761,0.08494208380579948,0.261411,1.30148,0.292929,0.736111,,,3.87488,0.322815,0.611069,999,,,,,,,293.88000564575196,4.841515682898989,308.50000381469727,5.082372321864167,,,,,,,,,,,,,,,,,,,"John King","22051",667463
"Jonathan Pintaro","NYM",4,5,,4.77273,16,14,0,0,,66,295,66,38,35,8,26,0,8,51,6.95455,3.54545,1.96154,1.09091,0.172881,0.0881356,0.08474575728178024,0.252874,1.39394,0.287129,0.668317,,,4.74224,0.322173,0.161677,999,,,,,,,218.40000000000012,3.309090909090911,226,3.4242424242424243,,,,,,,,,,,,,,,,,,,"Jonathan Pintaro","33980",702752
"Beau Sulser",,4,7,,4.73684,22,12,0,0,,76,335,86,43,40,11,23,1,3,51,6.03947,2.72368,2.21739,1.30263,0.152239,0.0686567,0.0835820883512497,0.278317,1.43421,0.303644,0.705128,,,4.73227,0.322025,0.442671,999,,,,,,,227.49999999999997,2.9934210526315788,261,3.4342105263157894,,,,,,,,,,,,,,,,,,,"Beau Sulser","23420",676641
"Jack Choate","SFG",4,4,,4.68367,25,22,0,0,,98,433,99,55,51,13,35,0,12,79,7.2551,3.21429,2.25714,1.19388,0.182448,0.0808314,0.10161662101745605,0.256477,1.36735,0.292517,0.682211,,,4.7175,0.321931,0.474977,999,,,,,,,324.9000000000001,3.3153061224489804,338,3.4489795918367347,,,,,,,,,,,,,,,,,,,"Jack Choate","sa3020407",805257
"Brent Suter","CIN",2,2,,4.42623,47,2,1,10,,61,261,64,32,30,8,18,0,2,47,6.93443,2.65574,2.61111,1.18033,0.180077,0.0689655,0.1111111119389534,0.26556,1.34426,0.301075,0.706215,,,4.31402,0.321432,0.311421,999,,,,,,,265.60000000000014,4.3540983606557395,280,4.590163934426229,,,,,,,,,,,,,,,,,,,"Brent Suter","13942",608718
"Danny Wirchansky","SEA",6,7,,4.53376,24,15,0,0,,93.3,403,98,51,47,13,30,0,2,63,6.07717,2.89389,2.1,1.25402,0.156328,0.0744417,0.08188585937023163,0.264151,1.37192,0.288136,0.701275,,,4.6563,0.315307,0.205626,999,,,,,,,305.72002258300785,3.276741828329961,327.50001525878906,3.5101822566619822,,,,,,,,,,,,,,,,,,,"Danny Wirchansky","sa3023469",688024
"Anthony Banda","LAD",3,3,,4.32836,47,4,0,13,,60.3,267,60,31,29,8,23,3,3,59,8.80597,3.43284,2.56522,1.19403,0.220974,0.0861423,0.13483146578073502,0.248963,1.37645,0.298851,0.724234,,,4.22784,0.313439,0.194851,999,,,,,,,283.819994354248,4.706799302574642,289.49999618530273,4.800995022357732,,,,,,,,,,,,,,,,,,,"Anthony Banda","14706",607455
"Kevin Herget",,3,4,,4.24958,34,4,0,1,,59.3,251,58,30,28,8,17,0,2,50,7.58853,2.5801,2.94118,1.21417,0.199203,0.0677291,0.131474107503891,0.25,1.26476,0.287356,0.705329,,,4.19515,0.31286,0.230776,999,,,,,,,236.61999435424815,3.990219180413892,239.49999618530273,4.038785822371868,,,,,,,,,,,,,,,,,,,"Kevin Herget","15369",643361
"Joey Lucchesi","SFG",5,7,,4.53172,23,17,0,1,,99.3,439,107,54,50,12,39,0,3,65,5.89124,3.53474,1.66667,1.08761,0.148064,0.0888383,0.05922550708055496,0.269521,1.47029,0.296875,0.712074,,,4.69719,0.312459,0.618018,999,,,,,,,317.0200225830078,3.192547964150298,348.50001525878906,3.5095670145865108,,,,,,,,,,,,,,,,,,,"Joey Lucchesi","19320",664192
"Luis F. Ortiz","NYM",2,2,,4.125,32,2,0,0,,48,206,47,24,22,5,14,0,3,39,7.3125,2.625,2.78571,0.9375,0.18932,0.0679612,0.12135922163724899,0.248677,1.27083,0.289655,0.685185,,,3.95815,0.31242,0.144856,999,,,,,,,198.50000000000006,4.135416666666668,202,4.208333333333333,,,,,,,,,,,,,,,,,,,"Luis F. Ortiz","16942",656814
"Logan Evans","SEA",5,7,,4.66373,28,19,0,0,,90.7,401,94,51,47,12,32,0,6,67,6.64829,3.1753,2.09375,1.19074,0.167082,0.0798005,0.08728179335594177,0.258953,1.3892,0.288732,0.686813,,,4.66593,0.311847,0.0649563,999,,,,,,,299.1799774169922,3.298566565418065,317.49998474121094,3.5005512174646687,,,,,,,,,,,,,,,,,,,"Logan Evans","33699",688138
"Caleb Thielbar","CHC",3,3,,3.70709,50,0,0,11,,43.7,185,39,19,18,5,16,1,1,48,9.88558,3.29519,3,1.02975,0.259459,0.0864865,0.17297297716140747,0.232143,1.25858,0.295652,0.75,,,3.62415,0.311145,0.348701,999,,,,,,,249.48000564575196,5.708924514649616,242.50000381469727,5.5491990750799625,,,,,,,,,,,,,,,,,,,"Caleb Thielbar","10078",573204
"Xzavion Curry","COL",5,7,,4.69806,29,16,0,1,,97.7,418,102,55,51,16,29,1,3,71,6.54043,2.67144,2.44828,1.4739,0.169856,0.069378,0.10047847032546997,0.264249,1.34084,0.287625,0.699816,,,4.82462,0.311042,0.600916,999,,,,,,,310.9799774169922,3.1830090801511264,330.49998474121094,3.382804453067665,,,,,,,,,,,,,,,,,,,"Xzavion Curry","25595",675540
"Alex Faedo","TBR",4,5,,4.34846,32,11,0,1,,68.3,290,63,36,33,10,27,0,2,65,8.56515,3.55783,2.40741,1.31772,0.224138,0.0931034,0.1310344859957695,0.241379,1.31772,0.284946,0.710526,,,4.44027,0.308901,0.263238,999,,,,,,,265.6200225830078,3.8890191905514366,258.50001525878906,3.7847731143276446,,,,,,,,,,,,,,,,,,,"Alex Faedo","19874",656412
"Edwin Uceta","TBR",3,2,,3.9726,44,1,6,13,,65.7,279,56,31,29,8,26,1,4,73,10,3.56164,2.80769,1.09589,0.261649,0.09319,0.16845878213644028,0.2249,1.2481,0.285714,0.720339,,,3.89707,0.307589,0.234976,318.20001220703125,,,,,,,380.1799774169922,5.7866057089240694,362.49998474121094,5.517503829213035,,,,,,,,,,,,,,,,,,,"Edwin Uceta","20539",670955
"Cody Laweryson","MIN",3,3,,4.40816,27,4,0,0,,49,216,50,26,24,6,18,0,2,44,8.08163,3.30612,2.44444,1.10204,0.203704,0.0833333,0.12037036567926407,0.255102,1.38776,0.30137,0.704698,,,4.18689,0.307337,0.135179,999,,,,,,,186.8,3.812244897959184,195,3.979591836734694,,,,,,,,,,,,,,,,,,,"Cody Laweryson","26429",689520
"Oliver Ortega","NYM",2,3,,3.88489,31,0,0,0,,41.7,177,37,19,18,4,15,0,2,41,8.84892,3.23741,2.73333,0.863309,0.231638,0.0847458,0.14689265191555023,0.23125,1.247,0.286957,0.711207,,,3.67008,0.306584,0.219461,999,,,,,,,194.18000564575198,4.65659477441372,187.50000381469727,4.496402886911609,,,,,,,,,,,,,,,,,,,"Oliver Ortega","21025",661383
"Winston Santos","TEX",6,10,,5.32653,22,21,0,0,,98,428,99,63,58,16,31,0,11,75,6.88775,2.84694,2.41935,1.46939,0.175234,0.0724299,0.10280374437570572,0.256477,1.32653,0.281356,0.622677,,,5.04403,0.305868,-0.247254,999,,,,,,,295.0000000000001,3.0102040816326543,306,3.122448979591837,,,,,,,,,,,,,,,,,,,"Winston Santos","sa3015952",692437
"Luinder Avila","KCR",5,6,,4.90731,22,21,0,0,,91.7,413,94,54,50,11,42,0,8,65,6.3795,4.12214,1.54762,1.07961,0.157385,0.101695,0.05569007992744446,0.258953,1.4831,0.289199,0.679934,,,4.94402,0.303935,0.461665,999,,,,,,,278.8799774169921,3.0412212289865077,295.49998474121094,3.222464499186392,,,,,,,,,,,,,,,,,,,"Luinder Avila","24452",679883
"Jack Cushing","ATH",5,6,,4.53376,30,12,0,0,,93.3,400,99,51,47,14,26,0,2,68,6.55949,2.50804,2.61538,1.35048,0.17,0.065,0.10500000417232513,0.266129,1.33976,0.293103,0.702087,,,4.55983,0.303444,0.218094,999,,,,,,,312.8200225830079,3.3528404324860768,336.50001525878906,3.6066452760148033,,,,,,,,,,,,,,,,,,,"Jack Cushing","sa1170342",681007
"Mike Baumann",,3,3,,4.35484,48,4,0,0,,62,272,60,32,30,7,28,1,2,59,8.56452,4.06452,2.10714,1.01613,0.216912,0.102941,0.11397058516740799,0.247934,1.41935,0.301136,0.716113,,,4.18261,0.302712,0.328912,999,,,,,,,244.69999999999993,3.946774193548386,247,3.9838709677419355,,,,,,,,,,,,,,,,,,,"Mike Baumann","20206",657508
"Matt Krook","CLE",4,4,,4.41308,32,8,0,1,,67.3,303,60,36,33,7,40,0,3,71,9.4948,5.34918,1.775,0.936107,0.234323,0.132013,0.10231022536754608,0.230769,1.48588,0.291209,0.709534,,,4.32547,0.302491,0.140138,999,,,,,,,272.92002258300784,4.0552750402272,262.50001525878906,3.900445815090239,,,,,,,,,,,,,,,,,,,"Matt Krook","19315",640454
"Cody Morris",,2,3,,4.14044,24,5,0,0,,41.3,180,36,21,19,5,21,0,2,43,9.37046,4.57627,2.04762,1.08959,0.238889,0.116667,0.12222222238779068,0.229299,1.38015,0.284404,0.72,,,4.32871,0.302114,0.265777,999,,,,,,,167.51999435424804,4.056174272369574,158.49999618530273,3.837772375624472,,,,,,,,,,,,,,,,,,,"Cody Morris","25388",663752
"Kade McClure",,3,3,,4.52261,23,8,0,0,,59.7,266,65,32,30,7,22,0,3,42,6.33166,3.31658,1.90909,1.05528,0.157895,0.0827068,0.07518796622753143,0.26971,1.45729,0.302083,0.712435,,,4.54001,0.301449,0.444778,999,,,,,,,195.68000564575198,3.2777219957294563,216.50000381469727,3.6264656791946988,,,,,,,,,,,,,,,,,,,"Kade McClure","sa915622",656701
"Scott Blewett",,5,5,,4.51737,37,9,0,1,,77.7,342,81,42,39,10,29,1,3,60,6.94981,3.35907,2.06897,1.1583,0.175439,0.0847953,0.09064327925443649,0.26129,1.4157,0.295833,0.708333,,,4.5307,0.301256,0.252866,999,,,,,,,269.37997741699223,3.4669239124479327,286.49998474121094,3.6872586356992443,,,,,,,,,,,,,,,,,,,"Scott Blewett","16427",656240
"Tate Kuehner","MIL",5,6,,4.84615,22,18,0,0,,91,410,87,53,49,12,47,0,7,78,7.71429,4.64835,1.65957,1.18681,0.190244,0.114634,0.07560975104570389,0.244382,1.47253,0.281955,0.691126,,,4.9467,0.301162,0.361454,999,,,,,,,293.59999999999997,3.226373626373626,293,3.21978021978022,,,,,,,,,,,,,,,,,,,"Tate Kuehner","sa3023099",804249
"Vince Velasquez",,3,3,,4.47514,17,10,0,1,,54.3,238,52,29,27,8,24,0,2,53,8.78453,3.9779,2.20833,1.32597,0.222689,0.10084,0.12184873968362808,0.245283,1.39963,0.291391,0.725309,,,4.56611,0.30012,0.338924,999,,,,,,,200.21999435424806,3.6872927655143495,199.49999618530273,3.674033130540839,,,,,,,,,,,,,,,,,,,"Vince Velasquez","11189",592826
"Jared Karros","LAD",4,5,,4.85477,19,18,0,0,,72.3,310,74,42,39,13,24,0,1,58,7.21992,2.98755,2.41667,1.61826,0.187097,0.0774194,0.10967741906642914,0.259649,1.35546,0.285047,0.701754,,,4.93688,0.298801,0.230559,999,,,,,,,223.72002258300788,3.0943293656965984,233.50001525878906,3.2295989682273194,,,,,,,,,,,,,,,,,,,"Jared Karros","sa3020859",689042
"Julian Merryweather","MIL",3,1,,3.6272,38,0,1,12,,39.7,170,34,17,16,4,17,0,2,46,10.4282,3.8539,2.70588,0.906801,0.270588,0.1,0.17058824747800827,0.225166,1.28463,0.29703,0.748899,,,3.59469,0.296554,0.34478,999,,,,,,,244.18000564575195,6.150629746931835,234.50000381469727,5.90680099013012,,,,,,,,,,,,,,,,,,,"Julian Merryweather","16703",657240
"Anthony Solometo","PIT",5,7,,4.84689,28,26,0,0,,94.7,426,101,55,51,12,40,0,7,64,6.08237,3.80148,1.6,1.14044,0.150235,0.0938967,0.056338027119636536,0.266491,1.48891,0.293729,0.692432,,,4.95106,0.294858,0.534263,999,,,,,,,277.57997741699216,2.9311508591568605,304.49998474121094,3.2154170491434533,,,,,,,,,,,,,,,,,,,"Anthony Solometo","sa3018259",696143
"Yimi García","TOR",3,3,,3.66167,49,0,3,14,,46.7,194,40,21,19,6,14,2,3,50,9.63597,2.69807,3.57143,1.15632,0.257732,0.0721649,0.1855669990181923,0.225989,1.15632,0.280992,0.723684,,,3.78746,0.294771,0.291465,550.469970703125,,,,,,,287.78000564575194,6.162312654053116,275.50000381469727,5.899357587020227,,,,,,,,,,,,,,,,,,,"Yimi Garcia","12095",554340
"Luis García","LAA",3,3,,3.96,52,0,0,1,,50,215,49,24,22,5,16,1,3,43,7.74,2.88,2.6875,0.9,0.2,0.0744186,0.12558139860630035,0.25,1.3,0.297297,0.706897,,,3.88648,0.294315,0.181355,750.5999755859375,,,,,,,214.1,4.282,218,4.36,,,,,,,,,,,,,,,,,,,"Luis Garcia","6984",472610
"Nate Lavender","TBR",3,3,,3.88636,32,1,0,0,,44,192,36,21,19,4,22,1,4,52,10.6364,4.5,2.36364,0.818182,0.270833,0.114583,0.1562500074505806,0.216867,1.31818,0.290909,0.706107,,,3.75739,0.293998,0.146814,999,,,,,,,208.80000000000004,4.745454545454546,194,4.409090909090909,,,,,,,,,,,,,,,,,,,"Nate Lavender","sa3017917",681320
"Gabe Speier","SEA",2,2,,3.68182,49,1,0,10,,44,184,39,19,18,5,13,2,3,45,9.20455,2.65909,3.46154,1.02273,0.244565,0.0706522,0.17391304671764374,0.232143,1.18182,0.288136,0.733333,,,3.68921,0.293465,0.29402,999,,,,,,,244.70000000000002,5.5613636363636365,237,5.386363636363637,,,,,,,,,,,,,,,,,,,"Gabe Speier","17170",642100
"Hunter Stratton","ATL",2,3,,4.05882,45,1,0,1,,51,219,46,25,23,5,20,0,4,49,8.64706,3.52941,2.45,0.882353,0.223744,0.0913242,0.13242008537054062,0.235897,1.29412,0.29078,0.694915,,,3.93119,0.291663,0.295233,999,,,,,,,226.30000000000004,4.437254901960785,220,4.313725490196078,,,,,,,,,,,,,,,,,,,"Hunter Stratton","23455",676702
"Josiah Gray","WSN",5,8,,4.99552,22,21,0,1,,111.7,482,107,67,62,20,46,1,5,102,8.21844,3.70636,2.21739,1.61146,0.211618,0.0954357,0.11618257313966751,0.24826,1.36974,0.281553,0.688,,,5.03756,0.291513,0.251628,999,,,,,,,357.3799774169923,3.1994627321484126,353.49998474121094,3.164726897038415,,,,,,,,,,,,,,,,,,,"Josiah Gray","24580",680686
"Kai-Wei Teng","SFG",4,7,,4.772,25,18,0,0,,94.3,427,93,54,50,10,45,0,13,80,7.63521,4.2948,1.77778,0.954401,0.187354,0.105386,0.08196721225976944,0.252033,1.46341,0.297491,0.677419,,,4.69352,0.291325,0.305346,999,,,,,,,319.0200225830078,3.3830330038049885,327.50001525878906,3.472958692048359,,,,,,,,,,,,,,,,,,,"Kai-Wei Teng","24282",678906
"Tyler Gilbert","CHW",3,4,,4.85757,34,6,1,11,,66.7,287,69,39,36,10,21,0,3,54,7.28636,2.83358,2.57143,1.34933,0.188153,0.0731707,0.11498258262872696,0.262357,1.34933,0.296482,0.671053,,,4.57578,0.290729,-0.10471,999,,,,,,,276.1799774169923,4.140629536029848,288.49998474121094,4.32533730046616,,,,,,,,,,,,,,,,,,,"Tyler Gilbert","17964",656457
"Rich Hill",,6,10,,5.21955,26,23,0,0,,120.7,530,129,76,70,21,42,0,8,98,7.30737,3.13173,2.33333,1.56587,0.184906,0.0792453,0.10566037893295288,0.26875,1.41674,0.299169,0.670904,,,5.04718,0.290167,0.218052,999,,,,,,,345.47997741699226,2.8623031164212773,376.49998474121094,3.1193040121008395,,,,,,,,,,,,,,,,,,,"Rich Hill","4806",448179
"Victor Vodnik","COL",4,4,,4.35938,55,1,4,13,,64,284,61,34,31,7,31,1,2,61,8.57812,4.35938,1.96774,0.984375,0.214789,0.109155,0.10563380271196365,0.243028,1.4375,0.295082,0.705596,,,4.22898,0.28706,0.421381,599.469970703125,,,,,,,323.9,5.0609375,324,5.0625,,,,,,,,,,,,,,,,,,,"Victor Vodnik","24614",680767
"Isaac Coffey","BOS",6,8,,4.94696,23,20,0,0,,103.7,457,102,62,57,16,38,0,17,91,7.89778,3.29798,2.39474,1.38862,0.199125,0.083151,0.11597374081611633,0.253731,1.35005,0.291525,0.663265,,,5.00833,0.287053,0.486731,999,,,,,,,322.3799774169923,3.1087751871188165,327.49998474121094,3.1581484511004354,,,,,,,,,,,,,,,,,,,"Isaac Coffey","sa3020222",806190
"Daniel Palencia","CHC",2,2,,4.14365,36,5,0,1,,54.3,238,46,27,25,6,28,0,4,60,9.94475,4.64088,2.14286,0.994475,0.252101,0.117647,0.13445379585027695,0.223301,1.3628,0.285714,0.716463,,,4.16095,0.286731,0.315914,999,,,,,,,236.41999435424813,4.3539594415479845,221.49999618530273,4.0791896739866935,,,,,,,,,,,,,,,,,,,"Daniel Palencia","27914",694037
"Taylor Rogers","CHC",3,3,,4.56389,54,0,5,12,,49.3,218,46,27,25,7,21,2,4,60,10.9533,3.83367,2.85714,1.27789,0.275229,0.0963303,0.17889908701181412,0.238342,1.35903,0.309524,0.699301,,,4.09954,0.28451,0.0521984,493.0799865722656,,,,,,,277.1199943542481,5.621095307156257,273.49999618530273,5.547667351274585,,,,,,,,,,,,,,,,,,,"Taylor Rogers","13449",573124
"Luis Cessa",,3,6,,4.79221,24,16,0,0,,77,340,86,44,41,10,29,0,1,46,5.37662,3.38961,1.58621,1.16883,0.135294,0.0852941,0.05000000447034836,0.277419,1.49351,0.299213,0.70297,,,4.82882,0.283527,0.445678,999,,,,,,,225.20000000000007,2.9246753246753254,257,3.3376623376623376,,,,,,,,,,,,,,,,,,,"Luis Cessa","13345",570666
"Austin Cox","ATL",3,4,,4.51737,34,10,0,1,,77.7,343,78,42,39,9,35,0,3,59,6.83398,4.05405,1.68571,1.04247,0.172012,0.102041,0.06997083872556686,0.255738,1.45431,0.291139,0.707171,,,4.62079,0.282014,0.507475,999,,,,,,,269.47997741699226,3.468210913785483,279.49998474121094,3.597168542070761,,,,,,,,,,,,,,,,,,,"Austin Cox","24604",680735
"Brendan McKay",,2,1,,4.5,13,12,0,0,,44,188,45,24,22,7,13,0,1,37,7.56818,2.65909,2.84615,1.43182,0.196809,0.0691489,0.12765958160161972,0.258621,1.31818,0.292308,0.705394,,,4.50739,0.281067,0.201074,999,,,,,,,154.5,3.5113636363636362,161,3.659090909090909,,,,,,,,,,,,,,,,,,,"Brendan McKay","20186",656713
"Emiliano Teodo","TEX",4,5,,5.13944,20,17,0,0,,75.3,337,69,46,43,11,41,0,5,73,8.7251,4.9004,1.78049,1.31474,0.216617,0.121662,0.09495548903942108,0.237113,1.46082,0.280193,0.676533,,,4.95931,0.280718,0.0137443,712.4400024414062,,,,,,,250.52002258300777,3.326958996413475,241.50001525878906,3.2071713874007797,,,,,,,,,,,,,,,,,,,"Emiliano Teodo","sa3015158",693713
"Kyle Virbitsky",,4,5,,4.60296,30,8,0,0,,74.3,325,78,41,38,10,23,0,4,56,6.78331,2.786,2.43478,1.21131,0.172308,0.0707692,0.10153845697641373,0.261745,1.35935,0.293103,0.689655,,,4.49892,0.279715,0.0967189,999,,,,,,,255.0200225830078,3.432301643451608,272.50001525878906,3.6675639847412116,,,,,,,,,,,,,,,,,,,"Kyle Virbitsky","sa3017491",680223
"Ian Gibaut","CIN",3,3,,4.56389,47,1,0,1,,49.3,218,49,27,25,6,20,2,3,48,8.76268,3.65112,2.4,1.09533,0.220183,0.0917431,0.12844037264585495,0.251282,1.39959,0.304965,0.693069,,,4.20096,0.278728,0.100545,999,,,,,,,194.61999435424806,3.947667289372803,199.49999618530273,4.04665312926276,,,,,,,,,,,,,,,,,,,"Ian Gibaut","17871",664139
"Luis Perales","BOS",4,5,,5.11229,18,18,0,0,,75.7,337,76,46,43,12,36,0,3,69,8.20343,4.28005,1.91667,1.42668,0.204748,0.106825,0.09792285412549973,0.255034,1.47952,0.294931,0.693277,,,4.94984,0.277195,0.307201,999,,,,,,,235.97997741699217,3.1173049792635665,243.49998474121094,3.2166445780400417,,,,,,,,,,,,,,,,,,,"Luis Perales","sa3014677",691384
"Shelby Miller","MIL",5,3,,3.77358,43,2,0,10,,47.7,197,41,22,20,5,17,1,3,46,8.67924,3.20755,2.70588,0.943396,0.233503,0.0862944,0.14720812439918518,0.231638,1.21593,0.285714,0.705882,,,3.8583,0.277065,0.43913,999,,,,,,,256.880005645752,5.3853249798128955,245.50000381469727,5.146750521761808,,,,,,,,,,,,,,,,,,,"Shelby Miller","10197",571946
"Connor Gillispie","MIN",4,6,,4.66938,26,14,0,1,,98.3,433,101,55,51,14,40,0,6,77,7.04985,3.66226,1.925,1.28179,0.177829,0.0923788,0.08545035123825073,0.260982,1.43438,0.293919,0.708402,,,4.85519,0.275988,0.631904,999,,,,,,,312.6200225830079,3.180264627442629,329.50001525878906,3.3519837744592715,,,,,,,,,,,,,,,,,,,"Connor Gillispie","26171",687362
"Hunter Stanley","CLE",4,4,,4.67532,18,13,0,0,,69.3,304,74,39,36,10,26,0,0,49,6.36364,3.37662,1.88462,1.2987,0.161184,0.0855263,0.07565788924694061,0.266187,1.443,0.292237,0.709302,,,4.75378,0.275416,0.267795,999,,,,,,,217.4200225830078,3.137373925086615,236.50001525878906,3.4126984825982656,,,,,,,,,,,,,,,,,,,"Hunter Stanley","sa3018148",701533
"Will Johnston","ATH",4,5,,4.55056,25,14,0,0,,89,386,86,49,45,14,37,0,2,83,8.39326,3.74157,2.24324,1.41573,0.215026,0.0958549,0.11917097866535187,0.247839,1.38202,0.288,0.715667,,,4.66086,0.273544,0.258238,999,,,,,,,311.80000000000007,3.5033707865168546,312,3.50561797752809,,,,,,,,,,,,,,,,,,,"Will Johnston","sa3022940",690658
"Rodney Boone","CLE",3,4,,4.61538,15,14,0,0,,66.3,292,68,37,34,10,25,0,3,53,7.19457,3.39367,2.12,1.35747,0.181507,0.0856164,0.09589040279388428,0.257576,1.40271,0.288557,0.708861,,,4.79544,0.273316,0.327171,999,,,,,,,212.82002258300776,3.209954943997024,223.50001525878906,3.371040798962126,,,,,,,,,,,,,,,,,,,"Rodney Boone","sa3018107",674868
"Yuki Matsui","SDP",3,2,,3.71482,57,0,0,11,,53.3,226,43,24,22,6,25,2,2,61,10.3002,4.22139,2.44,1.01313,0.269911,0.110619,0.15929202735424042,0.21608,1.2758,0.280303,0.738255,,,3.86066,0.273314,0.306537,725.6599731445312,,,,,,,293.819994354248,5.512570329456012,273.49999618530273,5.13133208443149,,,,,,,,,,,,,,,,,,,"Yuki Matsui","33826",673513
"Gunnar Hoglund","ATH",6,8,,4.75472,22,21,0,0,,106,456,110,61,56,17,31,0,6,78,6.62264,2.63208,2.51613,1.4434,0.171053,0.0679825,0.10307017713785172,0.26253,1.33019,0.287037,0.682594,,,4.82686,0.272674,0.182523,999,,,,,,,334.30000000000007,3.153773584905661,354,3.339622641509434,,,,,,,,,,,,,,,,,,,"Gunnar Hoglund","31318",680684
"Ian Mejia","ATL",7,7,,4.78099,22,21,0,0,,107.3,476,115,62,57,17,39,0,6,85,7.12954,3.2712,2.17949,1.42591,0.178571,0.0819328,0.09663865715265274,0.266821,1.43523,0.297872,0.706605,,,4.89994,0.272539,0.563717,999,,,,,,,320.92002258300784,2.990866854199502,350.50001525878906,3.2665424537753274,,,,,,,,,,,,,,,,,,,"Ian Mejia","sa3019911",681256
"Ray Kerr","ATL",3,2,,3.88489,33,2,0,0,,41.7,183,38,19,18,5,19,1,2,49,10.5755,4.10072,2.57895,1.07914,0.26776,0.103825,0.16393442451953888,0.234568,1.36691,0.305556,0.76,,,3.8859,0.2725,0.419011,999,,,,,,,183.28000564575194,4.395203891905935,178.50000381469727,4.280575552730871,,,,,,,,,,,,,,,,,,,"Ray Kerr","23809",678061
"Tony Santillan","CIN",4,5,,4.47761,56,2,5,10,,60.3,262,53,32,30,8,29,1,5,67,10,4.32836,2.31034,1.19403,0.255725,0.110687,0.1450381800532341,0.232456,1.35987,0.294118,0.706215,,,4.36051,0.272064,0.256927,596.0999755859375,,,,,,,307.019994354248,5.091542259349693,294.49999618530273,4.883913763042011,,,,,,,,,,,,,,,,,,,"Tony Santillan","19926",663574
"Josh Fleming","SEA",4,4,,4.24286,36,6,0,1,,70,306,77,36,33,7,20,2,2,40,5.14286,2.57143,2,0.9,0.130719,0.0653595,0.06535948067903519,0.271127,1.38571,0.295359,0.699541,,,4.26648,0.27189,0.115355,999,,,,,,,249.7,3.567142857142857,277,3.9571428571428573,,,,,,,,,,,,,,,,,,,"Josh Fleming","20418",676596
"Kent Emanuel",,2,3,,4.63122,20,8,0,0,,58.3,257,66,32,30,8,16,0,4,40,6.17496,2.46998,2.5,1.23499,0.155642,0.0622568,0.09338520839810371,0.278481,1.40652,0.306878,0.706215,,,4.6073,0.271745,0.385705,999,,,,,,,181.41999435424808,3.111835278360034,207.49999618530273,3.5591766535289713,,,,,,,,,,,,,,,,,,,"Kent Emanuel","15849",592288
"Tristan Stevens","MIA",4,7,,4.81095,22,13,0,0,,76.7,341,89,44,41,11,23,0,2,46,5.39765,2.69883,2,1.29074,0.134897,0.0674487,0.0674486830830574,0.281646,1.46023,0.301158,0.703934,,,4.80924,0.271553,0.405794,999,,,,,,,217.87997741699215,2.8406777846942997,257.49998474121094,3.357235918991941,,,,,,,,,,,,,,,,,,,"Tristan Stevens","sa3019881",688306
"Luis Frías",,3,4,,4.36742,39,5,0,1,,57.7,255,55,30,28,7,27,0,2,58,9.04679,4.21144,2.14815,1.09185,0.227451,0.105882,0.12156862765550613,0.243363,1.42114,0.298137,0.720222,,,4.241,0.269839,0.18145,999,,,,,,,230.88000564575202,4.001386526740665,230.50000381469727,3.99480070653217,,,,,,,,,,,,,,,,,,,"Luis Frias","21997",666818
"Jared Kollar","SDP",6,7,,4.83333,25,20,0,0,,108,468,115,63,58,18,33,0,3,75,6.25,2.75,2.27273,1.5,0.160256,0.0705128,0.08974359184503555,0.266204,1.37037,0.286136,0.692182,,,4.94426,0.26846,0.151998,999,,,,,,,320.80000000000007,2.970370370370371,348,3.2222222222222223,,,,,,,,,,,,,,,,,,,"Jared Kollar","sa3020439",806577
"Dustin Saenz","WSN",4,6,,5.10373,17,17,0,0,,72.3,322,82,44,41,10,22,0,4,40,4.97925,2.73859,1.81818,1.24481,0.124224,0.068323,0.05590062588453293,0.277027,1.43845,0.292683,0.666667,,,4.93688,0.268376,0.103873,999,,,,,,,200.82002258300787,2.777593556106017,233.50001525878906,3.2295989682273194,,,,,,,,,,,,,,,,,,,"Dustin Saenz","sa3017610",685010
"Luke Little","CHC",3,2,,3.62173,50,1,0,1,,49.7,213,37,22,20,4,27,1,5,57,10.3219,4.88934,2.11111,0.724346,0.267606,0.126761,0.14084507524967194,0.20442,1.28773,0.275,0.719178,,,3.85058,0.267359,0.401011,999,,,,,,,244.38000564575202,4.917102653808861,218.50000381469727,4.39637827888384,,,,,,,,,,,,,,,,,,,"Luke Little","28036",681432
"Richard Gallardo","TOR",3,5,,4.68606,14,13,0,0,,65.3,283,68,37,34,10,18,0,5,44,6.06432,2.48086,2.44444,1.37825,0.155477,0.0636042,0.09187278896570206,0.261538,1.317,0.281553,0.680556,,,4.86633,0.26559,0.26297,999,,,,,,,202.4200225830079,3.099847061608352,215.50001525878906,3.300153218798173,,,,,,,,,,,,,,,,,,,"Richard Gallardo","sa3009990",682620
"Brandon Komar","CIN",4,6,,5.47826,25,11,0,0,,92,413,105,61,56,14,35,0,3,58,5.67391,3.42391,1.65714,1.36957,0.140436,0.0847458,0.055690065026283264,0.28,1.52174,0.30033,0.656146,,,5.123,0.265346,-0.155132,999,,,,,,,237.60000000000008,2.582608695652175,280,3.0434782608695654,,,,,,,,,,,,,,,,,,,"Brandon Komar","sa3010630",688162
"Wily Peralta",,3,4,,4.59042,21,13,0,0,,64.7,289,68,36,33,8,30,0,2,48,6.67697,4.17311,1.6,1.11283,0.16609,0.103806,0.06228373944759369,0.264591,1.51468,0.298507,0.714286,,,4.7739,0.264861,0.457352,999,,,,,,,203.57997741699222,3.1465222105010193,219.49998474121094,3.392581067921897,,,,,,,,,,,,,,,,,,,"Wily Peralta","7738",503449
"Darius Vines",,4,4,,4.76296,18,17,0,0,,90.7,395,98,52,48,15,29,0,2,67,6.64829,2.87762,2.31034,1.48842,0.16962,0.0734177,0.0962025374174118,0.269231,1.40022,0.294326,0.707547,,,4.86439,0.264512,0.514463,999,,,,,,,272.8799774169922,3.0085996317365997,299.49998474121094,3.30209476095264,,,,,,,,,,,,,,,,,,,"Darius Vines","25928",670241
"Drew Smyly",,7,8,,4.46449,37,12,0,0,,88.7,385,88,48,44,14,32,1,4,82,8.32018,3.2469,2.5625,1.42052,0.212987,0.0831169,0.12987012416124344,0.252149,1.35287,0.29249,0.717131,,,4.587,0.263058,0.339416,999,,,,,,,311.3799774169922,3.510484646337555,317.49998474121094,3.579481349097194,,,,,,,,,,,,,,,,,,,"Drew Smyly","11760",592767
"Tayler Scott",,5,4,,3.63158,52,1,1,16,,57,244,50,25,23,6,25,1,3,58,9.1579,3.94737,2.32,0.947368,0.237705,0.102459,0.1352459043264389,0.231481,1.31579,0.289474,0.750751,,,3.9735,0.262687,0.468509,749.2899780273438,,,,,,,318.99999999999994,5.596491228070175,308,5.4035087719298245,,,,,,,,,,,,,,,,,,,"Tayler Scott","13652",605463
"Sam Aldegheri","LAA",6,9,,5.14544,22,21,0,0,,99.7,442,101,62,57,17,44,0,6,87,7.85356,3.97192,1.97727,1.5346,0.196833,0.0995475,0.09728506952524185,0.257653,1.45436,0.291667,0.684819,,,5.14241,0.262571,0.0482652,999,,,,,,,290.07997741699216,2.9095284483066033,301.49998474121094,3.0240721561679718,,,,,,,,,,,,,,,,,,,"Sam Aldegheri","26443",691951
"Connor Overton",,2,2,,4.59574,18,7,0,0,,47,200,48,26,24,6,13,0,3,32,6.12766,2.48936,2.46154,1.14894,0.16,0.065,0.0949999988079071,0.26087,1.29787,0.287671,0.665399,,,4.48563,0.262236,0.119969,999,,,,,,,165.2,3.5148936170212766,173,3.6808510638297873,,,,,,,,,,,,,,,,,,,"Connor Overton","18376",656818
"Manuel Rodríguez","TBR",4,4,,3.76364,56,0,2,13,,55,235,48,25,23,5,21,1,5,54,8.83636,3.43636,2.57143,0.818182,0.229787,0.0893617,0.14042552560567856,0.229665,1.25455,0.286667,0.709677,,,3.80284,0.261455,0.242451,745.9099731445312,,,,,,,312.7,5.6854545454545455,302,5.490909090909091,,,,,,,,,,,,,,,,,,,"Manuel Rodriguez","20794",655889
"Chase Solesky","WSN",3,6,,5.00605,19,17,0,0,,82.7,369,94,50,46,12,29,0,2,50,5.44135,3.15599,1.72414,1.30593,0.135501,0.0785908,0.05691056698560715,0.278107,1.4873,0.297101,0.687382,,,4.96817,0.260824,0.132226,999,,,,,,,226.97997741699223,2.7446189334087605,264.49998474121094,3.198307067734819,,,,,,,,,,,,,,,,,,,"Chase Solesky","sa3009940",686678
"Phil Bickford","PHI",4,3,,4.10526,50,1,0,0,,57,238,50,28,26,7,19,2,3,57,9,3,3,1.10526,0.239496,0.0798319,0.1596638634800911,0.231481,1.21053,0.282895,0.692568,,,3.92087,0.259554,0.166097,999,,,,,,,253.69999999999993,4.450877192982455,242,4.245614035087719,,,,,,,,,,,,,,,,,,,"Phil Bickford","18519",641360
"Yonny Chirinos",,5,9,,5.01348,22,20,0,0,,111.3,497,127,67,62,17,38,0,6,73,5.90296,3.07278,1.92105,1.37466,0.146881,0.0764588,0.07042253017425537,0.280353,1.48248,0.30303,0.694051,,,5.02632,0.259422,0.408722,999,,,,,,,298.32002258300787,2.6803235795445595,349.50001525878906,3.140161776062676,,,,,,,,,,,,,,,,,,,"Yonny Chirinos","16401",630023
"Chris Vallimont",,4,5,,4.88688,19,12,0,0,,66.3,299,67,39,36,9,32,0,4,56,7.60181,4.34389,1.75,1.22172,0.187291,0.107023,0.08026755601167679,0.254753,1.49321,0.292929,0.694444,,,4.87085,0.258024,0.0997096,999,,,,,,,209.7200225830078,3.163197781745011,218.50001525878906,3.295626021136299,,,,,,,,,,,,,,,,,,,"Chris Vallimont","24935",681808
"Bryan Sammons","DET",5,6,,4.6729,23,16,0,0,,96.3,421,96,54,50,15,39,0,4,80,7.47664,3.64486,2.05128,1.40187,0.190024,0.0926366,0.0973871722817421,0.253968,1.40187,0.286219,0.710526,,,4.86949,0.257861,0.3873,999,,,,,,,309.52002258300786,3.214122666399625,317.50001525878906,3.296988631331031,,,,,,,,,,,,,,,,,,,"Bryan Sammons","20462",676614
"Kyle Amendt","ARI",5,3,,3.47727,44,0,0,0,,44,190,36,18,17,4,25,0,0,52,10.6364,5.11364,2.08,0.818182,0.273684,0.131579,0.14210525155067444,0.218182,1.38636,0.293578,0.776173,,,3.68921,0.257737,0.553695,999,,,,,,,211.80000000000004,4.813636363636364,197,4.4772727272727275,,,,,,,,,,,,,,,,,,,"Kyle Amendt","sa3022904",694900
"Jackson Ferris","LAD",5,6,,5.06925,26,26,0,0,,108.3,483,106,66,61,17,51,0,9,95,7.89474,4.23823,1.86275,1.41274,0.196687,0.10559,0.09109731018543243,0.250591,1.44968,0.286174,0.683183,,,5.11477,0.257318,0.057367,999,,,,,,,326.7200225830078,3.016805294334706,330.50001525878906,3.051708272813615,,,,,,,,,,,,,,,,,,,"Jackson Ferris","sa3020891",701328
"Valente Bellozo","MIA",5,8,,4.88793,24,21,0,1,,116,507,127,68,63,20,39,1,3,85,6.59483,3.02586,2.17949,1.55172,0.167653,0.0769231,0.09072978049516678,0.273118,1.43103,0.297222,0.710145,,,5.02855,0.255901,0.587986,745.6799926757812,,,,,,,330.2000000000001,2.846551724137932,368,3.1724137931034484,,,,,,,,,,,,,,,,,,,"Valente Bellozo","23899",678368
"Aaron Shortridge",,4,7,,4.95,19,15,0,0,,80,357,89,48,44,11,30,0,3,51,5.7375,3.375,1.7,1.2375,0.142857,0.0840336,0.05882353335618973,0.274691,1.4875,0.29771,0.685328,,,4.91648,0.255406,0.278403,999,,,,,,,228.29999999999998,2.85375,260,3.25,,,,,,,,,,,,,,,,,,,"Aaron Shortridge","sa3006759",663336
"Johan Dominguez",,4,7,,5.15625,23,19,0,0,,96,430,105,59,55,15,38,0,6,68,6.375,3.5625,1.78947,1.40625,0.15814,0.0883721,0.06976744532585144,0.272021,1.48958,0.29703,0.688525,,,5.15606,0.254951,0.010796,999,,,,,,,256.9000000000001,2.6760416666666678,289,3.0104166666666665,,,,,,,,,,,,,,,,,,,"Johan Dominguez","sa916727",667339
"Brett Kennedy",,3,4,,5.45927,15,11,0,0,,57.7,258,64,38,35,9,21,0,4,40,6.23917,3.27556,1.90476,1.40381,0.155039,0.0813954,0.07364340871572495,0.274678,1.47314,0.298913,0.649171,,,5.10755,0.254041,0.00493361,999,,,,,,,154.880005645752,2.6842288318517835,176.50000381469727,3.0589255022690174,,,,,,,,,,,,,,,,,,,"Brett Kennedy","17877",664028
"Brooks Raley","NYM",1,1,,3.92371,44,0,0,0,,36.7,157,31,17,16,3,16,1,3,38,9.3188,3.92371,2.375,0.735695,0.242038,0.101911,0.14012739062309265,0.224638,1.28065,0.28866,0.700935,,,3.71144,0.251968,0.163227,999,,,,,,,173.08000564575195,4.716076350072786,163.50000381469727,4.45504088326351,,,,,,,,,,,,,,,,,,,"Brooks Raley","10061",548384
"Abner Uribe","MIL",2,1,,3.74179,44,0,0,7,,45.7,194,32,21,19,4,28,1,3,56,11.0284,5.51422,2,0.787746,0.28866,0.14433,0.14432989060878754,0.196319,1.31291,0.271845,0.716912,,,3.88858,0.251437,0.311247,628.8300170898438,,,,,,,252.780005645752,5.531291059643585,223.50000381469727,4.890590811454542,,,,,,,,,,,,,,,,,,,"Abner Uribe","25327",682842
"Sean Reid-Foley",,2,2,,3.97059,36,0,0,1,,34,148,27,16,15,3,20,0,0,41,10.8529,5.29412,2.05,0.794118,0.277027,0.135135,0.14189191162586212,0.210938,1.38235,0.285714,0.724299,,,3.66648,0.25122,0.124372,999,,,,,,,170.5,5.014705882352941,157,4.617647058823529,,,,,,,,,,,,,,,,,,,"Sean Reid-Foley","17034",656887
"Jay Groome",,5,7,,4.97026,24,23,0,0,,117.7,526,112,70,65,16,63,0,7,100,7.64656,4.81733,1.5873,1.22345,0.190114,0.119772,0.07034220546483994,0.245614,1.48683,0.282353,0.688073,,,5.01865,0.250498,0.0854846,999,,,,,,,372.9799774169924,3.1689038834980425,370.49998474121094,3.147833426912797,,,,,,,,,,,,,,,,,,,"Jay Groome","sa917925",666130
"Andrew Walters","CLE",3,3,,3.81356,60,1,0,4,,59,250,47,27,25,6,30,0,4,66,10.0678,4.57627,2.2,0.915254,0.264,0.12,0.14400000125169754,0.217593,1.30508,0.284722,0.728863,,,3.98004,0.250406,0.367687,999,,,,,,,286.6,4.857627118644068,263,4.4576271186440675,,,,,,,,,,,,,,,,,,,"Andrew Walters","33834",689958
"Wikelman González","CHW",3,6,,5.30011,25,22,0,0,,88.3,399,86,56,52,13,49,0,7,81,8.25595,4.99434,1.65306,1.32503,0.203008,0.122807,0.08020050078630447,0.250729,1.52888,0.293173,0.67637,,,5.14836,0.249459,-0.150972,999,,,,,,,263.92002258300784,2.9889016247067266,266.50001525878906,3.0181201137963467,,,,,,,,,,,,,,,,,,,"Wikelman Gonzalez","26641",682790
"Peter Van Loon","BAL",3,3,,4.71204,17,13,0,0,,57.3,252,57,32,30,8,22,0,5,48,7.53927,3.4555,2.18182,1.25654,0.190476,0.0873016,0.1031746044754982,0.253333,1.37871,0.289941,0.693215,,,4.71971,0.244953,0.208052,999,,,,,,,192.4199943542481,3.358115129429086,197.49999618530273,3.4467713580275845,,,,,,,,,,,,,,,,,,,"Peter Van Loon","sa3017543",687967
"Spenser Watkins",,4,7,,5.1,21,18,0,0,,90,402,102,55,51,13,32,0,4,56,5.6,3.2,1.75,1.3,0.139303,0.079602,0.05970148742198944,0.278689,1.48889,0.299663,0.682211,,,4.99981,0.244617,0.078631,999,,,,,,,244.90000000000003,2.7211111111111115,285,3.1666666666666665,,,,,,,,,,,,,,,,,,,"Spenser Watkins","17489",657093
"Jesus Tinoco","MIA",1,2,,4.01372,46,1,7,11,,58.3,250,55,28,26,7,23,0,2,57,8.79931,3.5506,2.47826,1.08062,0.228,0.092,0.13599999994039536,0.244444,1.33791,0.298137,0.733138,,,4.05842,0.243721,0.395679,463.9800109863281,,,,,,,320.319994354248,5.494339597703198,318.49999618530273,5.463121789937117,,,,,,,,,,,,,,,,,,,"Jesus Tinoco","16300",622786
"Sean Guenther","DET",4,4,,4.13969,46,2,0,1,,58.7,253,60,29,27,7,16,0,3,47,7.20613,2.45315,2.9375,1.07325,0.185771,0.0632411,0.12252964079380035,0.25641,1.29472,0.294444,0.70997,,,4.08641,0.241792,0.20516,999,,,,,,,233.28000564575188,3.974105666333047,243.50000381469727,4.148211254682509,,,,,,,,,,,,,,,,,,,"Sean Guenther","20045",674944
"Jackson Kowar","SEA",4,5,,4.61897,26,9,0,1,,64.3,289,62,36,33,8,31,0,5,64,8.95801,4.33904,2.06452,1.11975,0.221453,0.107266,0.1141868606209755,0.245059,1.44635,0.298343,0.696822,,,4.47286,0.24083,-0.0626425,999,,,,,,,240.22002258300785,3.7359255238237625,241.50001525878906,3.755832096374792,,,,,,,,,,,,,,,,,,,"Jackson Kowar","21549",663804
"Trey Dombroski","HOU",7,9,,4.71737,23,16,0,0,,97.3,425,103,55,51,17,32,0,2,77,7.1223,2.95992,2.40625,1.57246,0.181176,0.0752941,0.10588235408067703,0.263427,1.38746,0.289562,0.719424,,,4.90338,0.240208,0.328432,999,,,,,,,295.1200225830078,3.0330936621453293,317.50001525878906,3.2631038571488835,,,,,,,,,,,,,,,,,,,"Trey Dombroski","sa3020833",690667
"Kyle Leahy","STL",4,5,,4.27046,39,6,0,10,,84.3,367,84,43,40,10,32,0,4,66,7.04626,3.41637,2.0625,1.06762,0.179837,0.0871935,0.09264305233955383,0.253776,1.37604,0.290196,0.715686,,,4.42389,0.239107,0.452584,999,,,,,,,346.42002258300784,4.10937141212576,355.50001525878906,4.217081878876352,,,,,,,,,,,,,,,,,,,"Kyle Leahy","24763",681517
"Duncan Davitt","CHW",6,8,,4.885,24,21,0,0,,108.7,477,114,64,59,17,36,0,7,82,6.78933,2.98068,2.27778,1.40754,0.171908,0.0754717,0.09643605351448059,0.262673,1.37994,0.289552,0.681458,,,4.87761,0.23884,0.0149732,999,,,,,,,333.87997741699223,3.071573015553718,357.49998474121094,3.2888683972220862,,,,,,,,,,,,,,,,,,,"Duncan Davitt","sa3020394",701474
"Trevor Gott",,2,2,,3.8539,42,0,0,1,,39.7,169,36,18,17,4,14,1,2,40,9.06801,3.1738,2.85714,0.906801,0.236686,0.0828402,0.1538461595773697,0.235294,1.25945,0.293578,0.720721,,,3.67026,0.236322,0.132655,999,,,,,,,186.98000564575196,4.709823729280646,182.50000381469727,4.596977337719947,,,,,,,,,,,,,,,,,,,"Trevor Gott","15046",641627
"Walter Pennington","BAL",5,5,,4.43478,48,2,0,1,,69,302,66,37,34,8,29,1,3,62,8.08696,3.78261,2.13793,1.04348,0.205298,0.0960265,0.10927151888608932,0.244444,1.37681,0.29,0.692124,,,4.26793,0.236173,-0.0232963,999,,,,,,,272.6,3.9507246376811596,273,3.9565217391304346,,,,,,,,,,,,,,,,,,,"Walter Pennington","27624",679156
"Casey Legumina","SEA",3,4,,4.15157,37,3,0,1,,60.7,262,59,30,28,7,21,0,3,53,7.85832,3.11367,2.52381,1.03789,0.20229,0.0801527,0.1221374049782753,0.247899,1.31796,0.292135,0.712251,,,4.10552,0.233048,0.115081,999,,,,,,,247.68000564575195,4.08039542887409,250.50000381469727,4.1268533882398355,,,,,,,,,,,,,,,,,,,"Casey Legumina","25921",668984
"Jalen Beeks","ARI",5,4,,3.64017,54,2,0,4,,71.7,316,71,31,29,7,28,1,4,62,7.78243,3.51464,2.21429,0.878661,0.196203,0.0886076,0.10759493708610535,0.25,1.38075,0.297674,0.762332,,,4.04514,0.232835,0.847632,999,,,,,,,303.8799774169921,4.238214649246817,311.49998474121094,4.344490906548745,,,,,,,,,,,,,,,,,,,"Jalen Beeks","17192",656222
"Trace Bright","BAL",4,6,,4.81818,26,24,0,0,,99,443,98,57,53,14,48,0,7,86,7.81818,4.36364,1.79167,1.27273,0.194131,0.108352,0.08577878028154373,0.252577,1.47475,0.291667,0.704114,,,4.93416,0.232459,0.229927,999,,,,,,,312.6000000000001,3.1575757575757586,320,3.2323232323232323,,,,,,,,,,,,,,,,,,,"Trace Bright","sa3020558",687238
"Luis Patiño",,3,4,,4.66667,16,11,0,1,,54,232,52,30,28,8,21,1,2,44,7.33333,3.5,2.09524,1.33333,0.189655,0.0905172,0.09913793206214905,0.248804,1.35185,0.280255,0.695793,,,4.74055,0.232076,0.20531,999,,,,,,,189.00000000000006,3.500000000000001,189,3.5,,,,,,,,,,,,,,,,,,,"Luis Patino","22815",672715
"Ricardo Pinto",,3,4,,5.14683,19,8,0,0,,64.7,294,70,40,37,8,27,0,5,46,6.39876,3.7558,1.7037,1.11283,0.156463,0.0918367,0.06462584435939789,0.267176,1.49923,0.298077,0.664336,,,4.83572,0.231737,-0.0747374,999,,,,,,,194.37997741699223,3.0043274588171873,215.49998474121094,3.3307572628419697,,,,,,,,,,,,,,,,,,,"Ricardo Pinto","16318",620982
"Bailey Dees","NYY",5,6,,5.09434,26,20,0,0,,106,468,106,65,60,17,45,0,7,83,7.04717,3.82075,1.84444,1.4434,0.17735,0.0961538,0.08119658380746841,0.254808,1.42453,0.281646,0.676101,,,5.15705,0.230589,-0.0230928,999,,,,,,,309.70000000000005,2.9216981132075475,319,3.009433962264151,,,,,,,,,,,,,,,,,,,"Bailey Dees","sa3017946",676442
"Huascar Brazobán","NYM",3,2,,3.9779,41,0,0,1,,54.3,237,46,26,24,5,28,1,3,58,9.61326,4.64088,2.07143,0.828729,0.244726,0.118143,0.12658227235078812,0.223301,1.3628,0.286713,0.716418,,,3.93996,0.229096,0.150794,999,,,,,,,247.71999435424814,4.562062575226992,233.49999618530273,4.300184152229887,,,,,,,,,,,,,,,,,,,"Huascar Brazoban","6107",623211
"Wil Jensen","CHC",4,5,,4.37424,30,8,0,0,,82.3,358,83,43,40,12,30,0,2,69,7.54556,3.28068,2.3,1.31227,0.192737,0.0837989,0.1089385449886322,0.254601,1.37303,0.289796,0.727651,,,4.55166,0.228397,0.425035,999,,,,,,,287.6200225830078,3.4947753574459273,297.50001525878906,3.6148238666734156,,,,,,,,,,,,,,,,,,,"Wil Jensen","sa3014786",669192
"TJ Shook","NYM",6,9,,4.85571,25,12,0,0,,79.7,352,76,46,43,11,34,0,8,70,7.90464,3.8394,2.05882,1.24216,0.198864,0.0965909,0.10227273404598236,0.245161,1.38018,0.283843,0.676533,,,4.78505,0.227734,0.0584701,999,,,,,,,270.87997741699223,3.3987451416454113,269.49998474121094,3.381430301888548,,,,,,,,,,,,,,,,,,,"TJ Shook","sa3014915",669298
"Franco Aleman","CLE",4,3,,3.92252,29,2,0,0,,41.3,178,37,19,18,5,15,0,4,43,9.37046,3.26877,2.86667,1.08959,0.241573,0.0842697,0.1573033705353737,0.232704,1.25908,0.288288,0.733333,,,4.03815,0.22676,0.326266,999,,,,,,,176.91999435424805,4.283777182143115,170.49999618530273,4.128329281718354,,,,,,,,,,,,,,,,,,,"Franco Aleman","sa3018178",680916
"Chad Green",,5,4,,3.70588,50,0,4,12,,51,206,45,23,21,7,14,2,1,48,8.47059,2.47059,3.42857,1.23529,0.23301,0.0679612,0.16504854708909988,0.235602,1.15686,0.279412,0.731707,,,3.95079,0.226039,0.311308,488.30999755859375,,,,,,,293.30000000000007,5.7509803921568645,283,5.549019607843137,,,,,,,,,,,,,,,,,,,"Chad Green","15552",643338
"Declan Cronin","TEX",3,3,,4.17311,52,0,0,1,,64.7,288,66,32,30,6,25,1,5,56,7.7898,3.47759,2.24,0.834621,0.194444,0.0868056,0.1076388955116272,0.255814,1.40649,0.306122,0.714286,,,4.03201,0.225383,0.281042,999,,,,,,,259.37997741699223,4.008964291366002,271.49998474121094,4.196290533960949,,,,,,,,,,,,,,,,,,,"Declan Cronin","25645",686539
"Carlos Carrasco","ATL",4,7,,5.46091,18,18,0,1,,85.7,383,94,56,52,16,31,0,5,72,7.56126,3.25554,2.32258,1.68028,0.18799,0.0809399,0.1070496141910553,0.270893,1.45858,0.301158,0.672515,,,5.17348,0.225206,-0.286587,649.6500244140625,,,,,,,232.97997741699217,2.718552925476748,260.49998474121094,3.039673209073015,,,,,,,,,,,,,,,,,,,"Carlos Carrasco","6632",471911
"Jackson Stephens",,4,3,,4.08207,29,2,0,0,,46.3,200,46,23,21,5,14,1,4,39,7.58099,2.72138,2.78571,0.971922,0.195,0.07,0.1249999925494194,0.252747,1.2959,0.297101,0.698113,,,4.05201,0.224638,0.282559,999,,,,,,,185.51999435424804,4.006911391172329,190.49999618530273,4.11447082774071,,,,,,,,,,,,,,,,,,,"Jackson Stephens","14420",623451
"Carlos Duran","ATH",4,5,,5.02092,24,24,0,0,,71.7,322,69,43,40,11,32,0,9,66,8.28452,4.01674,2.0625,1.38075,0.204969,0.0993789,0.10559006035327911,0.245552,1.40865,0.284314,0.67757,,,5.03538,0.224172,0.0976973,999,,,,,,,224.87997741699215,3.136401492169176,224.49998474121094,3.1311017335645066,,,,,,,,,,,,,,,,,,,"Carlos Duran","24458",679922
"Bryce Jarvis","ARI",4,4,,4.1637,35,10,0,1,,84.3,372,81,42,39,9,40,2,4,67,7.15302,4.27046,1.675,0.960854,0.180108,0.107527,0.07258065044879913,0.246951,1.43535,0.285714,0.728782,,,4.53066,0.222379,0.855255,999,,,,,,,308.52002258300774,3.659786612268391,310.50001525878906,3.6832740690193195,,,,,,,,,,,,,,,,,,,"Bryce Jarvis","27477",686826
"Randy Rodríguez","SFG",3,3,,4.08428,41,3,0,10,,61.7,270,55,30,28,6,30,0,5,63,9.18963,4.37601,2.1,0.875203,0.233333,0.111111,0.12222222238779068,0.234043,1.37763,0.295181,0.718016,,,4.0903,0.221452,0.349224,999,,,,,,,300.78000564575194,4.874878475308182,291.50000381469727,4.724473261105514,,,,,,,,,,,,,,,,,,,"Randy Rodriguez","23974",678495
"Trevor Richards","ARI",2,2,,4.24958,50,2,0,1,,59.3,248,49,30,28,8,26,1,1,66,10.0169,3.94604,2.53846,1.21417,0.266129,0.104839,0.16129034012556076,0.221719,1.26476,0.278912,0.705329,,,4.06024,0.220429,0.128285,999,,,,,,,268.0199943542482,4.519730148440618,247.49999618530273,4.173693075372308,,,,,,,,,,,,,,,,,,,"Trevor Richards","19309",670950
"Dane Acker","TEX",3,4,,5.19231,22,17,0,0,,78,348,77,49,45,12,36,0,5,67,7.73077,4.15385,1.86111,1.38462,0.192529,0.103448,0.08908046036958694,0.250814,1.44872,0.285088,0.665281,,,5.02545,0.217605,-0.135226,999,,,,,,,240.40000000000003,3.0820512820512826,245,3.141025641025641,,,,,,,,,,,,,,,,,,,"Dane Acker","sa3014924",686769
"Seth Johnson","PHI",4,7,,5.35443,22,22,0,1,,79,362,85,51,47,12,38,0,2,61,6.94937,4.32911,1.60526,1.36709,0.168508,0.104972,0.0635359138250351,0.263975,1.55696,0.293173,0.677966,,,5.11585,0.217521,-0.125395,999,,,,,,,222,2.810126582278481,245,3.1012658227848102,,,,,,,,,,,,,,,,,,,"Seth Johnson","26020",686751
"Gerson Garabito",,3,4,,4.9934,28,12,0,5,,75.7,329,73,45,42,12,28,0,7,66,7.84676,3.32893,2.35714,1.42668,0.200608,0.0851064,0.1155015155673027,0.248299,1.33421,0.282407,0.665083,,,4.87057,0.216749,-0.00530684,999,,,,,,,269.77997741699215,3.5638043367616894,269.49998474121094,3.560105622269367,,,,,,,,,,,,,,,,,,,"Gerson Garabito","19835",642520
"Patrick Reilly","BAL",5,6,,4.81986,25,23,0,0,,102.7,457,101,59,55,15,50,0,5,88,7.71178,4.38169,1.76,1.31451,0.19256,0.109409,0.08315099030733109,0.251244,1.4703,0.287625,0.707692,,,4.95811,0.216288,0.253232,999,,,,,,,323.87997741699223,3.153651285697879,329.49998474121094,3.2083738513377886,,,,,,,,,,,,,,,,,,,"Patrick Reilly","sa3023038",694345
"Eric Reyzelman","NYY",1,1,,4.02632,34,1,0,0,,38,163,31,18,17,5,18,0,2,45,10.6579,4.26316,2.5,1.18421,0.276074,0.110429,0.16564415395259857,0.216783,1.28947,0.27957,0.738095,,,4.08753,0.214166,0.215906,999,,,,,,,169.1,4.45,155,4.078947368421052,,,,,,,,,,,,,,,,,,,"Eric Reyzelman","sa3020611",801432
"Justin Topa","MIN",3,2,,3.79391,48,0,0,7,,42.7,184,42,19,18,4,13,3,4,36,7.58782,2.74005,2.76923,0.843091,0.195652,0.0706522,0.125,0.251497,1.28806,0.299213,0.728745,,,3.89248,0.2137,0.301056,999,,,,,,,206.580005645752,4.837939155847713,210.50000381469727,4.9297423900141055,,,,,,,,,,,,,,,,,,,"Justin Topa","15145",623437
"José Quijada",,2,2,,4.21875,34,1,0,1,,32,138,27,16,15,3,17,1,2,35,9.84375,4.78125,2.05882,0.84375,0.253623,0.123188,0.1304347813129425,0.226891,1.375,0.296296,0.703518,,,3.97898,0.213644,0.122394,999,,,,,,,146.7,4.584375,138,4.3125,,,,,,,,,,,,,,,,,,,"Jose Quijada","19200",650671
"Prelander Berroa","CHW",3,5,,4.69565,47,7,0,0,,69,311,63,39,36,9,42,0,3,75,9.78261,5.47826,1.78571,1.17391,0.241158,0.135048,0.10610933601856232,0.236842,1.52174,0.296703,0.714286,,,4.64474,0.213166,-0.00901086,744.6900024414062,,,,,,,251.10000000000002,3.6391304347826092,243,3.5217391304347827,,,,,,,,,,,,,,,,,,,"Prelander Berroa","22932",672860
"Elieser Hernández","TOR",4,6,,4.80305,23,14,0,0,,78.7,335,77,45,42,16,24,1,3,75,8.57687,2.7446,3.125,1.82973,0.223881,0.0716418,0.15223881602287292,0.25,1.28335,0.281106,0.712468,,,4.93268,0.212423,0.336002,999,,,,,,,254.37997741699223,3.232274298362269,254.49998474121094,3.2337991691230346,,,,,,,,,,,,,,,,,,,"Elieser Hernandez","16933",622694
"Jack Dreyer","LAD",4,3,,4.07547,44,0,0,1,,53,222,47,26,24,8,19,0,0,57,9.67924,3.22642,3,1.35849,0.256757,0.0855856,0.1711711660027504,0.231527,1.24528,0.282609,0.729927,,,4.05327,0.211792,0.133465,999,,,,,,,232.60000000000008,4.38867924528302,222,4.188679245283019,,,,,,,,,,,,,,,,,,,"Jack Dreyer","30249",676263
"Jimmy Joyce","SEA",5,5,,4.5,24,11,0,0,,60,266,58,32,30,7,23,0,8,50,7.5,3.45,2.17391,1.05,0.18797,0.0864662,0.10150375962257385,0.246809,1.35,0.286517,0.688202,,,4.56648,0.209593,0.161749,999,,,,,,,214.09999999999997,3.568333333333333,216,3.6,,,,,,,,,,,,,,,,,,,"Jimmy Joyce","sa3016914",702460
"Dalton Roach","CHW",3,5,,4.76726,31,5,0,0,,62.3,273,65,36,33,9,22,1,3,50,7.22311,3.17817,2.27273,1.30016,0.18315,0.0805861,0.10256410390138626,0.262097,1.39647,0.296296,0.685484,,,4.64321,0.208757,-0.0714738,999,,,,,,,206.31999435424808,3.3117174459211554,219.49999618530273,3.5232744602463537,,,,,,,,,,,,,,,,,,,"Dalton Roach","sa3010567",681989
"J.J. Niekro",,3,4,,4.79574,12,10,0,0,,56.3,251,62,32,30,8,21,0,1,40,6.39432,3.35702,1.90476,1.27886,0.159363,0.0836653,0.07569721341133118,0.270742,1.47425,0.298343,0.710306,,,4.76506,0.20872,0.330521,999,,,,,,,171.01999435424813,3.0376553582912122,191.49999618530273,3.401420937484564,,,,,,,,,,,,,,,,,,,"J.J. Niekro","sa3017129",673908
"Joe Kelly",,2,2,,4.3131,35,1,0,0,,31.3,138,27,16,15,3,16,1,3,36,10.3514,4.60064,2.25,0.86262,0.26087,0.115942,0.14492753148078918,0.226891,1.3738,0.3,0.695876,,,3.93325,0.207754,0.0513782,999,,,,,,,139.51999435424807,4.45750791549702,132.49999618530273,4.233226818370559,,,,,,,,,,,,,,,,,,,"Joe Kelly","9761",523260
"Andrew Kittredge","CHC",5,4,,3.61257,59,0,0,1,,57.3,235,55,25,23,8,14,2,1,52,8.16754,2.19895,3.71429,1.25654,0.221277,0.0595745,0.16170212626457214,0.25,1.20419,0.29375,0.761246,,,3.95182,0.207721,0.404983,731.8900146484375,,,,,,,245.6199943542481,4.2865619131699,245.49999618530273,4.284467704259899,,,,,,,,,,,,,,,,,,,"Andrew Kittredge","12828",552640
"Alek Jacob","SDP",2,2,,4.04494,43,0,0,7,,62.3,265,55,30,28,7,23,0,5,61,8.8122,3.32263,2.65217,1.01124,0.230189,0.0867925,0.14339622855186462,0.232068,1.25201,0.284024,0.703812,,,4.0172,0.206656,0.149304,999,,,,,,,297.91999435424805,4.7820224398497855,286.49999618530273,4.598715885936509,,,,,,,,,,,,,,,,,,,"Alek Jacob","29628",689690
"Cruz Noriega",,4,5,,4.69565,28,9,0,0,,69,300,75,39,36,10,19,0,3,45,5.86957,2.47826,2.36842,1.30435,0.15,0.0633333,0.08666667342185974,0.269784,1.36232,0.29148,0.6875,,,4.70271,0.206577,0.302694,999,,,,,,,216.60000000000002,3.1391304347826092,239,3.463768115942029,,,,,,,,,,,,,,,,,,,"Cruz Noriega","sa3005702",679200
"Po-Yu Chen","PIT",5,8,,5.00421,26,24,0,0,,118.7,531,130,71,66,17,43,0,10,76,5.76243,3.26032,1.76744,1.28896,0.143126,0.0809793,0.06214688718318939,0.271967,1.45746,0.293507,0.683646,,,5.08729,0.206359,0.476899,999,,,,,,,324.2799774169922,2.7319291133460677,365.49998474121094,3.0791911890324912,,,,,,,,,,,,,,,,,,,"Po-Yu Chen","sa3014699",696040
"James Kaprielian",,4,5,,4.85526,16,15,0,0,,76,333,76,44,41,12,32,0,3,61,7.22368,3.78947,1.90625,1.42105,0.183183,0.0960961,0.08708707988262177,0.255034,1.42105,0.284444,0.701754,,,4.99543,0.206079,0.215525,999,,,,,,,234.19999999999996,3.0815789473684205,241,3.1710526315789473,,,,,,,,,,,,,,,,,,,"James Kaprielian","18331",621076
"Garrett McDaniels","LAD",4,5,,4.73684,30,6,0,0,,62.7,280,64,36,33,8,26,0,4,50,7.17703,3.73206,1.92308,1.14833,0.178571,0.0928571,0.08571428805589676,0.256,1.43541,0.291667,0.685279,,,4.66568,0.205466,0.0364845,999,,,,,,,209.18000564575206,3.336204196179111,219.50000381469727,3.5007974664083057,,,,,,,,,,,,,,,,,,,"Garrett McDaniels","31751",680729
"Kyle Nicolas","PIT",3,4,,4.5,43,8,0,1,,76,341,72,41,38,9,40,0,6,74,8.76316,4.73684,1.85,1.06579,0.217009,0.117302,0.0997067466378212,0.244068,1.47368,0.29717,0.714286,,,4.57437,0.205465,0.39232,999,,,,,,,278.5,3.664473684210526,277,3.6447368421052633,,,,,,,,,,,,,,,,,,,"Kyle Nicolas","27775",693312
"Yerry De los Santos","NYY",3,2,,4.23146,47,1,0,1,,55.3,235,52,28,26,6,20,1,3,44,7.16094,3.25497,2.2,0.976492,0.187234,0.0851064,0.10212766379117966,0.245283,1.30199,0.283951,0.691824,,,4.23339,0.203143,0.108088,999,,,,,,,223.21999435424806,4.0365279825293765,221.49999618530273,4.0054249410705145,,,,,,,,,,,,,,,,,,,"Yerry De los Santos","21420",660787
"Paul Sewald","DET",3,2,,3.6933,48,0,1,12,,46.3,189,38,21,19,7,15,2,2,54,10.4968,2.91577,3.6,1.36069,0.285714,0.0793651,0.206349216401577,0.22093,1.14471,0.279279,0.740741,,,3.90082,0.202994,0.272239,591.0800170898438,,,,,,,267.71999435424806,5.782289390189736,250.49999618530273,5.410367177388451,,,,,,,,,,,,,,,,,,,"Paul Sewald","13892",623149
"Zach Maxwell","CIN",4,4,,4.52514,54,0,0,0,,53.7,237,46,29,27,6,32,1,2,60,10.0559,5.36313,1.875,1.00559,0.253165,0.135021,0.1181434690952301,0.226601,1.45251,0.291971,0.704023,,,4.2838,0.202859,0.0963806,999,,,,,,,221.9800056457519,4.1337058192175915,208.50000381469727,3.882681580120043,,,,,,,,,,,,,,,,,,,"Zach Maxwell","31610",687209
"José Ruiz",,3,3,,4.47684,55,1,0,11,,58.3,252,55,31,29,8,23,1,2,59,9.10806,3.5506,2.56522,1.23499,0.234127,0.0912698,0.1428571417927742,0.242291,1.33791,0.29375,0.703593,,,4.21279,0.199968,0.021018,999,,,,,,,277.01999435424807,4.751629467915157,274.49999618530273,4.708404798928482,,,,,,,,,,,,,,,,,,,"Jose Ruiz","14552",614179
"Garrett Cleavinger","TBR",5,4,,3.78428,59,0,3,15,,54.7,233,44,25,23,6,25,0,5,64,10.5302,4.11335,2.56,0.987203,0.274678,0.107296,0.16738197207450867,0.216749,1.26143,0.285714,0.726073,,,3.89774,0.198675,0.226337,729.8800048828125,,,,,,,329.58000564575195,6.025228538370519,308.50000381469727,5.639853738790317,,,,,,,,,,,,,,,,,,,"Garrett Cleavinger","17897",664076
"Mike Paredes","MIN",3,3,,4.47833,29,5,0,0,,62.3,271,68,34,31,9,18,0,0,44,6.35634,2.60032,2.44444,1.30016,0.162362,0.0664207,0.0959409549832344,0.268775,1.38042,0.295,0.708447,,,4.49874,0.197933,0.103346,999,,,,,,,207.51999435424807,3.3309790833962025,228.49999618530273,3.66773674130921,,,,,,,,,,,,,,,,,,,"Mike Paredes","sa3017968",702474
"Taylor Clarke","KCR",3,3,,4.74545,29,9,0,1,,55,246,60,31,29,8,19,1,2,43,7.03636,3.10909,2.26316,1.30909,0.174797,0.0772358,0.09756097197532654,0.266667,1.43636,0.298851,0.707965,,,4.63921,0.196723,0.243199,999,,,,,,,179.60000000000002,3.265454545454546,198,3.6,,,,,,,,,,,,,,,,,,,"Taylor Clarke","17611",664199
"Adam Ottavino",,3,3,,4.19878,54,0,0,0,,49.3,215,45,25,23,5,22,2,5,52,9.4929,4.01623,2.36364,0.912779,0.24186,0.102326,0.13953488320112228,0.239362,1.35903,0.305344,0.7,,,4.01841,0.196378,0.182862,999,,,,,,,209.31999435424808,4.245841736177855,204.49999618530273,4.1480730091284235,,,,,,,,,,,,,,,,,,,"Adam Ottavino","1247",493603
"Adam Kolarek",,2,2,,4.18605,43,0,0,0,,43,188,44,22,20,4,16,2,2,34,7.11628,3.34884,2.125,0.837209,0.180851,0.0851064,0.09574467688798904,0.258824,1.39535,0.30303,0.698529,,,4.0502,0.196157,0.056875,999,,,,,,,168.6,3.920930232558139,177,4.116279069767442,,,,,,,,,,,,,,,,,,,"Adam Kolarek","10843",592473
"Calvin Faucher","MIA",2,3,,4.09867,48,1,22,6,,52.7,236,52,26,24,6,25,2,2,55,9.39279,4.26945,2.2,1.02467,0.233051,0.105932,0.12711864709854126,0.248804,1.4611,0.310811,0.74344,,,4.09627,0.195402,0.286106,299.3699951171875,,,,,,,343.980005645752,6.5271347374941815,348.50000381469727,6.612903202456405,,,,,,,,,,,,,,,,,,,"Calvin Faucher","20116",676534
"Jacob Miller","MIA",4,8,,5.05324,23,23,0,0,,103.3,462,116,63,58,15,39,0,4,63,5.48887,3.39787,1.61538,1.30687,0.136364,0.0844156,0.05194805562496185,0.27685,1.50048,0.296188,0.686567,,,5.08323,0.193437,0.319319,999,,,,,,,275.3200225830078,2.66524699370106,318.50001525878906,3.083252718774913,,,,,,,,,,,,,,,,,,,"Jacob Miller","sa3020111",702571
"Matt Tabor",,4,5,,4.56923,17,13,0,0,,65,282,64,36,33,9,23,1,6,51,7.06154,3.18462,2.21739,1.24615,0.180851,0.0815603,0.09929077327251434,0.252964,1.33846,0.284974,0.685484,,,4.73571,0.193205,0.125797,999,,,,,,,218.9,3.367692307692308,223,3.4307692307692306,,,,,,,,,,,,,,,,,,,"Matt Tabor","sa3005334",675652
"Trevor Stephan","CLE",5,4,,3.6,48,0,0,1,,50,215,45,22,20,6,20,1,3,54,9.72,3.6,2.7,1.08,0.251163,0.0930233,0.15813954174518585,0.234375,1.3,0.295455,0.759717,,,3.94648,0.192656,0.365798,999,,,,,,,222.2,4.444,215,4.3,,,,,,,,,,,,,,,,,,,"Trevor Stephan","19932",663986
"J.B. Bukauskas","MIL",2,2,,3.81963,33,1,0,0,,37.7,159,36,17,16,5,10,0,2,34,8.11671,2.38727,3.4,1.19363,0.213836,0.0628931,0.15094339102506638,0.244898,1.22016,0.287037,0.74359,,,4.04181,0.192431,0.341267,999,,,,,,,155.880005645752,4.1347480766893785,155.50000381469727,4.124668452727453,,,,,,,,,,,,,,,,,,,"J.B. Bukauskas","20491",656266
"Chase Chaney","MIN",6,9,,4.98681,24,20,0,0,,113.7,509,130,68,63,16,38,1,7,64,5.06596,3.00792,1.68421,1.26649,0.125737,0.0746562,0.051080554723739624,0.280172,1.47757,0.296875,0.686813,,,5.05742,0.191556,0.125168,999,,,,,,,299.5799774169923,2.634828368142923,353.49998474121094,3.1090588762471913,,,,,,,,,,,,,,,,,,,"Chase Chaney","sa3010369",681116
"Tim Hill","NYY",2,2,,4.32692,51,0,0,10,,52,229,56,27,25,4,15,1,4,29,5.01923,2.59615,1.93333,0.692308,0.126638,0.0655022,0.061135366559028625,0.266667,1.36538,0.293785,0.672783,,,4.14725,0.189979,-0.018814,999,,,,,,,231.00000000000003,4.4423076923076925,249,4.788461538461538,,,,,,,,,,,,,,,,,,,"Tim Hill","16814",657612
"Jorge López",,3,4,,4.5,48,3,5,11,,62,274,61,34,31,7,24,2,6,55,7.98387,3.48387,2.29167,1.01613,0.20073,0.0875912,0.11313868314027786,0.25,1.37097,0.296703,0.678191,,,4.31164,0.189641,-0.0139817,576.7000122070312,,,,,,,303.0999999999999,4.888709677419353,308,4.967741935483871,,,,,,,,,,,,,,,,,,,"Jorge Lopez","14527",605347
"Nick Ramirez",,2,2,,4.22819,35,2,0,0,,44.7,195,48,23,21,5,14,1,1,31,6.24161,2.81879,2.21429,1.00671,0.158974,0.0717949,0.08717948943376541,0.266667,1.38702,0.298611,0.709091,,,4.24031,0.188115,0.104412,999,,,,,,,161.48000564575193,3.612528028850375,175.50000381469727,3.9261745149723453,,,,,,,,,,,,,,,,,,,"Nick Ramirez","12575",598286
"Max Lazar","PHI",3,3,,4.61101,39,1,0,1,,52.7,226,53,29,27,7,16,0,1,43,7.34345,2.73245,2.6875,1.19545,0.190265,0.0707965,0.11946903169155121,0.253589,1.3093,0.289308,0.675676,,,4.2291,0.187755,-0.0635893,999,,,,,,,205.080005645752,3.8914611513624813,211.50000381469727,4.0132827467325525,,,,,,,,,,,,,,,,,,,"Max Lazar","23426",676661
"Rob Zastryzny","MIL",2,3,,4.13514,36,3,0,0,,37,159,35,18,17,5,13,0,2,34,8.27027,3.16216,2.61538,1.21622,0.213836,0.081761,0.1320754662156105,0.243056,1.2973,0.285714,0.731707,,,4.30161,0.18716,0.227863,999,,,,,,,144.3,3.9000000000000004,143,3.864864864864865,,,,,,,,,,,,,,,,,,,"Rob Zastryzny","15094",642239
"Ryan Thompson","ARI",5,3,,3.55476,56,0,0,13,,55.7,231,54,24,22,6,15,2,2,44,7.10952,2.4237,2.93333,0.969479,0.190476,0.0649351,0.12554112821817398,0.252336,1.23878,0.292683,0.742574,,,3.90257,0.185066,0.576284,750.1900024414062,,,,,,,286.98000564575193,5.152244195958735,289.50000381469727,5.1974865323039445,,,,,,,,,,,,,,,,,,,"Ryan Thompson","16647",657044
"Grant Gambrell",,5,6,,5.08235,17,16,0,0,,85,378,94,52,48,13,31,0,5,57,6.03529,3.28235,1.83871,1.37647,0.150794,0.0820106,0.06878307461738586,0.274854,1.47059,0.297794,0.683521,,,5.08413,0.18502,0.306085,999,,,,,,,230.70000000000002,2.7141176470588237,262,3.0823529411764707,,,,,,,,,,,,,,,,,,,"Grant Gambrell","sa3011129",669183
"Jose Fleury","HOU",3,3,,4.57831,21,12,0,0,,74.7,325,73,41,38,12,31,0,3,66,7.95181,3.73494,2.12903,1.44578,0.203077,0.0953846,0.10769231617450714,0.250859,1.39224,0.286385,0.722477,,,4.85323,0.184475,0.336094,999,,,,,,,245.37997741699218,3.284872656514431,247.49998474121094,3.3132529431386413,,,,,,,,,,,,,,,,,,,"Jose Fleury","sa3019255",800067
"Henry Baez","ATH",5,6,,4.87156,24,23,0,0,,109,484,113,64,59,16,43,0,7,76,6.27523,3.55046,1.76744,1.3211,0.157025,0.088843,0.0681818276643753,0.260369,1.43119,0.283626,0.688623,,,5.05639,0.184426,0.15665,999,,,,,,,317.99999999999994,2.91743119266055,339,3.110091743119266,,,,,,,,,,,,,,,,,,,"Henry Baez","sa3016584",692013
"Chih-Jung Liu","BOS",4,6,,5.11229,18,16,0,0,,75.7,341,78,46,43,12,36,0,4,67,7.96565,4.28005,1.86111,1.42668,0.196481,0.105572,0.09090909361839294,0.259136,1.50594,0.297297,0.699588,,,5.04231,0.183912,0.288737,999,,,,,,,223.77997741699215,2.9561424892790367,236.49998474121094,3.1241742969013773,,,,,,,,,,,,,,,,,,,"Chih-Jung Liu","sa3014675",692617
"Jarrod Cande","COL",4,6,,5.36295,21,19,0,0,,92.3,412,104,59,55,16,32,0,6,62,6.0455,3.12026,1.9375,1.56013,0.150485,0.0776699,0.07281553745269775,0.278075,1.47346,0.297297,0.677817,,,5.31166,0.183583,0.541203,999,,,,,,,225.82002258300787,2.4465873793782853,263.50001525878906,2.8548213060299656,,,,,,,,,,,,,,,,,,,"Jarrod Cande","sa3017813",686662
"Marc Church","TEX",3,4,,4.5,32,1,2,12,,44,190,39,24,22,6,18,0,2,47,9.61364,3.68182,2.61111,1.22727,0.247368,0.0947368,0.15263158082962036,0.229412,1.29545,0.282051,0.679012,,,4.16648,0.183448,-0.0740793,597.5900268554688,,,,,,,242.4,5.509090909090909,234,5.318181818181818,,,,,,,,,,,,,,,,,,,"Marc Church","26353",687847
"Zach Peek","MIL",2,2,,4.52716,14,9,0,0,,49.7,221,48,27,25,7,23,0,4,44,7.96781,4.16499,1.91304,1.26761,0.199095,0.104072,0.09502262622117996,0.247423,1.42857,0.286713,0.718954,,,4.85662,0.182511,0.360457,999,,,,,,,163.88000564575196,3.29738436881383,164.50000381469727,3.3098591808747506,,,,,,,,,,,,,,,,,,,"Zach Peek","sa3014469",686745
"Wes Parsons",,2,4,,4.62012,14,9,0,0,,48.7,218,48,27,25,7,23,0,3,46,8.50103,4.25051,2,1.29363,0.211009,0.105505,0.1055045872926712,0.25,1.45791,0.294964,0.718954,,,4.74759,0.181989,0.214495,999,,,,,,,163.480005645752,3.356878913442641,166.50000381469727,3.4188911952010326,,,,,,,,,,,,,,,,,,,"Wes Parsons","14764",641149
"Jonathan Bermúdez",,4,6,,4.89241,21,17,0,0,,88.3,399,95,52,48,13,38,0,7,70,7.13477,3.87316,1.84211,1.32503,0.175439,0.0952381,0.08020050078630447,0.268362,1.50623,0.302583,0.705575,,,5.02378,0.179306,0.407427,999,,,,,,,251.52002258300786,2.8484712784842965,277.50001525878906,3.1426954209291478,,,,,,,,,,,,,,,,,,,"Jonathan Bermudez","21241",642834
"Michael Kelly","ATH",3,2,,4.00468,37,0,0,1,,42.7,183,40,21,19,4,16,1,2,39,8.22014,3.37237,2.4375,0.843091,0.213115,0.0874317,0.12568306177854538,0.242424,1.31148,0.295082,0.694444,,,3.82222,0.178738,0.0180554,999,,,,,,,190.780005645752,4.467915743255335,189.50000381469727,4.437939120112843,,,,,,,,,,,,,,,,,,,"Michael Kelly","12791",547184
"Brandyn Garcia","ARI",4,4,,4.70879,25,22,0,0,,101.3,451,99,57,53,13,39,0,17,82,7.28529,3.46496,2.10256,1.15499,0.181818,0.0864745,0.0953436866402626,0.250633,1.36229,0.286667,0.676127,,,4.87428,0.178035,0.136728,999,,,,,,,328.3200225830079,3.241066265469483,333.50001525878906,3.292201433482602,,,,,,,,,,,,,,,,,,,"Brandyn Garcia","33568",805299
"Jacob Misiorowski","MIL",4,6,,4.92102,30,20,0,0,,82.3,371,69,49,45,11,47,0,15,89,9.73269,5.13973,1.89362,1.20292,0.239892,0.126685,0.11320754885673523,0.223301,1.40948,0.277512,0.666004,,,5.00123,0.175682,0.175655,999,,,,,,,286.3200225830078,3.4789794892588697,260.50001525878906,3.1652491567340855,,,,,,,,,,,,,,,,,,,"Jacob Misiorowski","31623",694819
"Jake Odorizzi",,4,5,,4.91132,16,16,0,0,,73.3,324,78,43,40,11,28,1,3,55,6.75307,3.43793,1.96429,1.35061,0.169753,0.0864198,0.0833333358168602,0.266212,1.44611,0.295154,0.695364,,,4.88544,0.175468,0.0465167,999,,,,,,,221.3200225830078,3.0193726244012797,240.50001525878906,3.281036906491938,,,,,,,,,,,,,,,,,,,"Jake Odorizzi","6397",543606
"Sammy Peralta","LAA",3,3,,4.45131,41,1,0,0,,64.7,283,66,35,32,8,23,1,4,54,7.51159,3.19938,2.34783,1.11283,0.190813,0.0812721,0.10954063385725021,0.257812,1.37558,0.298969,0.694087,,,4.35659,0.175193,-0.0782975,999,,,,,,,235.77997741699224,3.6442038413944324,246.49998474121094,3.809891752211404,,,,,,,,,,,,,,,,,,,"Sammy Peralta","25589",671111
"Colin Selby","BAL",2,2,,4.26637,39,1,0,1,,44.3,197,39,23,21,4,23,1,3,46,9.34537,4.67269,2,0.812641,0.233503,0.116751,0.11675126850605011,0.22807,1.39955,0.289256,0.691489,,,4.02427,0.174695,-0.02683,999,,,,,,,195.2199943542481,4.406771957479645,187.49999618530273,4.2325056301229855,,,,,,,,,,,,,,,,,,,"Colin Selby","24986",681882
"Adrián Martínez",,4,6,,4.83081,26,14,0,0,,85.7,379,89,50,46,12,32,0,5,66,6.93116,3.36056,2.0625,1.26021,0.174142,0.0844327,0.08970975875854492,0.260234,1.4119,0.291667,0.681382,,,4.74174,0.174423,-0.051033,999,,,,,,,276.1799774169922,3.2226369574294016,293.49998474121094,3.4247374001479587,,,,,,,,,,,,,,,,,,,"Adrian Martinez","21023",661309
"Jordi Martinez",,2,3,,4.7929,27,6,0,0,,50.7,224,53,29,27,7,20,0,1,39,6.92308,3.5503,1.95,1.2426,0.174107,0.0892857,0.0848214328289032,0.261084,1.43984,0.292994,0.696203,,,4.66549,0.173936,0.0678084,999,,,,,,,166.28000564575194,3.27968448014894,177.50000381469727,3.500986215851218,,,,,,,,,,,,,,,,,,,"Jordi Martinez","sa3006141",679025
"Giovanny Gallegos","LAD",3,3,,4.37086,45,1,0,1,,45.3,192,42,24,22,7,15,0,1,47,9.33775,2.98013,3.13333,1.39073,0.244792,0.078125,0.1666666716337204,0.238636,1.25828,0.286885,0.699153,,,4.15986,0.172643,-0.0255026,748.4500122070312,,,,,,,189.9199943542481,4.192494427215618,185.49999618530273,4.094922722063594,,,,,,,,,,,,,,,,,,,"Giovanny Gallegos","14986",606149
"Jorge Alcala","STL",3,4,,4.02985,57,0,1,12,,60.3,248,51,29,27,8,23,1,2,62,9.25373,3.43284,2.69565,1.19403,0.25,0.0927419,0.1572580635547638,0.2287,1.2272,0.281046,0.71656,,,4.07859,0.172629,0.197559,999,,,,,,,317.219994354248,5.26069649034562,299.49999618530273,4.966832503726288,,,,,,,,,,,,,,,,,,,"Jorge Alcala","19459",660896
"Gus Varland","ARI",2,3,,4.65517,49,2,0,1,,58,261,58,32,30,7,25,1,5,55,8.53448,3.87931,2.2,1.08621,0.210728,0.0957854,0.1149425357580185,0.251082,1.43103,0.301775,0.696721,,,4.39062,0.172492,-0.0972307,749.72998046875,,,,,,,216.3,3.7293103448275864,223,3.8448275862068964,,,,,,,,,,,,,,,,,,,"Gus Varland","24737",681402
"Dakota Hawkins","NYM",4,5,,4.8375,27,10,0,0,,80,357,85,46,43,11,30,0,2,55,6.1875,3.375,1.83333,1.2375,0.154062,0.0840336,0.07002801448106766,0.261538,1.4375,0.285714,0.692771,,,4.77898,0.172469,0.0144759,999,,,,,,,249.7,3.12125,271,3.3875,,,,,,,,,,,,,,,,,,,"Dakota Hawkins","sa3023103",809950
"Hayden Juenger","TOR",4,4,,4.28571,49,4,0,0,,69.3,300,66,36,33,9,26,0,4,61,7.92208,3.37662,2.34615,1.16883,0.203333,0.0866667,0.11666666716337204,0.244444,1.32756,0.285,0.70529,,,4.39303,0.169724,0.136834,999,,,,,,,262.52002258300786,3.788167547221327,261.50001525878906,3.773448827462296,,,,,,,,,,,,,,,,,,,"Hayden Juenger","sa3017103",696522
"Brett Wichrowski","MIL",3,4,,4.8913,23,23,0,0,,92,414,91,54,50,13,40,0,11,71,6.94565,3.91304,1.775,1.27174,0.171498,0.0966184,0.0748792290687561,0.250689,1.42391,0.27957,0.682624,,,5.123,0.16944,0.363219,999,,,,,,,273.30000000000007,2.9706521739130443,280,3.0434782608695654,,,,,,,,,,,,,,,,,,,"Brett Wichrowski","sa3023366",814489
"Cole Henry","WSN",2,2,,4.82927,16,13,0,0,,41,180,38,24,22,6,18,0,5,39,8.56098,3.95122,2.16667,1.31707,0.216667,0.1,0.11666666716337204,0.242038,1.36585,0.285714,0.672269,,,4.84941,0.168849,0.128783,999,,,,,,,139.8,3.409756097560976,136,3.317073170731707,,,,,,,,,,,,,,,,,,,"Cole Henry","27570",669371
"Michael Darrell-Hicks","PIT",4,6,,4.82609,32,5,0,0,,69,301,69,40,37,10,22,1,8,58,7.56522,2.86957,2.63636,1.30435,0.192691,0.0730897,0.11960132420063019,0.254613,1.31884,0.29064,0.662338,,,4.67373,0.168513,-0.0493569,999,,,,,,,234.20000000000002,3.394202898550725,241,3.4927536231884058,,,,,,,,,,,,,,,,,,,"Michael Darrell-Hicks","31501",690382
"Riley O'Brien","STL",3,3,,4.29423,29,7,0,5,,50.3,225,46,26,24,6,26,0,5,52,9.30418,4.65209,2,1.07356,0.231111,0.115556,0.11555555462837219,0.237113,1.43141,0.294118,0.72327,,,4.49849,0.168413,0.303669,999,,,,,,,209.81999435424805,4.171371720412567,204.49999618530273,4.065606347656346,,,,,,,,,,,,,,,,,,,"Riley O'Brien","20348",676617
"Forrest Whitley","TBR",2,2,,4.13514,29,3,0,10,,37,163,33,18,17,4,18,0,3,38,9.24324,4.37838,2.11111,0.972973,0.233129,0.110429,0.12269937992095947,0.232394,1.37838,0.29,0.726872,,,4.22053,0.167201,0.218862,749.3400268554688,,,,,,,191.8,5.183783783783784,186,5.027027027027027,,,,,,,,,,,,,,,,,,,"Forrest Whitley","19586",666215
"Rob Kaminsky",,1,1,,4.60465,18,5,0,0,,43,190,46,24,22,5,14,0,2,28,5.86047,2.93023,2,1.04651,0.147368,0.0736842,0.0736842080950737,0.264368,1.39535,0.29078,0.679245,,,4.49206,0.166752,0.0962961,999,,,,,,,145.1,3.374418604651163,158,3.6744186046511627,,,,,,,,,,,,,,,,,,,"Rob Kaminsky","15792",641739
"Andrew Saalfrank","ARI",4,3,,3.6933,35,0,0,1,,46.3,203,41,21,19,4,24,1,1,47,9.13607,4.66523,1.95833,0.777538,0.231527,0.118227,0.11330048739910126,0.230337,1.40389,0.291339,0.740741,,,3.87922,0.166655,0.371877,999,,,,,,,209.81999435424805,4.531749412779664,202.49999618530273,4.373650097670258,,,,,,,,,,,,,,,,,,,"Andrew Saalfrank","26203",685314
"Dallas Keuchel",,4,5,,5.01429,15,14,0,0,,70,323,83,42,39,10,29,0,2,45,5.78571,3.72857,1.55172,1.28571,0.139319,0.0897833,0.0495356023311615,0.284247,1.6,0.308017,0.714286,,,5.06648,0.165229,0.181412,999,,,,,,,176.2,2.517142857142857,217,3.1,,,,,,,,,,,,,,,,,,,"Dallas Keuchel","9434",572971
"Aaron Rozek","MIN",5,7,,4.89861,22,13,0,0,,93.7,414,105,55,51,15,29,0,5,64,6.14728,2.78549,2.2069,1.44077,0.154589,0.0700483,0.08454106003046036,0.276316,1.4301,0.299003,0.699115,,,4.97011,0.163455,0.122382,999,,,,,,,261.87997741699223,2.7948771178898646,299.49998474121094,3.196371339335775,,,,,,,,,,,,,,,,,,,"Aaron Rozek","sa3015224",702065
"Adam Leverett","SEA",5,6,,4.70735,23,16,0,0,,80.3,356,85,45,42,10,29,0,6,52,5.82814,3.25031,1.7931,1.1208,0.146067,0.0814607,0.06460673362016678,0.264798,1.41968,0.289575,0.69,,,4.79786,0.162471,0.0801521,999,,,,,,,249.2200225830078,3.1036116203180173,270.50001525878906,3.368617745685972,,,,,,,,,,,,,,,,,,,"Adam Leverett","sa1169991",687190
"David Parkinson",,3,5,,5.26048,19,14,0,0,,78.7,351,86,50,46,12,29,0,5,52,5.94663,3.31639,1.7931,1.3723,0.148148,0.0826211,0.0655270665884018,0.271293,1.46125,0.29249,0.661914,,,5.12328,0.161644,-0.0951029,999,,,,,,,213.17997741699222,2.708767289498017,239.49998474121094,3.0432019571578945,,,,,,,,,,,,,,,,,,,"David Parkinson","sa3004857",663982
"Tayler Saucedo","SEA",2,2,,3.92252,51,0,0,12,,41.3,179,36,19,18,3,19,2,4,40,8.71671,4.14044,2.10526,0.653753,0.223464,0.106145,0.11731843650341034,0.230769,1.33172,0.292035,0.708661,,,3.84445,0.16008,0.107565,999,,,,,,,234.11999435424806,5.66876510119062,226.49999618530273,5.48426151015647,,,,,,,,,,,,,,,,,,,"Tayler Saucedo","17888",642048
"Ben Kudrna","KCR",5,8,,5.08277,22,21,0,0,,102.7,462,110,63,58,15,45,0,4,71,6.22201,3.94352,1.57778,1.31451,0.15368,0.0974026,0.05627705901861191,0.266344,1.50925,0.29052,0.686567,,,5.1139,0.158792,0.283071,999,,,,,,,284.47997741699226,2.7700095995169494,313.49998474121094,3.0525802731932488,,,,,,,,,,,,,,,,,,,"Ben Kudrna","sa3018253",695667
"Casey Lawrence","SEA",6,8,,4.875,22,20,0,1,,120,523,137,70,65,20,30,0,4,75,5.625,2.25,2.5,1.5,0.143403,0.0573614,0.08604206517338753,0.280164,1.39167,0.296954,0.697842,,,4.93315,0.158544,-0.0628616,999,,,,,,,337.8,2.815,392,3.2666666666666666,,,,,,,,,,,,,,,,,,,"Casey Lawrence","11121",596271
"Jesse Chavez",,2,2,,4.05882,40,1,0,1,,51,221,51,25,23,6,19,1,1,46,8.11765,3.35294,2.42105,1.05882,0.208145,0.0859729,0.12217194586992264,0.253731,1.37255,0.302013,0.730519,,,4.06844,0.157741,0.265504,999,,,,,,,207.00000000000003,4.058823529411765,213,4.176470588235294,,,,,,,,,,,,,,,,,,,"Jesse Chavez","5448",445926
"Seranthony Domínguez","TOR",5,3,,3.9779,56,0,2,12,,54.3,229,47,26,24,7,24,1,1,60,9.94475,3.9779,2.5,1.16022,0.262009,0.104803,0.157205231487751,0.230392,1.30755,0.291971,0.735294,,,4.01363,0.157721,0.1368,530.4600219726562,,,,,,,296.5199943542481,5.460773453415978,283.49999618530273,5.220994478243194,,,,,,,,,,,,,,,,,,,"Seranthony Dominguez","19249",622554
"Randy Wynne","CIN",2,5,,5.50796,24,15,0,0,,81.7,360,97,54,50,15,21,0,3,46,5.06732,2.31334,2.19048,1.65239,0.127778,0.0583333,0.0694444514811039,0.28869,1.44431,0.298182,0.659794,,,5.30846,0.156788,-0.046627,999,,,,,,,187.87997741699218,2.2996326124224478,233.49998474121094,2.85801705585296,,,,,,,,,,,,,,,,,,,"Randy Wynne","25804",691094
"Sam Moll","CIN",3,3,,4.56954,53,0,0,7,,45.3,197,41,25,23,5,21,4,4,44,8.74172,4.17219,2.09524,0.993378,0.22335,0.106599,0.11675126850605011,0.238372,1.36865,0.292683,0.672727,,,4.31438,0.156161,0.0295788,999,,,,,,,208.11999435424806,4.594260438397144,202.49999618530273,4.470198666573811,,,,,,,,,,,,,,,,,,,"Sam Moll","14874",594580
"Sean Hunley","TBR",4,6,,4.68402,28,14,0,0,,80.7,349,86,45,42,11,21,0,7,49,5.46468,2.34201,2.33333,1.22677,0.140401,0.0601719,0.08022921904921532,0.267913,1.3259,0.287356,0.676856,,,4.76499,0.156098,0.143293,999,,,,,,,252.27997741699218,3.1261460589496015,274.49998474121094,3.401486928398082,,,,,,,,,,,,,,,,,,,"Sean Hunley","sa3017316",695038
"Robert Suarez","SDP",5,5,,3.95794,52,0,26,5,,52.3,218,46,25,23,6,20,1,2,49,8.43212,3.44168,2.45,1.0325,0.224771,0.0917431,0.13302751630544662,0.234694,1.26195,0.283688,0.711806,,,4.04602,0.156076,0.145106,103.19000244140625,,,,,,,375.6199943542481,7.182026765462709,365.49999618530273,6.988527753673543,,,,,,,,,,,,,,,,,,,"Robert Suarez","30115",663158
"Ty Blach","TEX",4,6,,5.42294,26,15,0,0,,86.3,390,108,56,52,15,21,0,5,48,5.00579,2.19003,2.28571,1.56431,0.123077,0.0538462,0.06923076882958412,0.296703,1.49479,0.30897,0.675926,,,5.21746,0.154881,0.337179,999,,,,,,,191.32002258300787,2.216917912138022,254.50001525878906,2.949015136258506,,,,,,,,,,,,,,,,,,,"Ty Blach","14361",621389
"Jackson Jobe","DET",4,5,,4.75573,26,24,0,1,,100.3,429,99,57,53,17,37,0,3,77,6.90927,3.32004,2.08108,1.52542,0.179487,0.0862471,0.09324009716510773,0.254499,1.35593,0.277966,0.7041,,,5.03089,0.153926,0.390283,245.6699981689453,,,,,,,313.7200225830079,3.127816680335682,318.50001525878906,3.1754736347757984,,,,,,,,,,,,,,,,,,,"Jackson Jobe","30203",695549
"Peyton Battenfield",,4,7,,5.38462,22,20,0,0,,105.3,468,121,68,63,18,38,0,2,61,5.21368,3.24786,1.60526,1.53846,0.130342,0.0811966,0.049145303666591644,0.28271,1.50997,0.295129,0.68012,,,5.36971,0.152618,0.560204,999,,,,,,,245.2200225830079,2.328775075746917,294.50001525878906,2.7967711939574618,,,,,,,,,,,,,,,,,,,"Peyton Battenfield","25777",685410
"Justus Sheffield",,3,6,,5.6872,21,12,0,0,,63.3,295,71,43,40,9,31,1,5,47,6.68246,4.40758,1.51613,1.27962,0.159322,0.105085,0.05423729121685028,0.274131,1.61137,0.305419,0.659955,,,5.23599,0.152119,-0.159325,999,,,,,,,159.11999435424806,2.513744016936533,185.49999618530273,2.930489706494296,,,,,,,,,,,,,,,,,,,"Justus Sheffield","17285",656954
"Dominic Perachi","PIT",4,6,,5.0625,23,17,0,0,,96,435,102,58,54,13,42,0,8,69,6.46875,3.9375,1.64286,1.21875,0.158621,0.0965517,0.062068961560726166,0.264935,1.5,0.293729,0.683625,,,5.0519,0.151972,0.281242,999,,,,,,,273.3000000000001,2.846875000000001,299,3.1145833333333335,,,,,,,,,,,,,,,,,,,"Dominic Perachi","sa3020841",806270
"Christian Roa","MIA",4,6,,4.8954,22,13,0,0,,71.7,329,70,42,39,9,43,0,5,67,8.41004,5.39749,1.55814,1.12971,0.203647,0.130699,0.07294833660125732,0.24911,1.57601,0.297561,0.707171,,,4.93775,0.151939,0.294594,999,,,,,,,227.87997741699218,3.17824249813415,231.49998474121094,3.2287307474827784,,,,,,,,,,,,,,,,,,,"Christian Roa","27662",685005
"Michel Otañez","ATH",4,4,,4.02985,55,0,1,13,,60.3,268,47,29,27,6,36,0,6,78,11.6418,5.37313,2.16667,0.895522,0.291045,0.134328,0.15671640634536743,0.207965,1.37645,0.288732,0.723861,,,3.9625,0.151871,0.0961733,745.4000244140625,,,,,,,337.219994354248,5.592371453082733,310.49999618530273,5.149253733231701,,,,,,,,,,,,,,,,,,,"Michel Otanez","22533",671305
"Tommy Kahnle","DET",1,2,,4.00468,49,2,6,11,,42.7,179,35,21,19,5,20,1,2,45,9.48478,4.21546,2.25,1.05386,0.251397,0.111732,0.13966481387615204,0.22293,1.28806,0.280374,0.708333,,,4.12667,0.151786,0.155082,614.5700073242188,,,,,,,261.480005645752,6.1236534185895835,246.50000381469727,5.77283370984484,,,,,,,,,,,,,,,,,,,"Tommy Kahnle","11384",592454
"Victor Lizarraga","SDP",5,7,,5.02105,22,22,0,0,,95,421,95,57,53,14,38,0,9,71,6.72632,3.6,1.86842,1.32632,0.168646,0.0902613,0.07838480174541473,0.254011,1.4,0.280277,0.670194,,,5.07174,0.151223,0.0218456,999,,,,,,,284.79999999999995,2.9978947368421047,294,3.094736842105263,,,,,,,,,,,,,,,,,,,"Victor Lizarraga","sa3015220",694205
"Rhett Kouba","HOU",4,6,,4.66135,18,15,0,0,,75.3,336,78,42,39,11,31,0,5,57,6.81275,3.70518,1.83871,1.31474,0.169643,0.0922619,0.0773809477686882,0.26,1.44754,0.288793,0.715812,,,4.98587,0.149952,0.342143,999,,,,,,,225.12002258300777,2.989641613005918,239.50001525878906,3.180610963510421,,,,,,,,,,,,,,,,,,,"Rhett Kouba","sa3017544",688763
"Johnny Cueto",,3,6,,5.21591,18,17,0,0,,88,387,102,55,51,16,24,1,4,55,5.625,2.45455,2.29167,1.63636,0.142119,0.0620155,0.08010335266590118,0.284123,1.43182,0.298611,0.685328,,,5.23466,0.148728,0.0183834,999,,,,,,,215.20000000000005,2.4454545454545458,258,2.9318181818181817,,,,,,,,,,,,,,,,,,,"Johnny Cueto","6893",456501
"Sixto Sánchez","MIA",1,2,,4.72303,13,7,0,0,,34.3,157,39,19,18,4,13,0,2,22,5.77259,3.41108,1.69231,1.04956,0.140127,0.0828025,0.0573248416185379,0.274648,1.51603,0.301724,0.711207,,,4.71167,0.148585,0.238673,999,,,,,,,102.21999435424803,2.980174828802944,118.49999618530273,3.454810461256966,,,,,,,,,,,,,,,,,,,"Sixto Sanchez","19680",664350
"Hagen Danner","SEA",2,2,,4.07932,33,0,0,1,,35.3,151,33,17,16,4,12,0,1,34,8.66856,3.05949,2.83333,1.01983,0.225166,0.0794702,0.14569535851478577,0.23913,1.27479,0.29,0.71066,,,3.81804,0.147928,0.00786396,999,,,,,,,159.21999435424806,4.510481523951059,157.49999618530273,4.461756362304609,,,,,,,,,,,,,,,,,,,"Hagen Danner","22116",668470
"Joe Gunkel",,2,3,,4.82143,9,7,0,0,,28,129,35,16,15,4,7,0,0,15,4.82143,2.25,2.14286,1.28571,0.116279,0.0542636,0.062015507370233536,0.286885,1.5,0.300971,0.714286,,,4.70219,0.147908,0.096553,999,,,,,,,76,2.7142857142857144,97,3.4642857142857144,,,,,,,,,,,,,,,,,,,"Joe Gunkel","sa738176",641646
"Richard Bleier",,1,1,,4.2,32,0,0,0,,30,130,34,15,14,3,5,1,1,17,5.1,1.5,3.4,0.9,0.130769,0.0384615,0.09230769798159599,0.274194,1.3,0.298077,0.689655,,,3.93315,0.146242,0.0675462,999,,,,,,,112.69999999999999,3.7566666666666664,127,4.233333333333333,,,,,,,,,,,,,,,,,,,"Richard Bleier","7803",542947
"Cole Winn","TEX",4,6,,5.37849,23,12,0,0,,75.3,340,73,49,45,10,41,0,4,63,7.52988,4.9004,1.53659,1.19522,0.185294,0.120588,0.06470588594675064,0.247458,1.51394,0.283784,0.65,,,5.01243,0.14429,-0.371875,999,,,,,,,235.42002258300778,3.126427796041266,237.50001525878906,3.154050539620062,,,,,,,,,,,,,,,,,,,"Cole Winn","22113",668390
"Bryan Mata","BOS",2,3,,5.11765,18,14,0,0,,51,236,51,31,29,6,28,0,6,44,7.76471,4.94118,1.57143,1.05882,0.186441,0.118644,0.06779661029577255,0.252475,1.54902,0.296053,0.679887,,,4.9704,0.142859,0.174609,999,,,,,,,157.00000000000003,3.07843137254902,163,3.196078431372549,,,,,,,,,,,,,,,,,,,"Bryan Mata","sa917784",667356
"Nick Robertson","KCR",2,1,,4.08284,40,0,0,1,,50.7,221,47,25,23,6,20,1,3,50,8.87574,3.5503,2.5,1.06509,0.226244,0.0904977,0.13574660569429398,0.237374,1.3215,0.288732,0.716724,,,4.0935,0.141637,0.0842372,999,,,,,,,214.18000564575198,4.224457641474292,210.50000381469727,4.151873780021084,,,,,,,,,,,,,,,,,,,"Nick Robertson","26226",687798
"Richard Lovelady",,5,4,,3.98077,47,1,0,12,,52,221,50,25,23,7,14,1,4,46,7.96154,2.42308,3.28571,1.21154,0.208145,0.0633484,0.14479637891054153,0.246305,1.23077,0.286667,0.719557,,,4.18571,0.141315,0.204827,999,,,,,,,254.70000000000005,4.898076923076924,255,4.903846153846154,,,,,,,,,,,,,,,,,,,"Richard Lovelady","19337",663992
"Ryne Stanek","NYM",4,4,,3.88235,57,0,0,12,,51,218,42,24,22,6,26,2,2,58,10.2353,4.58824,2.23077,1.05882,0.266055,0.119266,0.14678899198770523,0.221053,1.33333,0.285714,0.738255,,,4.06844,0.139455,0.186557,745.4500122070312,,,,,,,274.40000000000003,5.3803921568627455,257,5.03921568627451,,,,,,,,,,,,,,,,,,,"Ryne Stanek","15947",592773
"Joely Rodríguez","BOS",2,1,,4.30034,30,0,0,0,,29.3,131,31,15,14,3,11,0,1,26,7.98635,3.37884,2.36364,0.921502,0.198473,0.0839695,0.11450382322072983,0.260504,1.43345,0.311111,0.714286,,,3.95146,0.139112,0.0946999,999,,,,,,,115.31999435424802,3.9358360872714218,123.49999618530273,4.215017044406332,,,,,,,,,,,,,,,,,,,"Joely Rodriguez","11487",570257
"Zach Plesac","STL",4,8,,5.30973,20,19,0,0,,101.7,446,114,65,60,18,34,0,2,64,5.66372,3.00885,1.88235,1.59292,0.143498,0.0762332,0.06726457923650742,0.278049,1.45526,0.292683,0.675896,,,5.27071,0.137591,-0.107926,999,,,,,,,254.77997741699232,2.5052112592162277,294.49998474121094,2.895771814930238,,,,,,,,,,,,,,,,,,,"Zach Plesac","19979",668676
"Bryan Baker","TBR",3,3,,4.09867,50,0,0,4,,52.7,222,46,26,24,6,22,1,2,52,8.88046,3.75712,2.36364,1.02467,0.234234,0.0990991,0.13513512909412384,0.232323,1.29032,0.285714,0.704698,,,4.03935,0.137285,0.0511908,999,,,,,,,244.58000564575198,4.640986757209869,233.50000381469727,4.430740046191858,,,,,,,,,,,,,,,,,,,"Bryan Baker","19804",641329
"Mason Fluharty","TOR",5,4,,4,54,0,0,0,,63,271,57,30,28,8,23,2,5,63,9,3.28571,2.73913,1.14286,0.232472,0.0848708,0.14760148525238037,0.234568,1.26984,0.284884,0.726744,,,4.15061,0.13477,0.216792,999,,,,,,,261.6000000000001,4.152380952380954,253,4.015873015873016,,,,,,,,,,,,,,,,,,,"Mason Fluharty","31553",689254
"Miguel Castro","CHW",3,3,,4.15704,46,1,0,1,,43.3,185,39,22,20,5,17,1,3,42,8.72979,3.53349,2.47059,1.03926,0.227027,0.0918919,0.13513513654470444,0.236364,1.2933,0.288136,0.693878,,,4.11336,0.134095,0.0425712,999,,,,,,,185.51999435424804,4.284526503997283,179.49999618530273,4.1454965207405445,,,,,,,,,,,,,,,,,,,"Miguel Castro","15684",612434
"Justin Armbruester","BAL",5,8,,4.91063,25,22,0,0,,106.3,468,107,63,58,16,43,0,9,83,7.02728,3.64064,1.93023,1.35466,0.17735,0.0918803,0.08547008782625198,0.257212,1.4111,0.287066,0.681818,,,5.02913,0.133424,0.0612902,999,,,,,,,321.6200225830078,3.02558808419234,333.50001525878906,3.1373471842367384,,,,,,,,,,,,,,,,,,,"Justin Armbruester","sa3017548",701859
"Dillon Tate","TOR",2,2,,3.9779,50,0,0,1,,54.3,230,50,26,24,5,17,1,6,41,6.79558,2.81768,2.41176,0.828729,0.178261,0.073913,0.10434781759977341,0.241546,1.23389,0.279503,0.683333,,,4.12412,0.132632,0.171795,999,,,,,,,227.31999435424808,4.186371962213562,223.49999618530273,4.116022087027226,,,,,,,,,,,,,,,,,,,"Dillon Tate","17796",622253
"Jake Cousins","NYY",2,2,,4,44,0,0,7,,45,189,34,22,20,6,21,1,6,56,11.2,4.2,2.66667,1.2,0.296296,0.111111,0.18518518656492233,0.209877,1.22222,0.28,0.708154,,,4.21092,0.132452,0.125268,999,,,,,,,229.79999999999998,5.1066666666666665,206,4.5777777777777775,,,,,,,,,,,,,,,,,,,"Jake Cousins","21620",664776
"Carl Edwards Jr.",,4,4,,4.42105,33,7,0,0,,57,252,56,30,28,7,28,1,1,48,7.57895,4.42105,1.71429,1.10526,0.190476,0.111111,0.0793650820851326,0.251121,1.47368,0.291667,0.727763,,,4.60508,0.132344,0.192176,999,,,,,,,199.09999999999994,3.49298245614035,203,3.56140350877193,,,,,,,,,,,,,,,,,,,"Carl Edwards Jr.","13607",605218
"Anthony Maldonado","ATH",5,5,,4.1681,43,1,0,0,,58.3,250,55,29,27,7,21,2,3,55,8.49057,3.24185,2.61905,1.08062,0.22,0.084,0.13599999994039536,0.243363,1.3036,0.292683,0.70997,,,4.07557,0.13075,0.0514587,999,,,,,,,240.31999435424802,4.1221268867784095,238.49999618530273,4.090909079012327,,,,,,,,,,,,,,,,,,,"Anthony Maldonado","26034",687424
"Mason Thompson","WSN",3,3,,4.24318,38,1,0,1,,40.3,176,39,21,19,4,16,1,3,34,7.59305,3.5732,2.125,0.8933,0.193182,0.0909091,0.10227271914482117,0.248408,1.36476,0.294118,0.688259,,,4.18385,0.129055,0.050999,999,,,,,,,162.61999435424806,4.035235668309889,164.49999618530273,4.081885838698126,,,,,,,,,,,,,,,,,,,"Mason Thompson","21850",666168
"Anders Tolhurst",,4,4,,4.13002,38,0,0,0,,52.3,226,50,26,24,7,16,0,3,49,8.43212,2.75335,3.0625,1.20459,0.216814,0.0707965,0.14601770043373108,0.241546,1.26195,0.284768,0.711744,,,4.1225,0.128725,0.0647338,999,,,,,,,211.91999435424805,4.052007599343872,211.49999618530273,4.043977041503105,,,,,,,,,,,,,,,,,,,"Anders Tolhurst","sa3019818",689434
"Erik Swanson",,3,3,,3.87792,59,0,0,1,,55.7,234,51,26,24,8,19,0,1,55,8.88689,3.07002,2.89474,1.29264,0.235043,0.0811966,0.1538461521267891,0.238318,1.25673,0.284768,0.748299,,,4.13596,0.128492,0.246919,750.8699951171875,,,,,,,235.180005645752,4.222262162018342,228.50000381469727,4.102333944072978,,,,,,,,,,,,,,,,,,,"Erik Swanson","16587",657024
"Tim Mayza","PHI",2,3,,4.04711,55,0,0,7,,46.7,201,48,23,21,5,16,2,1,36,6.9379,3.08351,2.25,0.963597,0.179104,0.079602,0.09950248897075653,0.26087,1.37045,0.300699,0.719298,,,4.10866,0.124341,0.211791,999,,,,,,,208.28000564575194,4.459957221479113,217.50000381469727,4.657387585897056,,,,,,,,,,,,,,,,,,,"Tim Mayza","15042",641835
"Isaiah Campbell","BOS",2,3,,4.63636,30,1,0,0,,33,144,33,18,17,4,12,0,1,29,7.90909,3.27273,2.41667,1.09091,0.201389,0.0833333,0.118055559694767,0.251908,1.36364,0.295918,0.685279,,,4.16648,0.124281,0.0466306,999,,,,,,,128.20000000000005,3.884848484848486,132,4,,,,,,,,,,,,,,,,,,,"Isaiah Campbell","25551",663462
"Tim Brennan",,3,4,,5.14793,18,11,0,0,,50.7,226,54,31,29,6,17,0,6,27,4.7929,3.01775,1.58824,1.06509,0.119469,0.0752212,0.04424778372049332,0.26601,1.40039,0.282353,0.638978,,,5.0008,0.123183,-0.0388057,999,,,,,,,145.98000564575196,2.8792900088565685,160.50000381469727,3.165680500975833,,,,,,,,,,,,,,,,,,,"Tim Brennan","sa3008630",681815
"José Castillo","BAL",2,2,,4.06452,30,1,0,0,,31,138,29,15,14,3,14,0,2,31,9,4.06452,2.21429,0.870968,0.224638,0.101449,0.12318841367959976,0.237705,1.3871,0.295455,0.721649,,,3.97293,0.122734,0.198598,999,,,,,,,131.09999999999997,4.229032258064515,130,4.193548387096774,,,,,,,,,,,,,,,,,,,"Jose Castillo","17169",620454
"Craig Kimbrel","HOU",6,5,,4.04082,52,0,0,4,,49,208,38,24,22,6,26,1,4,63,11.5714,4.77551,2.42308,1.10204,0.302885,0.125,0.17788460850715637,0.213483,1.30612,0.293578,0.719424,,,4.02362,0.121563,0.201386,702.8699951171875,,,,,,,242,4.938775510204081,219,4.469387755102041,,,,,,,,,,,,,,,,,,,"Craig Kimbrel","6655",518886
"Roddery Muñoz","STL",6,7,,4.75843,26,21,0,1,,109.7,481,107,63,58,18,48,0,5,95,7.79398,3.93801,1.97917,1.47675,0.197505,0.0997921,0.09771309047937393,0.25,1.41294,0.28254,0.708783,,,5.01698,0.120802,0.401931,999,,,,,,,347.17997741699224,3.164813008890019,349.49998474121094,3.185961663299857,,,,,,,,,,,,,,,,,,,"Roddery Munoz","25311",682610
"Riley Thompson",,4,5,,4.92588,27,14,0,0,,87.7,391,90,52,48,12,41,1,1,67,6.87571,4.20753,1.63415,1.23147,0.171356,0.104859,0.06649616360664368,0.25788,1.49373,0.288889,0.691769,,,4.85405,0.120429,-0.00276273,999,,,,,,,275.37997741699223,3.140022656779714,290.49998474121094,3.312428675597959,,,,,,,,,,,,,,,,,,,"Riley Thompson","sa876287",663929
"Connor Van Scoyoc","COL",5,8,,5.41837,21,20,0,0,,98,448,114,64,59,15,39,0,7,57,5.23469,3.58163,1.46154,1.37755,0.127232,0.0870536,0.0401785746216774,0.283582,1.56122,0.3,0.674242,,,5.40117,0.119314,0.46892,999,,,,,,,220.30000000000007,2.24795918367347,271,2.7653061224489797,,,,,,,,,,,,,,,,,,,"Connor Van Scoyoc","sa3010243",681854
"Cody Sedlock",,3,4,,4.95948,20,10,0,0,,61.7,280,61,37,34,7,33,0,4,49,7.14749,4.81361,1.48485,1.02107,0.175,0.117857,0.05714285373687744,0.251029,1.5235,0.28877,0.67696,,,4.85206,0.11907,-0.0493277,999,,,,,,,198.88000564575194,3.2233387874641752,204.50000381469727,3.3144246561749098,,,,,,,,,,,,,,,,,,,"Cody Sedlock","19357",642060
"Jaime Arias",,3,3,,4.63588,17,8,0,0,,56.3,249,60,31,29,8,22,0,1,40,6.39432,3.51687,1.81818,1.27886,0.160643,0.0883534,0.07228915393352509,0.265487,1.45648,0.292135,0.720339,,,4.81834,0.118509,0.222171,999,,,,,,,173.21999435424812,3.0767317353749224,188.49999618530273,3.34813496873405,,,,,,,,,,,,,,,,,,,"Jaime Arias","sa3014789",671142
"Drew Pomeranz","CHC",1,0,,3.36449,11,1,0,0,,10.7,45,9,4,4,1,5,0,0,12,10.0935,4.20561,2.4,0.841121,0.266667,0.111111,0.15555556863546371,0.225,1.30841,0.296296,0.793651,,,3.54031,0.115983,0.166462,999,,,,,,,52.47999858856202,4.904672852715339,49.499999046325684,4.626168217635256,,,,,,,,,,,,,,,,,,,"Drew Pomeranz","11426",519141
"Nick Dombkowski","PIT",4,7,,4.63672,30,10,0,0,,75.7,333,81,42,39,11,28,0,2,53,6.30119,3.32893,1.89286,1.30779,0.159159,0.0840841,0.07507506757974625,0.267327,1.43989,0.292887,0.715812,,,4.84415,0.115485,0.413043,999,,,,,,,230.27997741699218,3.0420077503363685,251.49998474121094,3.3223248993413725,,,,,,,,,,,,,,,,,,,"Nick Dombkowski","sa3017201",694298
"Ryan Jennings","TOR",3,3,,4.68582,20,12,0,0,,55.7,248,55,31,29,8,23,0,6,46,7.43267,3.71634,2,1.29264,0.185484,0.0927419,0.0927419364452362,0.251142,1.40036,0.284848,0.703593,,,4.94386,0.115396,0.218555,999,,,,,,,175.780005645752,3.1558348875770386,179.50000381469727,3.2226212092644957,,,,,,,,,,,,,,,,,,,"Ryan Jennings","sa3020634",688214
"Alex Troop",,4,5,,4.86486,21,11,0,0,,74,324,79,43,40,12,26,0,3,54,6.56757,3.16216,2.07692,1.45946,0.166667,0.0802469,0.08641976118087769,0.267797,1.41892,0.292576,0.702948,,,4.9908,0.113942,0.186889,999,,,,,,,215.6,2.9135135135135135,235,3.175675675675676,,,,,,,,,,,,,,,,,,,"Alex Troop","sa915638",675960
"Kyle McGowin",,2,3,,4.96552,13,11,0,0,,58,254,60,35,32,9,22,1,3,45,6.98276,3.41379,2.04545,1.39655,0.177165,0.0866142,0.09055118262767792,0.262009,1.41379,0.291429,0.677233,,,4.9251,0.110678,0.0154515,999,,,,,,,177.50000000000006,3.0603448275862077,188,3.2413793103448274,,,,,,,,,,,,,,,,,,,"Kyle McGowin","15071",641851
"J.P. Feyereisen","LAD",4,4,,3.9375,40,4,0,0,,48,201,46,23,21,6,18,0,0,39,7.3125,3.375,2.16667,1.125,0.19403,0.0895522,0.10447761416435242,0.251366,1.33333,0.289855,0.73741,,,4.29148,0.11043,0.431368,999,,,,,,,185.80000000000004,3.870833333333334,186,3.875,,,,,,,,,,,,,,,,,,,"J.P. Feyereisen","16610",656420
"Dylan Covey",,2,1,,4.15842,24,0,0,0,,30.3,133,31,15,14,2,12,0,1,21,6.23762,3.56436,1.75,0.594059,0.157895,0.0902256,0.06766916811466217,0.258333,1.41914,0.298969,0.696517,,,3.92556,0.109999,0.108304,999,,,,,,,122.01999435424807,4.027062621341684,128.49999618530273,4.240924073296074,,,,,,,,,,,,,,,,,,,"Dylan Covey","14825",592229
"Zack Kelly","BOS",4,3,,4.28571,51,2,0,1,,56.7,244,49,29,27,7,28,2,4,60,9.52381,4.44444,2.14286,1.11111,0.245902,0.114754,0.13114754855632782,0.231132,1.35802,0.289655,0.714286,,,4.34814,0.109213,0.28205,999,,,,,,,234.08000564575192,4.128395105750202,220.50000381469727,3.888888903839691,,,,,,,,,,,,,,,,,,,"Zack Kelly","20349",677161
"Jake Bloss","TOR",5,6,,4.94506,22,22,0,1,,91,401,93,54,50,16,39,0,1,74,7.31868,3.85714,1.89744,1.58242,0.184539,0.0972569,0.08728179335594177,0.257618,1.45055,0.284133,0.711679,,,5.1445,0.109179,0.136381,723.8099975585938,,,,,,,266.79999999999995,2.931868131868131,279,3.065934065934066,,,,,,,,,,,,,,,,,,,"Jake Bloss","33168",814005
"Adrian Sampson","WSN",5,8,,5.28455,22,20,0,0,,110.7,489,120,70,65,18,37,0,9,71,5.77236,3.00813,1.91892,1.46341,0.145194,0.0756646,0.06952965259552002,0.27088,1.41825,0.288136,0.660091,,,5.24417,0.10917,-0.171608,999,,,,,,,289.7799774169922,2.617705378550994,323.49998474121094,2.9223124991815803,,,,,,,,,,,,,,,,,,,"Adrian Sampson","13339",592716
"Touki Toussaint",,3,5,,5.06024,25,11,0,0,,74.7,339,71,45,42,10,43,0,8,69,8.31325,5.18072,1.60465,1.20482,0.20354,0.126844,0.07669615745544434,0.246528,1.5261,0.291866,0.69,,,5.10758,0.108455,-0.0337109,999,,,,,,,230.17997741699222,3.0813920591787753,228.49998474121094,3.058902196469071,,,,,,,,,,,,,,,,,,,"Touki Toussaint","16929",657053
"Shintaro Fujinami",,4,4,,4.44634,32,5,0,1,,58.7,264,51,31,29,6,36,0,4,62,9.50596,5.51959,1.72222,0.919932,0.234848,0.136364,0.09848484396934509,0.227679,1.48211,0.288462,0.712468,,,4.42713,0.106092,-0.00297385,999,,,,,,,235.9800056457519,4.020102258580192,223.50000381469727,3.807495756555512,,,,,,,,,,,,,,,,,,,"Shintaro Fujinami","31839",660261
"Ben Peoples","CHW",4,5,,4.82806,19,18,0,0,,72.7,326,72,42,39,11,36,0,3,65,8.04677,4.45667,1.80556,1.36176,0.199387,0.110429,0.0889570564031601,0.250871,1.48556,0.2891,0.712743,,,4.95465,0.105578,0.0976539,999,,,,,,,228.47997741699226,3.142778363246089,233.49998474121094,3.21182936097574,,,,,,,,,,,,,,,,,,,"Ben Peoples","sa3011784",687239
"Liam Hendriks","BOS",3,3,,4.25,39,0,13,8,,36,153,35,18,17,6,11,1,1,40,10,2.75,3.63636,1.5,0.261438,0.0718954,0.1895424947142601,0.248227,1.27778,0.305263,0.744681,,,4.11092,0.105416,0.158714,267.6600036621094,,,,,,,242.60000000000002,6.73888888888889,243,6.75,,,,,,,,,,,,,,,,,,,"Liam Hendriks","3548",521230
"Danny Young","NYM",3,2,,4.29545,46,0,0,10,,44,194,36,23,21,4,21,1,8,49,10.0227,4.29545,2.33333,0.818182,0.252577,0.108247,0.14432988315820694,0.218182,1.29545,0.285714,0.661479,,,4.0983,0.105157,-0.0837005,999,,,,,,,233.80000000000004,5.313636363636364,219,4.9772727272727275,,,,,,,,,,,,,,,,,,,"Danny Young","18439",664849
"Tyler Matzek","STL",1,1,,4.35115,42,0,0,1,,39.3,168,35,21,19,4,19,2,1,35,8.01527,4.35115,1.84211,0.916031,0.208333,0.113095,0.0952380895614624,0.236486,1.37405,0.284404,0.681818,,,4.23518,0.105051,-0.0756531,999,,,,,,,164.6199943542481,4.188804008907174,158.49999618530273,4.033078861636074,,,,,,,,,,,,,,,,,,,"Tyler Matzek","10058",554431
"Kyle Backhus","ARI",3,3,,4.02685,39,1,0,0,,44.7,199,43,22,20,4,20,1,3,40,8.05369,4.02685,2,0.805369,0.201005,0.100503,0.10050251334905624,0.244318,1.4094,0.295455,0.714286,,,4.08371,0.104644,0.23491,999,,,,,,,180.78000564575194,4.044295359288578,182.50000381469727,4.082774064872211,,,,,,,,,,,,,,,,,,,"Kyle Backhus","29615",679775
"Kyle Jones","MIN",3,5,,5.06849,16,15,0,0,,65.7,289,72,40,37,11,25,0,0,46,6.30137,3.42466,1.84,1.50685,0.15917,0.0865052,0.07266436517238617,0.272727,1.47641,0.294686,0.698529,,,5.08429,0.104515,0.016345,999,,,,,,,180.6799774169922,2.7500758875122946,202.49998474121094,3.082191691739932,,,,,,,,,,,,,,,,,,,"Kyle Jones","sa3020556",675781
"Jake Bird","NYY",2,3,,4.54976,52,1,1,11,,63.3,279,62,35,32,7,27,1,6,53,7.53555,3.83886,1.96296,0.995261,0.189964,0.0967742,0.09318996965885162,0.252033,1.406,0.295699,0.681818,,,4.49349,0.103737,0.294614,999,,,,,,,277.11999435424804,4.377883059941671,281.49999618530273,4.4470774024984765,,,,,,,,,,,,,,,,,,,"Jake Bird","21267",656234
"Nick Sandlin","TOR",4,4,,3.85935,64,1,0,13,,58.3,241,46,27,25,8,25,2,4,64,9.87993,3.85935,2.56,1.23499,0.26556,0.103734,0.1618257388472557,0.216981,1.21784,0.271429,0.735786,,,4.2471,0.103163,0.323863,749.5,,,,,,,306.41999435424805,5.255917639180017,280.49999618530273,4.811320752247841,,,,,,,,,,,,,,,,,,,"Nick Sandlin","20517",680704
"Bryan King","HOU",1,1,,3.85965,50,0,0,13,,51.3,225,46,24,22,5,24,0,4,50,8.77193,4.21053,2.08333,0.877193,0.222222,0.106667,0.11555555462837219,0.233503,1.36452,0.288732,0.730159,,,4.12165,0.102663,0.21679,999,,,,,,,266.51999435424807,5.195321604638672,259.49999618530273,5.058479533033457,,,,,,,,,,,,,,,,,,,"Bryan King","25890",687911
"Logan Gillaspie","SDP",3,3,,4.17795,47,0,0,1,,51.7,224,52,26,24,6,16,0,2,41,7.13733,2.7853,2.5625,1.04449,0.183036,0.0714286,0.1116071417927742,0.252427,1.31528,0.289308,0.704698,,,4.1336,0.10205,0.00589537,999,,,,,,,205.58000564575195,3.9764023716053716,212.50000381469727,4.110251463807046,,,,,,,,,,,,,,,,,,,"Logan Gillaspie","22461",670810
"Keegan Thompson","CHC",4,3,,4.19907,37,5,0,1,,64.3,274,55,32,30,9,30,0,3,66,9.23795,4.19907,2.2,1.25972,0.240876,0.109489,0.131386861205101,0.228216,1.32193,0.277108,0.732044,,,4.47286,0.101763,0.366163,999,,,,,,,259.1200225830078,4.029860191055218,241.50001525878906,3.755832096374792,,,,,,,,,,,,,,,,,,,"Keegan Thompson","19795",624522
"Michael Tonkin","MIN",3,4,,4.27259,46,0,0,4,,65.3,281,61,34,31,8,25,1,6,65,8.95865,3.44564,2.6,1.1026,0.231317,0.088968,0.1423487588763237,0.244,1.317,0.299435,0.695187,,,4.19251,0.101594,-0.0566767,750.9299926757812,,,,,,,279.2200225830079,4.275957266980427,275.50001525878906,4.218989316745106,,,,,,,,,,,,,,,,,,,"Michael Tonkin","10315",543859
"Jack Leftwich","CLE",5,7,,4.52261,33,6,0,0,,59.7,260,61,32,30,9,21,0,1,49,7.38693,3.16583,2.33333,1.35678,0.188462,0.0807692,0.10769230872392654,0.256303,1.37353,0.288889,0.720461,,,4.59027,0.101418,0.149452,999,,,,,,,204.48000564575202,3.425125678937831,213.50000381469727,3.5762144235554807,,,,,,,,,,,,,,,,,,,"Jack Leftwich","sa3018169",676393
"Ricky Vanasco","DET",2,3,,4.61538,33,6,0,0,,50.7,227,48,28,26,6,27,1,2,47,8.34319,4.7929,1.74074,1.06509,0.207048,0.118943,0.08810573071241379,0.242424,1.47929,0.289655,0.705706,,,4.56687,0.101401,0.0426843,999,,,,,,,183.58000564575195,3.620907354698597,182.50000381469727,3.599605543755743,,,,,,,,,,,,,,,,,,,"Ricky Vanasco","23391",676568
"Josh Staumont","CIN",1,2,,4.78992,37,0,0,1,,35.7,157,32,21,19,4,20,0,1,36,9.07563,5.04202,1.8,1.0084,0.229299,0.127389,0.10191082954406738,0.235294,1.45658,0.291667,0.668103,,,4.37096,0.101265,-0.101408,999,,,,,,,144.780005645752,4.055462256349576,139.50000381469727,3.9075630485563937,,,,,,,,,,,,,,,,,,,"Josh Staumont","18335",622251
"John Brebbia","BOS",2,3,,4.63087,47,3,2,10,,44.7,192,42,25,23,7,16,1,2,47,9.46309,3.22148,2.9375,1.4094,0.244792,0.0833333,0.1614583358168602,0.241379,1.29754,0.291667,0.684647,,,4.30742,0.100645,-0.11759,999,,,,,,,225.480005645752,5.0442953422205825,222.50000381469727,4.977628635728591,,,,,,,,,,,,,,,,,,,"John Brebbia","12777",605154
"Joey Estes","ATH",8,12,,4.92139,29,27,0,1,,146.3,619,148,86,80,26,36,1,12,107,6.58237,2.21463,2.97222,1.59945,0.172859,0.0581583,0.11470112577080727,0.259194,1.25769,0.278539,0.663957,,,4.99833,0.0987963,0.0683322,713.8900146484375,,,,,,,452.0200225830078,3.0896788322218476,467.50001525878906,3.1954887594458734,,,,,,,,,,,,,,,,,,,"Joey Estes","26257",683155
"Duane Underwood Jr.",,2,3,,4.63087,35,2,0,0,,44.7,197,43,25,23,5,19,1,3,36,7.24832,3.8255,1.89474,1.00671,0.182741,0.0964467,0.08629442006349564,0.245714,1.38702,0.283582,0.672727,,,4.48639,0.0987027,-0.0963562,999,,,,,,,163.48000564575193,3.657270757393194,164.50000381469727,3.6800895079868408,,,,,,,,,,,,,,,,,,,"Duane Underwood Jr.","14677",621249
"Ryan Rolison","COL",2,4,,5.08696,24,7,0,0,,46,207,52,28,26,7,18,1,1,32,6.26087,3.52174,1.77778,1.36957,0.154589,0.0869565,0.06763284653425217,0.276596,1.52174,0.302013,0.697674,,,4.99257,0.0963428,0.250641,999,,,,,,,126.10000000000008,2.741304347826089,146,3.1739130434782608,,,,,,,,,,,,,,,,,,,"Ryan Rolison","22200",669020
"Austin Voth",,3,3,,4.17857,48,3,0,0,,56,240,53,28,26,8,20,1,2,55,8.83929,3.21429,2.75,1.28571,0.229167,0.0833333,0.1458333358168602,0.243119,1.30357,0.290323,0.728155,,,4.23791,0.0957821,0.038932,999,,,,,,,222.2000000000001,3.9678571428571447,220,3.9285714285714284,,,,,,,,,,,,,,,,,,,"Austin Voth","15047",608723
"Evan Fitterer","MIA",5,9,,4.97143,23,23,0,0,,105,485,113,63,58,13,54,0,10,75,6.42857,4.62857,1.38889,1.11429,0.154639,0.11134,0.043298959732055664,0.268409,1.59048,0.3003,0.698925,,,5.176,0.094467,0.422765,999,,,,,,,281.3,2.679047619047619,314,2.9904761904761905,,,,,,,,,,,,,,,,,,,"Evan Fitterer","sa3011433",683157
"Justin Sterner","ATH",3,2,,4.18605,34,1,0,11,,47.3,204,43,24,22,6,18,1,3,48,9.13319,3.42495,2.66667,1.14165,0.235294,0.0882353,0.14705882221460342,0.234973,1.28964,0.286822,0.703422,,,4.11785,0.0943519,0.00304794,999,,,,,,,241.41999435424805,5.1040168762854945,235.49999618530273,4.978858350610364,,,,,,,,,,,,,,,,,,,"Justin Sterner","27694",686993
"Chase Shugart","PIT",3,5,,4.60882,37,6,0,1,,70.3,312,75,39,36,9,26,0,4,51,6.52916,3.32859,1.96154,1.1522,0.163462,0.0833333,0.08012820035219193,0.265957,1.4367,0.297297,0.701357,,,4.66008,0.0932823,0.226947,999,,,,,,,230.5200225830078,3.2790897948224735,250.50001525878906,3.56330020461536,,,,,,,,,,,,,,,,,,,"Chase Shugart","21544",663767
"Keynan Middleton",,2,1,,3.92371,38,0,0,0,,36.7,154,32,17,16,5,14,0,1,39,9.56403,3.43324,2.78571,1.22616,0.253247,0.0909091,0.16233766078948975,0.230216,1.25341,0.284211,0.74359,,,4.03841,0.0928932,0.202209,999,,,,,,,159.88000564575196,4.3564033330267025,151.50000381469727,4.1280654132216155,,,,,,,,,,,,,,,,,,,"Keynan Middleton","15264",641871
"Steven Okert","HOU",3,2,,3.8055,52,1,0,5,,47.3,196,39,22,20,7,18,2,4,54,10.2748,3.42495,3,1.33192,0.27551,0.0918367,0.1836734563112259,0.224138,1.20507,0.283186,0.741525,,,4.20242,0.0927467,0.255712,999,,,,,,,224.51999435424804,4.746723001600641,207.49999618530273,4.386892167700546,,,,,,,,,,,,,,,,,,,"Steven Okert","13580",595345
"T.J. Sikkema","CIN",3,5,,5.47945,22,11,0,0,,65.7,293,69,43,40,11,25,0,8,51,6.9863,3.42466,2.04,1.50685,0.174061,0.0853242,0.08873719722032547,0.265385,1.43075,0.292929,0.648855,,,5.29738,0.0923151,-0.0407783,999,,,,,,,174.47997741699217,2.655707542185212,188.49998474121094,2.8691018797110353,,,,,,,,,,,,,,,,,,,"T.J. Sikkema","sa3011191",674674
"Emmanuel Chapman","PIT",2,4,,4.71616,34,7,0,0,,68.7,304,71,39,36,9,30,1,2,53,6.94323,3.93013,1.76667,1.17904,0.174342,0.0986842,0.07565789669752121,0.261029,1.47016,0.295238,0.701357,,,4.72398,0.0921742,0.184091,999,,,,,,,223.07997741699225,3.247161387577036,236.49998474121094,3.4425035698238444,,,,,,,,,,,,,,,,,,,"Emmanuel Chapman","sa3023456",820888
"Ian Bedell","STL",3,4,,4.82315,21,18,0,0,,93.3,411,94,54,50,14,37,1,8,71,6.84887,3.56913,1.91892,1.35048,0.172749,0.0900243,0.08272505551576614,0.256831,1.40407,0.284698,0.691203,,,5.04215,0.0918848,0.314029,999,,,,,,,280.8200225830079,3.00986080812049,291.50001525878906,3.124330179250697,,,,,,,,,,,,,,,,,,,"Ian Bedell","sa3014538",678016
"Brandon Birdsell","CHC",6,8,,5.01348,23,22,0,0,,111.3,477,114,67,62,20,32,1,6,82,6.63073,2.5876,2.5625,1.61725,0.171908,0.067086,0.10482180118560791,0.259681,1.31177,0.278932,0.669492,,,5.05327,0.0916006,0.0790925,999,,,,,,,331.2200225830079,2.9759210557162405,346.50001525878906,3.113207598904164,,,,,,,,,,,,,,,,,,,"Brandon Birdsell","sa3020797",669361
"Andrew Chafin","LAA",3,4,,4.28571,54,0,0,1,,48.3,213,43,25,23,5,26,1,1,50,9.31677,4.84472,1.92308,0.931677,0.234742,0.122066,0.11267604678869247,0.231183,1.42857,0.290076,0.709677,,,4.11886,0.0913264,-0.0399207,999,,,,,,,207.11999435424804,4.288198708610435,199.49999618530273,4.130434768873176,,,,,,,,,,,,,,,,,,,"Andrew Chafin","12988",605177
"Shane Murphy","CHW",2,3,,5.46091,20,15,0,0,,85.7,375,99,56,52,17,24,0,1,57,5.986,2.52042,2.375,1.7853,0.152,0.064,0.08799999207258224,0.282857,1.43524,0.297101,0.675403,,,5.29017,0.0906563,-0.322351,999,,,,,,,206.6799774169922,2.411668433801869,246.49998474121094,2.876312643162433,,,,,,,,,,,,,,,,,,,"Shane Murphy","sa3020389",690294
"Andrew Misiaszek",,3,2,,3.825,29,1,0,0,,40,175,36,18,17,5,19,1,2,43,9.675,4.275,2.26316,1.125,0.245714,0.108571,0.1371428668498993,0.233766,1.375,0.292453,0.770833,,,4.21648,0.0894899,0.311031,999,,,,,,,163.9,4.0975,158,3.95,,,,,,,,,,,,,,,,,,,"Andrew Misiaszek","sa3010118",667280
"José Leclerc","ATH",4,3,,3.9661,55,0,3,13,,59,251,48,28,26,7,30,1,3,69,10.5254,4.57627,2.3,1.0678,0.2749,0.119522,0.15537849068641663,0.220183,1.32203,0.288732,0.733138,,,4.04784,0.0888865,0.134565,595.3599853515625,,,,,,,331.7,5.622033898305085,310,5.254237288135593,,,,,,,,,,,,,,,,,,,"Jose Leclerc","14524",600917
"Cody Bolton","HOU",2,3,,4.09091,45,3,0,1,,55,242,51,27,25,6,25,0,3,51,8.34545,4.09091,2.04,0.981818,0.210744,0.103306,0.10743801295757294,0.238318,1.38182,0.286624,0.724852,,,4.25739,0.0886994,0.100519,999,,,,,,,222.6,4.047272727272727,219,3.981818181818182,,,,,,,,,,,,,,,,,,,"Cody Bolton","23265",675989
"Yosver Zulueta","CIN",3,4,,5.08065,45,3,0,1,,62,279,58,38,35,8,32,0,8,63,9.14516,4.64516,1.96875,1.16129,0.225806,0.114695,0.1111111044883728,0.242678,1.45161,0.297619,0.659898,,,4.74713,0.088505,-0.158119,999,,,,,,,219.59999999999997,3.5419354838709673,216,3.4838709677419355,,,,,,,,,,,,,,,,,,,"Yosver Zulueta","27765",691172
"Jordan Lyles",,6,10,,5.47247,22,21,0,0,,121.7,528,131,80,74,24,38,0,5,92,6.80362,2.81019,2.42105,1.77486,0.174242,0.0719697,0.10227272659540176,0.270103,1.38866,0.289973,0.657312,,,5.27823,0.0884022,-0.470755,999,,,,,,,319.7799774169922,2.6276087546081985,351.49998474121094,2.8882497416224293,,,,,,,,,,,,,,,,,,,"Jordan Lyles","7593",543475
"Vinny Nittoli",,3,2,,4.15385,33,1,0,0,,39,169,37,19,18,5,14,0,3,36,8.30769,3.23077,2.57143,1.15385,0.213018,0.0828402,0.13017751276493073,0.243421,1.30769,0.288288,0.727273,,,4.29468,0.0869275,0.207108,999,,,,,,,151.90000000000003,3.8948717948717957,151,3.871794871794872,,,,,,,,,,,,,,,,,,,"Vinny Nittoli","16754",657697
"Luke Westphal",,2,1,,4.62162,16,6,0,0,,37,165,36,21,19,5,20,0,0,33,8.02703,4.86486,1.65,1.21622,0.2,0.121212,0.07878787815570831,0.248276,1.51351,0.28972,0.714286,,,4.76107,0.0868797,0.0309247,999,,,,,,,124.70000000000002,3.3702702702702707,126,3.4054054054054053,,,,,,,,,,,,,,,,,,,"Luke Westphal","sa869541",661332
"Kyle Finnegan","DET",5,5,,4.1681,59,0,24,6,,58.3,248,56,29,27,8,21,2,1,54,8.33619,3.24185,2.57143,1.23499,0.217742,0.0846774,0.13306451588869095,0.247788,1.32075,0.292683,0.729483,,,4.22994,0.0866759,0.146775,182.1999969482422,,,,,,,373.41999435424805,6.405145784579528,373.49999618530273,6.406518028697909,,,,,,,,,,,,,,,,,,,"Kyle Finnegan","15009",640448
"Nate Pearson",,2,3,,4.11864,51,1,0,11,,59,255,52,29,27,8,25,1,3,64,9.76271,3.81356,2.56,1.22034,0.25098,0.0980392,0.15294118970632553,0.229075,1.30508,0.283871,0.729483,,,4.18343,0.0862078,0.169078,703.52001953125,,,,,,,291.00000000000006,4.9322033898305095,279,4.728813559322034,,,,,,,,,,,,,,,,,,,"Nate Pearson","20160",663878
"James Karinchak",,3,3,,4.47084,51,0,0,1,,46.3,199,36,25,23,6,28,1,2,57,11.0799,5.44276,2.03571,1.16631,0.286432,0.140704,0.14572863280773163,0.213018,1.38229,0.283019,0.701439,,,4.33279,0.0860626,-0.10329,743.1699829101562,,,,,,,203.21999435424803,4.3892008143184125,181.49999618530273,3.920086375293548,,,,,,,,,,,,,,,,,,,"James Karinchak","20151",675916
"Chad Kuhl",,3,4,,4.84615,33,12,0,0,,91,409,90,53,49,12,46,1,7,83,8.20879,4.54945,1.80435,1.18681,0.202934,0.112469,0.09046454727649689,0.252809,1.49451,0.298851,0.696309,,,4.80384,0.0854886,0.201662,999,,,,,,,298.79999999999995,3.283516483516483,306,3.3626373626373627,,,,,,,,,,,,,,,,,,,"Chad Kuhl","14975",641771
"Emmanuel Ramirez",,3,3,,4.39024,35,1,0,0,,53.3,232,51,28,26,7,22,0,2,51,8.61163,3.71482,2.31818,1.18199,0.219828,0.0948276,0.1250000074505806,0.245192,1.36961,0.293333,0.712025,,,4.31095,0.0847533,-0.0228779,999,,,,,,,205.71999435424803,3.8596622382539705,205.49999618530273,3.8555346928112995,,,,,,,,,,,,,,,,,,,"Emmanuel Ramirez","17304",642629
"Lucas Luetge",,3,3,,3.99577,38,1,0,0,,47.3,207,49,23,21,6,16,0,2,42,7.99154,3.0444,2.625,1.14165,0.202899,0.0772947,0.12560386210680008,0.259259,1.37421,0.304965,0.742049,,,4.18128,0.083632,0.175205,999,,,,,,,178.81999435424805,3.7805496244942605,188.49999618530273,3.9852008292974563,,,,,,,,,,,,,,,,,,,"Lucas Luetge","8337",476595
"Garrett Hill","SEA",4,4,,4.5,35,8,0,0,,72,319,67,39,36,9,36,0,5,69,8.625,4.5,1.91667,1.125,0.216301,0.112853,0.10344827175140381,0.241007,1.43056,0.29,0.707965,,,4.58315,0.0836159,-0.0247018,999,,,,,,,262.9000000000001,3.6513888888888903,258,3.5833333333333335,,,,,,,,,,,,,,,,,,,"Garrett Hill","25097",682051
"Luis Moreno","NYM",5,6,,5.02585,24,18,0,0,,96.7,437,99,58,54,13,48,0,6,73,6.79421,4.46743,1.52083,1.20993,0.167048,0.10984,0.05720823258161545,0.258486,1.52017,0.289562,0.690994,,,5.07961,0.0834579,-0.029438,999,,,,,,,282.2799774169923,2.919131192610897,298.49998474121094,3.086866537348294,,,,,,,,,,,,,,,,,,,"Luis Moreno","sa3009950",691032
"Andrew Politi",,4,4,,4.56389,35,4,0,0,,49.3,219,49,27,25,6,21,0,4,42,7.66734,3.83367,2,1.09533,0.191781,0.0958904,0.09589041024446487,0.252577,1.41988,0.294521,0.698052,,,4.56607,0.0834301,0.179916,999,,,,,,,172.61999435424806,3.5014198179638822,177.49999618530273,3.600405657853839,,,,,,,,,,,,,,,,,,,"Andrew Politi","sa3007243",681555
"Buck Farmer","CIN",3,2,,3.96411,55,1,0,1,,61.3,265,55,29,27,7,28,2,4,62,9.10277,4.11093,2.21429,1.02773,0.233962,0.10566,0.12830188870429993,0.236051,1.354,0.292683,0.737705,,,4.19421,0.0817927,0.408602,999,,,,,,,256.51999435424807,4.1846655391010525,247.49999618530273,4.037520379538113,,,,,,,,,,,,,,,,,,,"Buck Farmer","14814",571656
"Dugan Darnell","COL",2,2,,4.8,40,1,0,0,,45,200,45,26,24,6,20,2,2,42,8.4,4,2.1,1.2,0.21,0.1,0.10999999195337296,0.252809,1.44444,0.3,0.689046,,,4.49981,0.0815836,0.11883,999,,,,,,,160.2,3.5599999999999996,165,3.6666666666666665,,,,,,,,,,,,,,,,,,,"Dugan Darnell","27812",699911
"Taylor Widener",,3,3,,4.67938,24,10,0,0,,57.7,253,58,32,30,9,23,1,4,52,8.11092,3.58752,2.26087,1.40381,0.205534,0.0909091,0.1146245002746582,0.256637,1.40381,0.29697,0.716374,,,4.7956,0.0815215,0.309944,999,,,,,,,188.48000564575204,3.2665511811710792,194.50000381469727,3.370883903690068,,,,,,,,,,,,,,,,,,,"Taylor Widener","19266",642203
"Justin Anderson",,2,4,,4.68582,55,0,0,4,,55.7,250,53,31,29,7,29,1,3,60,9.69479,4.68582,2.06897,1.13106,0.24,0.116,0.12399999797344208,0.243119,1.47217,0.304636,0.706371,,,4.36935,0.081005,-0.2189,709.1699829101562,,,,,,,228.28000564575194,4.098384246300411,227.50000381469727,4.084380622954437,,,,,,,,,,,,,,,,,,,"Justin Anderson","16201",605121
"Gabriel Hughes","COL",4,6,,5.40309,12,12,0,0,,58.3,260,64,38,35,11,23,0,2,44,6.79245,3.5506,1.91304,1.69811,0.169231,0.0884615,0.08076923340559006,0.27234,1.49228,0.294444,0.684358,,,5.39633,0.0807744,0.29154,999,,,,,,,142.71999435424803,2.4480273794501666,161.49999618530273,2.7701543447472172,,,,,,,,,,,,,,,,,,,"Gabriel Hughes","sa3020661",687312
"Carlos Peña","DET",5,8,,4.95327,24,18,0,0,,96.3,429,100,57,53,14,40,0,6,69,6.4486,3.73832,1.725,1.30841,0.160839,0.0932401,0.06759906560182571,0.261097,1.45379,0.286667,0.689369,,,5.05641,0.0783047,0.106004,999,,,,,,,280.42002258300795,2.9119419906175104,299.50001525878906,3.1100727494039484,,,,,,,,,,,,,,,,,,,"Carlos Pena","sa3009519",685329
"Zack Weiss","STL",2,2,,4.28571,28,1,0,0,,35.7,155,33,18,17,4,14,1,3,33,8.31933,3.52941,2.35714,1.0084,0.212903,0.0903226,0.1225806474685669,0.23913,1.31653,0.287129,0.700483,,,4.20289,0.0778197,0.0992412,999,,,,,,,144.18000564575198,4.038655534019673,141.50000381469727,3.963585456322732,,,,,,,,,,,,,,,,,,,"Zack Weiss","15444",592848
"Logan Boyer","LAD",1,1,,4.91468,25,5,0,0,,29.3,130,27,17,16,4,14,0,2,28,8.60068,4.30034,2,1.22867,0.215385,0.107692,0.10769230872392654,0.236842,1.39932,0.280488,0.677966,,,4.66819,0.0771379,-0.0365862,999,,,,,,,105.41999435424803,3.59795211942893,102.49999618530273,3.498293476255592,,,,,,,,,,,,,,,,,,,"Logan Boyer","sa3015002",669188
"Omar Cruz","SDP",3,5,,4.57831,29,7,0,0,,74.7,328,69,41,38,10,33,0,8,67,8.07229,3.9759,2.0303,1.20482,0.204268,0.10061,0.1036585345864296,0.240418,1.36546,0.280952,0.693182,,,4.75952,0.0761721,0.107023,750.0900268554688,,,,,,,261.37997741699223,3.4990627589730168,254.49998474121094,3.406961112964272,,,,,,,,,,,,,,,,,,,"Omar Cruz","23875",678316
"Michael Byrne",,2,3,,4.89362,29,1,0,0,,42.3,187,43,25,23,6,17,0,2,37,7.87234,3.61702,2.17647,1.2766,0.197861,0.0909091,0.10695186257362366,0.255952,1.41844,0.296,0.678295,,,4.60856,0.0759751,-0.0668207,999,,,,,,,144.41999435424805,3.41418432527338,150.49999618530273,3.557919595739479,,,,,,,,,,,,,,,,,,,"Michael Byrne","sa3008227",680758
"Amir Garrett",,2,2,,4.07932,33,1,0,0,,35.3,154,30,17,16,4,19,1,2,38,9.68839,4.84419,2,1.01983,0.246753,0.123377,0.12337662279605865,0.225564,1.3881,0.285714,0.737327,,,4.2713,0.074466,0.149102,999,,,,,,,147.01999435424807,4.164872451325597,137.49999618530273,3.895184112098934,,,,,,,,,,,,,,,,,,,"Amir Garrett","14375",607237
"Dauri Moreta","PIT",3,3,,4.15094,43,1,0,1,,47.7,200,42,24,22,7,19,1,2,50,9.43396,3.58491,2.63158,1.32075,0.25,0.095,0.1550000011920929,0.234637,1.27883,0.286885,0.722656,,,4.29856,0.074214,0.216046,999,,,,,,,198.68000564575203,4.165199213164722,188.50000381469727,3.9517819874156577,,,,,,,,,,,,,,,,,,,"Dauri Moreta","21101",664294
"Trevor Brigden",,3,3,,4.3125,34,1,0,0,,48,208,46,25,23,6,19,1,2,46,8.625,3.5625,2.42105,1.125,0.221154,0.0913462,0.12980768829584122,0.245989,1.35417,0.296296,0.706714,,,4.18731,0.0739047,-0.0680848,999,,,,,,,190.80000000000004,3.975000000000001,191,3.9791666666666665,,,,,,,,,,,,,,,,,,,"Trevor Brigden","sa3011481",688953
"Chris Gau",,3,4,,4.6,27,4,0,0,,45,200,48,25,23,6,18,0,1,35,7,3.6,1.94444,1.2,0.175,0.09,0.08499999344348907,0.265193,1.46667,0.3,0.711806,,,4.61092,0.072275,0.129583,999,,,,,,,147.39999999999998,3.275555555555555,160,3.5555555555555554,,,,,,,,,,,,,,,,,,,"Chris Gau","sa3007728",680961
"Jacob Latz","TEX",3,3,,4.71204,41,5,0,1,,57.3,254,53,32,30,8,30,1,2,57,8.95288,4.71204,1.9,1.25654,0.224409,0.11811,0.10629920661449432,0.238739,1.44852,0.286624,0.710306,,,4.66735,0.0722114,-0.0176224,999,,,,,,,209.81999435424808,3.6617800549382995,204.49999618530273,3.568935408519797,,,,,,,,,,,,,,,,,,,"Jacob Latz","21306",656641
"Aaron Davenport","CLE",5,6,,4.74934,24,22,0,0,,113.7,510,117,65,60,17,54,0,5,88,6.9657,4.27441,1.62963,1.34565,0.172549,0.105882,0.06666667014360428,0.259423,1.50396,0.289017,0.720109,,,5.11899,0.0710247,0.404959,999,,,,,,,327.0799774169922,2.876692930483398,346.49998474121094,3.0474933512877977,,,,,,,,,,,,,,,,,,,"Aaron Davenport","sa3017615",702126
"Hunter Bigge","TBR",2,1,,4.14044,39,1,0,8,,41.3,181,37,21,19,5,21,0,1,45,9.8063,4.57627,2.14286,1.08959,0.248619,0.116022,0.1325966790318489,0.232704,1.40436,0.293578,0.72549,,,4.15922,0.0708052,-0.0104149,685.6300048828125,,,,,,,203.91999435424805,4.93753022085435,197.49999618530273,4.782082320429589,,,,,,,,,,,,,,,,,,,"Hunter Bigge","26259",685801
"Austin Pope","ARI",5,4,,4.1791,45,2,0,0,,60.3,266,59,30,28,7,25,0,3,55,8.20896,3.73134,2.2,1.04478,0.206767,0.093985,0.11278195679187775,0.247899,1.39303,0.295455,0.727763,,,4.24442,0.0706334,0.327842,999,,,,,,,232.71999435424797,3.859369772781317,236.49999618530273,3.9220563711043828,,,,,,,,,,,,,,,,,,,"Austin Pope","26136",687166
"Jake Higginbotham","SDP",3,4,,4.47514,38,2,0,0,,54.3,237,55,29,27,7,19,0,2,44,7.29282,3.14917,2.31579,1.16022,0.185654,0.0801688,0.10548523813486099,0.25463,1.3628,0.290909,0.700935,,,4.38195,0.0703659,-0.0553199,999,,,,,,,197.71999435424812,3.6412522492136854,205.49999618530273,3.784530369662436,,,,,,,,,,,,,,,,,,,"Jake Higginbotham","sa3007590",663977
"Sauryn Lao","WSN",2,1,,4.00387,38,0,0,0,,51.7,223,51,25,23,7,14,1,3,48,8.3559,2.43714,3.42857,1.21857,0.215247,0.0627803,0.15246636420488358,0.247573,1.25725,0.291391,0.724638,,,4.05623,0.0703409,0.000342641,999,,,,,,,208.88000564575194,4.040232157897474,212.50000381469727,4.110251463807046,,,,,,,,,,,,,,,,,,,"Sauryn Lao","21922",666659
"Michael Mariot","SEA",5,7,,4.87035,20,18,0,0,,88.7,388,97,52,48,14,26,0,6,59,5.98647,2.63811,2.26923,1.42052,0.152062,0.0670103,0.08505154401063919,0.272472,1.3867,0.293286,0.686654,,,4.97031,0.0697712,-0.0860545,999,,,,,,,253.97997741699226,2.8633594831485,283.49998474121094,3.1961667925043735,,,,,,,,,,,,,,,,,,,"Michael Mariot","10835",592527
"Matt Cronin","SEA",1,2,,3.95349,38,0,0,0,,38.7,168,35,18,17,4,18,1,1,38,8.83721,4.18605,2.11111,0.930233,0.22619,0.107143,0.1190476194024086,0.234899,1.36951,0.28972,0.738397,,,4.01919,0.0696222,0.0790735,999,,,,,,,165.18000564575198,4.268217116004154,160.50000381469727,4.147286838515982,,,,,,,,,,,,,,,,,,,"Matt Cronin","sa3011463",669091
"Andrew Wantz","TBR",1,2,,4.23983,30,4,0,0,,46.7,197,42,24,22,7,19,1,2,47,9.05782,3.66167,2.47368,1.34904,0.238579,0.0964467,0.1421319767832756,0.238636,1.30621,0.286885,0.722656,,,4.45128,0.0695952,0.110028,999,,,,,,,181.28000564575194,3.8817987726803964,173.50000381469727,3.715203447113961,,,,,,,,,,,,,,,,,,,"Andrew Wantz","24933",681806
"Easton Lucas","TOR",2,3,,4.57143,39,3,0,1,,63,279,62,35,32,8,27,1,3,55,7.85714,3.85714,2.03704,1.14286,0.197133,0.0967742,0.10035842657089233,0.248996,1.4127,0.290323,0.694087,,,4.49981,0.0695208,-0.120067,999,,,,,,,230.60000000000008,3.6603174603174615,235,3.7301587301587302,,,,,,,,,,,,,,,,,,,"Easton Lucas","26058",687922
"Robby Ahlstrom","TEX",3,4,,4.92537,38,4,0,0,,60.3,268,58,36,33,8,27,0,4,54,8.0597,4.02985,2,1.19403,0.201493,0.100746,0.1007462665438652,0.244726,1.40962,0.285714,0.663957,,,4.64243,0.0692425,-0.278342,999,,,,,,,212.019994354248,3.516086186348406,212.49999618530273,3.5240464158198472,,,,,,,,,,,,,,,,,,,"Robby Ahlstrom","sa3018193",695239
"Ryan Loutos","WSN",3,3,,4.13969,46,0,0,1,,58.7,258,58,29,27,6,23,1,3,49,7.51278,3.52641,2.13043,0.919932,0.189922,0.0891473,0.10077519714832306,0.25,1.3799,0.293785,0.716253,,,4.15455,0.069213,0.133779,999,,,,,,,233.78000564575188,3.9826235537862225,239.50000381469727,4.080068155057109,,,,,,,,,,,,,,,,,,,"Ryan Loutos","29521",702795
"Matt Sauer","LAD",3,4,,4.9925,28,9,0,1,,66.7,297,67,40,37,10,27,0,6,55,7.42129,3.64318,2.03704,1.34933,0.185185,0.0909091,0.09427608549594879,0.253788,1.4093,0.286432,0.675,,,4.95059,0.0691601,-0.110871,999,,,,,,,211.3799774169923,3.169115248701117,218.49998474121094,3.2758619900801853,,,,,,,,,,,,,,,,,,,"Matt Sauer","22284",669422
"Zane Mills","STL",4,6,,4.79554,26,10,0,0,,80.7,357,89,46,43,11,25,0,4,47,5.24164,2.7881,1.88,1.22677,0.131653,0.070028,0.06162465363740921,0.271341,1.41264,0.288889,0.689655,,,4.85173,0.0685013,0.166522,999,,,,,,,237.47997741699217,2.942750760812327,267.49998474121094,3.314745909008831,,,,,,,,,,,,,,,,,,,"Zane Mills","sa3017535",677312
"Kevin Stevens","NYY",2,2,,4.273,29,0,0,0,,33.7,147,30,17,16,4,15,0,3,34,9.08012,4.00593,2.26667,1.06825,0.231293,0.102041,0.12925169616937637,0.232558,1.33531,0.285714,0.71066,,,4.29408,0.067987,0.039387,999,,,,,,,136.18000564575198,4.040949630942198,130.50000381469727,3.872403586358688,,,,,,,,,,,,,,,,,,,"Kevin Stevens","sa3020613",805728
"Nick Avila",,4,5,,4.59574,34,3,0,0,,47,208,49,26,24,6,18,0,1,38,7.2766,3.44681,2.11111,1.14894,0.182692,0.0865385,0.09615384042263031,0.259259,1.42553,0.296552,0.699659,,,4.4218,0.0673879,-0.0979237,999,,,,,,,165.6,3.5234042553191487,176,3.74468085106383,,,,,,,,,,,,,,,,,,,"Nick Avila","25667",687014
"Raymond Burgos",,3,4,,4.28571,26,0,0,0,,42,184,43,22,20,4,14,0,2,32,6.85714,3,2.28571,0.857143,0.173913,0.076087,0.09782609343528748,0.255952,1.35714,0.295455,0.680934,,,4.02362,0.0651546,-0.0464637,999,,,,,,,165.8,3.947619047619048,174,4.142857142857143,,,,,,,,,,,,,,,,,,,"Raymond Burgos","22370",670103
"Kendall Graveman",,4,2,,3.46895,47,0,0,7,,46.7,203,42,19,18,4,22,1,4,44,8.47966,4.23983,2,0.770878,0.216749,0.108374,0.10837438702583313,0.237288,1.37045,0.294574,0.770548,,,4.06584,0.0648674,0.598404,749.8499755859375,,,,,,,225.18000564575198,4.821841583875349,219.50000381469727,4.700214137659924,,,,,,,,,,,,,,,,,,,"Kendall Graveman","15514",608665
"Michael Knorr","HOU",4,4,,4.58491,14,9,0,0,,53,234,53,29,27,9,23,0,1,46,7.81132,3.90566,2,1.5283,0.196581,0.0982906,0.09829059988260269,0.252381,1.43396,0.283871,0.741325,,,4.99667,0.0648373,0.264119,999,,,,,,,163.70000000000005,3.0886792452830196,168,3.169811320754717,,,,,,,,,,,,,,,,,,,"Michael Knorr","sa3020872",681077
"Yency Almonte","CHC",2,1,,4.15385,38,0,0,0,,39,164,31,19,18,4,18,1,4,41,9.46154,4.15385,2.27778,0.923077,0.25,0.109756,0.14024390280246735,0.21831,1.25641,0.278351,0.691244,,,4.08956,0.0643313,0.0942299,999,,,,,,,174.80000000000004,4.482051282051283,159,4.076923076923077,,,,,,,,,,,,,,,,,,,"Yency Almonte","15068",622075
"Kyle Cody",,3,4,,4.71429,24,4,0,0,,42,187,45,24,22,5,14,0,3,31,6.64286,3,2.21429,1.07143,0.165775,0.0748663,0.09090909361839294,0.264706,1.40476,0.298507,0.673077,,,4.45219,0.0627159,-0.0433404,999,,,,,,,143.3,3.411904761904762,156,3.7142857142857144,,,,,,,,,,,,,,,,,,,"Kyle Cody","19686",621129
"Matt Barnes",,1,3,,4.66667,30,2,0,0,,27,120,27,15,14,3,12,1,2,24,8,4,2,1,0.2,0.1,0.10000000149011612,0.254717,1.44444,0.303797,0.689655,,,4.3887,0.0624275,-0.0226312,999,,,,,,,98.7,3.6555555555555554,102,3.7777777777777777,,,,,,,,,,,,,,,,,,,"Matt Barnes","12863",598264
"Parker Mushinski","CLE",2,1,,4.11531,46,1,0,1,,50.3,220,47,25,23,5,21,0,5,44,7.87276,3.75746,2.09524,0.894632,0.2,0.0954545,0.104545459151268,0.242268,1.35189,0.289655,0.704918,,,4.25992,0.0612797,0.115855,999,,,,,,,202.51999435424807,4.026242493559191,200.49999618530273,3.986083483627099,,,,,,,,,,,,,,,,,,,"Parker Mushinski","21324",656786
"Tommy Romero","CHC",4,4,,4.66135,24,11,0,0,,75.3,333,77,42,39,10,34,0,2,58,6.93227,4.06375,1.70588,1.19522,0.174174,0.102102,0.07207207381725311,0.259259,1.4741,0.292576,0.71134,,,4.78667,0.0600017,0.264892,999,,,,,,,242.0200225830078,3.2140771948794504,254.50001525878906,3.379814142688112,,,,,,,,,,,,,,,,,,,"Tommy Romero","23465",676720
"Garrett Schoenle","CHW",3,6,,5.14286,30,9,0,0,,70,312,71,43,40,11,33,0,4,61,7.84286,4.24286,1.84848,1.41429,0.195513,0.105769,0.08974358439445496,0.258182,1.48571,0.295566,0.688488,,,5.05219,0.0592351,-0.198987,999,,,,,,,209.1,2.987142857142857,218,3.1142857142857143,,,,,,,,,,,,,,,,,,,"Garrett Schoenle","sa3016937",676881
"Tyson Guerrero","KCR",4,7,,5.12716,23,21,0,0,,98.3,442,102,61,56,15,44,0,8,76,6.95829,4.02848,1.72727,1.37335,0.171946,0.0995475,0.07239819318056107,0.261538,1.48525,0.29097,0.68,,,5.19089,0.0587761,0.193895,999,,,,,,,273.72002258300785,2.7845372745195776,292.50001525878906,2.9755850068975,,,,,,,,,,,,,,,,,,,"Tyson Guerrero","sa3017140",694553
"Carson Skipper","COL",4,6,,4.72795,46,0,0,0,,53.3,234,56,30,28,8,18,0,1,46,7.76735,3.0394,2.55556,1.35084,0.196581,0.0769231,0.11965811997652054,0.260465,1.38837,0.298137,0.700637,,,4.46104,0.0586176,0.152366,999,,,,,,,185.41999435424808,3.47879919340265,197.49999618530273,3.7054408820324536,,,,,,,,,,,,,,,,,,,"Carson Skipper","sa3020451",702297
"Yerry Rodríguez",,2,3,,4.86,35,4,0,0,,50,227,50,29,27,6,26,1,3,47,8.46,4.68,1.80769,1.08,0.207048,0.114537,0.09251101315021515,0.252525,1.52,0.303448,0.695266,,,4.58648,0.0572991,-0.0138824,999,,,,,,,173.2,3.464,179,3.58,,,,,,,,,,,,,,,,,,,"Yerry Rodriguez","21955",666720
"Nolan Hoffman","PHI",4,5,,4.58491,38,0,0,0,,53,233,51,29,27,6,22,0,3,46,7.81132,3.73585,2.09091,1.01887,0.197425,0.0944206,0.10300428420305252,0.245192,1.37736,0.288462,0.681115,,,4.31742,0.0572494,-0.17215,999,,,,,,,202.80000000000004,3.8264150943396236,204,3.849056603773585,,,,,,,,,,,,,,,,,,,"Nolan Hoffman","23381",676510
"Jakob Hernandez",,2,1,,4.12844,29,0,0,0,,32.7,142,30,16,15,4,14,1,1,33,9.08257,3.85321,2.35714,1.10092,0.232394,0.0985916,0.13380281627178192,0.23622,1.34557,0.288889,0.729167,,,4.11449,0.0565903,0.0458978,999,,,,,,,135.78000564575194,4.152293653755453,132.50000381469727,4.051987789702627,,,,,,,,,,,,,,,,,,,"Jakob Hernandez","sa3004823",674342
"Chris Roycroft","STL",5,4,,4.19214,53,0,0,7,,68.7,303,65,35,32,6,32,1,4,58,7.59825,4.19214,1.8125,0.786026,0.191419,0.105611,0.08580857515335083,0.243446,1.41194,0.29064,0.699774,,,4.1854,0.0563768,0.0459524,999,,,,,,,301.5799774169922,4.389810637753,301.49998474121094,4.38864626105235,,,,,,,,,,,,,,,,,,,"Chris Roycroft","31261",688297
"James Gonzalez","ATH",4,6,,4.91559,24,17,0,0,,100.7,445,105,59,55,15,39,0,5,74,6.6137,3.4856,1.89744,1.34062,0.166292,0.0876404,0.07865168154239655,0.261845,1.42999,0.288462,0.691057,,,4.94404,0.0561978,-0.00476042,999,,,,,,,303.6799774169922,3.0156900359498295,324.49998474121094,3.2224428458324335,,,,,,,,,,,,,,,,,,,"James Gonzalez","sa3011609",686857
"Hayden Harris","ATL",4,3,,4.22819,39,0,0,0,,44.7,195,40,23,21,6,21,0,2,52,10.4698,4.22819,2.47619,1.20805,0.266667,0.107692,0.15897437185049057,0.232558,1.36465,0.298246,0.722433,,,4.12845,0.0560937,0.0710834,999,,,,,,,187.98000564575193,4.205369182042726,180.50000381469727,4.038031336329393,,,,,,,,,,,,,,,,,,,"Hayden Harris","31913",802686
"Josh Rogers",,4,8,,5.31818,23,14,0,0,,88,391,105,56,52,15,25,0,4,45,4.60227,2.55682,1.8,1.53409,0.11509,0.0639386,0.05115089565515518,0.290055,1.47727,0.298013,0.678899,,,5.3483,0.0552541,0.454233,999,,,,,,,196.70000000000005,2.2352272727272733,248,2.8181818181818183,,,,,,,,,,,,,,,,,,,"Josh Rogers","18510",642028
"Fraser Ellard","CHW",3,5,,4.44241,54,0,4,11,,54.7,243,49,29,27,6,29,2,5,56,9.21389,4.77148,1.93103,0.987203,0.230453,0.119342,0.1111111044883728,0.23445,1.42596,0.292517,0.704023,,,4.40962,0.0551889,-0.0669154,750.6699829101562,,,,,,,277.58000564575195,5.0745886978820485,269.50000381469727,4.9268738584239635,,,,,,,,,,,,,,,,,,,"Fraser Ellard","29530",686642
"Tyler Owens","DET",3,4,,4.5591,35,4,0,0,,53.3,234,54,29,27,7,19,0,3,42,7.09193,3.20826,2.21053,1.18199,0.179487,0.0811966,0.09829059988260269,0.254717,1.36961,0.288344,0.696203,,,4.53609,0.0538504,0.0184704,999,,,,,,,185.91999435424802,3.4881800565763266,193.49999618530273,3.6303939766430307,,,,,,,,,,,,,,,,,,,"Tyler Owens","26030",687074
"Jack Neely","CHC",2,2,,4,41,0,0,1,,54,231,48,26,24,8,21,0,2,60,10,3.5,2.85714,1.33333,0.25974,0.0909091,0.16883116960525513,0.230769,1.27778,0.285714,0.743945,,,4.14796,0.0522275,0.163038,999,,,,,,,231.40000000000003,4.285185185185186,221,4.092592592592593,,,,,,,,,,,,,,,,,,,"Jack Neely","30106",680891
"Ryan Zeferjahn","LAA",2,3,,4.68582,36,3,1,12,,55.7,247,51,31,29,7,28,1,6,55,8.88689,4.52424,1.96429,1.13106,0.222672,0.11336,0.10931173712015152,0.239437,1.41831,0.291391,0.693642,,,4.65661,0.0520408,-0.0056757,744.52001953125,,,,,,,254.48000564575196,4.5687612596061715,248.50000381469727,4.461400366443787,,,,,,,,,,,,,,,,,,,"Ryan Zeferjahn","25420",666171
"Bradgley Rodriguez","SDP",2,1,,4.1681,47,0,0,0,,58.3,257,52,29,27,6,27,0,5,56,8.64494,4.1681,2.07407,0.926244,0.217899,0.105058,0.11284046620130539,0.231111,1.35506,0.282209,0.708215,,,4.22994,0.0504215,0.0407265,999,,,,,,,238.41999435424805,4.089536834893946,229.49999618530273,3.9365351490332885,,,,,,,,,,,,,,,,,,,"Bradgley Rodriguez","29107",699134
"Juan Daniel Encarnacion",,4,7,,5.26829,21,18,0,0,,82,367,89,52,48,13,31,0,7,58,6.36585,3.40244,1.87097,1.42683,0.158038,0.0844687,0.07356949150562286,0.270517,1.46341,0.294574,0.667976,,,5.20306,0.0503118,0.103503,999,,,,,,,217.50000000000009,2.652439024390245,243,2.9634146341463414,,,,,,,,,,,,,,,,,,,"Juan Daniel Encarnacion","sa3008697",683402
"Griff McGarry","PHI",2,4,,5.0625,25,9,0,0,,48,223,42,29,27,6,36,0,3,53,9.9375,6.75,1.47222,1.125,0.237668,0.161435,0.07623317837715149,0.228261,1.625,0.288,0.704023,,,5.02065,0.0493636,-0.0181844,999,,,,,,,161.20000000000005,3.3583333333333343,151,3.1458333333333335,,,,,,,,,,,,,,,,,,,"Griff McGarry","sa3017130",676046
"Nick Morreale",,3,5,,4.72952,32,7,0,0,,64.7,288,68,37,34,8,25,0,3,48,6.67697,3.47759,1.92,1.11283,0.166667,0.0868056,0.079861119389534,0.261538,1.4374,0.294118,0.684597,,,4.58843,0.0483205,-0.0147814,999,,,,,,,215.57997741699222,3.3319936257408007,231.49998474121094,3.578052483161678,,,,,,,,,,,,,,,,,,,"Nick Morreale","sa3011533",687159
"Jordan Geber","NYM",5,6,,5.00678,22,11,0,0,,73.7,326,80,44,41,11,24,0,4,46,5.61737,2.9308,1.91667,1.34328,0.141104,0.0736196,0.06748466193675995,0.268456,1.41113,0.286307,0.677201,,,4.99823,0.0469968,-0.0843902,999,,,,,,,210.07997741699222,2.850474709850077,233.49998474121094,3.168249584938146,,,,,,,,,,,,,,,,,,,"Jordan Geber","sa3019958",802363
"Luis Contreras","HOU",2,3,,4.06571,43,0,0,7,,48.7,211,43,24,22,6,21,1,4,51,9.42505,3.8809,2.42857,1.10883,0.241706,0.0995261,0.14218009263277054,0.231183,1.31417,0.286822,0.719424,,,4.21371,0.0457071,0.0774338,999,,,,,,,229.78000564575194,4.718275196016297,220.50000381469727,4.52772074661849,,,,,,,,,,,,,,,,,,,"Luis Contreras","25839",664351
"Lou Trivino","PHI",3,4,,4.22976,41,0,0,13,,38.3,171,38,19,18,4,16,1,2,36,8.45953,3.75979,2.25,0.939948,0.210526,0.0935673,0.11695906519889832,0.248366,1.40992,0.300885,0.72314,,,4.05421,0.0454154,0.0686819,999,,,,,,,205.41999435424805,5.363446434627492,209.49999618530273,5.469973899701348,,,,,,,,,,,,,,,,,,,"Lou Trivino","15043",642152
"Brad Lord","WSN",3,6,,5.3,24,15,0,0,,90,403,103,57,53,13,24,0,10,47,4.7,2.4,1.95833,1.3,0.116625,0.0595534,0.05707195773720741,0.279133,1.41111,0.291262,0.643382,,,5.13315,0.0447597,-0.18603,999,,,,,,,230.3,2.558888888888889,273,3.033333333333333,,,,,,,,,,,,,,,,,,,"Brad Lord","31972",695418
"Cameron Cotter",,6,6,,4.21053,39,0,0,0,,51.3,224,55,26,24,6,14,0,1,38,6.66667,2.45614,2.71429,1.05263,0.169643,0.0625,0.1071428507566452,0.263158,1.34503,0.29697,0.709571,,,4.08266,0.0435495,0.0342225,999,,,,,,,193.81999435424808,3.778167587461232,209.49999618530273,4.083820649142507,,,,,,,,,,,,,,,,,,,"Cameron Cotter","sa3021726",694650
"Daniel Robert","PHI",3,3,,4.64373,33,0,0,1,,40.7,179,37,23,21,5,19,0,3,42,9.28747,4.20147,2.21053,1.10565,0.234637,0.106145,0.1284916251897812,0.235669,1.37592,0.290909,0.673469,,,4.32127,0.0421785,-0.207298,999,,,,,,,165.480005645752,4.065847728347822,160.50000381469727,3.943488963293709,,,,,,,,,,,,,,,,,,,"Daniel Robert","21229",642016
"Lucas Gilbreath","COL",1,2,,4.65517,28,2,0,1,,29,133,28,16,15,3,16,0,3,26,8.06897,4.96552,1.625,0.931035,0.195489,0.120301,0.07518796622753143,0.245614,1.51724,0.294118,0.703518,,,4.68372,0.0420672,0.192793,999,,,,,,,103.90000000000002,3.582758620689656,105,3.6206896551724137,,,,,,,,,,,,,,,,,,,"Lucas Gilbreath","21290",656458
"Emilio Pagán","CIN",3,4,,4.62012,48,1,5,11,,48.7,199,45,27,25,9,16,1,1,48,8.87064,2.95688,3,1.66324,0.241206,0.080402,0.16080402582883835,0.247253,1.25257,0.288,0.702479,,,4.64492,0.0413435,0.0667439,702.97998046875,,,,,,,246.68000564575198,5.065297777848798,240.50000381469727,4.938398358254585,,,,,,,,,,,,,,,,,,,"Emilio Pagan","14771",641941
"Grant Wolfram","BAL",3,3,,4.44241,38,2,0,0,,54.7,242,50,29,27,7,28,1,2,54,8.88483,4.60695,1.92857,1.15174,0.22314,0.115702,0.10743801295757294,0.235849,1.42596,0.284768,0.718475,,,4.50103,0.0393962,0.0945822,999,,,,,,,206.68000564575198,3.7784278384468064,200.50000381469727,3.665447916237339,,,,,,,,,,,,,,,,,,,"Grant Wolfram","21623",664991
"Nick Bennett",,4,6,,4.76471,22,11,0,0,,68,303,69,39,36,10,27,0,7,51,6.75,3.57353,1.88889,1.32353,0.168317,0.0891089,0.07920791208744049,0.256506,1.41176,0.283654,0.695122,,,5.07824,0.0387216,0.241846,999,,,,,,,200.80000000000004,2.952941176470589,210,3.088235294117647,,,,,,,,,,,,,,,,,,,"Nick Bennett","sa3011410",668711
"Burch Smith",,2,2,,4.53089,40,0,0,0,,43.7,195,47,24,22,5,15,0,2,34,7.00229,3.08924,2.26667,1.02975,0.174359,0.0769231,0.09743589907884598,0.264045,1.41876,0.302158,0.690909,,,4.26488,0.0382957,-0.0500896,999,,,,,,,156.68000564575198,3.5853547576737617,170.50000381469727,3.901601849840075,,,,,,,,,,,,,,,,,,,"Burch Smith","12784",572143
"Edgardo Henriquez","LAD",2,1,,4.68,41,5,0,1,,50,222,43,28,26,7,27,0,5,55,9.9,4.86,2.03704,1.26,0.247748,0.121622,0.12612612545490265,0.226316,1.4,0.28125,0.697674,,,4.70648,0.0374475,-0.0307999,999,,,,,,,190.09999999999997,3.801999999999999,177,3.54,,,,,,,,,,,,,,,,,,,"Edgardo Henriquez","26944",683618
"Zac Kristofak",,1,2,,5.06702,20,5,0,0,,37.3,168,41,23,21,5,15,1,2,25,6.03217,3.6193,1.66667,1.20643,0.14881,0.0892857,0.059523805975914,0.271523,1.50134,0.297521,0.673469,,,4.93592,0.0373511,-0.11014,999,,,,,,,106.91999435424808,2.866487842927741,120.49999618530273,3.230562966488651,,,,,,,,,,,,,,,,,,,"Zac Kristofak","27585",670219
"Carson Fulmer","LAA",2,3,,4.60581,34,7,0,0,,72.3,320,72,40,37,9,35,3,4,58,7.21992,4.35685,1.65714,1.12033,0.18125,0.109375,0.07187500596046448,0.256228,1.47994,0.294393,0.709746,,,4.79857,0.0370715,0.297052,999,,,,,,,236.12002258300788,3.265836965649577,243.50001525878906,3.36791154883456,,,,,,,,,,,,,,,,,,,"Carson Fulmer","18311",608334
"Angel Perdomo",,2,2,,4.46064,33,0,0,1,,34.3,148,27,18,17,5,18,2,4,45,11.8076,4.72303,2.5,1.31195,0.304054,0.121622,0.18243242800235748,0.214286,1.31195,0.289474,0.710526,,,4.36181,0.0369481,-0.000568657,999,,,,,,,150.11999435424804,4.37667631759146,134.49999618530273,3.921282774839769,,,,,,,,,,,,,,,,,,,"Angel Perdomo","17759",622780
"Angel Macuare",,2,3,,4.92188,29,7,0,0,,64,285,68,38,35,9,25,0,4,49,6.89062,3.51562,1.96,1.26562,0.17193,0.0877193,0.08421052247285843,0.265625,1.45312,0.29798,0.68408,,,4.82273,0.0369276,-0.139599,999,,,,,,,197.10000000000002,3.0796875000000004,214,3.34375,,,,,,,,,,,,,,,,,,,"Angel Macuare","sa3003039",672836
"Sam Long","KCR",3,3,,4.42623,49,2,0,10,,61,261,58,32,30,8,24,2,2,52,7.67213,3.54098,2.16667,1.18033,0.199234,0.091954,0.1072796881198883,0.246809,1.34426,0.285714,0.706215,,,4.44517,0.0358914,0.189359,999,,,,,,,268.2000000000001,4.396721311475411,267,4.377049180327869,,,,,,,,,,,,,,,,,,,"Sam Long","25379",669674
"Brendon Little","TOR",3,3,,3.9661,54,0,0,10,,59,259,55,28,26,6,27,1,3,51,7.77966,4.11864,1.88889,0.915254,0.196911,0.104247,0.09266410022974014,0.240175,1.38983,0.284884,0.733696,,,4.28512,0.0354151,0.213068,999,,,,,,,271.8,4.606779661016949,269,4.559322033898305,,,,,,,,,,,,,,,,,,,"Brendon Little","21574",663893
"Adam Cimber",,2,3,,4.637,42,0,0,0,,42.7,186,43,24,22,4,13,1,7,30,6.32318,2.74005,2.30769,0.843091,0.16129,0.0698925,0.09139784425497055,0.259036,1.31148,0.295455,0.634921,,,4.38428,0.0352975,-0.162174,999,,,,,,,154.980005645752,3.6295082640903265,161.50000381469727,3.7822014269111612,,,,,,,,,,,,,,,,,,,"Adam Cimber","15288",643256
"Eric Orze","TBR",4,3,,3.96825,40,0,0,1,,56.7,244,49,27,25,7,26,0,3,61,9.68254,4.12698,2.34615,1.11111,0.25,0.106557,0.14344262331724167,0.227907,1.32275,0.285714,0.736196,,,4.15413,0.0347681,0.11707,999,,,,,,,245.08000564575192,4.322398630476605,231.50000381469727,4.082892428566094,,,,,,,,,,,,,,,,,,,"Eric Orze","27626",679358
"Ethan Roberts","CHC",1,2,,4.14044,34,0,0,1,,41.3,180,38,21,19,5,16,2,4,42,9.15254,3.48668,2.625,1.08959,0.233333,0.0888889,0.14444444328546524,0.2375,1.30751,0.292035,0.702128,,,4.15922,0.0344958,0.00694816,999,,,,,,,173.31999435424802,4.196610110314951,169.49999618530273,4.104116206210531,,,,,,,,,,,,,,,,,,,"Ethan Roberts","24930",681799
"Kevin Miranda",,3,5,,4.7619,18,9,0,0,,56.7,247,63,32,30,9,15,0,2,31,4.92063,2.38095,2.06667,1.42857,0.125506,0.0607287,0.06477732956409454,0.273913,1.37566,0.284211,0.703364,,,5.03597,0.0342122,0.150612,999,,,,,,,156.08000564575195,2.7527337485993435,177.50000381469727,3.1305114890001153,,,,,,,,,,,,,,,,,,,"Kevin Miranda","sa3020757",806656
"Jesse Hahn","SEA",2,3,,4.4226,39,1,0,0,,40.7,181,40,22,20,4,16,0,4,35,7.73956,3.53808,2.1875,0.884521,0.19337,0.0883978,0.10497236996889114,0.248447,1.37592,0.295082,0.674603,,,4.19842,0.034129,-0.20712,999,,,,,,,157.980005645752,3.881572547526957,161.50000381469727,3.9680589874031575,,,,,,,,,,,,,,,,,,,"Jesse Hahn","13287",534910
"Joe La Sorsa","NYM",2,2,,4.84615,49,1,0,0,,65,282,70,38,35,10,17,1,5,49,6.78462,2.35385,2.88235,1.38462,0.173759,0.0602837,0.11347517743706703,0.269231,1.33846,0.298507,0.671233,,,4.67417,0.0337874,-0.100291,999,,,,,,,208,3.2,227,3.4923076923076923,,,,,,,,,,,,,,,,,,,"Joe La Sorsa","25481",686747
"Joe Barlow","TEX",2,1,,4.35115,34,0,0,0,,39.3,164,36,21,19,5,14,0,1,32,7.32824,3.20611,2.28571,1.14504,0.195122,0.0853659,0.10975608974695206,0.241611,1.27226,0.276786,0.674419,,,4.33696,0.0337788,-0.0760179,749.239990234375,,,,,,,154.7199943542481,3.936895607070256,150.49999618530273,3.829516516717353,,,,,,,,,,,,,,,,,,,"Joe Barlow","22296",669618
"Tim Cate",,4,6,,4.88038,39,7,0,0,,62.7,282,65,37,34,8,29,1,2,48,6.88995,4.16268,1.65517,1.14833,0.170213,0.102837,0.06737588346004486,0.258964,1.4992,0.292308,0.688406,,,4.77733,0.0335817,-0.108664,999,,,,,,,199.58000564575207,3.1830941501952785,212.50000381469727,3.389154724545094,,,,,,,,,,,,,,,,,,,"Tim Cate","sa3007926",669420
"George Soriano","MIA",2,4,,4.5468,40,4,0,6,,67.3,296,64,37,34,9,29,0,7,64,8.55869,3.87816,2.2069,1.20357,0.216216,0.097973,0.1182432472705841,0.246154,1.38187,0.294118,0.696517,,,4.60779,0.0335368,0.161078,999,,,,,,,264.92002258300784,3.9364043175342527,263.50001525878906,3.915304655426857,,,,,,,,,,,,,,,,,,,"George Soriano","21863",666277
"Matt Frisbee",,4,6,,4.875,19,13,0,0,,72,318,79,42,39,11,23,0,4,49,6.125,2.875,2.13043,1.375,0.154088,0.072327,0.08176100254058838,0.271478,1.41667,0.294372,0.692841,,,4.91648,0.0334938,0.147537,999,,,,,,,209.10000000000005,2.9041666666666672,234,3.25,,,,,,,,,,,,,,,,,,,"Matt Frisbee","sa3006801",663735
"Luke Murphy","LAA",1,2,,4.47316,42,0,0,0,,50.3,221,49,27,25,6,21,0,3,44,7.87276,3.75746,2.09524,1.07356,0.199095,0.0950226,0.10407239943742752,0.248731,1.39165,0.292517,0.698052,,,4.39908,0.0333234,-0.0620702,999,,,,,,,187.01999435424804,3.718091395445858,189.49999618530273,3.7673956075466695,,,,,,,,,,,,,,,,,,,"Luke Murphy","sa3017653",684665
"Luke Albright","ARI",4,4,,4.78088,20,15,0,0,,75.3,345,76,43,40,9,42,0,5,61,7.29084,5.01992,1.45238,1.0757,0.176812,0.121739,0.05507246404886246,0.255034,1.56707,0.29386,0.711575,,,4.97259,0.033298,0.420978,999,,,,,,,229.9200225830078,3.0533866303427795,240.50001525878906,3.1938911754556005,,,,,,,,,,,,,,,,,,,"Luke Albright","sa3017592",681475
"Alex Young","CIN",2,2,,4.85961,48,0,0,0,,46.3,207,49,27,25,7,18,1,2,43,8.35853,3.49892,2.38889,1.36069,0.207729,0.0869565,0.12077295035123825,0.262032,1.44708,0.306569,0.699301,,,4.57037,0.0318727,-0.108958,999,,,,,,,155.11999435424806,3.350323907350807,166.49999618530273,3.596112287881613,,,,,,,,,,,,,,,,,,,"Alex Young","18333",622065
"Austin Schulfer","PHI",3,3,,4.73684,33,4,0,0,,57,255,58,32,30,7,25,0,5,45,7.10526,3.94737,1.8,1.10526,0.176471,0.0980392,0.0784313753247261,0.257778,1.45614,0.294798,0.696721,,,4.76297,0.0313555,0.0340176,999,,,,,,,184.90000000000003,3.2438596491228076,194,3.4035087719298245,,,,,,,,,,,,,,,,,,,"Austin Schulfer","sa3007585",662165
"Christian McGowan","PHI",2,2,,5.31729,16,12,0,0,,45.7,207,46,29,27,7,21,0,5,37,7.28665,4.13567,1.7619,1.37856,0.178744,0.101449,0.07729468494653702,0.254144,1.46608,0.284672,0.664336,,,5.24525,0.0312833,-0.0577767,999,,,,,,,128.480005645752,2.8113786324035077,133.50000381469727,2.9212254176363053,,,,,,,,,,,,,,,,,,,"Christian McGowan","sa3017896",694909
"Michael Fulmer","SEA",2,2,,4.3073,44,0,0,1,,39.7,173,38,21,19,5,18,0,2,40,9.06801,4.0806,2.22222,1.1335,0.231214,0.104046,0.12716762721538544,0.248366,1.41058,0.305556,0.714286,,,4.29998,0.0308398,0.0618778,999,,,,,,,157.48000564575193,3.9667506957017964,157.50000381469727,3.967254427907364,,,,,,,,,,,,,,,,,,,"Michael Fulmer","13218",605242
"Jimmy Lambert",,2,3,,4.98845,30,6,0,0,,43.3,192,44,26,24,7,20,1,2,40,8.31409,4.15704,2,1.45497,0.208333,0.104167,0.1041666641831398,0.258824,1.47806,0.300813,0.701107,,,4.94477,0.0301372,-0.121852,999,,,,,,,133.91999435424805,3.092840570759772,139.49999618530273,3.2217089755951873,,,,,,,,,,,,,,,,,,,"Jimmy Lambert","19541",669424
"Zach McCambley","MIA",3,5,,5.04521,20,9,0,0,,55.3,254,56,34,31,7,29,0,6,47,7.64919,4.71971,1.62069,1.13924,0.185039,0.114173,0.07086614519357681,0.255708,1.53707,0.29697,0.678191,,,5.01096,0.0293123,0.0293173,999,,,,,,,166.5199943542481,3.0112115126875256,174.49999618530273,3.155515345258045,,,,,,,,,,,,,,,,,,,"Zach McCambley","sa3014478",685112
"Tom Cosgrove","CHC",2,3,,4.47084,49,1,0,1,,46.3,200,41,25,23,5,20,1,5,43,8.35853,3.88769,2.15,0.971922,0.215,0.1,0.11500000208616257,0.234286,1.31749,0.283465,0.666667,,,4.33279,0.0288926,-0.133655,999,,,,,,,189.51999435424804,4.093304481148845,181.49999618530273,3.920086375293548,,,,,,,,,,,,,,,,,,,"Tom Cosgrove","23443",676680
"Yon Castro",,2,3,,5.14874,15,10,0,0,,43.7,195,45,27,25,7,18,0,3,33,6.79634,3.70709,1.83333,1.44165,0.169231,0.0923077,0.07692307978868484,0.258621,1.44165,0.283582,0.676692,,,5.18021,0.0284654,-0.0592101,999,,,,,,,123.28000564575197,2.8210527115208137,130.50000381469727,2.986270058040138,,,,,,,,,,,,,,,,,,,"Yon Castro","sa3005848",679005
"Jimmy Herget","COL",3,3,,4.66523,40,0,0,4,,46.3,203,49,26,24,7,14,2,3,40,7.77538,2.72138,2.85714,1.36069,0.197044,0.0689655,0.12807881087064743,0.263441,1.36069,0.302158,0.695489,,,4.50557,0.0284265,0.13781,750.4099731445312,,,,,,,174.11999435424806,3.7606910847392583,185.49999618530273,4.006479465270065,,,,,,,,,,,,,,,,,,,"Jimmy Herget","17556",623474
"Seth Halvorsen","COL",4,5,,4.67308,50,0,10,8,,52,228,51,29,27,7,22,1,3,48,8.30769,3.80769,2.18182,1.21154,0.210526,0.0964912,0.11403509229421616,0.251232,1.40385,0.297297,0.696203,,,4.51263,0.0278894,0.17303,376.1700134277344,,,,,,,269.1,5.175000000000001,272,5.230769230769231,,,,,,,,,,,,,,,,,,,"Seth Halvorsen","33294",678020
"Juan Mercedes","SFG",5,7,,5.0087,23,22,0,0,,115,502,127,69,64,19,31,0,7,74,5.7913,2.42609,2.3871,1.48696,0.14741,0.061753,0.08565737307071686,0.273707,1.37391,0.291105,0.677321,,,5.01865,0.027462,0.146273,999,,,,,,,321.09999999999997,2.792173913043478,362,3.1478260869565218,,,,,,,,,,,,,,,,,,,"Juan Mercedes","sa3002818",675195
"Cole Sulser","TBR",2,3,,4.4,37,2,0,1,,45,195,42,24,22,6,21,1,0,44,8.8,4.2,2.09524,1.2,0.225641,0.107692,0.11794871836900711,0.241379,1.4,0.290323,0.714286,,,4.34426,0.027256,-0.0834125,999,,,,,,,179,3.977777777777778,176,3.911111111111111,,,,,,,,,,,,,,,,,,,"Cole Sulser","15256",642121
"Josh Simpson","MIA",2,2,,4.35835,30,0,0,0,,41.3,182,36,22,20,5,21,0,4,47,10.2421,4.57627,2.2381,1.08959,0.258242,0.115385,0.1428571566939354,0.229299,1.38015,0.295238,0.7,,,4.28028,0.0264927,0.0215968,999,,,,,,,169.51999435424804,4.104600423385222,160.49999618530273,3.886198526640119,,,,,,,,,,,,,,,,,,,"Josh Simpson","25957",681006
"Domingo Gonzalez","SEA",4,5,,4.5,36,5,0,0,,62,275,57,34,31,8,28,0,8,62,9,4.06452,2.21429,1.16129,0.225455,0.101818,0.12363635748624802,0.238494,1.37097,0.289941,0.691057,,,4.58583,0.0261981,0.163313,999,,,,,,,228.2,3.6806451612903226,222,3.5806451612903225,,,,,,,,,,,,,,,,,,,"Domingo Gonzalez","sa3007495",682445
"Mason Erla","LAA",2,4,,4.97238,26,7,0,0,,54.3,242,60,32,30,8,20,0,2,35,5.80111,3.31492,1.75,1.32597,0.144628,0.0826446,0.061983466148376465,0.272727,1.4733,0.293785,0.697674,,,5.0081,0.024948,0.00000543562,999,,,,,,,151.41999435424805,2.7885818873253627,171.49999618530273,3.1583793479733875,,,,,,,,,,,,,,,,,,,"Mason Erla","sa3017685",680451
"Evan Sisk","PIT",3,4,,4.44023,52,1,0,0,,52.7,235,48,28,26,5,28,0,5,50,8.5389,4.78178,1.78571,0.85389,0.212766,0.119149,0.0936170220375061,0.237624,1.44213,0.292517,0.695652,,,4.3809,0.0240146,0.083008,999,,,,,,,204.68000564575198,3.883871018645039,199.50000381469727,3.7855787652092956,,,,,,,,,,,,,,,,,,,"Evan Sisk","24995",681895
"Cam Booser","CHW",3,4,,4.5666,44,0,0,9,,47.3,207,46,26,24,7,21,1,1,48,9.13319,3.99577,2.28571,1.33192,0.231884,0.101449,0.1304347887635231,0.248649,1.41649,0.3,0.716783,,,4.45612,0.0234353,-0.152532,999,,,,,,,210.31999435424805,4.446511580267805,211.49999618530273,4.471458765259092,,,,,,,,,,,,,,,,,,,"Cam Booser","16061",592155
"Justin Wilson","BOS",2,3,,4.59459,44,0,0,10,,33.3,151,36,18,17,5,12,1,1,33,8.91892,3.24324,2.75,1.35135,0.218543,0.0794702,0.13907285034656525,0.26087,1.44144,0.31,0.731707,,,4.30762,0.0229539,0.0140685,999,,,,,,,158.31999435424805,4.754354293739715,168.49999618530273,5.0600600614361015,,,,,,,,,,,,,,,,,,,"Justin Wilson","4301",458677
"Matt Russell",,2,3,,5.14874,21,5,0,0,,43.7,201,46,27,25,5,21,0,4,31,6.38444,4.32494,1.47619,1.02975,0.154229,0.104478,0.04975123703479767,0.261364,1.53318,0.292857,0.666667,,,4.95138,0.0225106,-0.131045,999,,,,,,,129.28000564575197,2.958352480290804,140.50000381469727,3.215103005990122,,,,,,,,,,,,,,,,,,,"Matt Russell","sa3017256",677066
"Trevor Martin","TBR",5,7,,4.94874,25,23,0,0,,107.3,471,112,64,59,19,36,0,7,86,7.21342,3.01957,2.38889,1.59366,0.18259,0.0764331,0.10615710914134979,0.261682,1.37931,0.287926,0.691927,,,5.06769,0.022261,-0.0586795,999,,,,,,,312.1200225830078,2.9088538090017755,332.50001525878906,3.0987884976890685,,,,,,,,,,,,,,,,,,,"Trevor Martin","sa3020608",694680
"Elvin Rodríguez","ARI",3,4,,5.13866,14,12,0,1,,61.3,272,63,38,35,11,25,0,3,50,7.34095,3.67047,2,1.61501,0.183824,0.0919118,0.09191176295280457,0.258197,1.43556,0.284153,0.688705,,,5.23826,0.0211048,0.0299744,999,,,,,,,174.51999435424807,2.846981998798091,183.49999618530273,2.9934746895455575,,,,,,,,,,,,,,,,,,,"Elvin Rodriguez","20962",660730
"Luke Jackson","SEA",3,3,,4.25051,48,0,4,13,,48.7,208,43,25,23,7,22,1,2,52,9.60986,4.06571,2.36364,1.29363,0.25,0.105769,0.14423076808452606,0.233696,1.3347,0.288,0.724638,,,4.37798,0.0193581,0.0114282,684.6699829101562,,,,,,,266.480005645752,5.471868613368533,256.50000381469727,5.266940447563462,,,,,,,,,,,,,,,,,,,"Luke Jackson","11752",592426
"Wilking Rodríguez","NYY",0,1,,4.40559,14,0,0,1,,14.3,62,13,8,7,2,7,1,0,15,9.44056,4.40559,2.14286,1.25874,0.241935,0.112903,0.12903225421905518,0.236364,1.3986,0.289474,0.697674,,,4.35529,0.0191093,-0.0644509,999,,,,,,,60.42000141143801,4.225174867520969,58.500000953674316,4.0909091030346385,,,,,,,,,,,,,,,,,,,"Wilking Rodriguez","8801",516853
"JT Chargois",,2,2,,4.23983,48,2,0,1,,46.7,194,41,24,22,6,19,2,3,40,7.70878,3.66167,2.10526,1.15632,0.206186,0.0979381,0.10824742168188095,0.238372,1.2848,0.277778,0.697674,,,4.53693,0.0185596,0.091579,999,,,,,,,183.18000564575195,3.922483996855121,173.50000381469727,3.715203447113961,,,,,,,,,,,,,,,,,,,"JT Chargois","13767",608638
"Matt Festa","CLE",3,4,,4.76471,44,0,0,0,,51,219,47,29,27,7,20,1,3,49,8.64706,3.52941,2.45,1.23529,0.223744,0.0913242,0.13242008537054062,0.239796,1.31373,0.285714,0.664336,,,4.38217,0.0179166,-0.278314,999,,,,,,,198.10000000000008,3.884313725490198,193,3.784313725490196,,,,,,,,,,,,,,,,,,,"Matt Festa","19330",670036
"Jake Walkinshaw","ATH",2,2,,5,14,12,0,0,,45,201,50,27,25,7,16,0,1,30,6,3.2,1.875,1.4,0.149254,0.079602,0.06965173780918121,0.271739,1.46667,0.292517,0.69395,,,4.9887,0.0176007,-0.0516042,999,,,,,,,125.9,2.7977777777777777,143,3.1777777777777776,,,,,,,,,,,,,,,,,,,"Jake Walkinshaw","sa3010317",688445
"Trey McLoughlin","NYM",2,1,,4.31655,34,0,0,0,,41.7,179,39,22,20,6,16,0,0,40,8.63309,3.45324,2.5,1.29496,0.223464,0.0893855,0.13407821208238602,0.239264,1.31894,0.282051,0.708154,,,4.2696,0.017444,-0.100586,999,,,,,,,165.38000564575194,3.965947305035354,162.50000381469727,3.8968825141873347,,,,,,,,,,,,,,,,,,,"Trey McLoughlin","sa3017277",694381
"Chris Stratton","LAD",3,3,,4.52424,51,0,0,7,,55.7,243,55,30,28,6,24,1,2,46,7.43267,3.87792,1.91667,0.969479,0.1893,0.0987654,0.0905349850654602,0.253456,1.41831,0.29697,0.694051,,,4.31549,0.0172319,-0.00226221,999,,,,,,,237.38000564575196,4.26175946847913,242.50000381469727,4.3536804397325435,,,,,,,,,,,,,,,,,,,"Chris Stratton","13761",608717
"Vladimir Gutierrez",,3,5,,5.25122,15,12,0,0,,61.7,274,63,39,36,9,30,0,4,46,6.70989,4.37601,1.53333,1.3128,0.167883,0.109489,0.058394163846969604,0.2625,1.50729,0.291892,0.671642,,,5.22483,0.0156755,0.0812266,999,,,,,,,172.08000564575195,2.788978987324633,181.50000381469727,2.941653185905899,,,,,,,,,,,,,,,,,,,"Vladimir Gutierrez","19278",661269
"Grant Holman","ATH",3,3,,4.27788,49,2,0,1,,54.7,236,52,28,26,7,20,1,3,49,8.06216,3.29068,2.45,1.15174,0.207627,0.0847458,0.12288135290145874,0.244131,1.31627,0.286624,0.707395,,,4.29993,0.0153992,0.00101882,745.9000244140625,,,,,,,216.480005645752,3.9575868853080953,215.50000381469727,3.9396709471474747,,,,,,,,,,,,,,,,,,,"Grant Holman","30002",680880
"John O'Reilly",,2,2,,4.89706,30,7,0,0,,68,303,76,40,37,9,23,0,6,40,5.29412,3.04412,1.73913,1.19118,0.132013,0.0759076,0.056105613708496094,0.277372,1.45588,0.297778,0.68287,,,4.99001,0.014965,-0.0223377,999,,,,,,,187.90000000000006,2.763235294117648,216,3.176470588235294,,,,,,,,,,,,,,,,,,,"John O'Reilly","sa3008134",682615
"Tyler Kinley","ATL",2,3,,4.70825,52,0,17,7,,49.7,215,47,28,26,8,22,1,2,54,9.77867,3.9839,2.45455,1.44869,0.251163,0.102326,0.14883721619844437,0.246073,1.38833,0.302326,0.709343,,,4.53469,0.0146744,0.139689,477.2099914550781,,,,,,,296.18000564575203,5.959356158936099,293.50000381469727,5.905432581674241,,,,,,,,,,,,,,,,,,,"Tyler Kinley","18297",641755
"Anderson Pilar","ATL",2,3,,4.78178,30,3,0,0,,52.7,236,54,30,28,7,20,0,6,46,7.85579,3.41556,2.3,1.19545,0.194915,0.0847458,0.11016948521137238,0.257143,1.40417,0.299363,0.685358,,,4.62758,0.0146096,0.0244454,999,,,,,,,177.48000564575202,3.3677419938589903,186.50000381469727,3.5388994518924335,,,,,,,,,,,,,,,,,,,"Anderson Pilar","sa917899",666768
"Tommy Nance","TOR",2,3,,4.42953,36,1,0,1,,44.7,196,44,24,22,6,17,1,3,41,8.25503,3.42282,2.41176,1.20805,0.209184,0.0867347,0.12244898080825806,0.25,1.36465,0.294574,0.703422,,,4.41928,0.0143643,-0.0748171,999,,,,,,,168.58000564575192,3.7713647151773824,171.50000381469727,3.836689057886707,,,,,,,,,,,,,,,,,,,"Tommy Nance","19178",667297
"Zach Davies",,3,4,,5.44484,18,18,0,0,,84.3,379,91,55,51,13,39,0,2,58,6.19217,4.1637,1.48718,1.3879,0.153034,0.102902,0.05013192445039749,0.269231,1.54211,0.292135,0.670841,,,5.25426,0.0142792,-0.0607791,999,,,,,,,220.32002258300784,2.6135233049486084,245.50001525878906,2.9122183436702724,,,,,,,,,,,,,,,,,,,"Zach Davies","13183",605200
"Misael Tamarez","SDP",4,6,,4.67089,27,13,0,0,,79,353,78,44,41,12,40,0,2,68,7.74684,4.55696,1.7,1.36709,0.192635,0.113314,0.07932011783123016,0.250804,1.49367,0.285714,0.731225,,,5.01458,0.0138341,0.251359,999,,,,,,,244.2,3.091139240506329,249,3.151898734177215,,,,,,,,,,,,,,,,,,,"Misael Tamarez","sa3009632",685377
"Tejay Antone","CIN",1,2,,5.22184,17,3,0,1,,29.3,128,29,18,17,5,13,0,2,27,8.29352,3.99317,2.07692,1.53584,0.210938,0.101562,0.109375,0.256637,1.43345,0.296296,0.685714,,,5.07774,0.0135094,-0.00378134,999,,,,,,,92.91999435424802,3.171330947910632,94.49999618530273,3.2252559264838814,,,,,,,,,,,,,,,,,,,"Tejay Antone","16233",622088
"Lucas Knowles","WSN",3,4,,5.07042,23,5,0,0,,49.7,221,53,30,28,7,19,0,2,35,6.33803,3.44064,1.84211,1.26761,0.158371,0.0859729,0.07239819318056107,0.265,1.44869,0.291139,0.675241,,,4.85662,0.0134507,-0.122077,999,,,,,,,150.88000564575196,3.03581495633016,164.50000381469727,3.3098591808747506,,,,,,,,,,,,,,,,,,,"Lucas Knowles","sa3011676",686731
"Joe Elbis","ARI",6,6,,4.75703,23,23,0,0,,117.3,525,127,67,62,16,46,0,8,73,5.60102,3.52941,1.58696,1.22762,0.139048,0.0876191,0.051428571343421936,0.269639,1.47485,0.290576,0.703851,,,5.07611,0.0118841,0.732399,999,,,,,,,325.0200225830079,2.7708441102051387,362.50001525878906,3.0903666310975155,,,,,,,,,,,,,,,,,,,"Joe Elbis","sa3015216",692544
"David Leal","ATH",4,5,,4.71822,26,7,0,0,,76.3,331,83,43,40,11,18,0,6,48,5.66186,2.1232,2.66667,1.29751,0.145015,0.0543807,0.09063443914055824,0.270358,1.32372,0.290323,0.67757,,,4.72611,0.010095,-0.0489776,999,,,,,,,237.52002258300786,3.1129752697635813,262.50001525878906,3.4403670348574322,,,,,,,,,,,,,,,,,,,"David Leal","sa1171029",687578
"Hayden Seig","LAA",4,5,,4.71429,40,1,0,0,,63,279,67,36,33,8,21,0,4,46,6.57143,3,2.19048,1.14286,0.164875,0.0752688,0.08960573375225067,0.26378,1.39683,0.295,0.677083,,,4.54743,0.00970392,-0.225887,999,,,,,,,210.60000000000008,3.3428571428571443,228,3.619047619047619,,,,,,,,,,,,,,,,,,,"Hayden Seig","sa3018115",688274
"Adam Plutko","CIN",3,5,,5.03888,16,12,0,0,,64.3,282,72,39,36,12,21,0,2,48,6.71851,2.93935,2.28571,1.67963,0.170213,0.0744681,0.09574467688798904,0.277992,1.44635,0.301508,0.708661,,,5.1727,0.00927742,-0.00203568,999,,,,,,,168.0200225830078,2.613063990802012,192.50001525878906,2.993779255404352,,,,,,,,,,,,,,,,,,,"Adam Plutko","15846",592644
"Colten Brewer",,1,1,,4.6789,28,0,0,1,,32.7,143,31,18,17,4,14,0,2,29,7.98165,3.85321,2.07143,1.10092,0.202797,0.0979021,0.10489510744810104,0.244094,1.37615,0.287234,0.685279,,,4.45088,0.0090037,-0.117038,999,,,,,,,126.18000564575195,3.8587156789536854,125.50000381469727,3.8379205164096724,,,,,,,,,,,,,,,,,,,"Colten Brewer","12997",605155
"Anthony Misiewicz","MIN",2,3,,4.5,44,0,0,1,,48,209,49,26,24,7,17,1,1,45,8.4375,3.1875,2.64706,1.3125,0.215311,0.0813397,0.13397129625082016,0.256545,1.375,0.302158,0.711744,,,4.31231,0.00878367,-0.14641,999,,,,,,,181.70000000000002,3.785416666666667,189,3.9375,,,,,,,,,,,,,,,,,,,"Anthony Misiewicz","18152",664948
"Zach Pop","CHC",3,3,,4.23146,59,0,0,1,,55.3,239,54,28,26,6,20,2,4,43,6.99819,3.25497,2.15,0.976492,0.179916,0.083682,0.09623431414365768,0.251163,1.33816,0.289157,0.701219,,,4.3238,0.00870286,0.0150022,999,,,,,,,213.01999435424804,3.8520795170551807,216.49999618530273,3.9150090266223794,,,,,,,,,,,,,,,,,,,"Zach Pop","20185",647315
"Héctor Neris",,6,5,,4,57,0,0,10,,54,230,48,26,24,7,23,1,3,56,9.33333,3.83333,2.43478,1.16667,0.243478,0.1,0.14347825199365616,0.235294,1.31481,0.29078,0.735294,,,4.22204,0.00869708,0.267765,732.1400146484375,,,,,,,262.7,4.864814814814815,253,4.685185185185185,,,,,,,,,,,,,,,,,,,"Hector Neris","11804",593576
"José Ureña","LAA",4,7,,5.08235,25,10,0,1,,85,378,90,52,48,12,36,1,3,59,6.24706,3.81176,1.63889,1.27059,0.156085,0.0952381,0.06084655970335007,0.265487,1.48235,0.291045,0.677656,,,4.99001,0.00772497,-0.276742,999,,,,,,,252.39999999999998,2.969411764705882,274,3.223529411764706,,,,,,,,,,,,,,,,,,,"Jose Urena","11589",570632
"Garrett Davila","WSN",3,5,,4.9807,33,8,0,0,,77.7,345,81,46,43,11,31,1,5,58,6.71815,3.59073,1.87097,1.27413,0.168116,0.0898551,0.0782608687877655,0.262136,1.44144,0.291667,0.68323,,,4.90393,0.00766598,-0.0732282,999,,,,,,,237.07997741699225,3.0512224804193604,253.49998474121094,3.2625481943078234,,,,,,,,,,,,,,,,,,,"Garrett Davila","sa875052",663657
"T.J. Zeuch",,2,4,,5.46429,15,9,0,0,,56,256,65,37,34,8,22,0,3,31,4.98214,3.53571,1.40909,1.28571,0.121094,0.0859375,0.03515625,0.281385,1.55357,0.296875,0.659631,,,5.25577,0.00647571,-0.233318,999,,,,,,,134,2.392857142857143,163,2.9107142857142856,,,,,,,,,,,,,,,,,,,"T.J. Zeuch","19269",643615
"Corey Knebel",,2,2,,4.36364,34,1,0,0,,33,142,30,17,16,4,17,1,1,30,8.18182,4.63636,1.76471,1.09091,0.211268,0.119718,0.09154929220676422,0.241935,1.42424,0.288889,0.724638,,,4.56042,0.00597199,0.0752174,999,,,,,,,123.00000000000006,3.727272727272729,119,3.606060606060606,,,,,,,,,,,,,,,,,,,"Corey Knebel","15010",608349
"Carson Coleman","NYY",2,1,,4.5,27,0,0,0,,34,151,29,18,17,4,16,0,6,37,9.79412,4.23529,2.3125,1.05882,0.245033,0.10596,0.13907285034656525,0.224806,1.32353,0.284091,0.685279,,,4.4606,0.00572036,-0.0479711,999,,,,,,,135.00000000000003,3.9705882352941186,126,3.7058823529411766,,,,,,,,,,,,,,,,,,,"Carson Coleman","sa3014857",679693
"Patrick Murphy",,2,3,,4.54259,25,1,0,0,,31.7,142,31,17,16,4,14,0,2,28,7.94953,3.97476,2,1.13565,0.197183,0.0985916,0.09859155118465424,0.246032,1.41956,0.287234,0.71066,,,4.55449,0.00456408,-0.012896,999,,,,,,,112.78000564575197,3.5577287990984323,114.50000381469727,3.61198741510945,,,,,,,,,,,,,,,,,,,"Patrick Murphy","sa3018252",688602
"Enyel De Los Santos","HOU",2,2,,3.91935,62,0,0,7,,62,257,54,29,27,9,21,1,4,63,9.14516,3.04839,3,1.30645,0.245136,0.0817121,0.16342412680387497,0.232759,1.20968,0.28125,0.737179,,,4.231,0.00352583,0.394559,999,,,,,,,286.69999999999993,4.624193548387096,272,4.387096774193548,,,,,,,,,,,,,,,,,,,"Enyel De Los Santos","18403",660853
"Corbin Martin",,3,4,,5,25,6,0,0,,54,244,55,32,30,7,27,0,2,45,7.5,4.5,1.66667,1.16667,0.184426,0.110656,0.07377049326896667,0.255814,1.51852,0.294479,0.692521,,,4.79611,0.00257203,-0.175574,999,,,,,,,173.5,3.212962962962963,182,3.3703703703703702,,,,,,,,,,,,,,,,,,,"Corbin Martin","19884",656686
"Colin Poche",,3,4,,4.25051,55,0,0,10,,48.7,200,44,25,23,7,18,1,1,45,8.31622,3.32649,2.5,1.29363,0.225,0.09,0.13499999046325684,0.243094,1.2731,0.286822,0.708812,,,4.35744,0.00173661,0.0425118,749.3699951171875,,,,,,,232.880005645752,4.781930225819893,225.50000381469727,4.630390149527514,,,,,,,,,,,,,,,,,,,"Colin Poche","19403",621363
"Steven Cruz","KCR",3,2,,4.22139,49,1,0,1,,53.3,235,48,27,25,6,27,0,4,52,8.78049,4.5591,1.92593,1.01313,0.221277,0.114894,0.10638298094272614,0.235294,1.40713,0.287671,0.720721,,,4.42352,0.00115077,0.217804,999,,,,,,,210.81999435424802,3.9553470426254846,203.49999618530273,3.818011240116588,,,,,,,,,,,,,,,,,,,"Steven Cruz","23165",674444
"Matt Foster","ARI",1,1,,4.54006,33,1,0,0,,33.7,146,34,18,17,5,13,0,1,29,7.74481,3.47181,2.23077,1.33531,0.19863,0.0890411,0.10958904027938843,0.257576,1.39466,0.295918,0.725,,,4.62049,0.00112608,-0.0093939,999,,,,,,,115.48000564575196,3.426706321406009,119.50000381469727,3.545994098199361,,,,,,,,,,,,,,,,,,,"Matt Foster","19647",641582
"Bennett Sousa","HOU",2,2,,4.4523,28,0,0,1,,28.3,122,26,15,14,4,11,0,1,28,8.90459,3.49823,2.54545,1.27208,0.229508,0.0901639,0.13934426009655,0.236364,1.30742,0.282051,0.700637,,,4.29722,-0.000704468,-0.0656259,999,,,,,,,116.61999435424806,4.120847968134472,113.49999618530273,4.010600680040573,,,,,,,,,,,,,,,,,,,"Bennett Sousa","21345",656986
"Peter Strzelecki",,2,2,,4.23529,47,0,0,1,,51,225,49,26,24,6,22,1,4,48,8.47059,3.88235,2.18182,1.05882,0.213333,0.0977778,0.11555556207895279,0.246231,1.39216,0.296552,0.71885,,,4.34295,-0.000740141,0.142619,999,,,,,,,198.20000000000002,3.886274509803922,199,3.9019607843137254,,,,,,,,,,,,,,,,,,,"Peter Strzelecki","21367",657265
"Tyler Jay","MIL",2,3,,4.52514,35,1,0,0,,53.7,239,55,29,27,7,18,0,4,43,7.2067,3.01676,2.38889,1.17318,0.179916,0.0753138,0.10460251569747925,0.253456,1.3594,0.287425,0.696203,,,4.48864,-0.00163435,-0.00897939,999,,,,,,,188.280005645752,3.5061453067183503,197.50000381469727,3.6778398698087176,,,,,,,,,,,,,,,,,,,"Tyler Jay","17952",664079
"Kyle Nelson","ARI",3,2,,3.95349,44,1,0,1,,38.7,165,35,18,17,5,16,1,2,38,8.83721,3.72093,2.375,1.16279,0.230303,0.0969697,0.13333334028720856,0.238095,1.31783,0.288462,0.75,,,4.27759,-0.0027204,0.305178,999,,,,,,,159.88000564575196,4.131266214311266,154.50000381469727,3.9922480818825243,,,,,,,,,,,,,,,,,,,"Kyle Nelson","20515",669459
"Mauricio Llovera",,1,2,,4.4582,25,2,0,0,,32.3,139,30,17,16,4,12,1,3,28,7.80186,3.34365,2.33333,1.11455,0.201439,0.0863309,0.11510790884494781,0.241935,1.30031,0.282609,0.686813,,,4.43583,-0.00284657,-0.0534641,999,,,,,,,122.81999435424808,3.802476695210761,120.49999618530273,3.7306501248161887,,,,,,,,,,,,,,,,,,,"Mauricio Llovera","20080",661440
"Dan Altavilla",,1,2,,4.88571,36,1,0,0,,35,154,34,21,19,5,16,1,2,34,8.74286,4.11429,2.125,1.28571,0.220779,0.103896,0.11688312143087387,0.25,1.42857,0.298969,0.674419,,,4.62362,-0.00361429,-0.249053,999,,,,,,,123.1,3.517142857142857,124,3.5428571428571427,,,,,,,,,,,,,,,,,,,"Dan Altavilla","16507",656186
"Mike Mayers",,3,4,,4.74465,30,7,0,0,,60.7,267,62,35,32,9,24,0,3,47,6.9687,3.55848,1.95833,1.33443,0.17603,0.0898876,0.08614232391119003,0.258333,1.4168,0.288043,0.694823,,,4.87982,-0.00371662,-0.0579419,999,,,,,,,190.280005645752,3.13476117387346,199.50000381469727,3.286655705225337,,,,,,,,,,,,,,,,,,,"Mike Mayers","15451",594577
"Karl Kauffmann","COL",5,10,,5.69818,26,24,0,0,,115.3,534,137,79,73,17,52,0,6,62,4.83955,4.05898,1.19231,1.32697,0.116105,0.0973783,0.018726594746112823,0.287815,1.6392,0.302267,0.66586,,,5.51687,-0.00416516,0.226978,999,,,,,,,237.9200225830079,2.063486698055041,305.50001525878906,2.6496097760001884,,,,,,,,,,,,,,,,,,,"Karl Kauffmann","27488",666154
"Sam Armstrong","MIN",4,7,,5.01608,24,18,0,0,,93.3,417,97,56,52,13,34,0,11,63,6.07717,3.27974,1.85294,1.25402,0.151079,0.0815348,0.06954436004161835,0.260753,1.40407,0.283784,0.664894,,,5.0743,-0.00469543,0.0231758,999,,,,,,,269.32002258300787,2.8866025056141065,288.50001525878906,3.092175839466423,,,,,,,,,,,,,,,,,,,"Sam Armstrong","sa3023046",814098
"John Stankiewicz","MIN",3,4,,4.71971,35,2,0,0,,55.3,243,60,31,29,8,17,0,1,41,6.67269,2.76673,2.41176,1.30199,0.168724,0.0699589,0.09876543283462524,0.266667,1.39241,0.295455,0.699088,,,4.5408,-0.0048741,-0.147082,999,,,,,,,182.81999435424802,3.3059673937884444,200.49999618530273,3.625678100388347,,,,,,,,,,,,,,,,,,,"John Stankiewicz","sa3016001",694496
"Levi Stoudt",,5,7,,4.8802,27,14,0,0,,79.3,357,85,46,43,11,34,0,4,55,6.24212,3.85876,1.61765,1.24842,0.154062,0.0952381,0.05882353335618973,0.266458,1.50063,0.29249,0.704633,,,5.0202,-0.00663747,0.0327288,999,,,,,,,226.5200225830078,2.85649450019771,249.50001525878906,3.146280020896651,,,,,,,,,,,,,,,,,,,"Levi Stoudt","25650",686651
"Troy Miller",,1,1,,5.11041,10,8,0,0,,31.7,143,34,19,18,5,15,0,0,23,6.52997,4.25868,1.53333,1.41956,0.160839,0.104895,0.0559440478682518,0.265625,1.54574,0.29,0.714286,,,5.18541,-0.0072439,-0.00671087,999,,,,,,,85.68000564575195,2.7028392297681156,94.50000381469727,2.9810726037955635,,,,,,,,,,,,,,,,,,,"Troy Miller","sa3008453",663632
"Gavin Hollowell","CHC",2,2,,4.31655,37,0,0,1,,41.7,181,37,22,20,5,18,1,4,43,9.28058,3.88489,2.38889,1.07914,0.237569,0.0994475,0.13812155276536942,0.232704,1.31894,0.288288,0.6875,,,4.24562,-0.00726623,-0.0768044,999,,,,,,,174.88000564575196,4.193765046670579,167.50000381469727,4.01678658873219,,,,,,,,,,,,,,,,,,,"Gavin Hollowell","25427",668970
"Ryan Long","BAL",3,5,,4.9941,22,11,0,0,,84.7,372,91,51,47,13,30,0,4,57,6.05667,3.18772,1.9,1.38135,0.153226,0.0806452,0.07258065044879913,0.269231,1.42857,0.291045,0.680934,,,5.02008,-0.00753922,-0.152915,999,,,,,,,242.27997741699224,2.8604484787058824,266.49998474121094,3.146398988704352,,,,,,,,,,,,,,,,,,,"Ryan Long","sa3017616",702465
"Luis Guerrero","BOS",4,4,,4.55312,49,0,0,4,,59.3,262,50,32,30,6,33,1,7,63,9.56155,5.00843,1.90909,0.910624,0.240458,0.125954,0.11450381577014923,0.225225,1.39966,0.287582,0.683646,,,4.38065,-0.00809904,0.0304481,747.9099731445312,,,,,,,257.0199943542481,4.334232675565012,240.49999618530273,4.0556492289969235,,,,,,,,,,,,,,,,,,,"Luis Guerrero","31184",692285
"Travis MacGregor","MIL",3,5,,4.9004,36,5,0,0,,75.3,332,73,44,41,10,31,0,8,61,7.29084,3.70518,1.96774,1.19522,0.183735,0.0933735,0.09036144614219666,0.249147,1.38114,0.283784,0.666667,,,4.82651,-0.00854006,-0.190799,999,,,,,,,249.42002258300778,3.312350763273778,251.50001525878906,3.3399735068525738,,,,,,,,,,,,,,,,,,,"Travis MacGregor","sa917950",669740
"Matt Andriese",,3,5,,4.92453,19,6,0,0,,53,240,65,31,29,9,15,0,2,36,6.11321,2.54717,2.4,1.5283,0.15,0.0625,0.08750000596046448,0.29148,1.50943,0.314607,0.727003,,,4.9778,-0.00863109,0.125462,999,,,,,,,133.50000000000006,2.518867924528303,169,3.188679245283019,,,,,,,,,,,,,,,,,,,"Matt Andriese","12022",542882
"Jordan Leasure","CHW",2,3,,4.79419,41,0,3,14,,41.3,177,38,24,22,6,19,1,1,41,8.93462,4.14044,2.15789,1.30751,0.231638,0.107345,0.12429378181695938,0.242038,1.38015,0.290909,0.679012,,,4.52241,-0.00978116,-0.265952,741.52001953125,,,,,,,226.019994354248,5.472639189577248,221.49999618530273,5.363196132617353,,,,,,,,,,,,,,,,,,,"Jordan Leasure","29950",673929
"Luke Barker",,3,3,,4.06452,28,0,0,0,,31,132,30,15,14,4,11,1,1,28,8.12903,3.19355,2.54545,1.16129,0.212121,0.0833333,0.12878788262605667,0.25,1.32258,0.295455,0.734463,,,4.19874,-0.0101489,-0.000902714,999,,,,,,,122.19999999999999,3.9419354838709673,123,3.967741935483871,,,,,,,,,,,,,,,,,,,"Luke Barker","19609",673316
"Brad Wieck",,2,2,,4.35484,28,0,0,0,,31,134,28,16,15,4,14,0,2,33,9.58065,4.06452,2.35714,1.16129,0.246269,0.104478,0.14179104566574097,0.237288,1.35484,0.296296,0.714286,,,4.26325,-0.0117871,-0.0197903,999,,,,,,,125.39999999999999,4.04516129032258,121,3.903225806451613,,,,,,,,,,,,,,,,,,,"Brad Wieck","16390",623364
"Luis Ledo",,2,4,,5.03106,25,5,0,0,,48.3,220,50,29,27,6,26,0,2,37,6.89441,4.84472,1.42308,1.11801,0.168182,0.118182,0.05000000447034836,0.260417,1.5735,0.295302,0.695266,,,4.98843,-0.0126641,-0.0984016,999,,,,,,,143.61999435424804,2.973498894882974,153.49999618530273,3.1780538014485584,,,,,,,,,,,,,,,,,,,"Luis Ledo","sa740812",644396
"Josh Taylor",,1,1,,4.32,28,1,0,0,,25,112,26,13,12,4,9,1,1,24,8.64,3.24,2.66667,1.44,0.214286,0.0803571,0.1339285746216774,0.254902,1.4,0.297297,0.748299,,,4.52648,-0.0133661,0.084207,999,,,,,,,86.20000000000002,3.448000000000001,91,3.64,,,,,,,,,,,,,,,,,,,"Josh Taylor","17359",657031
"James Meeker",,2,3,,4.55497,34,3,0,0,,57.3,247,59,31,29,8,17,0,4,40,6.28272,2.67016,2.35294,1.25654,0.161943,0.0688259,0.09311740845441818,0.261062,1.32635,0.286517,0.694444,,,4.6848,-0.0144219,0.0982389,999,,,,,,,189.2199943542481,3.3022687063469314,199.49999618530273,3.481675372453931,,,,,,,,,,,,,,,,,,,"James Meeker","29891",703231
"Reagan Todd",,2,4,,4.6789,33,0,0,0,,32.7,147,32,18,17,4,17,1,2,31,8.53211,4.6789,1.82353,1.10092,0.210884,0.115646,0.0952380895614624,0.25,1.49847,0.301075,0.714286,,,4.60379,-0.0149663,0.13032,999,,,,,,,114.58000564575194,3.503975626068217,116.50000381469727,3.5626911650330157,,,,,,,,,,,,,,,,,,,"Reagan Todd","sa3006946",657047
"Art Warren",,2,1,,4.59459,30,0,0,0,,33.3,146,31,18,17,4,16,1,1,29,7.83784,4.32432,1.8125,1.08108,0.19863,0.109589,0.0890410989522934,0.24031,1.41141,0.28125,0.700483,,,4.51783,-0.0155643,-0.0852521,999,,,,,,,123.61999435424806,3.712312227823349,121.49999618530273,3.648648617687709,,,,,,,,,,,,,,,,,,,"Art Warren","18251",605521
"Sean Reynolds","SDP",1,2,,4.32836,45,2,0,1,,60.3,269,54,31,29,7,33,0,4,61,9.10448,4.92537,1.84848,1.04478,0.226766,0.122677,0.10408921539783478,0.232759,1.44279,0.286585,0.725389,,,4.49318,-0.0159795,0.0488745,999,,,,,,,234.71999435424797,3.892537269055029,225.49999618530273,3.7396351415989706,,,,,,,,,,,,,,,,,,,"Sean Reynolds","22253",669308
"Michael Mercado","PHI",3,5,,5.17532,33,11,0,1,,71.3,317,71,44,41,12,34,0,3,64,8.07854,4.29173,1.88235,1.51473,0.201893,0.107256,0.09463723003864288,0.253571,1.47265,0.289216,0.69161,,,5.11599,-0.016,-0.133504,999,,,,,,,216.42002258300786,3.035343805327822,221.50001525878906,3.106591946398637,,,,,,,,,,,,,,,,,,,"Michael Mercado","23223",675650
"Francisco Pérez","ATH",2,3,,4.30435,40,0,0,0,,46,203,42,24,22,5,24,1,1,46,9,4.69565,1.91667,0.978261,0.226601,0.118227,0.10837438702583313,0.235955,1.43478,0.291339,0.711864,,,4.20996,-0.0188978,-0.128415,999,,,,,,,186.70000000000005,4.058695652173914,182,3.9565217391304346,,,,,,,,,,,,,,,,,,,"Francisco Perez","21018",660906
"CJ Van Eyk","TOR",4,5,,5.07692,24,14,0,0,,78,353,84,48,44,11,32,0,6,51,5.88462,3.69231,1.59375,1.26923,0.144476,0.0906516,0.05382436513900757,0.266667,1.48718,0.288538,0.675944,,,5.15366,-0.019204,-0.156915,999,,,,,,,211.50000000000003,2.711538461538462,235,3.0128205128205128,,,,,,,,,,,,,,,,,,,"CJ Van Eyk","sa3014713",669310
"Grant Hartwig",,3,4,,4.5614,42,1,0,0,,51.3,227,47,28,26,5,24,1,6,45,7.89474,4.21053,1.875,0.877193,0.198238,0.105727,0.09251100569963455,0.238579,1.38402,0.285714,0.671875,,,4.43354,-0.0192446,-0.166878,999,,,,,,,195.9199943542481,3.819103260584652,191.49999618530273,3.7329434509417654,,,,,,,,,,,,,,,,,,,"Grant Hartwig","29946",701643
"Nick Fraze","SEA",2,3,,4.71429,28,8,0,0,,63,275,62,36,33,9,22,0,8,47,6.71429,3.14286,2.13636,1.28571,0.170909,0.08,0.09090909361839294,0.253061,1.33333,0.280423,0.672269,,,4.96013,-0.0192587,0.0139528,999,,,,,,,198.30000000000007,3.147619047619049,202,3.2063492063492065,,,,,,,,,,,,,,,,,,,"Nick Fraze","sa3010250",684946
"Connor Cooke","TOR",2,3,,4.38462,33,1,0,0,,39,173,36,21,19,5,18,0,3,38,8.76923,4.15385,2.11111,1.15385,0.219653,0.104046,0.11560693383216858,0.236842,1.38462,0.284404,0.702128,,,4.49981,-0.0192931,-0.0676746,999,,,,,,,146.50000000000003,3.7564102564102573,143,3.6666666666666665,,,,,,,,,,,,,,,,,,,"Connor Cooke","sa3017822",701566
"Dalton Moats",,1,1,,4.5,28,0,0,0,,32,141,32,17,16,4,12,1,1,28,7.875,3.375,2.33333,1.125,0.198582,0.0851064,0.11347518116235733,0.25,1.375,0.291667,0.703125,,,4.26023,-0.0202712,-0.123376,999,,,,,,,121.40000000000002,3.7937500000000006,125,3.90625,,,,,,,,,,,,,,,,,,,"Dalton Moats","sa738506",641889
"Blake Holub","MIL",3,4,,4.5,42,1,0,0,,50,219,48,27,25,7,21,0,1,45,8.1,3.78,2.14286,1.26,0.205479,0.0958904,0.10958904772996902,0.243655,1.38,0.282759,0.709459,,,4.50648,-0.0216182,-0.0181429,999,,,,,,,183.09999999999997,3.6619999999999995,183,3.66,,,,,,,,,,,,,,,,,,,"Blake Holub","sa3018147",700183
"Zach Franklin","CHW",4,7,,4.637,34,0,0,0,,42.7,189,40,24,22,6,19,0,4,44,9.274,4.00468,2.31579,1.26464,0.232804,0.100529,0.13227514177560806,0.240964,1.38173,0.293103,0.6917,,,4.54821,-0.0221547,-0.191476,999,,,,,,,157.18000564575198,3.6810305114133155,154.50000381469727,3.6182670036107405,,,,,,,,,,,,,,,,,,,"Zach Franklin","sa3022735",702103
"Brent Honeywell",,3,2,,4.68606,43,3,0,0,,65.3,287,68,37,34,8,23,0,4,43,5.92649,3.16998,1.86957,1.1026,0.149826,0.0801394,0.0696864053606987,0.261538,1.39357,0.287081,0.676692,,,4.68256,-0.0225905,-0.173482,999,,,,,,,213.02002258300791,3.2621747722456442,227.50001525878906,3.4839204383875595,,,,,,,,,,,,,,,,,,,"Brent Honeywell","16466",641703
"Josimar Cousin",,1,1,,5.03817,24,5,0,0,,39.3,172,43,24,22,7,13,0,1,29,6.64122,2.9771,2.23077,1.60305,0.168605,0.0755814,0.09302326291799545,0.272152,1.42494,0.295082,0.692641,,,5.07488,-0.0228114,-0.145319,999,,,,,,,108.91999435424809,2.771501182410577,121.49999618530273,3.0916030163869883,,,,,,,,,,,,,,,,,,,"Josimar Cousin","sa3021579",814300
"Ben Leeper",,3,2,,4.00593,30,0,0,0,,33.7,144,30,16,15,4,13,0,3,31,8.27893,3.47181,2.38462,1.06825,0.215278,0.0902778,0.125,0.234375,1.27596,0.27957,0.721925,,,4.29408,-0.0249219,0.125684,999,,,,,,,136.18000564575198,4.040949630942198,130.50000381469727,3.872403586358688,,,,,,,,,,,,,,,,,,,"Ben Leeper","sa3014907",663510
"Cameron Foster","BAL",3,4,,5.02941,24,11,0,0,,68,306,72,41,38,10,31,0,2,50,6.61765,4.10294,1.6129,1.32353,0.163399,0.101307,0.06209150701761246,0.263736,1.51471,0.29108,0.696629,,,5.06354,-0.0253149,-0.139256,999,,,,,,,194.00000000000006,2.852941176470589,211,3.1029411764705883,,,,,,,,,,,,,,,,,,,"Cameron Foster","sa3020735",671382
"Nolan Blackwood",,2,2,,4.37838,29,0,0,0,,37,163,38,19,18,4,14,1,1,25,6.08108,3.40541,1.78571,0.972973,0.153374,0.0858896,0.06748466938734055,0.256757,1.40541,0.285714,0.711207,,,4.43675,-0.0270214,0.0464736,999,,,,,,,130.8,3.5351351351351354,138,3.72972972972973,,,,,,,,,,,,,,,,,,,"Nolan Blackwood","sa874212",670154
"Antonio Jimenez","SFG",3,4,,4.61538,34,5,0,0,,66.3,295,69,37,34,8,26,0,4,50,6.78733,3.52941,1.92308,1.08597,0.169492,0.0881356,0.08135593682527542,0.260377,1.43288,0.294686,0.692124,,,4.58428,-0.0273335,-0.00122644,999,,,,,,,222.82002258300778,3.360784499648679,237.50001525878906,3.582202176874443,,,,,,,,,,,,,,,,,,,"Antonio Jimenez","sa3008074",682607
"Albert Abreu",,1,2,,4.98741,31,0,0,1,,39.7,177,36,24,22,5,23,1,3,41,9.29471,5.21411,1.78261,1.1335,0.231638,0.129944,0.10169491171836853,0.238411,1.48615,0.295238,0.673077,,,4.703,-0.0291014,-0.174254,999,,,,,,,146.68000564575195,3.694710398662761,141.50000381469727,3.564231765627311,,,,,,,,,,,,,,,,,,,"Albert Abreu","17485",656061
"Tyler Danish",,2,4,,5.31915,18,7,0,0,,42.3,194,48,27,25,6,19,1,3,26,5.53192,4.04255,1.36842,1.2766,0.134021,0.0979381,0.036082468926906586,0.27907,1.58392,0.3,0.682594,,,5.34142,-0.029581,0.156215,999,,,,,,,100.41999435424806,2.373995181216611,119.49999618530273,2.8250590624267553,,,,,,,,,,,,,,,,,,,"Tyler Danish","15126",641501
"Phil Maton","TEX",3,2,,4.08377,62,0,1,15,,57.3,245,51,28,26,7,21,1,7,55,8.63874,3.29843,2.61905,1.09948,0.22449,0.0857143,0.1387755051255226,0.235023,1.25654,0.283871,0.707395,,,4.30086,-0.0299688,0.162845,746.3599853515625,,,,,,,296.319994354248,5.1713786788777805,286.49999618530273,5,,,,,,,,,,,,,,,,,,,"Phil Maton","18064",664208
"Chasen Shreve",,3,2,,4.23529,34,0,0,1,,34,142,33,17,16,5,11,0,1,31,8.20588,2.91176,2.81818,1.32353,0.21831,0.0774648,0.14084507524967194,0.253846,1.29412,0.297872,0.72973,,,4.31354,-0.0307883,0.104371,999,,,,,,,134.3,3.95,135,3.9705882352941178,,,,,,,,,,,,,,,,,,,"Chasen Shreve","10855",592741
"Tyler Beede",,2,3,,4.95,20,7,0,0,,40,185,40,24,22,5,22,1,4,35,7.875,4.95,1.59091,1.125,0.189189,0.118919,0.07027027755975723,0.251572,1.55,0.294118,0.690909,,,4.99148,-0.0320842,-0.080789,999,,,,,,,122.5,3.0625,127,3.175,,,,,,,,,,,,,,,,,,,"Tyler Beede","16981",595881
"Juan Hillman",,3,5,,5.4323,19,10,0,0,,61.3,283,71,40,37,9,25,0,6,36,5.28548,3.67047,1.44,1.32137,0.127208,0.0883392,0.038869261741638184,0.281746,1.56607,0.299517,0.671463,,,5.4177,-0.0327892,0.204698,999,,,,,,,137.3199943542481,2.2401304414899186,168.49999618530273,2.7487764809535524,,,,,,,,,,,,,,,,,,,"Juan Hillman","sa874796",663535
"Blake Beers","ATH",7,9,,4.88085,25,21,0,0,,121.7,535,126,71,66,19,42,0,12,89,6.58176,3.106,2.11905,1.40509,0.166355,0.0785047,0.08785045892000198,0.261954,1.38044,0.286863,0.685997,,,5.06459,-0.0342776,0.080968,999,,,,,,,355.2799774169922,2.919309665784867,377.49998474121094,3.1018898455828063,,,,,,,,,,,,,,,,,,,"Blake Beers","sa3018004",676275
"Anthony Gose",,3,4,,4.4665,38,0,0,0,,40.3,175,36,22,20,6,20,2,1,46,10.273,4.4665,2.3,1.33995,0.262857,0.114286,0.1485714241862297,0.233766,1.38958,0.294118,0.714286,,,4.38236,-0.0353772,-0.17555,999,,,,,,,159.81999435424805,3.965756758805964,152.49999618530273,3.7841190836813023,,,,,,,,,,,,,,,,,,,"Anthony Gose","5097",543238
"Justin Lawrence","PIT",4,5,,4.5,56,0,0,10,,62,277,59,34,31,6,30,3,6,55,7.98387,4.35484,1.83333,0.870968,0.198556,0.108303,0.09025271236896515,0.244813,1.43548,0.294444,0.682382,,,4.39229,-0.0357446,-0.0660336,749.8900146484375,,,,,,,273.5999999999999,4.41290322580645,274,4.419354838709677,,,,,,,,,,,,,,,,,,,"Justin Lawrence","17639",664875
"Mitch Neunborn","PHI",4,7,,5.37313,25,13,0,0,,73.7,333,79,48,44,12,33,0,4,56,6.83853,4.02985,1.69697,1.4654,0.168168,0.0990991,0.06906907260417938,0.266892,1.51967,0.29386,0.672269,,,5.2696,-0.0366999,-0.279528,999,,,,,,,193.3799774169922,2.6238803992461293,213.49998474121094,2.8968791530771307,,,,,,,,,,,,,,,,,,,"Mitch Neunborn","sa3021722",666748
"Grant Gavin",,2,4,,5.26932,26,3,0,0,,42.7,192,42,27,25,6,23,1,3,37,7.79859,4.84777,1.6087,1.26464,0.192708,0.119792,0.0729166641831398,0.253012,1.52225,0.292683,0.671378,,,5.08685,-0.0369039,-0.130577,999,,,,,,,128.980005645752,3.020608977545907,131.50000381469727,3.0796253270522156,,,,,,,,,,,,,,,,,,,"Grant Gavin","sa918674",667050
"Logan Clayton",,5,5,,4.76888,25,17,0,0,,88.7,401,99,51,47,12,35,0,4,54,5.47914,3.5513,1.54286,1.21759,0.134663,0.0872818,0.04738155007362366,0.273481,1.51071,0.293919,0.708191,,,5.02668,-0.0369573,0.440402,999,,,,,,,242.37997741699223,2.7325815756050664,278.49998474121094,3.139797004770135,,,,,,,,,,,,,,,,,,,"Logan Clayton","sa3020890",700875
"Nick Vespi",,2,2,,4.5614,38,0,0,0,,51.3,225,51,28,26,7,20,1,2,44,7.7193,3.50877,2.2,1.22807,0.195556,0.0888889,0.10666666179895401,0.251232,1.38402,0.289474,0.702614,,,4.51151,-0.0386567,-0.0982621,999,,,,,,,182.91999435424808,3.565691950773005,187.49999618530273,3.6549707402304894,,,,,,,,,,,,,,,,,,,"Nick Vespi","21093",663989
"T.J. McFarland",,3,2,,4.28571,56,0,0,12,,48.3,209,49,25,23,5,16,2,3,35,6.52174,2.98137,2.1875,0.931677,0.167464,0.076555,0.09090910106897354,0.257895,1.34576,0.293333,0.689655,,,4.24308,-0.0388989,-0.113673,999,,,,,,,229.51999435424804,4.751966831878075,237.49999618530273,4.917184263702207,,,,,,,,,,,,,,,,,,,"T.J. McFarland","3237",519008
"Jeff Lindgren",,3,6,,4.95,22,15,0,0,,80,363,89,48,44,11,36,0,5,51,5.7375,4.05,1.41667,1.2375,0.140496,0.0991736,0.041322313249111176,0.276398,1.5625,0.3,0.702555,,,5.21648,-0.0395062,0.249641,999,,,,,,,204.29999999999998,2.55375,236,2.95,,,,,,,,,,,,,,,,,,,"Jeff Lindgren","25830",689167
"Tyler Mattison","DET",2,3,,4.84419,26,3,0,0,,35.3,157,33,21,19,5,20,0,0,35,8.92351,5.09915,1.75,1.27479,0.22293,0.127389,0.09554140269756317,0.240876,1.50142,0.28866,0.695652,,,4.72455,-0.0397019,-0.172198,999,,,,,,,123.91999435424806,3.5104815023380422,121.49999618530273,3.441926311934394,,,,,,,,,,,,,,,,,,,"Tyler Mattison","sa3018117",694331
"Conner Greene",,3,4,,4.69565,27,5,0,0,,46,211,46,26,24,6,24,0,3,41,8.02174,4.69565,1.70833,1.17391,0.194313,0.113744,0.08056872338056564,0.25,1.52174,0.291971,0.714286,,,4.84039,-0.0408474,-0.0291854,999,,,,,,,148.00000000000003,3.2173913043478266,153,3.3260869565217392,,,,,,,,,,,,,,,,,,,"Conner Greene","16455",641632
"Joey Gerber","TBR",1,2,,4.40367,27,1,0,1,,32.7,144,32,17,16,4,16,1,0,29,7.98165,4.40367,1.8125,1.10092,0.201389,0.111111,0.0902777835726738,0.25,1.46789,0.294737,0.731132,,,4.45088,-0.0408654,-0.0334621,999,,,,,,,123.58000564575194,3.7792049774448735,125.50000381469727,3.8379205164096724,,,,,,,,,,,,,,,,,,,"Joey Gerber","24591",680702
"Alec Gamboa","LAD",4,5,,5.06849,23,8,0,0,,65.7,296,69,40,37,9,32,0,2,45,6.16438,4.38356,1.40625,1.23288,0.152027,0.108108,0.0439189150929451,0.263359,1.53729,0.288462,0.690045,,,5.12995,-0.0415115,-0.150117,999,,,,,,,184.0799774169922,2.8018262704335983,199.49998474121094,3.036529589162311,,,,,,,,,,,,,,,,,,,"Alec Gamboa","sa3011249",687941
"Drew Parrish","CIN",4,8,,5.80348,25,18,0,0,,97.7,437,109,68,63,19,39,0,4,70,6.44831,3.59263,1.79487,1.75026,0.160183,0.0892448,0.07093822211027145,0.27665,1.51484,0.295082,0.658979,,,5.58204,-0.0437639,-0.321076,999,,,,,,,216.8799774169923,2.2198565423895276,252.49998474121094,2.5844420944554996,,,,,,,,,,,,,,,,,,,"Drew Parrish","sa3011395",669283
"Blane Abeyta",,5,7,,4.98433,23,18,0,0,,95.7,430,105,57,53,14,35,0,9,63,5.92477,3.29154,1.8,1.31661,0.146512,0.0813954,0.0651162788271904,0.272021,1.4629,0.294498,0.689369,,,5.13095,-0.044343,0.294092,999,,,,,,,256.97997741699214,2.685266307333068,290.49998474121094,3.035527628055445,,,,,,,,,,,,,,,,,,,"Blane Abeyta","sa3014975",686588
"Blake Whitney",,3,4,,4.57895,35,2,0,0,,57,248,56,31,29,8,22,1,2,50,7.89474,3.47368,2.27273,1.26316,0.201613,0.0887097,0.11290322989225388,0.25,1.36842,0.289157,0.703593,,,4.49981,-0.0451654,-0.0689271,999,,,,,,,205.79999999999998,3.6105263157894734,209,3.6666666666666665,,,,,,,,,,,,,,,,,,,"Blake Whitney","sa3007966",681407
"Brad Deppermann","CHC",0,1,,4.55696,17,1,0,0,,23.7,105,24,13,12,3,10,0,1,19,7.21519,3.79747,1.9,1.13924,0.180952,0.0952381,0.08571428805589676,0.255319,1.4346,0.291667,0.704698,,,4.60108,-0.0453966,-0.0390459,999,,,,,,,81.08000564575195,3.421097174500504,84.50000381469727,3.5654008900638083,,,,,,,,,,,,,,,,,,,"Brad Deppermann","sa3011801",656368
"T.J. Brock","TOR",2,2,,4.37143,32,0,0,0,,35,153,30,18,17,5,16,0,4,40,10.2857,4.11429,2.5,1.28571,0.261438,0.104575,0.1568627581000328,0.225564,1.31429,0.284091,0.717949,,,4.45219,-0.0456967,-0.0196686,999,,,,,,,139.5,3.9857142857142858,130,3.7142857142857144,,,,,,,,,,,,,,,,,,,"T.J. Brock","sa3020079",697813
"Andrew Bash","TOR",2,4,,4.79663,27,12,0,0,,71.3,319,71,41,38,10,32,0,7,54,6.81627,4.03927,1.6875,1.26227,0.169279,0.100313,0.06896551698446274,0.253571,1.4446,0.282407,0.696629,,,5.11599,-0.0465675,0.086492,999,,,,,,,211.0200225830079,2.9596074831837678,217.50001525878906,3.0504909670326708,,,,,,,,,,,,,,,,,,,"Andrew Bash","sa3010259",687856
"Paul Campbell",,2,5,,5.17021,13,10,0,0,,47,212,52,29,27,8,18,0,4,35,6.70213,3.44681,1.94444,1.53191,0.165094,0.0849057,0.08018868416547775,0.273684,1.48936,0.29932,0.697279,,,5.29414,-0.0487346,0.0839295,999,,,,,,,118.20000000000002,2.514893617021277,135,2.872340425531915,,,,,,,,,,,,,,,,,,,"Paul Campbell","22248",669294
"Dominic Leone",,2,2,,4.65116,41,1,0,0,,38.7,170,37,22,20,6,19,2,1,39,9.06977,4.4186,2.05263,1.39535,0.229412,0.111765,0.11764705926179886,0.246667,1.44703,0.295238,0.714286,,,4.71687,-0.049129,-0.156396,999,,,,,,,134.38000564575196,3.47235149861907,133.50000381469727,3.4496124336654224,,,,,,,,,,,,,,,,,,,"Dominic Leone","13763",608678
"Anderson Bido","HOU",1,1,,4.60976,29,1,0,0,,41,179,44,23,21,6,11,0,1,29,6.36585,2.41463,2.63636,1.31707,0.162011,0.0614525,0.10055866092443466,0.263473,1.34146,0.287879,0.686695,,,4.53233,-0.0492987,-0.164617,999,,,,,,,137.20000000000002,3.3463414634146345,149,3.6341463414634148,,,,,,,,,,,,,,,,,,,"Anderson Bido","sa3004204",675525
"Jake Palisch","CHW",2,5,,4.96689,37,0,0,0,,45.3,203,50,27,25,6,16,1,1,32,6.35762,3.17881,2,1.19205,0.157635,0.0788177,0.07881773263216019,0.268817,1.45695,0.297297,0.677083,,,4.60136,-0.0500267,-0.35969,999,,,,,,,144.41999435424805,3.1880793992618015,161.49999618530273,3.5651213886374062,,,,,,,,,,,,,,,,,,,"Jake Palisch","31598",669449
"Nate Peterson","MIL",4,7,,5.03177,23,13,0,0,,78.7,349,81,48,44,14,35,0,1,64,7.31893,4.00254,1.82857,1.60102,0.183381,0.100287,0.08309455960988998,0.258786,1.47395,0.285106,0.705394,,,5.22493,-0.0502645,0.0269909,999,,,,,,,219.57997741699225,2.790088766603144,231.49998474121094,2.941550110776486,,,,,,,,,,,,,,,,,,,"Nate Peterson","sa3020804",685396
"Nick Burdi","BOS",1,1,,4.70383,34,0,0,0,,28.7,130,25,16,15,3,17,0,5,33,10.3484,5.33101,1.94118,0.940767,0.253846,0.130769,0.12307693064212799,0.231481,1.46341,0.305556,0.687831,,,4.52536,-0.0511115,-0.0355236,999,,,,,,,110.48000564575196,3.849477446300827,104.50000381469727,3.641115018701985,,,,,,,,,,,,,,,,,,,"Nick Burdi","16074",595897
"John Rooney","HOU",3,5,,4.67337,42,3,0,0,,59.7,269,60,34,31,7,27,0,7,52,7.8392,4.07035,1.92593,1.05528,0.193309,0.100372,0.09293679893016815,0.255319,1.45729,0.301136,0.686529,,,4.65727,-0.051519,-0.021692,999,,,,,,,201.68000564575198,3.378224507007893,209.50000381469727,3.509212749369856,,,,,,,,,,,,,,,,,,,"John Rooney","24590",680701
"Jonathan Hernández","TBR",3,2,,4.40135,48,1,0,1,,59.3,266,57,31,29,6,31,2,2,53,8.04385,4.70489,1.70968,0.910624,0.199248,0.116541,0.0827067643404007,0.244635,1.48398,0.293103,0.71608,,,4.36378,-0.0523605,-0.117618,999,,,,,,,227.81999435424814,3.841821202113408,229.49999618530273,3.870151756121319,,,,,,,,,,,,,,,,,,,"Jonathan Hernandez","17464",642546
"Michael Flynn","TBR",2,2,,4.71429,33,1,0,0,,42,184,38,24,22,5,16,1,8,42,9,3.42857,2.625,1.07143,0.228261,0.0869565,0.1413043513894081,0.2375,1.28571,0.292035,0.638298,,,4.42838,-0.0523743,-0.284556,999,,,,,,,162.5,3.869047619047619,157,3.738095238095238,,,,,,,,,,,,,,,,,,,"Michael Flynn","sa3006803",663901
"Daniel Hudson",,4,3,,4.21277,52,0,0,0,,47,197,43,24,22,8,18,1,1,49,9.38298,3.44681,2.72222,1.53191,0.248731,0.0913706,0.15736039727926254,0.241573,1.29787,0.289256,0.742972,,,4.50691,-0.0526451,0.0195673,747.5399780273438,,,,,,,178.59999999999997,3.7999999999999994,172,3.6595744680851063,,,,,,,,,,,,,,,,,,,"Daniel Hudson","7146",543339
"Matt Gage","SFG",2,2,,4.20147,39,0,0,0,,40.7,176,38,21,19,5,18,0,1,36,7.96069,3.98034,2,1.10565,0.204545,0.102273,0.10227272659540176,0.242038,1.37592,0.284483,0.714286,,,4.39498,-0.0529182,-0.026656,999,,,,,,,155.88000564575196,3.8299754968971143,153.50000381469727,3.7714987945275684,,,,,,,,,,,,,,,,,,,"Matt Gage","17381",657424
"Braeden Fausnaught","PHI",5,8,,5.43807,22,19,0,0,,99.3,450,110,65,60,17,43,1,3,68,6.16314,3.89728,1.5814,1.54079,0.151111,0.0955556,0.0555555522441864,0.272277,1.54079,0.291536,0.681115,,,5.4122,-0.0535433,-0.257094,999,,,,,,,237.7200225830078,2.393957857776719,273.50001525878906,2.75428002873508,,,,,,,,,,,,,,,,,,,"Braeden Fausnaught","sa3020598",805634
"Adam Oller","MIA",3,6,,5.30769,21,14,0,0,,78,353,84,50,46,13,37,0,3,64,7.38462,4.26923,1.72973,1.5,0.181303,0.104816,0.07648725062608719,0.268371,1.55128,0.300847,0.690661,,,5.23058,-0.0538165,-0.0629695,999,,,,,,,206.90000000000006,2.6525641025641034,229,2.9358974358974357,,,,,,,,,,,,,,,,,,,"Adam Oller","20132",670124
"Tyler Schoff","WSN",2,4,,4.73684,34,0,0,0,,43.7,191,45,25,23,6,16,1,1,36,7.41419,3.29519,2.25,1.2357,0.188482,0.0837696,0.10471203923225403,0.258621,1.39588,0.295455,0.684411,,,4.47083,-0.0544567,-0.224864,999,,,,,,,153.58000564575195,3.514416543809266,161.50000381469727,3.695652196685089,,,,,,,,,,,,,,,,,,,"Tyler Schoff","sa3017545",694887
"Nick Mikolajchak",,2,3,,4.26316,34,0,0,0,,38,167,37,19,18,4,19,1,0,31,7.34211,4.5,1.63158,0.947368,0.185629,0.113772,0.071856290102005,0.25,1.47368,0.292035,0.734127,,,4.40332,-0.0546098,0.037637,999,,,,,,,140.8,3.7052631578947373,143,3.763157894736842,,,,,,,,,,,,,,,,,,,"Nick Mikolajchak","sa3010303",679777
"Will Klein","LAD",2,3,,4.22139,43,1,0,1,,53.3,240,48,27,25,6,31,0,2,57,9.62477,5.23452,1.83871,1.01313,0.2375,0.129167,0.10833333432674408,0.231884,1.48218,0.291667,0.736544,,,4.34847,-0.0548148,-0.0778694,999,,,,,,,214.81999435424802,4.030393948014908,207.49999618530273,3.893058145506011,,,,,,,,,,,,,,,,,,,"Will Klein","27787",694361
"Jesús Liranzo","MIL",3,4,,4.4582,27,2,0,0,,32.3,143,31,17,16,5,15,0,2,32,8.91641,4.17957,2.13333,1.39319,0.223776,0.104895,0.11888111382722855,0.246032,1.42415,0.292135,0.74359,,,4.77639,-0.0549628,0.0905574,999,,,,,,,109.91999435424808,3.403095880823659,109.49999618530273,3.390092841230288,,,,,,,,,,,,,,,,,,,"Jesus Liranzo","sa658076",622338
"Joel Kuhnel","NYY",3,4,,4.78723,39,0,0,0,,47,206,51,27,25,6,14,0,3,32,6.12766,2.68085,2.28571,1.14894,0.15534,0.0679612,0.08737864345312119,0.269841,1.38298,0.298013,0.671378,,,4.54946,-0.0553601,-0.226606,999,,,,,,,154.4,3.2851063829787237,170,3.617021276595745,,,,,,,,,,,,,,,,,,,"Joel Kuhnel","19995",669270
"Rico Garcia","BAL",3,4,,4.56389,44,0,0,0,,49.3,216,44,27,25,7,25,1,1,54,9.85801,4.56389,2.16,1.27789,0.25,0.115741,0.13425926119089127,0.231579,1.39959,0.286822,0.709459,,,4.4038,-0.055362,-0.223821,999,,,,,,,194.3199943542481,3.941582096580864,185.49999618530273,3.7626774656389013,,,,,,,,,,,,,,,,,,,"Rico Garcia","20023",670329
"Cody Stashak",,1,1,,4.84848,22,0,0,0,,29.7,133,32,17,16,5,9,0,1,26,7.87879,2.72727,2.88889,1.51515,0.195489,0.0676692,0.12781954556703568,0.260163,1.38047,0.293478,0.705882,,,4.61429,-0.0563182,-0.136789,999,,,,,,,97.080005645752,3.2686869748128533,105.50000381469727,3.552188589380217,,,,,,,,,,,,,,,,,,,"Cody Stashak","18088",664054
"Devin Sweet","PHI",5,6,,4.83412,45,3,0,1,,63.3,278,59,37,34,10,29,2,4,64,9.09953,4.12322,2.2069,1.4218,0.230216,0.104317,0.1258992850780487,0.240816,1.39021,0.28655,0.689189,,,4.76206,-0.0570246,-0.202154,999,,,,,,,225.01999435424804,3.5548182790894023,219.49999618530273,3.4676145154957765,,,,,,,,,,,,,,,,,,,"Devin Sweet","25348",682967
"Paul Gervase","LAD",3,4,,4.37086,36,0,0,0,,45.3,202,37,24,22,5,28,1,3,53,10.5298,5.56291,1.89286,0.993378,0.262376,0.138614,0.12376238405704498,0.216374,1.43488,0.283186,0.706897,,,4.31438,-0.0573631,-0.167475,999,,,,,,,190.51999435424807,4.205739460551272,174.49999618530273,3.852097110909925,,,,,,,,,,,,,,,,,,,"Paul Gervase","31571",801434
"Junior Santos","WSN",3,4,,5.02262,29,6,0,0,,66.3,300,72,40,37,8,27,0,5,41,5.56561,3.66516,1.51852,1.08597,0.136667,0.09,0.046666666865348816,0.268657,1.49321,0.292237,0.671982,,,4.94627,-0.057476,-0.170286,999,,,,,,,191.0200225830078,2.8811465126764166,213.50001525878906,3.2202112433104713,,,,,,,,,,,,,,,,,,,"Junior Santos","sa3005470",681744
"Wandy Peralta","SDP",3,3,,4.06321,51,1,0,4,,44.3,186,39,22,20,5,19,1,3,36,7.31377,3.86005,1.89474,1.0158,0.193548,0.102151,0.09139784425497055,0.237805,1.30926,0.276423,0.705882,,,4.49831,-0.0581128,0.0750204,999,,,,,,,186.91999435424808,4.219413037774373,178.49999618530273,4.029345355743776,,,,,,,,,,,,,,,,,,,"Wandy Peralta","14295",593974
"Antoine Kelly","COL",1,2,,5.12334,31,7,0,0,,52.7,244,51,32,30,7,33,0,6,50,8.5389,5.63567,1.51515,1.19545,0.204918,0.135246,0.0696721225976944,0.24878,1.59393,0.297297,0.700809,,,5.21582,-0.0581479,0.251967,999,,,,,,,154.28000564575203,2.92751429624736,155.50000381469727,2.9506641662906863,,,,,,,,,,,,,,,,,,,"Antoine Kelly","sa3011135",681520
"Andre Granillo","STL",4,5,,4.44634,45,0,0,0,,58.7,258,53,31,29,7,31,1,1,59,9.046,4.75298,1.90323,1.07325,0.228682,0.120155,0.10852713882923126,0.234513,1.43101,0.2875,0.714286,,,4.34195,-0.0584002,-0.0746051,999,,,,,,,232.48000564575187,3.9604770464079673,224.50000381469727,3.8245315314618615,,,,,,,,,,,,,,,,,,,"Andre Granillo","29542",701552
"Chris Devenski",,2,3,,4.8,38,2,0,1,,45,194,44,26,24,8,16,0,1,45,9,3.2,2.8125,1.6,0.231959,0.0824742,0.1494845375418663,0.248588,1.33333,0.290323,0.696721,,,4.61092,-0.0592555,-0.24898,999,,,,,,,163.20000000000002,3.626666666666667,164,3.6444444444444444,,,,,,,,,,,,,,,,,,,"Chris Devenski","12763",606965
"Robert Gsellman",,1,2,,5.02941,16,4,0,0,,34,151,36,21,19,5,13,0,3,24,6.35294,3.44118,1.84615,1.32353,0.15894,0.0860927,0.07284768670797348,0.266667,1.44118,0.292453,0.666667,,,5.07824,-0.059347,-0.116312,999,,,,,,,96.50000000000003,2.838235294117648,105,3.088235294117647,,,,,,,,,,,,,,,,,,,"Robert Gsellman","13696",607229
"Michael Rucker","WSN",2,2,,4.6,33,0,0,0,,45,197,46,25,23,6,17,0,2,38,7.6,3.4,2.23529,1.2,0.192893,0.0862944,0.10659898817539215,0.258427,1.4,0.298507,0.695971,,,4.47759,-0.059466,-0.155554,999,,,,,,,158.6,3.5244444444444443,166,3.688888888888889,,,,,,,,,,,,,,,,,,,"Michael Rucker","19454",621074
"Jaylen Nowlin","MIN",4,7,,5.21437,22,15,0,0,,86.3,393,89,54,50,13,42,0,9,72,7.50869,4.38007,1.71429,1.35574,0.183206,0.10687,0.07633588463068008,0.260234,1.51796,0.29572,0.682624,,,5.22905,-0.0600394,-0.183613,999,,,,,,,238.3200225830079,2.7615297121145774,253.50001525878906,2.937427651152622,,,,,,,,,,,,,,,,,,,"Jaylen Nowlin","sa3017978",701549
"Victor Mederos","LAA",4,9,,5.3605,25,21,0,1,,95.7,440,102,62,57,15,44,0,11,72,6.77116,4.13793,1.63636,1.41066,0.163636,0.1,0.06363635510206223,0.264935,1.5256,0.291946,0.672,,,5.42353,-0.0602644,-0.222097,999,,,,,,,241.4799774169922,2.5233018298589163,266.49998474121094,2.7847439209986935,,,,,,,,,,,,,,,,,,,"Victor Mederos","31533",682989
"Camden Minacci","LAA",4,6,,4.47419,49,0,0,0,,52.3,233,51,28,26,7,23,1,3,48,8.26004,3.95794,2.08696,1.20459,0.206009,0.0987124,0.10729613900184631,0.246377,1.41491,0.289474,0.716511,,,4.56227,-0.0603561,-0.057148,999,,,,,,,186.31999435424805,3.5625238445934615,188.49999618530273,3.6042064805945326,,,,,,,,,,,,,,,,,,,"Camden Minacci","sa3022728",695229
"Carlo Reyes",,2,3,,4.3073,28,2,0,0,,39.7,172,38,21,19,6,16,0,1,36,8.16121,3.6272,2.25,1.3602,0.209302,0.0930233,0.11627906560897827,0.245161,1.3602,0.283186,0.723684,,,4.60225,-0.0607861,0.0315516,999,,,,,,,142.18000564575192,3.5813602748964954,141.50000381469727,3.564231765627311,,,,,,,,,,,,,,,,,,,"Carlo Reyes","sa3008713",683689
"Zach Brzykcy","WSN",2,3,,4.7806,36,1,0,1,,43.3,191,40,25,23,6,21,1,3,44,9.1455,4.3649,2.09524,1.24711,0.230366,0.109948,0.12041885405778885,0.239521,1.40878,0.290598,0.684411,,,4.59835,-0.0623352,-0.192171,750.8400268554688,,,,,,,162.61999435424804,3.755658134401566,158.49999618530273,3.6605080595392323,,,,,,,,,,,,,,,,,,,"Zach Brzykcy","27783",694350
"Isaac Mattson","PIT",3,5,,4.71204,33,3,0,0,,57.3,257,53,32,30,7,33,0,4,56,8.79581,5.18325,1.69697,1.09948,0.217899,0.128405,0.08949416875839233,0.240909,1.50087,0.292994,0.708661,,,4.73716,-0.0647718,0.0730178,999,,,,,,,201.11999435424804,3.509947592183692,196.49999618530273,3.4293193508144113,,,,,,,,,,,,,,,,,,,"Isaac Mattson","20385",676755
"Justin Bruihl","TOR",3,2,,4.19878,44,1,0,0,,49.3,213,46,25,23,6,18,2,6,41,7.48479,3.286,2.27778,1.09533,0.192488,0.084507,0.10798122733831406,0.243386,1.29817,0.28169,0.701439,,,4.54579,-0.0654918,0.0607849,999,,,,,,,181.41999435424808,3.679918806527451,178.49999618530273,3.620689633826972,,,,,,,,,,,,,,,,,,,"Justin Bruihl","23779",677865
"Nicholas Padilla",,2,2,,4.725,34,0,0,0,,40,181,37,23,21,4,23,1,4,38,8.55,5.175,1.65217,0.9,0.209945,0.127072,0.08287292718887329,0.24026,1.5,0.294643,0.680147,,,4.59148,-0.0658381,-0.195055,999,,,,,,,145.60000000000002,3.6400000000000006,143,3.575,,,,,,,,,,,,,,,,,,,"Nicholas Padilla","21327",656820
"Alex Santos II","HOU",4,6,,5.11156,13,11,0,0,,49.3,224,50,30,28,7,26,0,2,35,6.38945,4.74645,1.34615,1.27789,0.15625,0.116071,0.0401785746216774,0.255102,1.54158,0.279221,0.694864,,,5.2963,-0.0666372,-0.0239447,999,,,,,,,134.71999435424812,2.7326571285821513,141.49999618530273,2.870182522821059,,,,,,,,,,,,,,,,,,,"Alex Santos II","sa3014684",691012
"Mason Green","COL",5,8,,5.44186,22,15,0,0,,86,400,96,56,52,13,46,0,5,60,6.27907,4.81395,1.30435,1.36047,0.15,0.115,0.03500000387430191,0.275072,1.65116,0.300725,0.694669,,,5.51532,-0.0669229,0.357801,999,,,,,,,193.9,2.2546511627906978,228,2.6511627906976742,,,,,,,,,,,,,,,,,,,"Mason Green","sa3017717",679057
"Connor Brogdon","LAA",2,2,,4.72648,44,2,0,1,,45.7,198,44,26,24,8,19,1,2,47,9.25602,3.74179,2.47368,1.57549,0.237374,0.0959596,0.14141414314508438,0.248588,1.37856,0.295082,0.714286,,,4.76385,-0.0670738,-0.117367,999,,,,,,,160.380005645752,3.509409255323528,159.50000381469727,3.4901531980726848,,,,,,,,,,,,,,,,,,,"Connor Brogdon","21205",641401
"Steven Jennings",,3,4,,4.92537,37,1,0,0,,60.3,260,61,36,33,9,19,0,2,46,6.86567,2.83582,2.42105,1.34328,0.176923,0.0730769,0.10384615510702133,0.25523,1.3267,0.282609,0.652819,,,4.62585,-0.0693512,-0.427905,999,,,,,,,205.91999435424802,3.4149253227135867,213.49999618530273,3.5406301639567026,,,,,,,,,,,,,,,,,,,"Steven Jennings","sa3004812",675651
"Andrew Quezada","COL",3,5,,5.53846,18,14,0,0,,78,357,94,52,48,13,30,0,4,42,4.84615,3.46154,1.4,1.5,0.117647,0.0840336,0.03361344337463379,0.291022,1.58974,0.302239,0.680529,,,5.56392,-0.0699933,0.246406,999,,,,,,,154.90000000000006,1.9858974358974366,203,2.6025641025641026,,,,,,,,,,,,,,,,,,,"Andrew Quezada","sa3009858",676768
"Rodney Theophile",,4,7,,5.37662,19,18,0,0,,77,354,81,50,46,11,39,0,7,56,6.54545,4.55844,1.4359,1.28571,0.158192,0.110169,0.048022590577602386,0.262987,1.55844,0.290456,0.669216,,,5.36129,-0.0704976,-0.198552,999,,,,,,,197.90000000000006,2.570129870129871,216,2.8051948051948052,,,,,,,,,,,,,,,,,,,"Rodney Theophile","sa3008228",682496
"Collin Lowe",,4,8,,4.90909,25,6,0,0,,77,337,90,45,42,12,18,0,5,43,5.02597,2.1039,2.38889,1.4026,0.127596,0.0534125,0.07418397441506386,0.286624,1.4026,0.301158,0.690789,,,4.97167,-0.0713611,0.121039,999,,,,,,,205.20000000000005,2.6649350649350656,246,3.1948051948051948,,,,,,,,,,,,,,,,,,,"Collin Lowe","sa3019850",806331
"Yoniel Curet","TBR",6,9,,5.10577,25,24,0,0,,104,472,96,64,59,14,59,0,14,97,8.39423,5.10577,1.64407,1.21154,0.205508,0.125,0.08050847053527832,0.240602,1.49038,0.284722,0.672083,,,5.15686,-0.0714707,-0.244201,999,,,,,,,322.80000000000007,3.1038461538461544,313,3.0096153846153846,,,,,,,,,,,,,,,,,,,"Yoniel Curet","sa3015446",692414
"Devereaux Harrison","TOR",5,6,,5.06925,24,22,0,0,,108.3,483,116,66,61,18,46,0,2,73,6.06648,3.82271,1.58696,1.49584,0.151139,0.0952381,0.05590062588453293,0.266667,1.49584,0.284884,0.701754,,,5.30868,-0.0716565,-0.0214151,999,,,,,,,280.42002258300784,2.589289147563476,309.50001525878906,2.857802461103122,,,,,,,,,,,,,,,,,,,"Devereaux Harrison","sa3020259",687288
"Joe Record",,2,2,,4.44023,40,3,0,0,,52.7,237,53,28,26,6,26,0,2,44,7.51423,4.44023,1.69231,1.02467,0.185654,0.109705,0.07594937086105347,0.253589,1.49905,0.295597,0.72238,,,4.57065,-0.0721848,-0.051207,999,,,,,,,182.38000564575196,3.4607211196476526,189.50000381469727,3.595825447273248,,,,,,,,,,,,,,,,,,,"Joe Record","sa3008619",682489
"Ryder Ryan","PIT",2,3,,4.39024,43,0,0,0,,53.3,236,55,28,26,6,21,0,4,42,7.09193,3.54597,2,1.01313,0.177966,0.0889831,0.08898305147886276,0.260664,1.42589,0.300613,0.710059,,,4.46104,-0.0723286,0.0660888,999,,,,,,,186.61999435424804,3.501313265019476,197.49999618530273,3.7054408820324536,,,,,,,,,,,,,,,,,,,"Ryder Ryan","19891",656924
"Nolan Clenney",,3,3,,4.39024,30,0,0,0,,53.3,234,53,28,26,7,19,0,3,47,7.93621,3.20826,2.47368,1.18199,0.200855,0.0811966,0.11965811997652054,0.25,1.35084,0.291139,0.707395,,,4.34847,-0.0726451,-0.0851047,999,,,,,,,198.519994354248,3.724577808553009,203.49999618530273,3.818011240116588,,,,,,,,,,,,,,,,,,,"Nolan Clenney","sa3015328",669639
"Nolan Watson",,3,5,,5.10811,18,14,0,0,,74,333,79,45,42,11,30,0,6,48,5.83784,3.64865,1.6,1.33784,0.144144,0.0900901,0.05405405908823013,0.265993,1.47297,0.285714,0.683761,,,5.26107,-0.073205,-0.0840317,999,,,,,,,194.9,2.633783783783784,215,2.9054054054054053,,,,,,,,,,,,,,,,,,,"Nolan Watson","sa874732",663649
"Yunior Marte","SFG",1,3,,5.47667,17,12,0,0,,49.3,224,56,32,30,8,18,0,2,29,5.29412,3.286,1.61111,1.46045,0.129464,0.0803571,0.0491071417927742,0.27451,1.50101,0.287425,0.66879,,,5.31658,-0.0741879,-0.0700075,999,,,,,,,118.81999435424805,2.410141910609339,140.49999618530273,2.8498985468479265,,,,,,,,,,,,,,,,,,,"Yunior Marte","sa3018367",805074
"Julio Teheran",,3,3,,5.16252,12,11,0,0,,52.3,229,57,32,30,9,18,0,4,36,6.19503,3.09751,2,1.54876,0.157205,0.0786026,0.0786026194691658,0.275362,1.43403,0.296296,0.689103,,,5.28885,-0.0743224,-0.0630253,999,,,,,,,134.1199943542481,2.5644358759227037,150.49999618530273,2.877629032136892,,,,,,,,,,,,,,,,,,,"Julio Teheran","6797",527054
"Wilkel Hernandez","DET",4,7,,5.15865,25,23,0,0,,97.7,439,105,61,56,15,40,0,6,65,5.98772,3.68475,1.625,1.38178,0.148064,0.0911162,0.056947603821754456,0.267176,1.48414,0.28754,0.677419,,,5.24427,-0.0746541,-0.158376,999,,,,,,,257.47997741699226,2.6354143854620133,285.49998474121094,2.9222107846375693,,,,,,,,,,,,,,,,,,,"Wilkel Hernandez","sa918026",665859
"Ryan Hennen",,2,3,,4.5,25,0,0,0,,36,158,38,19,18,5,12,0,1,29,7.25,3,2.41667,1.25,0.183544,0.0759494,0.10759494453668594,0.262069,1.38889,0.297297,0.72093,,,4.44426,-0.0750551,-0.096135,999,,,,,,,125.10000000000004,3.475000000000001,134,3.7222222222222223,,,,,,,,,,,,,,,,,,,"Ryan Hennen","sa3018277",802402
"Tyler Samaniego","PIT",1,2,,4.37143,29,0,0,0,,35,154,34,18,17,4,16,0,2,29,7.45714,4.11429,1.8125,1.02857,0.188312,0.103896,0.08441557735204697,0.25,1.42857,0.291262,0.720721,,,4.53791,-0.0780718,0.0821321,999,,,,,,,125.4,3.582857142857143,127,3.6285714285714286,,,,,,,,,,,,,,,,,,,"Tyler Samaniego","sa3017876",701719
"José Cisnero",,1,2,,4.66859,36,0,0,0,,34.7,152,33,19,18,5,16,1,3,35,9.07781,4.14986,2.1875,1.29683,0.230263,0.105263,0.125,0.24812,1.4121,0.301075,0.714286,,,4.66504,-0.0797135,-0.0808428,999,,,,,,,122.48000564575194,3.5296830822137597,121.50000381469727,3.5014409551386114,,,,,,,,,,,,,,,,,,,"Jose Cisnero","6399",542585
"Adam Laskey","MIA",3,4,,4.8,30,5,0,0,,60,273,65,35,32,8,26,0,4,45,6.75,3.9,1.73077,1.2,0.164835,0.0952381,0.06959707289934158,0.26749,1.51667,0.3,0.701754,,,4.89981,-0.0801255,0.0308081,999,,,,,,,176.60000000000002,2.943333333333334,196,3.2666666666666666,,,,,,,,,,,,,,,,,,,"Adam Laskey","sa3014851",669445
"Tyler Woessner",,4,6,,5.19448,26,13,0,0,,79.7,360,81,50,46,12,40,0,4,62,7.00126,4.51694,1.55,1.35508,0.172222,0.111111,0.06111111491918564,0.256329,1.51819,0.285124,0.681382,,,5.2242,-0.0802023,-0.136838,999,,,,,,,223.5799774169922,2.8052695856712115,234.49998474121094,2.9422834845714876,,,,,,,,,,,,,,,,,,,"Tyler Woessner","sa3020171",681216
"Trevin Michael","DET",2,4,,4.47205,37,1,0,0,,48.3,211,47,26,24,7,20,1,1,44,8.19876,3.72671,2.2,1.30435,0.208531,0.0947867,0.11374406516551971,0.247368,1.38716,0.28777,0.716783,,,4.53294,-0.080265,-0.0850297,999,,,,,,,174.11999435424804,3.6049688841536445,175.49999618530273,3.6335403510864186,,,,,,,,,,,,,,,,,,,"Trevin Michael","sa3020400",800723
"Patrick Halligan","HOU",3,4,,4.69274,34,4,0,0,,53.7,237,56,30,28,8,21,0,2,45,7.5419,3.51955,2.14286,1.34078,0.189873,0.0886076,0.1012658178806305,0.261682,1.43389,0.298137,0.714286,,,4.7121,-0.0805393,0.0609102,999,,,,,,,174.38000564575194,3.2472998727794926,185.50000381469727,3.454376185832726,,,,,,,,,,,,,,,,,,,"Patrick Halligan","sa3017319",701856
"Clayton Andrews",,2,3,,4.72303,31,1,0,0,,34.3,154,32,19,18,4,19,1,2,35,9.18367,4.98542,1.84211,1.04956,0.227273,0.123377,0.1038961112499237,0.240602,1.48688,0.297872,0.704846,,,4.47843,-0.0826548,-0.0968564,999,,,,,,,128.41999435424805,3.744023242294784,126.49999618530273,3.6880466180483675,,,,,,,,,,,,,,,,,,,"Clayton Andrews","23631",677076
"Anthony Hoopii-Tuionetoa",,2,2,,4.86486,38,0,0,0,,40.7,180,42,24,22,6,17,0,1,35,7.73956,3.75921,2.05882,1.32678,0.194444,0.0944444,0.10000000149011612,0.259259,1.44963,0.297521,0.6917,,,4.68982,-0.0846644,-0.297427,999,,,,,,,134.18000564575198,3.2968059737220794,141.50000381469727,3.4766585052141847,,,,,,,,,,,,,,,,,,,"Anthony Hoopii-Tuionetoa","sa3015298",681896
"Joe Jacques","SEA",2,3,,4.5666,41,1,0,1,,47.3,209,47,26,24,6,17,1,6,38,7.23044,3.23467,2.23529,1.14165,0.181818,0.0813397,0.10047847777605057,0.252688,1.35307,0.288732,0.683453,,,4.66754,-0.0853769,-0.119981,999,,,,,,,165.01999435424807,3.4887948629172794,169.49999618530273,3.583509490894366,,,,,,,,,,,,,,,,,,,"Joe Jacques","25178",682175
"Ryan Brady","KCR",4,4,,4.64062,39,2,0,0,,64,284,69,36,33,8,21,1,4,42,5.90625,2.95312,2,1.125,0.147887,0.0739437,0.07394365966320038,0.266409,1.40625,0.291866,0.685279,,,4.65085,-0.0869297,-0.0170873,999,,,,,,,204.80000000000004,3.2000000000000006,225,3.515625,,,,,,,,,,,,,,,,,,,"Ryan Brady","sa3020313",676433
"Enoli Paredes","ATL",2,3,,4.21277,44,1,0,0,,47,209,42,24,22,5,28,0,3,48,9.19149,5.3617,1.71429,0.957447,0.229665,0.133971,0.09569378197193146,0.235955,1.48936,0.296,0.730159,,,4.48563,-0.0876058,0.142345,999,,,,,,,180.10000000000002,3.831914893617022,173,3.6808510638297873,,,,,,,,,,,,,,,,,,,"Enoli Paredes","20447",660600
"Anthony Simonelli","KCR",3,4,,4.62687,38,1,0,0,,60.3,266,61,34,31,8,23,0,4,50,7.46269,3.43284,2.17391,1.19403,0.18797,0.0864662,0.10150375962257385,0.25523,1.39303,0.292818,0.686813,,,4.5761,-0.0876248,-0.0806655,999,,,,,,,208.21999435424803,3.453067943428355,216.49999618530273,3.5903814083672696,,,,,,,,,,,,,,,,,,,"Anthony Simonelli","sa3017312",690206
"Lane Ramsey","MIA",2,3,,4.58924,33,0,0,0,,35.3,162,35,19,18,4,20,0,1,33,8.4136,5.09915,1.65,1.01983,0.203704,0.123457,0.08024691045284271,0.248227,1.55807,0.298077,0.728745,,,4.55458,-0.0877834,-0.00118196,999,,,,,,,124.01999435424807,3.513314363589071,127.49999618530273,3.6118979869960968,,,,,,,,,,,,,,,,,,,"Lane Ramsey","25071",682010
"Danny Duffy",,1,2,,5.33333,14,4,0,0,,27,124,27,17,16,4,18,0,0,24,8,6,1.33333,1.33333,0.193548,0.145161,0.04838709533214569,0.254717,1.66667,0.294872,0.71066,,,5.31463,-0.0881689,-0.132015,999,,,,,,,74.40000000000002,2.7555555555555564,77,2.8518518518518516,,,,,,,,,,,,,,,,,,,"Danny Duffy","3542",518633
"John Curtiss","ARI",3,3,,4.11899,37,0,0,1,,43.7,189,45,22,20,6,15,1,1,37,7.62014,3.08924,2.46667,1.2357,0.195767,0.0793651,0.11640211194753647,0.260116,1.373,0.3,0.736434,,,4.35641,-0.088903,0.128887,999,,,,,,,162.58000564575195,3.720366196964252,170.50000381469727,3.901601849840075,,,,,,,,,,,,,,,,,,,"John Curtiss","16128",595928
"Joey Mancini","HOU",5,7,,4.81605,25,9,0,0,,89.7,399,90,52,48,13,37,0,9,69,6.92308,3.71237,1.86486,1.30435,0.172932,0.0927318,0.08020050078630447,0.254957,1.41583,0.284133,0.689338,,,5.05054,-0.0900535,0.00654388,999,,,,,,,269.87997741699223,3.008695502773715,279.49998474121094,3.1159419648864124,,,,,,,,,,,,,,,,,,,"Joey Mancini","sa3020858",686223
"Matt Moore",,3,3,,4.52716,42,3,0,1,,49.7,217,49,27,25,7,23,2,2,43,7.78672,4.16499,1.86957,1.26761,0.198157,0.105991,0.09216590225696564,0.255208,1.44869,0.295775,0.723473,,,4.77614,-0.0906164,0.145898,999,,,,,,,169.28000564575197,3.4060362786147387,172.50000381469727,3.4708249731723937,,,,,,,,,,,,,,,,,,,"Matt Moore","1890",519043
"Ken Giles",,2,2,,4.54545,33,1,0,0,,29.7,134,27,16,15,4,17,0,2,33,10,5.15152,1.94118,1.21212,0.246269,0.126866,0.11940298974514008,0.234783,1.48148,0.294872,0.729167,,,4.61429,-0.0906869,0.0144782,999,,,,,,,109.38000564575201,3.6828283783157216,105.50000381469727,3.552188589380217,,,,,,,,,,,,,,,,,,,"Ken Giles","12910",571704
"Bryce Bonnin",,2,3,,5.20661,18,3,0,0,,36.3,161,34,23,21,6,18,0,2,34,8.42975,4.46281,1.88889,1.4876,0.21118,0.111801,0.09937887638807297,0.241135,1.43251,0.277228,0.665138,,,5.09485,-0.0917469,-0.251868,999,,,,,,,114.41999435424802,3.1520660264210343,111.49999618530273,3.0716253038227785,,,,,,,,,,,,,,,,,,,"Bryce Bonnin","sa3014453",675655
"Aaron Brooks","ATH",4,5,,5.07042,19,10,0,0,,71,314,82,43,40,11,21,0,3,41,5.19718,2.66197,1.95238,1.39437,0.130573,0.066879,0.06369426101446152,0.282759,1.4507,0.298319,0.684932,,,5.03972,-0.0933146,-0.201777,999,,,,,,,186.89999999999998,2.632394366197183,222,3.1267605633802815,,,,,,,,,,,,,,,,,,,"Aaron Brooks","12272",605156
"Rolddy Muñoz","ATL",2,3,,4.80493,31,2,0,0,,48.7,219,48,28,26,6,23,0,4,44,8.13142,4.25051,1.91304,1.10883,0.200913,0.105023,0.09589040279388428,0.25,1.45791,0.295775,0.686901,,,4.62439,-0.0938761,-0.094257,999,,,,,,,168.78000564575194,3.4657084805262057,172.50000381469727,3.5420944786918613,,,,,,,,,,,,,,,,,,,"Rolddy Munoz","27407",691548
"Angel Chivilli","COL",3,5,,4.88136,55,0,0,6,,59,255,58,35,32,10,20,0,5,57,8.69491,3.05085,2.85,1.52542,0.223529,0.0784314,0.1450980380177498,0.252174,1.32203,0.294479,0.671875,,,4.70885,-0.0943889,0.00625902,750.6599731445312,,,,,,,225.8,3.827118644067797,228,3.864406779661017,,,,,,,,,,,,,,,,,,,"Angel Chivilli","26790",683409
"Nick Jones","LAA",3,4,,4.69974,33,0,0,0,,38.3,170,37,22,20,5,17,1,4,35,8.22454,3.99478,2.05882,1.17493,0.205882,0.1,0.10588235408067703,0.248322,1.40992,0.293578,0.680851,,,4.68084,-0.0945167,-0.193017,999,,,,,,,132.71999435424806,3.4652740730559364,133.49999618530273,3.4856396565178787,,,,,,,,,,,,,,,,,,,"Nick Jones","sa3017419",694559
"Brian Moran","ATL",1,2,,4.65116,27,1,0,0,,38.7,172,39,22,20,5,15,0,5,35,8.13953,3.48837,2.33333,1.16279,0.203488,0.0872093,0.11627906560897827,0.256579,1.39535,0.303571,0.680851,,,4.58767,-0.0952594,-0.0867887,999,,,,,,,133.48000564575196,3.449095685124051,138.50000381469727,3.578811397526637,,,,,,,,,,,,,,,,,,,"Brian Moran","9646",572383
"Kaleb Ort","HOU",2,2,,4.23983,46,0,0,12,,46.7,201,43,24,22,7,20,1,2,48,9.25054,3.85439,2.4,1.34904,0.238806,0.0995025,0.13930347561836243,0.240223,1.34904,0.290323,0.733083,,,4.47269,-0.0954286,-0.0293869,999,,,,,,,225.68000564575192,4.832548221816065,220.50000381469727,4.721627413541358,,,,,,,,,,,,,,,,,,,"Kaleb Ort","20061",672391
"Deivi García","CIN",4,5,,4.80377,40,8,0,0,,63.7,282,57,37,34,10,33,0,6,65,9.18367,4.66248,1.9697,1.41287,0.230496,0.117021,0.11347517371177673,0.234568,1.41287,0.279762,0.697368,,,5.00321,-0.0963881,-0.0013396,999,,,,,,,213.18000564575192,3.3466248523152244,201.50000381469727,3.1632653281211516,,,,,,,,,,,,,,,,,,,"Deivi Garcia","20276",665620
"Ty Buttrey",,1,0,,4.54874,26,1,0,0,,27.7,124,28,15,14,3,14,0,1,22,7.14801,4.54874,1.57143,0.974729,0.177419,0.112903,0.06451612710952759,0.256881,1.51625,0.297619,0.714286,,,4.61052,-0.0972788,-0.129922,999,,,,,,,94.28000564575196,3.4036102183755754,98.50000381469727,3.5559567184735594,,,,,,,,,,,,,,,,,,,"Ty Buttrey","14719",621142
"Dylan Cumming","CHW",4,7,,4.98433,25,16,0,0,,95.7,430,102,57,53,14,36,0,11,72,6.77116,3.38558,2,1.31661,0.167442,0.0837209,0.08372092992067337,0.266319,1.44201,0.296296,0.684122,,,5.03691,-0.098774,0.0641216,999,,,,,,,273.77997741699215,2.860814902272794,299.49998474121094,3.1295715182017267,,,,,,,,,,,,,,,,,,,"Dylan Cumming","sa3020818",804706
"Tayron Guerrero",,2,3,,5.27586,25,1,0,0,,29,133,31,18,17,4,13,0,2,23,7.13793,4.03448,1.76923,1.24138,0.172932,0.0977444,0.07518796622753143,0.262712,1.51724,0.296703,0.677083,,,4.9251,-0.09986,-0.230846,999,,,,,,,85.80000000000004,2.9586206896551737,94,3.2413793103448274,,,,,,,,,,,,,,,,,,,"Tayron Guerrero","11691",594027
"Blaine Knight",,2,4,,4.92453,20,6,0,0,,53,241,57,31,29,7,23,0,5,38,6.45283,3.90566,1.65217,1.18868,0.157676,0.0954357,0.06224066764116287,0.267606,1.50943,0.297619,0.698006,,,5.0344,-0.100007,-0.0911762,999,,,,,,,149.90000000000003,2.8283018867924534,166,3.1320754716981134,,,,,,,,,,,,,,,,,,,"Blaine Knight","sa3008532",667421
"Luis Quinones","TOR",4,5,,4.83734,29,5,0,0,,70.7,315,66,41,38,10,37,1,5,66,8.4017,4.71004,1.78378,1.27298,0.209524,0.11746,0.09206349402666092,0.241758,1.45686,0.284264,0.696629,,,4.92037,-0.100103,-0.155132,999,,,,,,,234.5799774169922,3.3179630486932368,229.49998474121094,3.2461102496117857,,,,,,,,,,,,,,,,,,,"Luis Quinones","sa1170867",687879
"Jon Duplantier",,3,4,,4.99044,21,7,0,0,,52.3,238,49,31,29,8,31,0,3,50,8.60421,5.33461,1.6129,1.37667,0.210084,0.130252,0.07983192801475525,0.240196,1.52964,0.280822,0.712209,,,5.19325,-0.10089,0.0225441,999,,,,,,,159.2199943542481,3.044359401088145,155.49999618530273,2.9732313279865816,,,,,,,,,,,,,,,,,,,"Jon Duplantier","19546",641541
"Blake Weiman",,3,2,,4.37086,39,0,0,0,,45.3,195,46,24,22,7,13,0,2,38,7.54967,2.58278,2.92308,1.39073,0.194872,0.0666667,0.12820512801408768,0.255556,1.30243,0.288889,0.711382,,,4.49098,-0.101935,-0.103813,999,,,,,,,160.5199943542481,3.5434877937685374,166.49999618530273,3.6754966664345288,,,,,,,,,,,,,,,,,,,"Blake Weiman","sa3004211",676620
"Jackson Wolf","SDP",6,8,,5.22,27,19,0,0,,100,440,104,63,58,17,39,0,5,73,6.57,3.51,1.87179,1.53,0.165909,0.0886364,0.07727273553609848,0.262626,1.43,0.284314,0.671141,,,5.23648,-0.101983,-0.358663,999,,,,,,,274.5,2.745,293,2.93,,,,,,,,,,,,,,,,,,,"Jackson Wolf","29832",680232
"Ross Carver","CLE",3,4,,4.88688,28,10,0,0,,66.3,295,65,39,36,10,29,0,7,56,7.60181,3.93665,1.93103,1.35747,0.189831,0.0983051,0.09152542799711227,0.250965,1.4178,0.284974,0.6875,,,5.06693,-0.102511,-0.0484621,999,,,,,,,202.62002258300777,3.0561087972323357,205.50001525878906,3.0995475987891474,,,,,,,,,,,,,,,,,,,"Ross Carver","sa3017069",687102
"Miguel Ullola","HOU",6,8,,4.95726,25,20,0,0,,105.3,475,96,63,58,16,63,0,9,102,8.71795,5.38462,1.61905,1.36752,0.214737,0.132632,0.08210526406764984,0.238213,1.50997,0.280702,0.702782,,,5.25575,-0.103663,0.0460715,999,,,,,,,320.8200225830079,3.046723772888365,306.50001525878906,2.9107313046148344,,,,,,,,,,,,,,,,,,,"Miguel Ullola","sa3016504",699044
"John McMillon","PHI",4,4,,4.71429,37,0,0,1,,42,186,36,24,22,6,26,0,1,48,10.2857,5.57143,1.84615,1.28571,0.258065,0.139785,0.11827956140041351,0.226415,1.47619,0.285714,0.708955,,,4.66648,-0.104189,-0.189708,999,,,,,,,162.4,3.8666666666666667,151,3.5952380952380953,,,,,,,,,,,,,,,,,,,"John McMillon","27942",669111
"José Marte","NYM",2,3,,4.64373,36,0,0,0,,40.7,180,37,23,21,5,22,1,3,39,8.62408,4.86486,1.77273,1.10565,0.216667,0.122222,0.09444444626569748,0.23871,1.44963,0.288288,0.692308,,,4.68982,-0.10452,-0.16697,999,,,,,,,146.480005645752,3.599017270268298,141.50000381469727,3.4766585052141847,,,,,,,,,,,,,,,,,,,"Jose Marte","21761",665896
"Leonardo Pestana",,1,2,,5.40541,22,6,0,0,,33.3,150,33,22,20,6,16,0,3,31,8.37838,4.32432,1.9375,1.62162,0.206667,0.106667,0.09999999403953552,0.251908,1.47147,0.287234,0.665025,,,5.35867,-0.104602,-0.272801,999,,,,,,,91.81999435424804,2.7573572509893296,93.49999618530273,2.807807757582284,,,,,,,,,,,,,,,,,,,"Leonardo Pestana","sa3005456",679758
"Taylor Rashi","ARI",4,3,,4.06321,36,0,0,0,,44.3,198,42,22,20,5,23,0,2,43,8.73589,4.67269,1.86957,1.0158,0.217172,0.116162,0.10101009905338287,0.242775,1.46727,0.296,0.741379,,,4.38544,-0.105175,0.161305,999,,,,,,,168.1199943542481,3.795033797960025,167.49999618530273,3.781038353724742,,,,,,,,,,,,,,,,,,,"Taylor Rashi","26344",688497
"Jack Anderson","BOS",2,3,,4.71204,34,1,0,0,,57.3,252,65,32,30,9,15,1,1,40,6.28272,2.35602,2.66667,1.41361,0.15873,0.0595238,0.0992063544690609,0.275424,1.39616,0.299465,0.712166,,,4.6499,-0.105932,-0.000411198,999,,,,,,,176.31999435424808,3.077137813296997,201.49999618530273,3.5165793868802773,,,,,,,,,,,,,,,,,,,"Jack Anderson","sa3017872",681252
"Seth Martinez","MIA",2,4,,4.42105,50,0,0,0,,57,249,57,30,28,7,22,1,5,48,7.57895,3.47368,2.18182,1.10526,0.192771,0.0883534,0.10441766679286957,0.256757,1.38596,0.299401,0.708093,,,4.49981,-0.106155,0.066093,999,,,,,,,202.49999999999994,3.5526315789473673,209,3.6666666666666665,,,,,,,,,,,,,,,,,,,"Seth Martinez","21045",661527
"Tyler Ferguson","ATH",4,4,,4.387,58,1,0,14,,67.7,296,59,36,33,8,33,1,7,71,9.4387,4.387,2.15152,1.06352,0.239865,0.111486,0.12837838381528854,0.230469,1.35894,0.288136,0.693069,,,4.37771,-0.107058,-0.206921,748.760009765625,,,,,,,327.1799774169922,4.832791612488948,312.49998474121094,4.615952715332064,,,,,,,,,,,,,,,,,,,"Tyler Ferguson","19481",621053
"Dylan Coleman",,2,2,,4.56954,46,0,0,1,,45.3,204,37,25,23,4,30,1,5,49,9.7351,5.96027,1.63333,0.794702,0.240196,0.147059,0.09313724935054779,0.218935,1.47903,0.284483,0.684039,,,4.46891,-0.107795,-0.236687,999,,,,,,,186.81999435424808,4.124061754981402,171.49999618530273,3.7858719442316513,,,,,,,,,,,,,,,,,,,"Dylan Coleman","22276",669395
"Logan Rinehart","BAL",2,2,,4.60465,28,2,0,0,,43,190,43,24,22,6,19,0,2,37,7.74419,3.97674,1.94737,1.25581,0.194737,0.1,0.09473683685064316,0.254438,1.44186,0.293651,0.708955,,,4.72462,-0.108423,-0.132306,999,,,,,,,143.59999999999997,3.3395348837209293,148,3.441860465116279,,,,,,,,,,,,,,,,,,,"Logan Rinehart","sa3010255",686827
"Michael Cuevas","WSN",5,9,,5.42169,26,18,0,0,,91.3,421,103,59,55,12,40,0,8,52,5.12596,3.94304,1.3,1.18291,0.123515,0.0950119,0.02850356698036194,0.276139,1.56626,0.294498,0.66561,,,5.31325,-0.108953,-0.281194,999,,,,,,,220.22002258300785,2.41204835949639,260.50001525878906,2.853231178000203,,,,,,,,,,,,,,,,,,,"Michael Cuevas","sa3011437",689821
"Efrain Contreras",,3,5,,5.14731,19,11,0,0,,57.7,259,58,36,33,10,27,0,4,51,7.95494,4.21144,1.88889,1.55979,0.196911,0.104247,0.09266410022974014,0.254386,1.47314,0.287425,0.690141,,,5.26353,-0.109498,-0.207335,999,,,,,,,162.18000564575203,2.8107452946503217,167.50000381469727,2.9029463015584924,,,,,,,,,,,,,,,,,,,"Efrain Contreras","sa3005692",678713
"Layne Henderson",,2,2,,4.5,32,0,0,0,,42,187,39,23,21,5,23,1,1,40,8.57143,4.92857,1.73913,1.07143,0.213904,0.122995,0.09090908616781235,0.239264,1.47619,0.288136,0.709091,,,4.52362,-0.110063,-0.174171,999,,,,,,,155.9,3.711904761904762,153,3.642857142857143,,,,,,,,,,,,,,,,,,,"Layne Henderson","sa3007718",668203
"Eric Silva","DET",3,5,,4.89292,36,6,0,0,,60.7,271,60,36,33,8,27,1,5,48,7.11697,4.00329,1.77778,1.18616,0.177122,0.099631,0.07749077677726746,0.251046,1.43328,0.284153,0.672823,,,4.87982,-0.110252,-0.218959,999,,,,,,,194.780005645752,3.20889626355121,199.50000381469727,3.286655705225337,,,,,,,,,,,,,,,,,,,"Eric Silva","sa3017965",696150
"Alejandro Melean",,2,4,,4.86034,18,7,0,0,,53.7,242,56,31,29,8,25,0,3,39,6.53631,4.18994,1.56,1.34078,0.161157,0.103306,0.057851240038871765,0.261682,1.50838,0.287425,0.716332,,,5.2149,-0.111759,0.0331915,999,,,,,,,147.38000564575194,2.7445065838335116,158.50000381469727,2.9515828968867455,,,,,,,,,,,,,,,,,,,"Alejandro Melean","sa3006815",678287
"David Griffin",,3,5,,5.26154,18,12,0,0,,65,292,69,41,38,10,28,0,4,44,6.09231,3.87692,1.57143,1.38462,0.150685,0.0958904,0.05479452759027481,0.265385,1.49231,0.286408,0.674699,,,5.28956,-0.111959,-0.240713,999,,,,,,,170.6,2.6246153846153844,187,2.876923076923077,,,,,,,,,,,,,,,,,,,"David Griffin","sa3015136",701803
"Trent Baker","MIN",4,7,,5.24909,21,16,0,0,,82.3,370,91,52,48,14,33,0,4,58,6.34265,3.60875,1.75758,1.53098,0.156757,0.0891892,0.06756757199764252,0.273273,1.50668,0.295019,0.689655,,,5.31715,-0.112309,-0.201598,999,,,,,,,205.22002258300788,2.4935603277432037,234.50001525878906,2.8493317929929343,,,,,,,,,,,,,,,,,,,"Trent Baker","sa3017504",694536
"Geoff Hartlieb","KCR",3,3,,4.72795,38,0,0,0,,53.3,235,51,30,28,7,24,1,3,46,7.76735,4.05253,1.91667,1.18199,0.195745,0.102128,0.0936170220375061,0.245192,1.40713,0.283871,0.690184,,,4.66742,-0.11281,-0.258047,999,,,,,,,186.71999435424803,3.5031894376542114,186.49999618530273,3.4990618922115404,,,,,,,,,,,,,,,,,,,"Geoff Hartlieb","19558",664129
"Nick Hernandez",,4,3,,4.39024,42,0,0,1,,53.3,227,48,28,26,8,21,0,3,53,8.94934,3.54597,2.52381,1.35084,0.23348,0.092511,0.1409691572189331,0.236453,1.29456,0.28169,0.709343,,,4.4798,-0.112977,-0.0971143,999,,,,,,,209.21999435424806,3.9253282804697163,200.49999618530273,3.761726061074521,,,,,,,,,,,,,,,,,,,"Nick Hernandez","19281",663321
"Tyler Eckberg",,2,3,,4.5614,35,0,0,0,,51.3,227,58,28,26,7,15,1,2,36,6.31579,2.63158,2.4,1.22807,0.15859,0.0660793,0.09251100569963455,0.27619,1.423,0.305389,0.712025,,,4.531,-0.113363,-0.0402903,999,,,,,,,163.71999435424806,3.1914229393588798,186.49999618530273,3.6354775625526705,,,,,,,,,,,,,,,,,,,"Tyler Eckberg","sa3017365",690501
"Will Smith",,2,3,,4.7482,45,0,0,0,,41.7,178,41,24,22,6,15,2,2,35,7.55396,3.23741,2.33333,1.29496,0.196629,0.0842697,0.11235954612493515,0.254658,1.34293,0.291667,0.672269,,,4.58135,-0.113443,-0.154137,999,,,,,,,147.18000564575195,3.5294964736920824,149.50000381469727,3.5851319203707117,,,,,,,,,,,,,,,,,,,"Will Smith","8048",519293
"Chase Cohen","ATH",3,3,,4.46475,31,1,0,0,,38.3,172,36,21,19,4,21,0,2,34,7.98956,4.93473,1.61905,0.939948,0.197674,0.122093,0.07558140158653259,0.241611,1.48825,0.288288,0.700389,,,4.55029,-0.11426,-0.160711,999,,,,,,,139.61999435424806,3.64543073460812,138.49999618530273,3.6161879619904753,,,,,,,,,,,,,,,,,,,"Chase Cohen","sa3007477",681484
"Ryan Bourassa","ATL",4,3,,4.28571,35,0,0,0,,35.7,156,33,18,17,5,18,1,1,37,9.32773,4.53782,2.05556,1.2605,0.237179,0.115385,0.12179487198591232,0.240876,1.42857,0.294737,0.75,,,4.51102,-0.114303,0.0943147,999,,,,,,,133.88000564575196,3.7501401340230283,130.50000381469727,3.655462213607869,,,,,,,,,,,,,,,,,,,"Ryan Bourassa","sa3022947",802180
"Juan Then",,1,3,,5.5,25,3,0,0,,36,165,41,24,22,5,16,0,1,22,5.5,4,1.375,1.25,0.133333,0.0969697,0.036363646388053894,0.277027,1.58333,0.297521,0.66,,,5.16648,-0.115771,-0.394214,999,,,,,,,91.30000000000004,2.5361111111111123,108,3,,,,,,,,,,,,,,,,,,,"Juan Then","22828",672730
"Cooper Hjerpe","STL",3,4,,5.07936,18,18,0,0,,56.7,255,53,35,32,9,31,0,7,54,8.57143,4.92063,1.74194,1.42857,0.211765,0.121569,0.09019608050584793,0.24424,1.48148,0.285714,0.686275,,,5.33579,-0.115782,-0.0120908,999,,,,,,,165.08000564575195,2.9114639051936733,160.50000381469727,2.8306878598774925,,,,,,,,,,,,,,,,,,,"Cooper Hjerpe","sa3020736",687309
"Dylan Spain",,1,2,,5.52901,21,2,0,0,,29.3,132,33,19,18,5,10,0,2,20,6.14334,3.07167,2,1.53584,0.151515,0.0757576,0.07575757801532745,0.275,1.46758,0.294737,0.666667,,,5.24839,-0.116043,-0.0412561,999,,,,,,,73.51999435424803,2.5092148897142343,85.49999618530273,2.918088682990707,,,,,,,,,,,,,,,,,,,"Dylan Spain","sa3017134",688125
"Austin Warren","NYM",2,1,,4.53401,34,1,0,1,,39.7,173,37,22,20,5,18,0,3,34,7.70781,4.0806,1.88889,1.1335,0.196532,0.104046,0.09248554706573486,0.243421,1.38539,0.283186,0.6875,,,4.67781,-0.116656,-0.155108,999,,,,,,,145.08000564575195,3.654408132434756,142.50000381469727,3.589420682019814,,,,,,,,,,,,,,,,,,,"Austin Warren","24937",681810
"Bryce Tassin",,2,3,,4.85961,31,3,0,0,,46.3,206,49,27,25,6,17,0,3,31,6.02592,3.30454,1.82353,1.16631,0.150485,0.0825243,0.06796117126941681,0.263441,1.42549,0.288591,0.677083,,,4.80795,-0.116954,-0.190691,999,,,,,,,143.41999435424802,3.097624119169496,155.49999618530273,3.3585312904461935,,,,,,,,,,,,,,,,,,,"Bryce Tassin","sa3010814",687001
"Peyton Pallette","CHW",3,6,,5.554,28,13,0,0,,71.3,323,74,48,44,12,33,0,7,58,7.32118,4.1655,1.75758,1.51473,0.179567,0.102167,0.07739938050508499,0.261484,1.5007,0.29108,0.654102,,,5.41052,-0.11704,-0.517362,999,,,,,,,183.62002258300785,2.575315774526898,196.50001525878906,2.7559608253613477,,,,,,,,,,,,,,,,,,,"Peyton Pallette","sa3020742",688883
"Aaron Hernandez",,2,4,,5.45455,19,5,0,0,,36.3,168,37,24,22,5,21,0,3,29,7.19008,5.20661,1.38095,1.23967,0.172619,0.125,0.0476190447807312,0.256944,1.5978,0.290909,0.666667,,,5.34279,-0.117986,-0.259741,999,,,,,,,96.91999435424803,2.6699723523767296,102.49999618530273,2.8236914143142786,,,,,,,,,,,,,,,,,,,"Aaron Hernandez","sa3008599",669443
"Jimmy Robbins",,3,6,,5.57143,19,13,0,0,,63,288,62,42,39,9,36,0,6,50,7.14286,5.14286,1.38889,1.28571,0.173611,0.125,0.0486111044883728,0.252033,1.55556,0.283422,0.655738,,,5.43632,-0.118581,-0.362059,999,,,,,,,168.30000000000007,2.6714285714285726,172,2.7301587301587302,,,,,,,,,,,,,,,,,,,"Jimmy Robbins","sa3011145",687934
"Konnor Ash",,2,3,,5.22,32,8,0,0,,50,228,51,31,29,8,29,0,0,44,7.92,5.22,1.51724,1.44,0.192982,0.127193,0.06578946113586426,0.256281,1.6,0.292517,0.712209,,,5.22648,-0.118762,-0.155722,999,,,,,,,140.00000000000003,2.8000000000000007,147,2.94,,,,,,,,,,,,,,,,,,,"Konnor Ash","sa3017503",680089
"Thaddeus Ward","BAL",4,6,,5.24272,24,21,0,0,,92.7,427,93,58,54,12,51,1,11,74,7.18447,4.95146,1.45098,1.16505,0.173302,0.119438,0.05386417359113693,0.254795,1.5534,0.290323,0.676101,,,5.25925,-0.11882,-0.252819,999,,,,,,,258.5799774169922,2.789428111430974,269.49998474121094,2.9072275470697444,,,,,,,,,,,,,,,,,,,"Thaddeus Ward","21513",663658
"Collin Baumgartner","COL",4,5,,4.94715,42,0,0,0,,47.3,209,47,28,26,7,21,0,3,43,8.18182,3.99577,2.04762,1.33192,0.205742,0.100478,0.10526315867900848,0.254054,1.43763,0.296296,0.687285,,,4.79439,-0.119547,0.0103945,999,,,,,,,155.71999435424806,3.2921775235936614,159.49999618530273,3.3720929969980027,,,,,,,,,,,,,,,,,,,"Collin Baumgartner","sa3023002",694677
"Michael Petersen","MIA",2,3,,4.87585,45,0,0,1,,44.3,193,43,26,24,7,18,1,3,43,8.73589,3.65688,2.38889,1.42212,0.222798,0.0932643,0.12953367829322815,0.25,1.37698,0.295082,0.683594,,,4.70147,-0.119652,-0.279445,999,,,,,,,156.9199943542481,3.5422121231770087,157.49999618530273,3.55530471552562,,,,,,,,,,,,,,,,,,,"Michael Petersen","20827",656848
"Jake Sommers",,1,3,,5.4,15,0,0,0,,20,94,21,13,12,3,11,0,1,18,8.1,4.95,1.63636,1.35,0.191489,0.117021,0.07446809113025665,0.256098,1.6,0.295082,0.683453,,,5.11648,-0.119954,-0.0999262,999,,,,,,,56.49999999999999,2.8249999999999997,61,3.05,,,,,,,,,,,,,,,,,,,"Jake Sommers","sa3010778",667563
"Drake Fellows","PIT",3,5,,5.09954,22,11,0,0,,65.3,299,71,40,37,9,33,0,3,44,6.06432,4.54824,1.33333,1.24043,0.147157,0.110368,0.03678929805755615,0.269962,1.59265,0.295238,0.700219,,,5.26449,-0.12017,0.0679451,999,,,,,,,167.92002258300792,2.571516305288866,189.50001525878906,2.901990909687835,,,,,,,,,,,,,,,,,,,"Drake Fellows","sa3015208",666148
"Jose E. Hernandez",,2,3,,5.01211,38,2,0,1,,41.3,185,40,25,23,6,20,1,2,37,8.06295,4.35835,1.85,1.30751,0.2,0.108108,0.09189189225435257,0.245399,1.45278,0.283333,0.678295,,,4.86139,-0.120183,-0.29839,999,,,,,,,139.81999435424802,3.385472080802863,140.49999618530273,3.401937016483649,,,,,,,,,,,,,,,,,,,"Jose E. Hernandez","22318",669796
"Spencer Stockton",,1,3,,5.68421,20,2,0,0,,38,173,41,26,24,6,18,0,2,29,6.86842,4.26316,1.61111,1.42105,0.16763,0.104046,0.06358382105827332,0.267974,1.55263,0.29661,0.652174,,,5.27174,-0.120567,-0.313829,999,,,,,,,98.79999999999998,2.5999999999999996,110,2.8947368421052633,,,,,,,,,,,,,,,,,,,"Spencer Stockton","sa3011500",691526
"Jay Jackson",,2,2,,4.60064,27,0,0,0,,31.3,132,31,17,16,6,10,1,1,32,9.20128,2.8754,3.2,1.72524,0.242424,0.0757576,0.1666666716337204,0.256198,1.3099,0.301205,0.736196,,,4.66808,-0.121162,-0.100166,999,,,,,,,108.21999435424809,3.457507891121957,109.49999618530273,3.498402519309011,,,,,,,,,,,,,,,,,,,"Jay Jackson","7432",543351
"Andrew Suárez",,2,2,,4.7619,27,2,0,0,,56.7,251,61,32,30,8,22,0,1,43,6.8254,3.49206,1.95455,1.26984,0.171315,0.0876494,0.08366534113883972,0.267544,1.46384,0.299435,0.710306,,,4.70087,-0.12144,-0.204886,999,,,,,,,179.58000564575198,3.167195824151205,196.50000381469727,3.4656084862548115,,,,,,,,,,,,,,,,,,,"Andrew Suarez","18300",605498
"Darrell Thompson",,3,3,,4.62857,31,0,0,0,,35,153,31,19,18,5,17,0,3,36,9.25714,4.37143,2.11765,1.28571,0.235294,0.111111,0.12418300658464432,0.233083,1.37143,0.282609,0.707317,,,4.68077,-0.122014,-0.0609628,999,,,,,,,128.9,3.682857142857143,122,3.4857142857142858,,,,,,,,,,,,,,,,,,,"Darrell Thompson","sa3020814",703710
"PJ Poulin","WSN",2,2,,4.47419,42,0,0,0,,52.3,230,50,28,26,6,24,1,3,45,7.74379,4.13002,1.875,1.0325,0.195652,0.104348,0.09130434691905975,0.246305,1.41491,0.289474,0.701219,,,4.48579,-0.122462,-0.139985,999,,,,,,,192.21999435424806,3.6753345536960955,192.49999618530273,3.680688317274284,,,,,,,,,,,,,,,,,,,"PJ Poulin","23394",676571
"Luis Curvelo","TEX",2,3,,4.88246,44,0,0,0,,55.3,239,53,32,30,8,20,0,4,48,7.81193,3.25497,2.4,1.30199,0.200837,0.083682,0.1171548143029213,0.246512,1.32007,0.283019,0.66343,,,4.61313,-0.123667,-0.358247,999,,,,,,,197.019994354248,3.562748590821148,196.49999618530273,3.5533453688298393,,,,,,,,,,,,,,,,,,,"Luis Curvelo","24710",681168
"Nick Payero","SEA",2,2,,4.84522,19,13,0,0,,74.3,327,82,43,40,13,23,0,2,49,5.9354,2.786,2.13043,1.5747,0.149847,0.0703364,0.07951069623231888,0.271523,1.41319,0.2875,0.714286,,,5.13149,-0.124216,-0.0668238,999,,,,,,,199.72002258300785,2.6880217278575578,225.50001525878906,3.034993351234514,,,,,,,,,,,,,,,,,,,"Nick Payero","sa3022956",809579
"Trey Supak","TEX",3,5,,5.54795,22,10,0,0,,73,325,80,49,45,12,25,0,6,46,5.67123,3.08219,1.84,1.47945,0.141538,0.0769231,0.06461537629365921,0.272109,1.43836,0.288136,0.634921,,,5.31716,-0.125289,-0.530734,999,,,,,,,183.60000000000002,2.515068493150685,208,2.8493150684931505,,,,,,,,,,,,,,,,,,,"Trey Supak","sa828707",657022
"Tanner Burns","CLE",3,5,,4.63235,37,6,0,0,,68,303,67,38,35,9,34,0,3,56,7.41176,4.5,1.64706,1.19118,0.184818,0.112211,0.07260725647211075,0.25188,1.48529,0.288557,0.71267,,,4.87236,-0.125644,-0.0133907,999,,,,,,,219.30000000000007,3.225000000000001,224,3.2941176470588234,,,,,,,,,,,,,,,,,,,"Tanner Burns","sa3014451",669142
"Evan Gates","SFG",2,3,,4.42623,37,0,0,0,,61,270,63,32,30,7,25,0,1,49,7.22951,3.68852,1.96,1.03279,0.181481,0.0925926,0.08888889104127884,0.258197,1.44262,0.297872,0.716113,,,4.33041,-0.126784,-0.0724231,999,,,,,,,221.50000000000006,3.6311475409836076,234,3.8360655737704916,,,,,,,,,,,,,,,,,,,"Evan Gates","sa3017311",688753
"Jose Acuna","CIN",2,6,,6.10583,21,18,0,0,,73.7,329,80,54,50,15,29,0,6,55,6.71642,3.54138,1.89655,1.83175,0.167173,0.0881459,0.07902735471725464,0.272109,1.47897,0.290179,0.625,,,5.7445,-0.127341,-0.456448,999,,,,,,,157.87997741699223,2.142197882692827,178.49998474121094,2.4219808973203536,,,,,,,,,,,,,,,,,,,"Jose Acuna","sa3015331",691641
"Tommy Doyle",,2,4,,5.17986,34,1,0,0,,41.7,184,44,26,24,7,18,1,0,35,7.55396,3.88489,1.94444,1.51079,0.190217,0.0978261,0.09239130467176437,0.26506,1.48681,0.298387,0.689655,,,4.96504,-0.127416,-0.054519,999,,,,,,,124.08000564575195,2.975539649294853,133.50000381469727,3.2014388818271757,,,,,,,,,,,,,,,,,,,"Tommy Doyle","21281",656382
"Tyler Duffey",,3,3,,4.53401,35,0,0,0,,39.7,174,38,22,20,5,19,0,2,35,7.93451,4.3073,1.84211,1.1335,0.201149,0.109195,0.09195401519536972,0.248366,1.43577,0.292035,0.7,,,4.62744,-0.128537,-0.0627321,999,,,,,,,140.48000564575193,3.53853911702924,140.50000381469727,3.539042849234807,,,,,,,,,,,,,,,,,,,"Tyler Duffey","13758",608648
"Nash Walters",,2,3,,5.01326,33,0,0,0,,37.7,170,38,23,21,5,18,0,3,33,7.87798,4.29708,1.83333,1.19363,0.194118,0.105882,0.0882352963089943,0.255034,1.48541,0.297297,0.673469,,,4.81104,-0.128543,-0.353324,999,,,,,,,121.68000564575199,3.227586291334193,126.50000381469727,3.355437699063699,,,,,,,,,,,,,,,,,,,"Nash Walters","25413",663534
"Lincoln Henzman","ATH",3,4,,4.5666,34,1,0,0,,47.3,211,50,26,24,5,18,0,3,32,6.0888,3.42495,1.77778,0.951374,0.151659,0.0853081,0.06635071337223053,0.263158,1.43763,0.294118,0.688525,,,4.51955,-0.129108,-0.210366,999,,,,,,,159.51999435424807,3.3725157912742794,172.49999618530273,3.646934439063275,,,,,,,,,,,,,,,,,,,"Lincoln Henzman","sa3005187",669205
"Moisés Chace","PHI",3,5,,5.52857,23,14,0,0,,70,318,66,46,43,12,41,0,6,69,8.87143,5.27143,1.68293,1.54286,0.216981,0.128931,0.08805030584335327,0.243542,1.52857,0.284211,0.676275,,,5.43791,-0.129211,-0.27416,749.7999877929688,,,,,,,195.79999999999998,2.7971428571428567,191,2.7285714285714286,,,,,,,,,,,,,,,,,,,"Moises Chace","sa3015346",691330
"Ben Bowden","ATH",2,3,,4.65116,36,0,0,0,,38.7,172,36,22,20,5,20,0,1,39,9.06977,4.65116,1.95,1.16279,0.226744,0.116279,0.11046511679887772,0.238411,1.44703,0.28972,0.693878,,,4.45847,-0.129269,-0.301112,999,,,,,,,146.28000564575197,3.7798450326087614,143.50000381469727,3.708010361387852,,,,,,,,,,,,,,,,,,,"Ben Bowden","20198",641386
"Braydon Fisher","TOR",3,4,,4.33929,41,0,0,0,,56,249,50,29,27,7,31,2,3,58,9.32143,4.98214,1.87097,1.125,0.232932,0.124498,0.10843373835086823,0.232558,1.44643,0.286667,0.730337,,,4.54148,-0.129664,-0.0522634,999,,,,,,,212.30000000000007,3.79107142857143,203,3.625,,,,,,,,,,,,,,,,,,,"Braydon Fisher","24609",680755
"Carlos Tavera","BAL",4,5,,5.02092,22,9,0,0,,71.7,327,73,43,40,10,41,0,1,58,7.28033,5.14644,1.41463,1.25523,0.17737,0.125382,0.05198776721954346,0.25614,1.58996,0.290323,0.71,,,5.11906,-0.129776,-0.158627,999,,,,,,,207.77997741699215,2.8979077581688255,218.49998474121094,3.047419721634559,,,,,,,,,,,,,,,,,,,"Carlos Tavera","sa3017536",679857
"Sean Harney","STL",1,2,,5.13742,27,7,0,0,,47.3,209,48,29,27,7,18,0,5,34,6.46934,3.42495,1.88889,1.33192,0.162679,0.0861244,0.07655501365661621,0.258065,1.39535,0.282759,0.658363,,,5.11151,-0.129861,-0.234393,999,,,,,,,138.11999435424804,2.9200844943360615,144.49999618530273,3.0549682561534577,,,,,,,,,,,,,,,,,,,"Sean Harney","sa3020472",686184
"Eric Cerantola","KCR",3,3,,5,32,6,0,0,,63,288,59,38,35,8,38,0,6,60,8.57143,5.42857,1.57895,1.14286,0.208333,0.131944,0.076388880610466,0.241803,1.53968,0.289773,0.687646,,,5.00775,-0.132576,-0.062836,999,,,,,,,202.40000000000006,3.2126984126984137,199,3.1587301587301586,,,,,,,,,,,,,,,,,,,"Eric Cerantola","sa3017914",672021
"Yohan Ramírez","PIT",2,3,,4.5,46,0,0,1,,58,259,52,31,29,6,26,2,12,56,8.68966,4.03448,2.15385,0.931035,0.216216,0.100386,0.11583012342453003,0.235294,1.34483,0.289308,0.675287,,,4.54579,-0.134491,0.0188091,999,,,,,,,222.20000000000005,3.8310344827586214,214,3.689655172413793,,,,,,,,,,,,,,,,,,,"Yohan Ramirez","19444",670990
"McKinley Moore",,2,3,,5.1,29,2,0,0,,30,139,27,18,17,4,20,0,3,31,9.3,6,1.55,1.2,0.223022,0.143885,0.0791366845369339,0.232759,1.56667,0.283951,0.700483,,,5.13315,-0.136534,-0.178733,999,,,,,,,95.60000000000001,3.186666666666667,91,3.033333333333333,,,,,,,,,,,,,,,,,,,"McKinley Moore","25663",686842
"Zach Agnos","COL",4,5,,4.95918,47,0,0,0,,49,208,50,29,27,9,14,1,2,42,7.71429,2.57143,3,1.65306,0.201923,0.0673077,0.13461537659168243,0.260417,1.30612,0.29078,0.680934,,,4.81954,-0.137323,0.0113237,999,,,,,,,157.90000000000003,3.2224489795918374,164,3.3469387755102042,,,,,,,,,,,,,,,,,,,"Zach Agnos","31552",688642
"Oddanier Mosqueda","STL",4,3,,4.29984,49,1,0,0,,60.7,267,54,31,29,7,28,0,8,58,8.59967,4.15157,2.07143,1.03789,0.217228,0.104869,0.11235954612493515,0.233766,1.35091,0.283133,0.706371,,,4.53386,-0.137817,0.0899658,999,,,,,,,230.68000564575195,3.8003295345359245,220.50000381469727,3.6326194570548362,,,,,,,,,,,,,,,,,,,"Oddanier Mosqueda","sa917882",665996
"Brooks Wilson",,3,3,,4.4665,27,0,0,0,,40.3,179,37,22,20,6,21,0,2,46,10.273,4.68983,2.19048,1.33995,0.256983,0.117318,0.13966481387615204,0.237179,1.43921,0.298077,0.725806,,,4.53124,-0.137858,-0.0638159,999,,,,,,,151.21999435424806,3.752357251043907,146.49999618530273,3.63523570617289,,,,,,,,,,,,,,,,,,,"Brooks Wilson","sa3006966",676570
"Noah Skirrow",,4,6,,5.47914,22,16,0,0,,88.7,404,99,58,54,14,39,0,5,55,5.58061,3.95716,1.41026,1.42052,0.136139,0.0965347,0.03960396349430084,0.275,1.55581,0.292096,0.675676,,,5.46637,-0.137903,-0.265835,999,,,,,,,204.77997741699227,2.3086807718435947,239.49998474121094,2.700112660443076,,,,,,,,,,,,,,,,,,,"Noah Skirrow","sa3014845",659418
"Beau Burrows","PIT",3,4,,5.4,25,8,0,0,,60,273,62,39,36,9,31,0,4,47,7.05,4.65,1.51613,1.35,0.172161,0.113553,0.05860806256532669,0.260504,1.55,0.291209,0.671642,,,5.29981,-0.138434,-0.311004,999,,,,,,,161.10000000000002,2.6850000000000005,172,2.8666666666666667,,,,,,,,,,,,,,,,,,,"Beau Burrows","18873",663366
"Devin Smeltzer",,4,6,,5.07692,25,12,0,0,,78,344,85,48,44,13,28,0,5,53,6.11538,3.23077,1.89286,1.5,0.15407,0.0813954,0.07267441600561142,0.273312,1.44872,0.293878,0.685654,,,5.2434,-0.138513,0.053649,999,,,,,,,203.30000000000007,2.6064102564102574,228,2.923076923076923,,,,,,,,,,,,,,,,,,,"Devin Smeltzer","19487",656970
"Austin Kitchen","SEA",4,4,,4.58182,35,2,0,1,,55,243,61,30,28,7,17,0,2,35,5.72727,2.78182,2.05882,1.14545,0.144033,0.0699589,0.07407407462596893,0.272321,1.41818,0.296703,0.703812,,,4.58466,-0.13885,-0.243523,999,,,,,,,179.29999999999998,3.26,201,3.6545454545454548,,,,,,,,,,,,,,,,,,,"Austin Kitchen","27910",685116
"Sean Newcomb","ATH",1,2,,5.01742,21,1,0,1,,28.7,129,28,17,16,4,16,1,2,27,8.4669,5.01742,1.6875,1.25436,0.209302,0.124031,0.08527131378650665,0.252252,1.5331,0.3,0.703125,,,4.97833,-0.139356,-0.0751765,713.280029296875,,,,,,,94.38000564575198,3.2885018514572883,95.50000381469727,3.3275261768639814,,,,,,,,,,,,,,,,,,,"Sean Newcomb","16943",656794
"Tyler Myrick","SFG",4,4,,4.35754,44,0,0,0,,53.7,235,55,28,26,6,19,1,4,41,6.87151,3.18436,2.15789,1.00559,0.174468,0.0808511,0.0936170220375061,0.259434,1.37803,0.29697,0.701219,,,4.37691,-0.141591,-0.0461989,999,,,,,,,193.58000564575195,3.604841767141079,203.50000381469727,3.789571711796713,,,,,,,,,,,,,,,,,,,"Tyler Myrick","sa3017541",686924
"Austin Hedges","CLE",0,0,,5.37313,5,0,0,0,,6.7,27,7,4,4,1,2,0,1,1,1.34328,2.68657,0.5,1.34328,0.037037,0.0740741,-0.03703703731298447,0.291667,1.34328,0.272727,0.657895,,,6.15155,-0.141747,-0.0608102,747.97998046875,,,,,,,12.079998588562013,1.802984915291656,13.499999046325684,2.0149252881555495,,,,,,,,,,,,,,,,,,,"Austin Hedges","12976",595978
"Luis Peralta","COL",2,4,,5.14793,36,4,1,11,,50.7,231,49,31,29,8,29,0,5,52,9.23077,5.14793,1.7931,1.42012,0.225108,0.125541,0.09956710040569305,0.248731,1.53846,0.29927,0.703593,,,5.17831,-0.142491,0.117174,748.8300170898438,,,,,,,200.380005645752,3.9522682964578024,200.50000381469727,3.9546351242120337,,,,,,,,,,,,,,,,,,,"Luis Peralta","24203",678821
"Josh James",,1,0,,4.87685,21,1,0,0,,20.3,95,19,12,11,2,14,0,2,18,7.9803,6.2069,1.28571,0.8867,0.189474,0.147368,0.04210527241230011,0.240506,1.62562,0.288136,0.695364,,,5.0384,-0.142756,-0.117751,999,,,,,,,64.21999435424806,3.16354663880998,63.499996185302734,3.1280787473811538,,,,,,,,,,,,,,,,,,,"Josh James","16794",657624
"Kevin Gowdy",,2,3,,4.68,33,3,0,0,,50,225,51,28,26,6,22,0,4,35,6.3,3.96,1.59091,1.08,0.155556,0.0977778,0.05777778476476669,0.256281,1.46,0.28481,0.696594,,,4.88648,-0.143521,-0.0988838,999,,,,,,,155.6,3.112,164,3.28,,,,,,,,,,,,,,,,,,,"Kevin Gowdy","sa917928",666151
"M.D. Johnson",,3,6,,5.3074,17,17,0,0,,79.7,363,88,51,47,12,36,0,7,52,5.87202,4.06524,1.44444,1.35508,0.143251,0.0991736,0.04407713562250137,0.275,1.55583,0.296875,0.68097,,,5.4375,-0.143875,0.0254389,999,,,,,,,188.37997741699218,2.363613357969482,217.49998474121094,2.7289836018746296,,,,,,,,,,,,,,,,,,,"M.D. Johnson","sa3010364",668724
"Hunter McMahon",,1,2,,4.74645,32,1,0,0,,49.3,215,54,28,26,7,14,0,3,33,6.02434,2.55578,2.35714,1.27789,0.153488,0.0651163,0.08837208896875381,0.272727,1.37931,0.297468,0.687285,,,4.70806,-0.143941,-0.214704,999,,,,,,,153.3199943542481,3.1099390816824206,170.49999618530273,3.4584178260419094,,,,,,,,,,,,,,,,,,,"Hunter McMahon","sa3010658",684937
"Richard Guasch","DET",3,4,,5.21411,24,4,0,0,,39.7,184,38,25,23,5,24,1,5,37,8.38791,5.44081,1.54167,1.1335,0.201087,0.130435,0.07065217196941376,0.245161,1.56171,0.292035,0.672727,,,5.13122,-0.14402,-0.23558,999,,,,,,,120.48000564575194,3.034760789179174,120.50000381469727,3.035264521384741,,,,,,,,,,,,,,,,,,,"Richard Guasch","sa3008434",683014
"Justin Yeager","MIL",3,5,,4.6,43,0,0,0,,45,200,42,25,23,6,23,0,2,43,8.6,4.6,1.86957,1.2,0.215,0.115,0.10000000149011612,0.24,1.44444,0.285714,0.706714,,,4.65537,-0.144119,-0.136633,999,,,,,,,161,3.577777777777778,158,3.511111111111111,,,,,,,,,,,,,,,,,,,"Justin Yeager","sa3010825",687866
"Ian Clarkin",,2,3,,5.10811,12,6,0,0,,37,170,40,23,21,5,18,0,2,24,5.83784,4.37838,1.33333,1.21622,0.141176,0.105882,0.035294122993946075,0.266667,1.56757,0.289256,0.686275,,,5.24756,-0.14447,-0.231227,999,,,,,,,96.30000000000001,2.602702702702703,108,2.918918918918919,,,,,,,,,,,,,,,,,,,"Ian Clarkin","sa737534",624420
"Collin Snider","SEA",3,4,,4.31616,53,1,3,12,,56.3,248,54,29,27,7,25,1,3,51,8.15275,3.99645,2.04,1.11901,0.205645,0.100806,0.10483870655298233,0.245455,1.4032,0.290123,0.722543,,,4.46311,-0.144648,-0.145701,735.75,,,,,,,271.1199943542481,4.815630515600046,271.49999618530273,4.822380104164951,,,,,,,,,,,,,,,,,,,"Collin Snider","23307",676092
"Nate Dahle",,3,3,,4.43255,31,0,0,0,,46.7,206,48,25,23,6,17,0,2,37,7.13062,3.27623,2.17647,1.15632,0.179612,0.0825243,0.09708738327026367,0.256684,1.39186,0.291667,0.706714,,,4.47269,-0.145151,-0.199823,999,,,,,,,163.98000564575193,3.5113490999315884,172.50000381469727,3.693790171232527,,,,,,,,,,,,,,,,,,,"Nate Dahle","sa3020476",695242
"Cole Percival","MIN",3,5,,5.40284,20,10,0,0,,63.3,291,65,41,38,9,34,0,5,44,6.25592,4.83412,1.29412,1.27962,0.151203,0.116838,0.03436426818370819,0.257937,1.56398,0.281407,0.671296,,,5.47296,-0.146986,-0.302061,999,,,,,,,159.71999435424806,2.523222690036559,170.49999618530273,2.693522878993643,,,,,,,,,,,,,,,,,,,"Cole Percival","sa3014919",676931
"Logan VanWey","HOU",4,3,,4.14286,54,0,0,0,,63,275,56,31,29,8,31,1,5,64,9.14286,4.42857,2.06452,1.14286,0.232727,0.112727,0.12000000476837158,0.23431,1.38095,0.287425,0.738786,,,4.49981,-0.148136,0.105146,999,,,,,,,242.20000000000007,3.8444444444444454,231,3.6666666666666665,,,,,,,,,,,,,,,,,,,"Logan VanWey","31884",701121
"Taylor Lehman",,3,3,,5.07418,38,1,0,0,,33.7,153,33,21,19,4,20,0,2,29,7.74481,5.34125,1.45,1.06825,0.189542,0.130719,0.05882352590560913,0.251908,1.5727,0.295918,0.675106,,,4.9469,-0.148699,-0.288626,999,,,,,,,106.38000564575198,3.1566766539287485,108.50000381469727,3.219584610040034,,,,,,,,,,,,,,,,,,,"Taylor Lehman","sa3007834",656647
"Tanner Andrews","MIN",3,4,,4.58824,32,0,0,0,,51,229,52,28,26,6,24,1,1,45,7.94118,4.23529,1.875,1.05882,0.196507,0.104803,0.09170304983854294,0.254902,1.4902,0.300654,0.710059,,,4.40177,-0.1489,-0.190029,999,,,,,,,183.40000000000003,3.5960784313725496,192,3.764705882352941,,,,,,,,,,,,,,,,,,,"Tanner Andrews","sa3007850",681084
"Ryan Borucki","TOR",1,2,,4.44867,30,0,0,4,,26.3,116,24,14,13,4,14,0,2,28,9.58175,4.79087,2,1.36882,0.241379,0.12069,0.12068965286016464,0.24,1.44487,0.294118,0.740741,,,4.83948,-0.148916,0.0141824,999,,,,,,,107.01999435424804,4.069201424289063,103.49999618530273,3.935361185845819,,,,,,,,,,,,,,,,,,,"Ryan Borucki","16350",621366
"William Fleming","SEA",3,6,,5.46045,23,18,0,0,,92.3,422,108,61,56,13,35,0,7,46,4.48537,3.41278,1.31429,1.26761,0.109005,0.0829384,0.02606634795665741,0.284211,1.5493,0.29595,0.657051,,,5.36583,-0.149401,-0.194852,999,,,,,,,208.32002258300787,2.2569882523859843,258.50001525878906,2.8006501268893085,,,,,,,,,,,,,,,,,,,"William Fleming","sa3017314",694389
"Raul Brito","SDP",3,4,,4.66523,29,1,0,0,,46.3,207,44,26,24,6,22,0,4,42,8.16415,4.27646,1.90909,1.16631,0.202899,0.10628,0.09661835432052612,0.243094,1.42549,0.285714,0.694444,,,4.72156,-0.149415,-0.211398,999,,,,,,,160.41999435424802,3.4647947515696895,159.49999618530273,3.4449243804227097,,,,,,,,,,,,,,,,,,,"Raul Brito","sa928287",669993
"Rafael Montero","DET",3,2,,4.43532,52,0,0,1,,48.7,216,47,26,24,6,23,1,3,44,8.13142,4.25051,1.91304,1.10883,0.203704,0.106481,0.0972222164273262,0.247368,1.43737,0.292857,0.714286,,,4.56278,-0.149987,-0.132613,999,,,,,,,178.38000564575196,3.662833734111532,179.50000381469727,3.685831642764495,,,,,,,,,,,,,,,,,,,"Rafael Montero","12760",606160
"Reggie Crawford","SFG",1,1,,5.05618,22,6,0,0,,26.7,119,23,16,15,4,14,0,6,29,9.77528,4.7191,2.07143,1.34831,0.243697,0.117647,0.1260504201054573,0.232323,1.38577,0.287879,0.66879,,,5.18895,-0.150049,-0.0644311,999,,,,,,,86.58000564575197,3.242696748006393,79.50000381469727,2.977528147678785,,,,,,,,,,,,,,,,,,,"Reggie Crawford","sa3020457",686846
"Manuel Espinoza",,4,6,,5.32325,18,16,0,0,,72.7,320,80,46,43,14,22,0,3,51,6.31362,2.72352,2.31818,1.73315,0.159375,0.06875,0.09062499552965164,0.271186,1.40303,0.286957,0.679612,,,5.29853,-0.150242,-0.18347,999,,,,,,,184.77997741699227,2.5416779253587034,208.49998474121094,2.867950391932613,,,,,,,,,,,,,,,,,,,"Manuel Espinoza","sa3010242",678429
"Grant Anderson","MIL",2,3,,4.55696,43,0,0,1,,55.3,243,51,30,28,9,23,1,4,59,9.60217,3.74322,2.56522,1.46474,0.242798,0.0946502,0.14814814925193787,0.236111,1.33816,0.283784,0.716612,,,4.61313,-0.150412,-0.0941597,999,,,,,,,206.91999435424802,3.7417721014284555,200.49999618530273,3.625678100388347,,,,,,,,,,,,,,,,,,,"Grant Anderson","20546",681982
"Tyler Thomas",,1,2,,5.01211,28,1,0,0,,41.3,188,41,25,23,5,21,0,5,35,7.62712,4.57627,1.66667,1.08959,0.18617,0.111702,0.07446807622909546,0.253086,1.50121,0.295082,0.672727,,,4.93403,-0.152255,-0.270789,999,,,,,,,129.51999435424804,3.1360774030722816,133.49999618530273,3.2324454879288846,,,,,,,,,,,,,,,,,,,"Tyler Thomas","sa873974",668869
"Logan Gragg",,3,5,,4.70735,27,9,0,0,,80.3,351,85,45,42,12,26,0,6,54,6.0523,2.91407,2.07692,1.34496,0.153846,0.0740741,0.07977208495140076,0.266458,1.38232,0.288538,0.700637,,,4.95975,-0.15261,-0.0883503,999,,,,,,,237.62002258300777,2.959153344363492,257.50001525878906,3.206724850219694,,,,,,,,,,,,,,,,,,,"Logan Gragg","sa3010306",685401
"Shane Greene",,1,1,,5.85,14,2,0,0,,20,93,20,14,13,3,11,0,3,17,7.65,4.95,1.54545,1.35,0.182796,0.11828,0.06451613456010818,0.253165,1.55,0.288136,0.634328,,,5.51648,-0.153248,-0.282469,999,,,,,,,51.099999999999994,2.5549999999999997,53,2.65,,,,,,,,,,,,,,,,,,,"Shane Greene","10756",572888
"Skylar Hales","STL",2,2,,4.7929,41,0,0,0,,50.7,222,50,29,27,8,19,1,2,45,7.98817,3.37278,2.36842,1.42012,0.202703,0.0855856,0.11711711436510086,0.248756,1.36095,0.283784,0.692042,,,4.68522,-0.154232,-0.29394,999,,,,,,,173.780005645752,3.4276134720057287,176.50000381469727,3.4812623502703133,,,,,,,,,,,,,,,,,,,"Skylar Hales","sa3022739",813766
"Jack Weisenburger",,1,1,,4.98024,21,1,0,0,,25.3,117,24,15,14,3,17,0,1,25,8.89328,6.04743,1.47059,1.06719,0.213675,0.145299,0.06837606430053711,0.242424,1.62055,0.295775,0.706522,,,4.86608,-0.15437,-0.211333,999,,,,,,,83.91999435424805,3.316995924304945,83.49999618530273,3.3003952056642074,,,,,,,,,,,,,,,,,,,"Jack Weisenburger","sa3011607",674073
"Trevor Clifton",,2,3,,5.02146,16,0,0,0,,23.3,106,23,14,13,3,11,2,3,20,7.72532,4.24893,1.81818,1.1588,0.188679,0.103774,0.08490566164255142,0.25,1.45923,0.289855,0.671141,,,4.92614,-0.15502,-0.221855,999,,,,,,,73.71999435424804,3.163948359148029,75.49999618530273,3.2403432900209643,,,,,,,,,,,,,,,,,,,"Trevor Clifton","sa737901",641461
"Scott McGough","ATH",3,3,,4.58182,45,2,0,1,,55,245,56,30,28,8,25,0,1,52,8.50909,4.09091,2.08,1.30909,0.212245,0.102041,0.11020407825708389,0.255708,1.47273,0.301887,0.730659,,,4.58466,-0.155135,0.0325366,999,,,,,,,193.00000000000003,3.5090909090909097,201,3.6545454545454548,,,,,,,,,,,,,,,,,,,"Scott McGough","12056",543518
"Kyle Hill",,2,3,,4.40367,34,0,0,0,,32.7,146,31,17,16,4,17,0,1,30,8.25688,4.6789,1.76471,1.10092,0.205479,0.116438,0.0890410989522934,0.242188,1.46789,0.287234,0.731132,,,4.57321,-0.155177,-0.130562,999,,,,,,,118.18000564575195,3.6140673666188796,117.50000381469727,3.5932722040748666,,,,,,,,,,,,,,,,,,,"Kyle Hill","sa3009922",663540
"Zach Haake",,2,3,,5.50296,26,7,0,0,,50.7,229,53,34,31,8,24,0,3,38,6.74556,4.26035,1.58333,1.42012,0.165939,0.104803,0.06113537400960922,0.262376,1.51874,0.288462,0.653495,,,5.31638,-0.155944,-0.39588,999,,,,,,,133.980005645752,2.6426036218857085,144.50000381469727,2.8500986516813525,,,,,,,,,,,,,,,,,,,"Zach Haake","sa3008523",676252
"Casey Kelly","ARI",6,7,,4.82927,23,21,0,0,,123,547,143,71,66,21,39,1,5,78,5.70732,2.85366,2,1.53659,0.142596,0.071298,0.07129798829555511,0.284294,1.47967,0.30198,0.727392,,,5.19087,-0.156071,0.674503,999,,,,,,,304.1000000000001,2.4723577235772365,366,2.975609756097561,,,,,,,,,,,,,,,,,,,"Casey Kelly","9174",543391
"Brady Choban","LAA",3,4,,4.98973,43,0,0,0,,48.7,217,50,29,27,6,18,0,5,35,6.46817,3.32649,1.94444,1.10883,0.16129,0.0829493,0.07834100723266602,0.257732,1.3963,0.287582,0.654362,,,4.74759,-0.156215,-0.348743,999,,,,,,,157.58000564575195,3.2357290180099922,166.50000381469727,3.4188911952010326,,,,,,,,,,,,,,,,,,,"Brady Choban","sa3023212",813882
"Jake McSteen",,3,3,,4.90909,31,5,0,0,,55,243,62,32,30,9,18,1,1,39,6.38182,2.94545,2.16667,1.47273,0.160494,0.0740741,0.08641974627971649,0.276786,1.45455,0.301136,0.712166,,,4.91193,-0.157761,-0.0151406,999,,,,,,,156.10000000000002,2.838181818181819,179,3.2545454545454544,,,,,,,,,,,,,,,,,,,"Jake McSteen","sa3015087",701151
"Amos Willingham","ATL",4,4,,4.40135,47,0,0,1,,59.3,262,61,31,29,8,22,2,3,51,7.7403,3.33895,2.31818,1.21417,0.194656,0.0839695,0.1106870248913765,0.257384,1.39966,0.297753,0.724234,,,4.46496,-0.157775,0.0447968,999,,,,,,,212.81999435424817,3.5888701027375847,223.49999618530273,3.768971316370989,,,,,,,,,,,,,,,,,,,"Amos Willingham","26128",686294
"Jacob Bosiokovic",,3,3,,4.72648,38,0,0,0,,45.7,204,43,26,24,6,24,0,3,46,9.05908,4.72648,1.91667,1.18162,0.22549,0.117647,0.10784313827753067,0.242938,1.46608,0.296,0.699659,,,4.63256,-0.1584,-0.267913,999,,,,,,,163.58000564575195,3.57943113599262,161.50000381469727,3.5339168734908677,,,,,,,,,,,,,,,,,,,"Jacob Bosiokovic","sa918394",670109
"Erich Uelmen",,2,2,,5.2,29,4,0,0,,45,205,45,28,26,6,21,0,7,36,7.2,4.2,1.71429,1.2,0.17561,0.102439,0.0731707289814949,0.254237,1.46667,0.288889,0.659722,,,5.16648,-0.158698,-0.231408,999,,,,,,,130.2,2.893333333333333,135,3,,,,,,,,,,,,,,,,,,,"Erich Uelmen","20323",657272
"Hunter Parsons",,2,4,,4.7607,26,1,0,0,,39.7,178,36,23,21,5,22,1,4,39,8.84131,4.98741,1.77273,1.1335,0.219101,0.123596,0.09550562500953674,0.236842,1.46096,0.287037,0.686275,,,4.80376,-0.158796,-0.245196,999,,,,,,,138.68000564575195,3.4931990675227347,133.50000381469727,3.362720434487284,,,,,,,,,,,,,,,,,,,"Hunter Parsons","sa3011606",663500
"Orlando Ribalta","WSN",2,4,,4.81799,46,0,0,4,,46.7,209,45,27,25,6,24,1,2,43,8.28694,4.62527,1.79167,1.15632,0.205742,0.114833,0.09090909361839294,0.245902,1.47752,0.291045,0.693069,,,4.66541,-0.161245,-0.269866,999,,,,,,,178.78000564575194,3.8282655829768113,179.50000381469727,3.843683102402565,,,,,,,,,,,,,,,,,,,"Orlando Ribalta","26247",687377
"Mason Hickman",,3,5,,4.68582,33,4,0,0,,55.7,251,54,31,29,8,30,1,2,52,8.40215,4.8474,1.73333,1.29264,0.207171,0.119522,0.087649405002594,0.246575,1.50808,0.289308,0.728022,,,4.89,-0.161255,-0.0448886,999,,,,,,,181.380005645752,3.2563734858408653,182.50000381469727,3.276481172620117,,,,,,,,,,,,,,,,,,,"Mason Hickman","sa3015033",668971
"Brady Feigl",,3,5,,5.10055,25,6,0,0,,54.7,248,59,34,31,10,23,1,3,50,8.22669,3.78428,2.17391,1.64534,0.201613,0.0927419,0.1088709682226181,0.265766,1.49909,0.302469,0.705882,,,5.14089,-0.162697,-0.273169,999,,,,,,,150.380005645752,2.7491773957640966,165.50000381469727,3.025594177447022,,,,,,,,,,,,,,,,,,,"Brady Feigl","15968",621399
"Ryan Garcia","TEX",5,8,,5.70222,21,21,0,0,,94.7,426,96,65,60,17,47,0,5,77,7.31785,4.46674,1.6383,1.61563,0.180751,0.110329,0.07042253762483597,0.256684,1.51003,0.282143,0.654362,,,5.52128,-0.163339,-0.609344,999,,,,,,,240.0799774169922,2.5351635179904672,250.49998474121094,2.645195277863847,,,,,,,,,,,,,,,,,,,"Ryan Garcia","sa3011190",674114
"Travis Lakins Sr.",,1,2,,5.04,21,1,0,0,,25,112,26,15,14,4,11,0,1,21,7.56,3.96,1.90909,1.44,0.1875,0.0982143,0.0892857164144516,0.26,1.48,0.293333,0.700637,,,5.00648,-0.163614,-0.206306,999,,,,,,,74.20000000000002,2.968000000000001,79,3.16,,,,,,,,,,,,,,,,,,,"Travis Lakins Sr.","18600",664042
"Adonis Medina","PHI",4,5,,4.60317,35,4,0,0,,56.7,254,58,31,29,7,23,0,6,44,6.98413,3.65079,1.91304,1.11111,0.173228,0.0905512,0.08267717063426971,0.257778,1.42857,0.293103,0.702247,,,4.75378,-0.164063,-0.168248,999,,,,,,,183.68000564575192,3.2395062288219543,193.50000381469727,3.412698434056702,,,,,,,,,,,,,,,,,,,"Adonis Medina","19903",658431
"Mat Olsen",,2,3,,4.43532,36,0,0,0,,48.7,216,49,26,24,6,18,0,4,41,7.577,3.32649,2.27778,1.10883,0.189815,0.0833333,0.10648148506879807,0.252577,1.37577,0.292517,0.699659,,,4.43958,-0.164208,-0.105152,999,,,,,,,175.18000564575195,3.5971253162497563,181.50000381469727,3.7268994039281043,,,,,,,,,,,,,,,,,,,"Mat Olsen","sa3017882",695296
"Tristan Garnett","PHI",2,3,,5.01326,34,0,0,0,,37.7,170,37,23,21,5,21,1,1,34,8.11671,5.01326,1.61905,1.19363,0.2,0.123529,0.07647059112787247,0.25,1.53846,0.293578,0.686275,,,4.83757,-0.165121,-0.317324,999,,,,,,,123.28000564575198,3.27002660877771,125.50000381469727,3.328912500661501,,,,,,,,,,,,,,,,,,,"Tristan Garnett","sa3017473",702911
"Thyago Vieira",,1,1,,4.46281,28,0,0,0,,36.3,161,34,19,18,5,18,0,2,37,9.17355,4.46281,2.05556,1.23967,0.229814,0.111801,0.11801242083311081,0.241135,1.43251,0.292929,0.733333,,,4.57144,-0.165147,0.0336463,999,,,,,,,132.71999435424803,3.656198268421651,130.49999618530273,3.5950412927851674,,,,,,,,,,,,,,,,,,,"Thyago Vieira","14510",600986
"Woo-Suk Go","DET",3,5,,4.52611,44,0,0,0,,51.7,233,53,28,26,7,22,1,4,47,8.18182,3.82979,2.13636,1.21857,0.201717,0.0944206,0.10729613155126572,0.256039,1.45068,0.300654,0.720859,,,4.61716,-0.165161,-0.0189546,999,,,,,,,174.68000564575192,3.378723463597495,183.50000381469727,3.549323038815835,,,,,,,,,,,,,,,,,,,"Woo-Suk Go","sa3012630",808970
"Ryan Boyer","DET",2,2,,4.40367,32,0,0,0,,32.7,142,31,17,16,5,12,1,4,30,8.25688,3.30275,2.5,1.37615,0.211268,0.084507,0.1267605647444725,0.246032,1.31498,0.285714,0.722222,,,4.78727,-0.167225,-0.037544,999,,,,,,,111.88000564575194,3.42140682065522,110.50000381469727,3.3792049307819116,,,,,,,,,,,,,,,,,,,"Ryan Boyer","sa3018151",801682
"Lake Bachar","MIA",3,5,,4.56716,47,1,1,12,,67,294,67,37,34,10,28,1,3,62,8.32836,3.76119,2.21429,1.34328,0.210884,0.0952381,0.11564625054597855,0.254753,1.41791,0.298429,0.716049,,,4.64409,-0.168251,-0.0298402,999,,,,,,,282.59999999999997,4.217910447761193,289,4.313432835820896,,,,,,,,,,,,,,,,,,,"Lake Bachar","19222",669199
"Enmanuel Mejia",,4,6,,5.18887,39,4,0,0,,50.3,229,49,31,29,7,28,1,3,44,7.87276,5.00994,1.57143,1.25249,0.19214,0.122271,0.06986900418996811,0.247475,1.53082,0.285714,0.684524,,,5.07503,-0.168728,-0.270995,999,,,,,,,153.7199943542481,3.0560635524023767,155.49999618530273,3.091451263298069,,,,,,,,,,,,,,,,,,,"Enmanuel Mejia","sa3009262",684871
"Rafael Marcano",,2,4,,5.27586,25,8,0,0,,58,268,61,37,34,8,32,0,3,45,6.98276,4.96552,1.40625,1.24138,0.16791,0.119403,0.048507459461688995,0.261803,1.60345,0.294444,0.684597,,,5.2182,-0.169026,-0.330921,999,,,,,,,157.20000000000007,2.710344827586208,171,2.9482758620689653,,,,,,,,,,,,,,,,,,,"Rafael Marcano","sa3008330",680632
"Kody Clemens","MIN",0,0,,6.50602,9,0,0,0,,8.3,43,11,6,6,1,5,0,0,1,1.08434,5.42169,0.2,1.08434,0.0232558,0.116279,-0.09302325919270515,0.289474,1.92771,0.277778,0.684932,,,6.29901,-0.169596,-0.163706,744.4199829101562,,,,,,,7.520001411437995,0.9060242456177813,15.500000953674316,1.8674699515039386,,,,,,,,,,,,,,,,,,,"Kody Clemens","20572",665019
"Zac Leigh","CHC",2,3,,4.4226,34,0,0,0,,40.7,181,36,22,20,5,21,0,4,41,9.06634,4.64373,1.95238,1.10565,0.226519,0.116022,0.11049722880125046,0.230769,1.40049,0.281818,0.7,,,4.59154,-0.170711,-0.130232,999,,,,,,,153.08000564575198,3.7611794293906584,145.50000381469727,3.5749386016519793,,,,,,,,,,,,,,,,,,,"Zac Leigh","sa3017873",684949
"Ryan Carpenter",,3,4,,5.40338,12,12,0,0,,53.3,244,61,35,32,9,22,0,3,33,5.57223,3.71482,1.5,1.5197,0.135246,0.0901639,0.0450819730758667,0.278539,1.55722,0.293785,0.681818,,,5.53046,-0.171101,-0.278593,999,,,,,,,116.11999435424806,2.178611557530896,140.49999618530273,2.636022480233176,,,,,,,,,,,,,,,,,,,"Ryan Carpenter","12699",543001
"Aaron Sanchez",,3,5,,5.10448,15,14,0,0,,67,307,73,41,38,9,31,0,8,39,5.23881,4.16418,1.25806,1.20896,0.127036,0.100977,0.026058629155158997,0.272388,1.55224,0.290909,0.689278,,,5.49484,-0.171622,-0.0273894,999,,,,,,,156.29999999999995,2.3328358208955216,179,2.671641791044776,,,,,,,,,,,,,,,,,,,"Aaron Sanchez","11490",592717
"Jacob Barnes",,4,4,,4.5,51,0,0,4,,52,226,53,28,26,8,19,1,1,44,7.61538,3.28846,2.31579,1.38462,0.19469,0.0840708,0.11061947792768478,0.257282,1.38462,0.292208,0.723684,,,4.62802,-0.17198,-0.160712,999,,,,,,,192.59999999999997,3.703846153846153,200,3.8461538461538463,,,,,,,,,,,,,,,,,,,"Jacob Barnes","12323",606930
"Alex Mauricio","NYY",2,3,,5.10638,33,0,0,0,,42.3,189,42,26,24,6,20,0,1,35,7.44681,4.25532,1.75,1.2766,0.185185,0.10582,0.079365074634552,0.25,1.46572,0.283465,0.671642,,,4.84497,-0.172365,-0.428271,999,,,,,,,137.01999435424807,3.239243423772924,140.49999618530273,3.3215129720902135,,,,,,,,,,,,,,,,,,,"Alex Mauricio","sa3004337",676089
"Josh Green",,3,3,,4.5591,26,4,0,0,,53.3,238,58,29,27,6,19,0,6,31,5.23452,3.20826,1.63158,1.01313,0.130252,0.0798319,0.05042017251253128,0.2723,1.44465,0.295455,0.699708,,,4.8738,-0.172423,0.192572,999,,,,,,,156.81999435424802,2.9422138198682743,175.49999618530273,3.292682902390627,,,,,,,,,,,,,,,,,,,"Josh Green","sa3006701",681401
"Christian Montes De Oca","ARI",4,3,,4.1681,46,0,0,0,,58.3,256,59,29,27,7,21,1,4,46,7.1012,3.24185,2.19048,1.08062,0.179688,0.0820312,0.09765625,0.255411,1.37221,0.292135,0.726496,,,4.43578,-0.17277,0.207471,999,,,,,,,208.91999435424802,3.583533397740429,217.49999618530273,3.73070324239457,,,,,,,,,,,,,,,,,,,"Christian Montes De Oca","30206",801216
"Raffi Vizcaíno",,2,4,,4.80493,41,1,0,0,,48.7,224,48,28,26,6,29,0,2,47,8.68583,5.35934,1.62069,1.10883,0.209821,0.129464,0.0803571492433548,0.248705,1.58111,0.3,0.714286,,,4.74759,-0.17341,-0.125419,999,,,,,,,162.78000564575194,3.342505197035377,166.50000381469727,3.4188911952010326,,,,,,,,,,,,,,,,,,,"Raffi Vizcaino","sa736742",642563
"John Doxakis",,3,5,,4.88688,24,7,0,0,,66.3,302,67,39,36,8,33,1,8,49,6.65158,4.47964,1.48485,1.08597,0.162252,0.109272,0.052980124950408936,0.256705,1.5083,0.289216,0.686937,,,5.11218,-0.173982,-0.0874569,999,,,,,,,193.0200225830078,2.9113124238067476,202.50001525878906,3.0542987320936508,,,,,,,,,,,,,,,,,,,"John Doxakis","sa1115967",669648
"Harold Chirino","SDP",3,4,,4.73684,35,0,0,0,,43.7,196,41,25,23,5,21,1,5,39,8.03204,4.32494,1.85714,1.02975,0.19898,0.107143,0.09183672815561295,0.241176,1.41876,0.285714,0.672727,,,4.65389,-0.174293,-0.315027,999,,,,,,,155.28000564575197,3.5533181449607634,153.50000381469727,3.512585838325102,,,,,,,,,,,,,,,,,,,"Harold Chirino","sa917637",666785
"Jeff Belge",,2,2,,4.57627,35,0,0,0,,41.3,185,39,23,21,5,23,0,1,39,8.49879,5.01211,1.69565,1.08959,0.210811,0.124324,0.08648648858070374,0.242236,1.50121,0.290598,0.709091,,,4.59505,-0.174935,-0.202825,999,,,,,,,148.71999435424803,3.6009684528224923,147.49999618530273,3.5714285450384136,,,,,,,,,,,,,,,,,,,"Jeff Belge","sa3011231",666122
"Stevie Emanuels","ATH",0,1,,4.70383,23,0,0,0,,28.7,126,26,16,15,4,15,0,1,28,8.78049,4.70383,1.86667,1.25436,0.222222,0.119048,0.1031746044754982,0.236364,1.42857,0.282051,0.706215,,,4.69958,-0.176709,-0.18945,999,,,,,,,103.58000564575198,3.6090593342250252,99.50000381469727,3.4668989954586498,,,,,,,,,,,,,,,,,,,"Stevie Emanuels","sa3014698",669434
"Jhancarlos Lara","ATL",3,5,,5.20482,22,20,0,0,,83,383,83,52,48,12,49,0,7,73,7.91566,5.31325,1.4898,1.3012,0.190601,0.127937,0.06266319751739502,0.253823,1.59036,0.293388,0.694444,,,5.31106,-0.176716,0.0348083,999,,,,,,,228.8,2.7566265060240966,237,2.855421686746988,,,,,,,,,,,,,,,,,,,"Jhancarlos Lara","sa3019367",702910
"Nick Raquet","STL",4,6,,4.8,32,5,0,0,,75,338,80,43,40,10,31,1,4,53,6.36,3.72,1.70968,1.2,0.156805,0.091716,0.06508876383304596,0.264026,1.48,0.291667,0.701031,,,4.88648,-0.177545,-0.0810075,999,,,,,,,225,3,246,3.28,,,,,,,,,,,,,,,,,,,"Nick Raquet","20333",675919
"Marquis Grissom Jr.","WSN",2,3,,4.91228,42,0,0,0,,51.3,228,52,30,28,6,21,0,4,38,6.66667,3.68421,1.80952,1.05263,0.166667,0.0921053,0.07456140965223312,0.256158,1.423,0.289308,0.665635,,,4.66745,-0.177957,-0.33054,999,,,,,,,171.6199943542481,3.3454190430136506,179.49999618530273,3.4990253188079374,,,,,,,,,,,,,,,,,,,"Marquis Grissom Jr.","sa3020312",671726
"Hobie Harris","BOS",3,5,,4.84472,39,0,0,0,,48.3,217,51,28,26,6,23,0,1,38,7.08075,4.28571,1.65217,1.11801,0.175115,0.105991,0.06912443041801453,0.264249,1.53209,0.302013,0.701219,,,4.69857,-0.17998,-0.164136,999,,,,,,,155.01999435424804,3.2095237433316837,167.49999618530273,3.467908878490833,,,,,,,,,,,,,,,,,,,"Hobie Harris","18615",665048
"Riley Martin","CHC",4,5,,4.36742,38,0,0,0,,57.7,258,50,30,28,7,35,0,3,64,9.98267,5.45927,1.82857,1.09185,0.248062,0.135659,0.11240309476852417,0.227273,1.47314,0.288591,0.731383,,,4.50097,-0.18087,-0.0596716,999,,,,,,,224.88000564575202,3.897400392933648,211.50000381469727,3.6655112828099496,,,,,,,,,,,,,,,,,,,"Riley Martin","sa3017601",702303
"Matthew Thompson",,5,7,,5.14563,24,22,0,0,,92.7,424,93,57,53,13,52,0,6,73,7.08738,5.04854,1.40385,1.26214,0.17217,0.122642,0.04952829331159592,0.254098,1.56419,0.285714,0.694006,,,5.29161,-0.181422,-0.0695252,999,,,,,,,256.27997741699227,2.764616891628193,266.49998474121094,2.874865086457421,,,,,,,,,,,,,,,,,,,"Matthew Thompson","sa3011866",683010
"Christopher Troye",,2,2,,4.68085,30,0,0,0,,42.3,191,38,24,22,5,28,0,2,44,9.3617,5.95745,1.57143,1.06383,0.230366,0.146597,0.08376963436603546,0.236025,1.56028,0.294643,0.711864,,,4.7504,-0.181974,-0.0928268,999,,,,,,,150.71999435424806,3.5631204981724176,144.49999618530273,3.4160756215499197,,,,,,,,,,,,,,,,,,,"Christopher Troye","sa3017530",671220
"Joel Peguero","SFG",2,3,,4.5283,41,1,0,0,,47.7,215,50,26,24,5,21,0,3,35,6.60377,3.96226,1.66667,0.943396,0.162791,0.0976744,0.0651162788271904,0.26178,1.48847,0.298013,0.703125,,,4.57109,-0.182036,-0.105776,999,,,,,,,159.480005645752,3.3433962912985966,171.50000381469727,3.5953878631369816,,,,,,,,,,,,,,,,,,,"Joel Peguero","21951",666711
"Adisyn Coffey","CHW",2,4,,4.76821,45,0,0,0,,45.3,200,47,26,24,7,20,0,0,37,7.35099,3.97351,1.85,1.39073,0.185,0.1,0.08500000089406967,0.261111,1.47903,0.294118,0.716783,,,4.86626,-0.182116,-0.258607,999,,,,,,,140.9199943542481,3.110816704803817,149.49999618530273,3.300220721924312,,,,,,,,,,,,,,,,,,,"Adisyn Coffey","sa3014738",676249
"Dahian Santos","TOR",2,2,,5.17021,23,8,0,0,,47,212,43,29,27,7,27,0,6,44,8.42553,5.17021,1.62963,1.34043,0.207547,0.127358,0.08018867671489716,0.240223,1.48936,0.28125,0.681063,,,5.33669,-0.182145,-0.179495,999,,,,,,,138.90000000000003,2.9553191489361708,133,2.8297872340425534,,,,,,,,,,,,,,,,,,,"Dahian Santos","sa3015282",692479
"Thomas Ponticelli",,3,4,,5.47667,24,7,0,0,,49.3,229,56,32,30,7,25,1,3,29,5.29412,4.56389,1.16,1.27789,0.126638,0.10917,0.01746724545955658,0.278607,1.643,0.29697,0.688202,,,5.5397,-0.182174,0.0910535,999,,,,,,,107.11999435424809,2.1728193917236864,129.49999618530273,2.626774811143466,,,,,,,,,,,,,,,,,,,"Thomas Ponticelli","sa3007730",681856
"Troy Taylor","SEA",3,3,,4.31616,59,0,0,7,,56.3,243,50,29,27,8,23,0,5,58,9.27176,3.67673,2.52174,1.27886,0.238683,0.0946502,0.14403292536735535,0.232558,1.29663,0.281879,0.711974,,,4.44534,-0.182456,-0.195258,748.3400268554688,,,,,,,248.21999435424812,4.408880954137786,237.49999618530273,4.218472458325787,,,,,,,,,,,,,,,,,,,"Troy Taylor","31883",700187
"Carlos Espinosa","LAA",3,4,,5.17056,36,2,0,0,,55.7,250,57,35,32,9,26,0,1,49,7.91741,4.20108,1.88462,1.45422,0.196,0.104,0.09199999272823334,0.255605,1.49013,0.290909,0.681818,,,4.96181,-0.182532,-0.452772,999,,,,,,,170.280005645752,3.0570916214250663,178.50000381469727,3.204667888145955,,,,,,,,,,,,,,,,,,,"Carlos Espinosa","sa3019549",800514
"Alex Speas",,2,3,,4.65116,38,0,0,1,,38.7,176,33,22,20,4,27,1,4,42,9.76744,6.27907,1.55556,0.930233,0.238636,0.153409,0.08522726595401764,0.227586,1.55039,0.292929,0.698529,,,4.74271,-0.182841,-0.225457,999,,,,,,,146.38000564575196,3.7824290118859856,136.50000381469727,3.527131811982151,,,,,,,,,,,,,,,,,,,"Alex Speas","21859",666208
"Houston Roth","BAL",4,5,,4.86885,28,5,0,0,,61,273,62,36,33,9,29,0,3,51,7.52459,4.27869,1.75862,1.32787,0.186813,0.106227,0.08058608323335648,0.257261,1.4918,0.292818,0.701531,,,4.98615,-0.183379,-0.238782,999,,,,,,,185.5000000000001,3.0409836065573788,194,3.180327868852459,,,,,,,,,,,,,,,,,,,"Houston Roth","sa3011527",674175
"Jarret Whorff","MIN",3,5,,5.01639,29,5,0,0,,61,276,64,37,34,9,27,0,5,49,7.22951,3.98361,1.81481,1.32787,0.177536,0.0978261,0.07971014827489853,0.262295,1.4918,0.295699,0.688776,,,5.05173,-0.18405,-0.275707,999,,,,,,,176.3000000000001,2.890163934426231,190,3.1147540983606556,,,,,,,,,,,,,,,,,,,"Jarret Whorff","sa3020905",806337
"Daniel Juarez","NYM",2,4,,4.79419,34,1,0,0,,41.3,186,39,24,22,5,22,0,3,36,7.84504,4.79419,1.63636,1.08959,0.193548,0.11828,0.07526881247758865,0.242236,1.477,0.283333,0.685185,,,4.81297,-0.184776,-0.278297,999,,,,,,,139.71999435424803,3.383050773252081,138.49999618530273,3.353510865468002,,,,,,,,,,,,,,,,,,,"Daniel Juarez","sa3011139",684483
"Zach Jackson","ATH",5,6,,4.62162,39,0,0,0,,37,169,32,21,19,4,26,1,1,40,9.72973,6.32432,1.53846,0.972973,0.236686,0.153846,0.08284023404121399,0.225352,1.56757,0.285714,0.706107,,,4.59891,-0.18484,-0.284689,999,,,,,,,140.40000000000003,3.7945945945945954,132,3.5675675675675675,,,,,,,,,,,,,,,,,,,"Zach Jackson","19493",667427
"Chase Costello","MIL",5,6,,4.71698,33,0,0,0,,47.7,208,47,27,25,7,18,1,3,40,7.54717,3.39623,2.22222,1.32075,0.192308,0.0865385,0.10576923191547394,0.251337,1.36268,0.285714,0.688406,,,4.71784,-0.185619,-0.195011,999,,,,,,,161.68000564575203,3.3895178838523083,164.50000381469727,3.4486373413751736,,,,,,,,,,,,,,,,,,,"Chase Costello","sa3020799",680774
"Patrick Weigel",,2,3,,5,31,1,0,0,,36,165,34,22,20,4,21,1,5,33,8.25,5.25,1.57143,1,0.2,0.127273,0.0727272778749466,0.244604,1.52778,0.294118,0.668016,,,4.94426,-0.185659,-0.276885,999,,,,,,,116.80000000000004,3.2444444444444454,116,3.2222222222222223,,,,,,,,,,,,,,,,,,,"Patrick Weigel","17792",622256
"Jaden Hill","COL",3,5,,5.18887,40,4,0,1,,50.3,228,51,31,29,8,22,0,8,45,8.05169,3.93638,2.04545,1.43141,0.197368,0.0964912,0.10087720304727554,0.257576,1.45129,0.296552,0.679612,,,5.23407,-0.185877,0.080305,999,,,,,,,145.21999435424803,2.887077466340225,151.49999618530273,3.0119283992688217,,,,,,,,,,,,,,,,,,,"Jaden Hill","30250",677955
"Victor González","LAA",3,4,,4.92857,46,0,0,1,,42,186,41,25,23,5,20,0,4,33,7.07143,4.28571,1.65,1.07143,0.177419,0.107527,0.06989246606826782,0.253086,1.45238,0.290323,0.666667,,,4.85696,-0.185914,-0.300397,999,,,,,,,140.70000000000002,3.3500000000000005,143,3.4047619047619047,,,,,,,,,,,,,,,,,,,"Victor Gonzalez","16408",624647
"Carlos Guzman","NYM",3,5,,5.0625,30,6,0,0,,64,289,64,39,36,9,31,0,5,52,7.3125,4.35938,1.67742,1.26562,0.179931,0.107266,0.07266435772180557,0.252964,1.48438,0.286458,0.679612,,,5.0571,-0.185962,-0.340872,999,,,,,,,192.50000000000003,3.0078125000000004,199,3.109375,,,,,,,,,,,,,,,,,,,"Carlos Guzman","sa871477",664346
"Max Roberts","CHW",2,4,,5.30769,33,0,0,0,,39,183,40,25,23,5,25,0,1,37,8.53846,5.76923,1.48,1.15385,0.202186,0.136612,0.06557376682758331,0.254777,1.66667,0.304348,0.689655,,,4.93571,-0.18616,-0.487136,999,,,,,,,119.10000000000002,3.0538461538461545,126,3.230769230769231,,,,,,,,,,,,,,,,,,,"Max Roberts","sa3004014",676611
"Chris Rodriguez","CHW",1,3,,5.35714,31,2,0,0,,42,197,44,27,25,5,25,0,3,33,7.07143,5.35714,1.32,1.07143,0.167513,0.126904,0.04060913622379303,0.260355,1.64286,0.29771,0.677419,,,5.14267,-0.187081,-0.423377,999,,,,,,,116.9,2.7833333333333337,127,3.0238095238095237,,,,,,,,,,,,,,,,,,,"Chris Rodriguez","22310",669735
"Samuel Reyes",,3,4,,5.07273,35,3,0,0,,55,246,58,34,31,8,25,0,1,42,6.87273,4.09091,1.68,1.30909,0.170732,0.101626,0.06910569220781326,0.263636,1.50909,0.294118,0.682451,,,4.9483,-0.187538,-0.36281,999,,,,,,,163.8,2.9781818181818185,177,3.2181818181818183,,,,,,,,,,,,,,,,,,,"Samuel Reyes","sa3003036",672795
"Jack Little","PIT",2,2,,4.96689,39,0,0,0,,45.3,199,45,27,25,7,17,0,3,39,7.74834,3.37748,2.29412,1.39073,0.19598,0.0854271,0.11055275797843933,0.251397,1.36865,0.285714,0.670498,,,4.77796,-0.187977,-0.382097,999,,,,,,,150.1199943542481,3.3139072159505223,153.49999618530273,3.38852094416201,,,,,,,,,,,,,,,,,,,"Jack Little","26152",669193
"Matt Seelinger","DET",1,2,,4.80712,27,0,0,0,,33.7,150,31,19,18,5,19,1,0,34,9.08012,5.07418,1.78947,1.33531,0.226667,0.126667,0.10000000894069672,0.236641,1.48368,0.282609,0.72093,,,4.76885,-0.188177,-0.189624,999,,,,,,,118.28000564575197,3.5097923729374747,114.50000381469727,3.3976261490360304,,,,,,,,,,,,,,,,,,,"Matt Seelinger","sa3004483",676910
"Hunter Gregory","TOR",3,4,,4.88038,35,4,0,0,,62.7,281,62,37,34,9,28,0,5,52,7.46411,4.01914,1.85714,1.29187,0.185053,0.0996441,0.0854092538356781,0.25,1.43541,0.283422,0.684755,,,4.95276,-0.188383,-0.280043,999,,,,,,,197.08000564575207,3.143221742386989,201.50000381469727,3.2137161301886192,,,,,,,,,,,,,,,,,,,"Hunter Gregory","sa3017754",695347
"Jose Geraldo","SEA",1,1,,4.84848,24,0,0,0,,29.7,132,30,17,16,4,13,1,1,24,7.27273,3.93939,1.84615,1.21212,0.181818,0.0984849,0.0833333358168602,0.254237,1.44781,0.288889,0.695187,,,4.7153,-0.189926,-0.288091,999,,,,,,,98.58000564575201,3.319192024020521,102.50000381469727,3.4511784909648835,,,,,,,,,,,,,,,,,,,"Jose Geraldo","sa3016295",702751
"Génesis Cabrera","MIN",3,3,,4.5,63,0,0,1,,60,261,55,32,30,8,28,3,3,56,8.4,4.2,2,1.2,0.214559,0.10728,0.1072796955704689,0.23913,1.38333,0.283133,0.710306,,,4.58315,-0.190845,-0.181682,999,,,,,,,225.60000000000002,3.7600000000000002,219,3.65,,,,,,,,,,,,,,,,,,,"Genesis Cabrera","17490",650893
"Daniel Camarena",,3,5,,5.04521,25,10,0,0,,55.3,250,63,34,31,9,20,1,3,34,5.53345,3.25497,1.7,1.46474,0.136,0.08,0.056000009179115295,0.277533,1.5009,0.293478,0.696023,,,5.3003,-0.191358,-0.212605,999,,,,,,,133.71999435424806,2.418083113907759,158.49999618530273,2.866184419024013,,,,,,,,,,,,,,,,,,,"Daniel Camarena","14467",547176
"Matt Bowman","HOU",2,3,,4.52611,44,1,0,1,,51.7,227,52,28,26,7,22,1,3,44,7.65957,3.82979,2,1.21857,0.193833,0.0969163,0.0969163030385971,0.257426,1.43133,0.298013,0.716511,,,4.67518,-0.191775,-0.159814,999,,,,,,,178.28000564575194,3.4483559577343352,184.50000381469727,3.568665398298291,,,,,,,,,,,,,,,,,,,"Matt Bowman","13528",621199
"Ryan Och","SDP",2,3,,4.62527,32,0,0,0,,46.7,209,41,26,24,6,26,1,4,49,9.44325,5.01071,1.88462,1.15632,0.23445,0.124402,0.110047847032547,0.22905,1.43469,0.282258,0.699659,,,4.66541,-0.191987,-0.260736,999,,,,,,,173.18000564575195,3.7083512380407813,163.50000381469727,3.501070688299621,,,,,,,,,,,,,,,,,,,"Ryan Och","sa3017146",701000
"Magnus Ellerts","CLE",5,5,,4.34608,43,0,0,0,,49.7,219,44,26,24,7,27,1,2,53,9.59759,4.88934,1.96296,1.26761,0.242009,0.123288,0.11872146278619766,0.231579,1.42857,0.284615,0.735294,,,4.61517,-0.192488,-0.0711278,999,,,,,,,186.28000564575197,3.7480885872472296,176.50000381469727,3.551307869321215,,,,,,,,,,,,,,,,,,,"Magnus Ellerts","sa3020813",701884
"Sam Gardner",,2,2,,4.63636,22,0,0,0,,33,143,30,18,17,6,17,0,0,36,9.81818,4.63636,2.11765,1.63636,0.251748,0.118881,0.13286714255809784,0.238095,1.42424,0.285714,0.751295,,,4.89375,-0.193262,-0.0660121,999,,,,,,,113.40000000000003,3.4363636363636374,108,3.272727272727273,,,,,,,,,,,,,,,,,,,"Sam Gardner","sa3021721",814217
"Aidan Anderson","TEX",4,6,,5.09434,36,2,0,0,,58.3,257,58,36,33,9,22,1,5,48,7.40995,3.39623,2.18182,1.38937,0.18677,0.0856031,0.10116731375455856,0.252174,1.37221,0.283237,0.652819,,,4.91605,-0.19342,-0.47286,999,,,,,,,184.91999435424805,3.171869584462993,189.49999618530273,3.2504287935708938,,,,,,,,,,,,,,,,,,,"Aidan Anderson","sa3011250",689379
"Jose Cuas","PHI",2,3,,4.95918,46,0,0,1,,49,220,47,29,27,7,22,1,7,49,9,4.04082,2.22727,1.28571,0.222727,0.1,0.12272726744413376,0.246073,1.40816,0.296296,0.675676,,,4.79913,-0.193824,-0.322551,999,,,,,,,169.3,3.455102040816327,169,3.4489795918367347,,,,,,,,,,,,,,,,,,,"Jose Cuas","17701",621016
"Jake Garland","ATH",5,8,,5.06653,24,16,0,0,,97.7,436,110,59,55,14,33,0,6,52,4.79017,3.03992,1.57576,1.28966,0.119266,0.0756881,0.04357798397541046,0.277078,1.46366,0.29003,0.680713,,,5.16239,-0.19484,-0.195784,999,,,,,,,251.77997741699232,2.577072520794202,293.49998474121094,3.0040941034695865,,,,,,,,,,,,,,,,,,,"Jake Garland","sa3020077",687195
"Chris Kachmar","CHC",3,5,,5.22068,22,15,0,0,,79.3,355,84,50,46,13,32,0,6,58,6.5826,3.63178,1.8125,1.47541,0.16338,0.0901408,0.07323943823575974,0.264984,1.4628,0.288618,0.674847,,,5.27241,-0.195737,-0.237107,999,,,,,,,210.52002258300783,2.654729060295305,229.50001525878906,2.8940732210186444,,,,,,,,,,,,,,,,,,,"Chris Kachmar","sa1170503",690148
"Drew Smith","NYM",3,3,,4.28571,43,0,0,1,,42,177,37,22,20,7,18,1,2,43,9.21429,3.85714,2.38889,1.5,0.242938,0.101695,0.14124293625354767,0.235669,1.30952,0.280374,0.730088,,,4.7141,-0.196417,-0.0847098,999,,,,,,,158.5,3.7738095238095237,149,3.5476190476190474,,,,,,,,,,,,,,,,,,,"Drew Smith","17755",622098
"Ray Gaither",,1,1,,4.64627,42,3,0,0,,52.3,234,52,29,27,7,26,1,2,43,7.39962,4.47419,1.65385,1.20459,0.183761,0.111111,0.07264957576990128,0.252427,1.4914,0.288462,0.718475,,,4.8682,-0.197502,-0.109152,999,,,,,,,167.71999435424806,3.206883304032617,172.49999618530273,3.298279133875526,,,,,,,,,,,,,,,,,,,"Ray Gaither","sa3017270",668877
"Nick Wittgren",,2,2,,5.03106,37,2,0,0,,48.3,215,53,29,27,7,16,1,4,34,6.3354,2.98137,2.125,1.30435,0.15814,0.0744186,0.08372093737125397,0.271795,1.42857,0.298701,0.675676,,,4.88491,-0.197829,-0.331482,999,,,,,,,141.519994354248,2.9300206333266328,158.49999618530273,3.281573471820799,,,,,,,,,,,,,,,,,,,"Nick Wittgren","15594",621295
"Nick Merkel","MIL",4,5,,4.74378,36,2,0,0,,68.3,300,67,39,36,11,26,0,5,61,8.03807,3.42606,2.34615,1.44949,0.203333,0.0866667,0.11666666716337204,0.249071,1.36164,0.284264,0.695876,,,4.83559,-0.198963,-0.157129,999,,,,,,,224.92002258300784,3.293118777938607,227.50001525878906,3.3308931931729098,,,,,,,,,,,,,,,,,,,"Nick Merkel","sa3019962",806581
"Daniel Duarte","MIN",2,3,,4.725,38,0,0,0,,40,176,38,23,21,5,20,0,3,35,7.875,4.5,1.75,1.125,0.198864,0.113636,0.08522727340459824,0.248366,1.45,0.292035,0.686275,,,4.76648,-0.199712,-0.259876,999,,,,,,,136.7,3.4174999999999995,136,3.4,,,,,,,,,,,,,,,,,,,"Daniel Duarte","17480",650960
"Kaleb Bowman","MIL",4,4,,4.77148,35,1,0,0,,54.7,241,54,31,29,8,20,0,6,46,7.56856,3.29068,2.3,1.31627,0.190871,0.0829876,0.10788381844758987,0.251163,1.35283,0.285714,0.684713,,,4.81182,-0.199988,-0.157094,999,,,,,,,179.98000564575202,3.290310843426765,183.50000381469727,3.354661814539185,,,,,,,,,,,,,,,,,,,"Kaleb Bowman","sa3020745",689337
"Jake Walsh",,2,1,,4.87685,19,0,0,0,,20.3,92,20,12,11,3,11,0,1,18,7.9803,4.87685,1.63636,1.33005,0.195652,0.119565,0.07608695328235626,0.25,1.52709,0.288136,0.708955,,,5.08766,-0.200063,-0.124754,999,,,,,,,61.31999435424805,3.020689490583805,62.499996185302734,3.078817661785921,,,,,,,,,,,,,,,,,,,"Jake Walsh","20227",673904
"Kyle Whitten","TBR",2,4,,4.71429,31,1,0,0,,42,184,44,24,22,6,15,0,1,30,6.42857,3.21429,2,1.28571,0.163043,0.0815217,0.08152174204587936,0.261905,1.40476,0.287879,0.6917,,,4.73791,-0.200108,-0.281012,999,,,,,,,134.6,3.2047619047619045,144,3.4285714285714284,,,,,,,,,,,,,,,,,,,"Kyle Whitten","sa3016936",671093
"Matt Koch",,3,5,,5.29412,44,1,0,0,,49.3,220,57,31,29,8,15,1,3,33,6.02434,2.73834,2.2,1.46045,0.15,0.0681818,0.08181818574666977,0.282178,1.46045,0.304348,0.674342,,,5.03261,-0.200378,-0.101596,999,,,,,,,130.21999435424806,2.6413792367030524,154.49999618530273,3.1338742104717854,,,,,,,,,,,,,,,,,,,"Matt Koch","13420",571863
"CD Pelham","ATH",1,1,,4.93671,22,0,0,0,,23.7,110,24,14,13,3,14,0,0,20,7.59494,5.31646,1.42857,1.13924,0.181818,0.127273,0.054545462131500244,0.25,1.60338,0.287671,0.710059,,,4.89644,-0.200689,-0.240312,999,,,,,,,74.08000564575195,3.1257385342195234,77.50000381469727,3.270042249782828,,,,,,,,,,,,,,,,,,,"CD Pelham","19820",641962
"Carlos Vargas","SEA",3,3,,4.26035,49,0,0,4,,50.7,224,50,26,24,6,21,1,3,41,7.27811,3.72781,1.95238,1.06509,0.183036,0.09375,0.0892857164144516,0.25,1.40039,0.287582,0.71885,,,4.5077,-0.201384,-0.163048,999,,,,,,,197.38000564575196,3.8930966997150867,201.50000381469727,3.974358989792939,,,,,,,,,,,,,,,,,,,"Carlos Vargas","22915",672841
"Theo Denlinger",,2,4,,4.95,26,0,0,0,,40,181,42,24,22,5,18,0,3,31,6.975,4.05,1.72222,1.125,0.171271,0.0994475,0.07182320207357407,0.2625,1.5,0.298387,0.679245,,,4.81648,-0.201447,-0.214129,999,,,,,,,124.3,3.1075,134,3.35,,,,,,,,,,,,,,,,,,,"Theo Denlinger","sa3016908",690281
"Davis Sharpe","CLE",3,4,,4.26316,38,0,0,0,,57,248,59,29,27,8,17,1,4,43,6.78947,2.68421,2.52941,1.26316,0.173387,0.0685484,0.10483870655298233,0.259912,1.33333,0.289773,0.725309,,,4.58753,-0.201998,0.0041605,999,,,,,,,192.99999999999997,3.385964912280701,204,3.5789473684210527,,,,,,,,,,,,,,,,,,,"Davis Sharpe","sa3018112",681571
"Houston Harding","LAA",3,4,,5.42986,20,11,0,0,,66.3,301,72,43,40,11,34,0,1,45,6.1086,4.61538,1.32353,1.49321,0.149502,0.112957,0.036544859409332275,0.270677,1.59879,0.290476,0.695364,,,5.54959,-0.202345,-0.232701,999,,,,,,,153.12002258300777,2.3095024967566435,173.50001525878906,2.616893020703851,,,,,,,,,,,,,,,,,,,"Houston Harding","sa3017820",699613
"Andrew Magno","DET",5,7,,4.5234,43,0,0,0,,57.7,260,54,31,29,6,32,1,4,52,8.11092,4.99133,1.625,0.935875,0.2,0.123077,0.07692307978868484,0.241071,1.49047,0.289157,0.708763,,,4.58762,-0.202355,-0.165652,999,,,,,,,208.78000564575203,3.6183709338848193,206.50000381469727,3.578856171304102,,,,,,,,,,,,,,,,,,,"Andrew Magno","sa3010824",687841
"Wilfredo Pereira","STL",4,6,,5.02738,26,13,0,0,,91.3,406,99,55,51,14,35,0,5,58,5.71741,3.45016,1.65714,1.38007,0.142857,0.0862069,0.056650251150131226,0.270492,1.46769,0.289116,0.690559,,,5.20372,-0.202636,-0.0343658,999,,,,,,,242.02002258300791,2.650821626433103,270.50001525878906,2.9627601995308046,,,,,,,,,,,,,,,,,,,"Wilfredo Pereira","sa917136",668579
"Tim Naughton","DET",3,5,,4.71698,37,1,0,0,,47.7,215,46,27,25,6,26,0,2,43,8.11321,4.90566,1.65385,1.13208,0.2,0.12093,0.07906977087259293,0.245989,1.50943,0.289855,0.707547,,,4.75977,-0.203121,-0.221177,999,,,,,,,161.58000564575198,3.3874214478271387,162.50000381469727,3.4067086208718,,,,,,,,,,,,,,,,,,,"Tim Naughton","sa3004713",676987
"Cole McDonald",,2,2,,4.53089,35,1,0,0,,43.7,197,41,24,22,6,24,0,2,42,8.64989,4.94279,1.75,1.2357,0.213198,0.121827,0.09137056767940521,0.239766,1.48741,0.284553,0.724382,,,4.81408,-0.203475,-0.132483,999,,,,,,,148.98000564575196,3.4091533877522733,146.50000381469727,3.3524027747601126,,,,,,,,,,,,,,,,,,,"Cole McDonald","sa3010652",680423
"Jerming Rosario","LAD",5,6,,5.41935,25,19,0,0,,93,424,92,61,56,15,50,0,9,78,7.54839,4.83871,1.56,1.45161,0.183962,0.117925,0.06603774428367615,0.252055,1.52688,0.283088,0.669421,,,5.48906,-0.203737,-0.428327,999,,,,,,,243.50000000000006,2.618279569892474,249,2.6774193548387095,,,,,,,,,,,,,,,,,,,"Jerming Rosario","sa3008678",682645
"Brooks Kriske",,2,2,,4.637,40,0,0,0,,42.7,186,37,24,22,7,22,0,2,50,10.5386,4.637,2.27273,1.47541,0.268817,0.11828,0.1505376473069191,0.228395,1.38173,0.285714,0.711382,,,4.64189,-0.204251,-0.232932,999,,,,,,,161.68000564575203,3.7864169263921585,150.50000381469727,3.5245901902962142,,,,,,,,,,,,,,,,,,,"Brooks Kriske","21189",621139
"Morgan McSweeney","MIA",1,2,,4.90909,28,0,0,0,,33,149,33,19,18,4,17,0,1,26,7.09091,4.63636,1.52941,1.09091,0.174497,0.114094,0.06040269136428833,0.251908,1.51515,0.287129,0.698198,,,4.80284,-0.205136,-0.254811,999,,,,,,,107.20000000000006,3.2484848484848503,111,3.3636363636363638,,,,,,,,,,,,,,,,,,,"Morgan McSweeney","sa3010781",669682
"Spencer Bivens","SFG",4,5,,4.44304,42,2,0,7,,79,347,82,42,39,10,27,2,6,60,6.83544,3.07595,2.22222,1.13924,0.172911,0.0778098,0.09510086476802826,0.261146,1.37975,0.295082,0.705263,,,4.54623,-0.205526,0.00647748,999,,,,,,,297.40000000000003,3.764556962025317,314,3.9746835443037973,,,,,,,,,,,,,,,,,,,"Spencer Bivens","30226",702352
"Ryan Jensen","CHC",3,5,,5.10055,36,6,0,0,,54.7,251,51,34,31,7,36,0,5,54,8.88483,5.92322,1.5,1.15174,0.215139,0.143426,0.0717131495475769,0.242857,1.59049,0.295302,0.686529,,,5.10432,-0.20593,-0.339803,999,,,,,,,171.08000564575198,3.127605178420084,167.50000381469727,3.06215724823504,,,,,,,,,,,,,,,,,,,"Ryan Jensen","sa3011496",686754
"Jake Diekman",,2,2,,4.77454,46,0,0,0,,37.7,168,31,22,20,5,25,1,3,44,10.504,5.96817,1.76,1.19363,0.261905,0.14881,0.1130952537059784,0.221429,1.48541,0.285714,0.693878,,,4.78452,-0.206934,-0.314635,999,,,,,,,140.880005645752,3.736870100656402,127.50000381469727,3.3819628974658977,,,,,,,,,,,,,,,,,,,"Jake Diekman","5003",518617
"Tommy Mace","CLE",5,8,,5.03759,24,22,0,0,,119.7,538,131,72,67,18,48,0,9,72,5.41353,3.60902,1.5,1.35338,0.133829,0.0892193,0.044609665870666504,0.272349,1.49541,0.289003,0.695709,,,5.34693,-0.207376,0.0811349,999,,,,,,,296.7799774169921,2.4793649539132288,337.49998474121094,2.8195488165897333,,,,,,,,,,,,,,,,,,,"Tommy Mace","sa3018140",676390
"Justin Dunn",,1,3,,5.85,10,10,0,1,,40,182,41,28,26,7,23,0,4,30,6.75,5.175,1.30435,1.575,0.164835,0.126374,0.038461536169052124,0.264516,1.6,0.288136,0.664207,,,5.96648,-0.207485,-0.299901,999,,,,,,,86.30000000000001,2.1575,92,2.3,,,,,,,,,,,,,,,,,,,"Justin Dunn","19268",643290
"Yorlin Calderon","SEA",2,4,,4.66775,35,2,0,0,,61.7,271,60,35,32,8,22,0,8,51,7.43922,3.20908,2.31818,1.16694,0.188192,0.0811808,0.10701106488704681,0.248963,1.32901,0.285714,0.663842,,,4.65757,-0.20749,-0.417348,999,,,,,,,214.18000564575198,3.471312852469213,216.50000381469727,3.5089141189239585,,,,,,,,,,,,,,,,,,,"Yorlin Calderon","sa3010371",683583
"Tristan Stivors",,1,3,,5.1,26,0,0,0,,30,138,29,18,17,4,18,0,3,28,8.4,5.4,1.55556,1.2,0.202899,0.130435,0.07246376574039459,0.247863,1.56667,0.294118,0.700483,,,5.13315,-0.207914,-0.250479,999,,,,,,,90.4,3.0133333333333336,91,3.033333333333333,,,,,,,,,,,,,,,,,,,"Tristan Stivors","sa3020325",690086
"Troy Watson","DET",4,6,,5.12744,33,11,0,0,,66.7,304,69,41,38,9,35,1,3,48,6.47676,4.72264,1.37143,1.21439,0.157895,0.115132,0.04276315122842789,0.259398,1.55922,0.287081,0.689278,,,5.19047,-0.208601,-0.241488,999,,,,,,,185.47997741699228,2.7808093838583066,198.49998474121094,2.9760119013984783,,,,,,,,,,,,,,,,,,,"Troy Watson","sa3007249",681890
"Eddy Demurias",,1,3,,5.45455,29,0,0,0,,33,151,35,22,20,5,17,0,2,27,7.36364,4.63636,1.58824,1.36364,0.178808,0.112583,0.06622516363859177,0.265152,1.57576,0.3,0.666667,,,5.22709,-0.208804,-0.339754,999,,,,,,,88.70000000000005,2.6878787878787893,97,2.9393939393939394,,,,,,,,,,,,,,,,,,,"Eddy Demurias","sa3007852",681493
"Colby White",,2,2,,5.10811,36,2,0,0,,37,166,34,23,21,6,21,0,2,36,8.75676,5.10811,1.71429,1.45946,0.216867,0.126506,0.09036144614219666,0.237762,1.48649,0.277228,0.686695,,,5.19351,-0.20881,-0.317906,999,,,,,,,114.6,3.097297297297297,110,2.972972972972973,,,,,,,,,,,,,,,,,,,"Colby White","sa3011200",686831
"Tanner Myatt",,2,2,,4.90463,29,0,0,0,,36.7,165,33,22,20,5,22,0,2,35,8.58311,5.3951,1.59091,1.22616,0.212121,0.133333,0.07878787815570831,0.234043,1.49864,0.277228,0.6875,,,4.99209,-0.208853,-0.314993,999,,,,,,,122.28000564575196,3.331880193562101,116.50000381469727,3.174386958932758,,,,,,,,,,,,,,,,,,,"Tanner Myatt","sa3007719",669251
"Stephen Nogosek","KCR",2,2,,4.92795,25,0,0,0,,34.7,157,34,21,19,4,20,0,2,29,7.52161,5.18732,1.45,1.03746,0.184713,0.127389,0.0573248416185379,0.251852,1.5562,0.294118,0.681818,,,4.89559,-0.209058,-0.294883,999,,,,,,,111.18000564575195,3.204034674388112,113.50000381469727,3.270893409775321,,,,,,,,,,,,,,,,,,,"Stephen Nogosek","19545",668665
"Jeffrey Colon",,1,2,,5.09434,22,4,0,0,,53,241,57,32,30,7,22,0,5,34,5.77358,3.73585,1.54545,1.18868,0.141079,0.0912863,0.04979253560304642,0.266355,1.49057,0.289017,0.679191,,,5.12874,-0.209962,-0.265536,999,,,,,,,144.90000000000003,2.7339622641509442,161,3.0377358490566038,,,,,,,,,,,,,,,,,,,"Jeffrey Colon","sa3006421",681738
"Fineas Del Bonta-Smith",,2,3,,4.92857,31,0,0,0,,42,186,44,25,23,6,16,0,2,32,6.85714,3.42857,2,1.28571,0.172043,0.0860215,0.08602150529623032,0.261905,1.42857,0.292308,0.678295,,,4.78553,-0.211099,-0.23973,999,,,,,,,132.6,3.157142857142857,142,3.380952380952381,,,,,,,,,,,,,,,,,,,"Fineas Del Bonta-Smith","sa3010821",687486
"Reidis Sena","BOS",4,5,,4.88934,31,1,0,0,,49.7,225,50,29,27,7,27,0,1,45,8.14889,4.88934,1.66667,1.26761,0.2,0.12,0.08000000566244125,0.253807,1.5493,0.296552,0.714286,,,4.87674,-0.212576,-0.115649,999,,,,,,,157.68000564575198,3.1726358797831566,163.50000381469727,3.2897384568375454,,,,,,,,,,,,,,,,,,,"Reidis Sena","sa3009626",684128
"Daison Acosta","WSN",3,5,,5.14793,39,2,0,0,,50.7,230,49,31,29,6,29,3,4,44,7.81065,5.14793,1.51724,1.06509,0.191304,0.126087,0.06521739065647125,0.248731,1.53846,0.292517,0.675287,,,4.9219,-0.212822,-0.355457,999,,,,,,,162.98000564575196,3.2145957237319536,164.50000381469727,3.244575963299453,,,,,,,,,,,,,,,,,,,"Daison Acosta","sa944989",670897
"Anthony Vizcaya",,1,2,,4.7191,21,0,0,0,,26.7,120,28,15,14,4,11,0,2,22,7.41573,3.70786,2,1.34831,0.183333,0.0916667,0.09166666865348816,0.261682,1.46067,0.296296,0.718563,,,4.92678,-0.213241,-0.0851418,999,,,,,,,80.58000564575197,3.0179776533040354,86.50000381469727,3.2397004248315353,,,,,,,,,,,,,,,,,,,"Anthony Vizcaya","sa657689",622415
"Jordan Mikel",,2,3,,5.3277,26,1,0,0,,47.3,215,50,30,28,7,20,0,5,38,7.23044,3.8055,1.9,1.33192,0.176744,0.0930233,0.08372093737125397,0.263158,1.47992,0.296552,0.664452,,,5.06923,-0.213903,-0.475004,999,,,,,,,134.91999435424805,2.8524312162892254,146.49999618530273,3.0972515549327304,,,,,,,,,,,,,,,,,,,"Jordan Mikel","sa3015094",690464
"Dale Stanavich","MIA",3,5,,4.52716,39,0,0,0,,49.7,222,48,27,25,7,24,1,4,49,8.87324,4.34608,2.04167,1.26761,0.220721,0.108108,0.11261261254549026,0.247423,1.44869,0.297101,0.723473,,,4.71578,-0.214115,-0.026484,999,,,,,,,170.88000564575196,3.438229437074267,171.50000381469727,3.450704249135188,,,,,,,,,,,,,,,,,,,"Dale Stanavich","sa3019833",689359
"Dan Straily",,2,4,,5.43517,13,12,0,0,,56.3,256,62,37,34,10,25,0,3,42,6.71403,3.99645,1.68,1.59858,0.164062,0.0976562,0.06640625,0.27193,1.54529,0.295455,0.684932,,,5.47554,-0.21423,-0.265752,999,,,,,,,132.4199943542481,2.352042560367925,151.49999618530273,2.6909413541443703,,,,,,,,,,,,,,,,,,,"Dan Straily","9460",573185
"Stephen Gonsalves",,2,3,,5.49072,27,3,0,0,,37.7,179,35,25,23,5,29,0,4,39,9.31034,6.92308,1.34483,1.19363,0.217877,0.162011,0.05586591362953186,0.239726,1.69761,0.294118,0.684211,,,5.44765,-0.214586,-0.0874358,999,,,,,,,105.48000564575199,2.7978780772185785,102.50000381469727,2.7188329374109377,,,,,,,,,,,,,,,,,,,"Stephen Gonsalves","15492",624427
"Keagan Gillies","BAL",2,2,,4.57627,36,0,0,0,,41.3,181,40,23,21,6,18,0,2,37,8.06295,3.92252,2.05556,1.30751,0.20442,0.0994475,0.10497238487005234,0.248447,1.40436,0.288136,0.705645,,,4.71612,-0.215703,-0.237294,999,,,,,,,141.81999435424802,3.43389823181851,142.49999618530273,3.450363167499296,,,,,,,,,,,,,,,,,,,"Keagan Gillies","sa3017686",687482
"Bradley Brehmer","BAL",5,7,,4.81361,28,3,0,0,,61.7,277,67,36,33,9,21,2,5,44,6.41815,3.06321,2.09524,1.3128,0.158845,0.0758123,0.08303249627351761,0.266932,1.42626,0.292929,0.689655,,,4.90068,-0.21604,-0.288936,999,,,,,,,181.68000564575198,2.9445705575238725,201.50000381469727,3.2658022904876476,,,,,,,,,,,,,,,,,,,"Bradley Brehmer","sa3020828",682017
"Benito Garcia","STL",3,3,,4.65,30,1,0,0,,60,261,65,34,31,8,16,0,4,36,5.4,2.4,2.25,1.2,0.137931,0.0613027,0.07662835344672203,0.26971,1.35,0.28934,0.673352,,,4.69981,-0.216854,-0.225336,999,,,,,,,188.60000000000002,3.1433333333333335,208,3.466666666666667,,,,,,,,,,,,,,,,,,,"Benito Garcia","sa3005891",681740
"Abdiel Mendoza","MIL",6,9,,4.97925,30,8,0,0,,72.3,324,75,43,40,11,30,0,6,51,6.34855,3.73444,1.7,1.36929,0.157407,0.0925926,0.06481481343507767,0.260417,1.45228,0.283186,0.691964,,,5.22734,-0.216926,-0.0336061,999,,,,,,,198.72002258300785,2.7485479141784963,212.50001525878906,2.939142548952114,,,,,,,,,,,,,,,,,,,"Abdiel Mendoza","sa916829",665959
"Josh Ekness","MIA",3,5,,4.65517,47,0,0,0,,58,263,56,32,30,6,29,1,8,51,7.91379,4.5,1.75862,0.931035,0.193916,0.110266,0.08365019410848618,0.247788,1.46552,0.295858,0.691906,,,4.66648,-0.217602,-0.0798603,999,,,,,,,200.80000000000004,3.462068965517242,203,3.5,,,,,,,,,,,,,,,,,,,"Josh Ekness","sa3023204",694795
"Yovanny Cruz","BOS",1,1,,5.47529,20,0,0,0,,26.3,125,28,17,16,3,13,0,5,21,7.18631,4.44867,1.61538,1.02662,0.168,0.104,0.06399999558925629,0.261682,1.55894,0.301205,0.652174,,,5.10564,-0.217773,-0.258639,999,,,,,,,72.91999435424806,2.772623439908436,80.49999618530273,3.060836445647742,,,,,,,,,,,,,,,,,,,"Yovanny Cruz","sa3002951",672442
"RJ Petit","DET",4,6,,4.69274,42,1,0,0,,53.7,236,52,30,28,7,22,0,5,44,7.3743,3.68715,2,1.17318,0.186441,0.0932203,0.09322033822536469,0.248804,1.37803,0.28481,0.685358,,,4.73073,-0.218007,-0.21514,999,,,,,,,183.080005645752,3.4093110436620875,184.50000381469727,3.43575421216806,,,,,,,,,,,,,,,,,,,"RJ Petit","sa3017848",696275
"Ricardo Velez","STL",5,6,,4.85961,38,0,0,0,,46.3,206,47,27,25,7,19,0,3,42,8.16415,3.6933,2.21053,1.36069,0.203883,0.092233,0.1116504892706871,0.255435,1.42549,0.296296,0.69395,,,4.74315,-0.218543,-0.339123,999,,,,,,,152.31999435424808,3.2898487443672457,158.49999618530273,3.4233261079285806,,,,,,,,,,,,,,,,,,,"Ricardo Velez","sa3017602",703106
"Eric Adler","CHW",2,3,,5.16971,44,0,0,0,,38.3,174,36,24,22,5,24,0,2,36,8.45953,5.63969,1.5,1.17493,0.206897,0.137931,0.06896552443504333,0.243243,1.56658,0.28972,0.679245,,,5.02027,-0.21892,-0.424525,999,,,,,,,122.31999435424805,3.193733597672935,120.49999618530273,3.1462140622891273,,,,,,,,,,,,,,,,,,,"Eric Adler","sa3020592",688328
"Tyler Burch","COL",2,2,,5.34375,23,0,0,0,,32,143,36,21,19,5,12,0,2,21,5.90625,3.375,1.75,1.40625,0.146853,0.0839161,0.06293706595897675,0.27907,1.5,0.300971,0.658537,,,5.19773,-0.219716,-0.177663,999,,,,,,,81.70000000000002,2.5531250000000005,95,2.96875,,,,,,,,,,,,,,,,,,,"Tyler Burch","sa1172727",688889
"Caleb Bolden","BOS",2,3,,5.311,31,8,0,0,,62.7,287,65,40,37,9,32,0,6,50,7.17703,4.5933,1.5625,1.29187,0.174216,0.111498,0.06271777302026749,0.261044,1.54705,0.294737,0.675355,,,5.25579,-0.220073,-0.163252,999,,,,,,,170.28000564575206,2.7157895306821223,182.50000381469727,2.910685830845617,,,,,,,,,,,,,,,,,,,"Caleb Bolden","sa3020463",676700
"Kade Strowd","BAL",3,4,,4.5666,39,0,0,0,,47.3,212,46,26,24,6,24,0,3,44,8.37209,4.5666,1.83333,1.14165,0.207547,0.113208,0.09433962404727936,0.248649,1.47992,0.296296,0.714286,,,4.66754,-0.220483,-0.235727,999,,,,,,,163.61999435424806,3.4591965537717884,165.49999618530273,3.4989428933358204,,,,,,,,,,,,,,,,,,,"Kade Strowd","26191",669704
"Paul Fry",,3,4,,4.67938,44,0,0,0,,57.7,259,56,32,30,6,28,1,5,46,7.17504,4.36742,1.64286,0.935875,0.177606,0.108108,0.06949806958436966,0.247788,1.45581,0.287356,0.687831,,,4.63962,-0.220606,-0.309496,999,,,,,,,200.58000564575204,3.47625655101523,203.50000381469727,3.5268631044005936,,,,,,,,,,,,,,,,,,,"Paul Fry","15832",643316
"Blake Goldsberry",,1,2,,5.22184,25,1,0,0,,29.3,133,32,18,17,5,13,1,2,22,6.75768,3.99317,1.69231,1.53584,0.165414,0.0977444,0.06766916811466217,0.271186,1.53584,0.296703,0.710526,,,5.41904,-0.220776,-0.002194,999,,,,,,,71.11999435424802,2.427303624782721,80.49999618530273,2.747440214383388,,,,,,,,,,,,,,,,,,,"Blake Goldsberry","sa3014978",688910
"Luis González",,3,4,,4.56954,34,0,0,0,,45.3,196,46,25,23,8,15,0,2,43,8.54305,2.98013,2.86667,1.5894,0.219388,0.0765306,0.1428571417927742,0.256983,1.34658,0.296875,0.722892,,,4.68966,-0.222404,-0.235955,999,,,,,,,152.21999435424803,3.360264832625312,157.49999618530273,3.476821166399708,,,,,,,,,,,,,,,,,,,"Luis Gonzalez","sa550522",593574
"Mason Albright","COL",4,8,,5.72806,22,21,0,0,,103.7,470,123,71,66,20,40,0,3,61,5.29412,3.47155,1.525,1.73578,0.129787,0.0851064,0.04468085616827011,0.288056,1.57184,0.297688,0.681481,,,5.74121,-0.222735,0.218138,999,,,,,,,194.57997741699222,1.8763739936666461,251.49998474121094,2.425265112271289,,,,,,,,,,,,,,,,,,,"Mason Albright","sa3017847",695476
"Braxton Roxby","SFG",2,3,,4.62527,36,0,0,0,,46.7,209,44,26,24,5,20,1,8,42,8.09422,3.85439,2.1,0.963597,0.200957,0.0956938,0.10526315867900848,0.243094,1.37045,0.291045,0.666667,,,4.55834,-0.222803,-0.211878,999,,,,,,,169.68000564575195,3.633404772455762,168.50000381469727,3.608137067706791,,,,,,,,,,,,,,,,,,,"Braxton Roxby","sa3014811",694820
"Kolton Ingram",,4,4,,4.56389,45,0,0,0,,49.3,221,46,27,25,6,27,1,3,48,8.76268,4.92901,1.77778,1.09533,0.217195,0.122172,0.09502262622117996,0.240838,1.48073,0.291971,0.712074,,,4.62693,-0.223945,-0.0871101,999,,,,,,,177.41999435424808,3.5987829026349196,174.49999618530273,3.5395537299344406,,,,,,,,,,,,,,,,,,,"Kolton Ingram","26068",688427
"Edwin Escobar",,3,3,,4.62527,40,0,0,0,,46.7,210,46,26,24,5,23,1,3,37,7.13062,4.43255,1.6087,0.963597,0.17619,0.109524,0.06666667014360428,0.25,1.47752,0.288732,0.693548,,,4.644,-0.224297,-0.228611,999,,,,,,,160.48000564575196,3.4364026343465697,164.50000381469727,3.5224839641810552,,,,,,,,,,,,,,,,,,,"Edwin Escobar","10337",546276
"Tanner Rainey","DET",1,1,,4.82927,42,0,0,1,,41,182,39,24,22,6,22,1,2,41,9,4.82927,1.86364,1.31707,0.225275,0.120879,0.10439560562372208,0.246835,1.4878,0.297297,0.703422,,,4.82502,-0.225196,-0.194676,750.4600219726562,,,,,,,142.20000000000002,3.4682926829268297,141,3.4390243902439024,,,,,,,,,,,,,,,,,,,"Tanner Rainey","17610",663432
"Ryan Shreve","TBR",4,4,,4.52119,36,0,0,0,,63.7,279,66,35,32,8,24,0,1,45,6.35793,3.39089,1.875,1.1303,0.16129,0.0860215,0.07526881247758865,0.259843,1.41287,0.288557,0.69797,,,4.56365,-0.225439,-0.220971,999,,,,,,,216.38000564575194,3.396860330520458,229.50000381469727,3.6028257624169444,,,,,,,,,,,,,,,,,,,"Ryan Shreve","sa3010555",662914
"Patrick Wicklander",,3,4,,4.97925,25,9,0,0,,72.3,323,78,43,40,11,29,0,4,50,6.22407,3.60996,1.72414,1.36929,0.154799,0.0897833,0.06501547992229462,0.268966,1.47994,0.292576,0.69869,,,5.13052,-0.225543,-0.217229,999,,,,,,,197.92002258300784,2.737482907729917,219.50001525878906,3.0359613553771823,,,,,,,,,,,,,,,,,,,"Patrick Wicklander","sa3017304",677353
"Erasmo Ramírez",,3,4,,4.79032,41,1,0,0,,62,269,66,36,33,10,19,1,3,49,7.1129,2.75806,2.57895,1.45161,0.182156,0.070632,0.11152415722608566,0.267206,1.37097,0.297872,0.690141,,,4.74713,-0.225678,-0.367966,999,,,,,,,196.19999999999996,3.164516129032257,212,3.4193548387096775,,,,,,,,,,,,,,,,,,,"Erasmo Ramirez","10314",541640
"Juan Zapata",,3,5,,5.07273,21,6,0,0,,55,250,63,34,31,8,21,0,3,31,5.07273,3.43636,1.47619,1.30909,0.124,0.084,0.03999999910593033,0.278761,1.52727,0.294118,0.686813,,,5.23921,-0.225784,-0.24178,999,,,,,,,134.8,2.450909090909091,161,2.9272727272727272,,,,,,,,,,,,,,,,,,,"Juan Zapata","sa3005452",679033
"Sal Romano",,1,1,,5.27586,20,0,0,0,,29,134,34,18,17,4,12,1,1,18,5.58621,3.72414,1.5,1.24138,0.134328,0.0895522,0.044776126742362976,0.280992,1.58621,0.30303,0.693069,,,5.06303,-0.225995,-0.213223,999,,,,,,,74.00000000000003,2.5517241379310356,90,3.103448275862069,,,,,,,,,,,,,,,,,,,"Sal Romano","13690",607219
"Eury Ramos",,1,1,,4.90272,21,0,0,0,,25.7,117,25,15,14,3,15,0,1,20,7.00389,5.25292,1.33333,1.05058,0.17094,0.128205,0.04273504018783569,0.247525,1.55642,0.282051,0.698324,,,4.99527,-0.227378,-0.197743,999,,,,,,,80.28000564575197,3.1237355355070386,81.50000381469727,3.171206279971163,,,,,,,,,,,,,,,,,,,"Eury Ramos","sa873729",660756
"Ben Heller","CHC",2,2,,4.62162,32,0,0,0,,37,167,32,21,19,5,19,1,7,42,10.2162,4.62162,2.21053,1.21622,0.251497,0.113772,0.13772454857826233,0.22695,1.37838,0.287234,0.681818,,,4.76107,-0.227807,-0.222925,999,,,,,,,135.10000000000002,3.651351351351352,126,3.4054054054054053,,,,,,,,,,,,,,,,,,,"Ben Heller","15100",621294
"Jack Ralston","STL",3,3,,4.68,34,1,0,0,,50,225,46,28,26,6,30,0,2,47,8.46,5.4,1.56667,1.08,0.208889,0.133333,0.07555554807186127,0.238342,1.52,0.285714,0.710059,,,4.76648,-0.227996,-0.162459,999,,,,,,,174.6,3.492,170,3.4,,,,,,,,,,,,,,,,,,,"Jack Ralston","sa3011296",667652
"Matt Carasiti",,2,2,,4.90463,32,0,0,0,,36.7,169,39,22,20,5,18,1,2,33,8.09264,4.41417,1.83333,1.22616,0.195266,0.106509,0.08875740319490433,0.261745,1.55313,0.306306,0.7,,,4.77411,-0.229015,-0.255974,999,,,,,,,114.68000564575195,3.1247957292022344,124.50000381469727,3.392370605627354,,,,,,,,,,,,,,,,,,,"Matt Carasiti","13276",571539
"Reid Morgan",,2,2,,4.46809,35,0,0,0,,42.3,188,45,23,21,6,14,0,2,32,6.80851,2.97872,2.28571,1.2766,0.170213,0.0744681,0.09574467688798904,0.261628,1.3948,0.291045,0.711462,,,4.6322,-0.229469,-0.278762,999,,,,,,,138.21999435424806,3.2676122186108354,149.49999618530273,3.5342789333745523,,,,,,,,,,,,,,,,,,,"Reid Morgan","sa3009860",681539
"Ronan Kopp","LAD",1,2,,5.16252,34,6,0,0,,52.3,241,47,32,30,8,37,0,3,57,9.8088,6.36711,1.54054,1.37667,0.236515,0.153527,0.08298754692077637,0.233831,1.60612,0.286765,0.714286,,,5.26973,-0.229748,-0.253277,999,,,,,,,160.4199943542481,3.067303952092071,151.49999618530273,2.89674949130683,,,,,,,,,,,,,,,,,,,"Ronan Kopp","sa3017751",691947
"Brendan Hardy","COL",1,3,,5.22936,31,0,0,0,,32.7,152,31,21,19,4,20,0,5,30,8.25688,5.50459,1.5,1.10092,0.197368,0.131579,0.06578947603702545,0.244094,1.55963,0.290323,0.660793,,,5.21541,-0.231597,-0.14089,999,,,,,,,97.18000564575195,2.9718655467400144,96.50000381469727,2.9510703841960013,,,,,,,,,,,,,,,,,,,"Brendan Hardy","sa3008290",682132
"Evan Reifert","TBR",1,2,,5.04202,31,0,0,0,,35.7,163,29,22,20,4,24,0,5,41,10.3361,6.05042,1.70833,1.0084,0.251534,0.147239,0.10429447889328003,0.216418,1.48459,0.280899,0.654008,,,4.76312,-0.232023,-0.459669,999,,,,,,,134.58000564575198,3.769747976741247,121.50000381469727,3.4033613786593446,,,,,,,,,,,,,,,,,,,"Evan Reifert","sa3014860",682126
"Evan Kravetz","CIN",3,5,,5.43396,37,3,0,0,,53,241,56,35,32,9,27,0,3,46,7.81132,4.58491,1.7037,1.5283,0.190871,0.112033,0.07883817702531815,0.265403,1.56604,0.301282,0.681818,,,5.33629,-0.233172,-0.350125,999,,,,,,,137.90000000000006,2.6018867924528313,150,2.830188679245283,,,,,,,,,,,,,,,,,,,"Evan Kravetz","27536",667478
"Kirby Snead",,3,4,,4.5,45,0,0,0,,44,199,45,24,22,5,20,1,3,35,7.15909,4.09091,1.75,1.02273,0.175879,0.100503,0.07537689059972763,0.255682,1.47727,0.294118,0.706897,,,4.62103,-0.233488,-0.298884,999,,,,,,,148.10000000000002,3.3659090909090916,156,3.5454545454545454,,,,,,,,,,,,,,,,,,,"Kirby Snead","19179",669912
"Caleb Baragar",,2,3,,5.11041,25,3,0,0,,31.7,145,32,19,18,5,19,0,1,28,7.94953,5.39432,1.47368,1.41956,0.193103,0.131034,0.06206896901130676,0.256,1.60883,0.293478,0.727273,,,5.34314,-0.235035,-0.156222,999,,,,,,,85.88000564575195,2.7091483778812546,89.50000381469727,2.823343900967092,,,,,,,,,,,,,,,,,,,"Caleb Baragar","19231",670056
"Yacksel Ríos","NYM",2,2,,4.93548,28,0,0,0,,31,139,29,18,17,4,18,0,2,28,8.12903,5.22581,1.55556,1.16129,0.201439,0.129496,0.07194244861602783,0.243697,1.51613,0.287356,0.700483,,,4.97293,-0.236018,-0.248442,999,,,,,,,100.79999999999998,3.251612903225806,99,3.193548387096774,,,,,,,,,,,,,,,,,,,"Yacksel Rios","15007",605441
"Geronimo Franzua",,4,5,,4.76471,41,2,0,0,,51,227,52,29,27,8,23,1,3,46,8.11765,4.05882,2,1.41176,0.202643,0.101322,0.10132158547639847,0.258706,1.47059,0.29932,0.721003,,,4.93119,-0.236253,-0.0528714,999,,,,,,,157.8,3.0941176470588236,165,3.235294117647059,,,,,,,,,,,,,,,,,,,"Geronimo Franzua","sa597245",601980
"Luis Angel Rodriguez","HOU",4,6,,5.0517,20,10,0,0,,67.7,309,67,41,38,11,38,0,4,60,7.97637,5.0517,1.57895,1.46233,0.194175,0.122977,0.07119740545749664,0.250936,1.55096,0.285714,0.714286,,,5.36737,-0.236432,-0.105915,999,,,,,,,185.47997741699214,2.7397339110486927,189.49998474121094,2.799113637864518,,,,,,,,,,,,,,,,,,,"Luis Angel Rodriguez","sa3005435",678296
"Sam Whiting","SDP",3,4,,5.42647,23,19,0,0,,68,313,71,44,41,10,34,0,6,46,6.08824,4.5,1.35294,1.32353,0.146965,0.108626,0.038338661193847656,0.260073,1.54412,0.281106,0.67033,,,5.49001,-0.237142,-0.343084,999,,,,,,,167.60000000000005,2.4647058823529417,182,2.676470588235294,,,,,,,,,,,,,,,,,,,"Sam Whiting","sa3023078",688519
"Mason Fox",,2,2,,5.1,22,0,0,0,,30,138,29,18,17,4,18,1,1,27,8.1,5.4,1.5,1.2,0.195652,0.130435,0.06521739065647125,0.243697,1.56667,0.284091,0.700483,,,4.99981,-0.237152,-0.303652,999,,,,,,,94.4,3.146666666666667,95,3.1666666666666665,,,,,,,,,,,,,,,,,,,"Mason Fox","sa3007460",663674
"Brody Rodning",,2,4,,5.04,23,0,0,0,,25,114,23,15,14,4,14,0,3,27,9.72,5.04,1.92857,1.44,0.236842,0.122807,0.11403509229421616,0.237113,1.48,0.287879,0.700637,,,5.12648,-0.237536,-0.23988,999,,,,,,,79.00000000000001,3.1600000000000006,76,3.04,,,,,,,,,,,,,,,,,,,"Brody Rodning","sa3004591",676697
"Austin Roberts","MIL",3,3,,4.57627,44,0,0,0,,59,261,59,32,30,8,26,0,4,52,7.9322,3.9661,2,1.22034,0.199234,0.0996169,0.09961685538291931,0.255411,1.44068,0.298246,0.718157,,,4.6919,-0.23809,-0.0261936,999,,,,,,,198.80000000000004,3.3694915254237294,205,3.4745762711864407,,,,,,,,,,,,,,,,,,,"Austin Roberts","sa3010254",686762
"Sam Carlson","LAD",3,3,,5.13812,33,5,0,0,,54.3,250,56,34,31,8,25,0,7,44,7.29282,4.14365,1.76,1.32597,0.176,0.1,0.07599999755620956,0.256881,1.49171,0.289157,0.673352,,,5.22909,-0.238371,-0.365747,999,,,,,,,149.81999435424805,2.759115956892937,159.49999618530273,2.9373848697301943,,,,,,,,,,,,,,,,,,,"Sam Carlson","sa3005015",672277
"Cristian Hernandez","NYY",2,3,,5.29412,30,5,0,0,,51,228,53,32,30,9,21,0,4,40,7.05882,3.70588,1.90476,1.58824,0.175439,0.0921053,0.0833333358168602,0.261084,1.45098,0.285714,0.684039,,,5.36256,-0.238765,-0.324255,999,,,,,,,133.90000000000003,2.6254901960784323,143,2.803921568627451,,,,,,,,,,,,,,,,,,,"Cristian Hernandez","sa3005836",678707
"Will Mabrey","ARI",3,3,,4.38134,43,1,0,0,,49.3,221,50,26,24,6,23,1,2,39,7.11968,4.19878,1.69565,1.09533,0.176471,0.104072,0.07239819318056107,0.255102,1.48073,0.291391,0.727554,,,4.68778,-0.239204,0.078369,999,,,,,,,164.01999435424807,3.3269776245949405,171.49999618530273,3.4787018020150424,,,,,,,,,,,,,,,,,,,"Will Mabrey","sa3020709",801412
"Ryan Middendorf",,2,1,,4.55696,44,0,0,0,,55.3,242,54,30,28,8,19,1,7,47,7.64919,3.09222,2.47368,1.30199,0.194215,0.0785124,0.11570248007774353,0.25,1.32007,0.285714,0.695793,,,4.7578,-0.24041,-0.0941827,999,,,,,,,186.41999435424802,3.3710668521911016,188.49999618530273,3.408679905712823,,,,,,,,,,,,,,,,,,,"Ryan Middendorf","sa3019506",805437
"Cade Gibson","MIA",3,5,,5.35576,20,13,0,0,,77.3,353,88,50,46,12,31,0,8,48,5.58862,3.60931,1.54839,1.39715,0.135977,0.0878187,0.04815864562988281,0.280255,1.53946,0.299213,0.675147,,,5.45626,-0.240793,-0.107656,999,,,,,,,174.62002258300782,2.2589911473365323,209.50001525878906,2.710220012779482,,,,,,,,,,,,,,,,,,,"Cade Gibson","31815",806188
"Brayan Castillo","COL",2,4,,5.59415,28,7,0,0,,54.7,256,60,37,34,8,32,0,3,39,6.41682,5.26508,1.21875,1.31627,0.152344,0.125,0.02734375,0.271493,1.6819,0.298851,0.680693,,,5.56136,-0.241654,-0.0578003,999,,,,,,,123.38000564575202,2.2555759401258526,142.50000381469727,2.6051188633848135,,,,,,,,,,,,,,,,,,,"Brayan Castillo","sa3006544",678899
"Justin Meis","PIT",2,4,,4.93506,31,6,0,0,,69.3,313,73,41,38,10,34,0,3,52,6.75325,4.41558,1.52941,1.2987,0.166134,0.108626,0.05750797688961029,0.264493,1.54401,0.294393,0.709677,,,5.14339,-0.241833,0.0100423,999,,,,,,,193.0200225830078,2.785281588499321,209.50001525878906,3.0230881101451126,,,,,,,,,,,,,,,,,,,"Justin Meis","sa3017207",701568
"Keylan Killgore",,3,5,,4.94715,37,0,0,0,,47.3,214,47,28,26,6,24,0,3,41,7.80127,4.5666,1.70833,1.14165,0.191589,0.11215,0.07943926006555557,0.251337,1.50106,0.292857,0.686901,,,4.79439,-0.242169,-0.250638,999,,,,,,,155.01999435424807,3.277378369020916,159.49999618530273,3.3720929969980027,,,,,,,,,,,,,,,,,,,"Keylan Killgore","sa3008069",681154
"Mychal Givens",,2,3,,5.02941,35,1,0,0,,34,153,35,21,19,5,17,2,3,30,7.94118,4.5,1.76471,1.32353,0.196078,0.111111,0.08496732264757156,0.263158,1.52941,0.306122,0.688889,,,5.07824,-0.242775,-0.225856,999,,,,,,,99.10000000000002,2.914705882352942,105,3.088235294117647,,,,,,,,,,,,,,,,,,,"Mychal Givens","10430",571710
"Russell Smith","MIL",2,2,,4.88934,25,3,0,0,,49.7,223,49,29,27,8,25,0,3,44,7.96781,4.52716,1.76,1.44869,0.197309,0.112108,0.08520179986953735,0.251282,1.48893,0.286713,0.71656,,,5.17855,-0.244221,-0.0878765,999,,,,,,,145.98000564575202,2.937223408547855,148.50000381469727,2.9879275962794654,,,,,,,,,,,,,,,,,,,"Russell Smith","sa3018191",669080
"Seth Elledge","ATH",3,3,,4.637,36,0,0,0,,42.7,186,43,24,22,6,16,1,2,34,7.16628,3.37237,2.125,1.26464,0.182796,0.0860215,0.09677419811487198,0.255952,1.38173,0.289062,0.6917,,,4.66531,-0.245977,-0.30277,999,,,,,,,144.38000564575196,3.3812647088068317,149.50000381469727,3.501170986967583,,,,,,,,,,,,,,,,,,,"Seth Elledge","19766",676220
"Bailey Horn","DET",3,5,,4.86034,41,2,0,1,,53.7,242,52,31,29,7,30,2,2,48,8.04469,5.02793,1.6,1.17318,0.198347,0.123967,0.07438016682863235,0.247619,1.527,0.290323,0.706371,,,4.86108,-0.246522,-0.267179,999,,,,,,,180.080005645752,3.3534451226680897,181.50000381469727,3.3798882911740624,,,,,,,,,,,,,,,,,,,"Bailey Horn","27753",690544
"Baron Stuart","NYY",5,8,,5.6129,20,20,0,0,,93,419,102,63,58,17,38,0,6,59,5.70968,3.67742,1.55263,1.64516,0.140811,0.0906921,0.05011933296918869,0.272,1.50538,0.284281,0.662651,,,5.69336,-0.24687,-0.517823,999,,,,,,,199.90000000000003,2.1494623655913982,230,2.4731182795698925,,,,,,,,,,,,,,,,,,,"Baron Stuart","sa3020888",685067
"Triston McKenzie","CLE",5,8,,4.85175,25,22,0,1,,111.3,494,107,65,60,20,62,1,2,103,8.32884,5.01348,1.66129,1.61725,0.208502,0.125506,0.0829959511756897,0.248837,1.51842,0.283388,0.737589,,,5.37672,-0.247087,0.249574,581.25,,,,,,,317.420022583008,2.8519318407870866,314.50001525878906,2.8256963758800366,,,,,,,,,,,,,,,,,,,"Triston McKenzie","18000",663474
"Francis Pena","SDP",4,5,,4.41509,40,0,0,0,,53,230,52,28,26,8,19,0,3,44,7.4717,3.22642,2.31579,1.35849,0.191304,0.0826087,0.10869564861059189,0.25,1.33962,0.282051,0.719064,,,4.71365,-0.247263,-0.136972,999,,,,,,,180.60000000000008,3.4075471698113224,183,3.452830188679245,,,,,,,,,,,,,,,,,,,"Francis Pena","sa3019374",800212
"Trey Wingenter",,3,5,,4.62527,39,0,0,0,,46.7,207,43,26,24,7,22,1,4,49,9.44325,4.23983,2.22727,1.34904,0.236715,0.10628,0.1304347813129425,0.237569,1.39186,0.288,0.706522,,,4.68682,-0.247356,-0.228552,999,,,,,,,167.68000564575192,3.5905782206928936,162.50000381469727,3.479657412418187,,,,,,,,,,,,,,,,,,,"Trey Wingenter","17793",622259
"Jacob DeLabio",,1,1,,5.02146,21,0,0,0,,23.3,107,22,14,13,3,15,0,2,21,8.11159,5.79399,1.4,1.1588,0.196262,0.140187,0.05607476830482483,0.244444,1.58798,0.287879,0.701219,,,5.22657,-0.247728,-0.225576,999,,,,,,,69.31999435424804,2.9751071512478395,68.49999618530273,2.9399140956343,,,,,,,,,,,,,,,,,,,"Jacob DeLabio","sa3017011",700832
"Matt Svanson","STL",4,5,,4.57627,45,1,0,0,,59,264,61,32,30,7,22,1,6,42,6.40678,3.35593,1.90909,1.0678,0.159091,0.0833333,0.07575757056474686,0.258475,1.40678,0.28877,0.696721,,,4.70885,-0.248042,-0.102027,999,,,,,,,191.9,3.252542372881356,204,3.457627118644068,,,,,,,,,,,,,,,,,,,"Matt Svanson","29629",694335
"Zac Houston",,2,3,,5.57003,28,1,0,0,,30.7,144,26,21,19,4,21,0,7,35,10.2606,6.15635,1.66667,1.17264,0.243056,0.145833,0.0972222238779068,0.224138,1.53094,0.285714,0.628019,,,5.31632,-0.248661,-0.437429,999,,,,,,,96.380005645752,3.139413786663497,87.50000381469727,2.850162919876076,,,,,,,,,,,,,,,,,,,"Zac Houston","sa874155",667677
"Nelson L. Alvarez","PHI",3,3,,4.87585,36,0,0,0,,44.3,202,42,26,24,6,25,0,4,43,8.73589,5.07901,1.72,1.21896,0.212871,0.123762,0.089108906686306,0.242775,1.51242,0.290323,0.699659,,,4.94978,-0.248728,-0.269146,999,,,,,,,143.81999435424808,3.2465010571361583,142.49999618530273,3.216704258226937,,,,,,,,,,,,,,,,,,,"Nelson L. Alvarez","sa3010783",670389
"Lucas Sims","PHI",2,4,,4.92901,55,0,1,11,,49.3,213,41,29,27,7,27,1,5,53,9.67546,4.92901,1.96296,1.27789,0.248826,0.126761,0.12206573784351349,0.226519,1.37931,0.280992,0.670103,,,4.80948,-0.250692,-0.335974,749.3699951171875,,,,,,,231.11999435424812,4.68803241239215,214.49999618530273,4.350912768859751,,,,,,,,,,,,,,,,,,,"Lucas Sims","13470",608371
"Lenny Torres Jr.","CIN",2,4,,5.56291,34,3,0,0,,45.3,211,45,30,28,7,29,2,4,43,8.54305,5.76159,1.48276,1.39073,0.203791,0.137441,0.06635071337223053,0.252809,1.63355,0.296875,0.685358,,,5.46229,-0.250867,-0.298732,999,,,,,,,119.11999435424806,2.629580493608361,122.49999618530273,2.70419422181985,,,,,,,,,,,,,,,,,,,"Lenny Torres Jr.","sa3008329",678013
"Jeff Brigham",,2,3,,4.4665,34,1,0,1,,40.3,174,36,22,20,6,20,1,3,40,8.933,4.4665,2,1.33995,0.229885,0.114943,0.1149425283074379,0.238411,1.38958,0.285714,0.714286,,,4.82901,-0.251584,-0.00101813,999,,,,,,,145.81999435424805,3.618362211286336,138.49999618530273,3.436724536161674,,,,,,,,,,,,,,,,,,,"Jeff Brigham","16631",656257
"Andrew Bellatti",,2,3,,4.68983,44,0,0,0,,40.3,182,39,23,21,6,20,0,4,41,9.15633,4.4665,2.05,1.33995,0.225275,0.10989,0.11538461595773697,0.246835,1.46402,0.297297,0.711462,,,4.85382,-0.253262,-0.285695,999,,,,,,,133.01999435424804,3.30074433926839,133.49999618530273,3.3126550549046643,,,,,,,,,,,,,,,,,,,"Andrew Bellatti","10657",571479
"Matt Pushard","MIA",2,4,,4.74645,39,0,0,0,,49.3,215,50,28,26,7,20,0,3,40,7.30223,3.65112,2,1.27789,0.186047,0.0930233,0.09302325546741486,0.260417,1.41988,0.296552,0.697674,,,4.7892,-0.253326,-0.147405,999,,,,,,,159.71999435424812,3.2397565279104703,166.49999618530273,3.3772819221493786,,,,,,,,,,,,,,,,,,,"Matt Pushard","sa3019955",690155
"Justin Garza",,3,3,,4.8913,35,0,0,0,,46,205,47,27,25,6,20,0,3,40,7.82609,3.91304,2,1.17391,0.195122,0.097561,0.09756097197532654,0.258242,1.45652,0.301471,0.682594,,,4.623,-0.254338,-0.352332,999,,,,,,,155.40000000000003,3.378260869565218,163,3.5434782608695654,,,,,,,,,,,,,,,,,,,"Justin Garza","19784",621057
"Francisco Morales",,4,4,,4.53089,27,4,0,0,,43.7,202,38,24,22,5,31,0,6,46,9.47368,6.38444,1.48387,1.02975,0.227723,0.153465,0.07425743341445923,0.230303,1.57895,0.289474,0.725806,,,5.08868,-0.255989,0.130439,999,,,,,,,144.08000564575195,3.2970252432567806,134.50000381469727,3.0778032372201314,,,,,,,,,,,,,,,,,,,"Francisco Morales","22913",672839
"Anderson Paulino","KCR",3,5,,4.89474,41,2,0,0,,57,257,62,34,31,7,22,1,5,36,5.68421,3.47368,1.63636,1.10526,0.140078,0.0856031,0.05447470396757126,0.269565,1.47368,0.294118,0.673854,,,4.92087,-0.25626,-0.210654,999,,,,,,,165.50000000000006,2.9035087719298254,185,3.245614035087719,,,,,,,,,,,,,,,,,,,"Anderson Paulino","sa3007991",678255
"Nick Anderson","SEA",2,3,,4.66859,35,0,0,1,,34.7,151,36,19,18,6,13,0,1,30,7.78098,3.37176,2.30769,1.5562,0.198675,0.0860927,0.11258278042078018,0.262774,1.4121,0.29703,0.738916,,,4.89559,-0.256456,-0.114297,750.9500122070312,,,,,,,111.38000564575194,3.209798363022194,117.50000381469727,3.3861671824569664,,,,,,,,,,,,,,,,,,,"Nick Anderson","18337",623433
"Jamison Hill",,4,6,,4.9,24,15,0,0,,90,408,95,53,49,12,44,0,6,60,6,4.4,1.36364,1.2,0.147059,0.107843,0.03921569138765335,0.265363,1.54444,0.29021,0.703764,,,5.23315,-0.257734,0.306838,999,,,,,,,241.39999999999998,2.682222222222222,264,2.933333333333333,,,,,,,,,,,,,,,,,,,"Jamison Hill","sa3017935",695318
"Seth Lonsway","SFG",3,5,,5.13011,20,15,0,0,,80.7,375,89,50,46,10,39,0,9,52,5.79926,4.34944,1.33333,1.11524,0.138667,0.104,0.03466665744781494,0.272171,1.58612,0.298113,0.684211,,,5.27305,-0.25781,-0.102034,999,,,,,,,202.77997741699218,2.51276313612561,233.49998474121094,2.893432386261039,,,,,,,,,,,,,,,,,,,"Seth Lonsway","sa3017857",675920
"Ron Marinaccio","SDP",3,2,,4.32247,48,0,0,1,,58.3,250,48,30,28,8,28,0,7,60,9.26244,4.32247,2.14286,1.23499,0.24,0.112,0.12799999117851257,0.223256,1.3036,0.272109,0.709877,,,4.69307,-0.258625,-0.0658217,999,,,,,,,227.21999435424806,3.8974270553644756,206.49999618530273,3.5420239946424115,,,,,,,,,,,,,,,,,,,"Ron Marinaccio","23488",676760
"Alan Busenitz","CIN",3,5,,5.46961,43,2,0,0,,54.3,244,62,36,33,10,20,1,2,41,6.79558,3.31492,2.05,1.65746,0.168033,0.0819672,0.08606556802988052,0.279279,1.51013,0.304094,0.676471,,,5.26593,-0.258993,-0.432869,999,,,,,,,133.6199943542481,2.4607734112646265,157.49999618530273,2.900552456689662,,,,,,,,,,,,,,,,,,,"Alan Busenitz","15239",641427
"Jaden Woods","PIT",3,4,,4.88246,37,1,0,0,,55.3,251,56,32,30,8,25,0,5,50,8.13743,4.06872,2,1.30199,0.199203,0.0996016,0.09960159659385681,0.253394,1.46474,0.294479,0.702006,,,4.8663,-0.260316,-0.157334,999,,,,,,,175.21999435424803,3.1685352038272794,182.49999618530273,3.3001808083750612,,,,,,,,,,,,,,,,,,,"Jaden Woods","sa3023064",692243
"Dakota Chalmers",,2,2,,4.95413,19,5,0,0,,32.7,155,29,19,18,4,27,0,3,34,9.3578,7.43119,1.25926,1.10092,0.219355,0.174194,0.04516129195690155,0.232,1.71254,0.287356,0.734127,,,5.42948,-0.26041,0.051256,999,,,,,,,95.38000564575194,2.9168196764646828,89.50000381469727,2.737003110903046,,,,,,,,,,,,,,,,,,,"Dakota Chalmers","sa875017",663793
"Cole Ayers","NYY",3,4,,4.98214,41,0,0,0,,56,248,55,34,31,9,23,0,3,49,7.875,3.69643,2.13043,1.44643,0.197581,0.0927419,0.10483871400356293,0.247748,1.39286,0.280488,0.672783,,,4.89862,-0.260986,-0.523783,999,,,,,,,180.7000000000001,3.226785714285716,183,3.267857142857143,,,,,,,,,,,,,,,,,,,"Cole Ayers","sa3018791",681408
"Kade Morris","ATH",6,10,,5.1243,26,23,0,0,,124.7,554,133,77,71,19,44,0,12,78,5.62951,3.17562,1.77273,1.37129,0.140794,0.0794224,0.061371833086013794,0.267068,1.41941,0.284289,0.664894,,,5.24346,-0.261045,-0.320345,999,,,,,,,331.27997741699204,2.656615762023576,364.49998474121094,2.9230151857381346,,,,,,,,,,,,,,,,,,,"Kade Morris","sa3023206",695034
"Austin Adams",,1,2,,5.04202,46,0,0,1,,35.7,166,27,22,20,4,24,1,12,47,11.8487,6.05042,1.95833,1.0084,0.283133,0.144578,0.13855421543121338,0.207692,1.42857,0.291139,0.638767,,,5.01522,-0.261198,-0.248879,999,,,,,,,134.780005645752,3.7753502175178815,116.50000381469727,3.2633053592434975,,,,,,,,,,,,,,,,,,,"Austin Adams","13801",613534
"Chandler Jozwiak",,2,4,,4.875,40,1,0,0,,48,216,52,28,26,6,22,1,2,33,6.1875,4.125,1.5,1.125,0.152778,0.101852,0.05092592537403107,0.270833,1.54167,0.300654,0.701219,,,4.91648,-0.261228,-0.162283,999,,,,,,,140.20000000000005,2.9208333333333343,156,3.25,,,,,,,,,,,,,,,,,,,"Chandler Jozwiak","sa3017307",685001
"Jimmy Endersby",,3,5,,5.03888,21,10,0,0,,64.3,291,67,39,36,10,33,0,3,47,6.57854,4.61897,1.42424,1.39969,0.161512,0.113402,0.04810997098684311,0.262745,1.55521,0.287879,0.709302,,,5.40598,-0.263652,-0.117719,999,,,,,,,164.62002258300782,2.5601868548979407,177.50001525878906,2.7604977734746257,,,,,,,,,,,,,,,,,,,"Jimmy Endersby","sa3014921",684544
"Tyler Zuber","MIA",2,3,,4.91315,38,0,0,1,,40.3,178,37,24,22,6,22,2,1,39,8.70968,4.91315,1.77273,1.33995,0.219101,0.123596,0.09550562500953674,0.23871,1.46402,0.281818,0.6917,,,4.87864,-0.263818,-0.386121,999,,,,,,,141.21999435424806,3.504218288529887,136.49999618530273,3.38709674365887,,,,,,,,,,,,,,,,,,,"Tyler Zuber","20379",676604
"Jacob Kostyshock",,0,0,,6.47059,14,0,0,0,,15.3,75,16,12,11,2,9,0,5,11,6.47059,5.29412,1.22222,1.17647,0.146667,0.12,0.026666663587093353,0.262295,1.63399,0.291667,0.585586,,,6.17302,-0.264767,-0.25907,999,,,,,,,27.02000141143798,1.766013142130569,30.500000953674316,1.9934640897680533,,,,,,,,,,,,,,,,,,,"Jacob Kostyshock","sa3011245",686783
"Stephen Jones","SDP",2,3,,4.94279,35,0,0,0,,43.7,196,42,26,24,6,21,0,4,40,8.23799,4.32494,1.90476,1.2357,0.204082,0.107143,0.09693878144025803,0.245614,1.44165,0.288,0.677656,,,4.83696,-0.26528,-0.419923,999,,,,,,,145.38000564575196,3.326773526490279,145.50000381469727,3.329519479965114,,,,,,,,,,,,,,,,,,,"Stephen Jones","sa3009935",682240
"Nick Hull","CHC",3,3,,5.03411,28,9,0,0,,73.3,331,76,44,41,11,33,0,5,55,6.75307,4.05184,1.66667,1.35061,0.166163,0.0996979,0.06646525859832764,0.259386,1.48704,0.286344,0.694444,,,5.17194,-0.266455,-0.163817,999,,,,,,,205.52002258300783,2.803820109501063,219.50001525878906,2.9945430575739276,,,,,,,,,,,,,,,,,,,"Nick Hull","sa3020624",701314
"Josh Roberson",,2,2,,4.95413,29,1,0,0,,32.7,152,32,19,18,4,21,1,2,28,7.70642,5.77982,1.33333,1.10092,0.184211,0.138158,0.046052634716033936,0.248062,1.6208,0.28866,0.7173,,,5.15425,-0.266823,-0.217298,999,,,,,,,96.58000564575194,2.9535169233149037,98.50000381469727,3.0122324622797025,,,,,,,,,,,,,,,,,,,"Josh Roberson","sa3007721",675963
"Naoyuki Uwasawa",,3,5,,5.49372,20,5,0,0,,55.7,254,62,37,34,9,23,0,5,39,6.30162,3.71634,1.69565,1.45422,0.153543,0.0905512,0.06299212574958801,0.274336,1.52603,0.297753,0.662983,,,5.37474,-0.266902,-0.282855,999,,,,,,,134.280005645752,2.4107720611576102,155.50000381469727,2.7917415024195247,,,,,,,,,,,,,,,,,,,"Naoyuki Uwasawa","33828",683822
"Blair Henley",,3,4,,5.27086,18,14,0,0,,68.3,316,70,43,40,10,34,0,11,52,6.85212,4.48023,1.52941,1.31772,0.164557,0.107595,0.0569620281457901,0.258303,1.52269,0.287081,0.677778,,,5.52373,-0.269656,-0.186132,999,,,,,,,169.42002258300784,2.4805273061938395,180.50001525878906,2.6427526675512145,,,,,,,,,,,,,,,,,,,"Blair Henley","26190",668874
"Zach Bryant","BOS",2,3,,5.29412,24,2,0,0,,32.3,149,35,21,19,5,17,0,2,25,6.96594,4.73684,1.47059,1.39319,0.167785,0.114094,0.053691282868385315,0.269231,1.60991,0.3,0.688889,,,5.39558,-0.270379,-0.228252,999,,,,,,,79.51999435424807,2.4619193880044428,89.49999618530273,2.7708977801650145,,,,,,,,,,,,,,,,,,,"Zach Bryant","sa3011368",687926
"Adam Wolf",,3,4,,4.93548,26,7,0,0,,62,281,63,37,34,8,28,0,9,43,6.24194,4.06452,1.53571,1.16129,0.153025,0.0996441,0.05338078737258911,0.258197,1.46774,0.284974,0.676692,,,5.24713,-0.270638,-0.150806,999,,,,,,,171.59999999999997,2.7677419354838704,181,2.9193548387096775,,,,,,,,,,,,,,,,,,,"Adam Wolf","sa3007587",663684
"Daniel Bard",,2,4,,5.04202,36,0,0,0,,35.7,160,33,22,20,5,22,1,4,34,8.57143,5.54622,1.54545,1.2605,0.2125,0.1375,0.07500000298023224,0.246269,1.54062,0.294737,0.6875,,,5.26732,-0.273005,-0.0704774,999,,,,,,,106.88000564575198,2.9938376291774547,103.50000381469727,2.899159708762295,,,,,,,,,,,,,,,,,,,"Daniel Bard","7115",453268
"Daniel Missaki","TEX",0,1,,5.33333,18,1,0,0,,27,126,27,17,16,5,16,0,1,26,8.66667,5.33333,1.625,1.66667,0.206349,0.126984,0.079365074634552,0.247706,1.59259,0.282051,0.722222,,,5.53685,-0.273901,-0.252412,999,,,,,,,69.10000000000001,2.55925925925926,71,2.6296296296296298,,,,,,,,,,,,,,,,,,,"Daniel Missaki","sa741947",627392
"Austin Davis","SDP",3,3,,5.02326,42,0,0,0,,43,197,38,26,24,5,27,3,5,44,9.2093,5.65116,1.62963,1.04651,0.22335,0.137056,0.08629441261291504,0.230303,1.51163,0.284483,0.672414,,,4.86415,-0.27497,-0.458022,999,,,,,,,149.89999999999998,3.4860465116279062,142,3.302325581395349,,,,,,,,,,,,,,,,,,,"Austin Davis","17117",656354
"Danny Mendick",,0,1,,8.18182,7,0,0,0,,7.7,42,13,8,7,2,3,0,1,1,1.16883,3.50649,0.333333,2.33766,0.0238095,0.0714286,-0.04761905036866665,0.342105,2.07792,0.314286,0.606061,,,7.8418,-0.275432,-0.395192,999,,,,,,,-11.420001411437987,-1.4831171031584578,2.4999990463256836,0.3246752088639695,,,,,,,,,,,,,,,,,,,"Danny Mendick","18889",664901
"Bobby Milacki","TOR",2,3,,4.66071,28,2,0,0,,56,247,61,31,29,9,18,0,3,38,6.10714,2.89286,2.11111,1.44643,0.153846,0.0728745,0.08097166568040848,0.269911,1.41071,0.290503,0.722892,,,5.02362,-0.275508,-0.103529,999,,,,,,,158.10000000000005,2.8232142857142866,176,3.142857142857143,,,,,,,,,,,,,,,,,,,"Bobby Milacki","sa3007216",673872
"Peyton Alford","SEA",4,4,,4.56954,38,0,0,0,,45.3,200,41,25,23,6,24,0,3,45,8.9404,4.76821,1.875,1.19205,0.225,0.12,0.10499999672174454,0.236994,1.43488,0.286885,0.706714,,,4.68966,-0.276246,-0.338739,999,,,,,,,163.81999435424805,3.616335477114637,157.49999618530273,3.476821166399708,,,,,,,,,,,,,,,,,,,"Peyton Alford","sa3016843",688230
"Sam Benschoter","CIN",3,7,,6,26,13,0,0,,90,412,97,65,60,17,42,0,9,71,7.1,4.2,1.69048,1.7,0.17233,0.101942,0.07038834691047668,0.268698,1.54444,0.29304,0.642361,,,5.74426,-0.276949,-0.596719,999,,,,,,,193.7,2.152222222222222,218,2.422222222222222,,,,,,,,,,,,,,,,,,,"Sam Benschoter","sa3017639",680397
"Jason Blanchard","SDP",2,2,,4.64627,36,0,0,0,,52.3,234,53,29,27,8,23,0,1,46,7.91587,3.95794,2,1.37667,0.196581,0.0982906,0.09829059988260269,0.252381,1.45315,0.288462,0.725309,,,4.7726,-0.278662,-0.279628,999,,,,,,,170.81999435424808,3.2661567274594248,177.49999618530273,3.393881429725216,,,,,,,,,,,,,,,,,,,"Jason Blanchard","sa3010313",687836
"Zane Morehouse","CLE",3,4,,4.5666,42,0,0,0,,47.3,213,46,26,24,6,22,3,5,41,7.80127,4.18605,1.86364,1.14165,0.192488,0.103286,0.08920188248157501,0.247312,1.43763,0.28777,0.704698,,,4.79439,-0.280394,-0.198553,999,,,,,,,157.61999435424806,3.3323466574339706,159.49999618530273,3.3720929969980027,,,,,,,,,,,,,,,,,,,"Zane Morehouse","sa3023062",689557
"Aaron McGarity",,4,7,,5.00898,48,0,0,0,,55.7,244,56,34,31,8,19,2,9,44,7.10952,3.07002,2.31579,1.29264,0.180328,0.0778688,0.10245901346206665,0.259259,1.3465,0.292683,0.642633,,,4.96181,-0.281831,-0.523791,999,,,,,,,172.180005645752,3.0912029315502934,178.50000381469727,3.204667888145955,,,,,,,,,,,,,,,,,,,"Aaron McGarity","sa873280",641849
"Diego Castillo","KCR",2,4,,5.34125,39,0,0,0,,33.7,149,33,22,20,6,15,1,4,31,8.27893,4.00593,2.06667,1.60237,0.208054,0.100671,0.10738255083560944,0.253846,1.42433,0.290323,0.656566,,,5.33265,-0.281859,-0.177612,999,,,,,,,94.78000564575196,2.812463011869821,95.50000381469727,2.8338279422153745,,,,,,,,,,,,,,,,,,,"Diego Castillo","19906",660636
"Chris Ellis",,3,4,,5.46429,14,12,0,0,,56,257,62,37,34,9,29,0,3,38,6.10714,4.66071,1.31034,1.44643,0.14786,0.11284,0.03501944988965988,0.275556,1.625,0.297753,0.688776,,,5.61291,-0.282245,-0.342644,999,,,,,,,122.50000000000006,2.187500000000001,143,2.5535714285714284,,,,,,,,,,,,,,,,,,,"Chris Ellis","16125",595939
"Jack Carey","PIT",3,6,,4.93601,33,1,0,0,,54.7,249,60,32,30,7,23,0,4,38,6.25229,3.78428,1.65217,1.15174,0.15261,0.0923695,0.060240961611270905,0.27027,1.51737,0.299435,0.696721,,,4.92151,-0.283525,-0.182359,999,,,,,,,157.68000564575198,2.8826326041403627,177.50000381469727,3.2449726021751304,,,,,,,,,,,,,,,,,,,"Jack Carey","sa3017887",681004
"Colin Peluse","ATH",3,5,,5.08696,30,8,0,0,,69,302,75,42,39,11,24,0,2,44,5.73913,3.13043,1.83333,1.43478,0.145695,0.0794702,0.06622515618801117,0.271739,1.43478,0.289593,0.681818,,,5.09402,-0.285526,-0.372132,999,,,,,,,190.3,2.7579710144927536,212,3.072463768115942,,,,,,,,,,,,,,,,,,,"Colin Peluse","sa3011126",668761
"Trent Palmer",,2,3,,5.4,14,8,0,0,,35,165,35,23,21,5,22,0,6,27,6.94286,5.65714,1.22727,1.28571,0.163636,0.133333,0.030303016304969788,0.255474,1.62857,0.285714,0.68,,,5.88077,-0.287986,-0.220902,999,,,,,,,76.5,2.1857142857142855,80,2.2857142857142856,,,,,,,,,,,,,,,,,,,"Trent Palmer","sa3014491",694382
"Drew Strotman",,3,5,,4.90909,31,6,0,0,,66,304,67,39,36,7,37,0,7,51,6.95455,5.04545,1.37838,0.954545,0.167763,0.121711,0.046052634716033936,0.257692,1.57576,0.29703,0.690021,,,4.99981,-0.288413,-0.167788,999,,,,,,,198.10000000000008,3.001515151515153,209,3.1666666666666665,,,,,,,,,,,,,,,,,,,"Drew Strotman","sa3004584",675977
"Jackson Kelley","TEX",3,4,,5.09434,39,0,0,0,,53,235,49,32,30,8,24,0,6,51,8.66038,4.07547,2.125,1.35849,0.217021,0.102128,0.11489361524581909,0.239024,1.37736,0.280822,0.66343,,,4.90233,-0.28903,-0.478405,999,,,,,,,178.40000000000006,3.3660377358490576,173,3.2641509433962264,,,,,,,,,,,,,,,,,,,"Jackson Kelley","sa3020755",805958
"Jake Miller","CLE",3,4,,5.175,19,5,0,0,,40,180,44,25,23,7,17,0,1,26,5.85,3.825,1.52941,1.575,0.144444,0.0944444,0.05000000447034836,0.271605,1.525,0.286822,0.703125,,,5.49148,-0.289093,-0.216432,999,,,,,,,93.5,2.3375,107,2.675,,,,,,,,,,,,,,,,,,,"Jake Miller","sa3018171",681313
"Cam Sanders","PIT",2,5,,5.12563,40,5,0,0,,59.7,278,56,37,34,7,40,0,7,57,8.59297,6.03015,1.425,1.05528,0.205036,0.143885,0.06115107238292694,0.242424,1.60804,0.293413,0.684455,,,5.14303,-0.289944,-0.235436,999,,,,,,,183.08000564575198,3.0666667220447397,180.50000381469727,3.023450611524079,,,,,,,,,,,,,,,,,,,"Cam Sanders","23479",676742
"Alfredo Zarraga","TBR",3,4,,4.74545,44,1,0,0,,55,246,52,31,29,7,28,0,4,50,8.18182,4.58182,1.78571,1.14545,0.203252,0.113821,0.08943089097738266,0.242991,1.45455,0.286624,0.698006,,,4.7483,-0.290335,-0.344308,999,,,,,,,189.7,3.4490909090909088,188,3.418181818181818,,,,,,,,,,,,,,,,,,,"Alfredo Zarraga","sa3018276",700287
"Miguel Rodriguez",,3,4,,5,35,1,0,0,,45,203,48,27,25,7,20,0,2,37,7.4,4,1.85,1.4,0.182266,0.0985222,0.08374384790658951,0.265193,1.51111,0.29927,0.704467,,,5.01092,-0.290599,-0.349328,999,,,,,,,130.10000000000002,2.8911111111111114,142,3.1555555555555554,,,,,,,,,,,,,,,,,,,"Miguel Rodriguez","sa3006570",678279
"David Morgan","SDP",2,4,,4.91228,36,0,0,0,,51.3,229,51,30,28,7,20,1,5,41,7.19298,3.50877,2.05,1.22807,0.179039,0.0873362,0.09170305728912354,0.25,1.38402,0.282051,0.669935,,,4.80391,-0.29162,-0.437444,999,,,,,,,167.91999435424808,3.27329428560572,172.49999618530273,3.362573075063205,,,,,,,,,,,,,,,,,,,"David Morgan","31616",688158
"Ryan Miller","DET",3,4,,4.69821,40,1,0,0,,61.3,266,61,35,32,9,23,1,4,49,7.19413,3.37684,2.13043,1.32137,0.184211,0.0864662,0.09774436056613922,0.25523,1.37031,0.287293,0.686275,,,4.7978,-0.291799,-0.319628,999,,,,,,,201.3199943542481,3.284176131482474,206.49999618530273,3.3686786093866323,,,,,,,,,,,,,,,,,,,"Ryan Miller","22187",668943
"Cesar Gomez","ARI",3,4,,4.83536,31,5,0,0,,57.7,259,63,34,31,9,23,0,2,38,5.92721,3.58752,1.65217,1.40381,0.146718,0.0888031,0.05791505426168442,0.269231,1.49047,0.28877,0.708447,,,5.17688,-0.292464,-0.202505,999,,,,,,,153.480005645752,2.659965400630146,172.50000381469727,2.9896014130643396,,,,,,,,,,,,,,,,,,,"Cesar Gomez","sa3014799",685461
"Carter Loewen","SDP",2,2,,4.83221,34,2,0,0,,44.7,199,43,26,24,7,22,0,3,40,8.05369,4.42953,1.81818,1.4094,0.201005,0.110553,0.09045226126909256,0.247126,1.45414,0.283465,0.706522,,,5.09042,-0.292846,-0.260492,999,,,,,,,137.88000564575196,3.0845638320451125,137.50000381469727,3.076062672658785,,,,,,,,,,,,,,,,,,,"Carter Loewen","sa3014844",659389
"Cam Robinson",,2,2,,4.8,36,0,0,0,,45,206,43,26,24,5,27,0,3,39,7.8,5.4,1.44444,1,0.18932,0.131068,0.058252424001693726,0.244318,1.55556,0.287879,0.698413,,,4.87759,-0.293441,-0.346568,999,,,,,,,147.7,3.282222222222222,148,3.2888888888888888,,,,,,,,,,,,,,,,,,,"Cam Robinson","sa3005216",676515
"Justin King","MIA",1,3,,5.27687,32,0,0,0,,30.7,142,30,19,18,5,19,0,2,33,9.67427,5.57003,1.73684,1.4658,0.232394,0.133803,0.09859155118465424,0.247934,1.59609,0.301205,0.714286,,,5.18602,-0.295911,-0.247103,999,,,,,,,90.68000564575198,2.953746038834612,91.50000381469727,2.9804560762472225,,,,,,,,,,,,,,,,,,,"Justin King","sa3018278",659381
"Nick Garcia",,3,4,,5.03888,33,6,0,0,,64.3,288,69,39,36,9,27,1,4,46,6.43857,3.77916,1.7037,1.25972,0.159722,0.09375,0.0659722238779068,0.268482,1.493,0.29703,0.683453,,,5.00163,-0.296117,-0.27891,999,,,,,,,184.72002258300782,2.8727840406837744,203.50001525878906,3.164852342152818,,,,,,,,,,,,,,,,,,,"Nick Garcia","sa3014501",694356
"Evan Shawver","COL",2,4,,5.8,28,7,0,0,,45,213,50,31,29,7,26,0,4,32,6.4,5.2,1.23077,1.4,0.150235,0.122066,0.028169013559818268,0.273224,1.68889,0.298611,0.679758,,,5.76648,-0.298544,-0.0983931,999,,,,,,,90.9,2.02,108,2.4,,,,,,,,,,,,,,,,,,,"Evan Shawver","sa3017780",686900
"Trey Benton","CLE",2,3,,4.62857,28,0,0,0,,35,158,35,19,18,5,19,1,1,30,7.71429,4.88571,1.57895,1.28571,0.189873,0.120253,0.06962024420499802,0.253623,1.54286,0.291262,0.744681,,,5.02362,-0.298614,-0.121945,999,,,,,,,106.5,3.0428571428571427,110,3.142857142857143,,,,,,,,,,,,,,,,,,,"Trey Benton","sa3015034",668998
"Jefry Yan","NYM",2,2,,5.5,29,1,0,0,,36,171,33,24,22,5,28,0,4,39,9.75,7,1.39286,1.25,0.22807,0.163743,0.06432747840881348,0.23741,1.69444,0.294737,0.685185,,,5.47204,-0.298897,-0.179104,999,,,,,,,101.10000000000004,2.8083333333333345,97,2.6944444444444446,,,,,,,,,,,,,,,,,,,"Jefry Yan","sa828460",642376
"Ryan Langford",,1,3,,5.70825,28,5,0,0,,47.3,214,52,32,30,8,21,0,2,31,5.89852,3.99577,1.47619,1.5222,0.14486,0.0981308,0.046728961169719696,0.272251,1.54334,0.289474,0.66343,,,5.5132,-0.298958,-0.468487,999,,,,,,,109.41999435424808,2.3133191568534994,125.49999618530273,2.6532769177503672,,,,,,,,,,,,,,,,,,,"Ryan Langford","sa3020880",679622
"Jake Rice","ARI",2,3,,4.52954,39,0,0,0,,45.7,209,43,25,23,5,27,0,4,43,8.46827,5.31729,1.59259,0.984683,0.205742,0.129187,0.0765550285577774,0.241573,1.53173,0.292308,0.714286,,,4.74197,-0.299163,-0.066537,999,,,,,,,157.88000564575196,3.454704661050798,156.50000381469727,3.4245076849454104,,,,,,,,,,,,,,,,,,,"Jake Rice","sa3017593",687095
"Parker Dunshee","WSN",3,3,,4.92188,30,4,0,0,,64,284,63,38,35,10,27,1,8,58,8.15625,3.79688,2.14815,1.40625,0.204225,0.0950704,0.10915492475032806,0.253012,1.40625,0.292818,0.684211,,,5.02585,-0.299289,-0.127691,999,,,,,,,197.8,3.090625,201,3.140625,,,,,,,,,,,,,,,,,,,"Parker Dunshee","20018",670161
"Lucas Wepf","LAD",5,5,,4.87427,42,0,0,0,,51.7,226,49,30,28,9,22,1,4,52,9.05222,3.82979,2.36364,1.56673,0.230089,0.0973451,0.13274336606264114,0.245,1.37331,0.28777,0.702055,,,4.92663,-0.299976,-0.351926,999,,,,,,,170.48000564575196,3.2974855537711827,167.50000381469727,3.239845287096547,,,,,,,,,,,,,,,,,,,"Lucas Wepf","sa3020704",689233
"Josh Hejka",,2,3,,5.14793,32,0,0,0,,50.7,226,54,31,29,7,16,1,7,34,6.0355,2.84024,2.125,1.2426,0.150442,0.0707965,0.0796460211277008,0.26601,1.38067,0.290123,0.647841,,,4.98108,-0.301038,-0.431418,999,,,,,,,147.68000564575195,2.9128205803441065,161.50000381469727,3.1854043665567375,,,,,,,,,,,,,,,,,,,"Josh Hejka","sa3011152",691196
"Reggie Lawson",,2,2,,5.72438,12,6,0,0,,28.3,131,29,19,18,5,18,0,2,22,6.99647,5.72438,1.22222,1.59011,0.167939,0.137405,0.030534356832504272,0.261261,1.66078,0.285714,0.7,,,6.02867,-0.302076,-0.251272,999,,,,,,,56.51999435424804,1.997172999221559,60.499996185302734,2.137809110117373,,,,,,,,,,,,,,,,,,,"Reggie Lawson","sa917951",666156
"Evan Justice","COL",2,4,,5.45455,39,0,0,1,,33,158,31,22,20,4,24,0,6,34,9.27273,6.54545,1.41667,1.09091,0.21519,0.151899,0.06329114735126495,0.242188,1.66667,0.3,0.668016,,,5.4089,-0.303209,-0.214999,999,,,,,,,96.40000000000006,2.921212121212123,95,2.878787878787879,,,,,,,,,,,,,,,,,,,"Evan Justice","30008",687145
"Tyler McKay",,4,4,,4.8913,39,1,0,0,,46,207,46,27,25,6,22,1,5,34,6.65217,4.30435,1.54545,1.17391,0.164251,0.10628,0.05797101557254791,0.255556,1.47826,0.285714,0.687919,,,5.14474,-0.303797,-0.226348,999,,,,,,,134.00000000000003,2.91304347826087,139,3.0217391304347827,,,,,,,,,,,,,,,,,,,"Tyler McKay","sa3007851",681473
"Luis Velasquez","NYY",3,3,,4.97872,33,1,0,0,,47,211,44,28,26,7,27,1,3,43,8.23404,5.17021,1.59259,1.34043,0.203791,0.127962,0.0758293867111206,0.243094,1.51064,0.282443,0.702614,,,5.18776,-0.303876,-0.321483,999,,,,,,,143.30000000000004,3.048936170212767,140,2.978723404255319,,,,,,,,,,,,,,,,,,,"Luis Velasquez","sa3010135",686433
"Carlos Betancourt",,2,3,,4.80493,26,1,0,0,,48.7,216,49,28,26,7,21,0,3,37,6.83778,3.8809,1.7619,1.29363,0.171296,0.0972222,0.07407407462596893,0.255208,1.43737,0.283784,0.697674,,,4.994,-0.3047,-0.257043,999,,,,,,,148.880005645752,3.0570842569482917,154.50000381469727,3.1724846282193755,,,,,,,,,,,,,,,,,,,"Carlos Betancourt","sa3006600",678640
"Taylor Floyd","SEA",3,4,,4.63588,40,1,0,0,,56.3,251,55,31,29,7,26,1,5,48,7.67318,4.15631,1.84615,1.11901,0.191235,0.103586,0.087649405002594,0.25,1.43872,0.290909,0.702247,,,4.72953,-0.304723,-0.348422,999,,,,,,,190.51999435424807,3.3840141551695555,193.49999618530273,3.4369449166515738,,,,,,,,,,,,,,,,,,,"Taylor Floyd","sa3011367",687905
"Ian Churchill",,1,1,,5.08696,23,0,0,0,,23,108,21,14,13,3,14,0,5,21,8.21739,5.47826,1.5,1.17391,0.194444,0.12963,0.06481482088565826,0.235955,1.52174,0.276923,0.681818,,,5.51431,-0.305964,-0.238792,999,,,,,,,63.70000000000001,2.7695652173913046,61,2.652173913043478,,,,,,,,,,,,,,,,,,,"Ian Churchill","sa3020234",686657
"Cy Nielson","PIT",3,5,,4.89681,41,1,0,0,,53.3,244,52,31,29,6,26,1,9,44,7.42964,4.39024,1.69231,1.01313,0.180328,0.106557,0.07377048581838608,0.248804,1.46341,0.289308,0.675287,,,4.94884,-0.306819,-0.173354,999,,,,,,,168.41999435424805,3.1598498454976016,171.49999618530273,3.2176359970012043,,,,,,,,,,,,,,,,,,,"Cy Nielson","sa3020321",686951
"Joe Nahas",,3,4,,4.84615,28,4,0,0,,65,291,67,38,35,9,29,0,4,47,6.50769,4.01538,1.62069,1.24615,0.161512,0.0996564,0.06185567378997803,0.25969,1.47692,0.287129,0.695444,,,5.0434,-0.307065,-0.205346,999,,,,,,,191.10000000000002,2.9400000000000004,203,3.123076923076923,,,,,,,,,,,,,,,,,,,"Joe Nahas","sa3011679",687481
"Luarbert Arias",,4,8,,4.97487,40,1,0,0,,59.7,265,60,36,33,9,25,1,5,52,7.8392,3.76884,2.08,1.35678,0.196226,0.0943396,0.1018867939710617,0.255319,1.42379,0.293103,0.676796,,,4.89177,-0.307081,-0.316936,999,,,,,,,189.080005645752,3.1671692333231767,195.50000381469727,3.2747068897201705,,,,,,,,,,,,,,,,,,,"Luarbert Arias","23811",678215
"Alec Barger",,2,3,,5.43624,37,1,0,0,,44.7,205,48,29,27,7,22,0,3,35,7.04698,4.42953,1.59091,1.4094,0.170732,0.107317,0.06341463327407837,0.266667,1.566,0.297101,0.681063,,,5.31413,-0.308921,-0.164143,999,,,,,,,114.88000564575195,2.570022453802694,127.50000381469727,2.85234902994469,,,,,,,,,,,,,,,,,,,"Alec Barger","sa3010566",681897
"Valentin Linarez","PIT",3,4,,5.11545,30,5,0,0,,56.3,258,58,35,32,8,30,1,5,45,7.19361,4.79574,1.5,1.27886,0.174419,0.116279,0.05813952535390854,0.26009,1.56306,0.294118,0.690104,,,5.28016,-0.309376,-0.183673,999,,,,,,,152.4199943542481,2.7072823520380216,162.49999618530273,2.8863232395629237,,,,,,,,,,,,,,,,,,,"Valentin Linarez","sa3006557",679066
"Jaycob Deese","PIT",2,4,,5.12334,33,2,0,0,,52.7,235,61,32,30,8,17,0,2,30,5.12334,2.90323,1.76471,1.36622,0.12766,0.0723404,0.05531914532184601,0.282407,1.48008,0.297753,0.688623,,,5.08299,-0.311133,-0.233587,999,,,,,,,135.98000564575196,2.5802657244243914,162.50000381469727,3.0834914888459193,,,,,,,,,,,,,,,,,,,"Jaycob Deese","sa3020376",671600
"Nigel Belgrave","MIA",4,5,,4.66071,45,0,0,0,,56,249,54,31,29,7,28,1,6,50,8.03571,4.5,1.78571,1.125,0.200803,0.11245,0.08835341781377792,0.251163,1.46429,0.297468,0.706371,,,4.82719,-0.311838,-0.0874003,999,,,,,,,185.90000000000006,3.3196428571428584,187,3.3392857142857144,,,,,,,,,,,,,,,,,,,"Nigel Belgrave","sa3023180",811310
"Caleb Freeman","CHW",2,3,,5.20661,35,0,0,0,,36.3,169,36,23,21,5,23,0,3,33,8.18182,5.70248,1.43478,1.23967,0.195266,0.136095,0.05917160212993622,0.251748,1.62534,0.295238,0.692308,,,5.28769,-0.313073,-0.427117,999,,,,,,,101.51999435424804,2.7966941181255187,104.49999618530273,2.8787878342050566,,,,,,,,,,,,,,,,,,,"Caleb Freeman","26255",673965
"Brad Case",,2,5,,5.21739,24,3,0,0,,48.3,224,54,30,28,6,21,0,6,28,5.21739,3.91304,1.33333,1.11801,0.125,0.09375,0.03125,0.274112,1.5528,0.294479,0.675676,,,5.29899,-0.314733,-0.194651,999,,,,,,,118.21999435424803,2.4476189693919896,138.49999618530273,2.8674947903318353,,,,,,,,,,,,,,,,,,,"Brad Case","sa3007613",681902
"Kyle Barraclough",,2,4,,5.4717,24,5,0,0,,47.7,216,47,31,29,8,27,0,4,42,7.92453,5.09434,1.55556,1.50943,0.194444,0.125,0.0694444477558136,0.254054,1.55136,0.288889,0.684713,,,5.53545,-0.316311,-0.375735,999,,,,,,,123.38000564575198,2.5865828862127014,125.50000381469727,2.6310272915593864,,,,,,,,,,,,,,,,,,,"Kyle Barraclough","13713",607457
"Jordany Ventura","NYY",3,5,,5.42504,22,11,0,0,,64.7,298,63,42,39,10,40,0,7,53,7.37249,5.56414,1.325,1.39104,0.177852,0.134228,0.043624162673950195,0.250996,1.59196,0.281915,0.685393,,,5.71671,-0.316604,-0.320468,999,,,,,,,156.9799774169922,2.426274881319869,158.49998474121094,2.449768040453009,,,,,,,,,,,,,,,,,,,"Jordany Ventura","sa3008542",683094
"Robert Kwiatkowski",,5,6,,4.73684,32,2,0,0,,62.7,275,66,36,33,9,22,0,3,42,6.02871,3.15789,1.90909,1.29187,0.152727,0.08,0.0727272778749466,0.264,1.40351,0.286432,0.689655,,,4.88897,-0.317334,-0.2608,999,,,,,,,190.68000564575206,3.0411483783977666,205.50000381469727,3.277511982681883,,,,,,,,,,,,,,,,,,,"Robert Kwiatkowski","sa3014929",688984
"Jimmy Burnette","TOR",2,2,,4.87585,40,0,0,0,,44.3,204,40,26,24,5,26,1,7,42,8.53273,5.28217,1.61538,1.0158,0.205882,0.127451,0.07843136787414551,0.233918,1.48984,0.282258,0.677966,,,4.97235,-0.318969,-0.359697,999,,,,,,,147.31999435424808,3.325507830505851,141.49999618530273,3.1941308944070252,,,,,,,,,,,,,,,,,,,"Jimmy Burnette","sa3017367",694787
"Blake Taylor",,2,3,,5.21053,33,0,0,0,,38,172,40,24,22,5,20,0,1,26,6.15789,4.73684,1.3,1.18421,0.151163,0.116279,0.03488371521234512,0.264901,1.57895,0.291667,0.679245,,,5.16648,-0.319067,-0.451148,999,,,,,,,104.69999999999999,2.7552631578947366,114,3,,,,,,,,,,,,,,,,,,,"Blake Taylor","16418",642130
"Mitchell Stumpo",,3,3,,4.5,38,0,0,0,,40,181,39,22,20,5,23,1,2,36,8.1,5.175,1.56522,1.125,0.198895,0.127072,0.07182319462299347,0.25,1.55,0.295652,0.727273,,,4.86648,-0.320271,-0.0701935,999,,,,,,,130.1,3.2525,132,3.3,,,,,,,,,,,,,,,,,,,"Mitchell Stumpo","sa3011585",686933
"Triston Polley",,2,5,,5.63969,28,1,0,0,,38.3,177,39,26,24,5,22,0,3,29,6.81462,5.16971,1.31818,1.17493,0.163842,0.124294,0.039548031985759735,0.256579,1.59269,0.288136,0.648148,,,5.30747,-0.320354,-0.575259,999,,,,,,,103.51999435424804,2.7028719690959715,109.49999618530273,2.8590077902494144,,,,,,,,,,,,,,,,,,,"Triston Polley","sa3010258",687423
"Paolo Espino",,3,5,,5.33808,23,18,0,0,,84.3,377,100,54,50,17,27,1,2,53,5.65836,2.88256,1.96296,1.81495,0.140584,0.071618,0.06896552443504333,0.287356,1.50652,0.298561,0.707364,,,5.56268,-0.320897,-0.309855,999,,,,,,,173.7200225830078,2.060735661852214,219.50001525878906,2.6037960535306537,,,,,,,,,,,,,,,,,,,"Paolo Espino","8246",502179
"Wandisson Charles",,3,4,,5.0625,30,0,0,0,,32,151,32,19,18,4,22,0,1,29,8.15625,6.1875,1.31818,1.125,0.192053,0.145695,0.046357616782188416,0.25,1.6875,0.294737,0.72314,,,5.13523,-0.32091,-0.307668,999,,,,,,,93.40000000000002,2.9187500000000006,97,3.03125,,,,,,,,,,,,,,,,,,,"Wandisson Charles","sa874818",664301
"Ryan Cusick","PHI",3,5,,5.20548,25,13,0,0,,65.7,299,66,41,38,10,37,0,4,55,7.53425,5.06849,1.48649,1.36986,0.183946,0.123746,0.06020066887140274,0.255814,1.56773,0.290155,0.696629,,,5.34304,-0.321013,-0.322796,999,,,,,,,178.5799774169922,2.71811241570796,185.49998474121094,2.8234397771334145,,,,,,,,,,,,,,,,,,,"Ryan Cusick","sa3017385",680743
"Donovan Walton","PHI",1,2,,8,9,0,0,0,,9,44,12,9,8,2,5,3,0,1,1,5,0.2,2,0.0227273,0.113636,-0.09090909361839294,0.307692,1.88889,0.277778,0.56338,,,7.49981,-0.321511,-0.456479,999,,,,,,,-2.199999999999992,-0.24444444444444358,6,0.6666666666666666,,,,,,,,,,,,,,,,,,,"Donovan Walton","19314",622268
"Kevin Abel","CIN",4,8,,6.15295,21,19,0,0,,86.3,404,95,64,59,16,52,0,4,67,6.98725,5.42294,1.28846,1.6686,0.165842,0.128713,0.03712870180606842,0.272988,1.70336,0.298113,0.666132,,,5.97065,-0.321661,-0.577093,999,,,,,,,160.82002258300787,1.8634996164085558,189.50001525878906,2.195828604376037,,,,,,,,,,,,,,,,,,,"Kevin Abel","sa3017879",674265
"Ryan Anderson",,2,4,,5.30831,27,1,0,0,,37.3,167,36,24,22,6,16,0,6,30,7.23861,3.86059,1.875,1.44772,0.179641,0.0958084,0.08383233845233917,0.248276,1.3941,0.275229,0.642202,,,5.41849,-0.325084,-0.425284,999,,,,,,,102.61999435424806,2.7512063392292743,102.49999618530273,2.7479892300764646,,,,,,,,,,,,,,,,,,,"Ryan Anderson","sa1172845",669243
"Will Bednar","SFG",2,4,,5.36779,30,13,0,0,,50.3,233,47,32,30,7,31,0,8,48,8.58847,5.54672,1.54839,1.25249,0.206009,0.133047,0.07296137511730194,0.242268,1.5507,0.28777,0.674487,,,5.39312,-0.325434,-0.237221,999,,,,,,,142.9199943542481,2.8413518195234095,139.49999618530273,2.7733598071810803,,,,,,,,,,,,,,,,,,,"Will Bednar","sa3017844",687218
"Trevor Kelley",,2,2,,4.69565,44,1,0,0,,46,202,47,26,24,7,19,1,2,38,7.43478,3.71739,2,1.36957,0.188119,0.0940594,0.09405940771102905,0.259668,1.43478,0.294118,0.711744,,,4.86213,-0.325873,-0.36342,999,,,,,,,145.10000000000008,3.1543478260869584,152,3.3043478260869565,,,,,,,,,,,,,,,,,,,"Trevor Kelley","18454",665001
"Travis Kuhn","PHI",4,4,,4.5,43,0,0,0,,50,222,48,27,25,6,22,2,6,42,7.56,3.96,1.90909,1.08,0.189189,0.0990991,0.09009009599685669,0.247423,1.4,0.287671,0.698052,,,4.72648,-0.326536,-0.309284,999,,,,,,,171.39999999999998,3.4279999999999995,172,3.44,,,,,,,,,,,,,,,,,,,"Travis Kuhn","sa3009928",674047
"Ty Adcock","NYM",2,3,,4.95413,28,0,0,0,,32.7,142,33,19,18,6,13,0,1,27,7.43119,3.57798,2.07692,1.65138,0.190141,0.0915493,0.09859155118465424,0.257812,1.40673,0.284211,0.718085,,,5.18483,-0.327132,-0.263251,999,,,,,,,94.38000564575192,2.8862386374228315,97.50000381469727,2.981651423237852,,,,,,,,,,,,,,,,,,,"Ty Adcock","25651",686654
"Cameron Junker",,2,4,,5.35411,31,1,0,0,,35.3,166,37,23,21,4,22,0,3,26,6.6289,5.60907,1.18182,1.01983,0.156627,0.13253,0.024096384644508362,0.262411,1.67139,0.297297,0.674157,,,5.29113,-0.328094,-0.347244,999,,,,,,,92.81999435424807,2.6294616532682182,101.49999618530273,2.875354061728719,,,,,,,,,,,,,,,,,,,"Cameron Junker","sa3010365",669668
"Christian Romero","LAD",4,7,,5.52538,22,12,0,0,,84.7,379,92,56,52,15,30,0,9,54,5.7379,3.18772,1.8,1.59386,0.14248,0.0791557,0.06332453340291977,0.270588,1.44038,0.284133,0.653465,,,5.57498,-0.329611,-0.500639,999,,,,,,,194.07997741699222,2.29138116186225,219.49998474121094,2.5914993229024703,,,,,,,,,,,,,,,,,,,"Christian Romero","sa3016260",699071
"Ty Tice",,2,2,,5.11156,42,1,0,0,,49.3,226,50,30,28,7,27,0,3,44,8.03245,4.92901,1.62963,1.27789,0.19469,0.119469,0.07522124797105789,0.255102,1.56187,0.296552,0.699405,,,5.05289,-0.331071,-0.383008,999,,,,,,,146.71999435424812,2.9760648402597445,153.49999618530273,3.1135902344986524,,,,,,,,,,,,,,,,,,,"Ty Tice","20177",676709
"Daniel Harper","PHI",2,4,,5.4,37,0,0,0,,40,182,42,26,24,6,20,1,1,30,6.75,4.5,1.5,1.35,0.164835,0.10989,0.05494505912065506,0.26087,1.55,0.288,0.671642,,,5.19148,-0.331637,-0.496899,999,,,,,,,109.99999999999999,2.7499999999999996,119,2.975,,,,,,,,,,,,,,,,,,,"Daniel Harper","sa3020316",679702
"Elvis Alvarado","ATH",3,3,,4.67269,38,0,0,0,,44.3,198,41,25,23,6,23,0,4,43,8.73589,4.67269,1.86957,1.21896,0.217172,0.116162,0.10101009905338287,0.239766,1.4447,0.286885,0.701439,,,4.81434,-0.332349,-0.324877,999,,,,,,,152.41999435424808,3.440631985987403,148.49999618530273,3.3521444411464105,,,,,,,,,,,,,,,,,,,"Elvis Alvarado","21662",665660
"Dany Jiménez",,3,4,,4.68085,40,0,0,0,,42.3,186,37,24,22,6,26,1,2,44,9.3617,5.53192,1.69231,1.2766,0.236559,0.139785,0.09677419066429138,0.234177,1.48936,0.287037,0.714286,,,4.91589,-0.333382,-0.158907,999,,,,,,,147.01999435424807,3.4756500474221896,137.49999618530273,3.2505909849954335,,,,,,,,,,,,,,,,,,,"Dany Jimenez","21170",666204
"Kelvin Cáceres","LAA",2,3,,5.40416,29,2,0,0,,43.3,201,39,28,26,6,31,2,6,46,9.5612,6.44342,1.48387,1.24711,0.228856,0.154229,0.0746268630027771,0.237805,1.61663,0.294643,0.681818,,,5.40666,-0.333572,-0.412016,999,,,,,,,126.21999435424803,2.9150114683192907,119.49999618530273,2.7598152030225087,,,,,,,,,,,,,,,,,,,"Kelvin Caceres","24681",680983
"Kyle Bischoff","MIN",3,3,,4.95256,40,0,0,0,,52.7,234,51,31,29,8,23,1,6,50,8.5389,3.92789,2.17391,1.36622,0.213675,0.0982906,0.11538461595773697,0.24878,1.40417,0.292517,0.684713,,,4.89324,-0.33787,-0.413059,999,,,,,,,171.98000564575196,3.263377668994163,172.50000381469727,3.273244806781967,,,,,,,,,,,,,,,,,,,"Kyle Bischoff","sa3022176",680253
"Wilkin Ramos","PIT",3,5,,4.90566,37,0,0,0,,47.7,219,48,28,26,5,27,1,4,36,6.79245,5.09434,1.33333,0.943396,0.164384,0.123288,0.04109589010477066,0.255319,1.57233,0.292517,0.691176,,,4.96941,-0.338649,-0.233599,999,,,,,,,145.68000564575198,3.054088119825318,152.50000381469727,3.1970650183549316,,,,,,,,,,,,,,,,,,,"Wilkin Ramos","sa3006487",678576
"Chance Adams",,2,4,,5.59006,39,3,0,0,,48.3,221,57,32,30,8,19,0,3,29,5.40373,3.54037,1.52632,1.49068,0.131222,0.0859729,0.04524887353181839,0.286432,1.5735,0.302469,0.679012,,,5.48532,-0.339019,-0.153569,999,,,,,,,102.81999435424805,2.128778384645488,129.49999618530273,2.6811593836618015,,,,,,,,,,,,,,,,,,,"Chance Adams","18135",664856
"Jake Haberer",,1,1,,5.08834,25,2,0,0,,28.3,132,29,17,16,4,16,0,3,22,6.99647,5.08834,1.375,1.27208,0.166667,0.121212,0.04545454680919647,0.256637,1.59011,0.287356,0.71066,,,5.4633,-0.341243,-0.275803,999,,,,,,,71.81999435424805,2.537809056199389,76.49999618530273,2.703180150094188,,,,,,,,,,,,,,,,,,,"Jake Haberer","sa3008514",683065
"Eddy Yean","PIT",4,5,,4.75894,42,1,0,0,,64.3,291,69,37,34,8,27,1,5,44,6.15863,3.77916,1.62963,1.11975,0.151203,0.0927835,0.05841924995183945,0.266409,1.493,0.294686,0.695755,,,4.90831,-0.341361,-0.170822,999,,,,,,,190.02002258300783,2.9552101642989443,209.50001525878906,3.2581649349247086,,,,,,,,,,,,,,,,,,,"Eddy Yean","sa3006543",678868
"Tanner Kiest",,5,6,,4.97872,36,0,0,0,,47,214,47,28,26,7,24,1,4,43,8.23404,4.59574,1.79167,1.34043,0.200935,0.11215,0.08878504484891891,0.252688,1.51064,0.294118,0.702614,,,5.0601,-0.342056,-0.394453,999,,,,,,,141.50000000000006,3.0106382978723416,146,3.106382978723404,,,,,,,,,,,,,,,,,,,"Tanner Kiest","sa738380",641750
"Clay Helvey",,3,6,,5.04119,38,0,0,0,,60.7,273,58,37,34,8,33,2,4,56,8.30313,4.89292,1.69697,1.18616,0.205128,0.120879,0.0842490866780281,0.245763,1.49918,0.290698,0.676692,,,4.86335,-0.343028,-0.541334,999,,,,,,,200.980005645752,3.311037942662776,200.50000381469727,3.3031301695981705,,,,,,,,,,,,,,,,,,,"Clay Helvey","sa3007459",663627
"Alejandro Torres","HOU",1,2,,4.62012,39,0,0,0,,48.7,215,45,27,25,7,22,0,6,45,8.31622,4.06571,2.04545,1.29363,0.209302,0.102326,0.10697674006223679,0.240642,1.37577,0.281481,0.699301,,,4.91186,-0.343332,-0.236511,999,,,,,,,163.280005645752,3.3527721373262804,158.50000381469727,3.2546201505465944,,,,,,,,,,,,,,,,,,,"Alejandro Torres","sa3023265",687776
"Austin Smith","COL",2,2,,5.40636,27,1,0,0,,28.3,133,29,18,17,4,17,0,3,24,7.63251,5.40636,1.41176,1.27208,0.180451,0.12782,0.052631571888923645,0.256637,1.62544,0.294118,0.693069,,,5.42796,-0.343585,-0.255452,999,,,,,,,72.81999435424805,2.57314474619794,77.49999618530273,2.738515840092739,,,,,,,,,,,,,,,,,,,"Austin Smith","sa3017071",694518
"Nick Swiney",,2,4,,4.94506,33,5,0,0,,63.7,288,65,38,35,10,32,0,3,53,7.48823,4.52119,1.65625,1.41287,0.184028,0.111111,0.0729166641831398,0.256917,1.52276,0.289474,0.710843,,,5.1916,-0.344529,-0.282334,999,,,,,,,180.3800056457519,2.831711200711581,189.50000381469727,2.974882284851526,,,,,,,,,,,,,,,,,,,"Nick Swiney","sa3014542",676464
"Danis Correa",,1,2,,4.77454,32,1,0,0,,37.7,171,36,22,20,5,21,0,4,34,8.11671,5.01326,1.61905,1.19363,0.19883,0.122807,0.0760233923792839,0.246575,1.51194,0.28972,0.7,,,5.07629,-0.345257,-0.300888,999,,,,,,,116.880005645752,3.1002653390036405,116.50000381469727,3.090185715041715,,,,,,,,,,,,,,,,,,,"Danis Correa","sa3002980",672550
"Raúl Alcántara",,4,6,,5.38206,18,16,0,0,,90.3,401,103,58,54,17,29,0,5,60,5.98007,2.89037,2.06897,1.69435,0.149626,0.0723192,0.07730673998594284,0.280654,1.46179,0.296552,0.683919,,,5.41454,-0.346931,-0.441487,999,,,,,,,209.32002258300776,2.3180511130551182,248.50001525878906,2.751938060471103,,,,,,,,,,,,,,,,,,,"Raul Alcantara","12790",593417
"Alex Hoppe","BOS",3,5,,5.04119,35,0,0,0,,60.7,276,66,37,34,8,28,0,2,45,6.67216,4.15157,1.60714,1.18616,0.163043,0.101449,0.06159421056509018,0.268293,1.5486,0.300518,0.688406,,,4.87982,-0.347947,-0.380162,999,,,,,,,179.180005645752,2.9518946193350106,199.50000381469727,3.286655705225337,,,,,,,,,,,,,,,,,,,"Alex Hoppe","sa3020836",695380
"Michael Arias","NYY",3,5,,5.33773,39,6,0,0,,60.7,280,58,39,36,10,37,1,5,59,8.74794,5.486,1.59459,1.4827,0.210714,0.132143,0.07857142388820648,0.243697,1.56507,0.284024,0.691358,,,5.43996,-0.350487,-0.49335,999,,,,,,,167.38000564575196,2.757495939735577,165.50000381469727,2.726523916549005,,,,,,,,,,,,,,,,,,,"Michael Arias","sa3017036",683522
"Guillo Zuñiga","SEA",2,4,,5.23256,40,1,0,1,,43,191,42,27,25,7,21,2,3,36,7.53488,4.39535,1.71429,1.46512,0.188482,0.109948,0.07853402942419052,0.251497,1.46512,0.282258,0.676692,,,5.28276,-0.350864,-0.390218,999,,,,,,,126.89999999999999,2.951162790697674,128,2.9767441860465116,,,,,,,,,,,,,,,,,,,"Guillo Zuniga","19588",670871
"Bradley Hanner","CLE",5,7,,4.61538,39,0,0,0,,50.7,230,48,28,26,6,26,1,7,45,7.98817,4.61538,1.73077,1.06509,0.195652,0.113043,0.08260869234800339,0.243655,1.45957,0.287671,0.701219,,,4.88246,-0.350905,-0.226115,999,,,,,,,167.58000564575195,3.3053255054041166,166.50000381469727,3.2840236944612626,,,,,,,,,,,,,,,,,,,"Bradley Hanner","sa3010837",690440
"Jack Sinclair","WSN",3,5,,4.92901,42,0,0,0,,49.3,220,49,29,27,7,21,1,6,41,7.48479,3.83367,1.95238,1.27789,0.186364,0.0954545,0.09090909361839294,0.253886,1.41988,0.289655,0.681063,,,4.99204,-0.35105,-0.335056,999,,,,,,,152.3199943542481,3.0896551057092876,156.49999618530273,3.1744421624180506,,,,,,,,,,,,,,,,,,,"Jack Sinclair","sa3017596",695378
"Danny Watson","NYY",3,5,,5.07901,37,0,0,0,,44.3,194,43,27,25,7,18,0,5,35,7.11061,3.65688,1.94444,1.42212,0.180412,0.0927835,0.08762886375188828,0.251462,1.37698,0.27907,0.664062,,,5.19808,-0.352206,-0.425686,999,,,,,,,130.9199943542481,2.955304663859292,131.49999618530273,2.9683972562079033,,,,,,,,,,,,,,,,,,,"Danny Watson","sa3017952",702130
"Sam McWilliams",,3,4,,5.04,29,4,0,0,,50,230,45,30,28,8,30,0,8,53,9.54,5.4,1.76667,1.44,0.230435,0.130435,0.09999999403953552,0.234375,1.5,0.282443,0.705329,,,5.40648,-0.352962,-0.15226,999,,,,,,,146.60000000000002,2.9320000000000004,138,2.76,,,,,,,,,,,,,,,,,,,"Sam McWilliams","sa829124",656726
"Chase Plymell","CHW",2,5,,5.11848,35,0,0,0,,63.3,285,70,39,36,9,27,0,1,42,5.97156,3.83886,1.55556,1.27962,0.147368,0.0947368,0.052631571888923645,0.272374,1.53239,0.296117,0.687204,,,5.01482,-0.354542,-0.626891,999,,,,,,,175.71999435424806,2.7759873060372557,199.49999618530273,3.1516587454949057,,,,,,,,,,,,,,,,,,,"Chase Plymell","sa3017985",684384
"Jordan Holloway","LAA",1,3,,4.95868,30,2,0,0,,36.3,168,33,22,20,5,27,0,1,37,9.17355,6.69421,1.37037,1.23967,0.220238,0.160714,0.059523805975914,0.235714,1.65289,0.285714,0.716981,,,5.2326,-0.354912,-0.388662,999,,,,,,,111.31999435424804,3.0666665755903293,106.49999618530273,2.933884254095834,,,,,,,,,,,,,,,,,,,"Jordan Holloway","20631",656548
"Christian Suarez","LAD",4,5,,5.11156,39,0,0,0,,49.3,225,50,30,28,7,26,0,2,41,7.48479,4.74645,1.57692,1.27789,0.182222,0.115556,0.06666666269302368,0.253807,1.54158,0.288591,0.694864,,,5.05289,-0.355027,-0.478541,999,,,,,,,146.71999435424812,2.9760648402597445,153.49999618530273,3.1135902344986524,,,,,,,,,,,,,,,,,,,"Christian Suarez","sa3009222",682949
"Juan Morillo","ARI",3,3,,4.61538,36,0,0,0,,39,181,39,22,20,5,24,0,1,35,8.07692,5.53846,1.45833,1.15385,0.19337,0.132597,0.06077347695827484,0.25,1.61538,0.293103,0.732143,,,4.96135,-0.355188,-0.1237,999,,,,,,,120.70000000000002,3.0948717948717954,125,3.2051282051282053,,,,,,,,,,,,,,,,,,,"Juan Morillo","21924",666661
"Noah Murdock","KCR",1,3,,4.98214,36,3,0,0,,56,256,52,34,31,6,33,0,7,48,7.71429,5.30357,1.45455,0.964286,0.1875,0.128906,0.05859375,0.240741,1.51786,0.283951,0.665796,,,4.98791,-0.355612,-0.485853,999,,,,,,,181.40000000000003,3.2392857142857148,178,3.1785714285714284,,,,,,,,,,,,,,,,,,,"Noah Murdock","27908",668716
"Michael Bienlien",,1,3,,4.87427,33,1,0,0,,51.7,233,53,30,28,7,24,1,4,40,6.96325,4.17795,1.66667,1.21857,0.171674,0.103004,0.06866952776908875,0.258537,1.48936,0.291139,0.699405,,,5.004,-0.355677,-0.30782,999,,,,,,,154.68000564575192,2.9918762739483844,163.50000381469727,3.1624758491667246,,,,,,,,,,,,,,,,,,,"Michael Bienlien","sa3010649",669624
"Stevie Branche",,1,3,,6.14243,26,0,0,0,,33.7,158,32,25,23,5,23,0,5,33,8.81306,6.14243,1.43478,1.33531,0.208861,0.14557,0.06329113245010376,0.246154,1.63205,0.293478,0.625,,,5.62939,-0.355928,-0.583288,999,,,,,,,86.68000564575196,2.572106934225226,85.50000381469727,2.5370920438887135,,,,,,,,,,,,,,,,,,,"Stevie Branche","sa3014866",688857
"Wander Suero",,3,5,,4.7929,53,0,0,0,,50.7,226,52,29,27,7,22,1,4,42,7.45562,3.90533,1.90909,1.2426,0.185841,0.0973451,0.08849557489156723,0.26,1.45957,0.298013,0.700935,,,4.84301,-0.357402,-0.214221,999,,,,,,,159.88000564575196,3.1534517404311484,168.50000381469727,3.323471425623073,,,,,,,,,,,,,,,,,,,"Wander Suero","15855",593833
"Alimber Santa","HOU",3,3,,5.33214,21,8,0,0,,55.7,261,56,36,33,9,36,0,2,49,7.91741,5.81688,1.36111,1.45422,0.187739,0.137931,0.049808427691459656,0.251121,1.65171,0.284848,0.70529,,,5.55427,-0.358214,-0.361229,999,,,,,,,139.880005645752,2.5113106594214365,145.50000381469727,2.6122082912341202,,,,,,,,,,,,,,,,,,,"Alimber Santa","sa3015478",695001
"Riley Pint","CLE",2,2,,4.73684,39,0,0,0,,43.7,202,34,25,23,5,33,0,8,54,11.1213,6.79634,1.63636,1.02975,0.267327,0.163366,0.10396040976047516,0.21118,1.53318,0.284314,0.7,,,4.99714,-0.360245,-0.285025,999,,,,,,,158.48000564575196,3.6265446883047585,138.50000381469727,3.1693364164001254,,,,,,,,,,,,,,,,,,,"Riley Pint","21858",666207
"Junior Fernández",,2,2,,4.95,35,0,0,1,,40,186,43,24,22,5,22,0,2,29,6.525,4.95,1.31818,1.125,0.155914,0.11828,0.037634409964084625,0.265432,1.625,0.296875,0.706897,,,5.14148,-0.361428,-0.243752,999,,,,,,,112.7,2.8175,125,3.125,,,,,,,,,,,,,,,,,,,"Junior Fernandez","18496",658551
"Calvin Coker",,3,3,,4.64627,38,0,0,0,,52.3,232,57,29,27,7,19,0,2,32,5.50669,3.2696,1.68421,1.20459,0.137931,0.0818966,0.05603448301553726,0.270142,1.45315,0.290698,0.70997,,,4.88732,-0.362183,-0.243599,999,,,,,,,153.71999435424806,2.939196875653486,171.49999618530273,3.279158674705588,,,,,,,,,,,,,,,,,,,"Calvin Coker","sa3007932",681085
"Jacob Wallace","KCR",3,5,,4.95256,43,0,0,0,,52.7,241,49,31,29,6,33,2,5,49,8.36812,5.63567,1.48485,1.02467,0.20332,0.136929,0.0663900375366211,0.241379,1.55598,0.290541,0.692935,,,4.95016,-0.362476,-0.260087,999,,,,,,,172.78000564575197,3.2785579344290467,169.50000381469727,3.2163188114011527,,,,,,,,,,,,,,,,,,,"Jacob Wallace","sa3010374",686608
"Sheldon Reed",,1,3,,5.39432,25,0,0,0,,31.7,146,33,21,19,5,18,1,2,28,7.94953,5.11041,1.55556,1.41956,0.191781,0.123288,0.06849315017461777,0.261905,1.60883,0.301075,0.681818,,,5.34314,-0.363549,-0.488061,999,,,,,,,83.28000564575196,2.6271294524104496,89.50000381469727,2.823343900967092,,,,,,,,,,,,,,,,,,,"Sheldon Reed","sa3017382",663477
"Jake Pilarski",,1,1,,5.53846,24,0,0,0,,26,121,27,17,16,4,15,0,2,19,6.57692,5.19231,1.26667,1.38462,0.157025,0.123967,0.033057861030101776,0.259615,1.61538,0.283951,0.686813,,,5.66648,-0.363945,-0.373584,999,,,,,,,59.999999999999986,2.307692307692307,65,2.5,,,,,,,,,,,,,,,,,,,"Jake Pilarski","sa3020685",702355
"Wesley Moore","PHI",1,1,,5.35411,33,0,0,0,,35.3,160,35,23,21,6,17,0,5,33,8.4136,4.33428,1.94118,1.52975,0.20625,0.10625,0.09999999403953552,0.253623,1.47309,0.292929,0.665138,,,5.37611,-0.364378,-0.444079,999,,,,,,,96.41999435424805,2.731444658305239,98.49999618530273,2.7903682241978682,,,,,,,,,,,,,,,,,,,"Wesley Moore","sa3020796",667744
"Michael Dominguez",,3,6,,5.35844,21,20,0,0,,82.3,378,84,53,49,14,48,0,4,66,7.2175,5.24909,1.375,1.53098,0.174603,0.126984,0.0476190447807312,0.257669,1.60389,0.284553,0.702847,,,5.66952,-0.364911,-0.290331,999,,,,,,,194.42002258300786,2.362333115112264,205.50001525878906,2.496962425743189,,,,,,,,,,,,,,,,,,,"Michael Dominguez","sa3011198",686597
"Tommy McCollum","PHI",2,2,,5.23002,40,0,0,0,,41.3,191,41,26,24,6,25,0,3,38,8.28087,5.44794,1.52,1.30751,0.198953,0.13089,0.06806282699108124,0.251534,1.59806,0.294118,0.694444,,,5.2488,-0.368695,-0.428711,999,,,,,,,117.21999435424803,2.838256574326052,120.49999618530273,2.917675506327179,,,,,,,,,,,,,,,,,,,"Tommy McCollum","sa3017204",695294
"Helcris Olivárez","SFG",2,4,,5.50669,17,11,0,0,,52.3,251,49,35,32,6,37,0,11,48,8.26004,6.36711,1.2973,1.0325,0.191235,0.14741,0.043824702501297,0.241379,1.64436,0.288591,0.657216,,,5.57566,-0.369145,-0.345033,999,,,,,,,137.81999435424805,2.635181574851473,135.49999618530273,2.5908221445878232,,,,,,,,,,,,,,,,,,,"Helcris Olivarez","sa3002965",672487
"Larson Kindreich","TEX",2,3,,5.90164,23,6,0,0,,42.7,200,40,30,28,7,31,0,4,42,8.85246,6.53396,1.35484,1.47541,0.21,0.155,0.05499999225139618,0.242424,1.66276,0.284483,0.669935,,,5.78943,-0.37101,-0.529184,999,,,,,,,104.880005645752,2.4562061773258876,101.50000381469727,2.37704922719327,,,,,,,,,,,,,,,,,,,"Larson Kindreich","sa3017505",695465
"Jake Reindl",,1,3,,5.59586,17,0,0,0,,19.3,91,17,13,12,3,12,0,6,20,9.32643,5.59586,1.66667,1.39896,0.21978,0.131868,0.08791208267211914,0.232877,1.50259,0.28,0.645161,,,5.91259,-0.372652,-0.327622,999,,,,,,,47.719994354248044,2.4725386653184116,43.499996185302734,2.2538859018073167,,,,,,,,,,,,,,,,,,,"Jake Reindl","sa3011523",667429
"Brett de Geus",,2,4,,5.35714,41,0,0,1,,42,199,48,27,25,5,20,0,5,29,6.21429,4.28571,1.45,1.07143,0.145729,0.100503,0.04522613435983658,0.275862,1.61905,0.307143,0.672131,,,5.11886,-0.372738,-0.436986,999,,,,,,,111.50000000000001,2.654761904761905,132,3.142857142857143,,,,,,,,,,,,,,,,,,,"Brett de Geus","23592",676969
"Jonathan Hughes",,2,3,,5.2,30,2,0,0,,45,206,49,28,26,6,22,1,3,31,6.2,4.4,1.40909,1.2,0.150485,0.106796,0.04368932545185089,0.270718,1.57778,0.298611,0.686901,,,5.1887,-0.374268,-0.296137,999,,,,,,,118.79999999999998,2.6399999999999997,134,2.977777777777778,,,,,,,,,,,,,,,,,,,"Jonathan Hughes","sa3014908",663670
"Jeisson Cabrera","LAD",1,2,,5.34653,26,1,0,0,,30.3,141,29,19,18,5,19,0,4,29,8.61386,5.64356,1.52632,1.48515,0.205674,0.134752,0.07092198729515076,0.245763,1.58416,0.285714,0.707317,,,5.67473,-0.375825,-0.301523,999,,,,,,,76.31999435424805,2.5188117582821423,75.49999618530273,2.4917491117609387,,,,,,,,,,,,,,,,,,,"Jeisson Cabrera","sa3006501",678922
"Juan Mejia","COL",3,5,,5.29412,46,0,0,0,,51,236,51,32,30,7,28,1,7,45,7.94118,4.94118,1.60714,1.23529,0.190678,0.118644,0.07203390449285507,0.253731,1.54902,0.295302,0.679191,,,5.24491,-0.377183,-0.152036,999,,,,,,,143.70000000000007,2.817647058823531,149,2.9215686274509802,,,,,,,,,,,,,,,,,,,"Juan Mejia","23237",675848
"Haden Erbe","DET",2,4,,5.18732,25,2,0,0,,34.7,157,35,22,20,6,17,0,3,30,7.78098,4.40922,1.76471,1.5562,0.191083,0.10828,0.08280254900455475,0.255474,1.49856,0.287129,0.688073,,,5.41432,-0.379069,-0.404569,999,,,,,,,91.98000564575193,2.650720565516214,95.50000381469727,2.752161432707917,,,,,,,,,,,,,,,,,,,"Haden Erbe","sa3020462",669652
"Juan Sanchez","SFG",2,2,,5.18182,23,0,0,0,,33,154,33,21,19,4,21,0,2,28,7.63636,5.72727,1.33333,1.09091,0.181818,0.136364,0.04545454680919647,0.251908,1.63636,0.292929,0.681818,,,5.13618,-0.379263,-0.419228,999,,,,,,,96.20000000000006,2.915151515151517,100,3.0303030303030303,,,,,,,,,,,,,,,,,,,"Juan Sanchez","sa3005444",678738
"Steven Wilson","CHW",2,3,,5.08696,48,0,0,1,,46,198,41,28,26,8,25,2,3,46,9,4.8913,1.84,1.56522,0.232323,0.126263,0.10606060922145844,0.241176,1.43478,0.284483,0.693431,,,5.25344,-0.379927,-0.425563,999,,,,,,,147.40000000000003,3.2043478260869573,138,3,,,,,,,,,,,,,,,,,,,"Steven Wilson","20353",621051
"Andrew Walling","PHI",3,5,,5.20343,41,0,0,0,,46.7,212,46,29,27,7,26,1,3,42,8.09422,5.01071,1.61538,1.34904,0.198113,0.122642,0.07547169178724289,0.251366,1.54176,0.291045,0.691318,,,5.17933,-0.380673,-0.444085,999,,,,,,,136.88000564575194,2.9310493235447272,139.50000381469727,2.9871520671452054,,,,,,,,,,,,,,,,,,,"Andrew Walling","sa3020319",681003
"Andrew Moore","SDP",2,4,,5.69388,32,0,0,0,,49,230,45,34,31,7,34,1,7,53,9.73469,6.2449,1.55882,1.28571,0.230435,0.147826,0.08260868489742279,0.238095,1.61224,0.294574,0.650289,,,5.37056,-0.382838,-0.626732,999,,,,,,,142.5,2.9081632653061225,137,2.795918367346939,,,,,,,,,,,,,,,,,,,"Andrew Moore","sa3016795",681097
"Michael Gomez",,3,4,,4.60695,38,0,0,0,,54.7,246,53,30,28,6,25,0,8,42,6.91042,4.11335,1.68,0.987203,0.170732,0.101626,0.06910569220781326,0.248826,1.42596,0.284848,0.689655,,,4.86666,-0.384146,-0.184585,999,,,,,,,178.18000564575198,3.2574040797175483,180.50000381469727,3.2998172083571577,,,,,,,,,,,,,,,,,,,"Michael Gomez","sa3008454",676546
"Austin Brice",,1,2,,5.45455,27,1,0,0,,29.7,139,28,19,18,4,19,1,6,27,8.18182,5.75758,1.42105,1.21212,0.194245,0.136691,0.057553961873054504,0.245614,1.58249,0.289157,0.676328,,,5.62439,-0.386998,-0.341936,999,,,,,,,76.78000564575201,2.5851853088690957,75.50000381469727,2.54208760522688,,,,,,,,,,,,,,,,,,,"Austin Brice","17237",592169
"Miguel Cienfuegos","SDP",6,8,,5.2568,23,17,0,0,,99.3,449,112,63,58,16,37,0,8,54,4.89426,3.35347,1.45946,1.45015,0.120267,0.0824053,0.037861913442611694,0.277228,1.5005,0.287425,0.679305,,,5.53305,-0.389407,-0.376237,999,,,,,,,219.8200225830078,2.2136960304868443,261.50001525878906,2.6334341109988513,,,,,,,,,,,,,,,,,,,"Miguel Cienfuegos","sa3020816",800550
"Jose Cruz","KCR",1,3,,5.45455,22,2,0,0,,36.3,167,34,24,22,5,23,0,4,33,8.18182,5.70248,1.43478,1.23967,0.197605,0.137725,0.05988024175167084,0.242857,1.57025,0.284314,0.66,,,5.37034,-0.392379,-0.429592,999,,,,,,,103.71999435424803,2.8573001800053737,101.49999618530273,2.7961432043688896,,,,,,,,,,,,,,,,,,,"Jose Cruz","sa3024843",821781
"Jordan Weems",,2,3,,4.80663,50,0,0,0,,54.3,240,52,31,29,8,28,2,2,51,8.45304,4.64088,1.82143,1.32597,0.2125,0.116667,0.09583333879709244,0.247619,1.4733,0.291391,0.712209,,,4.86077,-0.393341,-0.223225,999,,,,,,,180.21999435424806,3.318968635109027,179.49999618530273,3.3057090001355167,,,,,,,,,,,,,,,,,,,"Jordan Weems","13190",607179
"Adrian Hernandez",,2,2,,4.80493,36,0,0,0,,48.7,222,45,28,26,6,29,1,5,44,8.13142,5.35934,1.51724,1.10883,0.198198,0.130631,0.06756757199764252,0.239362,1.51951,0.282609,0.701219,,,5.0556,-0.395177,-0.33432,999,,,,,,,155.58000564575195,3.194661256846383,151.50000381469727,3.110882986473961,,,,,,,,,,,,,,,,,,,"Adrian Hernandez","sa3006177",681753
"Bryan Chi",,1,3,,5.66667,24,3,0,0,,54,245,58,37,34,9,23,0,4,37,6.16667,3.83333,1.6087,1.5,0.15102,0.0938776,0.05714285373687744,0.266055,1.5,0.284884,0.643275,,,5.46278,-0.39525,-0.69066,999,,,,,,,131.10000000000002,2.427777777777778,146,2.7037037037037037,,,,,,,,,,,,,,,,,,,"Bryan Chi","sa3020958",701261
"Kyle Wilcox",,1,2,,5.39432,26,0,0,0,,31.7,147,32,21,19,5,22,0,2,28,7.94953,6.24606,1.27273,1.41956,0.190476,0.14966,0.04081633687019348,0.260163,1.70347,0.3,0.702128,,,5.72168,-0.395736,-0.193875,999,,,,,,,73.88000564575195,2.3305994910929226,77.50000381469727,2.44479501417876,,,,,,,,,,,,,,,,,,,"Kyle Wilcox","sa857699",664048
"Andrew Baker","PHI",2,4,,5.31818,40,0,0,0,,44,205,41,28,26,6,32,0,2,44,9,6.54545,1.375,1.22727,0.214634,0.156098,0.0585365891456604,0.239766,1.65909,0.289256,0.696594,,,5.25739,-0.396623,-0.486439,999,,,,,,,131.20000000000002,2.9818181818181824,128,2.909090909090909,,,,,,,,,,,,,,,,,,,"Andrew Baker","sa3017196",687900
"J.C. Flowers",,2,3,,5.1,35,3,0,0,,60,278,64,37,34,7,34,1,4,41,6.15,5.1,1.20588,1.05,0.147482,0.122302,0.025179848074913025,0.266667,1.63333,0.296875,0.69161,,,5.21648,-0.397302,-0.275817,999,,,,,,,159.49999999999997,2.6583333333333328,177,2.95,,,,,,,,,,,,,,,,,,,"J.C. Flowers","sa3011493",669001
"Brendan Cellucci",,3,5,,5.13812,35,1,0,0,,54.3,254,53,34,31,7,36,0,4,52,8.61878,5.96685,1.44444,1.16022,0.204724,0.141732,0.06299212574958801,0.247664,1.63904,0.296774,0.694444,,,5.13701,-0.39763,-0.357685,999,,,,,,,161.9199943542481,2.981952055788158,164.49999618530273,3.0294659023315247,,,,,,,,,,,,,,,,,,,"Brendan Cellucci","sa3011710",676454
"Jacob Webb","BOS",4,7,,5.27143,38,5,0,0,,70,317,74,44,41,10,34,1,5,50,6.42857,4.37143,1.47059,1.28571,0.157729,0.107256,0.050473183393478394,0.266187,1.54286,0.293578,0.680851,,,5.26648,-0.398263,-0.263616,999,,,,,,,185.6,2.6514285714285712,203,2.9,,,,,,,,,,,,,,,,,,,"Jacob Webb","sa3017547",701288
"Chase Anderson","TEX",2,4,,5.79278,27,8,0,0,,63.7,286,68,44,41,12,29,1,3,48,6.78179,4.09733,1.65517,1.69545,0.167832,0.101399,0.06643356382846832,0.267717,1.52276,0.28866,0.660848,,,5.61546,-0.402572,-0.680493,999,,,,,,,146.98000564575187,2.3073783969444563,162.50000381469727,2.5510204374948686,,,,,,,,,,,,,,,,,,,"Chase Anderson","6895",502624
"Jack Hartman","TBR",3,3,,4.98741,34,0,0,0,,39.7,180,42,24,22,6,18,0,2,31,7.02771,4.0806,1.72222,1.3602,0.172222,0.1,0.07222222536802292,0.2625,1.51134,0.292683,0.697674,,,5.08084,-0.403845,-0.46206,999,,,,,,,112.78000564575193,2.840806132956898,122.50000381469727,3.0856423541697473,,,,,,,,,,,,,,,,,,,"Jack Hartman","sa3018250",689713
"Nick Krauth","TEX",4,9,,5.93407,22,17,0,0,,91,417,103,65,60,15,36,0,10,50,4.94506,3.56044,1.38889,1.48352,0.119904,0.0863309,0.03357314318418503,0.277628,1.52747,0.287582,0.627119,,,5.72692,-0.40404,-0.876897,999,,,,,,,183.09999999999997,2.0120879120879116,222,2.4395604395604398,,,,,,,,,,,,,,,,,,,"Nick Krauth","sa3015006",689242
"Gerson Moreno","STL",2,2,,4.92341,41,1,0,0,,45.7,207,41,27,25,6,28,1,5,46,9.05908,5.51422,1.64286,1.18162,0.222222,0.135266,0.08695653080940247,0.235632,1.50985,0.286885,0.693069,,,5.02644,-0.405161,-0.412846,999,,,,,,,150.78000564575197,3.2993436133162484,143.50000381469727,3.1400437947272204,,,,,,,,,,,,,,,,,,,"Gerson Moreno","sa736656",642575
"Cayne Ueckert",,1,2,,5.18732,30,0,0,0,,34.7,158,33,22,20,5,20,0,3,31,8.04035,5.18732,1.55,1.29683,0.196203,0.126582,0.06962025165557861,0.244444,1.52738,0.282828,0.673913,,,5.24141,-0.40517,-0.447926,999,,,,,,,102.48000564575194,2.9533142188055335,101.50000381469727,2.925072091730385,,,,,,,,,,,,,,,,,,,"Cayne Ueckert","sa3010789",681145
"Ivan Armstrong",,3,6,,5.13866,33,2,0,0,,61.3,276,64,38,35,9,27,0,5,45,6.60685,3.96411,1.66667,1.32137,0.163043,0.0978261,0.06521739810705185,0.262295,1.4845,0.289474,0.67602,,,5.17301,-0.406324,-0.458995,999,,,,,,,170.5199943542481,2.7817291431735565,183.49999618530273,2.9934746895455575,,,,,,,,,,,,,,,,,,,"Ivan Armstrong","sa3006358",678371
"Randy Labaut","PIT",3,6,,5.19553,33,2,0,0,,53.7,247,57,34,31,7,31,2,1,38,6.36871,5.19553,1.22581,1.17318,0.153846,0.125506,0.028340086340904236,0.265116,1.63873,0.294118,0.690537,,,5.23352,-0.406743,-0.374059,999,,,,,,,143.080005645752,2.6644320970754496,157.50000381469727,2.9329609232220792,,,,,,,,,,,,,,,,,,,"Randy Labaut","sa3010615",665178
"Johnathan Lavallee",,2,4,,5.175,34,0,0,0,,40,182,39,25,23,6,24,2,1,35,7.875,5.4,1.45833,1.35,0.192308,0.131868,0.06043955683708191,0.248408,1.575,0.284483,0.695971,,,5.24148,-0.408726,-0.481391,999,,,,,,,115.79999999999998,2.8949999999999996,117,2.925,,,,,,,,,,,,,,,,,,,"Johnathan Lavallee","sa3017993",702300
"Kenyon Yovan","LAA",2,3,,5.17986,35,0,0,0,,41.7,187,44,26,24,7,19,1,3,33,7.1223,4.10072,1.73684,1.51079,0.176471,0.101604,0.07486631721258163,0.266667,1.51079,0.296,0.695489,,,5.34873,-0.40932,-0.415397,999,,,,,,,108.08000564575195,2.591846610751317,117.50000381469727,2.81774584328364,,,,,,,,,,,,,,,,,,,"Kenyon Yovan","sa3016839",668719
"Orlando Ortiz-Mayr","MIA",4,9,,5.47059,23,18,0,0,,102,473,117,67,62,16,46,0,10,64,5.64706,4.05882,1.3913,1.41176,0.135307,0.0972516,0.03805496543645859,0.280576,1.59804,0.299703,0.682788,,,5.59785,-0.410569,-0.182858,999,,,,,,,213.8,2.096078431372549,262,2.5686274509803924,,,,,,,,,,,,,,,,,,,"Orlando Ortiz-Mayr","sa3018181",689508
"Jonathan Brand","BOS",2,3,,5.22,32,0,0,0,,50,223,54,31,29,8,20,0,3,38,6.84,3.6,1.9,1.44,0.170404,0.0896861,0.08071748912334442,0.27,1.48,0.298701,0.684713,,,5.10648,-0.413253,-0.363892,999,,,,,,,138.20000000000002,2.7640000000000002,153,3.06,,,,,,,,,,,,,,,,,,,"Jonathan Brand","sa3020567",701213
"Tyler Guilfoil","HOU",5,8,,5.15376,23,15,0,0,,94.3,427,96,58,54,16,43,0,12,75,7.15801,4.10392,1.74419,1.52704,0.175644,0.100703,0.07494144886732101,0.258065,1.47402,0.284698,0.694683,,,5.53127,-0.413683,-0.159985,999,,,,,,,236.4200225830078,2.507105142438283,248.50001525878906,2.6352068633804446,,,,,,,,,,,,,,,,,,,"Tyler Guilfoil","sa3020113",805965
"Brandon Hughes",,2,3,,4.7619,47,1,0,0,,56.7,246,52,32,30,10,24,1,5,58,9.20635,3.80952,2.41667,1.5873,0.235772,0.097561,0.13821138441562653,0.239631,1.34039,0.281879,0.709677,,,4.94778,-0.415236,-0.267,999,,,,,,,190.38000564575196,3.3576720120644006,182.50000381469727,3.218694909330299,,,,,,,,,,,,,,,,,,,"Brandon Hughes","23460",676714
"Hunter Strickland","LAA",2,2,,4.93997,59,0,0,1,,58.3,250,55,35,32,9,25,1,4,47,7.25557,3.85935,1.88,1.38937,0.188,0.1,0.08799999207258224,0.248869,1.37221,0.278788,0.667656,,,5.05327,-0.417151,-0.508035,999,,,,,,,188.71999435424806,3.2370496882319206,185.49999618530273,3.181818158024654,,,,,,,,,,,,,,,,,,,"Hunter Strickland","7836",519326
"Conor Grammes",,2,2,,4.84777,34,2,0,0,,42.7,202,41,25,23,5,29,0,6,41,8.64169,6.11241,1.41379,1.05386,0.20297,0.143564,0.059405937790870667,0.245509,1.63934,0.297521,0.714286,,,5.22737,-0.417578,-0.124897,999,,,,,,,124.880005645752,2.9245902438985176,125.50000381469727,2.939110107080426,,,,,,,,,,,,,,,,,,,"Conor Grammes","sa3011651",682202
"Melvin Adón",,2,4,,5.5102,26,0,0,0,,34.3,162,36,23,21,5,21,0,3,29,7.60933,5.5102,1.38095,1.31195,0.179012,0.12963,0.04938271641731262,0.26087,1.66181,0.298077,0.68,,,5.46969,-0.422573,-0.416627,999,,,,,,,84.71999435424803,2.4699707358217537,92.49999618530273,2.6967929516849116,,,,,,,,,,,,,,,,,,,"Melvin Adon","sa873314",661536
"Regi Grace",,2,4,,4.98973,33,1,0,0,,48.7,222,50,29,27,7,23,0,6,39,7.20739,4.25051,1.69565,1.29363,0.175676,0.103604,0.07207207381725311,0.259067,1.49897,0.292517,0.696203,,,5.21987,-0.424161,-0.351296,999,,,,,,,135.280005645752,2.777823481035747,143.50000381469727,2.9466119418195227,,,,,,,,,,,,,,,,,,,"Regi Grace","sa3008101",681322
"Joshua Cornielly","NYM",3,4,,4.88934,34,0,0,0,,49.7,220,48,29,27,8,20,1,6,44,7.96781,3.62173,2.2,1.44869,0.2,0.0909091,0.1090909093618393,0.247423,1.36821,0.28169,0.68662,,,5.05783,-0.42437,-0.411627,999,,,,,,,154.580005645752,3.110261635267821,154.50000381469727,3.108651940502697,,,,,,,,,,,,,,,,,,,"Joshua Cornielly","sa3005890",681739
"Owen Holt","CIN",3,5,,5.89165,33,0,0,0,,44.3,203,49,31,29,8,22,1,1,34,6.90745,4.46953,1.54545,1.62528,0.167488,0.108374,0.05911329388618469,0.272222,1.60271,0.297101,0.668896,,,5.53668,-0.424433,-0.592561,999,,,,,,,101.01999435424807,2.2803610856439165,116.49999618530273,2.6297967989092204,,,,,,,,,,,,,,,,,,,"Owen Holt","sa3017861",700177
"Austin Pruitt","ATH",2,4,,5.10638,31,3,0,0,,42.3,181,46,26,24,8,12,1,2,27,5.74468,2.55319,2.25,1.70213,0.149171,0.0662983,0.08287293463945389,0.275449,1.37116,0.287879,0.683761,,,5.34142,-0.426582,-0.38621,999,,,,,,,107.01999435424807,2.5300235528251265,119.49999618530273,2.8250590624267553,,,,,,,,,,,,,,,,,,,"Austin Pruitt","15290",643493
"Justin Kelly","TOR",2,4,,5.01326,30,0,0,0,,37.7,169,40,23,21,6,16,1,2,25,5.96817,3.81963,1.5625,1.43236,0.147929,0.0946746,0.05325444042682648,0.264901,1.48541,0.283333,0.693277,,,5.34155,-0.426969,-0.395539,999,,,,,,,97.18000564575198,2.577718930480332,106.50000381469727,2.824933731019731,,,,,,,,,,,,,,,,,,,"Justin Kelly","sa3017072",702124
"Todd Peterson","WSN",2,4,,5.48533,36,2,0,0,,44.3,203,50,29,27,7,19,0,2,27,5.48533,3.86005,1.42105,1.42212,0.133005,0.0935961,0.039408862590789795,0.274725,1.55756,0.290541,0.675676,,,5.42382,-0.427822,-0.497309,999,,,,,,,102.71999435424809,2.3187358041377677,121.49999618530273,2.7426636180087813,,,,,,,,,,,,,,,,,,,"Todd Peterson","sa3011334",668720
"Donovan Benoit",,2,3,,5.8125,29,0,0,0,,48,224,50,34,31,7,26,0,6,38,7.125,4.875,1.46154,1.3125,0.169643,0.116071,0.0535714253783226,0.260417,1.58333,0.292517,0.634441,,,5.47898,-0.429056,-0.677268,999,,,,,,,119.10000000000005,2.481250000000001,129,2.6875,,,,,,,,,,,,,,,,,,,"Donovan Benoit","sa3017464",687630
"Brooks Crawford",,2,4,,5.7,35,1,0,0,,60,269,65,41,38,11,26,0,3,47,7.05,3.9,1.80769,1.65,0.174721,0.0966543,0.07806692272424698,0.270833,1.51667,0.296703,0.661376,,,5.43315,-0.430219,-0.629742,999,,,,,,,146.7,2.445,164,2.7333333333333334,,,,,,,,,,,,,,,,,,,"Brooks Crawford","sa3011554",663883
"Colton Johnson","ATH",3,3,,4.69274,40,0,0,0,,53.7,238,53,30,28,8,24,0,3,47,7.87709,4.02235,1.95833,1.34078,0.197479,0.10084,0.09663865715265274,0.251185,1.43389,0.288462,0.714286,,,4.86108,-0.431222,-0.360802,999,,,,,,,174.18000564575192,3.243575478046559,177.50000381469727,3.3054003965153984,,,,,,,,,,,,,,,,,,,"Colton Johnson","sa3017750",687439
"Kendall Williams",,5,6,,5.67095,20,19,0,0,,85.7,395,97,58,54,14,39,0,7,46,4.83081,4.09568,1.17949,1.47025,0.116456,0.0987342,0.017721518874168396,0.277937,1.58693,0.287197,0.670103,,,5.82692,-0.431465,-0.509728,999,,,,,,,163.7799774169922,1.9110849854044427,200.49998474121094,2.3395564980276635,,,,,,,,,,,,,,,,,,,"Kendall Williams","sa3011674",683086
"Reid Birlingmair",,2,4,,5.67878,31,3,0,0,,52.3,241,54,36,33,8,28,0,5,41,7.05545,4.81836,1.46429,1.37667,0.170124,0.116183,0.053941912949085236,0.259615,1.56788,0.289308,0.649718,,,5.48006,-0.432921,-0.729229,999,,,,,,,131.2199943542481,2.5089865443298836,140.49999618530273,2.686424440437513,,,,,,,,,,,,,,,,,,,"Reid Birlingmair","sa3007473",679304
"Joey Krehbiel","KCR",3,4,,4.97872,46,0,0,0,,47,207,49,28,26,7,20,1,1,34,6.51064,3.82979,1.7,1.34043,0.164251,0.0966184,0.06763285398483276,0.263441,1.46809,0.289655,0.692568,,,4.99627,-0.433041,-0.504329,999,,,,,,,139.30000000000004,2.9638297872340433,149,3.1702127659574466,,,,,,,,,,,,,,,,,,,"Joey Krehbiel","13707",607216
"Bryce McGowan","COL",1,1,,5.49618,39,0,0,0,,39.3,187,42,26,24,6,25,0,2,32,7.32824,5.72519,1.28,1.37405,0.171123,0.13369,0.037433162331581116,0.2625,1.70483,0.295082,0.699659,,,5.58378,-0.434132,-0.237727,999,,,,,,,90.81999435424807,2.31094137703197,101.49999618530273,2.5826971540901855,,,,,,,,,,,,,,,,,,,"Bryce McGowan","sa3017786",700245
"Dylan Heid","BAL",3,4,,5.04,34,0,0,0,,50,228,50,30,28,7,28,0,2,44,7.92,5.04,1.57143,1.26,0.192982,0.122807,0.07017543166875839,0.252525,1.56,0.292517,0.703812,,,5.02648,-0.437129,-0.510868,999,,,,,,,151.89999999999998,3.0379999999999994,157,3.14,,,,,,,,,,,,,,,,,,,"Dylan Heid","sa3019113",695327
"Holden Powell","WSN",3,5,,5.5102,30,0,0,0,,34.3,159,35,23,21,5,20,0,3,27,7.08455,5.24781,1.35,1.31195,0.169811,0.125786,0.044025152921676636,0.257353,1.6035,0.288462,0.666667,,,5.49884,-0.438317,-0.518464,999,,,,,,,86.31999435424802,2.516617967180034,91.49999618530273,2.6676384320859867,,,,,,,,,,,,,,,,,,,"Holden Powell","sa3014854",676026
"Jordan Jones",,2,4,,5.07901,24,4,0,0,,44.3,205,46,27,25,7,28,1,1,35,7.11061,5.68849,1.25,1.42212,0.170732,0.136585,0.03414633870124817,0.261364,1.67043,0.291045,0.732087,,,5.6044,-0.440443,-0.234394,999,,,,,,,105.11999435424809,2.3729118773055573,113.49999618530273,2.5620767074494837,,,,,,,,,,,,,,,,,,,"Jordan Jones","sa3009984",669437
"Jared Solomon",,2,3,,5.77982,31,0,0,0,,32.7,155,34,23,21,4,21,0,4,25,6.88073,5.77982,1.19048,1.10092,0.16129,0.135484,0.02580644190311432,0.261538,1.68196,0.29703,0.647773,,,5.52122,-0.441449,-0.640635,999,,,,,,,79.38000564575194,2.427523051795071,86.50000381469727,2.645259993777494,,,,,,,,,,,,,,,,,,,"Jared Solomon","23425",676660
"Eli Villalobos",,1,3,,4.98845,33,0,0,0,,43.3,196,43,26,24,6,24,1,3,36,7.48268,4.98845,1.5,1.24711,0.183673,0.122449,0.06122449040412903,0.254438,1.54734,0.291339,0.699659,,,5.17572,-0.441714,-0.40707,999,,,,,,,125.81999435424804,2.9057735928678374,129.49999618530273,2.990762089308848,,,,,,,,,,,,,,,,,,,"Eli Villalobos","20408",681871
"Beck Way","KCR",4,6,,5.36892,35,9,0,0,,63.7,298,63,41,38,8,40,1,9,50,7.06436,5.65149,1.25,1.1303,0.167785,0.134228,0.03355705738067627,0.253012,1.61695,0.287958,0.675381,,,5.53697,-0.444566,-0.250653,999,,,,,,,162.18000564575192,2.545996918419316,167.50000381469727,2.6295133721905457,,,,,,,,,,,,,,,,,,,"Beck Way","sa3014462",694360
"Antonio Menendez","TBR",3,4,,4.80663,36,0,0,0,,54.3,243,53,31,29,7,27,0,5,46,7.62431,4.47514,1.7037,1.16022,0.1893,0.111111,0.07818930596113205,0.251185,1.4733,0.291139,0.698006,,,4.91602,-0.447194,-0.437139,999,,,,,,,173.9199943542481,3.2029465340313514,176.49999618530273,3.2504603805747183,,,,,,,,,,,,,,,,,,,"Antonio Menendez","sa3018799",694674
"Eric Pardinho","TOR",2,2,,4.95918,39,0,0,0,,49,221,49,29,27,8,26,0,1,44,8.08163,4.77551,1.69231,1.46939,0.199095,0.117647,0.08144796639680862,0.252577,1.53061,0.288732,0.721003,,,5.14607,-0.447809,-0.422131,999,,,,,,,143.80000000000004,2.9346938775510214,148,3.020408163265306,,,,,,,,,,,,,,,,,,,"Eric Pardinho","sa968102",672078
"Andrew Vasquez",,3,5,,5.0339,41,3,0,0,,59,263,57,36,33,8,23,0,13,46,7.01695,3.50847,2,1.22034,0.174905,0.0874525,0.0874524712562561,0.251101,1.35593,0.283237,0.639535,,,5.20038,-0.450283,-0.445465,999,,,,,,,174.00000000000006,2.9491525423728824,175,2.9661016949152543,,,,,,,,,,,,,,,,,,,"Andrew Vasquez","19482",607755
"Jonah Dipoto",,1,2,,5.52826,32,1,0,0,,40.7,188,40,27,25,6,24,0,6,35,7.73956,5.30713,1.45833,1.32678,0.18617,0.12766,0.05851063132286072,0.253165,1.57248,0.290598,0.665468,,,5.57434,-0.450484,-0.50191,999,,,,,,,103.38000564575196,2.540049231151061,105.50000381469727,2.592137637274034,,,,,,,,,,,,,,,,,,,"Jonah Dipoto","sa3010776",665167
"Michael Boyle",,2,3,,5.45455,30,1,0,0,,36.3,165,39,24,22,6,20,0,1,27,6.69421,4.95868,1.35,1.4876,0.163636,0.121212,0.04242423176765442,0.270833,1.62534,0.297297,0.6917,,,5.56317,-0.452463,-0.501227,999,,,,,,,84.41999435424802,2.325619728059368,94.49999618530273,2.6033057347511677,,,,,,,,,,,,,,,,,,,"Michael Boyle","sa857604",664082
"Jayvien Sandridge","NYY",3,4,,5.16667,44,0,0,0,,54,250,47,34,31,7,41,2,4,57,9.5,6.83333,1.39024,1.16667,0.228,0.164,0.06399999558925629,0.229268,1.62963,0.283688,0.690537,,,5.24055,-0.454212,-0.629012,999,,,,,,,170.3,3.153703703703704,158,2.925925925925926,,,,,,,,,,,,,,,,,,,"Jayvien Sandridge","25158",682144
"Jarod Bayless","PIT",1,3,,5.40636,24,0,0,0,,28.3,129,30,18,17,5,9,0,8,21,6.67845,2.86219,2.33333,1.59011,0.162791,0.0697674,0.09302325546741486,0.267857,1.37809,0.290698,0.65625,,,5.78132,-0.457648,-0.27559,999,,,,,,,60.91999435424805,2.152650035215183,67.49999618530273,2.3851589401072295,,,,,,,,,,,,,,,,,,,"Jarod Bayless","sa3010236",663681
"Ben Harris",,3,4,,5.28217,42,0,0,0,,44.3,207,39,28,26,6,34,1,4,48,9.75169,6.90745,1.41176,1.21896,0.231884,0.164251,0.06763285398483276,0.230769,1.64786,0.286957,0.696594,,,5.33352,-0.457671,-0.538085,999,,,,,,,134.61999435424806,3.038826109992966,125.49999618530273,2.83295707328843,,,,,,,,,,,,,,,,,,,"Ben Harris","sa3017779",677946
"Carson Rudd",,2,4,,6,28,7,0,0,,60,277,62,43,40,12,36,0,4,54,8.1,5.4,1.5,1.8,0.194946,0.129964,0.06498193740844727,0.261603,1.63333,0.292398,0.67734,,,5.96648,-0.459181,-0.511154,999,,,,,,,123.19999999999999,2.0533333333333332,132,2.2,,,,,,,,,,,,,,,,,,,"Carson Rudd","sa3014812",695297
"Andrew Dalquist","CHW",2,6,,6,27,10,0,0,,57,272,62,41,38,9,38,0,4,42,6.63158,6,1.10526,1.42105,0.154412,0.139706,0.014705881476402283,0.269565,1.75439,0.296089,0.675057,,,5.95595,-0.462163,-0.711796,999,,,,,,,107.90000000000003,1.8929824561403514,126,2.210526315789474,,,,,,,,,,,,,,,,,,,"Andrew Dalquist","sa3011841",686643
"Will Childers","MIL",3,5,,5.17454,33,2,0,0,,48.7,217,52,30,28,9,21,0,1,36,6.65298,3.8809,1.71429,1.66324,0.165899,0.0967742,0.06912443041801453,0.266667,1.49897,0.286667,0.711921,,,5.44574,-0.464484,-0.325042,999,,,,,,,120.48000564575199,2.473922048425036,132.50000381469727,2.7207392554196703,,,,,,,,,,,,,,,,,,,"Will Childers","sa3021720",682999
"Scott Engler",,1,3,,5.75758,25,0,0,0,,29.7,141,30,21,19,5,20,1,2,26,7.87879,6.06061,1.3,1.51515,0.184397,0.141844,0.04255318641662598,0.252101,1.6835,0.284091,0.674419,,,5.82641,-0.464663,-0.577898,999,,,,,,,66.280005645752,2.2316499644154275,69.50000381469727,2.3400674083962127,,,,,,,,,,,,,,,,,,,"Scott Engler","sa918353",670081
"Ben Madison",,3,4,,4.98973,31,0,0,0,,48.7,225,45,29,27,6,32,0,4,49,9.05544,5.91376,1.53125,1.10883,0.217778,0.142222,0.07555554807186127,0.238095,1.58111,0.291045,0.699708,,,4.97346,-0.467093,-0.414592,999,,,,,,,159.58000564575195,3.2767967791736017,155.50000381469727,3.19301850880118,,,,,,,,,,,,,,,,,,,"Ben Madison","sa3008173",681823
"Jhosmer Alvarez","ARI",3,3,,4.71429,38,0,0,0,,42,190,45,24,22,6,19,0,2,29,6.21429,4.07143,1.52632,1.28571,0.152632,0.1,0.05263157933950424,0.266272,1.52381,0.291045,0.719424,,,5.14267,-0.470714,-0.164056,999,,,,,,,115,2.738095238095238,127,3.0238095238095237,,,,,,,,,,,,,,,,,,,"Jhosmer Alvarez","sa3005437",678493
"A.J. Alexy",,3,4,,5.60377,20,10,0,0,,53,255,52,36,33,7,44,0,4,45,7.64151,7.4717,1.02273,1.18868,0.176471,0.172549,0.003921568393707275,0.251208,1.81132,0.290323,0.696056,,,5.90233,-0.471955,-0.443084,999,,,,,,,116.90000000000006,2.205660377358492,120,2.2641509433962264,,,,,,,,,,,,,,,,,,,"A.J. Alexy","22343",669935
"Andre Scrubb","NYM",1,1,,5.6962,21,0,0,0,,23.7,110,23,16,15,4,18,0,1,20,7.59494,6.83544,1.11111,1.51899,0.181818,0.163636,0.018181830644607544,0.252747,1.72996,0.283582,0.706215,,,6.07787,-0.474167,-0.422973,999,,,,,,,49.380005645751964,2.0835444749423493,49.500003814697266,2.0886076886589056,,,,,,,,,,,,,,,,,,,"Andre Scrubb","20329",668687
"Shohei Tomioka","ATH",2,4,,5.24838,32,1,0,0,,46.3,213,47,29,27,6,25,1,4,36,6.99784,4.85961,1.44,1.16631,0.169014,0.117371,0.051643192768096924,0.255435,1.55508,0.288732,0.676101,,,5.17512,-0.474943,-0.575792,999,,,,,,,131.61999435424804,2.842764503738774,138.49999618530273,2.991360658046,,,,,,,,,,,,,,,,,,,"Shohei Tomioka","sa3014808",693388
"Damian Mendoza",,2,2,,5.63567,26,1,0,0,,52.7,239,57,36,33,9,21,0,5,39,6.66034,3.58634,1.85714,1.537,0.16318,0.0878661,0.07531381398439407,0.267606,1.48008,0.290909,0.642202,,,5.38659,-0.47601,-0.798496,999,,,,,,,131.080005645752,2.487286598635729,146.50000381469727,2.7798861801482433,,,,,,,,,,,,,,,,,,,"Damian Mendoza","sa3005430",677604
"Frankie Scalzo Jr.","CHC",3,5,,4.80663,41,0,0,0,,54.3,239,55,31,29,8,22,0,3,40,6.62983,3.64641,1.81818,1.32597,0.167364,0.0920502,0.07531380653381348,0.257009,1.41805,0.283133,0.699088,,,4.98968,-0.476339,-0.34547,999,,,,,,,165.41999435424805,3.0464087786090883,172.49999618530273,3.176795554493654,,,,,,,,,,,,,,,,,,,"Frankie Scalzo Jr.","sa3017724",700794
"Bryan Shaw",,2,3,,5.95745,42,0,0,1,,42.3,197,46,30,28,7,25,2,3,34,7.23404,5.31915,1.36,1.48936,0.172589,0.126904,0.04568527638912201,0.272189,1.67849,0.304688,0.669935,,,5.69603,-0.478293,-0.606198,999,,,,,,,95.31999435424808,2.253427803155486,108.49999618530273,2.565011776412563,,,,,,,,,,,,,,,,,,,"Bryan Shaw","8110",543766
"Peyton Williams",,1,1,,5.29412,26,0,0,0,,34,156,36,22,20,6,17,0,3,30,7.94118,4.5,1.76471,1.58824,0.192308,0.108974,0.0833333358168602,0.264706,1.55882,0.3,0.695067,,,5.4606,-0.478298,-0.397682,999,,,,,,,84.20000000000002,2.4764705882352946,92,2.7058823529411766,,,,,,,,,,,,,,,,,,,"Peyton Williams","sa3010813",686964
"Alaska Abney","CLE",2,3,,4.81799,38,0,0,0,,46.7,210,45,27,25,6,24,0,6,37,7.13062,4.62527,1.54167,1.15632,0.17619,0.114286,0.06190476566553116,0.25,1.47752,0.284672,0.693069,,,5.17933,-0.48107,-0.333599,999,,,,,,,138.78000564575194,2.971734547719452,139.50000381469727,2.9871520671452054,,,,,,,,,,,,,,,,,,,"Alaska Abney","sa3017308",685095
"Michael Hobbs","SEA",2,2,,4.85961,39,0,0,0,,46.3,210,44,27,25,6,26,1,4,40,7.77538,5.054,1.53846,1.16631,0.190476,0.12381,0.06666667014360428,0.244444,1.51188,0.283582,0.698052,,,5.06713,-0.48597,-0.503327,999,,,,,,,144.41999435424802,3.1192223916636252,143.49999618530273,3.099352020516645,,,,,,,,,,,,,,,,,,,"Michael Hobbs","sa3017498",669419
"Jorge Juan","BOS",2,3,,5.35411,29,1,0,0,,35.3,165,33,23,21,5,24,0,6,35,8.92351,6.11898,1.45833,1.27479,0.212121,0.145455,0.06666667759418488,0.244444,1.61473,0.294737,0.68,,,5.57441,-0.489388,-0.375637,999,,,,,,,93.91999435424806,2.66062312702953,91.49999618530273,2.592067936625882,,,,,,,,,,,,,,,,,,,"Jorge Juan","sa3005826",678478
"Carlos A. Francisco",,3,3,,5.32653,41,1,0,0,,49,224,49,31,29,7,29,2,4,39,7.16327,5.32653,1.34483,1.28571,0.174107,0.129464,0.044642865657806396,0.256545,1.59184,0.289655,0.68915,,,5.45219,-0.491295,-0.46844,999,,,,,,,128.10000000000002,2.6142857142857148,133,2.7142857142857144,,,,,,,,,,,,,,,,,,,"Carlos A. Francisco","sa3010827",687956
"Tyler Thornton","CLE",1,2,,5.29412,30,0,0,0,,32.3,149,28,21,19,5,22,1,6,35,9.75232,6.13003,1.59091,1.39319,0.234899,0.147651,0.08724832534790039,0.231405,1.54799,0.283951,0.674419,,,5.6123,-0.491733,-0.470375,999,,,,,,,90.71999435424807,2.808668622200996,82.49999618530273,2.554179508792169,,,,,,,,,,,,,,,,,,,"Tyler Thornton","sa3018229",696263
"Andrew Schultz",,2,2,,5.59459,38,0,0,0,,37,174,35,25,23,5,25,0,6,33,8.02703,6.08108,1.32,1.21622,0.189655,0.143678,0.04597701132297516,0.244755,1.62162,0.285714,0.660377,,,5.65297,-0.49484,-0.555305,999,,,,,,,94.30000000000001,2.548648648648649,93,2.5135135135135136,,,,,,,,,,,,,,,,,,,"Andrew Schultz","sa3010782",669697
"Elison Joseph","ATL",2,2,,5.11364,36,0,0,0,,44,202,43,27,25,7,26,0,3,44,9,5.31818,1.69231,1.43182,0.217822,0.128713,0.0891088992357254,0.248555,1.56818,0.295082,0.709459,,,5.21193,-0.495261,-0.368985,999,,,,,,,128.70000000000005,2.925000000000001,130,2.9545454545454546,,,,,,,,,,,,,,,,,,,"Elison Joseph","sa3015306",693176
"Andrew Bechtold","PHI",2,4,,6.42857,28,0,0,0,,28,137,30,22,20,4,22,0,1,20,6.42857,7.07143,0.909091,1.28571,0.145985,0.160584,-0.014598548412322998,0.263158,1.85714,0.288889,0.646552,,,6.05934,-0.498419,-0.724811,999,,,,,,,51,1.8214285714285714,59,2.107142857142857,,,,,,,,,,,,,,,,,,,"Andrew Bechtold","sa829787",657510
"Kevin Kopps","SDP",2,3,,4.95256,38,0,0,0,,52.7,240,53,31,29,7,27,0,4,40,6.83112,4.61101,1.48148,1.19545,0.166667,0.1125,0.05416667461395264,0.253589,1.51803,0.283951,0.698006,,,5.13991,-0.499668,-0.468531,999,,,,,,,153.080005645752,2.9047438980950337,159.50000381469727,3.0265654934651054,,,,,,,,,,,,,,,,,,,"Kevin Kopps","sa3017005",667434
"Ivan Oviedo",,1,3,,5.89421,19,1,0,0,,39.7,183,39,28,26,7,21,0,6,34,7.70781,4.7607,1.61905,1.5869,0.185792,0.114754,0.07103826105594635,0.25,1.51134,0.278261,0.63745,,,5.78613,-0.508329,-0.666386,999,,,,,,,93.28000564575194,2.3496222633030834,94.50000381469727,2.3803526951796545,,,,,,,,,,,,,,,,,,,"Ivan Oviedo","sa3016038",699212
"Antonio Knowles","LAD",3,4,,5.3617,40,1,0,0,,47,216,45,30,28,7,29,0,5,42,8.04255,5.55319,1.44828,1.34043,0.194444,0.134259,0.06018519401550293,0.247253,1.57447,0.285714,0.685358,,,5.48563,-0.510164,-0.546509,999,,,,,,,126.70000000000002,2.6957446808510643,126,2.6808510638297873,,,,,,,,,,,,,,,,,,,"Antonio Knowles","sa3017387",682087
"Gerardo Reyes",,2,3,,4.92857,41,0,0,0,,42,188,39,25,23,7,24,0,3,43,9.21429,5.14286,1.79167,1.5,0.228723,0.12766,0.10106383264064789,0.242236,1.5,0.288288,0.714286,,,5.2141,-0.511131,-0.446258,999,,,,,,,128.3,3.054761904761905,124,2.9523809523809526,,,,,,,,,,,,,,,,,,,"Gerardo Reyes","16306",622103
"Hunter Parks","CIN",2,5,,6.62983,16,14,0,0,,54.3,263,58,43,40,10,41,0,6,44,7.29282,6.79558,1.07317,1.65746,0.1673,0.155894,0.01140683889389038,0.268519,1.8232,0.296296,0.658824,,,6.53665,-0.513927,-0.613551,999,,,,,,,75.01999435424807,1.381583709177031,88.49999618530273,1.6298342067912994,,,,,,,,,,,,,,,,,,,"Hunter Parks","sa3017640",688609
"Vin Timpanelli",,1,3,,6.05042,28,0,0,0,,35.7,167,35,26,24,6,24,1,5,32,8.06723,6.05042,1.33333,1.5126,0.191617,0.143713,0.04790419340133667,0.253623,1.65266,0.29,0.652174,,,5.99561,-0.514094,-0.573111,999,,,,,,,76.38000564575196,2.139495910740788,77.50000381469727,2.170868407799891,,,,,,,,,,,,,,,,,,,"Vin Timpanelli","sa3014814",695935
"Eduarniel Núñez","ATH",3,5,,5.17454,40,0,0,0,,48.7,227,46,30,28,6,32,0,5,44,8.13142,5.91376,1.375,1.10883,0.193833,0.140969,0.05286344885826111,0.242105,1.60164,0.285714,0.689655,,,5.2404,-0.517909,-0.575274,999,,,,,,,143.98000564575196,2.9564682420974475,142.50000381469727,2.926078061237718,,,,,,,,,,,,,,,,,,,"Eduarniel Nunez","23162",674384
"Jared Kelley","CHW",2,4,,5.71154,28,1,0,0,,52,248,57,36,33,7,34,1,2,37,6.40385,5.88462,1.08824,1.21154,0.149194,0.137097,0.012096777558326721,0.268868,1.75,0.297619,0.67734,,,5.57033,-0.519818,-0.824658,999,,,,,,,116.50000000000006,2.2403846153846163,135,2.5961538461538463,,,,,,,,,,,,,,,,,,,"Jared Kelley","sa3014471",691721
"Ryan Sublette","LAD",3,5,,5.56064,36,0,0,0,,43.7,204,41,29,27,6,30,0,5,41,8.44394,6.17849,1.36667,1.2357,0.20098,0.147059,0.05392156541347504,0.242604,1.62471,0.286885,0.670927,,,5.47769,-0.519895,-0.670034,999,,,,,,,119.98000564575196,2.7455378386973184,117.50000381469727,2.688787225705158,,,,,,,,,,,,,,,,,,,"Ryan Sublette","sa3017781",690922
"Eric Torres",,2,3,,5.53192,34,0,0,0,,42.3,198,37,28,26,6,29,1,9,45,9.57447,6.17021,1.55172,1.2766,0.227273,0.146465,0.08080808818340302,0.23125,1.56028,0.284404,0.659722,,,5.57783,-0.520488,-0.582708,999,,,,,,,119.01999435424806,2.8137115012042453,109.49999618530273,2.5886524387774896,,,,,,,,,,,,,,,,,,,"Eric Torres","sa3017262",701539
"Blake Townsend","PIT",1,3,,5.44737,32,0,0,0,,38,176,38,25,23,5,19,0,9,29,6.86842,4.5,1.52632,1.18421,0.164773,0.107955,0.05681818723678589,0.256757,1.5,0.289474,0.64,,,5.56122,-0.52163,-0.451383,999,,,,,,,94.89999999999999,2.4973684210526312,99,2.6052631578947367,,,,,,,,,,,,,,,,,,,"Blake Townsend","sa3010125",678620
"Andy Rodriguez",,2,3,,5.78947,32,2,0,0,,51.3,233,55,36,33,9,24,0,2,36,6.31579,4.21053,1.5,1.57895,0.154506,0.103004,0.051502153277397156,0.2657,1.53996,0.283951,0.64759,,,5.56414,-0.522999,-0.8353,999,,,,,,,119.9199943542481,2.3376217570704085,133.49999618530273,2.602339145628264,,,,,,,,,,,,,,,,,,,"Andy Rodriguez","sa3020863",701259
"Corey Avant","ATH",3,5,,5.34783,31,6,0,0,,69,321,74,44,41,10,36,1,4,51,6.65217,4.69565,1.41667,1.30435,0.158879,0.11215,0.04672897607088089,0.263345,1.5942,0.290909,0.6875,,,5.31141,-0.524448,-0.646532,999,,,,,,,177.20000000000002,2.5681159420289856,197,2.8550724637681157,,,,,,,,,,,,,,,,,,,"Corey Avant","sa3023137",813895
"Jorge Benitez","LAD",2,3,,5.31729,34,0,0,0,,45.7,215,43,29,27,6,31,0,6,42,8.27133,6.10503,1.35484,1.18162,0.195349,0.144186,0.05116279423236847,0.241573,1.61926,0.284615,0.685976,,,5.46407,-0.535843,-0.564639,999,,,,,,,125.58000564575197,2.747921303047142,123.50000381469727,2.7024070405453897,,,,,,,,,,,,,,,,,,,"Jorge Benitez","sa3004462",676221
"Ricky Karcher",,2,3,,4.91315,39,0,0,0,,40.3,192,35,24,22,4,36,1,3,41,9.15633,8.0397,1.13889,0.8933,0.213542,0.1875,0.026041671633720398,0.228758,1.76179,0.287037,0.718654,,,5.32529,-0.537298,-0.25478,999,,,,,,,123.01999435424807,3.052605376754371,114.49999618530273,2.841191026128026,,,,,,,,,,,,,,,,,,,"Ricky Karcher","23449",676689
"Carlos Gomez",,2,4,,5.40416,30,0,0,0,,43.3,200,43,28,26,7,24,0,5,36,7.48268,4.98845,1.5,1.45497,0.18,0.12,0.06000000983476639,0.251462,1.54734,0.28125,0.681818,,,5.61452,-0.538519,-0.577033,999,,,,,,,107.51999435424806,2.4831407909638368,110.49999618530273,2.5519630053648035,,,,,,,,,,,,,,,,,,,"Carlos Gomez","sa3006699",680622
"Carlos Romero",,1,3,,5.4649,37,1,0,0,,52.7,244,55,35,32,8,28,0,5,43,7.34345,4.78178,1.53571,1.36622,0.17623,0.114754,0.06147541105747223,0.260664,1.57495,0.29375,0.668524,,,5.38659,-0.541004,-0.695134,999,,,,,,,135.58000564575195,2.5726755917069495,146.50000381469727,2.7798861801482433,,,,,,,,,,,,,,,,,,,"Carlos Romero","sa3003106",673395
"Austin Vernon","TBR",3,4,,5.2381,34,3,0,0,,56.7,258,54,36,33,9,34,1,4,54,8.57143,5.39683,1.58824,1.42857,0.209302,0.131783,0.07751937210559845,0.245455,1.55203,0.286624,0.689655,,,5.33579,-0.552446,-0.649802,999,,,,,,,162.48000564575196,2.865608526621978,160.50000381469727,2.8306878598774925,,,,,,,,,,,,,,,,,,,"Austin Vernon","sa3017138",694391
"Keyshawn Askew","TBR",3,5,,5.00773,41,3,0,0,,64.7,297,61,39,36,8,35,0,12,57,7.9289,4.86862,1.62857,1.11283,0.191919,0.117845,0.07407407462596893,0.244,1.48377,0.286486,0.67217,,,5.19121,-0.552995,-0.554011,999,,,,,,,194.77997741699224,3.0105098393251803,192.49998474121094,2.975270383632389,,,,,,,,,,,,,,,,,,,"Keyshawn Askew","sa3017916",681094
"Cody Scroggins",,1,2,,5.80645,23,0,0,0,,31,146,34,22,20,5,17,0,5,22,6.3871,4.93548,1.29412,1.45161,0.150685,0.116438,0.03424657881259918,0.274194,1.64516,0.298969,0.659091,,,5.97293,-0.553093,-0.49169,999,,,,,,,57.49999999999997,1.8548387096774184,68,2.193548387096774,,,,,,,,,,,,,,,,,,,"Cody Scroggins","sa3011417",667414
"Thomas Farr","CIN",4,10,,6.31896,22,22,0,0,,99.7,459,117,76,70,20,39,0,13,57,5.14544,3.52056,1.46154,1.80542,0.124183,0.0849673,0.039215683937072754,0.287469,1.56469,0.293939,0.625,,,6.19557,-0.556003,-0.807899,999,,,,,,,145.57997741699222,1.460180359810522,196.49998474121094,1.9709126454960781,,,,,,,,,,,,,,,,,,,"Thomas Farr","sa3017720",686671
"Nick Richmond",,2,3,,5.25199,31,0,0,0,,37.7,174,40,24,22,5,19,0,6,25,5.96817,4.53581,1.31579,1.19363,0.143678,0.109195,0.03448275476694107,0.268456,1.56499,0.294118,0.673077,,,5.55375,-0.556063,-0.5296,999,,,,,,,88.48000564575199,2.3469497043812058,98.50000381469727,2.6127321438021442,,,,,,,,,,,,,,,,,,,"Nick Richmond","sa3011538",689968
"Listher Sosa",,3,4,,4.78559,39,1,0,0,,58.3,260,60,34,31,8,22,0,9,42,6.48371,3.39623,1.90909,1.23499,0.161538,0.0846154,0.07692307978868484,0.262009,1.40652,0.290503,0.677966,,,5.10473,-0.556665,-0.227592,999,,,,,,,168.01999435424807,2.881989649280132,178.49999618530273,3.061749545818735,,,,,,,,,,,,,,,,,,,"Listher Sosa","sa3009725",683538
"Chase Wallace",,2,3,,5.35714,33,0,0,0,,42,193,45,27,25,6,21,1,4,27,5.78571,4.5,1.28571,1.28571,0.139896,0.108808,0.03108809143304825,0.267857,1.57143,0.288889,0.677083,,,5.52362,-0.557849,-0.431157,999,,,,,,,99,2.357142857142857,111,2.642857142857143,,,,,,,,,,,,,,,,,,,"Chase Wallace","sa3015105",675991
"Kasey Ford",,2,2,,5.46326,27,0,0,0,,31.3,147,31,21,19,5,20,0,4,26,7.47604,5.7508,1.3,1.4377,0.176871,0.136054,0.04081632196903229,0.252033,1.62939,0.282609,0.681818,,,5.88213,-0.562963,-0.527853,999,,,,,,,69.5199943542481,2.2210861357444838,71.49999618530273,2.284344981729062,,,,,,,,,,,,,,,,,,,"Kasey Ford","sa3017099",687271
"Brandon Johnson","KCR",2,5,,5.32544,39,0,0,0,,50.7,230,53,32,30,9,26,1,1,44,7.81065,4.61538,1.69231,1.59763,0.191304,0.113043,0.0782608613371849,0.261084,1.55819,0.293333,0.707831,,,5.3361,-0.567401,-0.46268,999,,,,,,,133.68000564575198,2.6366864622114368,143.50000381469727,2.8303747861004473,,,,,,,,,,,,,,,,,,,"Brandon Johnson","sa3020610",699489
"Carlos Garcia",,2,3,,5.50296,31,4,0,0,,50.7,229,51,34,31,9,25,0,5,43,7.63314,4.43787,1.72,1.59763,0.187773,0.10917,0.0786026269197464,0.256281,1.49901,0.285714,0.662461,,,5.55307,-0.568393,-0.717623,999,,,,,,,127.880005645752,2.522288041842188,132.50000381469727,2.613412264710492,,,,,,,,,,,,,,,,,,,"Carlos Garcia","sa3006590",681603
"Brayan De Paula",,2,3,,5.48009,24,3,0,0,,42.7,204,40,28,26,6,31,0,8,40,8.43091,6.53396,1.29032,1.26464,0.196078,0.151961,0.04411764442920685,0.242424,1.66276,0.285714,0.686901,,,5.85969,-0.570747,-0.469625,999,,,,,,,101.18000564575198,2.3695551250099505,98.50000381469727,2.3067916172073755,,,,,,,,,,,,,,,,,,,"Brayan De Paula","sa3005070",675527
"Kelvin Bautista","LAD",3,4,,5.56291,36,0,0,0,,45.3,216,45,30,28,6,32,0,4,39,7.74834,6.35762,1.21875,1.19205,0.180556,0.148148,0.032407402992248535,0.25,1.69978,0.288889,0.685131,,,5.55059,-0.57483,-0.687815,999,,,,,,,114.41999435424805,2.525827732479066,118.49999618530273,2.6158939995821515,,,,,,,,,,,,,,,,,,,"Kelvin Bautista","sa3006491",678654
"Billy Sullivan",,2,4,,5.30831,32,0,0,0,,37.3,176,36,24,22,4,26,0,6,31,7.47989,6.27346,1.19231,0.965147,0.176136,0.147727,0.028409093618392944,0.25,1.6622,0.293578,0.673759,,,5.47211,-0.575523,-0.502607,999,,,,,,,99.21999435424809,2.6600535223514172,100.49999618530273,2.6943699260306664,,,,,,,,,,,,,,,,,,,"Billy Sullivan","sa3014918",676907
"Gil Luna",,2,4,,5.88556,39,0,0,0,,36.7,177,35,26,24,5,32,1,3,34,8.33787,7.84741,1.0625,1.22616,0.19209,0.180791,0.011299431324005127,0.246479,1.82561,0.291262,0.683333,,,5.94577,-0.578994,-0.709089,999,,,,,,,82.08000564575195,2.2365123689217556,81.50000381469727,2.2207085046439,,,,,,,,,,,,,,,,,,,"Gil Luna","sa3017301",669431
"Wyatt Olds","BOS",3,5,,5.625,34,6,0,0,,72,341,69,49,45,9,46,0,16,65,8.125,5.75,1.41304,1.125,0.190616,0.134897,0.05571846663951874,0.247312,1.59722,0.292683,0.644531,,,5.56926,-0.581933,-0.560232,999,,,,,,,186.70000000000007,2.593055555555557,187,2.5972222222222223,,,,,,,,,,,,,,,,,,,"Wyatt Olds","sa3017539",681544
"Julio Rodriguez","HOU",2,4,,5.11156,36,0,0,0,,49.3,230,49,30,28,7,27,0,7,43,7.8499,4.92901,1.59259,1.27789,0.186957,0.117391,0.06956522166728973,0.25,1.54158,0.287671,0.694864,,,5.33687,-0.58343,-0.514646,999,,,,,,,135.3199943542481,2.7448275141660305,139.49999618530273,2.8296145708747935,,,,,,,,,,,,,,,,,,,"Julio Rodriguez","sa3007992",680588
"Jake Gozzo",,1,3,,6.37394,27,0,0,0,,35.3,168,39,27,25,6,23,0,3,24,6.11898,5.86402,1.04348,1.52975,0.142857,0.136905,0.005952388048171997,0.274648,1.75637,0.294643,0.652985,,,6.22597,-0.592643,-0.686212,999,,,,,,,56.01999435424804,1.5869687128897758,68.49999618530273,1.9405098488893557,,,,,,,,,,,,,,,,,,,"Jake Gozzo","sa3014979",689214
"Garvin Alston",,1,3,,5.36779,39,0,0,0,,50.3,232,54,32,30,7,26,1,4,34,6.0835,4.65209,1.30769,1.25249,0.146552,0.112069,0.03448276221752167,0.267327,1.59046,0.291925,0.683761,,,5.413,-0.59354,-0.585238,999,,,,,,,123.71999435424809,2.459642072183023,138.49999618530273,2.7534790911737685,,,,,,,,,,,,,,,,,,,"Garvin Alston","sa3010238",664691
"Seth Clark",,1,2,,5.66038,39,0,0,0,,47.7,220,46,32,30,7,28,1,6,40,7.54717,5.28302,1.42857,1.32075,0.181818,0.127273,0.054545462131500244,0.247312,1.55136,0.280576,0.654206,,,5.53545,-0.594003,-0.754641,999,,,,,,,125.280005645752,2.6264151706909065,125.50000381469727,2.6310272915593864,,,,,,,,,,,,,,,,,,,"Seth Clark","sa3020630",806095
"Bryce Hubbart","CIN",2,6,,6.63934,21,10,0,0,,61,289,68,49,45,12,39,0,4,44,6.4918,5.7541,1.12821,1.77049,0.152249,0.134948,0.017301037907600403,0.276423,1.7541,0.294737,0.643016,,,6.39599,-0.59774,-0.855105,999,,,,,,,86.00000000000006,1.4098360655737714,108,1.7704918032786885,,,,,,,,,,,,,,,,,,,"Bryce Hubbart","sa3020323",687114
"Jaime Melendez",,3,7,,5.8,25,7,0,0,,45,217,46,31,29,6,31,0,8,32,6.4,6.2,1.03226,1.2,0.147465,0.142857,0.004608288407325745,0.258427,1.71111,0.285714,0.670554,,,6.07759,-0.598429,-0.534242,999,,,,,,,86.6,1.9244444444444444,94,2.088888888888889,,,,,,,,,,,,,,,,,,,"Jaime Melendez","sa3010660",686459
"Jared Southard","LAA",2,3,,5.67391,36,0,0,0,,46,214,50,31,29,7,24,0,5,32,6.26087,4.69565,1.33333,1.36957,0.149533,0.11215,0.037383176386356354,0.27027,1.6087,0.294521,0.669782,,,5.64474,-0.599136,-0.687806,999,,,,,,,101.30000000000004,2.202173913043479,116,2.5217391304347827,,,,,,,,,,,,,,,,,,,"Jared Southard","sa3019951",683177
"Carlos Meza",,3,3,,5.16971,23,0,0,0,,38.3,181,41,24,22,5,22,0,4,26,6.10966,5.16971,1.18182,1.17493,0.143646,0.121547,0.022099442780017853,0.264516,1.64491,0.290323,0.696429,,,5.54246,-0.600014,-0.358254,999,,,,,,,89.31999435424805,2.332114781553797,100.49999618530273,2.6240208403987406,,,,,,,,,,,,,,,,,,,"Carlos Meza","sa3019059",800158
"Florencio Serrano","TEX",2,3,,5.96027,23,2,0,0,,45.3,209,50,32,30,8,22,1,3,27,5.36424,4.37086,1.22727,1.5894,0.129187,0.105263,0.023923441767692566,0.271739,1.5894,0.281879,0.657895,,,5.92586,-0.601276,-0.719546,999,,,,,,,85.81999435424805,1.8944811434795246,101.49999618530273,2.240618055071935,,,,,,,,,,,,,,,,,,,"Florencio Serrano","sa3010124",677568
"Connor Sadzeck",,2,3,,5.18887,38,0,0,0,,50.3,233,52,31,29,7,27,1,7,40,7.15706,4.83101,1.48148,1.25249,0.171674,0.11588,0.055793993175029755,0.261307,1.57058,0.296053,0.693642,,,5.413,-0.606256,-0.391568,999,,,,,,,128.9199943542481,2.5630217954210446,138.49999618530273,2.7534790911737685,,,,,,,,,,,,,,,,,,,"Connor Sadzeck","13483",592712
"Seth Corry",,2,5,,5.70825,30,4,0,0,,47.3,227,48,32,30,6,30,0,9,39,7.42072,5.70825,1.3,1.14165,0.171806,0.132159,0.039647579193115234,0.255319,1.64905,0.293706,0.66092,,,5.64005,-0.609597,-0.585778,999,,,,,,,112.41999435424806,2.376744105022408,119.49999618530273,2.5264270214125495,,,,,,,,,,,,,,,,,,,"Seth Corry","sa3004648",671288
"Jacob Meador","LAD",3,4,,5.85542,22,16,0,0,,83,390,87,58,54,14,45,0,13,61,6.61446,4.87952,1.35556,1.51807,0.15641,0.115385,0.04102564603090286,0.262048,1.59036,0.284047,0.658363,,,5.98576,-0.6111,-0.724843,999,,,,,,,163.80000000000007,1.9734939759036152,181,2.180722891566265,,,,,,,,,,,,,,,,,,,"Jacob Meador","sa3020385",687138
"Felix Cepeda",,1,3,,5.53192,28,0,0,0,,42.3,198,45,28,26,6,26,1,4,31,6.59574,5.53192,1.19231,1.2766,0.156566,0.131313,0.02525252103805542,0.267857,1.67849,0.29771,0.686901,,,5.67239,-0.613772,-0.477788,999,,,,,,,94.21999435424806,2.2274230745540664,105.49999618530273,2.4940897893177834,,,,,,,,,,,,,,,,,,,"Felix Cepeda","sa3005445",678743
"Pedro Santos","ATH",2,4,,5.32653,41,2,0,0,,49,228,46,31,29,7,34,0,4,47,8.63265,6.2449,1.38235,1.28571,0.20614,0.149123,0.057017549872398376,0.242105,1.63265,0.286765,0.698006,,,5.43179,-0.617832,-0.612328,999,,,,,,,136.9,2.793877551020408,134,2.7346938775510203,,,,,,,,,,,,,,,,,,,"Pedro Santos","sa1171936",683726
"Jonny Cuevas","TBR",3,4,,5.23636,30,2,0,0,,55,253,60,35,32,8,29,0,1,35,5.72727,4.74545,1.2069,1.30909,0.13834,0.114625,0.023715414106845856,0.269058,1.61818,0.288889,0.694087,,,5.42103,-0.621515,-0.671051,999,,,,,,,132.60000000000002,2.410909090909091,151,2.7454545454545456,,,,,,,,,,,,,,,,,,,"Jonny Cuevas","sa3017931",681328
"Jacob Heatherly",,2,5,,6.34465,34,0,0,0,,38.3,188,36,29,27,6,37,0,2,40,9.39948,8.69452,1.08108,1.40992,0.212766,0.196809,0.01595744490623474,0.241611,1.90601,0.291262,0.681115,,,6.16909,-0.62236,-0.719648,999,,,,,,,79.01999435424804,2.0631852722802475,76.49999618530273,1.9973889741302764,,,,,,,,,,,,,,,,,,,"Jacob Heatherly","sa3004736",669436
"Luis Mey","CIN",2,4,,6.23557,36,0,0,0,,43.3,208,43,32,30,7,33,1,5,41,8.52194,6.85912,1.24242,1.45497,0.197115,0.158654,0.03846155107021332,0.252941,1.7552,0.295082,0.664653,,,6.00713,-0.629479,-0.73932,750.5499877929688,,,,,,,90.51999435424806,2.09053108427706,93.49999618530273,2.1593532986780266,,,,,,,,,,,,,,,,,,,"Luis Mey","25620",682825
"Nathanael Heredia",,2,3,,5.48533,34,1,0,0,,44.3,211,43,29,27,5,32,0,6,35,7.11061,6.50113,1.09375,1.0158,0.165877,0.151659,0.014218002557754517,0.248555,1.693,0.285714,0.676471,,,5.62698,-0.635347,-0.572559,999,,,,,,,110.51999435424808,2.4948080419330827,112.49999618530273,2.5395033436295718,,,,,,,,,,,,,,,,,,,"Nathanael Heredia","sa3009986",678975
"Grant Ford",,2,5,,5.5706,31,3,0,0,,51.7,244,56,35,32,8,31,1,5,39,6.78917,5.39652,1.25806,1.39265,0.159836,0.127049,0.03278689086437225,0.269231,1.68279,0.298137,0.686016,,,5.75836,-0.63566,-0.525143,999,,,,,,,108.58000564575195,2.100193501807185,124.50000381469727,2.4081238293509593,,,,,,,,,,,,,,,,,,,"Grant Ford","sa3010625",687352
"Andrew Marrero",,3,4,,5.24838,37,0,0,0,,46.3,214,45,29,27,7,27,0,6,42,8.16415,5.24838,1.55556,1.36069,0.196262,0.126168,0.07009346783161163,0.248619,1.55508,0.287879,0.691318,,,5.4559,-0.636214,-0.5268,999,,,,,,,124.51999435424804,2.689416769030458,125.49999618530273,2.7105831156223226,,,,,,,,,,,,,,,,,,,"Andrew Marrero","sa3016941",687817
"Tanner Dodson","ATH",2,5,,5.26415,38,1,0,0,,53,250,55,34,31,6,33,1,5,39,6.62264,5.60377,1.18182,1.01887,0.156,0.132,0.024000003933906555,0.259434,1.66038,0.293413,0.678392,,,5.31742,-0.641346,-0.753929,999,,,,,,,139.40000000000003,2.6301886792452835,151,2.849056603773585,,,,,,,,,,,,,,,,,,,"Tanner Dodson","sa3007008",663541
"Luis Reyes",,3,6,,6.03015,23,9,0,0,,59.7,284,67,43,40,10,36,0,5,40,6.03015,5.42714,1.11111,1.50754,0.140845,0.126761,0.01408451795578003,0.27572,1.72529,0.295337,0.674157,,,6.0643,-0.64896,-0.710692,999,,,,,,,101.58000564575201,1.7015076105126419,125.50000381469727,2.102177591471743,,,,,,,,,,,,,,,,,,,"Luis Reyes","sa737048",642530
"Trey Riley",,3,3,,5.21411,37,0,0,0,,39.7,187,41,25,23,6,26,0,3,33,7.48111,5.89421,1.26923,1.3602,0.176471,0.139037,0.037433162331581116,0.259494,1.68766,0.294118,0.716724,,,5.66018,-0.650731,-0.397247,999,,,,,,,92.38000564575194,2.3269522385498305,99.50000381469727,2.506297277142171,,,,,,,,,,,,,,,,,,,"Trey Riley","sa3007611",681803
"Zach Barnes","ARI",2,4,,5.17021,32,0,0,0,,47,220,51,29,27,6,26,0,4,32,6.12766,4.97872,1.23077,1.14894,0.145455,0.118182,0.027272723615169525,0.268421,1.6383,0.296053,0.699708,,,5.37925,-0.651405,-0.396012,999,,,,,,,115.4,2.4553191489361703,131,2.7872340425531914,,,,,,,,,,,,,,,,,,,"Zach Barnes","sa3017203",695071
"Ben Onyshko",,1,1,,5.45455,24,1,0,0,,36.3,171,36,24,22,5,18,0,12,28,6.94215,4.46281,1.55556,1.23967,0.163743,0.105263,0.05847953259944916,0.255319,1.4876,0.287037,0.638298,,,5.89375,-0.656653,-0.629492,999,,,,,,,79.51999435424804,2.1906334993269634,82.49999618530273,2.2727272154065012,,,,,,,,,,,,,,,,,,,"Ben Onyshko","sa3008096",647306
"Ethan Routzahn","SDP",4,5,,5.02618,40,0,0,0,,57.3,257,61,35,32,9,22,0,6,38,5.96859,3.4555,1.72727,1.41361,0.14786,0.0856031,0.06225680559873581,0.266376,1.44852,0.285714,0.681818,,,5.34798,-0.676608,-0.644008,999,,,,,,,146.7199943542481,2.56055839978707,161.49999618530273,2.818499098353349,,,,,,,,,,,,,,,,,,,"Ethan Routzahn","sa3017206",701240
"John Matthews",,2,2,,5.39568,27,2,0,0,,41.7,197,44,27,25,6,23,1,8,29,6.25899,4.96403,1.26087,1.29496,0.147208,0.116751,0.03045685589313507,0.26506,1.60671,0.290076,0.682594,,,5.87631,-0.692703,-0.356933,999,,,,,,,85.38000564575194,2.047482112317675,95.50000381469727,2.290167915286278,,,,,,,,,,,,,,,,,,,"John Matthews","sa3010311",687397
"Angel Reyes",,2,3,,5.46429,32,4,0,0,,56,259,61,37,34,8,27,0,8,32,5.14286,4.33929,1.18519,1.28571,0.123552,0.104247,0.019305020570755005,0.272321,1.57143,0.288043,0.664062,,,5.75577,-0.695519,-0.631302,999,,,,,,,116.4,2.0785714285714287,135,2.4107142857142856,,,,,,,,,,,,,,,,,,,"Angel Reyes","sa3006985",681938
"Gerardo Gutierrez","ARI",1,1,,5.23002,38,0,0,0,,41.3,192,45,26,24,7,21,0,4,30,6.53753,4.57627,1.42857,1.52542,0.15625,0.109375,0.046875,0.269461,1.59806,0.292308,0.711744,,,5.73307,-0.74377,-0.400843,999,,,,,,,87.51999435424804,2.1191282317436944,100.49999618530273,2.433413996170709,,,,,,,,,,,,,,,,,,,"Gerardo Gutierrez","sa3005379",677916
"Dan Hammer","TBR",2,3,,5.85,26,2,0,0,,40,195,38,28,26,6,34,0,5,37,8.325,7.65,1.08824,1.35,0.189744,0.174359,0.01538461446762085,0.24359,1.8,0.283186,0.691824,,,6.19148,-0.788103,-0.740655,999,,,,,,,80.39999999999999,2.01,79,1.975,,,,,,,,,,,,,,,,,,,"Dan Hammer","sa3011525",669285
"Ricky DeVito",,1,3,,5.72727,34,1,0,0,,44,213,43,30,28,6,35,0,8,39,7.97727,7.15909,1.11429,1.22727,0.183099,0.164319,0.018779337406158447,0.252941,1.77273,0.296,0.689655,,,6.0983,-0.809141,-0.56546,999,,,,,,,89.00000000000001,2.022727272727273,91,2.0681818181818183,,,,,,,,,,,,,,,,,,,"Ricky DeVito","sa1116003",683740
"Juan Nunez",,1,3,,6.0788,18,10,0,0,,53.3,251,57,39,36,12,32,0,6,45,7.5985,5.40338,1.40625,2.02627,0.179283,0.12749,0.05179283022880554,0.267606,1.66979,0.288462,0.692521,,,6.54359,-0.833391,-0.721944,999,,,,,,,74.61999435424806,1.399999914115633,86.49999618530273,1.622889257475966,,,,,,,,,,,,,,,,,,,"Juan Nunez","sa828600",650994
"Tyler Baum","ATH",2,5,,5.47826,38,0,0,0,,46,216,45,30,28,7,30,0,6,40,7.82609,5.86957,1.33333,1.36957,0.185185,0.138889,0.04629628360271454,0.25,1.63043,0.285714,0.690184,,,5.75344,-0.843289,-0.76244,999,,,,,,,109.30000000000004,2.37608695652174,111,2.4130434782608696,,,,,,,,,,,,,,,,,,,"Tyler Baum","sa1054042",666121
"Jake Brentz",,1,1,,6.53465,35,0,0,0,,30.3,153,28,24,22,4,29,0,8,29,8.61386,8.61386,1,1.18812,0.189542,0.189542,0,0.241379,1.88119,0.289157,0.642023,,,6.63183,-0.848136,-0.949645,999,,,,,,,49.21999435424806,1.6244222968179511,46.499996185302734,1.5346533780907705,,,,,,,,,,,,,,,,,,,"Jake Brentz","17783",641394
"Edwin Nuñez","STL",3,5,,5.97403,27,12,0,0,,69.3,324,71,50,46,11,42,0,11,48,6.23377,5.45455,1.14286,1.42857,0.148148,0.12963,0.018518522381782532,0.261993,1.63059,0.283019,0.645492,,,6.13906,-0.888611,-0.862512,999,,,,,,,129.9200225830078,1.874747718062508,140.50001525878906,2.027417158320388,,,,,,,,,,,,,,,,,,,"Edwin Nunez","sa3014813",695835
"Leonardo Taveras",,2,3,,5.43396,39,0,0,0,,53,249,52,35,32,8,36,1,6,47,7.98113,6.11321,1.30556,1.35849,0.188755,0.144578,0.04417671263217926,0.251208,1.66038,0.289474,0.690104,,,5.73252,-0.891795,-0.784883,999,,,,,,,126.60000000000008,2.3886792452830203,129,2.4339622641509435,,,,,,,,,,,,,,,,,,,"Leonardo Taveras","sa3002934",672405
"Wander Guante","ATH",3,5,,5.52538,26,9,0,0,,84.7,387,95,56,52,15,37,0,7,53,5.63164,3.93152,1.43243,1.59386,0.136951,0.0956072,0.041343674063682556,0.276968,1.55844,0.290909,0.684685,,,5.77569,-0.899607,-0.817164,999,,,,,,,169.2799774169922,1.9985830403327465,202.49998474121094,2.390790933144343,,,,,,,,,,,,,,,,,,,"Wander Guante","sa3009851",685588
"David Fletcher","ATL",2,7,,6.9326,17,14,0,0,,72.7,357,94,61,56,14,37,0,14,24,2.97111,4.58047,0.648649,1.73315,0.0672269,0.103641,-0.03641456365585327,0.30719,1.80193,0.298507,0.628366,,,7.11421,-1.47155,-1.34473,999,,,,,,,16.37997741699226,0.2253091898842,76.49998474121094,1.0522694353849025,,,,,,,,,,,,,,,,,,,"David Fletcher","17992",664058