Name,Team,W,L,QS,ERA,G,GS,SV,HLD,BS,IP,TBF,H,R,ER,HR,BB,IBB,HBP,SO,K/9,BB/9,K/BB,HR/9,K%,BB%,K-BB%,AVG,WHIP,BABIP,LOB%,GB%,HR/FB,FIP,WAR,RA9-WAR,ADP,InterSD,InterSK,IntraSD,Vol,Skew,Dim,FPTS,FPTS/IP,SPTS,SPTS/IP,P10,P20,P30,P40,P50,P60,P70,P80,P90,TT10,TT20,TT30,TT40,TT50,TT60,TT70,TT80,TT90,NameASCII,PlayerId,MLBAMID
"Jason Lane","TOR",0,0,,5.4545455333615145,3,0,,,,3.299999952316284,14,3,2,2,0,1,0,0,2,5.4545455333615145,2.7272727666807572,2,0,0.14285714285714285,0.07142857142857142,0.07142857142857142,0.23076923076923078,1.2121212296358923,0.2727272727272727,0.5,,,2.774812118891076,-0.003009108660801521,,,,,,,,,17.619999647140503,5.339393909618983,17.49999976158142,5.303030307408973,,,,,,,,,,,,,,,,,,,"Jason Lane","1397",407835
"Armando Benitez",,1,1,,4.337349297917624,9,0,,,,8.300000190734863,36,8,4,4,1,4,0,0,7,7.590361271355841,4.337349297917624,1.75,1.084337324479406,0.19444444444444445,0.1111111111111111,0.08333333333333334,0.25,1.4457830993058745,0.2916666666666667,0.7547169811320755,,,4.403143600663768,-0.007568364490752211,,,,,,,,,30.320001411437996,3.653012134298943,30.500000953674316,3.674698825636282,,,,,,,,,,,,,,,,,,,"Armando Benitez","865",110859
"Matt Bush","TBR",0,0,,5,6,0,,,,9,40,9,5,5,1,4,0,1,8,8,4,2,1,0.2,0.1,0.1,0.2571428571428571,1.4444444444444444,0.3076923076923077,0.6896551724137931,,,4.411175759633382,-0.008206660102587193,,,,,,,,,31.90000000000001,3.5444444444444456,33,3.6666666666666665,,,,,,,,,,,,,,,,,,,"Matt Bush","1246",456713
"Mark Prior","NYY",0,1,,5.4,2,2,,,,10,47,11,6,6,2,5,0,1,7,6.3,4.5,1.4,1.8,0.14893617021276595,0.10638297872340426,0.042553191489361694,0.2682926829268293,1.6,0.28125,0.7575757575757576,,,6.077842426300049,-0.009118511225096881,,,,,,,,,16.799999999999997,1.6799999999999997,20,2,,,,,,,,,,,,,,,,,,,"Mark Prior","301",407578
"Kelvim Escobar","NYM",1,1,,4.390243834359954,2,2,,,,12.300000190734863,55,13,6,6,1,5,0,1,8,5.853658445813273,3.6585365286332956,1.6,0.7317073057266591,0.14545454545454545,0.09090909090909091,0.054545454545454536,0.2653061224489796,1.4634146114533182,0.3,0.7228915662650601,,,4.297354602511147,-0.011215768980790963,,,,,,,,,42.92000141143799,3.4894309549497438,46.500000953674316,3.7804878237889015,,,,,,,,,,,,,,,,,,,"Kelvim Escobar","1298",113898
"Jason Isringhausen","NYM",1,1,,4.918032991921388,18,0,,,,18.299999237060547,85,18,11,10,2,12,0,2,15,7.377049487882082,5.901639590305666,1.25,0.9836065983842777,0.17647058823529413,0.1411764705882353,0.03529411764705884,0.2535211267605634,1.6393443306404627,0.2909090909090909,0.698529411764706,,,5.154345245111301,-0.016686874846240096,,,,,,,,,52.01999435424805,2.842622760819514,53.499996185302734,2.9234971811887474,,,,,,,,,,,,,,,,,,,"Jason Isringhausen","1158",116414
"Jimmy Gobble","COL",1,1,,5.320197244285142,20,0,,,,20.299999237060547,94,21,13,12,3,11,1,2,17,7.536946096070618,4.876847473928047,1.5454545454545454,1.3300493110712854,0.18085106382978725,0.11702127659574468,0.06382978723404256,0.25925925925925924,1.5763547390474495,0.2903225806451613,0.6834532374100719,,,5.245330192490291,-0.018510577091259472,,,,,,,,,53.71999435424805,2.6463052400600358,57.499996185302734,2.8325122338097573,,,,,,,,,,,,,,,,,,,"Jimmy Gobble","1791",425471
"Joey Devine","OAK",2,1,,3.568281818397226,22,0,,,,22.700000762939453,95,20,10,9,2,9,1,0,23,9.118942424792909,3.568281818397226,2.5555555555555554,0.7929515151993834,0.24210526315789474,0.09473684210526316,0.1473684210526316,0.23255813953488372,1.2775329967101179,0.2903225806451613,0.7251908396946565,,,3.3862124599886982,-0.020699021176657117,,,,,,,,,110.38000564575196,4.862555151361973,106.50000381469727,4.691629966311351,,,,,,,,,,,,,,,,,,,"Joey Devine","9862",457733
"Cesar Jimenez","SEA",1,1,,4.304347826086956,20,1,,,,23,100,23,12,11,2,9,0,1,19,7.434782608695652,3.5217391304347827,2.111111111111111,0.782608695652174,0.19,0.09,0.1,0.25555555555555554,1.391304347826087,0.3,0.684931506849315,,,3.860451121952223,-0.020972575817722827,,,,,,,,,93.80000000000001,4.078260869565218,97,4.217391304347826,,,,,,,,,,,,,,,,,,,"Cesar Jimenez","3762",462945
"Ryan Mattheus","WSN",2,2,,4.635193284822825,22,0,,,,23.299999237060547,104,23,13,12,3,12,0,1,19,7.339056034302807,4.635193284822825,1.5833333333333333,1.1587983212057062,0.18269230769230768,0.11538461538461539,0.06730769230769229,0.25274725274725274,1.502145971933323,0.2857142857142857,0.7142857142857143,,,4.794580679938132,-0.021246130458788537,,,,,,,,,74.71999435424803,3.2068668154889806,76.49999618530273,3.2832617463619167,,,,,,,,,,,,,,,,,,,"Ryan Mattheus","7169",458919
"Chad Cordero","TOR",1,1,,4.9367087018392475,24,0,,,,23.700000762939453,107,27,14,13,3,9,1,2,16,6.075949171494458,3.4177214089656327,1.7777777777777777,1.139240469655211,0.14953271028037382,0.08411214953271028,0.06542056074766354,0.28125,1.5189872928736146,0.3076923076923077,0.6918238993710691,,,4.76560608504851,-0.021610872299166806,,,,,,,,,67.28000564575196,2.8388187122322854,78.50000381469727,3.3122363412515394,,,,,,,,,,,,,,,,,,,"Chad Cordero","1816",430101
"Scott Schoeneweis","BOS",1,1,,5.185185347982818,33,0,,,,24.299999237060547,110,27,15,14,3,11,2,1,17,6.296296493979136,4.0740742019865,1.5454545454545454,1.111111145996318,0.15454545454545454,0.1,0.054545454545454536,0.2755102040816326,1.5637860573281515,0.3037974683544304,0.6804733727810651,,,4.765085277627791,-0.022157981581298225,,,,,,,,,70.71999435424804,2.910287924881544,80.49999618530273,3.3127571486722576,,,,,,,,,,,,,,,,,,,"Scott Schoeneweis","33",150011
"Luis Vasquez","LAD",1,2,,6.0474310124040995,22,0,,,,25.299999237060547,124,26,18,17,3,23,0,2,17,6.0474310124040995,8.181818428546723,0.7391304347826086,1.0671937080713116,0.13709677419354838,0.18548387096774194,-0.04838709677419356,0.26262626262626265,1.936758951684973,0.2875,0.6919642857142858,,,6.239897857622454,-0.023069832703807913,,,,,,,,,41.719994354248044,1.649011684282376,46.499996185302734,1.8379445686775953,,,,,,,,,,,,,,,,,,,"Luis Vasquez","sa393198",471174
"Rafael Cova","SFG",1,2,,5.1923076923076925,26,0,,,,26,123,23,16,15,3,23,0,2,25,8.653846153846153,7.961538461538462,1.0869565217391304,1.0384615384615385,0.2032520325203252,0.18699186991869918,0.01626016260162602,0.23469387755102042,1.7692307692307692,0.28169014084507044,0.7177033492822967,,,5.539380887838511,-0.02370812918525189,,,,,,,,,70.69999999999999,2.719230769230769,66,2.5384615384615383,,,,,,,,,,,,,,,,,,,"Rafael Cova","sa287564",454974
"Damaso Marte","NYY",2,1,,4.448669330572827,36,0,,,,26.299999237060547,115,24,14,13,4,12,1,1,26,8.897338661145653,4.10646399745184,2.1666666666666665,1.3688213324839467,0.22608695652173913,0.10434782608695652,0.12173913043478261,0.23529411764705882,1.3688213324839467,0.273972602739726,0.7236842105263158,,,4.560732203157658,-0.0239816838263176,,,,,,,,,96.01999435424804,3.6509504615856345,92.49999618530273,3.517110223142391,,,,,,,,,,,,,,,,,,,"Damaso Marte","247",150122
"David Riske","BAL",1,1,,5.056179630803037,26,0,,,,26.700000762939453,119,29,16,15,3,11,0,1,18,6.067415556963644,3.7078650625888936,1.6363636363636365,1.0112359261606074,0.15126050420168066,0.09243697478991597,0.05882352941176469,0.27102803738317754,1.4981272980157145,0.2988505747126437,0.670391061452514,,,4.538516541865371,-0.02434642566669587,,,,,,,,,85.28000564575194,3.194007610820881,94.50000381469727,3.539325884434678,,,,,,,,,,,,,,,,,,,"David Riske","402",228594
"Brant Rustich","NYM",1,2,,4.719100988749501,13,3,,,,26.700000762939453,122,29,15,14,2,15,1,2,18,6.067415556963644,5.056179630803037,1.2,0.6741572841070715,0.14754098360655737,0.12295081967213115,0.02459016393442623,0.2761904761904762,1.647940027817286,0.313953488372093,0.703883495145631,,,4.613422906766156,-0.02434642566669587,,,,,,,,,82.58000564575195,3.0928840182048205,92.50000381469727,3.4644195195338927,,,,,,,,,,,,,,,,,,,"Brant Rustich","sa327753",453206
"Jorge De Leon","HOU",1,2,,5,24,0,,,,27,125,29,16,15,2,16,1,2,18,6,5.333333333333333,1.125,0.6666666666666666,0.144,0.128,0.015999999999999986,0.27102803738317754,1.6666666666666667,0.3068181818181818,0.6872037914691943,,,4.707472055929679,-0.02461998030776158,,,,,,,,,81.80000000000001,3.02962962962963,91,3.3703703703703702,,,,,,,,,,,,,,,,,,,"Jorge De Leon","5397",501529
"Albert Suárez","TBR",2,3,,6,8,8,,,,27,126,31,19,18,4,15,1,2,15,5,5,1,1.3333333333333333,0.11904761904761904,0.11904761904761904,0,0.28440366972477066,1.7037037037037037,0.2967032967032967,0.6683168316831684,,,5.781546130003752,-0.02461998030776158,,,,,,,,,49.000000000000014,1.8148148148148153,62,2.2962962962962963,,,,,,,,,,,,,,,,,,,"Albert Suarez","6175",544150
"Jeremy Jeffress","KCR",1,1,,4.390243785732049,29,0,,,,28.700000762939453,131,27,15,14,2,19,1,2,25,7.839721045950087,5.958187994922066,1.3157894736842106,0.627177683676007,0.19083969465648856,0.1450381679389313,0.04580152671755727,0.24545454545454545,1.6027874138386846,0.2976190476190476,0.7175925925925926,,,4.436727407598064,-0.026170127911715246,,,,,,,,,104.58000564575197,3.643902538873692,104.50000381469727,3.641115018701985,,,,,,,,,,,,,,,,,,,"Jeremy Jeffress","9490",502026
"Casey Weathers","COL",1,1,,5.331010311246059,32,0,,,,28.700000762939453,137,27,18,17,4,25,1,2,27,8.466898729626095,7.839721045950087,1.08,1.254355367352014,0.19708029197080293,0.18248175182481752,0.014598540145985411,0.24545454545454545,1.8118466417306869,0.2875,0.7327586206896552,,,5.830455593544746,-0.026170127911715246,,,,,,,,,65.98000564575197,2.298954839435144,64.50000381469727,2.2473868327553026,,,,,,,,,,,,,,,,,,,"Casey Weathers","sa327842",502255
"Henry Barrera","KCR",1,1,,4.655172413793103,22,0,,,,29,131,30,16,15,3,15,1,2,22,6.827586206896552,4.655172413793103,1.4666666666666666,0.9310344827586207,0.16793893129770993,0.11450381679389313,0.0534351145038168,0.2631578947368421,1.5517241379310345,0.3,0.7107843137254902,,,4.664049322851773,-0.026443682552780956,,,,,,,,,92.70000000000002,3.1965517241379318,99,3.413793103448276,,,,,,,,,,,,,,,,,,,"Henry Barrera","sa272552",451572
"Josh Fields","SEA",1,2,,4.91467589589079,26,0,,,,29.299999237060547,138,29,17,16,3,22,1,2,23,7.06484660034301,6.757679356849836,1.0454545454545454,0.9215017304795231,0.16666666666666666,0.15942028985507245,0.007246376811594207,0.2543859649122807,1.7406143797946547,0.29213483146067415,0.7264957264957266,,,5.296272518195197,-0.026717237193846666,,,,,,,,,78.51999435424801,2.679863358321553,81.49999618530273,2.781569908104852,,,,,,,,,,,,,,,,,,,"Josh Fields","5070",451661
"Tim Norton","NYY",1,1,,4.545454428690016,20,0,,,,29.700000762939453,130,31,16,15,4,12,1,2,23,6.969696790658025,3.636363542952013,1.9166666666666667,1.2121211809840045,0.17692307692307693,0.09230769230769231,0.08461538461538462,0.2672413793103448,1.447811410619783,0.3,0.7219251336898396,,,4.694004000945388,-0.027081979034224934,,,,,,,,,93.980005645752,3.1643098731170087,100.50000381469727,3.3838384253546607,,,,,,,,,,,,,,,,,,,"Tim Norton","sa326853",501932
"Angel Guzman","CHC",2,1,,4.1584159462910755,25,0,,,,30.299999237060547,131,28,15,14,3,12,2,1,25,7.425742761234064,3.5643565253923506,2.0833333333333335,0.8910891313480876,0.19083969465648856,0.0916030534351145,0.09923664122137406,0.23728813559322035,1.3201320464416113,0.27472527472527475,0.6983240223463688,,,4.001934858809177,-0.027629088316356354,,,,,,,,,125.51999435424806,4.142574175405325,123.49999618530273,4.075907567490872,,,,,,,,,,,,,,,,,,,"Angel Guzman","2145",425768
"Russ Springer","CIN",1,1,,3.861386235841713,40,0,,,,30.299999237060547,130,28,14,13,4,11,1,1,29,8.613861603031513,3.267326814942988,2.6363636363636362,1.1881188417974502,0.2230769230769231,0.08461538461538462,0.13846153846153847,0.23728813559322035,1.287128745280571,0.27906976744186046,0.7485029940119761,,,4.067941461131257,-0.027629088316356354,,,,,,,,,124.21999435424807,4.099669883895973,121.49999618530273,4.009900965168791,,,,,,,,,,,,,,,,,,,"Russ Springer","1652",122620
"Mike Lincoln","CIN",1,1,,4.78125,28,0,,,,32,144,33,18,17,4,15,1,3,23,6.46875,4.21875,1.5333333333333334,1.125,0.1597222222222222,0.10416666666666667,0.05555555555555554,0.2619047619047619,1.5,0.29,0.7075471698113208,,,4.952842426300049,-0.02917923592031002,,,,,,,,,93.80000000000003,2.931250000000001,100,3.125,,,,,,,,,,,,,,,,,,,"Mike Lincoln","1457",150221
"Marcus McBeth","OAK",1,2,,5.625,27,0,,,,32,152,34,21,20,5,23,1,2,26,7.3125,6.46875,1.1304347826086956,1.40625,0.17105263157894737,0.1513157894736842,0.019736842105263164,0.2677165354330709,1.78125,0.29896907216494845,0.72,,,5.827842426300049,-0.02917923592031002,,,,,,,,,63.900000000000006,1.9968750000000002,72,2.25,,,,,,,,,,,,,,,,,,,"Marcus McBeth","3874",455750
"Dan Giese","OAK",2,2,,4.458204439669971,13,3,,,,32.29999923706055,141,34,17,16,4,12,1,1,21,5.851393327066837,3.343653329752478,1.75,1.1145511099174927,0.14893617021276595,0.0851063829787234,0.06382978723404255,0.265625,1.4241486404501296,0.28846153846153844,0.7178217821782178,,,4.5948703259099695,-0.02945279056137573,,,,,,,,,104.41999435424808,3.232817239030709,112.49999618530273,3.4829721003900795,,,,,,,,,,,,,,,,,,,"Dan Giese","2656",435500
"Kason Gabbard","BOS",1,3,,6.965944436984329,13,7,,,,32.29999923706055,163,41,27,25,4,29,1,2,18,5.015479994628717,8.080495546901822,0.6206896551724138,1.1145511099174927,0.11042944785276074,0.17791411042944785,-0.06748466257668712,0.3106060606060606,2.167182713728458,0.3333333333333333,0.6677018633540373,,,6.452455509105791,-0.02945279056137573,,,,,,,,,26.219994354248072,0.8117645502654883,52.499996185302734,1.6253869171942583,,,,,,,,,,,,,,,,,,,"Kason Gabbard","3418",451257
"Bobby Seay","DET",2,2,,4.403669622026505,39,0,,,,32.70000076293945,146,33,17,16,3,15,3,2,28,7.706421838546383,4.128440270649849,1.8666666666666667,0.8256880541299696,0.1917808219178082,0.10273972602739725,0.08904109589041095,0.2558139534883721,1.4678898740088349,0.30303030303030304,0.7077625570776256,,,4.117597753722974,-0.029817532401754,,,,,,,,,124.28000564575193,3.8006117047741688,129.50000381469727,3.9602446725770752,,,,,,,,,,,,,,,,,,,"Bobby Seay","1225",150144
"Brendan Donnelly","PIT",2,2,,4.403669622026505,37,0,,,,32.70000076293945,145,32,17,16,4,17,1,1,26,7.15596313579307,4.678898973403161,1.5294117647058822,1.1009174055066262,0.1793103448275862,0.11724137931034483,0.06206896551724138,0.25196850393700787,1.4984709130506857,0.2857142857142857,0.7373271889400922,,,4.729218534559989,-0.029817532401754,,,,,,,,,107.58000564575194,3.289908352775262,109.50000381469727,3.348623891740061,,,,,,,,,,,,,,,,,,,"Brendan Donnelly","1441",407791
"Bill Bray","CIN",1,1,,3.272727272727273,39,0,,,,33,139,26,13,12,4,14,2,0,39,10.636363636363637,3.8181818181818183,2.7857142857142856,1.0909090909090908,0.2805755395683453,0.10071942446043165,0.17985611510791366,0.208,1.2121212121212122,0.26506024096385544,0.7848837209302326,,,3.562690911148534,-0.03009108704281971,,,,,,,,,163.40000000000003,4.951515151515153,149,4.515151515151516,,,,,,,,,,,,,,,,,,,"Bill Bray","8538",435538
"J.C. Romero","PHI",1,1,,4.764705882352941,49,0,,,,34,158,32,19,18,4,24,3,3,29,7.676470588235294,6.352941176470588,1.2083333333333333,1.0588235294117647,0.18354430379746836,0.1518987341772152,0.03164556962025317,0.24427480916030533,1.6470588235294117,0.2828282828282828,0.7341269841269842,,,5.283724779241226,-0.031002938165329397,,,,,,,,,96.20000000000003,2.8294117647058834,95,2.7941176470588234,,,,,,,,,,,,,,,,,,,"J.C. Romero","754",240694
"Jackson Quezada","SDP",1,1,,4.764705882352941,34,0,,,,34,155,33,19,18,5,21,1,2,29,7.676470588235294,5.5588235294117645,1.380952380952381,1.3235294117647058,0.1870967741935484,0.13548387096774195,0.051612903225806445,0.25,1.588235294117647,0.2828282828282828,0.7446808510638298,,,5.313136543947108,-0.031002938165329397,,,,,,,,,93.30000000000003,2.7441176470588244,94,2.764705882352941,,,,,,,,,,,,,,,,,,,"Jackson Quezada","sa328301",503355
"Chris Schroder",,1,2,,5.823529411764706,29,0,,,,34,163,38,24,22,4,25,1,2,24,6.352941176470588,6.617647058823529,0.96,1.0588235294117647,0.147239263803681,0.15337423312883436,-0.006134969325153367,0.27941176470588236,1.8529411764705883,0.3119266055045872,0.6794425087108014,,,5.577842426300049,-0.031002938165329397,,,,,,,,,70.60000000000004,2.076470588235295,85,2.5,,,,,,,,,,,,,,,,,,,"Chris Schroder","3553",456744
"Brian Bruney","CHW",2,2,,5.24781352780653,36,1,,,,34.29999923706055,161,34,21,20,4,25,1,1,31,8.134110968100122,6.559766909758163,1.24,1.049562705561306,0.19254658385093168,0.15527950310559005,0.03726708074534163,0.2518518518518518,1.7201166563365848,0.297029702970297,0.7116104868913858,,,5.060349759026961,-0.031276492806395106,,,,,,,,,100.21999435424803,2.9218657896050937,103.49999618530273,3.0174926672730886,,,,,,,,,,,,,,,,,,,"Brian Bruney","1929",430663
"Mike Maroth","MIN",2,3,,6.2247837248088445,9,7,,,,34.70000076293945,162,43,26,24,6,16,1,2,18,4.668587793606633,4.14985581653923,1.125,1.5561959312022111,0.1111111111111111,0.09876543209876543,0.012345679012345678,0.2986111111111111,1.7002881470542677,0.30578512396694213,0.6521739130434783,,,5.844412970659535,-0.031641234646773375,,,,,,,,,53.18000564575193,1.5325649705042552,77.50000381469727,2.2334294556405134,,,,,,,,,,,,,,,,,,,"Mike Maroth","1508",400077
"Mark DiFelice","MIL",2,1,,3.8243626888883053,37,0,,,,35.29999923706055,147,33,16,15,4,10,3,1,32,8.158640402961717,2.549575125925537,3.2,1.0198300503702147,0.21768707482993196,0.06802721088435375,0.14965986394557823,0.2426470588235294,1.218130337942201,0.2871287128712871,0.7219251336898396,,,3.6727432890160077,-0.032188343928904795,,,,,,,,,157.21999435424806,4.453824298930491,155.49999618530273,4.405099137284042,,,,,,,,,,,,,,,,,,,"Mark DiFelice","2468",442707
"Mike Parisi","CHC",2,3,,5.609065277036181,9,7,,,,35.29999923706055,164,41,24,22,4,17,1,2,19,4.84419273925852,4.334277714073413,1.1176470588235294,1.0198300503702147,0.11585365853658537,0.10365853658536585,0.012195121951219523,0.2827586206896552,1.643059525596457,0.3008130081300813,0.648854961832061,,,5.089173914530194,-0.032188343928904795,,,,,,,,,86.41999435424806,2.448158533202402,105.49999618530273,2.988668511769854,,,,,,,,,,,,,,,,,,,"Mike Parisi","8070",449157
"Nick Bierbrodt","BAL",1,1,,6.628895327406396,34,0,,,,35.29999923706055,172,43,28,26,6,25,1,2,23,5.864022789628735,6.373937814813842,0.92,1.5297450755553221,0.13372093023255813,0.14534883720930233,-0.011627906976744207,0.296551724137931,1.9263456506992946,0.3162393162393162,0.6711409395973155,,,6.278975639962113,-0.032188343928904795,,,,,,,,,40.61999435424805,1.1507080802314062,63.499996185302734,1.798866786337937,,,,,,,,,,,,,,,,,,,"Nick Bierbrodt","1194",150149
"Loek Van Mil","LAA",1,3,,6.806722543610163,30,0,,,,35.70000076293945,178,45,29,27,5,29,1,2,19,4.789915864021967,7.310924213507212,0.6551724137931034,1.2605041747426229,0.10674157303370786,0.16292134831460675,-0.05617977528089889,0.30612244897959184,2.072829087354535,0.3225806451612903,0.6716417910447762,,,6.439186892280377,-0.03255308576928306,,,,,,,,,30.680005645751976,0.8593838932799467,58.500003814697266,1.6386555340196725,,,,,,,,,,,,,,,,,,,"Loek Van Mil","sa328812",503441
"Kiko Calero","LAD",1,2,,4.25,34,0,,,,36,162,34,18,17,4,19,1,2,32,8,4.75,1.6842105263157894,1,0.19753086419753085,0.11728395061728394,0.08024691358024691,0.24113475177304963,1.4722222222222223,0.2830188679245283,0.7383966244725738,,,4.494509092966716,-0.03282664041034877,,,,,,,,,129.80000000000004,3.6055555555555565,129,3.5833333333333335,,,,,,,,,,,,,,,,,,,"Kiko Calero","1676",425606
"Randy Flores","SDP",1,1,,4.75,57,0,,,,36,163,38,20,19,4,18,1,1,28,7,4.5,1.5555555555555556,1,0.17177914110429449,0.11042944785276074,0.06134969325153375,0.2638888888888889,1.5555555555555556,0.3008849557522124,0.7142857142857143,,,4.550064648522271,-0.03282664041034877,,,,,,,,,117.40000000000005,3.2611111111111124,127,3.5277777777777777,,,,,,,,,,,,,,,,,,,"Randy Flores","1446",420864
"Joel Zumaya","DET",2,2,,4.16893724303415,32,0,,,,36.70000076293945,160,35,18,17,4,19,2,0,34,8.3378744860683,4.659400448096991,1.7894736842105263,0.9809264101256823,0.2125,0.11875,0.09375,0.24822695035460993,1.4713896151885235,0.2980769230769231,0.7438016528925621,,,4.195008615609854,-0.03346493689179275,,,,,,,,,142.38000564575196,3.879564105882274,142.50000381469727,3.882833810690195,,,,,,,,,,,,,,,,,,,"Joel Zumaya","4699",451491
"Shane Lindsay","CLE",2,3,,5.640326858222673,32,1,,,,36.70000076293945,186,35,25,23,3,42,0,3,36,8.828337691131141,10.299727306319664,0.8571428571428571,0.7356948075942618,0.1935483870967742,0.22580645161290322,-0.03225806451612903,0.24822695035460993,2.0980925994354873,0.3106796116504854,0.7142857142857143,,,5.857133921656149,-0.03346493689179275,,,,,,,,,80.68000564575195,2.198365230750201,81.50000381469727,2.2207085046439,,,,,,,,,,,,,,,,,,,"Shane Lindsay","3881",469834
"John Bale","DET",1,1,,4.621621621621622,34,4,,,,37,161,39,20,19,4,15,1,1,28,6.8108108108108105,3.6486486486486487,1.8666666666666667,0.972972972972973,0.17391304347826086,0.09316770186335403,0.08074534161490683,0.2689655172413793,1.4594594594594594,0.30701754385964913,0.7024793388429752,,,4.2670316154892385,-0.03373849153285846,,,,,,,,,131.20000000000002,3.5459459459459466,141,3.810810810810811,,,,,,,,,,,,,,,,,,,"John Bale","864",150469
"Alfredo Simon","BAL",2,3,,5.351351351351352,26,3,,,,37,164,41,24,22,6,14,1,1,26,6.324324324324325,3.4054054054054053,1.8571428571428572,1.4594594594594594,0.15853658536585366,0.08536585365853659,0.07317073170731707,0.2751677852348993,1.4864864864864864,0.2966101694915254,0.6652360515021459,,,4.996761345218967,-0.03373849153285846,,,,,,,,,100.39999999999999,2.7135135135135133,114,3.081081081081081,,,,,,,,,,,,,,,,,,,"Alfredo Simon","2155",430580
"Trever Miller","STL",1,1,,3.619303023091396,60,0,,,,37.29999923706055,159,33,16,15,3,15,1,2,32,7.721179782594978,3.619303023091396,2.1333333333333333,0.7238606046182792,0.20125786163522014,0.09433962264150944,0.1069182389937107,0.2323943661971831,1.286863297099163,0.2777777777777778,0.7305936073059361,,,3.774893378895429,-0.03401204617392417,,,,,,,,,166.31999435424808,4.458981173087955,160.49999618530273,4.30294904740462,,,,,,,,,,,,,,,,,,,"Trever Miller","1672",119125
"Royce Ring","SEA",2,2,,4.584450495915768,50,0,,,,37.29999923706055,164,39,20,19,4,16,1,2,26,6.27345857335842,3.860589891297489,1.625,0.9651474728243723,0.15853658536585366,0.0975609756097561,0.06097560975609756,0.2671232876712329,1.4745308612594576,0.29914529914529914,0.708502024291498,,,4.525563635536607,-0.03401204617392417,,,,,,,,,123.41999435424808,3.3088471013055782,132.49999618530273,3.5522787907634417,,,,,,,,,,,,,,,,,,,"Royce Ring","4350",429721
"Vinnie Chulk","OAK",1,1,,4.825737364121862,32,0,,,,37.29999923706055,169,41,21,20,4,17,1,2,26,6.27345857335842,4.101876759503582,1.5294117647058822,0.9651474728243723,0.15384615384615385,0.10059171597633136,0.053254437869822494,0.2733333333333333,1.5549598173281554,0.30578512396694213,0.7061068702290076,,,4.605992591605305,-0.03401204617392417,,,,,,,,,115.21999435424807,3.0890079547178044,129.49999618530273,3.4718498346947437,,,,,,,,,,,,,,,,,,,"Vinnie Chulk","1838",425562
"Tony Pena Jr.","BOS",1,2,,5.067024232327954,27,0,,,,37.29999923706055,171,41,22,21,4,18,1,3,23,5.549597968740141,4.343163627709675,1.2777777777777777,0.9651474728243723,0.13450292397660818,0.10526315789473684,0.029239766081871343,0.2733333333333333,1.5817694693510544,0.29838709677419356,0.6928838951310862,,,4.927708415880096,-0.03401204617392417,,,,,,,,,103.21999435424807,2.767292130443014,117.49999618530273,3.1501340104199533,,,,,,,,,,,,,,,,,,,"Tony Pena Jr.","2240",430640
"Scott Mathieson","PHI",2,2,,4.5358089267759265,33,0,,,,37.70000076293945,167,35,20,19,5,20,1,2,37,8.832891067932067,4.7745357123957115,1.85,1.1936339280989279,0.2215568862275449,0.11976047904191617,0.10179640718562874,0.2413793103448276,1.458885912120912,0.28846153846153844,0.7291666666666666,,,4.589778735225358,-0.03437678801430244,,,,,,,,,134.480005645752,3.5671088308823324,131.50000381469727,3.488063691074691,,,,,,,,,,,,,,,,,,,"Scott Mathieson","4771",455949
"Kris Harvey",,2,4,,5.96816964049464,26,1,,,,37.70000076293945,183,44,27,25,5,27,1,3,24,5.729442854874854,6.445623211734211,0.8888888888888888,1.1936339280989279,0.13114754098360656,0.14754098360655737,-0.01639344262295081,0.2875816993464052,1.8832890865560863,0.312,0.6875,,,5.916038655335278,-0.03437678801430244,,,,,,,,,61.08000564575198,1.6201592681609696,81.50000381469727,2.1618037709647715,,,,,,,,,,,,,,,,,,,"Kris Harvey","sa293563",459960
"Scot Shields","LAA",2,2,,4.7368421052631575,38,0,,,,38,171,37,21,20,5,23,1,1,34,8.052631578947368,5.447368421052632,1.4782608695652173,1.1842105263157894,0.19883040935672514,0.13450292397660818,0.06432748538011696,0.25170068027210885,1.5789473684210527,0.29357798165137616,0.7358490566037735,,,4.89363189998426,-0.03465034265536815,,,,,,,,,119.49999999999999,3.144736842105263,121,3.1842105263157894,,,,,,,,,,,,,,,,,,,"Scot Shields","35",276912
"Anthony Reyes","CLE",2,3,,5.2105263157894735,10,8,,,,38,175,42,24,22,5,20,0,2,25,5.921052631578948,4.7368421052631575,1.25,1.1842105263157894,0.14285714285714285,0.11428571428571428,0.028571428571428567,0.27450980392156865,1.631578947368421,0.29838709677419356,0.6909090909090909,,,5.20942137366847,-0.03465034265536815,,,,,,,,,94.49999999999999,2.4868421052631575,109,2.8684210526315788,,,,,,,,,,,,,,,,,,,"Anthony Reyes","7105",435039
"Matt Nevarez","HOU",2,3,,5.447368421052632,40,0,,,,38,188,36,25,23,4,39,1,3,36,8.526315789473685,9.236842105263158,0.9230769230769231,0.9473684210526315,0.19148936170212766,0.2074468085106383,-0.015957446808510634,0.2465753424657534,1.9736842105263157,0.29906542056074764,0.7204610951008645,,,5.8673161105105756,-0.03465034265536815,,,,,,,,,84.39999999999999,2.221052631578947,84,2.210526315789474,,,,,,,,,,,,,,,,,,,"Matt Nevarez","sa291749",457764
"Bartolo Colon","NYY",2,3,,5.639686796416177,8,8,,,,38.29999923706055,171,44,26,24,6,14,1,1,20,4.699738997013481,3.2898172979094364,1.4285714285714286,1.4099216991040442,0.11695906432748537,0.08187134502923976,0.03508771929824561,0.28205128205128205,1.5143603434821216,0.2900763358778626,0.6451612903225806,,,5.244944297145154,-0.03492389729643386,,,,,,,,,90.21999435424803,2.355613476538864,108.49999618530273,2.832898129154895,,,,,,,,,,,,,,,,,,,"Bartolo Colon","375",112526
"Scott Elarton","CHW",1,4,,7.209302183455787,18,4,,,,38.70000076293945,182,49,33,31,10,19,2,1,22,5.116278968904107,4.418604564053546,1.1578947368421053,2.3255813495018667,0.12087912087912088,0.1043956043956044,0.01648351648351648,0.30246913580246915,1.7571059085125214,0.29770992366412213,0.6481481481481481,,,6.850452171047522,-0.03528863913681213,,,,,,,,,19.98000564575196,0.516279205474475,47.500003814697266,1.2273902552525275,,,,,,,,,,,,,,,,,,,"Scott Elarton","426",134003
"Dennys Reyes","BOS",2,1,,4.153846153846154,65,0,,,,39,170,38,19,18,3,18,2,2,30,6.923076923076923,4.153846153846154,1.6666666666666667,0.6923076923076923,0.17647058823529413,0.10588235294117647,0.07058823529411766,0.25333333333333335,1.435897435897436,0.2966101694915254,0.7142857142857143,,,4.077842426300049,-0.03556219377787784,,,,,,,,,152.90000000000003,3.9205128205128212,156,4,,,,,,,,,,,,,,,,,,,"Dennys Reyes","444",121096
"Fautino De Los Santos","OAK",2,3,,4.615384615384615,36,0,,,,39,175,39,21,20,4,20,2,2,38,8.76923076923077,4.615384615384615,1.9,0.9230769230769231,0.21714285714285714,0.11428571428571428,0.10285714285714286,0.2549019607843137,1.5128205128205128,0.3125,0.7116104868913858,,,4.154765503223126,-0.03556219377787784,,,,,,,,,148.00000000000003,3.7948717948717956,153,3.923076923076923,,,,,,,,,,,,,,,,,,,"Fautino De Los Santos","5841",501745
"Will Ohman","CHW",1,1,,4.153846153846154,60,0,,,,39,171,35,19,18,5,20,4,1,40,9.23076923076923,4.615384615384615,2,1.1538461538461537,0.23391812865497075,0.11695906432748537,0.11695906432748537,0.23333333333333334,1.4102564102564104,0.2830188679245283,0.75,,,4.30861165706928,-0.03556219377787784,,,,,,,,,153.10000000000002,3.9256410256410263,147,3.769230769230769,,,,,,,,,,,,,,,,,,,"Will Ohman","296",349193
"Juan Cruz","KCR",2,2,,4.122137484604105,39,0,,,,39.29999923706055,174,35,19,18,4,22,0,1,41,9.389313159376016,5.03816803673835,1.8636363636363635,0.9160305521342456,0.23563218390804597,0.12643678160919541,0.10919540229885055,0.23178807947019867,1.4503817075458887,0.2897196261682243,0.7392996108949417,,,4.070208857778815,-0.03583574841894355,,,,,,,,,163.6199943542481,4.1633587157923335,157.49999618530273,4.007633568521234,,,,,,,,,,,,,,,,,,,"Juan Cruz","273",407297
"Elmer Dessens","SFG",3,2,,4.122137484604105,37,0,,,,39.29999923706055,171,40,19,18,4,13,3,3,22,5.03816803673835,2.977099294436298,1.6923076923076923,0.9160305521342456,0.1286549707602339,0.07602339181286549,0.05263157894736842,0.25806451612903225,1.3486005350865282,0.27692307692307694,0.7172995780590717,,,4.502778840731097,-0.03583574841894355,,,,,,,,,133.6199943542481,3.399999922347129,140.49999618530273,3.5750635855689517,,,,,,,,,,,,,,,,,,,"Elmer Dessens","317",113296
"Matt Meyer","LAA",1,3,,5.954198588872596,37,0,,,,39.29999923706055,189,47,28,26,5,26,1,3,26,5.954198588872596,5.954198588872596,1,1.1450381901678068,0.13756613756613756,0.13756613756613756,0,0.29375,1.8575063973833312,0.3230769230769231,0.6818181818181818,,,5.622371737784064,-0.03583574841894355,,,,,,,,,72.11999435424808,1.8351143957844593,96.49999618530273,2.4554706885159847,,,,,,,,,,,,,,,,,,,"Matt Meyer","sa327859",493475
"Juan Pablo Perez","PHI",3,3,,4.772727456631418,39,0,,,,39.599998474121094,179,36,22,21,5,26,1,2,40,9.090909441202701,5.909091136781756,1.5384615384615385,1.1363636801503376,0.22346368715083798,0.1452513966480447,0.07821229050279327,0.23841059602649006,1.5656566259849096,0.2897196261682243,0.7272727272727273,,,4.8202667358639,-0.03610930306000926,,,,,,,,,133.93998870849606,3.3823230775129165,128.99999237060547,3.257575690436149,,,,,,,,,,,,,,,,,,,"Juan Pablo Perez","2557",448722
"Shawn Hill",,3,3,,4.760705198183128,8,8,,,,39.70000076293945,174,46,23,21,4,13,1,1,24,5.440805940780717,2.947103217922889,1.8461538461538463,0.9068009901301196,0.13793103448275862,0.07471264367816093,0.0632183908045977,0.2875,1.486146067157696,0.3157894736842105,0.6741573033707865,,,4.236532580355202,-0.036200490259321816,,,,,,,,,130.98000564575193,3.2992444113004584,152.50000381469727,3.8413098459448474,,,,,,,,,,,,,,,,,,,"Shawn Hill","1882",429718
"Chris Bootcheck","TBR",1,1,,4.760705198183128,29,0,,,,39.70000076293945,178,42,22,21,5,17,1,2,36,8.161208911171077,3.853904208053008,2.1176470588235294,1.1335012376626494,0.20224719101123595,0.09550561797752809,0.10674157303370786,0.2641509433962264,1.486146067157696,0.31092436974789917,0.7115384615384616,,,4.337288245925215,-0.036200490259321816,,,,,,,,,138.08000564575195,3.478085717687233,148.50000381469727,3.7405541803748337,,,,,,,,,,,,,,,,,,,"Chris Bootcheck","1842",408052
"Joe Bisenius","WSN",2,3,,5.214105693248188,34,0,,,,39.70000076293945,186,42,25,23,4,26,0,3,32,7.254407921040957,5.894206435845778,1.2307692307692308,0.9068009901301196,0.17204301075268819,0.13978494623655913,0.03225806451612906,0.267515923566879,1.712846314690226,0.3114754098360656,0.6891025641025641,,,4.967011155737798,-0.036200490259321816,,,,,,,,,112.38000564575195,2.830730566399897,123.50000381469727,3.110831270562251,,,,,,,,,,,,,,,,,,,"Joe Bisenius","7370",445202
"Brian Anderson","NYY",0,1,,4.987405445715658,39,0,,,,39.70000076293945,177,43,24,22,5,21,0,0,26,5.894206435845778,4.760705198183128,1.2380952380952381,1.1335012376626494,0.14689265536723164,0.11864406779661017,0.028248587570621472,0.27564102564102566,1.6120906491202127,0.30158730158730157,0.7017543859649122,,,4.992200072130301,-0.036200490259321816,,,,,,,,,109.48000564575194,2.7576827088616374,122.50000381469727,3.0856423541697473,,,,,,,,,,,,,,,,,,,"Brian Anderson","6144",435042
"Antonio Bastardo","PHI",2,1,,3.825,45,0,,,,40,175,35,18,17,4,19,1,3,43,9.675,4.275,2.263157894736842,0.9,0.24571428571428572,0.10857142857142857,0.13714285714285715,0.22875816993464052,1.35,0.2897196261682243,0.7438016528925621,,,3.877842426300049,-0.036474044900387526,,,,,,,,,175.8,4.3950000000000005,168,4.2,,,,,,,,,,,,,,,,,,,"Antonio Bastardo","8844",455374
"Arodys Vizcaíno","ATL",3,3,,4.725,11,11,,,,40,182,40,22,21,4,22,1,3,33,7.425,4.95,1.5,0.9,0.1813186813186813,0.12087912087912088,0.06043956043956043,0.25477707006369427,1.55,0.2975206611570248,0.7092198581560284,,,4.6028424263000485,-0.036474044900387526,,,,,,,,,133.8,3.345,139,3.475,,,,,,,,,,,,,,,,,,,"Arodys Vizcaino","5498",527055
"Ryan Braun","LAA",1,2,,4.725,36,0,,,,40,181,41,22,21,4,22,1,2,31,6.975,4.95,1.4090909090909092,0.9,0.1712707182320442,0.12154696132596685,0.04972375690607736,0.2611464968152866,1.575,0.3008130081300813,0.7142857142857143,,,4.627842426300049,-0.036474044900387526,,,,,,,,,130.2,3.255,138,3.45,,,,,,,,,,,,,,,,,,,"Ryan Braun","5648",461334
"Ross Wolf","HOU",2,2,,5.175,30,0,,,,40,178,43,25,23,4,20,1,2,27,6.075,4.5,1.35,0.9,0.15168539325842698,0.11235955056179775,0.039325842696629226,0.27564102564102566,1.575,0.30952380952380953,0.662020905923345,,,4.6778424263000495,-0.036474044900387526,,,,,,,,,123.00000000000001,3.075,136,3.4,,,,,,,,,,,,,,,,,,,"Ross Wolf","4534",448693
"Francisco Samuel","STL",2,3,,5.625,46,0,,,,40,198,37,27,25,4,45,1,2,38,8.55,10.125,0.8444444444444444,0.9,0.1919191919191919,0.22727272727272727,-0.03535353535353536,0.24503311258278146,2.05,0.3,0.7198952879581151,,,6.002842426300049,-0.036474044900387526,,,,,,,,,85.60000000000001,2.14,83,2.075,,,,,,,,,,,,,,,,,,,"Francisco Samuel","sa396275",501740
"Billy Traber","SEA",2,3,,5.3598015903028315,28,2,,,,40.29999923706055,182,47,26,24,5,16,1,2,19,4.243176258989742,3.5732010602018875,1.1875,1.1166253313130898,0.1043956043956044,0.08791208791208792,0.01648351648351648,0.2865853658536585,1.5632754638383257,0.2978723404255319,0.6607142857142857,,,5.08776802266361,-0.036747599541453235,,,,,,,,,98.51999435424806,2.4446649185950218,120.49999618530273,2.9900744036364384,,,,,,,,,,,,,,,,,,,"Billy Traber","410",407896
"T.J. Burton","HOU",2,4,,6.253101855353303,31,0,,,,40.29999923706055,190,51,30,28,7,19,1,3,20,4.466501325252359,4.243176258989742,1.0526315789473684,1.5632754638383257,0.10526315789473684,0.1,0.005263157894736831,0.30357142857142855,1.7369727375981396,0.30985915492957744,0.6644518272425249,,,5.981068287714082,-0.036747599541453235,,,,,,,,,53.51999435424804,1.3280395872819315,84.49999618530273,2.0967741385859666,,,,,,,,,,,,,,,,,,,"T.J. Burton","sa201982",445069
"Jack Taschner","LAD",1,2,,4.643734556685791,43,0,,,,40.70000076293945,181,41,22,21,5,19,1,1,30,6.63390650955113,4.201474122715716,1.5789473684210527,1.1056510849251884,0.16574585635359115,0.10497237569060773,0.06077348066298342,0.2546583850931677,1.4742014465669178,0.28346456692913385,0.7169811320754716,,,4.67489399341421,-0.037112341381831504,,,,,,,,,133.08000564575195,3.269778947201685,138.50000381469727,3.402948432885839,,,,,,,,,,,,,,,,,,,"Jack Taschner","2766",435620
"Greg Aquino","CHW",2,4,,6.412776292566092,37,0,,,,40.70000076293945,193,45,31,29,8,27,2,3,32,7.076166943521206,5.970515858596017,1.1851851851851851,1.7690417358803014,0.16580310880829016,0.13989637305699482,0.025906735751295346,0.27607361963190186,1.7690417358803014,0.29838709677419356,0.674342105263158,,,6.271945560528371,-0.037112341381831504,,,,,,,,,59.78000564575197,1.4687961799791012,73.50000381469727,1.805896865771678,,,,,,,,,,,,,,,,,,,"Greg Aquino","1899",425628
"LaTroy Hawkins","MIL",2,2,,3.951219512195122,41,0,,,,41,173,40,19,18,4,13,2,1,32,7.024390243902439,2.8536585365853657,2.4615384615384617,0.8780487804878049,0.18497109826589594,0.07514450867052024,0.10982658959537571,0.25157232704402516,1.2926829268292683,0.2903225806451613,0.7172995780590717,,,3.8095497433732195,-0.037385896022897214,,,,,,,,,172.20000000000005,4.200000000000001,175,4.2682926829268295,,,,,,,,,,,,,,,,,,,"LaTroy Hawkins","729",115629
"Shawn Kelley","SEA",3,3,,4.170731707317073,36,0,,,,41,178,39,20,19,5,17,1,2,38,8.341463414634147,3.731707317073171,2.235294117647059,1.0975609756097562,0.21348314606741572,0.09550561797752809,0.11797752808988764,0.24528301886792453,1.3658536585365855,0.2905982905982906,0.7346938775510204,,,4.199793645812244,-0.037385896022897214,,,,,,,,,159.50000000000003,3.890243902439025,159,3.8780487804878048,,,,,,,,,,,,,,,,,,,"Shawn Kelley","7773",518875
"Erick Threets","CHW",2,2,,4.609756097560975,33,0,,,,41,182,41,22,21,4,22,2,2,27,5.926829268292683,4.829268292682927,1.2272727272727273,0.8780487804878049,0.14835164835164835,0.12087912087912088,0.027472527472527472,0.25949367088607594,1.5365853658536586,0.2890625,0.7142857142857143,,,4.7851594994707805,-0.037385896022897214,,,,,,,,,129.60000000000002,3.160975609756098,135,3.292682926829268,,,,,,,,,,,,,,,,,,,"Erick Threets","3158",408069
"Boof Bonser","NYM",1,2,,4.794188950549053,19,3,,,,41.29999923706055,178,45,24,22,5,14,0,0,33,7.191283425823579,3.050847513985761,2.357142857142857,1.0895883978520575,0.1853932584269663,0.07865168539325842,0.10674157303370788,0.27439024390243905,1.4285714549615867,0.31496062992125984,0.6730769230769231,,,4.070578522120813,-0.03765945066396292,,,,,,,,,151.11999435424804,3.6590798340412687,165.49999618530273,4.007263904179236,,,,,,,,,,,,,,,,,,,"Boof Bonser","2159",425818
"Pat Neshek","SDP",2,4,,4.35835359140823,41,0,,,,41.29999923706055,182,40,21,20,5,20,2,2,36,7.8450364645348145,4.35835359140823,1.8,1.0895883978520575,0.1978021978021978,0.10989010989010989,0.0879120879120879,0.25,1.45278453046941,0.2916666666666667,0.7358490566037735,,,4.5064138812616354,-0.03765945066396292,,,,,,,,,146.11999435424804,3.538014456502151,147.49999618530273,3.5714285450384136,,,,,,,,,,,,,,,,,,,"Pat Neshek","4682",450212
"Jhan Mariñez",,2,2,,4.35835359140823,38,1,,,,41.29999923706055,188,34,21,20,5,31,1,2,46,10.024213260238929,6.7554480666827565,1.4838709677419355,1.0895883978520575,0.24468085106382978,0.16489361702127658,0.0797872340425532,0.21935483870967742,1.5738499080085275,0.2761904761904762,0.7586206896551724,,,4.821183862863341,-0.03765945066396292,,,,,,,,,148.71999435424803,3.6009684528224923,134.49999618530273,3.256658563436708,,,,,,,,,,,,,,,,,,,"Jhan Marinez","5830",501697
"Scott Strickland",,2,3,,5.012106630119464,41,0,,,,41.29999923706055,189,43,25,23,5,24,1,2,34,7.409201105393992,5.230024309689876,1.4166666666666667,1.0895883978520575,0.17989417989417988,0.12698412698412698,0.05291005291005291,0.26380368098159507,1.6222760590241745,0.304,0.7,,,4.893823089386812,-0.03765945066396292,,,,,,,,,122.31999435424804,2.961743259415952,131.49999618530273,3.1840193369132375,,,,,,,,,,,,,,,,,,,"Scott Strickland","897",232994
"Rich Thompson","LAA",2,1,,4.100719349434039,29,0,,,,41.70000076293945,180,40,20,19,5,16,1,2,37,7.985611364687339,3.453237346891822,2.3125,1.0791366709036945,0.20555555555555555,0.08888888888888889,0.11666666666666665,0.24691358024691357,1.3429256349023753,0.2892561983471074,0.7346938775510204,,,4.1569790972037435,-0.03802419250434119,,,,,,,,,163.08000564575195,3.9107914307447214,163.50000381469727,3.9208633290963055,,,,,,,,,,,,,,,,,,,"Rich Thompson","6422",460366
"Scott Patterson","SEA",1,3,,5.357142857142857,40,0,,,,42,193,44,27,25,6,23,1,2,35,7.5,4.928571428571429,1.5217391304347827,1.2857142857142858,0.18134715025906736,0.11917098445595854,0.06217616580310882,0.2619047619047619,1.5952380952380953,0.296875,0.68259385665529,,,5.054032902490525,-0.0382977471454069,,,,,,,,,117.6,2.8,127,3.0238095238095237,,,,,,,,,,,,,,,,,,,"Scott Patterson","5",456499
"Lester Oliveros","DET",2,3,,5.357142857142857,37,0,,,,42,195,44,27,25,5,27,1,3,36,7.714285714285714,5.785714285714286,1.3333333333333333,1.0714285714285714,0.18461538461538463,0.13846153846153847,0.046153846153846156,0.26666666666666666,1.6904761904761905,0.312,0.6875,,,5.054032902490525,-0.0382977471454069,,,,,,,,,116.9,2.7833333333333337,127,3.0238095238095237,,,,,,,,,,,,,,,,,,,"Lester Oliveros","9167",500902
"Rex Brothers","COL",2,2,,4.928571428571429,44,0,,,,42,197,39,25,23,5,34,1,3,36,7.714285714285714,7.285714285714286,1.0588235294117647,1.0714285714285714,0.18274111675126903,0.17258883248730963,0.010152284263959394,0.24375,1.7380952380952381,0.2833333333333333,0.7272727272727273,,,5.554032902490525,-0.0382977471454069,,,,,,,,,108.9,2.592857142857143,106,2.5238095238095237,,,,,,,,,,,,,,,,,,,"Rex Brothers","9794",571521
"Jose Casilla","SFG",2,2,,4.042553264402444,40,0,,,,42.29999923706055,189,42,20,19,3,20,1,3,26,5.531914993392818,4.255319225686783,1.3,0.6382978838530174,0.13756613756613756,0.10582010582010581,0.031746031746031744,0.25301204819277107,1.4657210666254474,0.2826086956521739,0.726643598615917,,,4.401719518735937,-0.03857130178647261,,,,,,,,,149.9199943542481,3.5442079682804772,155.49999618530273,3.6761229075641118,,,,,,,,,,,,,,,,,,,"Jose Casilla","sa456056",503474
"Scott Dohmann","LAD",1,1,,4.680851148255462,36,0,,,,42.29999923706055,186,44,24,22,5,17,1,2,29,6.170212877245835,3.6170213418337656,1.7058823529411764,1.0638298064216958,0.15591397849462366,0.0913978494623656,0.06451612903225806,0.2634730538922156,1.4420804042605209,0.291044776119403,0.6851851851851852,,,4.590844817655349,-0.03857130178647261,,,,,,,,,138.11999435424806,3.265248152374343,147.49999618530273,3.486997608644699,,,,,,,,,,,,,,,,,,,"Scott Dohmann","1936",430617
"Al Alburquerque","DET",3,3,,4.847775089026724,35,0,,,,42.70000076293945,197,44,25,23,4,26,1,3,35,7.377049048518928,5.480093578899775,1.3461538461538463,0.8430913198307346,0.17766497461928935,0.1319796954314721,0.04568527918781726,0.2619047619047619,1.6393442330042063,0.3076923076923077,0.6987577639751552,,,4.693767455975624,-0.03893604362685088,,,,,,,,,135.380005645752,3.1704918788491487,144.50000381469727,3.3840749703244253,,,,,,,,,,,,,,,,,,,"Al Alburquerque","6324",456379
"Marc Kroon","SFG",4,2,,3.7674418604651163,45,0,,,,43,185,35,19,18,4,23,2,3,47,9.837209302325581,4.813953488372093,2.0434782608695654,0.8372093023255814,0.25405405405405407,0.12432432432432433,0.12972972972972974,0.22012578616352202,1.3488372093023255,0.28440366972477066,0.7442748091603054,,,3.9150517286256306,-0.03920959826791659,,,,,,,,,194,4.511627906976744,179,4.162790697674419,,,,,,,,,,,,,,,,,,,"Marc Kroon","1964",117327
"Tyler Walker","WSN",3,2,,3.9767441860465116,39,0,,,,43,181,40,20,19,6,14,2,1,37,7.744186046511628,2.9302325581395348,2.642857142857143,1.255813953488372,0.20441988950276244,0.07734806629834254,0.1270718232044199,0.24096385542168675,1.255813953488372,0.27419354838709675,0.7456140350877193,,,4.2173773100209795,-0.03920959826791659,,,,,,,,,169.39999999999998,3.93953488372093,166,3.86046511627907,,,,,,,,,,,,,,,,,,,"Tyler Walker","901",400104
"Jesse English","WSN",2,3,,5.232558139534884,45,0,,,,43,202,46,27,25,5,28,1,3,30,6.27906976744186,5.8604651162790695,1.0714285714285714,1.0465116279069768,0.1485148514851485,0.13861386138613863,0.009900990099009882,0.26900584795321636,1.7209302325581395,0.29927007299270075,0.7014925373134329,,,5.356912193741909,-0.03920959826791659,,,,,,,,,104.09999999999998,2.420930232558139,117,2.7209302325581395,,,,,,,,,,,,,,,,,,,"Jesse English","4454",450832
"J.J. Putz","ARI",6,3,,3.5334873601809913,46,0,,,,43.29999923706055,184,37,18,17,4,18,2,1,46,9.561201092254446,3.7413395578386965,2.5555555555555554,0.8314087906308214,0.25,0.09782608695652174,0.15217391304347827,0.22424242424242424,1.2702078745748662,0.28448275862068967,0.7489878542510122,,,3.470452132986826,-0.0394831529089823,,,,,,,,,210.01999435424807,4.850346375398815,199.49999618530273,4.607390293313223,,,,,,,,,,,,,,,,,,,"J.J. Putz","1795",407816
"Scott Lewis","CLE",2,3,,5.404157139100339,10,10,,,,43.29999923706055,193,49,28,26,7,16,1,2,31,6.443418127388866,3.3256351625232856,1.9375,1.4549653836039376,0.16062176165803108,0.08290155440414508,0.077720207253886,0.28,1.5011547608612055,0.30434782608695654,0.6702898550724637,,,4.994701582476665,-0.0394831529089823,,,,,,,,,114.91999435424802,2.654041486815727,133.49999618530273,3.083140843823384,,,,,,,,,,,,,,,,,,,"Scott Lewis","7322",460260
"John Gaub","CHC",3,3,,4.780600546127223,38,0,,,,43.29999923706055,203,39,25,23,5,35,1,3,45,9.35334889459674,7.274826918019688,1.2857142857142858,1.0392609882885269,0.22167487684729065,0.1724137931034483,0.04926108374384236,0.23636363636363636,1.7090069585189107,0.29310344827586204,0.7313432835820896,,,5.133269714248469,-0.0394831529089823,,,,,,,,,133.51999435424804,3.0836026953083184,127.49999618530273,2.9445727120515803,,,,,,,,,,,,,,,,,,,"John Gaub","2857",453304
"Chris Ray","SEA",2,2,,4.118993063099718,47,0,,,,43.70000076293945,193,42,21,20,4,22,3,1,34,7.002288207269521,4.53089236940969,1.5454545454545454,0.8237986126199437,0.17616580310880828,0.11398963730569948,0.06217616580310879,0.24705882352941178,1.4645308668798998,0.2857142857142857,0.7363013698630138,,,4.290657050434966,-0.03984789474936057,,,,,,,,,163.980005645752,3.75240280967725,165.50000381469727,3.787185375865083,,,,,,,,,,,,,,,,,,,"Chris Ray","6315",444884
"Andrew Brown","STL",2,2,,4.118993063099718,37,0,,,,43.70000076293945,194,39,21,20,4,26,2,2,40,8.237986126199436,5.354690982029633,1.5384615384615385,0.8237986126199437,0.20618556701030927,0.13402061855670103,0.07216494845360824,0.23493975903614459,1.4874141616748981,0.2845528455284553,0.7407407407407408,,,4.359306934819961,-0.03984789474936057,,,,,,,,,168.78000564575197,3.8622426246932426,162.50000381469727,3.718535491480088,,,,,,,,,,,,,,,,,,,"Andrew Brown","2115",408046
"Randy Williams","BOS",1,1,,4.736842022564676,43,0,,,,43.70000076293945,199,46,25,23,4,22,5,4,34,7.002288207269521,4.53089236940969,1.5454545454545454,0.8237986126199437,0.1708542713567839,0.11055276381909548,0.060301507537688426,0.2658959537572254,1.5560640460598936,0.3088235294117647,0.6891025641025641,,,4.496606703589952,-0.03984789474936057,,,,,,,,,144.58000564575195,3.30846689065428,156.50000381469727,3.581235722710097,,,,,,,,,,,,,,,,,,,"Randy Williams","2362",430942
"Dallas Buck","CIN",2,4,,5.972539941494591,10,10,,,,43.70000076293945,204,54,31,29,7,20,1,3,20,4.118993063099718,4.118993063099718,1,1.4416475720849014,0.09803921568627451,0.09803921568627451,0,0.2983425414364641,1.6933638148298842,0.3032258064516129,0.6697819314641744,,,5.823837801699861,-0.03984789474936057,,,,,,,,,67.88000564575194,1.5533181798778997,98.50000381469727,2.2540046246001877,,,,,,,,,,,,,,,,,,,"Dallas Buck","sa326675",453271
"Brandon Kintzler","MIL",3,2,,3.8863636363636362,39,0,,,,44,187,43,20,19,4,13,2,2,34,6.954545454545454,2.659090909090909,2.6153846153846154,0.8181818181818182,0.18181818181818182,0.06951871657754011,0.11229946524064172,0.25,1.2727272727272727,0.28888888888888886,0.7142857142857143,,,3.736933335390958,-0.04012144939042628,,,,,,,,,187.60000000000002,4.263636363636365,191,4.340909090909091,,,,,,,,,,,,,,,,,,,"Brandon Kintzler","9939",445213
"Jose Mijares","MIN",2,1,,3.8863636363636362,53,0,,,,44,188,42,20,19,5,16,1,2,38,7.7727272727272725,3.272727272727273,2.375,1.0227272727272727,0.20212765957446807,0.0851063829787234,0.11702127659574467,0.24705882352941178,1.3181818181818181,0.2890625,0.7450980392156863,,,4.0551151535727765,-0.04012144939042628,,,,,,,,,176.90000000000003,4.020454545454546,177,4.0227272727272725,,,,,,,,,,,,,,,,,,,"Jose Mijares","4140",467726
"Jason Bulger","LAA",2,1,,4.090909090909091,44,0,,,,44,194,38,21,20,5,26,0,2,50,10.227272727272727,5.318181818181818,1.9230769230769231,1.0227272727272727,0.25773195876288657,0.13402061855670103,0.12371134020618554,0.2289156626506024,1.4545454545454546,0.29464285714285715,0.7543859649122807,,,4.191478789936412,-0.04012144939042628,,,,,,,,,181.3,4.120454545454546,171,3.8863636363636362,,,,,,,,,,,,,,,,,,,"Jason Bulger","3915",408072
"Saul Rivera","CLE",2,3,,5.113636363636363,35,0,,,,44,198,50,27,25,4,20,2,2,30,6.136363636363637,4.090909090909091,1.5,0.8181818181818182,0.15151515151515152,0.10101010101010101,0.05050505050505051,0.2840909090909091,1.5909090909090908,0.32167832167832167,0.6677018633540373,,,4.396024244481867,-0.04012144939042628,,,,,,,,,140.40000000000003,3.190909090909092,162,3.6818181818181817,,,,,,,,,,,,,,,,,,,"Saul Rivera","2027",346800
"Alan Farina","TOR",2,2,,4.704545454545454,42,0,,,,44,201,43,25,23,4,28,1,3,40,8.181818181818182,5.7272727272727275,1.4285714285714286,0.8181818181818182,0.19900497512437812,0.13930348258706468,0.05970149253731344,0.2529411764705882,1.6136363636363635,0.30708661417322836,0.7033639143730887,,,4.5551151535727765,-0.04012144939042628,,,,,,,,,151.60000000000002,3.4454545454545458,155,3.522727272727273,,,,,,,,,,,,,,,,,,,"Alan Farina","sa388377",518669
"Rich Hill","BOS",2,3,,4.909090909090909,48,0,,,,44,210,42,26,24,5,37,2,3,40,8.181818181818182,7.568181818181818,1.0810810810810811,1.0227272727272727,0.19047619047619047,0.1761904761904762,0.014285714285714263,0.24705882352941178,1.7954545454545454,0.29365079365079366,0.7361111111111112,,,5.464206062663685,-0.04012144939042628,,,,,,,,,114.90000000000002,2.6113636363636368,115,2.6136363636363638,,,,,,,,,,,,,,,,,,,"Rich Hill","4806",448179
"Leo Rosales","ARI",2,2,,4.469526036342613,38,0,,,,44.29999923706055,194,45,24,22,5,20,2,1,31,6.2979685057555,4.063205487584193,1.55,1.0158013718960484,0.15979381443298968,0.10309278350515463,0.056701030927835044,0.26011560693641617,1.467268648294292,0.2898550724637681,0.7068965517241379,,,4.567684438414253,-0.04039500403149199,,,,,,,,,148.31999435424808,3.3480811943257636,155.49999618530273,3.510157987885796,,,,,,,,,,,,,,,,,,,"Leo Rosales","5618",449820
"Josh Kinney","CHW",2,4,,4.875846585101033,45,0,,,,44.29999923706055,200,45,26,24,6,22,2,3,36,7.3137698776515485,4.469526036342613,1.6363636363636365,1.2189616462752582,0.18,0.11,0.06999999999999999,0.2571428571428571,1.5124153759341166,0.291044776119403,0.6996587030716723,,,4.906284895712936,-0.04039500403149199,,,,,,,,,134.01999435424807,3.025282091701019,140.49999618530273,3.171557530587113,,,,,,,,,,,,,,,,,,,"Josh Kinney","3638",448337
"Michael Gonzalez","BAL",3,3,,4.2281878472963905,48,0,,,,44.70000076293945,192,41,22,21,7,18,4,2,50,10.067113922134265,3.624161011968335,2.7777777777777777,1.409395949098797,0.2604166666666667,0.09375,0.16666666666666669,0.23837209302325582,1.319910492013159,0.29310344827586204,0.7520325203252032,,,4.218782004141932,-0.04075974587187026,,,,,,,,,178.0800056457519,3.9838926757557718,172.50000381469727,3.859060422158117,,,,,,,,,,,,,,,,,,,"Michael Gonzalez","1794",283166
"Renyel Pinto",,2,1,,4.026845568853705,50,0,,,,44.70000076293945,198,39,21,20,4,28,1,4,43,8.657717973035467,5.637583796395188,1.5357142857142858,0.8053691137707412,0.21717171717171718,0.1414141414141414,0.07575757575757577,0.23493975903614459,1.4988814061844349,0.2916666666666667,0.749185667752443,,,4.464867011127437,-0.04075974587187026,,,,,,,,,170.18000564575195,3.807158898011638,161.50000381469727,3.6129754151726123,,,,,,,,,,,,,,,,,,,"Renyel Pinto","2180",430594
"Ron Villone","WSN",3,6,,5.8389260748378735,50,0,,,,44.70000076293945,212,51,31,29,6,29,2,2,27,5.436241517952503,5.8389260748378735,0.9310344827586207,1.2080536706561118,0.12735849056603774,0.13679245283018868,-0.009433962264150941,0.281767955801105,1.7897091417127582,0.30201342281879195,0.6843575418994414,,,5.695292046054957,-0.04075974587187026,,,,,,,,,85.38000564575194,1.9100672077961143,106.50000381469727,2.382550380245091,,,,,,,,,,,,,,,,,,,"Ron Villone","1010",123725
"Joe Nathan","MIN",2,1,,3,47,0,,,,45,184,36,16,15,4,15,2,1,52,10.4,3,3.466666666666667,0.8,0.2826086956521739,0.08152173913043478,0.2010869565217391,0.21428571428571427,1.1333333333333333,0.2831858407079646,0.7709251101321586,,,2.98895353741116,-0.041033300512935966,,,,,,,,,246.2,5.471111111111111,229,5.088888888888889,,,,,,,,,,,,,,,,,,,"Joe Nathan","1122",150274
"Arthur Rhodes","TEX",4,2,,3.4,63,0,,,,45,190,39,18,17,4,17,2,1,40,8,3.4,2.3529411764705883,0.8,0.21052631578947367,0.08947368421052632,0.12105263157894736,0.22674418604651161,1.2444444444444445,0.2713178294573643,0.753968253968254,,,3.6556202040778265,-0.041033300512935966,,,,,,,,,208.4,4.631111111111111,199,4.4222222222222225,,,,,,,,,,,,,,,,,,,"Arthur Rhodes","1097",121125
"Josh Lueke","SEA",3,3,,4,35,0,,,,45,196,44,21,20,4,17,0,3,40,8,3.4,2.3529411764705883,0.8,0.20408163265306123,0.08673469387755102,0.11734693877551021,0.25,1.3555555555555556,0.3007518796992481,0.7220216606498195,,,3.7889535374111603,-0.041033300512935966,,,,,,,,,189.4,4.208888888888889,193,4.288888888888889,,,,,,,,,,,,,,,,,,,"Josh Lueke","5722",518961
"Randy Choate",,3,2,,4,80,0,,,,45,192,43,21,20,4,19,4,2,39,7.8,3.8,2.0526315789473686,0.8,0.203125,0.09895833333333333,0.10416666666666667,0.25146198830409355,1.3777777777777778,0.3023255813953488,0.7269503546099291,,,3.900064648522271,-0.041033300512935966,,,,,,,,,187,4.155555555555556,188,4.177777777777778,,,,,,,,,,,,,,,,,,,"Randy Choate","813",329092
"Justin Duchscherer","BAL",3,2,,4,8,8,,,,45,189,44,21,20,5,14,0,2,31,6.2,2.8,2.2142857142857144,1,0.164021164021164,0.07407407407407407,0.08994708994708994,0.2543352601156069,1.288888888888889,0.2826086956521739,0.7254901960784313,,,4.211175759633383,-0.041033300512935966,,,,,,,,,171.1,3.802222222222222,174,3.8666666666666667,,,,,,,,,,,,,,,,,,,"Justin Duchscherer","910",407113
"Billy Wagner","ATL",4,1,,2.3841060004178485,48,0,,,,45.29999923706055,184,32,13,12,4,16,1,2,62,12.317881002158883,3.178808000557131,3.875,0.7947020001392827,0.33695652173913043,0.08695652173913043,0.25,0.1927710843373494,1.059602666852377,0.27722772277227725,0.8254716981132075,,,2.680491426230408,-0.041306855154001676,,,,,,,,,272.8199943542481,6.022516533091911,244.49999618530273,5.397351000069642,,,,,,,,,,,,,,,,,,,"Billy Wagner","578",123790
"Leyson Septimo","ARI",1,3,,6.357616001114262,41,0,,,,45.29999923706055,233,45,34,32,5,54,1,3,42,8.34437100146247,10.728477001880318,0.7777777777777778,0.9933775001741034,0.18025751072961374,0.2317596566523605,-0.05150214592274677,0.2556818181818182,2.1854305003830277,0.3053435114503817,0.7065217391304348,,,6.433250871332577,-0.041306855154001676,,,,,,,,,69.71999435424806,1.5390727489727898,74.49999618530273,1.6445915549674728,,,,,,,,,,,,,,,,,,,"Leyson Septimo","341",465015
"Zach Braddock","MIL",3,1,,3.3479211694910034,43,0,,,,45.70000076293945,195,37,18,17,5,21,0,3,56,11.028446205382128,4.135667327018298,2.6666666666666665,0.9846826969091186,0.28717948717948716,0.1076923076923077,0.17948717948717946,0.21637426900584794,1.2691465871273084,0.2882882882882883,0.7843137254901961,,,3.624888369027337,-0.041671596994379945,,,,,,,,,220.480005645752,4.824507701639928,203.50000381469727,4.452954057272712,,,,,,,,,,,,,,,,,,,"Zach Braddock","4553",488722
"Diego Moreno","PIT",2,2,,4.135667327018298,31,0,,,,45.70000076293945,196,43,22,21,6,18,1,3,42,8.271334654036597,3.544857708872827,2.3333333333333335,1.1816192362909423,0.21428571428571427,0.09183673469387756,0.12244897959183672,0.24571428571428572,1.334792100254583,0.2890625,0.7414448669201521,,,4.325107175718266,-0.041671596994379945,,,,,,,,,173.58000564575195,3.798249513083535,171.50000381469727,3.7527352505817833,,,,,,,,,,,,,,,,,,,"Diego Moreno","6238",514981
"Adam Reifer","STL",3,4,,4.923413484545593,50,0,,,,45.70000076293945,209,48,27,25,4,27,1,3,33,6.498905799600183,5.31728656330924,1.2222222222222223,0.7877461575272949,0.15789473684210525,0.1291866028708134,0.02870813397129185,0.2681564245810056,1.6411378281818645,0.3076923076923077,0.6916426512968299,,,4.740862092191005,-0.041671596994379945,,,,,,,,,140.18000564575198,3.0673961335998783,152.50000381469727,3.336980334109044,,,,,,,,,,,,,,,,,,,"Adam Reifer","sa389398",519179
"Jeremy Accardo","BAL",2,3,,5.31728656330924,46,0,,,,45.70000076293945,209,56,29,27,5,19,2,3,25,4.923413484545593,3.7417942482546507,1.3157894736842106,0.9846826969091186,0.11961722488038277,0.09090909090909091,0.028708133971291863,0.2994652406417112,1.6411378281818645,0.3227848101265823,0.6764705882352942,,,4.850271280736463,-0.041671596994379945,,,,,,,,,115.08000564575198,2.5181620071016813,147.50000381469727,3.2275711455635863,,,,,,,,,,,,,,,,,,,"Jeremy Accardo","6428",435618
"Sammy Gervacio","HOU",2,2,,4.304347826086956,40,0,,,,46,203,44,24,22,6,23,2,2,49,9.58695652173913,4.5,2.130434782608696,1.173913043478261,0.2413793103448276,0.11330049261083744,0.12807881773399016,0.24719101123595505,1.4565217391304348,0.3064516129032258,0.7337883959044369,,,4.273494600213093,-0.041945151635445654,,,,,,,,,175.20000000000002,3.8086956521739133,175,3.8043478260869565,,,,,,,,,,,,,,,,,,,"Sammy Gervacio","5127",463645
"Bob Howry","CHC",3,3,,4.695652173913044,47,0,,,,46,200,49,26,24,6,15,3,1,32,6.260869565217392,2.9347826086956523,2.1333333333333333,1.173913043478261,0.16,0.075,0.085,0.266304347826087,1.391304347826087,0.2925170068027211,0.6834532374100719,,,4.4256685132565705,-0.041945151635445654,,,,,,,,,155.20000000000002,3.3739130434782614,168,3.652173913043478,,,,,,,,,,,,,,,,,,,"Bob Howry","237",133982
"Pedro Strop","TEX",3,3,,4.695652173913044,43,0,,,,46,208,46,26,24,5,27,1,2,41,8.021739130434783,5.282608695652174,1.5185185185185186,0.9782608695652174,0.1971153846153846,0.12980769230769232,0.06730769230769229,0.2569832402234637,1.5869565217391304,0.30597014925373134,0.7121212121212122,,,4.599581556734831,-0.041945151635445654,,,,,,,,,154.3,3.354347826086957,160,3.4782608695652173,,,,,,,,,,,,,,,,,,,"Pedro Strop","4070",467008
"Trevor Hoffman","MIL",4,3,,4.276457953837548,50,0,,,,46.29999923706055,199,45,24,22,5,17,2,0,36,6.997840288097806,3.304535691601742,2.1176470588235294,0.9719222622358065,0.18090452261306533,0.08542713567839195,0.09547738693467338,0.24725274725274726,1.3390928946360001,0.28169014084507044,0.6909090909090909,,,4.028166416041726,-0.042218706276511364,,,,,,,,,185.11999435424804,3.9982720821746773,187.49999618530273,4.049676010258323,,,,,,,,,,,,,,,,,,,"Trevor Hoffman","1035",116034
"Ron Mahay","LAD",2,1,,4.276457953837548,49,0,,,,46.29999923706055,199,47,24,22,6,16,1,1,37,7.192224740544968,3.1101512391545807,2.3125,1.1663067146829678,0.18592964824120603,0.08040201005025126,0.10552763819095477,0.25824175824175827,1.360691167130129,0.29285714285714287,0.7142857142857143,,,4.265747413477146,-0.042218706276511364,,,,,,,,,169.61999435424804,3.663498858515677,176.49999618530273,3.8120950128229034,,,,,,,,,,,,,,,,,,,"Ron Mahay","290",118158
"Mike Zagurski","PHI",2,2,,4.665226858731871,47,0,,,,46.29999923706055,210,44,26,24,6,29,1,3,47,9.13606926501658,5.637149120967678,1.6206896551724137,1.1663067146829678,0.22380952380952382,0.1380952380952381,0.08571428571428572,0.24719101123595505,1.5766738920714194,0.30158730158730157,0.7275541795665635,,,4.805704225830372,-0.042218706276511364,,,,,,,,,152.41999435424802,3.2920085716166576,151.49999618530273,3.2721382004696773,,,,,,,,,,,,,,,,,,,"Mike Zagurski","9683",489448
"Fu-Te Ni","DET",1,1,,5.248380216073355,44,0,,,,46.29999923706055,212,49,29,27,6,24,4,3,37,7.192224740544968,4.665226858731871,1.5416666666666667,1.1663067146829678,0.17452830188679244,0.11320754716981132,0.06132075471698112,0.2648648648648649,1.5766738920714194,0.3006993006993007,0.6811145510835914,,,4.9136955883010165,-0.042218706276511364,,,,,,,,,134.41999435424802,2.903239666722335,146.49999618530273,3.164146837999032,,,,,,,,,,,,,,,,,,,"Fu-Te Ni","4199",547820
"Brian Moran","SEA",3,3,,4.047109141591023,31,0,,,,46.70000076293945,200,47,22,21,4,15,1,2,33,6.359742936785893,2.890792243993588,2.2,0.7708779317316234,0.165,0.075,0.09000000000000001,0.2568306010928962,1.3276231046489069,0.2925170068027211,0.7092198581560284,,,3.8701336339131065,-0.04258344811688963,,,,,,,,,189.18000564575198,4.050963652143725,196.50000381469727,4.207708792386943,,,,,,,,,,,,,,,,,,,"Brian Moran","9646",572383
"Joe Beimel","PIT",2,3,,4.239828624523929,68,0,,,,46.70000076293945,205,50,24,22,4,18,4,1,27,5.203426039188458,3.4689506927923053,1.5,0.7708779317316234,0.13170731707317074,0.08780487804878048,0.043902439024390255,0.26881720430107525,1.456102759937511,0.2948717948717949,0.7051282051282052,,,4.255572599778918,-0.04258344811688963,,,,,,,,,163.38000564575196,3.4985011344027286,178.50000381469727,3.822269826521131,,,,,,,,,,,,,,,,,,,"Joe Beimel","979",346847
"Joe Nelson","SEA",2,3,,4.432548107456834,44,0,,,,46.70000076293945,211,44,25,23,5,29,2,2,43,8.286937766114951,5.588865005054269,1.4827586206896552,0.9635974146645292,0.2037914691943128,0.13744075829383887,0.06635071090047392,0.24444444444444444,1.5631691393446807,0.2932330827067669,0.7272727272727273,,,4.619598289763296,-0.04258344811688963,,,,,,,,,162.68000564575195,3.483511841285724,161.50000381469727,3.458244136536753,,,,,,,,,,,,,,,,,,,"Joe Nelson","108",406874
"Mark Lowe","TEX",3,3,,4.404255319148936,44,0,,,,47,205,48,25,23,6,19,1,1,40,7.659574468085107,3.6382978723404253,2.1052631578947367,1.148936170212766,0.1951219512195122,0.09268292682926829,0.10243902439024391,0.2594594594594595,1.425531914893617,0.3,0.7167235494880546,,,4.311884979491539,-0.04285700275795534,,,,,,,,,169.2,3.5999999999999996,177,3.765957446808511,,,,,,,,,,,,,,,,,,,"Mark Lowe","7416",450275
"Tim Byrdak","NYM",1,2,,4.37632142365472,63,0,,,,47.29999923706055,209,43,25,23,5,26,0,1,40,7.610993780269079,4.947145957174901,1.5384615384615385,0.9513742225336349,0.19138755980861244,0.12440191387559808,0.06698564593301436,0.23626373626373626,1.4587738078849068,0.2753623188405797,0.7096774193548387,,,4.473191286016046,-0.04313055739902105,,,,,,,,,175.71999435424806,3.715010511386388,170.49999618530273,3.6046511402840022,,,,,,,,,,,,,,,,,,,"Tim Byrdak","1995",136263
"Justin James","MIL",2,3,,4.947145957174901,31,2,,,,47.29999923706055,212,49,28,26,6,24,1,2,35,6.659619557735444,4.566596268161447,1.4583333333333333,1.1416490670403618,0.1650943396226415,0.11320754716981132,0.05188679245283018,0.26344086021505375,1.543340405443452,0.2945205479452055,0.6965944272445821,,,4.896024273808774,-0.04313055739902105,,,,,,,,,140.81999435424805,2.97716694768808,150.49999618530273,3.1818181524912754,,,,,,,,,,,,,,,,,,,"Justin James","6140",448241
"Javy Guerra","LAD",2,3,,4.947145957174901,37,0,,,,47.29999923706055,226,47,28,26,3,38,2,4,37,7.040169246748898,7.230444091255625,0.9736842105263158,0.5708245335201809,0.16371681415929204,0.168141592920354,-0.004424778761061954,0.2554347826086957,1.797040198119088,0.3013698630136986,0.7054455445544555,,,5.0017325207569545,-0.04313055739902105,,,,,,,,,138.9199943542481,2.9369978138477717,145.49999618530273,3.076109905543094,,,,,,,,,,,,,,,,,,,"Javy Guerra","7407",457915
"Taylor Tankersley","NYM",3,3,,4.756871112668175,63,0,,,,47.29999923706055,210,46,27,25,7,24,2,2,38,7.230444091255625,4.566596268161447,1.5833333333333333,1.331923911547089,0.18095238095238095,0.11428571428571428,0.06666666666666667,0.25,1.4799154572745432,0.2785714285714286,0.7142857142857143,,,5.044015819536227,-0.04313055739902105,,,,,,,,,142.31999435424802,3.0088794217725336,143.49999618530273,3.0338266067638213,,,,,,,,,,,,,,,,,,,"Taylor Tankersley","8249",452237
"Josh Fogg","PHI",2,3,,5.517970490695082,14,7,,,,47.29999923706055,213,54,31,29,8,19,1,3,26,4.947145957174901,3.6152220456278124,1.368421052631579,1.5221987560538157,0.12206572769953052,0.0892018779342723,0.03286384976525822,0.28272251308900526,1.543340405443452,0.2911392405063291,0.6796116504854369,,,5.572557054277135,-0.04313055739902105,,,,,,,,,97.21999435424806,2.055391034299936,118.49999618530273,2.505285372022913,,,,,,,,,,,,,,,,,,,"Josh Fogg","989",150319
"Cory Wade","TBR",2,2,,4.528301814364358,38,1,,,,47.70000076293945,204,49,26,24,6,14,2,3,34,6.4150942370161745,2.6415093917125425,2.4285714285714284,1.1320754535910895,0.16666666666666666,0.06862745098039216,0.0980392156862745,0.2620320855614973,1.3207546958562713,0.2905405405405405,0.6776556776556777,,,4.356668401652946,-0.04349529923939932,,,,,,,,,168.78000564575197,3.5383648416392837,177.50000381469727,3.7211740246471026,,,,,,,,,,,,,,,,,,,"Cory Wade","7570",460677
"Mitch Stetter","MIL",3,3,,4.71698105662954,59,0,,,,47.70000076293945,215,46,27,25,7,25,3,4,47,8.867924386463535,4.71698105662954,1.88,1.3207546958562713,0.2186046511627907,0.11627906976744186,0.10232558139534885,0.24731182795698925,1.4884695778697659,0.291044776119403,0.7189542483660131,,,4.838848687441744,-0.04349529923939932,,,,,,,,,154.28000564575194,3.2343816179898237,154.50000381469727,3.238993738858305,,,,,,,,,,,,,,,,,,,"Mitch Stetter","5579",449777
"Brian Stokes","TOR",1,2,,5.471698025690266,44,0,,,,47.70000076293945,217,54,31,29,6,26,3,2,34,6.4150942370161745,4.9056602988947215,1.3076923076923077,1.1320754535910895,0.15668202764976957,0.11981566820276497,0.0368663594470046,0.2857142857142857,1.6771488201349476,0.31788079470198677,0.6843575418994414,,,5.048492289958612,-0.04349529923939932,,,,,,,,,122.78000564575197,2.574004270061689,144.50000381469727,3.029350136341437,,,,,,,,,,,,,,,,,,,"Brian Stokes","8653",425530
"Henry Alberto Rodriguez","WSN",2,1,,3.9375,45,0,,,,48,214,43,22,21,5,27,1,3,54,10.125,5.0625,2,0.9375,0.2523364485981308,0.1261682242990654,0.1261682242990654,0.23369565217391305,1.4583333333333333,0.30158730158730157,0.7619047619047619,,,4.057009092966716,-0.04376885388046503,,,,,,,,,199.90000000000003,4.164583333333334,193,4.020833333333333,,,,,,,,,,,,,,,,,,,"Henry Alberto Rodriguez","6371",469159
"Merkin Valdez","TOR",2,3,,6.1875,39,1,,,,48,228,63,35,33,6,25,2,2,29,5.4375,4.6875,1.16,1.125,0.12719298245614036,0.10964912280701754,0.01754385964912282,0.31343283582089554,1.8333333333333333,0.3392857142857143,0.6658291457286433,,,5.182009092966716,-0.04376885388046503,,,,,,,,,94.60000000000002,1.9708333333333339,139,2.8958333333333335,,,,,,,,,,,,,,,,,,,"Merkin Valdez","7019",429723
"Casey Mulligan","STL",2,2,,3.91304354007071,44,0,,,,48.29999923706055,217,44,22,21,3,29,2,3,48,8.944099520161624,5.40372679343098,1.6551724137931034,0.5590062200101015,0.22119815668202766,0.1336405529953917,0.08755760368663595,0.23783783783783785,1.5113871874347187,0.3014705882352941,0.7412790697674418,,,3.8852958552035286,-0.04404240852153074,,,,,,,,,206.11999435424806,4.2674947745359875,202.49999618530273,4.19254657109652,,,,,,,,,,,,,,,,,,,"Casey Mulligan","sa328170",502012
"Victor Garate","WSN",1,1,,3.91304354007071,46,0,,,,48.29999923706055,212,40,22,21,5,29,2,3,50,9.31677033350169,5.40372679343098,1.7241379310344827,0.931677033350169,0.2358490566037736,0.13679245283018868,0.09905660377358491,0.2222222222222222,1.4285714511369259,0.2777777777777778,0.7580645161290323,,,4.34078240484139,-0.04404240852153074,,,,,,,,,195.91999435424805,4.056314646976616,180.49999618530273,3.73706002145866,,,,,,,,,,,,,,,,,,,"Victor Garate","4036",466339
"Brad Kilby","OAK",2,2,,4.472049760080812,38,0,,,,48.29999923706055,213,47,26,24,6,21,1,2,43,8.012422486811454,3.91304354007071,2.0476190476190474,1.118012440020203,0.20187793427230047,0.09859154929577464,0.10328638497652583,0.24736842105263157,1.4078675170624777,0.2887323943661972,0.7046979865771812,,,4.34078240484139,-0.04404240852153074,,,,,,,,,178.41999435424805,3.693995800673772,180.49999618530273,3.73706002145866,,,,,,,,,,,,,,,,,,,"Brad Kilby","9823",489020
"Dan Runzler","SFG",2,2,,4.099378946740744,50,0,,,,48.29999923706055,218,41,24,22,4,34,3,2,49,9.130434926831658,6.33540382678115,1.4411764705882353,0.7453416266801353,0.22477064220183487,0.1559633027522936,0.06880733944954129,0.22527472527472528,1.5527950555836152,0.2824427480916031,0.7348703170028817,,,4.361486338915838,-0.04404240852153074,,,,,,,,,191.61999435424804,3.967287730456488,179.49999618530273,3.7163560873842116,,,,,,,,,,,,,,,,,,,"Dan Runzler","4080",502130
"Brandon Cooney","BAL",3,4,,5.5900622001010145,46,0,,,,48.29999923706055,228,55,32,30,6,29,1,4,30,5.5900622001010145,5.40372679343098,1.0344827586206897,1.118012440020203,0.13157894736842105,0.12719298245614036,0.004385964912280688,0.28205128205128205,1.739130462253649,0.30434782608695654,0.6878306878306879,,,5.500202713010489,-0.04404240852153074,,,,,,,,,101.61999435424804,2.1039336637561497,124.49999618530273,2.5776397132895603,,,,,,,,,,,,,,,,,,,"Brandon Cooney","sa327990",452084
"Doug Slaten","WSN",3,2,,3.880903429961102,52,0,,,,48.70000076293945,210,47,22,21,4,18,1,4,39,7.207392084213475,3.326488654252373,2.1666666666666665,0.7392197009449718,0.18571428571428572,0.08571428571428572,0.1,0.25,1.3347022378173101,0.2945205479452055,0.7239057239057239,,,3.89919764957224,-0.04440715036190901,,,,,,,,,200.980005645752,4.12689943526032,203.50000381469727,4.178644776727809,,,,,,,,,,,,,,,,,,,"Doug Slaten","3107",460657
"Hideki Okajima","BOS",4,3,,4.250513280433588,55,0,,,,48.70000076293945,213,49,25,23,6,18,3,1,42,7.761806859922204,3.326488654252373,2.3333333333333335,1.1088295514174578,0.19718309859154928,0.08450704225352113,0.11267605633802816,0.25257731958762886,1.3757699989809198,0.2925170068027211,0.7167235494880546,,,4.125070335972092,-0.04440715036190901,,,,,,,,,186.18000564575195,3.8229980026496087,192.50000381469727,3.9527720903279566,,,,,,,,,,,,,,,,,,,"Hideki Okajima","7763",506606
"Bobby Cramer","OAK",3,4,,5.174537906614803,12,8,,,,48.70000076293945,222,60,30,28,4,18,1,3,31,5.7289526823235315,3.326488654252373,1.7222222222222223,0.7392197009449718,0.13963963963963963,0.08108108108108109,0.05855855855855854,0.29850746268656714,1.6016426853807721,0.3333333333333333,0.6629834254143646,,,4.166138097135702,-0.04440715036190901,,,,,,,,,154.18000564575198,3.1659138240318567,190.50000381469727,3.911704329164347,,,,,,,,,,,,,,,,,,,"Bobby Cramer","2744",450864
"Brett Cammons","ATL",2,3,,4.804928056142317,33,0,,,,48.70000076293945,219,49,28,26,6,26,2,3,39,7.207392084213475,4.804928056142317,1.5,1.1088295514174578,0.1780821917808219,0.1187214611872146,0.0593607305936073,0.2578947368421053,1.5400410436353578,0.2925170068027211,0.7057057057057058,,,4.864290036917064,-0.04440715036190901,,,,,,,,,150.18000564575195,3.083778301704637,156.50000381469727,3.213552389382985,,,,,,,,,,,,,,,,,,,"Brett Cammons","sa389800",518519
"George Sherrill","ATL",2,2,,4.040816326530612,62,0,,,,49,216,46,24,22,4,23,4,1,42,7.714285714285714,4.224489795918367,1.826086956521739,0.7346938775510204,0.19444444444444445,0.10648148148148148,0.08796296296296297,0.23958333333333334,1.4081632653061225,0.28378378378378377,0.7097791798107256,,,3.894168956912294,-0.04468070500297472,,,,,,,,,205.8,4.2,205,4.183673469387755,,,,,,,,,,,,,,,,,,,"George Sherrill","6291",430941
"Vinnie Pestano","CLE",3,3,,4.591836734693878,52,0,,,,49,220,51,27,25,4,24,1,3,40,7.346938775510204,4.408163265306122,1.6666666666666667,0.7346938775510204,0.18181818181818182,0.10909090909090909,0.07272727272727274,0.26424870466321243,1.530612244897959,0.31125827814569534,0.6916426512968299,,,4.159475079361274,-0.04468070500297472,,,,,,,,,179.80000000000004,3.6693877551020417,192,3.9183673469387754,,,,,,,,,,,,,,,,,,,"Vinnie Pestano","4782",502260
"Matt Daley","COL",2,1,,4.224489795918367,52,0,,,,49,215,47,25,23,6,21,2,3,45,8.26530612244898,3.857142857142857,2.142857142857143,1.1020408163265305,0.20930232558139536,0.09767441860465116,0.1116279069767442,0.24607329842931938,1.3877551020408163,0.2887323943661972,0.7214765100671141,,,4.302332222218416,-0.04468070500297472,,,,,,,,,184.60000000000002,3.7673469387755105,185,3.7755102040816326,,,,,,,,,,,,,,,,,,,"Matt Daley","7952",457935
"Clay Zavada","BAL",3,2,,4.040816326530612,44,0,,,,49,216,45,24,22,6,24,1,3,46,8.448979591836734,4.408163265306122,1.9166666666666667,1.1020408163265305,0.21296296296296297,0.1111111111111111,0.10185185185185186,0.23809523809523808,1.4081632653061225,0.2805755395683453,0.7425742574257426,,,4.445189365075559,-0.04468070500297472,,,,,,,,,182.8,3.7306122448979595,178,3.63265306122449,,,,,,,,,,,,,,,,,,,"Clay Zavada","8577",501826
"Horacio Ramirez","SFG",2,3,,4.959183673469388,20,7,,,,49,216,57,29,27,5,15,2,2,22,4.040816326530612,2.7551020408163267,1.4666666666666666,0.9183673469387755,0.10185185185185185,0.06944444444444445,0.0324074074074074,0.2864321608040201,1.469387755102041,0.2988505747126437,0.6615384615384615,,,4.54723018140209,-0.04468070500297472,,,,,,,,,145.9,2.977551020408163,173,3.5306122448979593,,,,,,,,,,,,,,,,,,,"Horacio Ramirez","110",400141
"Scott Rice","CHC",2,2,,4.959183673469388,45,0,,,,49,228,51,29,27,4,32,2,3,30,5.510204081632653,5.877551020408164,0.9375,0.7346938775510204,0.13157894736842105,0.14035087719298245,-0.008771929824561403,0.26424870466321243,1.6938775510204083,0.2919254658385093,0.6976744186046511,,,5.057434263034743,-0.04468070500297472,,,,,,,,,135.80000000000004,2.7714285714285722,148,3.020408163265306,,,,,,,,,,,,,,,,,,,"Scott Rice","2743",446488
"Ramon Aguero","PIT",2,5,,5.877551020408164,32,1,,,,49,234,60,34,32,5,28,1,4,29,5.326530612244898,5.142857142857143,1.0357142857142858,0.9183673469387755,0.12393162393162394,0.11965811965811966,0.004273504273504272,0.297029702970297,1.7959183673469388,0.3235294117647059,0.6666666666666666,,,5.1798832426265795,-0.04468070500297472,,,,,,,,,107.10000000000002,2.1857142857142864,142,2.8979591836734695,,,,,,,,,,,,,,,,,,,"Ramon Aguero","sa456070",501540
"Mariano Rivera","NYY",4,1,,3.286004107647509,53,0,,,,49.29999923706055,203,44,19,18,5,12,2,3,45,8.215010269118771,2.190669405098339,3.75,0.9127789187909746,0.22167487684729065,0.059113300492610835,0.16256157635467983,0.23404255319148937,1.1359026544954351,0.2805755395683453,0.7551020408163265,,,3.4835219457627042,-0.04495425964404043,,,,,,,,,233.91999435424808,4.744827545116921,226.49999618530273,4.594320480537345,,,,,,,,,,,,,,,,,,,"Mariano Rivera","844",121250
"Taylor Buchholz","NYM",3,2,,3.6511156751638985,44,0,,,,49.29999923706055,210,47,22,20,4,17,2,2,39,7.119675566569602,3.103448323889314,2.2941176470588234,0.7302231350327797,0.18571428571428572,0.08095238095238096,0.10476190476190476,0.24607329842931938,1.2981744622804972,0.28859060402684567,0.7191780821917808,,,3.706645681467165,-0.04495425964404043,,,,,,,,,214.4199943542481,4.349290013640832,215.49999618530273,4.371196744832885,,,,,,,,,,,,,,,,,,,"Taylor Buchholz","2168",430587
"Jose Ascanio","PIT",2,2,,4.381338810196678,26,5,,,,49.29999923706055,222,50,26,24,5,21,2,4,40,7.302231350327797,3.8336714589220935,1.9047619047619047,0.9127789187909746,0.18018018018018017,0.0945945945945946,0.08558558558558557,0.25380710659898476,1.4401622940924266,0.2922077922077922,0.703125,,,4.294880984688016,-0.04495425964404043,,,,,,,,,178.31999435424808,3.617038481010739,186.49999618530273,3.782961441612034,,,,,,,,,,,,,,,,,,,"Jose Ascanio","3951",448857
"Lee Hyde","ATL",4,5,,4.929006161471263,43,0,,,,49.29999923706055,225,52,29,27,5,26,2,3,36,6.572008215295018,4.746450377713068,1.3846153846153846,0.9127789187909746,0.16,0.11555555555555555,0.04444444444444445,0.2653061224489796,1.582150125904356,0.29936305732484075,0.6901408450704225,,,4.700560504150671,-0.04495425964404043,,,,,,,,,153.11999435424806,3.105882286487793,166.49999618530273,3.3772819221493786,,,,,,,,,,,,,,,,,,,"Lee Hyde","sa326720",453173
"Daniel Stange","ARI",4,4,,4.929006161471263,44,0,,,,49.29999923706055,222,53,29,27,5,23,1,3,30,5.4766735127458475,4.198783026438483,1.3043478260869565,0.9127789187909746,0.13513513513513514,0.1036036036036036,0.03153153153153154,0.27040816326530615,1.5415821739580904,0.294478527607362,0.6811594202898551,,,4.761412432070069,-0.04495425964404043,,,,,,,,,147.51999435424807,2.9922920210382498,163.49999618530273,3.31642999422998,,,,,,,,,,,,,,,,,,,"Daniel Stange","9404",458094
"Mike Koplove","SDP",1,2,,4.746450377713068,39,0,,,,49.29999923706055,224,49,28,26,6,28,1,3,36,6.572008215295018,5.111561945229458,1.2857142857142858,1.0953347025491695,0.16071428571428573,0.125,0.035714285714285726,0.2538860103626943,1.5618661499312232,0.28104575163398693,0.7142857142857143,,,5.0859560476401935,-0.04495425964404043,,,,,,,,,142.61999435424806,2.892900538769899,147.49999618530273,2.991886378659856,,,,,,,,,,,,,,,,,,,"Mike Koplove","63",407377
"John Grabow","CHC",2,2,,4.346076392036355,51,0,,,,49.70000076293945,217,47,26,24,6,25,1,1,42,7.605633686063622,4.527162908371204,1.68,1.0865190980090889,0.1935483870967742,0.1152073732718894,0.07834101382488479,0.24607329842931938,1.448692130678785,0.2827586206896552,0.7232704402515723,,,4.5265345569788344,-0.0453190014844187,,,,,,,,,177.780005645752,3.5770624329309846,176.50000381469727,3.551307869321215,,,,,,,,,,,,,,,,,,,"John Grabow","1848",346848
"Ryota Igarashi","NYM",3,3,,4.708249424706051,47,0,,,,49.70000076293945,221,50,28,26,6,25,2,2,43,7.786720202398469,4.527162908371204,1.72,1.0865190980090889,0.19457013574660634,0.11312217194570136,0.08144796380090498,0.25773195876288657,1.509054302790401,0.29931972789115646,0.7057057057057058,,,4.546655281016039,-0.0453190014844187,,,,,,,,,168.980005645752,3.4000000614035772,175.50000381469727,3.53118714528401,,,,,,,,,,,,,,,,,,,"Ryota Igarashi","10232",579799
"Sean Green","MIL",2,2,,4.32,49,0,,,,50,224,49,26,24,4,24,3,5,40,7.2,4.32,1.6666666666666667,0.72,0.17857142857142858,0.10714285714285714,0.07142857142857144,0.2512820512820513,1.46,0.29411764705882354,0.6973293768545994,,,4.257842426300049,-0.04559255612548441,,,,,,,,,186.4,3.728,191,3.82,,,,,,,,,,,,,,,,,,,"Sean Green","3001",434958
"Guillermo Mota","SFG",3,3,,4.14,51,0,,,,50,215,47,25,23,5,21,4,1,36,6.48,3.78,1.7142857142857142,0.9,0.16744186046511628,0.09767441860465116,0.06976744186046512,0.24352331606217617,1.36,0.2727272727272727,0.7049180327868853,,,4.257842426300049,-0.04559255612548441,,,,,,,,,192.3,3.846,191,3.82,,,,,,,,,,,,,,,,,,,"Guillermo Mota","1467",150407
"Alberto Castillo","BAL",2,3,,5.4,54,0,,,,50,227,57,32,30,7,21,1,4,38,6.84,3.78,1.8095238095238095,1.26,0.16740088105726872,0.09251101321585903,0.07488986784140969,0.28217821782178215,1.56,0.31446540880503143,0.6744868035190615,,,4.877842426300049,-0.04559255612548441,,,,,,,,,136.69999999999996,2.733999999999999,160,3.2,,,,,,,,,,,,,,,,,,,"Alberto Castillo","3316",441368
"Nick Hagadone","CLE",2,4,,6.48,20,14,,,,50,253,55,39,36,6,51,1,4,40,7.2,9.18,0.7843137254901961,1.08,0.15810276679841898,0.2015810276679842,-0.043478260869565216,0.2777777777777778,2.12,0.3181818181818182,0.6864754098360656,,,6.337842426300049,-0.04559255612548441,,,,,,,,,68.19999999999999,1.3639999999999999,87,1.74,,,,,,,,,,,,,,,,,,,"Nick Hagadone","1351",444935
"Juan Abreu","ATL",2,5,,6.3,41,0,,,,50,246,52,37,35,9,45,1,4,45,8.1,8.1,1,1.62,0.18292682926829268,0.18292682926829268,0,0.2639593908629442,1.94,0.296551724137931,0.7109004739336492,,,6.5578424263000485,-0.04559255612548441,,,,,,,,,67.1,1.3419999999999999,76,1.52,,,,,,,,,,,,,,,,,,,"Juan Abreu","6306",444874
"Brian Fuentes","OAK",4,2,,3.3996024372503144,55,0,,,,50.29999923706055,214,42,20,19,5,20,1,3,56,10.019880867685139,3.5785288813161205,2.8,0.8946322203290301,0.2616822429906542,0.09345794392523364,0.16822429906542052,0.2198952879581152,1.2326043924533305,0.2824427480916031,0.7636363636363637,,,3.5152181784609082,-0.04586611076655012,,,,,,,,,244.51999435424807,4.861232565866286,229.49999618530273,4.562624247839141,,,,,,,,,,,,,,,,,,,"Brian Fuentes","429",150118
"Dan Wheeler","BOS",5,3,,3.9363817694477325,65,0,,,,50.29999923706055,209,46,23,22,7,15,2,0,45,8.051689982961271,2.6838966609870907,3,1.2524851084606423,0.215311004784689,0.07177033492822966,0.14354066985645936,0.23711340206185566,1.2127236764460188,0.2727272727272727,0.7421875,,,3.992355362636391,-0.04586611076655012,,,,,,,,,211.519994354248,4.205168937624996,205.49999618530273,4.085487063663658,,,,,,,,,,,,,,,,,,,"Dan Wheeler","120",235095
"Mark Worrell","BAL",3,3,,5.009940433842569,42,0,,,,50.29999923706055,225,53,30,28,6,23,2,3,42,7.514910650763853,4.115308213513539,1.826086956521739,1.0735586643948363,0.18666666666666668,0.10222222222222223,0.08444444444444445,0.2663316582914573,1.5109344165556953,0.30718954248366015,0.6804733727810651,,,4.509253978826497,-0.04586611076655012,,,,,,,,,166.61999435424804,3.3125247888966975,179.49999618530273,3.5685884474735516,,,,,,,,,,,,,,,,,,,"Mark Worrell","8045",450312
"Roman Colon","LAD",2,4,,5.188866877908375,28,2,,,,50.29999923706055,225,57,31,29,7,18,1,3,28,5.009940433842569,3.2206759931845084,1.5555555555555556,1.2524851084606423,0.12444444444444444,0.08,0.04444444444444444,0.27941176470588236,1.4910537005483835,0.29239766081871343,0.6748466257668712,,,5.026152595016604,-0.04586611076655012,,,,,,,,,130.91999435424802,2.602783227435667,153.49999618530273,3.0516898312834453,,,,,,,,,,,,,,,,,,,"Roman Colon","2242",430638
"Jose Ortega","DET",2,4,,5.904572654171599,37,1,,,,50.29999923706055,242,56,35,33,6,37,2,3,32,5.725646210105793,6.620278430434823,0.8648648648648649,1.0735586643948363,0.1322314049586777,0.15289256198347106,-0.020661157024793375,0.27722772277227725,1.8489065886799956,0.30120481927710846,0.6855791962174942,,,5.741858371279828,-0.04586611076655012,,,,,,,,,96.81999435424805,1.9248508115863356,117.49999618530273,2.335984055020221,,,,,,,,,,,,,,,,,,,"Jose Ortega","9651",514639
"Adam Jorgenson","COL",3,2,,4.7928993361599215,57,0,,,,50.70000076293945,228,51,29,27,6,27,1,3,41,7.2781063993539545,4.7928993361599215,1.5185185185185186,1.0650887413688714,0.17982456140350878,0.11842105263157894,0.061403508771929835,0.25757575757575757,1.538461515310592,0.29411764705882354,0.7040229885057472,,,4.774094866257881,-0.046230852606928385,,,,,,,,,160.78000564575197,3.1712032194539628,167.50000381469727,3.3037475600421677,,,,,,,,,,,,,,,,,,,"Adam Jorgenson","sa454982",543375
"Tom Wilhelmsen","SEA",3,5,,4.970414126388066,10,9,,,,50.70000076293945,233,56,30,28,5,26,1,4,28,4.970414126388066,4.615384545931776,1.0769230769230769,0.8875739511407261,0.12017167381974249,0.11158798283261803,0.008583690987124457,0.27586206896551724,1.617356977634212,0.29651162790697677,0.6933333333333334,,,5.030505118809646,-0.046230852606928385,,,,,,,,,134.08000564575198,2.644576008443799,154.50000381469727,3.0473373074904027,,,,,,,,,,,,,,,,,,,"Tom Wilhelmsen","9975",452666
"Yoshinori Tateyama","TEX",4,2,,3.5294117647058822,52,0,,,,51,214,49,21,20,5,13,0,1,47,8.294117647058824,2.2941176470588234,3.6153846153846154,0.8823529411764706,0.21962616822429906,0.06074766355140187,0.15887850467289721,0.245,1.2156862745098038,0.2953020134228188,0.7454545454545455,,,3.3327443870843627,-0.046504407247994095,,,,,,,,,240.50000000000003,4.715686274509804,242,4.745098039215686,,,,,,,,,,,,,,,,,,,"Yoshinori Tateyama","11651",599899
"Zach Quate","TBR",2,1,,3.8823529411764706,39,0,,,,51,221,49,24,22,4,20,2,3,43,7.588235294117647,3.5294117647058822,2.15,0.7058823529411765,0.19457013574660634,0.09049773755656108,0.10407239819004525,0.2474747474747475,1.3529411764705883,0.29411764705882354,0.7097791798107256,,,3.764116936103971,-0.046504407247994095,,,,,,,,,217.80000000000004,4.2705882352941185,220,4.313725490196078,,,,,,,,,,,,,,,,,,,"Zach Quate","sa501754",573107
"Peter Moylan","ATL",4,3,,3.8823529411764706,66,0,,,,51,220,47,24,22,4,27,5,2,43,7.588235294117647,4.764705882352941,1.5925925925925926,0.7058823529411765,0.19545454545454546,0.12272727272727273,0.07272727272727274,0.24607329842931938,1.4509803921568627,0.2945205479452055,0.7309941520467835,,,4.117058112574559,-0.046504407247994095,,,,,,,,,205.00000000000006,4.019607843137256,202,3.9607843137254903,,,,,,,,,,,,,,,,,,,"Peter Moylan","4891",493247
"Jon Huber","LAD",3,3,,4.411764705882353,40,0,,,,51,223,55,27,25,5,17,1,3,35,6.176470588235294,3,2.0588235294117645,0.8823529411764706,0.15695067264573992,0.07623318385650224,0.08071748878923768,0.270935960591133,1.411764705882353,0.30303030303030304,0.6923076923076923,,,4.156273798849068,-0.046504407247994095,,,,,,,,,182.90000000000003,3.586274509803922,200,3.9215686274509802,,,,,,,,,,,,,,,,,,,"Jon Huber","3109",435679
"Javier López","SFG",2,2,,3.8823529411764706,63,0,,,,51,219,50,24,22,4,21,2,2,32,5.647058823529412,3.7058823529411766,1.5238095238095237,0.7058823529411765,0.1461187214611872,0.0958904109589041,0.0502283105022831,0.25510204081632654,1.392156862745098,0.2839506172839506,0.7186544342507645,,,4.195489485123579,-0.046504407247994095,,,,,,,,,193.20000000000005,3.788235294117648,198,3.8823529411764706,,,,,,,,,,,,,,,,,,,"Javier Lopez","1663",425657
"Zech Zinicola","WSN",3,4,,5.117647058823529,43,0,,,,51,236,57,31,29,5,27,1,3,35,6.176470588235294,4.764705882352941,1.2962962962962963,0.8823529411764706,0.1483050847457627,0.11440677966101695,0.033898305084745756,0.2766990291262136,1.6470588235294117,0.30952380952380953,0.6883116883116883,,,4.744509092966716,-0.046504407247994095,,,,,,,,,147.70000000000002,2.8960784313725494,170,3.3333333333333335,,,,,,,,,,,,,,,,,,,"Zech Zinicola","sa326785",453216
"Jim Johnson","BAL",3,2,,4.035087779308531,46,0,,,,51.29999923706055,218,53,25,23,5,17,2,2,37,6.491228166713724,2.982456184706306,2.176470588235294,0.8771929955018547,0.16972477064220184,0.0779816513761468,0.09174311926605505,0.2663316582914573,1.3645224374473295,0.3018867924528302,0.7142857142857143,,,4.013514954835361,-0.046777961889059805,,,,,,,,,197.31999435424808,3.8463937093335985,208.49999618530273,4.064327471464688,,,,,,,,,,,,,,,,,,,"Jim Johnson","3656",462382
"Sean White","COL",2,1,,4.736842175710015,49,0,,,,51.29999923706055,225,56,29,27,5,21,3,1,24,4.210526378408902,3.6842105811077897,1.1428571428571428,0.8771929955018547,0.10666666666666667,0.09333333333333334,0.013333333333333336,0.27586206896551724,1.5009746811920623,0.2897727272727273,0.6857142857142857,,,4.695776173559025,-0.046777961889059805,,,,,,,,,154.5199943542481,3.0120857047229457,173.49999618530273,3.3820662527410237,,,,,,,,,,,,,,,,,,,"Sean White","5564",457461
"Cedrick Bowers","OAK",2,3,,4.9122807748103865,43,0,,,,51.29999923706055,241,48,30,28,5,41,2,3,53,9.298245752319659,7.1929825631152084,1.2926829268292683,0.8771929955018547,0.21991701244813278,0.17012448132780084,0.04979253112033194,0.2436548223350254,1.7348928133258903,0.3049645390070922,0.7195121951219512,,,4.851721594981577,-0.046777961889059805,,,,,,,,,167.31999435424808,3.2615983789990284,165.49999618530273,3.2261208313184717,,,,,,,,,,,,,,,,,,,"Cedrick Bowers","3293",276914
"Garrett Parcell",,3,4,,4.9122807748103865,41,0,,,,51.29999923706055,237,54,30,28,5,29,2,4,36,6.315789567613353,5.087719373910757,1.2413793103448276,0.8771929955018547,0.1518987341772152,0.12236286919831224,0.029535864978902954,0.2647058823529412,1.6179337472589763,0.296969696969697,0.6973684210526315,,,4.871214772659396,-0.046777961889059805,,,,,,,,,150.7199943542481,2.9380116295472334,164.49999618530273,3.206627653640653,,,,,,,,,,,,,,,,,,,"Garrett Parcell","sa389661",457539
"Eric Junge","LAA",2,4,,5.789473770312241,10,8,,,,51.29999923706055,234,62,35,33,8,19,1,3,28,4.9122807748103865,3.3333333829070475,1.4736842105263157,1.4035087928029675,0.11965811965811966,0.0811965811965812,0.038461538461538464,0.29245283018867924,1.5789473919033383,0.30337078651685395,0.6590257879656161,,,5.300064681571414,-0.046777961889059805,,,,,,,,,110.0199943542481,2.1446392980600004,142.49999618530273,2.7777777447286347,,,,,,,,,,,,,,,,,,,"Eric Junge","1611",407784
"Eric O'Flaherty","ATL",3,2,,3.655705942184095,68,0,,,,51.70000076293945,218,48,22,21,4,19,3,3,43,7.48549311971029,3.3075434714998955,2.263157894736842,0.6963249413683991,0.19724770642201836,0.0871559633027523,0.11009174311926606,0.24489795918367346,1.2959380853245204,0.2913907284768212,0.7328990228013029,,,3.6967979297386258,-0.047142703729438074,,,,,,,,,228.58000564575195,4.421276639701849,226.50000381469727,4.381044496561423,,,,,,,,,,,,,,,,,,,"Eric O'Flaherty","5746",447714
"Jose Arredondo","CIN",4,3,,4.177949648210395,48,0,,,,51.70000076293945,224,46,26,24,6,28,1,1,51,8.878143002447088,4.874274589578794,1.8214285714285714,1.0444874120525987,0.22767857142857142,0.125,0.10267857142857142,0.2358974358974359,1.4313346017017092,0.2857142857142857,0.7317073170731708,,,4.296411073694747,-0.047142703729438074,,,,,,,,,204.18000564575192,3.949323068329933,195.50000381469727,3.781431352605302,,,,,,,,,,,,,,,,,,,"Jose Arredondo","4722",461766
"Chris Young","NYM",3,3,,4.526112118894594,10,10,,,,51.70000076293945,228,48,28,26,7,25,2,1,42,7.31141188436819,4.352030883552494,1.68,1.2185686473946984,0.18421052631578946,0.10964912280701754,0.07456140350877193,0.2376237623762376,1.4119922422192537,0.2645161290322581,0.7120253164556962,,,4.721942982308769,-0.047142703729438074,,,,,,,,,177.68000564575192,3.4367505420448614,173.50000381469727,3.35589944399128,,,,,,,,,,,,,,,,,,,"Chris Young","3196",432934
"Tim Wood",,2,3,,5.222437060262993,44,0,,,,51.70000076293945,235,57,32,30,6,27,2,2,32,5.5705995309471925,4.700193354236694,1.1851851851851851,1.0444874120525987,0.13617021276595745,0.1148936170212766,0.021276595744680854,0.2766990291262136,1.6247581965262645,0.3,0.6878306878306879,,,5.031420734028058,-0.047142703729438074,,,,,,,,,137.58000564575192,2.661121926798395,157.50000381469727,3.0464216922719918,,,,,,,,,,,,,,,,,,,"Tim Wood","3775",445971
"Jon Adkins","CHW",3,4,,5.744680766289292,48,0,,,,51.70000076293945,235,64,35,33,7,18,2,3,24,4.177949648210395,3.1334622361577957,1.3333333333333333,1.2185686473946984,0.10212765957446808,0.07659574468085106,0.025531914893617016,0.29906542056074764,1.5860734775613534,0.3081081081081081,0.6509695290858726,,,5.128132531440335,-0.047142703729438074,,,,,,,,,115.08000564575192,2.2259188384431456,152.50000381469727,2.949709894859714,,,,,,,,,,,,,,,,,,,"Jon Adkins","1799",424668
"Clevelan Santeliz","BOS",2,3,,5.5705995309471925,40,0,,,,51.70000076293945,243,53,34,32,6,38,1,3,40,6.96324941368399,6.615086942999791,1.0526315789473684,1.0444874120525987,0.1646090534979424,0.15637860082304528,0.00823045267489711,0.2623762376237624,1.7601547129034532,0.2974683544303797,0.6900726392251817,,,5.418267923677168,-0.047142703729438074,,,,,,,,,127.98000564575193,2.475435275766822,137.50000381469727,2.659574502622881,,,,,,,,,,,,,,,,,,,"Clevelan Santeliz","sa323420",464436
"Rafael Soriano","NYY",3,1,,3.2884615384615383,56,0,,,,52,212,42,20,19,6,16,3,1,59,10.211538461538462,2.769230769230769,3.6875,1.0384615384615385,0.2783018867924528,0.07547169811320754,0.2028301886792453,0.2153846153846154,1.1153846153846154,0.2748091603053435,0.7661290322580645,,,3.2893808878385107,-0.04741625837050378,,,,,,,,,268.8,5.1692307692307695,249,4.788461538461538,,,,,,,,,,,,,,,,,,,"Rafael Soriano","1100",400089
"Kerry Wood","CHC",5,2,,3.4615384615384617,53,0,,,,52,224,43,21,20,5,25,3,4,60,10.384615384615385,4.326923076923077,2.4,0.8653846153846154,0.26785714285714285,0.11160714285714286,0.15625,0.2205128205128205,1.3076923076923077,0.2878787878787879,0.7704918032786885,,,3.6932270416846644,-0.04741625837050378,,,,,,,,,244.5,4.701923076923077,228,4.384615384615385,,,,,,,,,,,,,,,,,,,"Kerry Wood","304",134268
"Mark Melancon","HOU",2,2,,3.980769230769231,36,0,,,,52,221,49,25,23,6,19,1,4,44,7.615384615384615,3.2884615384615383,2.3157894736842106,1.0384615384615385,0.19909502262443438,0.08597285067873303,0.11312217194570134,0.2474747474747475,1.3076923076923077,0.2866666666666667,0.7214765100671141,,,4.212457810915433,-0.04741625837050378,,,,,,,,,202.6,3.896153846153846,201,3.8653846153846154,,,,,,,,,,,,,,,,,,,"Mark Melancon","4264",453343
"Danys Baez","PHI",3,4,,4.846153846153846,51,0,,,,52,229,53,30,28,6,24,2,3,33,5.711538461538462,4.153846153846154,1.375,1.0384615384615385,0.14410480349344978,0.10480349344978165,0.03930131004366813,0.2623762376237624,1.4807692307692308,0.28484848484848485,0.685131195335277,,,4.866303964761587,-0.04741625837050378,,,,,,,,,158.2,3.042307692307692,167,3.2115384615384617,,,,,,,,,,,,,,,,,,,"Danys Baez","367",276056
"Scott Proctor","ATL",3,4,,5.019230769230769,50,0,,,,52,236,55,31,29,7,27,2,2,42,7.269230769230769,4.673076923076923,1.5555555555555556,1.2115384615384615,0.17796610169491525,0.11440677966101695,0.0635593220338983,0.26570048309178745,1.5769230769230769,0.3,0.706371191135734,,,4.8855347339923565,-0.04741625837050378,,,,,,,,,152.7,2.9365384615384613,166,3.1923076923076925,,,,,,,,,,,,,,,,,,,"Scott Proctor","1911",429984
"Mike MacDougal","LAD",2,4,,5.019230769230769,48,0,,,,52,238,55,31,29,5,31,2,3,35,6.0576923076923075,5.365384615384615,1.1290322580645162,0.8653846153846154,0.14705882352941177,0.13025210084033614,0.016806722689075626,0.2696078431372549,1.6538461538461537,0.30120481927710846,0.6962025316455697,,,4.943227041684665,-0.04741625837050378,,,,,,,,,148.3,2.851923076923077,163,3.1346153846153846,,,,,,,,,,,,,,,,,,,"Mike MacDougal","612",213680
"Russ Ortiz","LAD",2,3,,5.1923076923076925,15,8,,,,52,237,54,32,30,6,31,2,2,37,6.403846153846154,5.365384615384615,1.1935483870967742,1.0384615384615385,0.15611814345991562,0.1308016877637131,0.025316455696202528,0.2647058823529412,1.6346153846153846,0.294478527607362,0.6919060052219321,,,5.05861165706928,-0.04741625837050378,,,,,,,,,145.6,2.8,157,3.019230769230769,,,,,,,,,,,,,,,,,,,"Russ Ortiz","1124",133460
"Barry Bowden","KCR",3,5,,5.538461538461538,45,0,,,,52,243,58,34,32,7,31,1,4,35,6.0576923076923075,5.365384615384615,1.1290322580645162,1.2115384615384615,0.1440329218106996,0.12757201646090535,0.016460905349794247,0.27884615384615385,1.7115384615384615,0.30357142857142855,0.6944444444444444,,,5.5009193493769715,-0.04741625837050378,,,,,,,,,112.89999999999998,2.1711538461538455,134,2.576923076923077,,,,,,,,,,,,,,,,,,,"Barry Bowden","sa456138",544146
"John Parrish","KCR",3,4,,4.990439843353794,27,6,,,,52.29999923706055,238,57,31,29,5,28,1,2,37,6.367112903589324,4.8183557108243535,1.3214285714285714,0.860420662647206,0.15546218487394958,0.11764705882352941,0.03781512605042017,0.27403846153846156,1.6252390294447223,0.30952380952380953,0.6923076923076923,,,4.626599619065019,-0.04768981301156949,,,,,,,,,161.31999435424805,3.084512365345014,180.49999618530273,3.451242807235029,,,,,,,,,,,,,,,,,,,"John Parrish","160",332292
"Jim Hoey","MIN",3,4,,5.162523975883236,47,0,,,,52.29999923706055,247,53,32,30,4,40,2,3,45,7.743785963824854,6.883365301177648,1.125,0.6883365301177647,0.18218623481781376,0.16194331983805668,0.020242914979757082,0.25980392156862747,1.7782027028042255,0.31210191082802546,0.6979405034324943,,,4.817804210764399,-0.04768981301156949,,,,,,,,,161.01999435424807,3.078776227594033,170.49999618530273,3.2600382155356504,,,,,,,,,,,,,,,,,,,"Jim Hoey","6007",460597
"Brandon Medders","SFG",2,2,,4.8183557108243535,44,0,,,,52.29999923706055,236,54,30,28,7,26,3,2,39,6.711281168648206,4.4741874457654704,1.5,1.2045889277060884,0.1652542372881356,0.11016949152542373,0.05508474576271187,0.25961538461538464,1.5296367335950327,0.2865853658536585,0.7122507122507122,,,4.932526965784026,-0.04768981301156949,,,,,,,,,154.51999435424804,2.954493242989436,164.49999618530273,3.1453154605160227,,,,,,,,,,,,,,,,,,,"Brandon Medders","8604",430665
"Gilbert De La Vara","CIN",2,4,,5.506692240942118,29,2,,,,52.29999923706055,244,63,34,32,6,26,2,3,28,4.8183557108243535,4.4741874457654704,1.0769230769230769,1.032504795176647,0.11475409836065574,0.10655737704918032,0.008196721311475419,0.2930232558139535,1.701720866124474,0.3114754098360656,0.6823821339950372,,,5.161972475823282,-0.04768981301156949,,,,,,,,,118.41999435424805,2.2642446669546774,152.49999618530273,2.915869950476768,,,,,,,,,,,,,,,,,,,"Gilbert De La Vara","sa288778",452771
"Brad Lidge","PHI",2,2,,3.927893681276185,57,2,,,,52.70000076293945,231,45,25,23,6,29,3,2,60,10.246679168546569,4.952561598130842,2.0689655172413794,1.0246679168546569,0.2597402597402597,0.12554112554112554,0.13419913419913418,0.225,1.4041745527267522,0.2867647058823529,0.7469512195121952,,,4.045584347773891,-0.04805455485194776,,,,,,,,,226.18000564575198,4.291840652207541,212.50000381469727,4.032258078526158,,,,,,,,,,,,,,,,,,,"Brad Lidge","563",400058
"Donnie Joseph","CIN",5,4,,3.927893681276185,50,0,,,,52.70000076293945,231,46,25,23,5,31,2,2,56,9.563567223976799,5.294117570415727,1.8064516129032258,0.8538899307122141,0.24242424242424243,0.1341991341991342,0.10822510822510822,0.23232323232323232,1.4611005481075663,0.2949640287769784,0.7428571428571429,,,4.0645596795674965,-0.04805455485194776,,,,,,,,,221.88000564575196,4.210246725495041,211.50000381469727,4.0132827467325525,,,,,,,,,,,,,,,,,,,"Donnie Joseph","6491",548348
"Santiago Casilla","SFG",3,2,,3.757115695133742,50,0,,,,52.70000076293945,228,49,24,22,5,24,3,3,47,8.026565348694813,4.098671667418627,1.9583333333333333,0.8538899307122141,0.20614035087719298,0.10526315789473684,0.10087719298245615,0.24378109452736318,1.3851992209331474,0.2913907284768212,0.7424242424242424,,,4.0645596795674965,-0.04805455485194776,,,,,,,,,214.08000564575198,4.062239137504924,211.50000381469727,4.0132827467325525,,,,,,,,,,,,,,,,,,,"Santiago Casilla","2873",433586
"Kam Mickolio","ARI",3,4,,5.1233395842732845,46,0,,,,52.70000076293945,240,55,32,30,7,30,2,2,47,8.026565348694813,5.1233395842732845,1.5666666666666667,1.1954459029970999,0.19583333333333333,0.125,0.07083333333333333,0.2644230769230769,1.6129032024564045,0.3076923076923077,0.7047872340425532,,,4.842548283105291,-0.04805455485194776,,,,,,,,,158.88000564575196,3.0148008224979406,170.50000381469727,3.2352941431947575,,,,,,,,,,,,,,,,,,,"Kam Mickolio","9513",501874
"Anthony Ortega","LAA",2,5,,6.66034145955527,13,8,,,,52.70000076293945,249,67,42,39,10,27,1,3,26,4.440227639703513,4.611005625845956,0.9629629629629629,1.7077798614244282,0.10441767068273092,0.10843373493975904,-0.004016064257028121,0.3059360730593607,1.7836811885988473,0.3081081081081081,0.65,,,6.265698167625649,-0.04805455485194776,,,,,,,,,54.78000564575197,1.0394687827836855,95.50000381469727,1.8121442586744008,,,,,,,,,,,,,,,,,,,"Anthony Ortega","6745",471162
"Luis Ayala","NYY",5,5,,5.264150943396227,48,0,,,,53,236,61,33,31,7,20,2,3,34,5.773584905660377,3.3962264150943398,1.7,1.1886792452830188,0.1440677966101695,0.0847457627118644,0.05932203389830509,0.2863849765258216,1.528301886792453,0.3103448275862069,0.6741573033707865,,,4.813691482903822,-0.04832810949301347,,,,,,,,,146.50000000000003,2.764150943396227,173,3.2641509433962264,,,,,,,,,,,,,,,,,,,"Luis Ayala","1650",425646
"Juan Rincon","LAD",3,4,,5.09433962264151,49,0,,,,53,244,53,32,30,6,34,2,3,45,7.6415094339622645,5.773584905660377,1.3235294117647058,1.0188679245283019,0.18442622950819673,0.13934426229508196,0.045081967213114776,0.2560386473429952,1.6415094339622642,0.2974683544303797,0.6997455470737914,,,4.945766954601936,-0.04832810949301347,,,,,,,,,159.60000000000002,3.0113207547169814,166,3.1320754716981134,,,,,,,,,,,,,,,,,,,"Juan Rincon","752",346799
"Jose Ceda",,3,3,,4.9245283018867925,35,5,,,,53,249,46,31,29,7,45,2,4,54,9.169811320754716,7.6415094339622645,1.2,1.1886792452830188,0.21686746987951808,0.18072289156626506,0.03614457831325302,0.23,1.7169811320754718,0.2765957446808511,0.7389162561576355,,,5.530672614979294,-0.04832810949301347,,,,,,,,,147.5,2.7830188679245285,135,2.547169811320755,,,,,,,,,,,,,,,,,,,"Jose Ceda","2377",469167
"Joe Thatcher","SDP",3,2,,3.3771107425240343,68,0,,,,53.29999923706055,224,47,21,20,4,19,4,2,58,9.7936211533197,3.2082552053978324,3.0526315789473686,0.6754221485048069,0.25892857142857145,0.08482142857142858,0.17410714285714288,0.2315270935960591,1.238273938925479,0.3006993006993007,0.7450331125827815,,,3.0590806999526934,-0.04860166413407918,,,,,,,,,276.01999435424807,5.17861160047308,267.49999618530273,5.018761726347356,,,,,,,,,,,,,,,,,,,"Joe Thatcher","4620",491159
"Sergio Santos","CHW",3,1,,3.7148218167764377,56,0,,,,53.29999923706055,235,50,24,22,5,24,3,3,57,9.624765616193498,4.052532891028841,2.375,0.8442776856310086,0.2425531914893617,0.10212765957446808,0.1404255319148936,0.2403846153846154,1.3883677497043252,0.30405405405405406,0.746268656716418,,,3.678217669415433,-0.04860166413407918,,,,,,,,,235.91999435424805,4.426266373944114,234.49999618530273,4.3996247568846165,,,,,,,,,,,,,,,,,,,"Sergio Santos","4734",435045
"Scott Linebrink","ATL",3,3,,4.052532891028841,51,0,,,,53.29999923706055,226,52,26,24,7,16,2,2,49,8.273921319183884,2.7016885940192275,3.0625,1.181988759883412,0.2168141592920354,0.07079646017699115,0.14601769911504425,0.25,1.2757973916201908,0.2922077922077922,0.7216494845360825,,,3.959643564625769,-0.04860166413407918,,,,,,,,,217.119994354248,4.073545918613825,219.49999618530273,4.11819886167428,,,,,,,,,,,,,,,,,,,"Scott Linebrink","564",276530
"Jared Burton","CIN",3,2,,4.221388428155043,49,0,,,,53.29999923706055,234,50,27,25,6,25,3,3,47,7.93621024493148,4.221388428155043,1.88,1.0131332227572103,0.20085470085470086,0.10683760683760683,0.09401709401709403,0.24271844660194175,1.4071294760516808,0.2838709677419355,0.7207207207207208,,,4.353639817920239,-0.04860166413407918,,,,,,,,,200.61999435424804,3.7639774338824563,198.49999618530273,3.724202608379809,,,,,,,,,,,,,,,,,,,"Jared Burton","8346",454537
"Matt Gorgen","TBR",3,3,,4.559099502407446,45,0,,,,53.29999923706055,241,51,29,27,5,33,1,4,44,7.4296436335528755,5.572232725164657,1.3333333333333333,0.8442776856310086,0.1825726141078838,0.13692946058091288,0.04564315352697093,0.25,1.5759850131778825,0.2929936305732484,0.7142857142857143,,,4.7288743448673545,-0.04860166413407918,,,,,,,,,177.31999435424805,3.326829209989068,178.49999618530273,3.3489680814326945,,,,,,,,,,,,,,,,,,,"Matt Gorgen","sa454749",543236
"Waldis Joaquin","SFG",3,3,,4.559099502407446,39,3,,,,53.29999923706055,246,52,29,27,5,34,1,4,42,7.091932559300472,5.741088262290858,1.2352941176470589,0.8442776856310086,0.17073170731707318,0.13821138211382114,0.03252032520325204,0.25,1.6135084658725942,0.2883435582822086,0.7215189873417721,,,4.860206429298845,-0.04860166413407918,,,,,,,,,167.71999435424803,3.1467166370544524,171.49999618530273,3.2176359970012043,,,,,,,,,,,,,,,,,,,"Waldis Joaquin","6580",471183
"Bobby Jenks","BOS",3,2,,3.6871507856038583,53,0,,,,53.70000076293945,224,52,24,22,5,16,2,1,50,8.379888149099678,2.681564207711897,3.125,0.8379888149099678,0.22321428571428573,0.07142857142857142,0.1517857142857143,0.25120772946859904,1.2662942091972846,0.3051948051948052,0.7213114754098361,,,3.375794004934704,-0.04896640597445745,,,,,,,,,249.68000564575195,4.649534489728839,252.50000381469727,4.702048421365345,,,,,,,,,,,,,,,,,,,"Bobby Jenks","8645",408057
"Kenley Jansen","LAD",3,2,,3.519553022621865,48,0,,,,53.70000076293945,238,42,22,21,4,36,1,3,68,11.396647882775563,6.033519467351768,1.8888888888888888,0.6703910519279742,0.2857142857142857,0.15126050420168066,0.13445378151260504,0.21105527638190955,1.4525139458439442,0.29457364341085274,0.7734806629834253,,,3.6923675572340255,-0.04896640597445745,,,,,,,,,257.98000564575193,4.804096871145566,235.50000381469727,4.385474869066024,,,,,,,,,,,,,,,,,,,"Kenley Jansen","3096",445276
"Joe Smith","CLE",3,2,,4.189944074549839,66,0,,,,53.70000076293945,235,49,27,25,5,29,2,2,43,7.206703808225723,4.860335126477813,1.4827586206896552,0.8379888149099678,0.1829787234042553,0.12340425531914893,0.05957446808510637,0.24019607843137256,1.4525139458439442,0.27848101265822783,0.7183098591549296,,,4.418624530155998,-0.04896640597445745,,,,,,,,,201.48000564575196,3.7519553590919403,196.50000381469727,3.6592178961440514,,,,,,,,,,,,,,,,,,,"Joe Smith","3281",501925
"Jeff Bennett","MIL",3,4,,5.195530652441801,41,5,,,,53.70000076293945,247,58,33,31,5,33,3,4,37,6.201117230333762,5.5307261784057875,1.121212121212121,0.8379888149099678,0.14979757085020243,0.13360323886639677,0.016194331983805654,0.2761904761904762,1.6945996034846016,0.31176470588235294,0.6904761904761905,,,4.9772837400959755,-0.04896640597445745,,,,,,,,,148.08000564575195,2.7575419653987785,166.50000381469727,3.100558686204073,,,,,,,,,,,,,,,,,,,"Jeff Bennett","1903",430831
"Steve Garrison","NYY",2,4,,6.033519467351768,13,10,,,,53.70000076293945,246,65,39,36,10,22,2,3,31,5.195530652441801,3.6871507856038583,1.4090909090909092,1.6759776298199356,0.12601626016260162,0.08943089430894309,0.03658536585365853,0.29411764705882354,1.6201117088259378,0.3021978021978022,0.6575342465753424,,,5.7407846603472805,-0.04896640597445745,,,,,,,,,92.38000564575196,1.720298032276885,125.50000381469727,2.337057765952769,,,,,,,,,,,,,,,,,,,"Steve Garrison","9869",477237
"David Aardsma","SEA",4,3,,3.5,56,0,,,,54,232,43,22,21,5,29,4,2,60,10,4.833333333333333,2.0689655172413794,0.8333333333333334,0.25862068965517243,0.125,0.13362068965517243,0.21393034825870647,1.3333333333333333,0.2753623188405797,0.7692307692307693,,,3.7815461300037527,-0.04923996061552316,,,,,,,,,253.3,4.690740740740741,232,4.296296296296297,,,,,,,,,,,,,,,,,,,"David Aardsma","1902",430911
"Clay Rapada","BAL",2,2,,4.166666666666667,53,0,,,,54,239,54,27,25,4,25,3,3,45,7.5,4.166666666666667,1.8,0.6666666666666666,0.18828451882845187,0.10460251046025104,0.08368200836820083,0.2559241706161137,1.462962962962963,0.3048780487804878,0.7084468664850135,,,3.929694278151901,-0.04923996061552316,,,,,,,,,216.00000000000003,4.000000000000001,224,4.148148148148148,,,,,,,,,,,,,,,,,,,"Clay Rapada","4831",449060
"Justin Miller","SEA",1,1,,4,45,0,,,,54,236,49,26,24,6,26,2,3,49,8.166666666666666,4.333333333333333,1.8846153846153846,1,0.2076271186440678,0.11016949152542373,0.09745762711864407,0.23671497584541062,1.3888888888888888,0.2792207792207792,0.7357357357357358,,,4.3185831670407895,-0.04923996061552316,,,,,,,,,209.4,3.8777777777777778,203,3.759259259259259,,,,,,,,,,,,,,,,,,,"Justin Miller","1313",277405
"Alex Hinshaw","SFG",2,2,,4.333333333333333,54,0,,,,54,247,47,28,26,5,40,2,3,57,9.5,6.666666666666667,1.425,0.8333333333333334,0.23076923076923078,0.16194331983805668,0.0688259109311741,0.23039215686274508,1.6111111111111112,0.2916666666666667,0.7375,,,4.559323907781531,-0.04923996061552316,,,,,,,,,200.90000000000003,3.720370370370371,190,3.5185185185185186,,,,,,,,,,,,,,,,,,,"Alex Hinshaw","3941",450527
"Mike Gosling","CLE",3,4,,5.5,33,2,,,,54,249,65,35,33,6,24,2,3,37,6.166666666666667,4,1.5416666666666667,1,0.14859437751004015,0.0963855421686747,0.052208835341365445,0.2927927927927928,1.6481481481481481,0.3259668508287293,0.6699751861042184,,,4.651916500374123,-0.04923996061552316,,,,,,,,,149.8,2.774074074074074,185,3.425925925925926,,,,,,,,,,,,,,,,,,,"Mike Gosling","2204",428420
"Luis Lebron","BAL",3,4,,5.166666666666667,55,0,,,,54,253,47,33,31,8,46,2,3,60,10,7.666666666666667,1.3043478260869565,1.3333333333333333,0.23715415019762845,0.18181818181818182,0.055335968379446626,0.23039215686274508,1.7222222222222223,0.2826086956521739,0.7334963325183375,,,5.5037683522259755,-0.04923996061552316,,,,,,,,,152.00000000000006,2.8148148148148158,139,2.574074074074074,,,,,,,,,,,,,,,,,,,"Luis Lebron","sa294749",489759
"Sergio Romo","SFG",5,2,,2.817679597600717,59,0,,,,54.29999923706055,224,44,18,17,5,16,1,3,60,9.944751520943706,2.6519337389183217,3.75,0.8287292934119755,0.26785714285714285,0.07142857142857142,0.19642857142857142,0.2146341463414634,1.1049723912159675,0.2746478873239437,0.7924528301886793,,,3.1146748393405814,-0.04951351525658887,,,,,,,,,288.91999435424816,5.320810283861957,269.49999618530273,4.963167586959468,,,,,,,,,,,,,,,,,,,"Sergio Romo","9817",489265
"Kyle Farnsworth","TBR",3,2,,3.6464088910126926,53,0,,,,54.29999923706055,231,49,24,22,6,19,2,2,58,9.613259803578917,3.1491713149655074,3.0526315789473686,0.9944751520943707,0.2510822510822511,0.08225108225108226,0.16883116883116883,0.23333333333333334,1.2523020433780965,0.2905405405405405,0.7382550335570469,,,3.5382475893067022,-0.04951351525658887,,,,,,,,,253.61999435424812,4.670718193696562,246.49999618530273,4.539594836993347,,,,,,,,,,,,,,,,,,,"Kyle Farnsworth","278",150035
"Boone Logan","NYY",3,2,,4.475138184424668,56,0,,,,54.29999923706055,237,54,29,27,6,24,4,2,49,8.12154707543736,3.9779006083774826,2.0416666666666665,0.9944751520943707,0.20675105485232068,0.10126582278481013,0.10548523206751055,0.2559241706161137,1.4364641085807577,0.3037974683544304,0.7040229885057472,,,4.145982404475484,-0.04951351525658887,,,,,,,,,207.61999435424806,3.823572693764319,213.49999618530273,3.9318600218245647,,,,,,,,,,,,,,,,,,,"Boone Logan","5525",457429
"Daniel Schlereth","DET",2,2,,4.475138184424668,50,0,,,,54.29999923706055,250,51,29,27,5,38,2,3,51,8.45303879280215,6.298342629931015,1.3421052631578947,0.8287292934119755,0.204,0.152,0.05199999999999999,0.24401913875598086,1.639042380303685,0.2967741935483871,0.7317073170731707,,,4.6616361870429355,-0.04951351525658887,,,,,,,,,186.7199943542481,3.4386739774907573,185.49999618530273,3.4162062392571135,,,,,,,,,,,,,,,,,,,"Daniel Schlereth","8739",519259
"Billy Bullock","MIN",3,4,,5.3038674778366435,48,0,,,,54.29999923706055,258,58,34,32,6,38,2,3,48,7.955801216754965,6.298342629931015,1.263157894736842,0.9944751520943707,0.18604651162790697,0.14728682170542637,0.038759689922480606,0.2672811059907834,1.767955825945548,0.3151515151515151,0.7077625570776256,,,5.011544110927992,-0.04951351525658887,,,,,,,,,150.21999435424806,2.7664824395010434,166.49999618530273,3.066298315372057,,,,,,,,,,,,,,,,,,,"Billy Bullock","sa328093",502169
"Dennis Sarfate","BAL",2,3,,4.972375760471853,47,1,,,,54.29999923706055,246,50,32,30,8,35,1,4,56,9.281768086214127,5.801105053883829,1.6,1.3259668694591609,0.22764227642276422,0.14227642276422764,0.08536585365853658,0.24154589371980675,1.5653775542226205,0.2896551724137931,0.7181571815718157,,,5.085208937009057,-0.04951351525658887,,,,,,,,,168.41999435424816,3.101657398169889,162.49999618530273,2.9926334892909927,,,,,,,,,,,,,,,,,,,"Dennis Sarfate","2174",430610
"Ysmael Carmona","LAA",3,5,,5.635359195201434,46,0,,,,54.29999923706055,265,55,36,34,6,51,1,3,42,6.961326064660595,8.45303879280215,0.8235294117647058,0.9944751520943707,0.15849056603773584,0.19245283018867926,-0.033962264150943416,0.26066350710900477,1.952117891148209,0.296969696969697,0.7172131147540984,,,5.950770643461564,-0.04951351525658887,,,,,,,,,107.01999435424807,1.9709023178255471,115.49999618530273,2.1270717828384846,,,,,,,,,,,,,,,,,,,"Ysmael Carmona","sa328824",471149
"Alberto Arias","HOU",3,3,,4.1133454636520375,35,3,,,,54.70000076293945,239,56,27,25,4,23,2,4,40,6.5813527418432605,3.7842778265598747,1.7391304347826086,0.658135274184326,0.16736401673640167,0.09623430962343096,0.0711297071129707,0.2641509433962264,1.4442412961267155,0.3058823529411765,0.7084468664850135,,,4.046763802182529,-0.04987825709696714,,,,,,,,,208.98000564575202,3.820475369853028,220.50000381469727,4.03107862411752,,,,,,,,,,,,,,,,,,,"Alberto Arias","3087",464244
"Michael Schwimer","PHI",5,4,,4.1133454636520375,45,0,,,,54.70000076293945,240,51,27,25,6,27,2,3,54,8.884826201488401,4.442413100744201,2,0.9872029112764891,0.225,0.1125,0.1125,0.24285714285714285,1.4259597607327064,0.29605263157894735,0.7327586206896552,,,4.174734549940593,-0.04987825709696714,,,,,,,,,216.380005645752,3.9557587317686944,213.50000381469727,3.9031078763594564,,,,,,,,,,,,,,,,,,,"Michael Schwimer","8103",543754
"Tony Sipp","CLE",2,2,,4.1133454636520375,58,0,,,,54.70000076293945,238,46,27,25,8,31,2,2,62,10.201096749857053,5.100548374928526,2,1.316270548368652,0.2605042016806723,0.13025210084033614,0.13025210084033614,0.22439024390243903,1.4076782253386972,0.2773722627737226,0.7598784194528876,,,4.522083722426764,-0.04987825709696714,,,,,,,,,211.780005645752,3.871663668956253,194.50000381469727,3.5557587038732845,,,,,,,,,,,,,,,,,,,"Tony Sipp","8280",448609
"Eric Wordekemper","NYY",2,3,,5.923217467658934,41,0,,,,54.70000076293945,251,64,38,36,11,25,1,3,34,5.594149830566772,4.1133454636520375,1.36,1.8098720040068965,0.13545816733067728,0.099601593625498,0.03585657370517928,0.28699551569506726,1.627056650066806,0.29444444444444445,0.6929347826086957,,,5.984606553947489,-0.04987825709696714,,,,,,,,,87.08000564575198,1.5919562053233234,114.50000381469727,2.09323587235256,,,,,,,,,,,,,,,,,,,"Eric Wordekemper","sa294707",474544
"Frank Francisco","TOR",5,3,,3.417721566139505,56,0,,,,55.29999923706055,230,46,22,21,6,19,2,1,70,11.392405220465017,3.092224274126219,3.6842105263157894,0.9764918760398585,0.30434782608695654,0.08260869565217391,0.22173913043478263,0.21904761904761905,1.1754068878257558,0.29411764705882354,0.7597173144876325,,,3.041676060520795,-0.05042536637909856,,,,,,,,,295.81999435424797,5.349367060316296,278.49999618530273,5.036166365779254,,,,,,,,,,,,,,,,,,,"Frank Francisco","1933",407911
"Scott Downs","LAA",4,2,,3.417721566139505,59,0,,,,55.29999923706055,230,51,22,21,5,17,3,3,46,7.486437716305582,2.7667269821129326,2.7058823529411766,0.8137432300332155,0.2,0.07391304347826087,0.12608695652173912,0.24285714285714285,1.2296564364946367,0.2857142857142857,0.7540983606557377,,,3.6745874616577403,-0.05042536637909856,,,,,,,,,247.11999435424806,4.468716053591462,243.49999618530273,4.403254964642309,,,,,,,,,,,,,,,,,,,"Scott Downs","773",275933
"Pedro Feliciano","NYY",5,3,,4.068716150166077,82,0,,,,55.29999923706055,239,54,27,25,5,22,5,3,50,8.137432300332154,3.580470212146148,2.272727272727273,0.8137432300332155,0.20920502092050208,0.09205020920502092,0.11715481171548116,0.2523364485981308,1.3743218996116529,0.30434782608695654,0.7101449275362319,,,3.8011697418851296,-0.05042536637909856,,,,,,,,,232.31999435424805,4.201084946824982,236.49999618530273,4.27667268441492,,,,,,,,,,,,,,,,,,,"Pedro Feliciano","1601",408230
"Winston Abreu","TBR",2,2,,3.743218858152791,50,0,,,,55.29999923706055,239,48,25,23,5,26,2,3,53,8.625678238352084,4.2314647961727205,2.0384615384615383,0.8137432300332155,0.2217573221757322,0.1087866108786611,0.11297071129707112,0.22857142857142856,1.3381555338323987,0.2792207792207792,0.7313432835820896,,,3.9096688392228915,-0.05042536637909856,,,,,,,,,241.919994354248,4.3746835025654,230.49999618530273,4.168173587077158,,,,,,,,,,,,,,,,,,,"Winston Abreu","582",275700
"Erik Bedard","SEA",3,2,,3.580470212146148,10,10,,,,55.29999923706055,236,49,24,22,6,23,0,3,54,8.788426884358726,3.743218858152791,2.347826086956522,0.9764918760398585,0.2288135593220339,0.09745762711864407,0.1313559322033898,0.23333333333333334,1.3019891680531448,0.28289473684210525,0.7547169811320754,,,3.9458352050021457,-0.05042536637909856,,,,,,,,,238.01999435424798,4.304159089295855,228.49999618530273,4.132007221297903,,,,,,,,,,,,,,,,,,,"Erik Bedard","126",407853
"Robbie Weinhardt","DET",3,2,,4.394213442179363,43,0,,,,55.29999923706055,243,57,29,27,4,24,2,4,40,6.509945840265724,3.905967504159434,1.6666666666666667,0.6509945840265724,0.1646090534979424,0.09876543209876543,0.06584362139917696,0.2651162790697674,1.4647378140597878,0.3063583815028902,0.689655172413793,,,4.090500668119161,-0.05042536637909856,,,,,,,,,207.81999435424805,3.75804696602912,220.49999618530273,3.987341758180887,,,,,,,,,,,,,,,,,,,"Robbie Weinhardt","8479",519405
"Stephen Marek","ATL",4,5,,4.71971073419265,54,0,,,,55.29999923706055,252,54,31,29,6,34,1,4,48,7.811935008318868,5.533453964225865,1.411764705882353,0.9764918760398585,0.19047619047619047,0.1349206349206349,0.05555555555555555,0.2523364485981308,1.5913200942871768,0.2962962962962963,0.7160804020100503,,,4.8138279837042415,-0.05042536637909856,,,,,,,,,177.01999435424804,3.201084933028608,180.49999618530273,3.264014442595807,,,,,,,,,,,,,,,,,,,"Stephen Marek","sa288780",447821
"Roque Mercedes","MIL",2,3,,5.207956672212579,42,0,,,,55.29999923706055,256,61,34,32,6,32,1,3,41,6.672694486272367,5.207956672212579,1.28125,0.9764918760398585,0.16015625,0.125,0.03515625,0.27601809954751133,1.681736008735312,0.3125,0.6973995271867612,,,4.904243898152377,-0.05042536637909856,,,,,,,,,153.81999435424805,2.781555089989262,175.49999618530273,3.173598528147672,,,,,,,,,,,,,,,,,,,"Roque Mercedes","sa295235",444474
"Andrew Johnston","COL",3,3,,5.207956672212579,58,0,,,,55.29999923706055,253,65,34,32,6,25,1,3,27,4.394213442179363,4.068716150166077,1.08,0.9764918760398585,0.1067193675889328,0.09881422924901186,0.007905138339920945,0.28888888888888886,1.627486460066431,0.30412371134020616,0.6862745098039216,,,5.030826178379766,-0.05042536637909856,,,,,,,,,136.41999435424805,2.4669077077097517,168.49999618530273,3.0470162479202827,,,,,,,,,,,,,,,,,,,"Andrew Johnston","sa291713",450663
"Jeff Gray","CHW",2,4,,5.858951256239151,47,0,,,,55.29999923706055,254,69,39,36,8,21,2,4,29,4.71971073419265,3.417721566139505,1.380952380952381,1.3019891680531448,0.1141732283464567,0.08267716535433071,0.031496062992125984,0.30131004366812225,1.627486460066431,0.31443298969072164,0.6472081218274112,,,5.265907555944917,-0.05042536637909856,,,,,,,,,114.41999435424802,2.069077684137957,155.49999618530273,2.811934870355132,,,,,,,,,,,,,,,,,,,"Jeff Gray","7718",462522
"Alex Periard","MIL",2,4,,5.6962026102325085,12,12,,,,55.29999923706055,257,69,37,35,7,23,2,4,21,3.417721566139505,3.743218858152791,0.9130434782608695,1.1392405220465016,0.08171206225680934,0.08949416342412451,-0.007782101167315175,0.3,1.6636528258456849,0.30392156862745096,0.6690997566909975,,,5.4286562019515605,-0.05042536637909856,,,,,,,,,104.71999435424803,1.893670810108575,146.49999618530273,2.6491862243484885,,,,,,,,,,,,,,,,,,,"Alex Periard","sa268556",461857
"R.J. Swindle","TBR",3,2,,4.039497251671601,43,0,,,,55.70000076293945,238,55,27,25,6,17,1,3,48,7.755834723209474,2.7468581311366886,2.823529411764706,0.9694793404011842,0.20168067226890757,0.07142857142857142,0.13025210084033614,0.25229357798165136,1.2926391205349124,0.29518072289156627,0.7075471698113207,,,3.831881913278748,-0.050790108219476826,,,,,,,,,231.38000564575196,4.1540395417678875,236.50000381469727,4.245960513021301,,,,,,,,,,,,,,,,,,,"R.J. Swindle","539",449881
"Jordan Norberto","ARI",3,3,,5.008976592072785,52,0,,,,55.70000076293945,259,54,33,31,6,41,2,3,53,8.563734173543795,6.624775492741426,1.2926829268292683,0.9694793404011842,0.20463320463320464,0.1583011583011583,0.04633204633204635,0.25116279069767444,1.7055655062613426,0.3037974683544304,0.7159353348729792,,,4.9449878226282555,-0.050790108219476826,,,,,,,,,171.98000564575196,3.0876122673265844,174.50000381469727,3.1328546036717935,,,,,,,,,,,,,,,,,,,"Jordan Norberto","8432",467099
"Brian Schlitter","PHI",3,4,,5.1705564821396495,49,0,,,,55.70000076293945,257,60,34,32,7,31,2,4,43,6.947935272875154,5.008976592072785,1.3870967741935485,1.1310592304680482,0.16731517509727625,0.12062256809338522,0.04669260700389104,0.2702702702702703,1.633752221787181,0.3045977011494253,0.7019704433497537,,,5.052707749339499,-0.050790108219476826,,,,,,,,,151.08000564575195,2.7123878559490886,168.50000381469727,3.0251346769605507,,,,,,,,,,,,,,,,,,,"Brian Schlitter","3599",489295
"Eric Hurley","TEX",2,4,,6.463195602674562,10,10,,,,55.70000076293945,255,67,43,40,13,24,2,2,34,5.493716262273377,3.877917361604737,1.4166666666666667,2.1005385708692326,0.13333333333333333,0.09411764705882353,0.0392156862745098,0.2925764192139738,1.633752221787181,0.29347826086956524,0.6593406593406593,,,6.29148690651879,-0.050790108219476826,,,,,,,,,68.08000564575195,1.2222622031102315,99.50000381469727,1.7863555197812597,,,,,,,,,,,,,,,,,,,"Eric Hurley","8364",457922
"Wilfredo Ledezma","TOR",2,2,,4.339285714285714,47,1,,,,56,253,54,29,27,5,31,1,3,58,9.321428571428571,4.982142857142857,1.8709677419354838,0.8035714285714286,0.22924901185770752,0.1225296442687747,0.10671936758893281,0.2465753424657534,1.5178571428571428,0.310126582278481,0.717948717948718,,,3.9885567120143346,-0.051063662860542536,,,,,,,,,226.50000000000009,4.0446428571428585,229,4.089285714285714,,,,,,,,,,,,,,,,,,,"Wilfredo Ledezma","1669",425656
"Matt Lindstrom","COL",3,3,,4.5,61,1,,,,56,245,59,30,28,6,22,2,1,41,6.589285714285714,3.5357142857142856,1.8636363636363635,0.9642857142857143,0.1673469387755102,0.08979591836734693,0.07755102040816328,0.26576576576576577,1.4464285714285714,0.2994350282485876,0.7024793388429753,,,4.238556712014335,-0.051063662860542536,,,,,,,,,200.20000000000002,3.575,215,3.8392857142857144,,,,,,,,,,,,,,,,,,,"Matt Lindstrom","4604",434637
"Pat Venditte","NYY",3,2,,4.339285714285714,42,0,,,,56,245,57,29,27,7,21,2,4,44,7.071428571428571,3.375,2.0952380952380953,1.125,0.17959183673469387,0.08571428571428572,0.09387755102040815,0.2590909090909091,1.3928571428571428,0.29239766081871343,0.7184750733137829,,,4.470699569157192,-0.051063662860542536,,,,,,,,,193.1,3.4482142857142857,202,3.607142857142857,,,,,,,,,,,,,,,,,,,"Pat Venditte","7108",519381
"Craig Whitaker","SFG",1,2,,6.107142857142857,44,1,,,,56,282,57,41,38,7,59,2,5,40,6.428571428571429,9.482142857142858,0.6779661016949152,1.125,0.14184397163120568,0.20921985815602837,-0.06737588652482268,0.26146788990825687,2.0714285714285716,0.28901734104046245,0.7062146892655367,,,6.702842426300049,-0.051063662860542536,,,,,,,,,68.1,1.2160714285714285,77,1.375,,,,,,,,,,,,,,,,,,,"Craig Whitaker","sa231134",448235
"Hung-Chih Kuo","LAD",4,1,,2.3978685937731536,49,0,,,,56.29999923706055,229,41,16,15,4,18,1,2,68,10.870337625104963,2.8774423125277844,3.7777777777777777,0.6394316250061743,0.29694323144104806,0.07860262008733625,0.2183406113537118,0.19617224880382775,1.0479573854267856,0.26618705035971224,0.8052434456928839,,,2.651554676295933,-0.051337217501608245,,,,,,,,,336.8199943542481,5.982593231236314,305.49999618530273,5.426287750004116,,,,,,,,,,,,,,,,,,,"Hung-Chih Kuo","7016",425539
"Jason Frasor","TOR",4,3,,3.836589750037046,60,0,,,,56.29999923706055,243,51,26,24,6,24,5,3,56,8.95204275008644,3.836589750037046,2.3333333333333335,0.9591474375092615,0.23045267489711935,0.09876543209876543,0.13168724279835392,0.2361111111111111,1.3321492187628632,0.28846153846153844,0.7357357357357358,,,3.912655936724777,-0.051337217501608245,,,,,,,,,241.2199943542481,4.284547027053251,234.49999618530273,4.165186489575272,,,,,,,,,,,,,,,,,,,"Jason Frasor","1906",430630
"Travis Schlichting","LAD",2,3,,4.47602137504322,36,0,,,,56.29999923706055,248,57,30,28,5,25,2,2,34,5.435168812552481,3.9964476562885896,1.36,0.799289531257718,0.13709677419354838,0.10080645161290322,0.03629032258064516,0.2579185520361991,1.456483145847397,0.2826086956521739,0.6933333333333334,,,4.4632776138134265,-0.051337217501608245,,,,,,,,,193.91999435424808,3.444404919753472,203.49999618530273,3.614564812486622,,,,,,,,,,,,,,,,,,,"Travis Schlichting","3847",459411
"Mike Adams","SDP",3,1,,2.698412662103607,57,0,,,,56.70000076293945,231,43,18,17,4,20,2,0,64,10.158730022037108,3.1746031318865966,3.2,0.6349206263773193,0.27705627705627706,0.08658008658008658,0.19047619047619047,0.2037914691943128,1.1111110961603088,0.2689655172413793,0.7839721254355401,,,2.795655481243463,-0.051701959341986514,,,,,,,,,326.58000564575195,5.759788381858592,299.50000381469727,5.282186945056586,,,,,,,,,,,,,,,,,,,"Mike Adams","1937",430606
"Jose Contreras","PHI",4,3,,3.8095237582639156,57,0,,,,56.70000076293945,242,53,26,24,5,21,2,3,49,7.777777673122161,3.3333332884809264,2.3333333333333335,0.7936507829716491,0.2024793388429752,0.08677685950413223,0.11570247933884296,0.24311926605504589,1.305114620886712,0.2891566265060241,0.7164179104477612,,,3.765673104875478,-0.051701959341986514,,,,,,,,,246.28000564575194,4.343562651355849,244.50000381469727,4.31216932142457,,,,,,,,,,,,,,,,,,,"Jose Contreras","1660",425747
"Chad Paronto","BOS",2,3,,5.238095167612884,45,0,,,,56.70000076293945,257,67,35,33,6,23,1,3,33,5.238095167612884,3.650793601669586,1.434782608695652,0.9523809395659789,0.12840466926070038,0.08949416342412451,0.03891050583657586,0.29004329004329005,1.5873015659432983,0.31443298969072164,0.6740196078431373,,,4.6651439922433475,-0.051701959341986514,,,,,,,,,159.58000564575192,2.8144621428304712,193.50000381469727,3.412698434056702,,,,,,,,,,,,,,,,,,,"Chad Paronto","399",406301
"Pedro Beato","NYM",2,2,,4.761904697829895,45,0,,,,56.70000076293945,254,59,32,30,6,26,1,3,36,5.714285637395874,4.126984071452576,1.3846153846153846,0.9523809395659789,0.14173228346456693,0.10236220472440945,0.03937007874015748,0.26222222222222225,1.499118145613115,0.2864864864864865,0.6919060052219321,,,4.718054044441457,-0.051701959341986514,,,,,,,,,177.38000564575194,3.1283951192059236,190.50000381469727,3.359788381858592,,,,,,,,,,,,,,,,,,,"Pedro Beato","1330",474039
"Mariano Gomez","DET",4,4,,4.761904697829895,43,0,,,,56.70000076293945,255,60,32,30,5,29,2,3,30,4.761904697829895,4.603174541235565,1.0344827586206897,0.7936507829716491,0.11764705882352941,0.11372549019607843,0.00392156862745098,0.26905829596412556,1.5696648818772616,0.2894736842105263,0.6951219512195121,,,4.859147516969751,-0.051701959341986514,,,,,,,,,166.08000564575195,2.92910058925971,182.50000381469727,3.218694909330299,,,,,,,,,,,,,,,,,,,"Mariano Gomez","sa199551",430648
"Kris Benson","ARI",2,5,,6.507936420367523,13,11,,,,56.70000076293945,269,75,44,41,10,24,1,4,28,4.444444384641235,3.8095237582639156,1.1666666666666667,1.5873015659432983,0.10408921933085502,0.08921933085501858,0.014869888475836437,0.3112033195020747,1.746031722537628,0.3170731707317073,0.6470588235294118,,,5.864438508733839,-0.051701959341986514,,,,,,,,,73.58000564575195,1.29770731315132,125.50000381469727,2.2134039175662097,,,,,,,,,,,,,,,,,,,"Kris Benson","982",150249
"Michael Wuertz","OAK",3,2,,3.6315789473684212,59,2,,,,57,241,49,25,23,6,25,3,0,63,9.947368421052632,3.9473684210526314,2.52,0.9473684210526315,0.26141078838174275,0.1037344398340249,0.15767634854771784,0.22685185185185186,1.2982456140350878,0.28859060402684567,0.7469512195121952,,,3.551526636826365,-0.051975513983052224,,,,,,,,,271.5999999999999,4.764912280701753,258,4.526315789473684,,,,,,,,,,,,,,,,,,,"Michael Wuertz","1856",430900
"Jose Valverde","DET",4,2,,3.473684210526316,57,0,,,,57,242,48,24,22,6,25,2,2,61,9.631578947368421,3.9473684210526314,2.44,0.9473684210526315,0.25206611570247933,0.10330578512396695,0.1487603305785124,0.22325581395348837,1.280701754385965,0.28,0.758513931888545,,,3.7269652333175927,-0.051975513983052224,,,,,,,,,264.19999999999993,4.6350877192982445,248,4.350877192982456,,,,,,,,,,,,,,,,,,,"Jose Valverde","1726",407878
"Fernando Salas","STL",3,2,,3.789473684210526,53,0,,,,57,243,52,26,24,6,21,2,3,53,8.368421052631579,3.3157894736842106,2.5238095238095237,0.9473684210526315,0.21810699588477367,0.08641975308641975,0.13168724279835392,0.2374429223744292,1.280701754385965,0.2839506172839506,0.7275541795665635,,,3.8497722508614522,-0.051975513983052224,,,,,,,,,246.79999999999993,4.329824561403507,241,4.228070175438597,,,,,,,,,,,,,,,,,,,"Fernando Salas","4971",477569
"Brad Thompson","HOU",3,4,,4.894736842105263,25,5,,,,57,247,64,33,31,7,15,1,4,30,4.7368421052631575,2.3684210526315788,2,1.105263157894737,0.1214574898785425,0.06072874493927125,0.06072874493927125,0.2807017543859649,1.3859649122807018,0.29533678756476683,0.6647398843930635,,,4.621702075422856,-0.051975513983052224,,,,,,,,,172.29999999999998,3.0228070175438595,197,3.456140350877193,,,,,,,,,,,,,,,,,,,"Brad Thompson","4911",433581
"Daniel Moskos","PIT",3,5,,5.368421052631579,57,0,,,,57,266,63,36,34,6,36,2,3,38,6,5.684210526315789,1.0555555555555556,0.9473684210526315,0.14285714285714285,0.13533834586466165,0.007518796992481203,0.2775330396475771,1.736842105263158,0.3081081081081081,0.695364238410596,,,5.165561724545663,-0.051975513983052224,,,,,,,,,143.2,2.512280701754386,166,2.912280701754386,,,,,,,,,,,,,,,,,,,"Daniel Moskos","2858",446290
"Jason Rice","BOS",2,3,,5.526315789473684,47,0,,,,57,270,57,37,35,7,45,1,3,52,8.210526315789474,7.105263157894737,1.1555555555555554,1.105263157894737,0.1925925925925926,0.16666666666666666,0.025925925925925936,0.25675675675675674,1.7894736842105263,0.30303030303030304,0.7049891540130152,,,5.376088040335137,-0.051975513983052224,,,,,,,,,147.49999999999991,2.5877192982456125,154,2.7017543859649122,,,,,,,,,,,,,,,,,,,"Jason Rice","sa291767",489244
"Damian Moss","COL",3,5,,6,37,5,,,,57,278,67,41,38,6,43,1,3,35,5.526315789473684,6.7894736842105265,0.813953488372093,0.9473684210526315,0.12589928057553956,0.15467625899280577,-0.028776978417266202,0.28879310344827586,1.9298245614035088,0.3160621761658031,0.6791338582677166,,,5.639245935071979,-0.051975513983052224,,,,,,,,,105.79999999999998,1.8561403508771928,139,2.43859649122807,,,,,,,,,,,,,,,,,,,"Damian Moss","107",150305
"Aaron Poreda","SDP",2,3,,5.526315789473684,51,1,,,,57,289,49,37,35,5,72,2,4,51,8.052631578947368,11.368421052631579,0.7083333333333334,0.7894736842105263,0.17647058823529413,0.2491349480968858,-0.07266435986159167,0.2300469483568075,2.1228070175438596,0.27672955974842767,0.7368421052631579,,,6.428719619282505,-0.051975513983052224,,,,,,,,,106.89999999999995,1.8754385964912272,94,1.6491228070175439,,,,,,,,,,,,,,,,,,,"Aaron Poreda","4313",519145
"Chris Leroux","PIT",3,4,,5.183246142312443,51,0,,,,57.29999923706055,261,66,35,33,6,27,2,3,38,5.968586466905237,4.24083775280109,1.4074074074074074,0.9424083895113533,0.14559386973180077,0.10344827586206896,0.04214559386973181,0.2857142857142857,1.6230366708251083,0.31746031746031744,0.6855791962174942,,,4.683427089911984,-0.052249068624117934,,,,,,,,,164.61999435424806,2.87294932890287,194.49999618530273,3.394415336388065,,,,,,,,,,,,,,,,,,,"Chris Leroux","7645",460092
"Esmerling Vasquez","ARI",3,3,,4.7120419475567665,58,0,,,,57.29999923706055,263,53,32,30,6,39,3,5,52,8.167539375765061,6.1256545318237965,1.3333333333333333,0.9424083895113533,0.19771863117870722,0.1482889733840304,0.04942965779467681,0.2420091324200913,1.605584663611935,0.2883435582822086,0.7177033492822967,,,4.927755190896409,-0.052249068624117934,,,,,,,,,184.41999435424805,3.2184990717236994,180.49999618530273,3.1500872354036398,,,,,,,,,,,,,,,,,,,"Esmerling Vasquez","5280",458220
"Osiris Matos","SFG",3,3,,4.211438419184185,46,0,,,,57.70000076293945,254,57,29,27,5,25,1,3,43,6.707105630552591,3.899480017763134,1.72,0.7798960035526269,0.16929133858267717,0.0984251968503937,0.07086614173228346,0.252212389380531,1.4211438286958977,0.28888888888888886,0.7066666666666667,,,4.169696831273726,-0.0526138104644962,,,,,,,,,219.28000564575203,3.800346668047099,225.50000381469727,3.908145595026322,,,,,,,,,,,,,,,,,,,"Osiris Matos","4100",467683
"Denny Bautista","SEA",3,4,,4.211438419184185,50,0,,,,57.70000076293945,261,51,29,27,5,40,3,3,61,9.514731243342048,6.239168028421015,1.525,0.7798960035526269,0.23371647509578544,0.1532567049808429,0.08045977011494254,0.23394495412844038,1.5771230294064231,0.2987012987012987,0.7380952380952381,,,4.325676031984252,-0.0526138104644962,,,,,,,,,225.88000564575205,3.9147314152348183,216.50000381469727,3.7521663943157972,,,,,,,,,,,,,,,,,,,"Denny Bautista","1947",429714
"Josh Judy","CLE",3,4,,4.835355222026286,43,0,,,,57.70000076293945,259,62,33,31,7,26,1,3,50,7.798960035526268,4.0554592184736595,1.9230769230769231,1.0918544049736776,0.19305019305019305,0.10038610038610038,0.09266409266409267,0.26956521739130435,1.5251299625029147,0.3142857142857143,0.7033248081841432,,,4.429662165791269,-0.0526138104644962,,,,,,,,,192.680005645752,3.33934147483599,210.50000381469727,3.6481802605087803,,,,,,,,,,,,,,,,,,,"Josh Judy","1975",518865
"Dan Leatherman","WSN",3,3,,4.679376021315761,38,0,,,,57.70000076293945,255,59,32,30,8,25,1,3,48,7.4870016341052175,3.899480017763134,1.92,1.247833605684203,0.18823529411764706,0.09803921568627451,0.09019607843137255,0.2599118942731278,1.4558058732982369,0.2947976878612717,0.7142857142857143,,,4.672296478007642,-0.0526138104644962,,,,,,,,,187.18000564575206,3.2440208521795593,196.50000381469727,3.4055459482924073,,,,,,,,,,,,,,,,,,,"Dan Leatherman","sa329241",504093
"Scott Maine","CHC",3,4,,4.835355222026286,47,0,,,,57.70000076293945,260,60,33,31,7,31,2,3,45,7.019064031973642,4.835355222026286,1.4516129032258065,1.0918544049736776,0.17307692307692307,0.11923076923076924,0.053846153846153835,0.26548672566371684,1.5771230294064231,0.30113636363636365,0.7142857142857143,,,4.862937723320506,-0.0526138104644962,,,,,,,,,172.88000564575202,2.9961872332728348,185.50000381469727,3.214904702979543,,,,,,,,,,,,,,,,,,,"Scott Maine","885",453186
"Hunter Jones",,3,4,,5.147313623447337,33,3,,,,57.70000076293945,267,64,35,33,6,31,2,4,39,6.083188827710489,4.835355222026286,1.2580645161290323,0.9358752042631522,0.14606741573033707,0.11610486891385768,0.02996254681647939,0.27586206896551724,1.6464471186111012,0.30687830687830686,0.6928406466512702,,,4.897599767922845,-0.0526138104644962,,,,,,,,,159.78000564575197,2.7691508411275136,183.50000381469727,3.180242658377204,,,,,,,,,,,,,,,,,,,"Hunter Jones","4656",491220
"Casey Daigle","HOU",2,5,,5.927209626999964,48,0,,,,57.70000076293945,268,68,41,38,9,29,2,3,40,6.239168028421015,4.523396820605236,1.3793103448275863,1.4038128063947284,0.14925373134328357,0.10820895522388059,0.04104477611940298,0.288135593220339,1.68110916321344,0.31216931216931215,0.6635071090047393,,,5.38286839235559,-0.0526138104644962,,,,,,,,,123.48000564575199,2.140034731595062,155.50000381469727,2.6949740339444586,,,,,,,,,,,,,,,,,,,"Casey Daigle","1880",430664
"Michael Kohn","LAA",4,4,,4.344827586206897,57,0,,,,58,261,52,30,28,5,38,1,3,58,9,5.896551724137931,1.5263157894736843,0.7758620689655172,0.2222222222222222,0.14559386973180077,0.07662835249042144,0.23636363636363636,1.5517241379310345,0.29559748427672955,0.7228915662650602,,,4.319221736644876,-0.05288736510556191,,,,,,,,,225.50000000000003,3.887931034482759,218,3.7586206896551726,,,,,,,,,,,,,,,,,,,"Michael Kohn","8505",543409
"Blake Wood","KCR",3,4,,4.9655172413793105,58,0,,,,58,261,64,34,32,6,26,3,3,36,5.586206896551724,4.0344827586206895,1.3846153846153846,0.9310344827586207,0.13793103448275862,0.09961685823754789,0.03831417624521073,0.27586206896551724,1.5517241379310345,0.3020833333333333,0.6862745098039216,,,4.6812907021621175,-0.05288736510556191,,,,,,,,,174.00000000000003,3.0000000000000004,197,3.396551724137931,,,,,,,,,,,,,,,,,,,"Blake Wood","1345",502028
"David Herndon","PHI",3,4,,5.120689655172414,49,0,,,,58,255,67,35,33,7,20,3,3,31,4.810344827586207,3.103448275862069,1.55,1.0862068965517242,0.12156862745098039,0.0784313725490196,0.043137254901960784,0.28879310344827586,1.5,0.30612244897959184,0.6735751295336787,,,4.767497598713842,-0.05288736510556191,,,,,,,,,161.9,2.7913793103448277,192,3.310344827586207,,,,,,,,,,,,,,,,,,,"David Herndon","9264",458589
"Matt Wilhite","COL",2,2,,5.866209339203474,43,0,,,,58.29999923706055,265,71,41,38,10,22,2,3,34,5.248713619287319,3.3962264595388536,1.5454545454545454,1.543739299790388,0.12830188679245283,0.0830188679245283,0.04528301886792453,0.29583333333333334,1.5951972764500675,0.30808080808080807,0.6582278481012658,,,5.4277566937587505,-0.05316091974662762,,,,,,,,,116.81999435424805,2.0037735142882664,154.49999618530273,2.6500857325412985,,,,,,,,,,,,,,,,,,,"Matt Wilhite","sa226380",459414
"Warner Madrigal","NYY",2,4,,5.248713619287319,50,0,,,,58.29999923706055,259,61,36,34,11,25,1,3,42,6.48370505911963,3.85934824947597,1.68,1.6981132297694268,0.16216216216216217,0.09652509652509653,0.06563706563706564,0.26406926406926406,1.4751286642441486,0.2777777777777778,0.708215297450425,,,5.530672647078109,-0.05316091974662762,,,,,,,,,137.51999435424804,2.3588335532400553,148.49999618530273,2.547169779221939,,,,,,,,,,,,,,,,,,,"Warner Madrigal","6419",444127
"Matt Thornton","CHW",6,2,,2.9131175089858217,61,0,,,,58.70000076293945,239,46,20,19,5,19,3,2,75,11.499148061786137,2.9131175089858217,3.9473684210526314,0.7666098707857425,0.3138075313807531,0.0794979079497908,0.23430962343096234,0.21100917431192662,1.1073253689127391,0.29285714285714287,0.7758620689655172,,,2.703055378360353,-0.05352566158700589,,,,,,,,,340.2800056457519,5.796933581312479,315.50000381469727,5.374787047939696,,,,,,,,,,,,,,,,,,,"Matt Thornton","1918",407819
"Rafael Betancourt","COL",4,2,,3.5264054056144154,65,0,,,,58.70000076293945,240,51,25,23,7,16,3,0,67,10.272572268528949,2.453151586514376,4.1875,1.0732538191000396,0.2791666666666667,0.06666666666666667,0.21250000000000002,0.22767857142857142,1.141396918725439,0.2894736842105263,0.7342657342657343,,,3.163021300831798,-0.05352566158700589,,,,,,,,,301.68000564575186,5.1393526699273755,288.50000381469727,4.914821125468251,,,,,,,,,,,,,,,,,,,"Rafael Betancourt","177",429783
"Anthony Varvaro","ATL",2,3,,5.0596251471859,49,0,,,,58.70000076293945,277,57,35,33,5,48,2,3,50,7.666098707857425,7.359454759543128,1.0416666666666667,0.7666098707857425,0.18050541516245489,0.17328519855595667,0.007220216606498214,0.252212389380531,1.7887563651667324,0.30057803468208094,0.7142857142857143,,,5.08806386524933,-0.05352566158700589,,,,,,,,,171.6800056457519,2.9247019321018977,175.50000381469727,2.9897785610507195,,,,,,,,,,,,,,,,,,,"Anthony Varvaro","2385",460008
"Huston Street","COL",6,3,,3.3559322033898304,59,1,,,,59,242,50,24,22,6,18,4,1,62,9.457627118644067,2.7457627118644066,3.4444444444444446,0.9152542372881356,0.256198347107438,0.0743801652892562,0.1818181818181818,0.2242152466367713,1.152542372881356,0.2802547770700637,0.7382550335570469,,,3.2642831042661506,-0.0537992162280716,,,,,,,,,299.8,5.08135593220339,284,4.813559322033898,,,,,,,,,,,,,,,,,,,"Huston Street","8258",434718
"Robinson Tejeda","KCR",4,3,,3.6610169491525424,53,0,,,,59,255,49,26,24,5,31,1,1,64,9.76271186440678,4.728813559322034,2.064516129032258,0.7627118644067796,0.25098039215686274,0.12156862745098039,0.12941176470588234,0.21973094170403587,1.3559322033898304,0.28205128205128205,0.7397260273972602,,,3.637164460198354,-0.0537992162280716,,,,,,,,,279.70000000000005,4.740677966101695,262,4.440677966101695,,,,,,,,,,,,,,,,,,,"Robinson Tejeda","2575",434565
"Eduardo Sanchez","STL",1,1,,3.8135593220338984,57,0,,,,59,256,52,27,25,6,29,2,3,54,8.23728813559322,4.423728813559322,1.8620689655172413,0.9152542372881356,0.2109375,0.11328125,0.09765625,0.23214285714285715,1.3728813559322033,0.27710843373493976,0.7438016528925621,,,4.196486494096659,-0.0537992162280716,,,,,,,,,239.6,4.061016949152542,229,3.8813559322033897,,,,,,,,,,,,,,,,,,,"Eduardo Sanchez","2966",500674
"Jordan Smith","CIN",3,4,,4.88135593220339,54,0,,,,59,259,67,34,32,8,19,2,3,31,4.728813559322034,2.8983050847457625,1.631578947368421,1.2203389830508475,0.11969111969111969,0.07335907335907337,0.04633204633204632,0.28270042194092826,1.4576271186440677,0.295,0.6951871657754011,,,4.90835090087632,-0.0537992162280716,,,,,,,,,160.00000000000003,2.7118644067796613,187,3.169491525423729,,,,,,,,,,,,,,,,,,,"Jordan Smith","9515",502136
"Josh Ellis","ARI",3,3,,4.401349129139341,41,0,,,,59.29999923706055,265,64,31,29,4,26,2,3,47,7.133221002398241,3.9460371502628573,1.8076923076923077,0.607082638501978,0.17735849056603772,0.09811320754716982,0.0792452830188679,0.2711864406779661,1.517706596254945,0.32085561497326204,0.6990521327014217,,,3.8366957244275213,-0.05407277086913731,,,,,,,,,230.21999435424814,3.8822933780135402,251.49999618530273,4.241146701872528,,,,,,,,,,,,,,,,,,,"Josh Ellis","sa390370",453337
"Manny Corpas","COL",4,3,,4.249578469513846,55,0,,,,59.29999923706055,255,62,30,28,6,19,3,2,43,6.526138363896264,2.8836425328843958,2.263157894736842,0.910623957752967,0.16862745098039217,0.07450980392156863,0.09411764705882354,0.26495726495726496,1.3659359366294506,0.2994652406417112,0.7024793388429753,,,4.005329790678071,-0.05407277086913731,,,,,,,,,226.8199943542481,3.824957795488353,241.49999618530273,4.072512635621978,,,,,,,,,,,,,,,,,,,"Manny Corpas","2807",466918
"Gregory Infante","CHW",4,4,,4.856661108015824,60,0,,,,59.29999923706055,275,63,34,32,4,38,2,3,48,7.284991662023736,5.7672850657687915,1.263157894736842,0.607082638501978,0.17454545454545456,0.13818181818181818,0.036363636363636376,0.2692307692307692,1.7032040691305494,0.32065217391304346,0.7023060796645701,,,4.410051549679389,-0.05407277086913731,,,,,,,,,198.81999435424814,3.3527824099868146,217.49999618530273,3.6677908766206593,,,,,,,,,,,,,,,,,,,"Gregory Infante","9119",500872
"Jeff Stevens","CHC",2,2,,4.553119788764835,50,0,,,,59.29999923706055,269,55,32,30,7,38,2,3,53,8.043844960151208,5.7672850657687915,1.394736842105263,1.0623946173784615,0.1970260223048327,0.1412639405204461,0.0557620817843866,0.2412280701754386,1.5682968161301098,0.2823529411764706,0.7331730769230769,,,4.899090341805983,-0.05407277086913731,,,,,,,,,192.71999435424812,3.2499156295739793,188.49999618530273,3.1787520844940658,,,,,,,,,,,,,,,,,,,"Jeff Stevens","3367",459999
"Paul Phillips","TBR",3,4,,5.463743746517802,41,2,,,,59.29999923706055,273,69,39,36,8,28,2,4,38,5.7672850657687915,4.249578469513846,1.3571428571428572,1.214165277003956,0.1391941391941392,0.10256410256410256,0.03663003663003664,0.2863070539419087,1.6357504426303295,0.3096446700507614,0.675990675990676,,,5.168904847806862,-0.05407277086913731,,,,,,,,,141.01999435424815,2.3780775070586393,172.49999618530273,2.908937578493187,,,,,,,,,,,,,,,,,,,"Paul Phillips","sa290213",474022
"Brett Tomko","OAK",2,5,,6.374367704270769,21,10,,,,59.29999923706055,271,77,45,42,12,19,1,2,38,5.7672850657687915,2.8836425328843958,2,1.821247915505934,0.14022140221402213,0.07011070110701106,0.07011070110701106,0.308,1.6188870360052747,0.3217821782178218,0.6439393939393939,,,5.489309573682906,-0.05407277086913731,,,,,,,,,104.0199943542481,1.7541314619316053,153.49999618530273,2.588532852617143,,,,,,,,,,,,,,,,,,,"Brett Tomko","1056",123387
"Chris Jakubauskas","BAL",3,5,,5.134228319365951,19,9,,,,59.599998474121094,266,68,36,34,9,21,2,3,33,4.983221604090482,3.171141020784852,1.5714285714285714,1.3590604374792223,0.12406015037593984,0.07894736842105263,0.045112781954887216,0.2809917355371901,1.493288628835195,0.29207920792079206,0.6937172774869109,,,5.141600868398127,-0.05434632551020302,,,,,,,,,147.53998870849614,2.4755032296277566,174.99999237060547,2.9362415579019214,,,,,,,,,,,,,,,,,,,"Chris Jakubauskas","7831",499856
"Brian Sanches",,3,2,,3.467336639106065,57,0,,,,59.70000076293945,255,51,25,23,6,25,3,3,56,8.44221094738868,3.768844172941375,2.24,0.90452260150593,0.2196078431372549,0.09803921568627451,0.12156862745098039,0.22466960352422907,1.2730318095268645,0.2694610778443114,0.7544378698224853,,,3.9153633536203545,-0.05443751270951558,,,,,,,,,263.380005645752,4.411725331321151,248.50000381469727,4.1624790726796945,,,,,,,,,,,,,,,,,,,"Brian Sanches","2739",430083
"Willie Eyre","HOU",2,3,,4.52261300752965,43,1,,,,59.70000076293945,263,63,32,30,5,26,2,3,39,5.879396909788545,3.91959793985903,1.5,0.753768834588275,0.1482889733840304,0.09885931558935361,0.0494296577946768,0.2692307692307692,1.4907872506301438,0.3020833333333333,0.6951219512195121,,,4.317373398734102,-0.05443751270951558,,,,,,,,,207.480005645752,3.475376934577049,224.50000381469727,3.760469027565948,,,,,,,,,,,,,,,,,,,"Willie Eyre","2078",425466
"Fernando Rodney","LAA",3,3,,4.52261300752965,60,0,,,,59.70000076293945,267,59,32,30,6,32,3,3,52,7.83919587971806,4.82412054136496,1.625,0.90452260150593,0.1947565543071161,0.1198501872659176,0.0749063670411985,0.2543103448275862,1.524288087722956,0.30113636363636365,0.7142857142857143,,,4.401125491466132,-0.05443751270951558,,,,,,,,,213.58000564575198,3.5775544877101257,219.50000381469727,3.6767169348339173,,,,,,,,,,,,,,,,,,,"Fernando Rodney","494",407845
"Cla Meredith","WSN",2,3,,4.82412054136496,60,0,,,,59.70000076293945,264,68,34,32,6,22,4,3,35,5.276381842117925,3.31658287218841,1.5909090909090908,0.90452260150593,0.13257575757575757,0.08333333333333333,0.04924242424242424,0.28451882845188287,1.50753766917655,0.31,0.6862745098039216,,,4.468127165651756,-0.05443751270951558,,,,,,,,,186.18000564575198,3.1185930195385985,215.50000381469727,3.6097152606482927,,,,,,,,,,,,,,,,,,,"Cla Meredith","7613",448592
"Brian Sweeney","ARI",3,3,,4.371859240611995,46,0,,,,59.70000076293945,261,60,31,29,7,23,2,1,38,5.72864314287089,3.467336639106065,1.6521739130434783,1.055276368423585,0.14559386973180077,0.08812260536398467,0.057471264367816105,0.25316455696202533,1.3902847393517073,0.27319587628865977,0.7103825136612022,,,4.53512883983738,-0.05443751270951558,,,,,,,,,203.68000564575198,3.4117253441007054,211.50000381469727,3.542713586462668,,,,,,,,,,,,,,,,,,,"Brian Sweeney","1801",425789
"Jason Bergmann","BOS",5,5,,4.52261300752965,60,0,,,,59.70000076293945,263,60,32,30,8,28,4,3,50,7.53768834588275,4.22110547369434,1.7857142857142858,1.20603013534124,0.19011406844106463,0.10646387832699619,0.08365019011406843,0.25862068965517243,1.4740368320837378,0.29545454545454547,0.7291666666666667,,,4.7026330253014414,-0.05443751270951558,,,,,,,,,194.38000564575202,3.2559464516191294,201.50000381469727,3.375209400998607,,,,,,,,,,,,,,,,,,,"Jason Bergmann","4640",456589
"Philippe Valiquette","CIN",2,3,,4.974874308282615,53,0,,,,59.70000076293945,275,61,35,33,6,37,2,4,42,6.33165821054151,5.577889375953235,1.135135135135135,0.90452260150593,0.15272727272727274,0.13454545454545455,0.018181818181818188,0.2606837606837607,1.641541017547799,0.2925531914893617,0.703125,,,5.037641396229564,-0.05443751270951558,,,,,,,,,170.380005645752,2.8539364065053823,181.50000381469727,3.040201030070485,,,,,,,,,,,,,,,,,,,"Philippe Valiquette","sa272553",444434
"David Carpenter","HOU",4,6,,5.276381842117925,57,0,,,,59.70000076293945,279,65,37,35,7,36,1,5,44,6.63316574437682,5.42713560903558,1.2222222222222223,1.055276368423585,0.15770609318996415,0.12903225806451613,0.02867383512544802,0.27310924369747897,1.6917922731870172,0.30687830687830686,0.7017543859649122,,,5.188395163147219,-0.05443751270951558,,,,,,,,,151.68000564575198,2.5407035796875874,172.50000381469727,2.88944726315283,,,,,,,,,,,,,,,,,,,"David Carpenter","3959",502304
"Andrew Sisco","NYY",3,5,,5.879396909788545,48,0,,,,59.70000076293945,287,65,42,39,8,45,2,4,48,7.23618081204744,6.783919511294475,1.0666666666666667,1.20603013534124,0.1672473867595819,0.156794425087108,0.010452961672473893,0.27310924369747897,1.8425460401046723,0.30978260869565216,0.688259109311741,,,5.674157300992997,-0.05443751270951558,,,,,,,,,123.38000564575202,2.0666667348242953,143.50000381469727,2.4036851253070526,,,,,,,,,,,,,,,,,,,"Andrew Sisco","3706",434878
"Octavio Dotel","TOR",4,3,,4.05,62,0,,,,60,263,52,29,27,8,30,3,2,72,10.8,4.5,2.4,1.2,0.2737642585551331,0.11406844106463879,0.1596958174904943,0.22510822510822512,1.3666666666666667,0.2875816993464052,0.748587570621469,,,4.011175759633383,-0.05471106735058129,,,,,,,,,258.4,4.306666666666667,244,4.066666666666666,,,,,,,,,,,,,,,,,,,"Octavio Dotel","555",136734
"Manny Acosta","NYM",3,4,,4.5,54,1,,,,60,263,57,32,30,8,31,3,2,53,7.95,4.65,1.7096774193548387,1.2,0.20152091254752852,0.11787072243346007,0.08365019011406845,0.24782608695652175,1.4666666666666666,0.28654970760233917,0.7291666666666667,,,4.694509092966715,-0.05471106735058129,,,,,,,,,204.4,3.4066666666666667,203,3.3833333333333333,,,,,,,,,,,,,,,,,,,"Manny Acosta","8725",407924
"Chad Qualls","SDP",3,4,,4.029850797255923,64,0,,,,60.29999923706055,254,61,29,27,5,18,3,2,54,8.059701594511846,2.6865671981706156,3,0.7462686661585043,0.2125984251968504,0.07086614173228346,0.14173228346456695,0.2606837606837607,1.3101161028115964,0.3163841807909605,0.6944444444444444,,,3.359766144626595,-0.054984621991647,,,,,,,,,274.119994354248,4.545936945647141,284.49999618530273,4.718076281673454,,,,,,,,,,,,,,,,,,,"Chad Qualls","2170",430589
"Jason Motte","STL",4,3,,3.4328358643291197,66,0,,,,60.29999923706055,252,52,25,23,6,23,2,2,66,9.850746393292257,3.4328358643291197,2.869565217391304,0.8955223993902052,0.2619047619047619,0.09126984126984126,0.17063492063492064,0.2290748898678414,1.2437811102641738,0.2929936305732484,0.7507507507507508,,,3.4261011371740175,-0.054984621991647,,,,,,,,,294.219994354248,4.879270283197941,280.49999618530273,4.651741289126031,,,,,,,,,,,,,,,,,,,"Jason Motte","5861",435400
"Scott Munter","SDP",3,4,,4.626865730182726,48,0,,,,60.29999923706055,273,62,33,31,5,34,2,4,40,5.970149329268034,5.074626929877829,1.1764705882352942,0.7462686661585043,0.14652014652014653,0.12454212454212454,0.021978021978021983,0.26382978723404255,1.5920398211381424,0.296875,0.7078651685393258,,,4.719633491848758,-0.054984621991647,,,,,,,,,189.51999435424798,3.1429518532691536,202.49999618530273,3.3582089344512904,,,,,,,,,,,,,,,,,,,"Scott Munter","3470",434639
"Gary Majewski","HOU",2,4,,5.671641862804632,49,0,,,,60.29999923706055,275,73,41,38,8,24,1,3,36,5.373134396341231,3.5820895975608207,1.5,1.1940298658536068,0.13090909090909092,0.08727272727272728,0.04363636363636364,0.29435483870967744,1.6086235692749982,0.3155339805825243,0.6526806526806527,,,4.951805965764738,-0.054984621991647,,,,,,,,,149.019994354248,2.4713100537265,188.49999618530273,3.1260364605353113,,,,,,,,,,,,,,,,,,,"Gary Majewski","2131",400008
"John Lujan","NYM",2,4,,5.522388129572931,47,0,,,,60.29999923706055,283,68,40,37,7,37,2,4,42,6.268656795731436,5.522388129572931,1.135135135135135,1.044776132621906,0.14840989399293286,0.13074204946996468,0.017667844522968185,0.2809917355371901,1.7412935543698433,0.3128205128205128,0.6827731092436975,,,5.2337296840912835,-0.054984621991647,,,,,,,,,144.31999435424797,2.393366437483278,171.49999618530273,2.8441127422087655,,,,,,,,,,,,,,,,,,,"John Lujan","sa262151",455114
"J.P. Howell","TBR",5,2,,3.113673766465493,53,0,,,,60.70000076293945,255,47,22,21,6,28,2,3,69,10.230642375529477,4.151565021953991,2.4642857142857144,0.889621076132998,0.27058823529411763,0.10980392156862745,0.16078431372549018,0.20982142857142858,1.2355848279624972,0.271523178807947,0.7957957957957958,,,3.621499750603548,-0.05534936383202527,,,,,,,,,298.180005645752,4.912355879702172,270.50000381469727,4.456342675696501,,,,,,,,,,,,,,,,,,,"J.P. Howell","8245",434442
"Edward Paredes","SEA",3,5,,5.189456277442488,46,1,,,,60.70000076293945,283,66,37,35,6,38,2,3,38,5.634266815508988,5.634266815508988,1,0.889621076132998,0.13427561837455831,0.13427561837455831,0,0.2727272727272727,1.7133442947746629,0.3,0.7008368200836821,,,5.137150472904211,-0.05534936383202527,,,,,,,,,156.78000564575197,2.582866617383544,178.50000381469727,2.940691953395838,,,,,,,,,,,,,,,,,,,"Edward Paredes","4168",487675
"Joaquín Benoit","DET",4,2,,3.098360655737705,60,0,,,,61,251,48,22,21,7,23,2,1,68,10.032786885245901,3.3934426229508197,2.9565217391304346,1.0327868852459017,0.27091633466135456,0.09163346613545817,0.1792828685258964,0.21145374449339208,1.1639344262295082,0.2662337662337662,0.8006535947712418,,,3.520465377119721,-0.055622918473090976,,,,,,,,,304.50000000000006,4.991803278688526,278,4.557377049180328,,,,,,,,,,,,,,,,,,,"Joaquin Benoit","1437",276542
"Jeremy Affeldt","SFG",3,2,,3.540983606557377,64,0,,,,61,258,55,26,24,5,26,3,3,57,8.40983606557377,3.8360655737704916,2.1923076923076925,0.7377049180327869,0.22093023255813954,0.10077519379844961,0.12015503875968993,0.24017467248908297,1.3278688524590163,0.2958579881656805,0.7432432432432432,,,3.7007932459721804,-0.055622918473090976,,,,,,,,,273.9000000000001,4.490163934426231,267,4.377049180327869,,,,,,,,,,,,,,,,,,,"Jeremy Affeldt","583",346793
"Benino Pruneda","ATL",3,3,,4.721311475409836,47,0,,,,61,284,58,34,32,6,44,2,4,61,9,6.491803278688525,1.3863636363636365,0.8852459016393442,0.2147887323943662,0.15492957746478872,0.05985915492957747,0.2457627118644068,1.6721311475409837,0.30409356725146197,0.7264957264957266,,,4.717186688595131,-0.055622918473090976,,,,,,,,,204.80000000000007,3.357377049180329,205,3.360655737704918,,,,,,,,,,,,,,,,,,,"Benino Pruneda","sa401631",519159
"Steve Cishek",,4,5,,5.016393442622951,47,0,,,,61,286,63,36,34,5,42,2,4,44,6.491803278688525,6.19672131147541,1.0476190476190477,0.7377049180327869,0.15384615384615385,0.14685314685314685,0.006993006993007006,0.2625,1.721311475409836,0.3005181347150259,0.7040816326530612,,,4.963088327939394,-0.055622918473090976,,,,,,,,,176.10000000000008,2.8868852459016408,190,3.1147540983606556,,,,,,,,,,,,,,,,,,,"Steve Cishek","6483",518553
"David Johnson","MIL",2,3,,5.311475409836065,48,0,,,,61,279,66,39,36,9,32,2,4,46,6.786885245901639,4.721311475409836,1.4375,1.3278688524590163,0.16487455197132617,0.11469534050179211,0.05017921146953405,0.2716049382716049,1.6065573770491803,0.3,0.6908665105386417,,,5.2581702951525084,-0.055622918473090976,,,,,,,,,153.1000000000001,2.509836065573772,172,2.819672131147541,,,,,,,,,,,,,,,,,,,"David Johnson","sa254184",448807
"Robert Fish","KCR",2,6,,6.786885245901639,37,5,,,,61,295,81,49,46,11,33,1,4,38,5.60655737704918,4.868852459016393,1.1515151515151516,1.6229508196721312,0.1288135593220339,0.11186440677966102,0.016949152542372878,0.313953488372093,1.8688524590163935,0.33175355450236965,0.6592292089249493,,,5.995875213185295,-0.055622918473090976,,,,,,,,,70.50000000000009,1.1557377049180342,127,2.081967213114754,,,,,,,,,,,,,,,,,,,"Robert Fish","sa326802",502061
"Manny Delcarmen","SEA",3,3,,4.110929904345687,65,0,,,,61.29999923706055,271,54,30,28,6,34,2,2,56,8.221859808691374,4.991843455276905,1.6470588235294117,0.8809135509312186,0.2066420664206642,0.12546125461254612,0.08118081180811809,0.2297872340425532,1.4355628237397637,0.2742857142857143,0.7286432160804021,,,4.285020255353941,-0.055896473114156686,,,,,,,,,243.41999435424808,3.970962436930701,232.49999618530273,3.7928221709461076,,,,,,,,,,,,,,,,,,,"Manny Delcarmen","3180",434668
"Sam Demel","ARI",3,3,,4.8450245301217025,57,0,,,,61.29999923706055,278,65,35,33,6,32,3,3,48,7.047308407449749,4.6982056049665,1.5,0.8809135509312186,0.17266187050359713,0.11510791366906475,0.05755395683453238,0.2674897119341564,1.5823817488949667,0.3089005235602094,0.6997742663656885,,,4.4970920361336795,-0.055896473114156686,,,,,,,,,201.81999435424808,3.2923327384355403,219.49999618530273,3.58075039016637,,,,,,,,,,,,,,,,,,,"Sam Demel","868",451585
"Andrew Taylor","LAA",3,4,,5.285481305587312,40,3,,,,61.29999923706055,287,66,39,36,7,39,2,4,45,6.6068516319841395,5.725938081052921,1.1538461538461537,1.0277324760864217,0.156794425087108,0.13588850174216027,0.02090592334494773,0.27049180327868855,1.7128874601440363,0.30412371134020616,0.6932773109243697,,,5.198560234097427,-0.055896473114156686,,,,,,,,,156.91999435424808,2.559869434050138,176.49999618530273,2.8792821922026217,,,,,,,,,,,,,,,,,,,"Andrew Taylor","7896",476531
"Franklin Morales","COL",3,3,,4.8450245301217025,63,0,,,,61.29999923706055,284,56,35,33,8,44,3,4,54,7.928221958380968,6.460032706828937,1.2272727272727273,1.174551401241625,0.19014084507042253,0.15492957746478872,0.03521126760563381,0.23728813559322035,1.631321390613368,0.2727272727272727,0.731981981981982,,,5.361692373158764,-0.055896473114156686,,,,,,,,,173.61999435424812,2.8323001062825712,166.49999618530273,2.716150053141285,,,,,,,,,,,,,,,,,,,"Franklin Morales","5088",462985
"Grant Balfour","OAK",4,2,,3.06320903829752,63,0,,,,61.70000076293945,258,49,22,21,5,25,1,1,72,10.502430988448639,3.6466774265446666,2.88,0.7293354853089333,0.27906976744186046,0.09689922480620156,0.1821705426356589,0.21120689655172414,1.199351686952468,0.2802547770700637,0.7761194029850746,,,3.0616349710709616,-0.056261214954534955,,,,,,,,,333.680005645752,5.408103752345158,309.50000381469727,5.016207455229088,,,,,,,,,,,,,,,,,,,"Grant Balfour","718",346797
"Jeremy Berg","LAA",1,1,,4.521880008915386,49,0,,,,61.70000076293945,271,64,33,31,6,24,2,3,45,6.5640193677804,3.5008103294828796,1.875,0.8752025823707199,0.16605166051660517,0.08856088560885608,0.07749077490774908,0.26229508196721313,1.4262560601596919,0.29743589743589743,0.6909547738693468,,,4.19615683710708,-0.056261214954534955,,,,,,,,,225.38000564575194,3.6528363510349915,239.50000381469727,3.881685589192969,,,,,,,,,,,,,,,,,,,"Jeremy Berg","sa510226",576828
"Geno Espineli","COL",4,4,,4.667747105977173,53,0,,,,61.70000076293945,272,71,34,32,6,20,2,3,32,4.667747105977173,2.9173419412357333,1.6,0.8752025823707199,0.11764705882352941,0.07352941176470588,0.044117647058823525,0.285140562248996,1.474878425846954,0.3051643192488263,0.6900726392251817,,,4.423061210314303,-0.056261214954534955,,,,,,,,,193.18000564575195,3.130956292658377,225.50000381469727,3.654781215985745,,,,,,,,,,,,,,,,,,,"Geno Espineli","7405",457910
"Geoff Geary","SDP",3,5,,4.959481300100746,38,3,,,,61.70000076293945,280,71,36,34,6,28,2,3,38,5.542949688347893,4.084278717730027,1.3571428571428572,0.8752025823707199,0.1357142857142857,0.1,0.0357142857142857,0.285140562248996,1.6045380676796532,0.3140096618357488,0.695364238410596,,,4.617550673063352,-0.056261214954534955,,,,,,,,,181.18000564575195,2.936466829909328,213.50000381469727,3.4602917532366964,,,,,,,,,,,,,,,,,,,"Geoff Geary","1813",407783
"Edwar Ramirez","OAK",3,4,,5.105348397162533,49,0,,,,61.70000076293945,282,64,37,35,8,34,2,3,54,7.87682324133648,4.959481300100746,1.588235294117647,1.1669367764942933,0.19148936170212766,0.12056737588652482,0.07092198581560284,0.2612244897959184,1.5883306124505658,0.3027027027027027,0.7027649769585254,,,4.812040135812401,-0.056261214954534955,,,,,,,,,188.78000564575197,3.059643489650393,201.50000381469727,3.2658022904876476,,,,,,,,,,,,,,,,,,,"Edwar Ramirez","4830",469735
"Dustin Richardson",,2,2,,4.959481300100746,56,0,,,,61.70000076293945,292,55,36,34,7,54,2,4,64,9.335494211954346,7.87682324133648,1.1851851851851851,1.0210696794325067,0.2191780821917808,0.18493150684931506,0.03424657534246575,0.23504273504273504,1.7666126199705272,0.2909090909090909,0.7358870967741935,,,5.298263792685024,-0.056261214954534955,,,,,,,,,181.48000564575193,2.9413290664780543,171.50000381469727,2.779578633615025,,,,,,,,,,,,,,,,,,,"Dustin Richardson","2548",450580
"Kevin Gregg","BAL",5,5,,4.209677419354839,66,0,,,,62,268,66,31,29,7,18,2,2,45,6.532258064516129,2.6129032258064515,2.5,1.0161290322580645,0.16791044776119404,0.06716417910447761,0.10074626865671643,0.2661290322580645,1.3548387096774193,0.29797979797979796,0.7142857142857143,,,4.061713394041984,-0.056534769595600665,,,,,,,,,231.09999999999994,3.7274193548387085,249,4.016129032258065,,,,,,,,,,,,,,,,,,,"Kevin Gregg","1793",276514
"Dusty Hughes","MIN",2,3,,4.645161290322581,61,0,,,,62,285,65,34,32,6,32,0,5,45,6.532258064516129,4.645161290322581,1.40625,0.8709677419354839,0.15789473684210525,0.11228070175438597,0.04561403508771929,0.2620967741935484,1.564516129032258,0.2964824120603015,0.7110609480812642,,,4.674616619848436,-0.056534769595600665,,,,,,,,,194.99999999999994,3.1451612903225796,211,3.403225806451613,,,,,,,,,,,,,,,,,,,"Dusty Hughes","6164",458250
"Dan Meyer","PHI",3,3,,4.790322580645161,63,0,,,,62,278,61,35,33,8,34,2,3,47,6.82258064516129,4.935483870967742,1.3823529411764706,1.1612903225806452,0.16906474820143885,0.1223021582733813,0.046762589928057555,0.25311203319502074,1.532258064516129,0.28191489361702127,0.7159904534606205,,,5.029455329525856,-0.056534769595600665,,,,,,,,,184.79999999999998,2.9806451612903224,189,3.0483870967741935,,,,,,,,,,,,,,,,,,,"Dan Meyer","4402",434159
"Lee Tabor","CIN",2,4,,5.370967741935484,39,2,,,,62,285,71,40,37,8,30,1,4,39,5.661290322580645,4.354838709677419,1.3,1.1612903225806452,0.1368421052631579,0.10526315789473684,0.03157894736842107,0.28286852589641437,1.6290322580645162,0.3058252427184466,0.6792873051224945,,,5.142358555332307,-0.056534769595600665,,,,,,,,,151.79999999999998,2.4483870967741934,182,2.935483870967742,,,,,,,,,,,,,,,,,,,"Lee Tabor","sa328465",502477
"Jay Buente",,2,3,,5.370967741935484,44,0,,,,62,294,64,40,37,7,46,3,4,55,7.983870967741935,6.67741935483871,1.1956521739130435,1.0161290322580645,0.1870748299319728,0.1564625850340136,0.03061224489795919,0.26229508196721313,1.7741935483870968,0.30978260869565216,0.6986027944111777,,,5.1907456521065,-0.056534769595600665,,,,,,,,,166.29999999999993,2.682258064516128,179,2.8870967741935485,,,,,,,,,,,,,,,,,,,"Jay Buente","9494",502055
"Jon Rauch","TOR",4,4,,3.9004815886971316,65,0,,,,62.29999923706055,264,63,29,27,7,17,1,1,54,7.800963177394263,2.4558587780685643,3.176470588235294,1.011235967439997,0.20454545454545456,0.06439393939393939,0.14015151515151517,0.25609756097560976,1.2841091650031708,0.2994652406417112,0.7264957264957265,,,3.6717429151140157,-0.056808324236666374,,,,,,,,,265.11999435424804,4.255537682198486,274.49999618530273,4.406099511186033,,,,,,,,,,,,,,,,,,,"Jon Rauch","1475",400010
"Manny Alvarez","NYM",4,5,,4.4783307129485594,49,0,,,,62.29999923706055,272,63,33,31,8,25,2,3,49,7.078651772079979,3.611557026571418,1.96,1.1556982485028537,0.1801470588235294,0.09191176470588236,0.08823529411764705,0.2581967213114754,1.412520081503488,0.291005291005291,0.7161458333333334,,,4.522465236928616,-0.056808324236666374,,,,,,,,,212.81999435424808,3.416051315577663,221.49999618530273,3.5553771893714328,,,,,,,,,,,,,,,,,,,"Manny Alvarez","sa329011",463039
"Michael Stutes","PHI",3,4,,4.911717556137129,55,0,,,,62.29999923706055,287,59,36,34,8,43,2,4,55,7.94542545845712,6.211878085702839,1.2790697674418605,1.1556982485028537,0.1916376306620209,0.14982578397212543,0.04181184668989549,0.24583333333333332,1.637239185379043,0.2849162011173184,0.7268722466960352,,,5.2447766422429,-0.056808324236666374,,,,,,,,,178.2199943542481,2.8606741017137916,176.49999618530273,2.8330657840571494,,,,,,,,,,,,,,,,,,,"Michael Stutes","6550",452741
"Mike Hinckley","BAL",2,4,,5.778491242514269,43,2,,,,62.29999923706055,296,76,43,40,7,36,2,4,35,5.056179837199985,5.200642118262842,0.9722222222222222,1.011235967439997,0.11824324324324324,0.12162162162162163,-0.0033783783783783855,0.296875,1.7977528310044393,0.3194444444444444,0.675146771037182,,,5.341084829618138,-0.056808324236666374,,,,,,,,,127.31999435424805,2.0436596454805236,170.49999618530273,2.7367575966819113,,,,,,,,,,,,,,,,,,,"Mike Hinckley","3769",434479
"Mark Hamburger","TEX",3,5,,6.067415804639983,49,0,,,,62.29999923706055,297,75,45,42,9,37,1,5,39,5.6340289614514125,5.345104399325699,1.054054054054054,1.3001605295657106,0.13131313131313133,0.12457912457912458,0.006734006734006745,0.29411764705882354,1.7977528310044393,0.3157894736842105,0.6740442655935613,,,5.726317579119089,-0.056808324236666374,,,,,,,,,107.31999435424808,1.7226323542297315,146.49999618530273,2.35152484718096,,,,,,,,,,,,,,,,,,,"Mark Hamburger","5329",523648
"Andrew Bailey","OAK",4,2,,3.3014353665263907,59,0,,,,62.70000076293945,263,53,25,23,6,25,2,1,63,9.043062090920115,3.588516702746077,2.52,0.8612440086590585,0.23954372623574144,0.09505703422053231,0.14448669201520914,0.22362869198312235,1.24401912361864,0.27647058823529413,0.7614942528735633,,,3.556311319999526,-0.05717306607704464,,,,,,,,,300.380005645752,4.79074963302552,283.50000381469727,4.5215311063005235,,,,,,,,,,,,,,,,,,,"Andrew Bailey","1368",457732
"Burke Badenhop",,4,3,,3.875598038965763,49,0,,,,62.70000076293945,267,60,29,27,5,24,4,3,48,6.889952069272468,3.444976034636234,2,0.7177033405492154,0.1797752808988764,0.0898876404494382,0.0898876404494382,0.25,1.3397129023585355,0.291005291005291,0.7142857142857143,,,3.875290582465844,-0.05717306607704464,,,,,,,,,261.48000564575204,4.170334967528532,263.50000381469727,4.202551843834205,,,,,,,,,,,,,,,,,,,"Burke Badenhop","9736",488674
"Ryan Franklin","STL",5,3,,3.73205737085592,60,0,,,,62.70000076293945,267,60,28,26,6,19,2,3,44,6.315789396833096,2.7272726940870187,2.3157894736842106,0.8612440086590585,0.1647940074906367,0.07116104868913857,0.09363295880149812,0.24489795918367346,1.259968086741956,0.27411167512690354,0.7223796033994335,,,3.970984361205739,-0.05717306607704464,,,,,,,,,256.18000564575203,4.085805462974958,257.50000381469727,4.106858065094309,,,,,,,,,,,,,,,,,,,"Ryan Franklin","1076",211041
"Blaine Boyer","NYM",3,3,,4.306220043295292,59,0,,,,62.70000076293945,272,63,32,30,5,27,1,2,44,6.315789396833096,3.875598038965763,1.6296296296296295,0.7177033405492154,0.16176470588235295,0.09926470588235294,0.06250000000000001,0.25925925925925924,1.4354066810984307,0.29591836734693877,0.6987951807228916,,,4.098576066192266,-0.05717306607704464,,,,,,,,,239.68000564575203,3.8226475714402453,249.50000381469727,3.9792663601077827,,,,,,,,,,,,,,,,,,,"Blaine Boyer","2237",430641
"Ronald Belisario","LAD",3,3,,4.16267937518545,60,0,,,,62.70000076293945,271,60,31,29,6,26,4,4,48,6.889952069272468,3.73205737085592,1.8461538461538463,0.8612440086590585,0.17712177121771217,0.0959409594095941,0.08118081180811806,0.24896265560165975,1.3716108286051671,0.2857142857142857,0.7087628865979382,,,4.226167771178794,-0.05717306607704464,,,,,,,,,240.18000564575203,3.8306220530019033,241.50000381469727,3.8516746551212555,,,,,,,,,,,,,,,,,,,"Ronald Belisario","2203",430613
"Jesse Carlson","TOR",3,3,,4.593301379514979,67,0,,,,62.70000076293945,273,65,34,32,8,20,4,4,48,6.889952069272468,2.8708133621968615,2.4,1.1483253448787447,0.17582417582417584,0.07326007326007326,0.10256410256410257,0.26104417670682734,1.3556618654818513,0.2923076923076923,0.6910569105691057,,,4.353759476165321,-0.05717306607704464,,,,,,,,,220.58000564575207,3.5180223757849123,233.50000381469727,3.7240829501347283,,,,,,,,,,,,,,,,,,,"Jesse Carlson","4391",434482
"Gabe DeHoyos","OAK",3,4,,4.736842047624822,39,0,,,,62.70000076293945,286,66,35,33,5,34,2,4,49,7.033492737382311,4.880382715734664,1.4411764705882353,0.7177033405492154,0.17132867132867133,0.11888111888111888,0.05244755244755245,0.2661290322580645,1.5948963123315898,0.3112244897959184,0.6989247311827957,,,4.369708439288637,-0.05717306607704464,,,,,,,,,214.88000564575205,3.4271132859820113,232.50000381469727,3.7081339870114123,,,,,,,,,,,,,,,,,,,"Gabe DeHoyos","sa262554",452318
"Cory Gearrin","ATL",3,4,,4.880382715734664,49,0,,,,62.70000076293945,284,63,36,34,8,35,2,4,51,7.320574073601997,5.023923383844508,1.457142857142857,1.1483253448787447,0.1795774647887324,0.12323943661971831,0.05633802816901409,0.2571428571428571,1.562998386084958,0.2925531914893617,0.7142857142857143,,,4.975769037974641,-0.05717306607704464,,,,,,,,,186.78000564575206,2.9789474222168346,194.50000381469727,3.102073388325408,,,,,,,,,,,,,,,,,,,"Cory Gearrin","7947",518715
"Ryan Tucker","TEX",3,5,,6.028708060613409,25,9,,,,62.70000076293945,305,75,45,42,7,44,2,4,35,5.023923383844508,6.315789396833096,0.7954545454545454,1.0047846767689015,0.11475409836065574,0.14426229508196722,-0.029508196721311483,0.2918287937743191,1.8979266116745919,0.31336405529953915,0.6776556776556777,,,5.709421341647172,-0.05717306607704464,,,,,,,,,108.88000564575202,1.7365231949105258,148.50000381469727,2.368421084652877,,,,,,,,,,,,,,,,,,,"Ryan Tucker","1062",457761
"Kyle Smit","CHC",4,7,,6.028708060613409,35,5,,,,62.70000076293945,295,76,45,42,10,33,1,4,37,5.311004720064194,4.736842047624822,1.121212121212121,1.4354066810984307,0.12542372881355932,0.11186440677966102,0.0135593220338983,0.29457364341085274,1.7384369804414328,0.30985915492957744,0.6736842105263158,,,5.741319267893804,-0.05717306607704464,,,,,,,,,106.38000564575205,1.6966507871022365,146.50000381469727,2.336523158406245,,,,,,,,,,,,,,,,,,,"Kyle Smit","sa326733",502361
"Darren Oliver","TEX",3,1,,3.4285714285714284,58,0,,,,63,261,58,26,24,6,18,4,3,57,8.142857142857142,2.5714285714285716,3.1666666666666665,0.8571428571428571,0.21839080459770116,0.06896551724137931,0.14942528735632185,0.24166666666666667,1.2063492063492063,0.2905027932960894,0.7396449704142013,,,3.5064138548714774,-0.05744662071811035,,,,,,,,,292.6,4.644444444444445,288,4.571428571428571,,,,,,,,,,,,,,,,,,,"Darren Oliver","206",119984
"Jesse Crain","CHW",4,3,,4.142857142857143,67,0,,,,63,274,58,31,29,7,30,3,2,61,8.714285714285714,4.285714285714286,2.033333333333333,1,0.22262773722627738,0.10948905109489052,0.11313868613138686,0.2396694214876033,1.3968253968253967,0.2897727272727273,0.7289002557544757,,,4.109588458046081,-0.05744662071811035,,,,,,,,,255.3,4.052380952380952,250,3.9682539682539684,,,,,,,,,,,,,,,,,,,"Jesse Crain","4817",430884
"Jon Link","LAD",3,3,,4.428571428571429,54,0,,,,63,280,64,33,31,6,31,2,3,50,7.142857142857143,4.428571428571429,1.6129032258064515,0.8571428571428571,0.17857142857142858,0.11071428571428571,0.06785714285714287,0.2601626016260163,1.507936507936508,0.3020833333333333,0.7159353348729792,,,4.347683696141319,-0.05744662071811035,,,,,,,,,224.00000000000003,3.555555555555556,235,3.7301587301587302,,,,,,,,,,,,,,,,,,,"Jon Link","3894",456899
"Zach Simons","DET",3,4,,5.118483474014107,45,0,,,,63.29999923706055,291,64,39,36,7,40,1,4,48,6.82464463201881,5.687203860015675,1.2,0.9952606755027431,0.16494845360824742,0.13745704467353953,0.02749140893470789,0.2591093117408907,1.6429700040045283,0.29381443298969073,0.6900212314225053,,,5.084161565805578,-0.05772017535917606,,,,,,,,,179.91999435424802,2.842338017737438,189.49999618530273,2.9936808604944702,,,,,,,,,,,,,,,,,,,"Zach Simons","sa291239",450583
"Blake King","STL",3,4,,5.118483474014107,53,0,,,,63.29999923706055,312,53,39,36,6,71,2,5,66,9.383886369025863,10.094786851527822,0.9295774647887324,0.8530805790023512,0.21153846153846154,0.22756410256410256,-0.016025641025641024,0.2245762711864407,1.9589257740053991,0.28313253012048195,0.7352941176470589,,,5.826657625307625,-0.05772017535917606,,,,,,,,,160.81999435424802,2.5406002573866067,142.49999618530273,2.251184800992424,,,,,,,,,,,,,,,,,,,"Blake King","sa326121",489021
"Craig Kimbrel","ATL",5,3,,3.532182061305478,59,0,,,,63.70000076293945,286,43,27,25,5,54,1,4,92,12.99842998560416,7.629513252419833,1.7037037037037037,0.7064364122610957,0.32167832167832167,0.1888111888111888,0.13286713286713286,0.18859649122807018,1.5227629330961394,0.2857142857142857,0.7777777777777778,,,3.941264707952499,-0.05808491719955433,,,,,,,,,308.0800056457519,4.836420752839179,263.50000381469727,4.136577718347549,,,,,,,,,,,,,,,,,,,"Craig Kimbrel","6655",518886
"Ramon Ortiz","TBR",3,3,,4.80376760337545,22,7,,,,63.70000076293945,275,68,36,34,9,23,2,3,48,6.781789557706518,3.24960749640104,2.0869565217391304,1.271585542069972,0.17454545454545456,0.08363636363636363,0.09090909090909093,0.27309236947791166,1.4285714114613266,0.30412371134020616,0.7015306122448979,,,4.632002533274459,-0.05808491719955433,,,,,,,,,201.8800056457519,3.1692308199029933,219.50000381469727,3.44583989302559,,,,,,,,,,,,,,,,,,,"Ramon Ortiz","27",150009
"Vladimir Nunez","ATL",2,2,,4.945054885827669,40,1,,,,63.70000076293945,292,67,37,35,6,37,2,3,49,6.923076840158737,5.227629450732107,1.3243243243243243,0.8477236947133148,0.1678082191780822,0.1267123287671233,0.0410958904109589,0.26587301587301587,1.6326530416700875,0.3065326633165829,0.7008368200836821,,,4.647701120213595,-0.05808491719955433,,,,,,,,,201.38000564575188,3.1613815264334253,218.50000381469727,3.4301413060864543,,,,,,,,,,,,,,,,,,,"Vladimir Nunez","532",136727
"Justin Thomas","PIT",3,4,,4.945054885827669,56,0,,,,63.70000076293945,285,66,37,35,8,32,2,3,44,6.216640427897642,4.5211930384710115,1.375,1.1302982596177529,0.1543859649122807,0.11228070175438597,0.04210526315789474,0.264,1.538461520035275,0.29,0.7027649769585254,,,4.9773714459354395,-0.05808491719955433,,,,,,,,,184.38000564575194,2.8945055484681235,197.50000381469727,3.1004709803646096,,,,,,,,,,,,,,,,,,,"Justin Thomas","9910",476206
"Joakim Soria","KCR",3,1,,2.671875,62,0,,,,64,261,52,20,19,5,18,1,3,74,10.40625,2.53125,4.111111111111111,0.703125,0.2835249042145594,0.06896551724137931,0.21455938697318008,0.21666666666666667,1.09375,0.2883435582822086,0.7936507936507936,,,2.765342426300049,-0.05835847184062004,,,,,,,,,361.9,5.6546875,340,5.3125,,,,,,,,,,,,,,,,,,,"Joakim Soria","6941",465657
"Scott Atchison","BOS",3,2,,4.078125,47,1,,,,64,272,65,31,29,6,20,2,2,48,6.75,2.8125,2.4,0.84375,0.17647058823529413,0.07352941176470588,0.10294117647058824,0.26,1.328125,0.29797979797979796,0.7049608355091385,,,3.827842426300049,-0.05835847184062004,,,,,,,,,260.8,4.075,272,4.25,,,,,,,,,,,,,,,,,,,"Scott Atchison","2642",425786
"Jordan Walden","LAA",2,1,,4.359375,63,0,,,,64,283,64,33,31,6,31,1,3,54,7.59375,4.359375,1.7419354838709677,0.84375,0.19081272084805653,0.10954063604240283,0.0812720848056537,0.2570281124497992,1.484375,0.3036649214659686,0.7159353348729792,,,4.202842426300049,-0.05835847184062004,,,,,,,,,239.4,3.740625,248,3.875,,,,,,,,,,,,,,,,,,,"Jordan Walden","3271",477229
"Chris Sampson","COL",3,3,,4.921875,50,3,,,,64,279,74,37,35,7,19,3,2,36,5.0625,2.671875,1.894736842105263,0.984375,0.12903225806451613,0.06810035842293907,0.06093189964157705,0.2868217054263566,1.453125,0.3087557603686636,0.673076923076923,,,4.359092426300049,-0.05835847184062004,,,,,,,,,204.1,3.1890625,238,3.71875,,,,,,,,,,,,,,,,,,,"Chris Sampson","2651",448200
"Jonathan Albaladejo","NYY",4,3,,4.359375,61,0,,,,64,275,62,33,31,8,24,2,5,54,7.59375,3.375,2.25,1.125,0.19636363636363635,0.08727272727272728,0.10909090909090907,0.25203252032520324,1.34375,0.2903225806451613,0.7085561497326204,,,4.374717426300049,-0.05835847184062004,,,,,,,,,235.00000000000003,3.6718750000000004,237,3.703125,,,,,,,,,,,,,,,,,,,"Jonathan Albaladejo","3521",452293
"Daryl Thompson","CIN",3,3,,4.359375,14,13,,,,64,276,64,33,31,8,22,2,4,44,6.1875,3.09375,2,1.125,0.15942028985507245,0.07971014492753623,0.07971014492753623,0.256,1.34375,0.28,0.7085561497326204,,,4.546592426300049,-0.05835847184062004,,,,,,,,,218.80000000000004,3.4187500000000006,226,3.53125,,,,,,,,,,,,,,,,,,,"Daryl Thompson","6603",444354
"Greg Holland","KCR",3,4,,4.921875,44,0,,,,64,294,66,37,35,7,38,1,4,51,7.171875,5.34375,1.3421052631578947,0.984375,0.17346938775510204,0.1292517006802721,0.044217687074829926,0.2619047619047619,1.625,0.3010204081632653,0.7112526539278131,,,4.874717426300049,-0.05835847184062004,,,,,,,,,191.9,2.9984375,205,3.203125,,,,,,,,,,,,,,,,,,,"Greg Holland","7196",518813
"Justin Berg","CHC",3,4,,4.78125,55,0,,,,64,290,67,36,34,6,34,2,4,32,4.5,4.78125,0.9411764705882353,0.84375,0.1103448275862069,0.11724137931034483,-0.006896551724137931,0.26587301587301587,1.578125,0.2824074074074074,0.7019438444924406,,,5.077842426300049,-0.05835847184062004,,,,,,,,,175.6,2.74375,192,3,,,,,,,,,,,,,,,,,,,"Justin Berg","1973",448753
"Adalberto Mendez",,4,6,,5.34375,42,5,,,,64,302,67,41,38,7,43,2,5,52,7.3125,6.046875,1.2093023255813953,0.984375,0.17218543046357615,0.1423841059602649,0.029801324503311244,0.2637795275590551,1.71875,0.30456852791878175,0.688622754491018,,,5.124717426300049,-0.05835847184062004,,,,,,,,,173.29999999999998,2.7078124999999997,189,2.953125,,,,,,,,,,,,,,,,,,,"Adalberto Mendez","3752",458657
"Jim Miller","COL",2,4,,5.765625,48,0,,,,64,293,75,44,41,11,27,2,4,44,6.1875,3.796875,1.6296296296296295,1.546875,0.15017064846416384,0.09215017064846416,0.058020477815699675,0.2862595419847328,1.59375,0.3062200956937799,0.6697459584295612,,,5.390342426300049,-0.05835847184062004,,,,,,,,,138.3,2.1609375,172,2.6875,,,,,,,,,,,,,,,,,,,"Jim Miller","7458",461848
"Alexi Ogando","TEX",4,1,,3.07931556147239,57,0,,,,64.30000305175781,273,51,24,22,6,31,2,3,67,9.377915573575006,4.339035563892913,2.161290322580645,0.8398133349470155,0.2454212454212454,0.11355311355311355,0.13186813186813184,0.21338912133891214,1.2752721012158383,0.26785714285714285,0.7880434782608696,,,3.7932389708845435,-0.058632029960121734,,,,,,,,,301.42002258300784,4.687713970097047,275.50001525878906,4.284603455415505,,,,,,,,,,,,,,,,,,,"Alexi Ogando","10261",468396
"Shawn Camp","TOR",4,3,,4.059097785577241,58,0,,,,64.30000305175781,273,65,31,29,7,19,4,3,47,6.578537790418288,2.6594088939988825,2.473684210526316,0.9797822241048514,0.17216117216117216,0.0695970695970696,0.10256410256410256,0.2589641434262948,1.3063762988064684,0.2914572864321608,0.7142857142857143,,,4.0576246504049,-0.058632029960121734,,,,,,,,,248.7200225830078,3.8681183635839402,258.50001525878906,4.020217775895149,,,,,,,,,,,,,,,,,,,"Shawn Camp","1855",425861
"Mike Dunn",,2,3,,4.6189733422085855,56,0,,,,64.30000305175781,301,57,35,33,6,56,2,3,71,9.93779113020635,7.838257792838811,1.2678571428571428,0.8398133349470155,0.23588039867109634,0.18604651162790697,0.04983388704318936,0.23553719008264462,1.7573871638706065,0.30538922155688625,0.745697896749522,,,4.8352295901706555,-0.058632029960121734,,,,,,,,,218.82002258300778,3.4031106096040187,208.50001525878906,3.2426128361293935,,,,,,,,,,,,,,,,,,,"Mike Dunn","9948",445197
"Sean Henn","TOR",2,3,,6.15863112294478,37,4,,,,64.30000305175781,313,79,47,44,8,43,2,4,43,6.018662233786944,6.018662233786944,1,1.1197511132626872,0.13738019169329074,0.13738019169329074,0,0.29699248120300753,1.8973560530284423,0.3271889400921659,0.6768953068592058,,,5.55062613475515,-0.058632029960121734,,,,,,,,,117.02002258300783,1.819906952240942,162.50001525878906,2.527216291544899,,,,,,,,,,,,,,,,,,,"Sean Henn","2147",430675
"Jonathan Papelbon","BOS",6,2,,3.1993819128862246,63,0,,,,64.69999694824219,270,55,25,23,6,21,2,2,75,10.432767107237689,2.9211747900265532,3.5714285714285716,0.8346213685790151,0.2777777777777778,0.07777777777777778,0.2,0.22267206477732793,1.174652296518614,0.2916666666666667,0.7544378698224853,,,3.0314745724901035,-0.058996764843628036,,,,,,,,,342.9799774169922,5.301081817536477,326.49998474121094,5.0463678538099455,,,,,,,,,,,,,,,,,,,"Jonathan Papelbon","5975",449097
"Ryan Madson","PHI",6,2,,3.060278351456389,64,0,,,,64.69999694824219,266,56,24,22,6,18,3,3,68,9.459042177228838,2.5038641057370454,3.7777777777777777,0.8346213685790151,0.2556390977443609,0.06766917293233082,0.18796992481203006,0.22857142857142856,1.1437403939786503,0.28901734104046245,0.7621951219512195,,,3.155122182649958,-0.058996764843628036,,,,,,,,,332.37997741699223,5.137248734074671,318.49998474121094,4.922720243650091,,,,,,,,,,,,,,,,,,,"Ryan Madson","1852",425492
"Carlos Fisher","CIN",3,3,,4.03400328146524,51,0,,,,64.69999694824219,281,59,31,29,6,32,2,3,60,8.346213685790152,4.451313965754748,1.875,0.8346213685790151,0.21352313167259787,0.11387900355871886,0.09964412811387902,0.23983739837398374,1.4064915655683403,0.29120879120879123,0.7263922518159807,,,4.0515673563089,-0.058996764843628036,,,,,,,,,266.57997741699216,4.1202471405098695,260.49998474121094,4.026275069991149,,,,,,,,,,,,,,,,,,,"Carlos Fisher","9832",457567
"Chien-Ming Wang","WSN",4,4,,4.5904175271845835,12,11,,,,64.69999694824219,282,70,35,33,6,25,1,2,39,5.425038895763599,3.4775890357458965,1.56,0.8346213685790151,0.13829787234042554,0.08865248226950355,0.04964539007092199,0.27450980392156865,1.4683153706482674,0.3018867924528302,0.6928406466512702,,,4.329774479168572,-0.058996764843628036,,,,,,,,,219.9799774169922,3.39999981132872,242.49998474121094,3.748067947131477,,,,,,,,,,,,,,,,,,,"Chien-Ming Wang","2074",425426
"Levale Speigner","SEA",4,6,,5.007728211474091,47,0,,,,64.69999694824219,291,75,39,36,7,25,2,4,33,4.5904175271845835,3.4775890357458965,1.32,0.9737249300088511,0.1134020618556701,0.0859106529209622,0.027491408934707903,0.2862595419847328,1.5455951269981762,0.30357142857142855,0.6762749445676275,,,4.808908968538006,-0.058996764843628036,,,,,,,,,176.6799774169922,2.7307571213385096,211.49998474121094,3.2689334577620426,,,,,,,,,,,,,,,,,,,"Levale Speigner","5717",446453
"Craig Breslow","OAK",5,3,,3.4615384615384617,71,0,,,,65,273,54,27,25,7,27,2,1,62,8.584615384615384,3.7384615384615385,2.2962962962962963,0.9692307692307692,0.2271062271062271,0.0989010989010989,0.1282051282051282,0.22040816326530613,1.2461538461538462,0.2640449438202247,0.7584269662921348,,,3.8624578109154335,-0.05927032296312973,,,,,,,,,294.5,4.530769230769231,274,4.2153846153846155,,,,,,,,,,,,,,,,,,,"Craig Breslow","4363",444520
"Sean Burnett","WSN",4,2,,3.4615384615384617,74,0,,,,65,276,55,27,25,6,29,5,2,60,8.307692307692308,4.015384615384615,2.0689655172413794,0.8307692307692308,0.21739130434782608,0.10507246376811594,0.11231884057971014,0.22448979591836735,1.2923076923076924,0.27071823204419887,0.7539682539682541,,,3.8624578109154335,-0.05927032296312973,,,,,,,,,291.2,4.4799999999999995,274,4.2153846153846155,,,,,,,,,,,,,,,,,,,"Sean Burnett","1886",430634
"Justin De Fratus","PHI",3,2,,4.015384615384615,54,0,,,,65,280,64,31,29,6,22,2,4,50,6.923076923076923,3.046153846153846,2.272727272727273,0.8307692307692308,0.17857142857142858,0.07857142857142857,0.1,0.25196850393700787,1.323076923076923,0.29,0.7087628865979382,,,3.9393808878385106,-0.05927032296312973,,,,,,,,,262.79999999999995,4.043076923076923,269,4.138461538461539,,,,,,,,,,,,,,,,,,,"Justin De Fratus","4955",518603
"Joel Peralta","TBR",3,2,,3.6,55,0,,,,65,272,57,28,26,8,21,3,3,59,8.169230769230769,2.9076923076923076,2.8095238095238093,1.1076923076923078,0.21691176470588236,0.07720588235294118,0.13970588235294118,0.22983870967741934,1.2,0.2677595628415301,0.7485029940119761,,,3.9701501186077413,-0.05927032296312973,,,,,,,,,280.4,4.313846153846153,267,4.107692307692307,,,,,,,,,,,,,,,,,,,"Joel Peralta","2332",407908
"Jose Veras","PIT",3,4,,4.153846153846154,63,0,,,,65,289,60,32,30,7,34,2,4,59,8.169230769230769,4.707692307692308,1.7352941176470589,0.9692307692307692,0.2041522491349481,0.11764705882352941,0.08650519031141868,0.23904382470119523,1.4461538461538461,0.28342245989304815,0.7363420427553444,,,4.416303964761587,-0.05927032296312973,,,,,,,,,242.89999999999998,3.736923076923077,238,3.6615384615384614,,,,,,,,,,,,,,,,,,,"Jose Veras","2063",407842
"Jeff Weaver","LAD",4,4,,4.707692307692308,33,6,,,,65,288,68,36,34,8,26,5,3,45,6.230769230769231,3.6,1.7307692307692308,1.1076923076923078,0.15625,0.09027777777777778,0.06597222222222222,0.2625482625482625,1.4461538461538461,0.28846153846153844,0.7004830917874396,,,4.631688580146203,-0.05927032296312973,,,,,,,,,208.8,3.2123076923076925,224,3.4461538461538463,,,,,,,,,,,,,,,,,,,"Jeff Weaver","503",213711
"Robert Hinton","MIL",3,4,,5.4,49,0,,,,65,300,67,42,39,10,40,2,4,56,7.753846153846154,5.538461538461538,1.4,1.3846153846153846,0.18666666666666668,0.13333333333333333,0.053333333333333344,0.26171875,1.646153846153846,0.296875,0.6989247311827957,,,5.3855347339923565,-0.05927032296312973,,,,,,,,,163.79999999999998,2.5199999999999996,175,2.6923076923076925,,,,,,,,,,,,,,,,,,,"Robert Hinton","sa251522",447764
"Darren O'Day","TEX",4,2,,3.1699845379169207,68,0,,,,65.30000305175781,269,57,25,23,6,18,3,5,54,7.4425723933701615,2.4808574644567205,3,0.8269524881522402,0.20074349442379183,0.06691449814126393,0.1338289962825279,0.23170731707317074,1.148545122433667,0.2712765957446808,0.7507507507507508,,,3.6750858899655556,-0.05954388108263142,,,,,,,,,300.2200225830079,4.597549901261854,287.50001525878906,4.402756536334493,,,,,,,,,,,,,,,,,,,"Darren O'Day","3321",503285
"Kevin Jepsen","LAA",4,4,,4.272587855453241,65,0,,,,65.30000305175781,289,64,33,31,5,34,4,2,62,8.545175710906483,4.686064099529361,1.8235294117647058,0.6891270734602002,0.21453287197231835,0.11764705882352941,0.09688581314878894,0.25296442687747034,1.500765626646658,0.31382978723404253,0.7142857142857143,,,3.828225239623378,-0.05954388108263142,,,,,,,,,271.3200225830079,4.154977180750748,277.50001525878906,4.249617186676671,,,,,,,,,,,,,,,,,,,"Kevin Jepsen","6475",448178
"Cody Eppley","TEX",4,2,,4.272587855453241,47,0,,,,65.30000305175781,281,66,33,31,7,23,2,4,51,7.029096149294041,3.1699845379169207,2.217391304347826,0.9647779028442802,0.18149466192170818,0.08185053380782918,0.099644128113879,0.25984251968503935,1.3629402119546181,0.29797979797979796,0.7070707070707071,,,4.149817873904805,-0.05954388108263142,,,,,,,,,246.5200225830079,3.7751915935993483,256.50001525878906,3.9280245523952444,,,,,,,,,,,,,,,,,,,"Cody Eppley","9095",543136
"Roy Corcoran","HOU",3,5,,4.961714928913441,47,2,,,,65.30000305175781,292,72,39,36,6,32,2,3,37,5.099540343605481,4.410413270145281,1.15625,0.8269524881522402,0.1267123287671233,0.1095890410958904,0.01712328767123289,0.2801556420233463,1.5926492364413514,0.3055555555555556,0.6799163179916319,,,4.747061337570312,-0.05954388108263142,,,,,,,,,191.22002258300788,2.9283309899915912,217.50001525878906,3.3307810887297373,,,,,,,,,,,,,,,,,,,"Roy Corcoran","1780",429981
"Greg Burke","SDP",3,4,,4.823889514221401,59,0,,,,65.30000305175781,288,67,37,35,10,28,3,3,50,6.891270734602002,3.859111611377121,1.7857142857142858,1.3782541469204004,0.1736111111111111,0.09722222222222222,0.07638888888888888,0.2607003891050584,1.4548238217493115,0.2864321608040201,0.7160493827160493,,,4.961456427091263,-0.05954388108263142,,,,,,,,,193.0200225830079,2.9558960729299995,203.50001525878906,3.116385999208786,,,,,,,,,,,,,,,,,,,"Greg Burke","6282",457566
"Heath Bell","SDP",6,2,,2.7397261546572405,63,0,,,,65.69999694824219,270,52,21,20,4,26,2,1,76,10.410959387697513,3.5616440010544124,2.923076923076923,0.5479452309314481,0.2814814814814815,0.0962962962962963,0.1851851851851852,0.2139917695473251,1.1872146670181376,0.2909090909090909,0.7872928176795579,,,2.7886491099751183,-0.059908615966137724,,,,,,,,,372.7799774169922,5.673972522565939,347.49998474121094,5.289193316324931,,,,,,,,,,,,,,,,,,,"Heath Bell","2080",425514
"Chris Perez","CLE",4,2,,3.1506850778558264,67,0,,,,65.69999694824219,278,51,25,23,6,31,2,5,74,10.13698677223179,4.246575539718723,2.3870967741935485,0.8219178463971721,0.26618705035971224,0.11151079136690648,0.15467625899280577,0.21074380165289255,1.248097470454965,0.27439024390243905,0.7744565217391305,,,3.656229058949911,-0.059908615966137724,,,,,,,,,319.7799774169922,4.8672753770279735,290.49998474121094,4.4216133673501385,,,,,,,,,,,,,,,,,,,"Chris Perez","5213",453198
"Casey Janssen","TOR",4,3,,4.246575539718723,60,0,,,,65.69999694824219,286,69,33,31,7,21,2,4,52,7.123288002108825,2.8767124623901026,2.4761904761904763,0.9589041541300342,0.18181818181818182,0.07342657342657342,0.1083916083916084,0.26436781609195403,1.3698630773286202,0.30392156862745096,0.71072319201995,,,4.021525879570876,-0.059908615966137724,,,,,,,,,249.67997741699216,3.8003042467975696,266.49998474121094,4.056316546729173,,,,,,,,,,,,,,,,,,,"Casey Janssen","7355",445163
"Jess Todd","CLE",4,3,,4.383561847451585,59,0,,,,65.69999694824219,288,65,34,32,8,27,2,3,61,8.356164771704583,3.6986303087872745,2.259259259259259,1.0958904618628962,0.21180555555555555,0.09375,0.11805555555555555,0.25193798449612403,1.400304479047034,0.29842931937172773,0.7178217821782178,,,4.173732888162945,-0.059908615966137724,,,,,,,,,250.7799774169922,3.817047017742698,256.49998474121094,3.904109538137104,,,,,,,,,,,,,,,,,,,"Jess Todd","3805",519357
"Juan Gutierrez","ARI",4,3,,4.246575539718723,64,0,,,,65.69999694824219,286,63,33,31,8,27,5,4,58,7.9452058485059975,3.6986303087872745,2.1481481481481484,1.0958904618628962,0.20279720279720279,0.0944055944055944,0.10839160839160839,0.24705882352941178,1.3698630773286202,0.2879581151832461,0.7233502538071066,,,4.310719195895807,-0.059908615966137724,,,,,,,,,246.9799774169922,3.7592083544777117,247.49998474121094,3.7671232304042417,,,,,,,,,,,,,,,,,,,"Juan Gutierrez","3265",434641
"Dale Thayer","TBR",2,3,,4.931507078383032,53,0,,,,65.69999694824219,296,77,39,36,6,26,2,3,41,5.616438617047343,3.5616440010544124,1.5769230769230769,0.8219178463971721,0.13851351351351351,0.08783783783783784,0.05067567567567567,0.2883895131086142,1.5677321884983098,0.31981981981981983,0.6765327695560254,,,4.341160597614221,-0.059908615966137724,,,,,,,,,207.17997741699216,3.153424460281277,245.49998474121094,3.736681828685828,,,,,,,,,,,,,,,,,,,"Dale Thayer","5032",445612
"Josh Outman","OAK",3,4,,4.794520770650171,21,10,,,,65.69999694824219,295,70,37,35,7,32,1,2,50,6.849315386643101,4.383561847451585,1.5625,0.9589041541300342,0.1694915254237288,0.10847457627118644,0.06101694915254237,0.2681992337164751,1.5525114876391028,0.3058252427184466,0.7049891540130152,,,4.49336760620629,-0.059908615966137724,,,,,,,,,216.07997741699216,3.2888886979282184,235.49998474121094,3.5844748200937593,,,,,,,,,,,,,,,,,,,"Josh Outman","4004",489189
"Brendan Wise","DET",3,4,,4.931507078383032,43,0,,,,65.69999694824219,300,78,39,36,5,28,2,4,25,3.4246576933215507,3.8356166165201366,0.8928571428571429,0.6849315386643101,0.08333333333333333,0.09333333333333334,-0.010000000000000009,0.291044776119403,1.6133942910759305,0.30416666666666664,0.6767676767676768,,,4.767340221672014,-0.059908615966137724,,,,,,,,,175.87997741699218,2.6770165233881014,217.49998474121094,3.310502204628035,,,,,,,,,,,,,,,,,,,"Brendan Wise","sa291553",489436
"Steve Edlefsen","SFG",4,6,,4.931507078383032,48,0,,,,65.69999694824219,305,65,39,36,7,46,2,4,48,6.575342771177377,6.301370155711653,1.0434782608695652,0.9589041541300342,0.15737704918032788,0.15081967213114755,0.00655737704918033,0.2549019607843137,1.689497795371965,0.2871287128712871,0.7114624505928854,,,5.284844050885049,-0.059908615966137724,,,,,,,,,177.07997741699216,2.6952813644191496,183.49998474121094,2.7929983754150007,,,,,,,,,,,,,,,,,,,"Steve Edlefsen","2185",453580
"Atahualpa Severino","WSN",4,6,,5.205479693848757,50,0,,,,65.69999694824219,303,68,41,38,8,41,2,4,44,6.0273975402459286,5.616438617047343,1.0731707317073171,1.0958904618628962,0.14521452145214522,0.1353135313531353,0.00990099009900991,0.26356589147286824,1.6590563936535512,0.28846153846153844,0.6952965235173825,,,5.376168256040289,-0.059908615966137724,,,,,,,,,163.9799774169922,2.4958901831635396,177.49998474121094,2.7016741702597593,,,,,,,,,,,,,,,,,,,"Atahualpa Severino","5332",463037
"Ramon E Ramirez","SFG",4,2,,3.5454545454545454,68,0,,,,66,277,57,28,26,6,29,4,1,56,7.636363636363637,3.9545454545454546,1.9310344827586208,0.8181818181818182,0.20216606498194944,0.10469314079422383,0.09747292418772562,0.23076923076923078,1.303030303030303,0.2727272727272727,0.7474226804123711,,,3.9263272747848976,-0.06018217408563942,,,,,,,,,288.4000000000001,4.369696969696971,274,4.151515151515151,,,,,,,,,,,,,,,,,,,"Ramon E Ramirez","7986",430673
"Jerry Blevins","OAK",3,3,,4.5,67,0,,,,66,290,70,35,33,8,23,2,3,59,8.045454545454545,3.1363636363636362,2.5652173913043477,1.0909090909090908,0.20344827586206896,0.07931034482758621,0.12413793103448274,0.26515151515151514,1.4090909090909092,0.31155778894472363,0.7090464547677262,,,4.047539395997019,-0.06018217408563942,,,,,,,,,248.0000000000001,3.757575757575759,266,4.03030303030303,,,,,,,,,,,,,,,,,,,"Jerry Blevins","7841",460283
"Matt Reynolds","COL",5,3,,3.9545454545454546,60,0,,,,66,284,63,31,29,7,24,1,5,56,7.636363636363637,3.272727272727273,2.3333333333333335,0.9545454545454546,0.19718309859154928,0.08450704225352113,0.11267605633802816,0.24705882352941178,1.3181818181818181,0.28865979381443296,0.7253886010362695,,,4.077842426300049,-0.06018217408563942,,,,,,,,,263.50000000000006,3.992424242424243,264,4,,,,,,,,,,,,,,,,,,,"Matt Reynolds","8887",519186
"Sandy Rosario",,3,5,,5.181818181818182,26,5,,,,66,298,80,41,38,8,22,2,5,52,7.090909090909091,3,2.3636363636363638,1.0909090909090908,0.174496644295302,0.0738255033557047,0.10067114093959731,0.2952029520295203,1.5454545454545454,0.3380281690140845,0.6718061674008811,,,4.3051151535727765,-0.06018217408563942,,,,,,,,,205.0000000000001,3.1060606060606077,249,3.772727272727273,,,,,,,,,,,,,,,,,,,"Sandy Rosario","1525",466459
"Joe Bateman","TBR",4,3,,4.2272727272727275,50,1,,,,66,294,65,33,31,5,34,2,4,48,6.545454545454546,4.636363636363637,1.411764705882353,0.6818181818181818,0.16326530612244897,0.11564625850340136,0.0476190476190476,0.25390625,1.5,0.2926829268292683,0.717391304347826,,,4.335418183875807,-0.06018217408563942,,,,,,,,,239.9000000000001,3.634848484848486,247,3.742424242424242,,,,,,,,,,,,,,,,,,,"Joe Bateman","sa201981",461213
"Carlos Rosa","ARI",3,4,,4.909090909090909,51,0,,,,66,299,67,39,36,7,37,3,3,53,7.2272727272727275,5.045454545454546,1.4324324324324325,0.9545454545454546,0.17725752508361203,0.12374581939799331,0.05351170568561872,0.25868725868725867,1.5757575757575757,0.29850746268656714,0.6900212314225053,,,4.66875151720914,-0.06018217408563942,,,,,,,,,214.10000000000005,3.2439393939393946,225,3.409090909090909,,,,,,,,,,,,,,,,,,,"Carlos Rosa","8529",460349
"Danny Farquhar","TOR",3,4,,5.318181818181818,56,0,,,,66,313,62,42,39,9,56,2,4,60,8.181818181818182,7.636363636363637,1.0714285714285714,1.2272727272727273,0.19169329073482427,0.17891373801916932,0.012779552715654952,0.2450592885375494,1.7878787878787878,0.2849462365591398,0.7210626185958254,,,5.759660608118231,-0.06018217408563942,,,,,,,,,156.50000000000009,2.3712121212121224,153,2.3181818181818183,,,,,,,,,,,,,,,,,,,"Danny Farquhar","8501",543144
"Tim Lahey","MIN",3,5,,6.2727272727272725,47,1,,,,66,316,80,49,46,10,41,2,4,37,5.045454545454546,5.590909090909091,0.9024390243902439,1.3636363636363635,0.11708860759493671,0.12974683544303797,-0.012658227848101264,0.2952029520295203,1.8333333333333333,0.30973451327433627,0.6728971962616822,,,5.971781820239443,-0.06018217408563942,,,,,,,,,96.40000000000009,1.460606060606062,139,2.106060606060606,,,,,,,,,,,,,,,,,,,"Tim Lahey","sa253236",448811
"Dontrelle Willis","CIN",2,5,,6.136363636363637,17,14,,,,66,321,71,48,45,9,58,1,4,45,6.136363636363637,7.909090909090909,0.7758620689655172,1.2272727272727273,0.14018691588785046,0.1806853582554517,-0.04049844236760125,0.27413127413127414,1.9545454545454546,0.2995169082125604,0.6958762886597938,,,6.3051151535727765,-0.06018217408563942,,,,,,,,,97.10000000000011,1.4712121212121227,117,1.7727272727272727,,,,,,,,,,,,,,,,,,,"Dontrelle Willis","1703",425883
"Alexander Smit","CIN",2,6,,6.681818181818182,17,13,,,,66,324,74,52,49,13,53,2,5,49,6.681818181818182,7.2272727272727275,0.9245283018867925,1.7727272727272727,0.15123456790123457,0.16358024691358025,-0.012345679012345678,0.2781954887218045,1.9242424242424243,0.2961165048543689,0.6893382352941176,,,6.789963638421261,-0.06018217408563942,,,,,,,,,60.10000000000008,0.9106060606060619,85,1.2878787878787878,,,,,,,,,,,,,,,,,,,"Alexander Smit","sa226235",471839
"Juan Carlos Oviedo",,5,3,,3.665158202335216,69,0,,,,66.30000305175781,281,61,29,27,7,23,3,2,62,8.416289205362348,3.122171801989258,2.6956521739130435,0.9502262006054264,0.2206405693950178,0.08185053380782918,0.1387900355871886,0.23828125,1.2669682674739018,0.2857142857142857,0.7412398921832883,,,3.711326560037,-0.06045573220514111,,,,,,,,,294.9200225830077,4.4482655958971105,289.50001525878906,4.366515866263049,,,,,,,,,,,,,,,,,,,"Juan Carlos Oviedo","2886",434663
"Clay Hensley",,4,3,,3.665158202335216,64,0,,,,66.30000305175781,285,60,29,27,5,31,3,3,58,7.87330280501639,4.208144602681174,1.8709677419354838,0.6787330004324474,0.20350877192982456,0.10877192982456141,0.09473684210526315,0.23904382470119523,1.3725489564300604,0.2894736842105263,0.7380952380952381,,,3.8470731601234895,-0.06045573220514111,,,,,,,,,287.12002258300777,4.33061854248882,280.50001525878906,4.2307692661765595,,,,,,,,,,,,,,,,,,,"Clay Hensley","4593",454535
"Kanekoa Texeira","KCR",2,3,,4.886877603113621,49,0,,,,66.30000305175781,296,73,39,36,6,31,2,3,40,5.4298640034595795,4.208144602681174,1.2903225806451613,0.8144796005189369,0.13513513513513514,0.10472972972972973,0.030405405405405414,0.2786259541984733,1.5686273787772118,0.3073394495412844,0.6799163179916319,,,4.586137982816599,-0.06045573220514111,,,,,,,,,205.02002258300774,3.092307890588733,231.50001525878906,3.4917044434834503,,,,,,,,,,,,,,,,,,,"Kanekoa Texeira","334",444427
"Dellin Betances","NYY",5,4,,4.615384402940642,16,16,,,,66.30000305175781,297,66,36,34,8,34,2,4,56,7.601809604843411,4.615384402940642,1.6470588235294117,1.0859728006919158,0.18855218855218855,0.11447811447811448,0.07407407407407407,0.2548262548262548,1.50829555651655,0.29441624365482233,0.7207207207207208,,,4.676635716207592,-0.06045573220514111,,,,,,,,,218.6200225830078,3.2974360862749843,225.50001525878906,3.401206710092457,,,,,,,,,,,,,,,,,,,"Dellin Betances","6216",476454
"Francisco Rodriguez","LAA",4,4,,4.886877603113621,49,0,,,,66.30000305175781,301,69,39,36,7,35,3,3,48,6.515836804151495,4.751131003027132,1.3714285714285714,0.9502262006054264,0.15946843853820597,0.11627906976744186,0.04318936877076411,0.2623574144486692,1.5686273787772118,0.29523809523809524,0.6900212314225053,,,4.721884582903089,-0.06045573220514111,,,,,,,,,207.12002258300774,3.1239820972755803,222.50001525878906,3.355957843396961,,,,,,,,,,,,,,,,,,,"Francisco Rodriguez","6688",477557
"Daniel Turpen","NYY",5,6,,5.29411740337309,50,0,,,,66.30000305175781,307,78,42,39,7,33,2,4,40,5.4298640034595795,4.479637802854153,1.2121212121212122,0.9502262006054264,0.13029315960912052,0.10749185667752444,0.022801302931596087,0.28888888888888886,1.6742080677333704,0.31555555555555553,0.6818181818181818,,,4.91796300525024,-0.06045573220514111,,,,,,,,,170.72002258300773,2.574962514703556,209.50001525878906,3.1598794210498093,,,,,,,,,,,,,,,,,,,"Daniel Turpen","sa389922",446305
"Kyle Middleton","OAK",3,6,,5.837103803719048,17,10,,,,66.30000305175781,309,79,46,43,10,32,2,4,36,4.886877603113621,4.343891202767663,1.125,1.3574660008648949,0.11650485436893204,0.10355987055016182,0.012944983818770225,0.2893772893772894,1.6742080677333704,0.30131004366812225,0.6701030927835051,,,5.581613050117522,-0.06045573220514111,,,,,,,,,126.22002258300776,1.9037709920536918,165.50001525878906,2.4962293761825274,,,,,,,,,,,,,,,,,,,"Kyle Middleton","sa199485",452706
"Francisco Cordero","CIN",6,4,,3.778111117389507,69,0,,,,66.69999694824219,288,60,30,28,6,33,2,2,61,8.230884934312854,4.452773816923347,1.8484848484848484,0.8095952394406086,0.21180555555555555,0.11458333333333333,0.09722222222222222,0.23715415019762845,1.394302912369937,0.2872340425531915,0.7446808510638299,,,3.992385196779255,-0.06082046708864741,,,,,,,,,280.77997741699227,4.20959505642664,272.49998474121094,4.085457229520794,,,,,,,,,,,,,,,,,,,"Francisco Cordero","1243",150188
"Jeff Fulchino","HOU",3,3,,4.317841277016579,51,1,,,,66.69999694824219,293,67,34,32,7,28,2,3,56,7.556222234779014,3.778111117389507,2,0.9445277793473768,0.19112627986348124,0.09556313993174062,0.09556313993174062,0.25572519083969464,1.4242879212381079,0.29850746268656714,0.715962441314554,,,4.157302745554194,-0.06082046708864741,,,,,,,,,252.27997741699224,3.782308680055207,261.49998474121094,3.920539680745855,,,,,,,,,,,,,,,,,,,"Jeff Fulchino","3532",445246
"Nate Bump","PHI",4,5,,5.1274365164571885,14,13,,,,66.69999694824219,296,80,41,38,8,23,2,4,27,3.6431785774827388,3.1034484178556663,1.173913043478261,1.0794603192541448,0.09121621621621621,0.0777027027027027,0.013513513513513514,0.29739776951672864,1.5442279567107906,0.3050847457627119,0.6753812636165577,,,5.041860507165229,-0.06082046708864741,,,,,,,,,160.1799774169923,2.4014990216759475,202.49998474121094,3.03598191913482,,,,,,,,,,,,,,,,,,,"Nate Bump","1755",425546
"David Robertson","NYY",5,3,,3.4925373134328357,60,0,,,,67,289,56,28,26,6,34,4,3,83,11.149253731343284,4.567164179104478,2.4411764705882355,0.8059701492537313,0.28719723183391005,0.11764705882352941,0.16955017301038064,0.2222222222222222,1.3432835820895523,0.30303030303030304,0.7598039215686275,,,3.421126008389601,-0.061094025208149105,,,,,,,,,331.4,4.946268656716417,312,4.656716417910448,,,,,,,,,,,,,,,,,,,"David Robertson","8241",502085
"Matt Capps","MIN",5,4,,3.8955223880597014,67,0,,,,67,282,68,31,29,7,18,3,1,55,7.388059701492537,2.417910447761194,3.0555555555555554,0.9402985074626866,0.1950354609929078,0.06382978723404255,0.13120567375886527,0.2585551330798479,1.2835820895522387,0.30049261083743845,0.7217847769028871,,,3.6450066054045265,-0.061094025208149105,,,,,,,,,285.8999999999999,4.267164179104476,297,4.432835820895522,,,,,,,,,,,,,,,,,,,"Matt Capps","4788",448165
"Josh Wilkie","WSN",5,4,,3.8955223880597014,53,0,,,,67,290,68,31,29,5,24,2,4,49,6.582089552238806,3.2238805970149254,2.0416666666666665,0.6716417910447762,0.16896551724137931,0.08275862068965517,0.08620689655172414,0.2595419847328244,1.373134328358209,0.3,0.7176470588235294,,,3.8390364561507955,-0.061094025208149105,,,,,,,,,271.49999999999994,4.052238805970148,284,4.2388059701492535,,,,,,,,,,,,,,,,,,,"Josh Wilkie","sa329014",503427
"Ernesto Frieri","SDP",4,3,,3.3582089552238807,68,0,,,,67,289,51,27,25,6,39,3,3,74,9.940298507462687,5.2388059701492535,1.8974358974358974,0.8059701492537313,0.2560553633217993,0.13494809688581316,0.12110726643598613,0.20647773279352227,1.3432835820895523,0.26627218934911245,0.7720588235294118,,,3.913663321822437,-0.061094025208149105,,,,,,,,,311.4,4.64776119402985,279,4.164179104477612,,,,,,,,,,,,,,,,,,,"Ernesto Frieri","5178",457117
"Patrick Keating","KCR",2,2,,4.701492537313433,42,0,,,,67,302,65,37,35,8,39,2,4,65,8.73134328358209,5.2388059701492535,1.6666666666666667,1.0746268656716418,0.2152317880794702,0.1291390728476821,0.08609271523178808,0.25096525096525096,1.5522388059701493,0.30319148936170215,0.7219827586206897,,,4.61515585913587,-0.061094025208149105,,,,,,,,,229.39999999999998,3.423880597014925,232,3.462686567164179,,,,,,,,,,,,,,,,,,,"Patrick Keating","sa502009",572964
"Ryan Reid","TBR",3,4,,5.104477611940299,47,0,,,,67,315,74,41,38,5,43,2,4,46,6.17910447761194,5.776119402985074,1.069767441860465,0.6716417910447762,0.14603174603174604,0.1365079365079365,0.009523809523809545,0.27611940298507465,1.7462686567164178,0.3150684931506849,0.6909090909090909,,,4.779334963613482,-0.061094025208149105,,,,,,,,,192.89999999999995,2.8791044776119397,221,3.298507462686567,,,,,,,,,,,,,,,,,,,"Ryan Reid","9385",474256
"Jose Marte","ARI",3,4,,5.2388059701492535,49,0,,,,67,306,72,42,39,9,37,2,4,49,6.582089552238806,4.970149253731344,1.3243243243243243,1.208955223880597,0.16013071895424835,0.12091503267973856,0.03921568627450979,0.27169811320754716,1.626865671641791,0.3014354066985646,0.6950207468879668,,,5.197245411374675,-0.061094025208149105,,,,,,,,,172.89999999999995,2.5805970149253725,193,2.8805970149253732,,,,,,,,,,,,,,,,,,,"Jose Marte","sa295503",457484
"Rafael Rodriguez","ARI",3,4,,5.104477611940299,50,0,,,,67,300,74,41,38,10,27,1,4,35,4.701492537313433,3.626865671641791,1.2962962962962963,1.3432835820895523,0.11666666666666667,0.09,0.026666666666666672,0.275092936802974,1.507462686567164,0.2831858407079646,0.6896551724137931,,,5.361424515852288,-0.061094025208149105,,,,,,,,,157.39999999999995,2.349253731343283,182,2.716417910447761,,,,,,,,,,,,,,,,,,,"Rafael Rodriguez","6417",444126
"Sean Marshall","CHC",6,3,,3.209509512709573,72,0,,,,67.30000305175781,280,58,26,24,6,24,4,2,71,9.494798975099155,3.209509512709573,2.9583333333333335,0.8023773781773933,0.25357142857142856,0.08571428571428572,0.16785714285714284,0.2283464566929134,1.2184249076027083,0.2905027932960894,0.7608695652173914,,,3.2858661910127065,-0.0613675833276508,,,,,,,,,337.42002258300784,5.013670241939086,322.50001525878906,4.7919762352873425,,,,,,,,,,,,,,,,,,,"Sean Marshall","5905",445156
"Daniel Herrera","CIN",5,4,,3.8781573278574006,68,0,,,,67.30000305175781,286,66,31,29,7,21,2,3,51,6.820207714507843,2.8083208236208765,2.4285714285714284,0.9361069412069588,0.17832167832167833,0.07342657342657342,0.10489510489510491,0.25190839694656486,1.2927191092858004,0.28640776699029125,0.7253886010362695,,,3.984231686833771,-0.0613675833276508,,,,,,,,,270.3200225830078,4.0166420553519915,275.50001525878906,4.093610739466278,,,,,,,,,,,,,,,,,,,"Daniel Herrera","4552",502609
"Robert Rohrbaugh","SEA",3,4,,4.947993832093926,22,7,,,,67.30000305175781,300,79,40,37,7,20,2,4,39,5.215452958153056,2.674591260591311,1.95,0.9361069412069588,0.13,0.06666666666666667,0.06333333333333334,0.286231884057971,1.471025193325221,0.3103448275862069,0.6614349775784754,,,4.340843854912612,-0.0613675833276508,,,,,,,,,212.52002258300783,3.157801083895449,251.50001525878906,3.7369985713874363,,,,,,,,,,,,,,,,,,,"Robert Rohrbaugh","sa291514",460102
"Chris Smith","SEA",3,3,,4.413075579975663,55,1,,,,67.30000305175781,292,67,35,33,9,25,1,4,56,7.4888555296556705,3.3432390757391386,2.24,1.20356606726609,0.1917808219178082,0.08561643835616438,0.10616438356164383,0.25475285171102663,1.3670133109688922,0.29,0.7178841309823677,,,4.4448557372689415,-0.0613675833276508,,,,,,,,,238.12002258300785,3.53818739651288,244.50001525878906,3.6329866890311076,,,,,,,,,,,,,,,,,,,"Chris Smith","4544",434672
"Kasey Olenberger","ARI",3,4,,5.482912084212187,46,4,,,,67.30000305175781,308,76,44,41,10,31,2,4,44,5.884100773300884,4.145616453916532,1.4193548387096775,1.3372956302956556,0.14285714285714285,0.10064935064935066,0.042207792207792194,0.2783882783882784,1.5898959160181683,0.2986425339366516,0.6774193548387096,,,5.262091955782953,-0.0613675833276508,,,,,,,,,160.42002258300786,2.383655502357631,189.50001525878906,2.815750470517096,,,,,,,,,,,,,,,,,,,"Kasey Olenberger","sa286644",469232
"Roy Merritt","NYM",3,5,,5.215452958153056,56,0,,,,67.30000305175781,310,72,42,39,9,37,2,5,47,6.2852894623895805,4.947993832093926,1.2702702702702702,1.20356606726609,0.15161290322580645,0.11935483870967742,0.03225806451612903,0.26865671641791045,1.619613596691405,0.29439252336448596,0.6950207468879668,,,5.29180963645619,-0.0613675833276508,,,,,,,,,168.12002258300785,2.4980685729495926,187.50001525878906,2.7860327898438593,,,,,,,,,,,,,,,,,,,"Roy Merritt","sa392227",453380
"Rommie Lewis","TOR",3,5,,6.419019025419146,42,5,,,,67.30000305175781,323,87,51,48,10,36,2,4,45,6.01783033633045,4.81426426906436,1.25,1.3372956302956556,0.1393188854489164,0.11145510835913312,0.027863777089783284,0.30742049469964666,1.8276373614040624,0.3347826086956522,0.6605504587155964,,,5.455256880158992,-0.0613675833276508,,,,,,,,,118.82002258300784,1.7655277443543054,176.50001525878906,2.6225855461410568,,,,,,,,,,,,,,,,,,,"Rommie Lewis","3588",451650
"Donnie Veal","PIT",2,4,,5.616641647241753,22,13,,,,67.30000305175781,322,71,45,42,9,51,1,5,50,6.686478151478277,6.820207714507843,0.9803921568627451,1.20356606726609,0.15527950310559005,0.15838509316770186,-0.003105590062111807,0.2669172932330827,1.812778521067444,0.2966507177033493,0.7038391224862888,,,5.826727888574451,-0.0613675833276508,,,,,,,,,134.72002258300788,2.0017833057065384,151.50001525878906,2.251114537725597,,,,,,,,,,,,,,,,,,,"Donnie Veal","4741",453264
"Clint Everts","TOR",2,5,,6.686478151478277,43,2,,,,67.30000305175781,335,83,54,50,10,52,2,5,52,6.953937277537408,6.953937277537408,1,1.3372956302956556,0.15522388059701492,0.15522388059701492,0,0.29856115107913667,2.0059434454434832,0.3348623853211009,0.6694214876033058,,,6.005033972613873,-0.0613675833276508,,,,,,,,,92.22002258300785,1.370282591400256,139.50001525878906,2.0728084536861764,,,,,,,,,,,,,,,,,,,"Clint Everts","sa202809",425847
"Evan Meek","PIT",3,2,,3.4564255620114284,55,0,,,,67.69999694824219,287,56,28,26,5,33,3,2,56,7.4446089027938465,4.3870016748606595,1.696969696969697,0.6646972234637363,0.1951219512195122,0.11498257839721254,0.08013937282229966,0.2222222222222222,1.3146233975171673,0.26424870466321243,0.7439024390243902,,,3.9345632920977534,-0.0617323182111571,,,,,,,,,300.8799774169921,4.4443130129979185,280.49998474121094,4.143279134202295,,,,,,,,,,,,,,,,,,,"Evan Meek","5109",457425
"Brad Ziegler","OAK",4,3,,3.838235294117647,66,0,,,,68,288,68,31,29,5,27,6,2,47,6.220588235294118,3.573529411764706,1.7407407407407407,0.6617647058823529,0.16319444444444445,0.09375,0.06944444444444445,0.2625482625482625,1.3970588235294117,0.3014354066985646,0.7272727272727273,,,3.9307836027706373,-0.06200587633065879,,,,,,,,,271.90000000000003,3.9985294117647063,282,4.147058823529412,,,,,,,,,,,,,,,,,,,"Brad Ziegler","7293",446899
"Ramon Delgado","STL",3,3,,4.235294117647059,53,0,,,,68,297,68,34,32,7,25,1,5,47,6.220588235294118,3.3088235294117645,1.88,0.9264705882352942,0.15824915824915825,0.08417508417508418,0.07407407407407407,0.2546816479400749,1.3676470588235294,0.2837209302325581,0.7091346153846153,,,4.357254191005931,-0.06200587633065879,,,,,,,,,244.3,3.5926470588235295,253,3.7205882352941178,,,,,,,,,,,,,,,,,,,"Ramon Delgado","sa390604",518609
"Michael Bowden","BOS",3,3,,4.102941176470588,67,0,,,,68,295,67,34,31,7,28,2,4,49,6.485294117647059,3.7058823529411766,1.75,0.9264705882352942,0.16610169491525423,0.09491525423728814,0.07118644067796609,0.25475285171102663,1.3970588235294117,0.28708133971291866,0.715962441314554,,,4.3866659557118135,-0.06200587633065879,,,,,,,,,244.9,3.601470588235294,251,3.6911764705882355,,,,,,,,,,,,,,,,,,,"Michael Bowden","4440",476601
"Fernando Hernandez","NYY",3,8,,5.955882352941177,51,2,,,,68,317,82,48,45,10,34,2,4,45,5.955882352941177,4.5,1.3235294117647058,1.3235294117647058,0.14195583596214512,0.10725552050473186,0.034700315457413256,0.2939068100358423,1.7058823529411764,0.3185840707964602,0.6666666666666666,,,5.34254830865299,-0.06200587633065879,,,,,,,,,143.00000000000003,2.1029411764705888,186,2.735294117647059,,,,,,,,,,,,,,,,,,,"Fernando Hernandez","5536",467761
"Scott Elbert","LAD",3,3,,4.348462470417946,26,10,,,,68.30000305175781,308,61,35,33,7,44,2,4,69,9.092239710873887,5.79794996055726,1.5681818181818181,0.9224011300886551,0.22402597402597402,0.14285714285714285,0.08116883116883117,0.23461538461538461,1.5373352168144252,0.2903225806451613,0.7352941176470588,,,4.498047340880994,-0.06227943445016049,,,,,,,,,254.72002258300782,3.72942915375832,244.50001525878906,3.579795085419055,,,,,,,,,,,,,,,,,,,"Scott Elbert","7489",455092
"Zach Phillips","TEX",3,2,,4.480234060430611,44,2,,,,68.30000305175781,309,66,36,34,5,41,1,4,50,6.588579500633251,5.402635190519265,1.2195121951219512,0.658857950063325,0.16181229773462782,0.13268608414239483,0.029126213592232997,0.25,1.5666177923727953,0.2890995260663507,0.71,,,4.541971204218549,-0.06227943445016049,,,,,,,,,237.32002258300784,3.4746707464005016,241.50001525878906,3.5358712220814996,,,,,,,,,,,,,,,,,,,"Zach Phillips","99",452061
"Mike Jones","MIL",2,5,,6.588579500633251,23,13,,,,68.30000305175781,334,82,54,50,10,51,2,5,35,4.612005650443276,6.720351090645916,0.6862745098039216,1.31771590012665,0.10479041916167664,0.15269461077844312,-0.047904191616766484,0.2949640287769784,1.9472912746316053,0.30638297872340425,0.6638655462184874,,,6.4160560399542295,-0.06227943445016049,,,,,,,,,71.22002258300782,1.0427528462778721,113.50001525878906,1.6617863863458195,,,,,,,,,,,,,,,,,,,"Mike Jones","sa201265",434523
"Drew Storen","WSN",4,2,,3.275109315790982,62,0,,,,68.69999694824219,287,58,27,25,6,24,2,4,64,8.384279848424914,3.144104943159342,2.6666666666666665,0.7860262357898355,0.2229965156794425,0.08362369337979095,0.13937282229965156,0.22393822393822393,1.193595395088269,0.27225130890052357,0.7472826086956522,,,3.5727478340195753,-0.06264416933366679,,,,,,,,,327.7799774169922,4.771178922525106,309.49998474121094,4.505094592280474,,,,,,,,,,,,,,,,,,,"Drew Storen","6983",519322
"Alex Burnett","MIN",3,3,,4.454148669475735,56,0,,,,68.69999694824219,305,71,36,34,6,31,3,4,50,6.550218631581964,4.061135551580818,1.6129032258064515,0.7860262357898355,0.16393442622950818,0.10163934426229508,0.0622950819672131,0.26296296296296295,1.4847162231585784,0.30092592592592593,0.7051282051282052,,,4.285993862791833,-0.06264416933366679,,,,,,,,,244.97997741699223,3.5659386943140245,260.49998474121094,3.7918485635082155,,,,,,,,,,,,,,,,,,,"Alex Burnett","4065",488751
"Buddy Carlyle","NYY",4,4,,4.847161787370653,32,8,,,,68.69999694824219,296,73,40,37,10,23,5,2,56,7.336244867371799,3.013100570527703,2.4347826086956523,1.3100437263163927,0.1891891891891892,0.0777027027027027,0.1114864864864865,0.2693726937269373,1.3973799747374855,0.30434782608695654,0.6829268292682927,,,4.431554276826988,-0.06264416933366679,,,,,,,,,232.57997741699222,3.3854437809104327,250.49998474121094,3.646288149473061,,,,,,,,,,,,,,,,,,,"Buddy Carlyle","2010",234194
"Jeremy Horst","CIN",3,3,,4.5851530421073745,58,0,,,,68.69999694824219,308,71,37,35,8,32,2,5,52,6.812227376845242,4.192139924212457,1.625,1.0480349810531142,0.16883116883116883,0.1038961038961039,0.06493506493506493,0.26199261992619927,1.4992722645620937,0.29577464788732394,0.7189542483660131,,,4.693563022090267,-0.06264416933366679,,,,,,,,,218.37997741699226,3.1787479929805134,232.49998474121094,3.3842794042097823,,,,,,,,,,,,,,,,,,,"Jeremy Horst","596",456662
"Anthony Slama","MIN",3,3,,4.5851530421073745,61,0,,,,68.69999694824219,316,64,37,35,7,48,2,4,66,8.646288593688192,6.288209886318684,1.375,0.9170306084214749,0.2088607594936709,0.1518987341772152,0.056962025316455694,0.24242424242424243,1.6302766371937332,0.29533678756476683,0.7338551859099804,,,4.751787187704329,-0.06264416933366679,,,,,,,,,231.8799774169922,3.3752545519279717,228.49998474121094,3.3260552385957203,,,,,,,,,,,,,,,,,,,"Anthony Slama","3064",460104
"Pedro Viola","BAL",3,5,,5.895196768423767,50,7,,,,68.69999694824219,324,84,48,45,9,37,1,5,49,6.4192142589503245,4.847161787370653,1.3243243243243243,1.1790393536847534,0.15123456790123457,0.11419753086419752,0.03703703703703705,0.2978723404255319,1.7612810098253724,0.33185840707964603,0.6734317343173432,,,5.188468429809793,-0.06264416933366679,,,,,,,,,151.27997741699224,2.202037614804625,198.49998474121094,2.889373996490256,,,,,,,,,,,,,,,,,,,"Pedro Viola","5971",501638
"Adam Carr","WSN",3,7,,6.157205513687045,48,3,,,,68.69999694824219,331,83,50,47,9,43,2,5,42,5.502183650528849,5.633188023160488,0.9767441860465116,1.1790393536847534,0.1268882175226586,0.1299093655589124,-0.003021148036253779,0.29328621908127206,1.8340612168429498,0.3162393162393162,0.6701940035273368,,,5.654261754722288,-0.06264416933366679,,,,,,,,,121.87997741699223,1.7740899975412698,166.49998474121094,2.4235806715777612,,,,,,,,,,,,,,,,,,,"Adam Carr","sa328035",450532
"George Kontos","NYY",3,5,,6.026201141055406,21,11,,,,68.69999694824219,321,80,49,46,12,37,2,5,45,5.895196768423767,4.847161787370653,1.2162162162162162,1.572052471579671,0.14018691588785046,0.11526479750778816,0.024922118380062294,0.2867383512544803,1.7030568442113105,0.30357142857142855,0.6786427145708582,,,5.8726023757750205,-0.06264416933366679,,,,,,,,,116.77997741699221,1.6998541863833407,151.49998474121094,2.205240050525029,,,,,,,,,,,,,,,,,,,"George Kontos","9486",502004
"Robert Manuel","BOS",6,4,,4.173913043478261,53,0,,,,69,294,68,34,32,8,22,2,3,49,6.391304347826087,2.869565217391304,2.227272727272727,1.0434782608695652,0.16666666666666666,0.07482993197278912,0.09183673469387754,0.2527881040892193,1.3043478260869565,0.2803738317757009,0.7106598984771574,,,4.25175546977831,-0.06291772745316848,,,,,,,,,258.40000000000003,3.7449275362318843,264,3.8260869565217392,,,,,,,,,,,,,,,,,,,"Robert Manuel","817",490008
"Jason Urquidez","ARI",4,4,,4.826086956521739,50,0,,,,69,309,75,40,37,7,30,2,4,51,6.6521739130434785,3.9130434782608696,1.7,0.9130434782608695,0.1650485436893204,0.0970873786407767,0.0679611650485437,0.2727272727272727,1.5217391304347827,0.3105022831050228,0.6827731092436975,,,4.3966830060101945,-0.06291772745316848,,,,,,,,,229.5,3.3260869565217392,254,3.681159420289855,,,,,,,,,,,,,,,,,,,"Jason Urquidez","sa294706",452743
"Kasey Kiker","TEX",3,6,,6.130434782608695,19,14,,,,69,342,71,50,47,9,65,2,5,53,6.913043478260869,8.478260869565217,0.8153846153846154,1.173913043478261,0.15497076023391812,0.19005847953216373,-0.03508771929824561,0.2610294117647059,1.9710144927536233,0.29245283018867924,0.6969205834683955,,,6.280740977024687,-0.06291772745316848,,,,,,,,,111.30000000000004,1.6130434782608702,124,1.7971014492753623,,,,,,,,,,,,,,,,,,,"Kasey Kiker","sa326474",475561
"Bobby Parnell","NYM",2,2,,3.766233600380479,61,0,,,,69.30000305175781,295,66,31,29,6,26,3,2,62,8.051947697365161,3.376623227927326,2.3846153846153846,0.779220744906306,0.21016949152542372,0.08813559322033898,0.12203389830508474,0.24719101123595505,1.3275612690996323,0.29850746268656714,0.729665071770335,,,3.6261829504933756,-0.06319128557267017,,,,,,,,,307.42002258300784,4.436075166597125,308.50001525878906,4.451659475806673,,,,,,,,,,,,,,,,,,,"Bobby Parnell","9926",458730
"Josh Roenicke","TOR",3,4,,5.064934841890989,55,0,,,,69.30000305175781,315,74,42,39,8,36,2,4,62,8.051947697365161,4.675324469437836,1.7222222222222223,1.038960993208408,0.19682539682539682,0.11428571428571428,0.08253968253968254,0.2690909090909091,1.5873015174017344,0.3188405797101449,0.688259109311741,,,4.520843805756171,-0.06319128557267017,,,,,,,,,226.02002258300783,3.261472043719842,246.50001525878906,3.5569986205438777,,,,,,,,,,,,,,,,,,,"Josh Roenicke","3241",502158
"Matt Herges","KCR",4,7,,5.324675090193091,48,2,,,,69.30000305175781,317,83,44,41,8,29,2,4,38,4.935064717739938,3.766233600380479,1.3103448275862069,1.038960993208408,0.11987381703470032,0.0914826498422713,0.028391167192429026,0.29225352112676056,1.6161615449908568,0.3125,0.6746031746031746,,,4.910454178209324,-0.06319128557267017,,,,,,,,,175.62002258300782,2.534199348473956,219.50001525878906,3.1673882480907247,,,,,,,,,,,,,,,,,,,"Matt Herges","780",150382
"Travis Chick","TEX",4,6,,5.974025710948346,17,13,,,,69.30000305175781,329,84,49,46,10,38,2,5,43,5.584415338495193,4.935064717739938,1.131578947368421,1.29870124151051,0.13069908814589665,0.11550151975683891,0.015197568389057739,0.2937062937062937,1.760461682936469,0.3148936170212766,0.6759259259259259,,,5.574234812759141,-0.06319128557267017,,,,,,,,,128.4200225830078,1.8531026973706664,173.50001525878906,2.5036076135409084,,,,,,,,,,,,,,,,,,,"Travis Chick","4524",435458
"James Houser","BAL",2,4,,6.493506207552549,24,12,,,,69.30000305175781,333,84,53,50,13,42,2,5,39,5.064934841890989,5.454545214344142,0.9285714285714286,1.688311613963663,0.11711711711711711,0.12612612612612611,-0.009009009009009,0.2937062937062937,1.8181817381147138,0.3008474576271186,0.6771799628942486,,,6.425605626638252,-0.06319128557267017,,,,,,,,,71.52002258300783,1.0320349124601331,114.50001525878906,1.6522367996617966,,,,,,,,,,,,,,,,,,,"James Houser","6113",446901
"John Axford","MIL",8,5,,3.6154951367807104,58,0,,,,69.69999694824219,305,58,30,28,5,42,3,3,78,10.07173645246055,5.423242705171066,1.8571428571428572,0.645624131567984,0.25573770491803277,0.1377049180327869,0.11803278688524588,0.2230769230769231,1.4347202923732978,0.29608938547486036,0.7526881720430108,,,3.7091193549443,-0.06355602045617648,,,,,,,,,324.4799774169922,4.6553800806898815,304.49998474121094,4.368723071355749,,,,,,,,,,,,,,,,,,,"John Axford","9059",446099
"Chan Ho Park","PIT",3,3,,4.261119268348694,46,4,,,,69.69999694824219,301,71,35,33,7,25,3,3,53,6.84361579462063,3.22812065783992,2.12,0.9038737841951776,0.1760797342192691,0.08305647840531562,0.09302325581395347,0.2600732600732601,1.3773314806783659,0.29767441860465116,0.7076566125290022,,,4.067799428037625,-0.06355602045617648,,,,,,,,,267.07997741699216,3.831850632867608,279.49998474121094,4.010042998262424,,,,,,,,,,,,,,,,,,,"Chan Ho Park","1267",120221
"Todd Coffey","WSN",3,4,,4.261119268348694,70,0,,,,69.69999694824219,298,70,35,33,8,23,3,3,56,7.230990273561421,2.9698710052127266,2.4347826086956523,1.0329986105087745,0.18791946308724833,0.07718120805369127,0.11073825503355705,0.25735294117647056,1.334289871907167,0.29523809523809524,0.7090464547677262,,,4.082146630961358,-0.06355602045617648,,,,,,,,,269.37997741699223,3.8648491995921948,278.49998474121094,3.9956957953386913,,,,,,,,,,,,,,,,,,,"Todd Coffey","2467",434298
"Ryan Perry","DET",3,3,,4.131994442035098,63,0,,,,69.69999694824219,304,67,34,32,7,30,3,4,60,7.7474895788158085,3.8737447894079042,2,0.9038737841951776,0.19736842105263158,0.09868421052631579,0.09868421052631579,0.24814814814814815,1.391678683602099,0.2926829268292683,0.7224770642201834,,,4.125188239732557,-0.06355602045617648,,,,,,,,,273.47997741699214,3.9236727315794986,275.49998474121094,3.9526541865674925,,,,,,,,,,,,,,,,,,,"Ryan Perry","8799",543634
"Chad Durbin","CLE",3,2,,4.002869615721501,61,0,,,,69.69999694824219,305,64,33,31,6,34,3,5,60,7.7474895788158085,4.390244094662291,1.7647058823529411,0.7747489578815808,0.19672131147540983,0.11147540983606558,0.08524590163934426,0.24060150375939848,1.406025886525832,0.2871287128712871,0.7254464285714286,,,4.153882645580023,-0.06355602045617648,,,,,,,,,278.57997741699216,3.996843466490537,273.49998474121094,3.923959780720027,,,,,,,,,,,,,,,,,,,"Chad Durbin","1442",239795
"Hector Ambriz","CLE",2,3,,5.164993052543872,59,0,,,,69.69999694824219,312,81,43,40,9,26,2,3,55,7.101865447247825,3.357245484153517,2.1153846153846154,1.1621234368223712,0.1762820512820513,0.08333333333333333,0.09294871794871797,0.2862190812720848,1.5351507128394286,0.3257918552036199,0.6779661016949152,,,4.426479501130949,-0.06355602045617648,,,,,,,,,217.47997741699223,3.120229367850453,254.49998474121094,3.6513629251691,,,,,,,,,,,,,,,,,,,"Hector Ambriz","559",459932
"Tom Mastny",,4,5,,5.294117878857469,34,7,,,,69.69999694824219,320,76,44,41,9,36,3,4,53,6.84361579462063,4.648493747289485,1.4722222222222223,1.1621234368223712,0.165625,0.1125,0.05312499999999999,0.2714285714285714,1.6068867274580936,0.30454545454545456,0.6841046277665995,,,4.957326009309069,-0.06355602045617648,,,,,,,,,193.47997741699223,2.7758964976808618,217.49998474121094,3.12051641699098,,,,,,,,,,,,,,,,,,,"Tom Mastny","5768",457826
"Victor Marte","KCR",3,5,,5.423242705171066,48,0,,,,69.69999694824219,321,79,45,42,8,37,2,4,44,5.68149235779826,4.777618573603082,1.1891891891891893,1.0329986105087745,0.13707165109034267,0.11526479750778816,0.021806853582554506,0.28214285714285714,1.6642755391530255,0.30869565217391304,0.6774809160305344,,,5.0721036326989335,-0.06355602045617648,,,,,,,,,176.97997741699223,2.539167649439267,209.49998474121094,3.005738793601116,,,,,,,,,,,,,,,,,,,"Victor Marte","5158",469690
"Bobby Cassevah","LAA",3,5,,5.810617184111856,55,0,,,,69.69999694824219,327,84,48,45,7,43,3,4,36,4.648493747289485,5.552367531484663,0.8372093023255814,0.9038737841951776,0.11009174311926606,0.13149847094801223,-0.02140672782874617,0.3,1.8220947713140883,0.32217573221757323,0.674061433447099,,,5.373394894097325,-0.06355602045617648,,,,,,,,,142.27997741699218,2.0413197079857324,188.49998474121094,2.7044475322027233,,,,,,,,,,,,,,,,,,,"Bobby Cassevah","6950",445001
"Freddy Dolsi","CHW",3,6,,6.197991663052647,48,4,,,,69.69999694824219,328,82,51,48,11,43,2,4,43,5.552367531484663,5.552367531484663,1,1.420373089449565,0.13109756097560976,0.13109756097560976,0,0.2918149466192171,1.7934003654666224,0.31004366812227074,0.6751824817518248,,,5.918588605199179,-0.06355602045617648,,,,,,,,,112.27997741699218,1.610903620273743,150.49998474121094,2.15925382110087,,,,,,,,,,,,,,,,,,,"Freddy Dolsi","5424",451767
"Arcenio Leon","HOU",2,5,,6.327116489366244,45,2,,,,69.69999694824219,349,81,52,49,8,61,2,6,48,6.197991663052647,7.876614405129406,0.7868852459016393,1.0329986105087745,0.13753581661891118,0.17478510028653296,-0.037249283667621785,0.2872340425531915,2.037302815170083,0.3201754385964912,0.6880733944954128,,,6.076407837360241,-0.06355602045617648,,,,,,,,,101.77997741699224,1.4602579895745476,139.49998474121094,2.0014345889398073,,,,,,,,,,,,,,,,,,,"Arcenio Leon","8846",455376
"Tim Collins","KCR",5,4,,3.9857142857142858,56,0,,,,70,310,62,33,31,7,40,2,4,76,9.771428571428572,5.142857142857143,1.9,0.9,0.24516129032258063,0.12903225806451613,0.11612903225806451,0.23308270676691728,1.457142857142857,0.2972972972972973,0.7483731019522777,,,4.092128140585763,-0.06382957857567817,,,,,,,,,290.69999999999993,4.152857142857142,279,3.9857142857142858,,,,,,,,,,,,,,,,,,,"Tim Collins","3164",525768
"Joseph Krebs","CIN",3,4,,5.014285714285714,52,0,,,,70,324,75,42,39,7,41,2,5,44,5.6571428571428575,5.271428571428571,1.0731707317073171,0.9,0.13580246913580246,0.12654320987654322,0.009259259259259245,0.2697841726618705,1.6571428571428573,0.29694323144104806,0.6967984934086628,,,5.092128140585763,-0.06382957857567817,,,,,,,,,186.89999999999998,2.6699999999999995,209,2.9857142857142858,,,,,,,,,,,,,,,,,,,"Joseph Krebs","sa389686",449905
"Daniel Bard","BOS",3,1,,3.2005688511043955,64,0,,,,70.30000305175781,295,56,27,25,7,31,3,3,81,10.369843077578242,3.9687053753694506,2.6129032258064515,0.8961592783092307,0.2745762711864407,0.10508474576271186,0.1694915254237288,0.21455938697318008,1.2375532890936995,0.28,0.7772020725388601,,,3.518809690229988,-0.06410313669517986,,,,,,,,,348.52002258300774,4.957610347846112,320.50001525878906,4.559032736070061,,,,,,,,,,,,,,,,,,,"Daniel Bard","7115",453268
"Rafael Perez","CLE",4,4,,4.4807963915461535,74,0,,,,70.30000305175781,304,76,37,35,6,27,5,1,56,7.169274226473846,3.456614359192747,2.074074074074074,0.768136524265055,0.18421052631578946,0.08881578947368421,0.09539473684210525,0.2753623188405797,1.4651492962833454,0.32407407407407407,0.6976744186046512,,,3.7890799487676925,-0.06410313669517986,,,,,,,,,276.8200225830078,3.9376957406275115,301.50001525878906,4.288762477532357,,,,,,,,,,,,,,,,,,,"Rafael Perez","4078",460370
"Logan Ondrusek","CIN",3,2,,4.096728129413626,66,0,,,,70.30000305175781,301,69,34,32,7,26,2,2,48,6.14509219412044,3.328591605148571,1.8461538461538463,0.8961592783092307,0.15946843853820597,0.08637873754152824,0.07308970099667773,0.25274725274725274,1.3513512926885225,0.2818181818181818,0.715962441314554,,,4.201597711798925,-0.06410313669517986,,,,,,,,,266.7200225830078,3.7940257610890473,272.50001525878906,3.8762447145011234,,,,,,,,,,,,,,,,,,,"Logan Ondrusek","3677",446185
"Jamey Wright","SEA",3,5,,4.4807963915461535,57,0,,,,70.30000305175781,311,70,38,35,6,36,3,5,50,6.401137702208791,4.60881914559033,1.3888888888888888,0.768136524265055,0.1607717041800643,0.1157556270096463,0.045016077170418015,0.25925925925925924,1.5078235476314041,0.2962962962962963,0.6967213114754098,,,4.514542221684689,-0.06410313669517986,,,,,,,,,241.42002258300778,3.4341395747204198,250.50001525878906,3.56330020461536,,,,,,,,,,,,,,,,,,,"Jamey Wright","715",124604
"Adam Russell","TBR",5,7,,4.60881914559033,59,0,,,,70.30000305175781,318,71,39,36,7,39,1,4,54,6.913228718385494,4.992887407722857,1.3846153846153846,0.8961592783092307,0.16981132075471697,0.12264150943396226,0.047169811320754707,0.2581818181818182,1.5647225494288155,0.2962962962962963,0.7085828343313373,,,4.671014476627571,-0.06410313669517986,,,,,,,,,228.52002258300777,3.2506402939237677,239.50001525878906,3.4068279496724787,,,,,,,,,,,,,,,,,,,"Adam Russell","7334",452240
"Edgmer Escalona","COL",3,4,,5.50497842389956,62,0,,,,70.30000305175781,315,72,46,43,15,34,3,4,60,7.681365242650549,4.352773637501978,1.7647058823529411,1.9203413106626372,0.19047619047619047,0.10793650793650794,0.08253968253968252,0.259927797833935,1.5078235476314041,0.27941176470588236,0.7058823529411765,,,5.766320261227741,-0.06410313669517986,,,,,,,,,154.52002258300777,2.198008760671655,162.50001525878906,2.311522165072308,,,,,,,,,,,,,,,,,,,"Edgmer Escalona","8574",467850
"Joel Hanrahan","PIT",3,2,,3.564356589498629,68,0,,,,70.69999694824219,303,61,30,28,6,30,2,3,87,11.07496511737074,3.818953488748531,2.9,0.7637906977497062,0.2871287128712871,0.09900990099009901,0.1881188118811881,0.22592592592592592,1.2871287684300605,0.30726256983240224,0.738498789346247,,,3.1202752428416995,-0.06446787157868616,,,,,,,,,365.7799774169922,5.173691558781412,350.49998474121094,4.95756718345835,,,,,,,,,,,,,,,,,,,"Joel Hanrahan","2186",430629
"Steven Jackson","PIT",2,4,,5.473833333872895,54,1,,,,70.69999694824219,324,82,46,43,10,32,2,3,42,5.346534884247943,4.073550387998433,1.3125,1.2729844962495103,0.12962962962962962,0.09876543209876543,0.030864197530864196,0.2837370242214533,1.612447028582713,0.301255230125523,0.68,,,5.213627525563116,-0.06446787157868616,,,,,,,,,165.97997741699217,2.3476659771074986,202.49998474121094,2.8642149007369326,,,,,,,,,,,,,,,,,,,"Steven Jackson","7341",452259
"Jason Berken","BAL",4,4,,4.563380281690141,59,0,,,,71,308,76,39,36,8,25,3,2,51,6.464788732394366,3.1690140845070425,2.04,1.0140845070422535,0.16558441558441558,0.08116883116883117,0.08441558441558442,0.2704626334519573,1.4225352112676057,0.30357142857142855,0.690423162583519,,,4.246856510807091,-0.06474142969818786,,,,,,,,,250.4,3.526760563380282,272,3.8309859154929575,,,,,,,,,,,,,,,,,,,"Jason Berken","5673",460072
"Matt Guerrier","LAD",6,5,,3.8028169014084505,74,0,,,,71,301,66,32,30,9,23,3,3,51,6.464788732394366,2.915492957746479,2.217391304347826,1.1408450704225352,0.16943521594684385,0.07641196013289037,0.09302325581395349,0.24,1.2535211267605635,0.2626728110599078,0.7460732984293194,,,4.387701581229626,-0.06474142969818786,,,,,,,,,267.1,3.761971830985916,262,3.6901408450704225,,,,,,,,,,,,,,,,,,,"Matt Guerrier","2061",407825
"Kevin Hart","PIT",4,5,,4.563380281690141,27,11,,,,71,317,71,39,36,7,37,2,4,55,6.971830985915493,4.690140845070423,1.4864864864864864,0.8873239436619719,0.17350157728706625,0.1167192429022082,0.05678233438485805,0.2572463768115942,1.5211267605633803,0.2962962962962963,0.7026476578411405,,,4.542631158694415,-0.06474142969818786,,,,,,,,,241.69999999999996,3.4042253521126753,251,3.535211267605634,,,,,,,,,,,,,,,,,,,"Kevin Hart","8079",453954
"Kurt Birkins","COL",4,5,,5.450704225352113,29,12,,,,71,322,83,46,43,10,31,2,4,41,5.197183098591549,3.9295774647887325,1.3225806451612903,1.267605633802817,0.12732919254658384,0.09627329192546584,0.031055900621118,0.289198606271777,1.6056338028169015,0.3067226890756303,0.68,,,5.232772003764838,-0.06474142969818786,,,,,,,,,163.59999999999997,2.3042253521126757,202,2.8450704225352115,,,,,,,,,,,,,,,,,,,"Kurt Birkins","7266",451256
"Anthony Claggett","PIT",3,5,,5.704225352112676,44,2,,,,71,330,82,48,45,9,38,1,4,40,5.070422535211268,4.816901408450704,1.0526315789473684,1.1408450704225352,0.12121212121212122,0.11515151515151516,0.006060606060606058,0.2847222222222222,1.6901408450704225,0.3029045643153527,0.6703910614525139,,,5.373617074187373,-0.06474142969818786,,,,,,,,,155.49999999999997,2.190140845070422,192,2.704225352112676,,,,,,,,,,,,,,,,,,,"Anthony Claggett","4116",488782
"Neftalí Feliz","TEX",5,2,,3.029452885762181,71,0,,,,71.30000305175781,292,56,26,24,6,23,1,4,77,9.719494675153664,2.9032256821887565,3.347826086956522,0.7573632214405452,0.2636986301369863,0.07876712328767123,0.18493150684931509,0.21132075471698114,1.1079943424778347,0.2717391304347826,0.7507082152974505,,,3.147968650507507,-0.06501498781768955,,,,,,,,,381.2200225830078,5.346704155205633,351.50001525878906,4.929873775792542,,,,,,,,,,,,,,,,,,,"Neftali Feliz","18",491703
"Jesse Chavez","KCR",4,5,,4.796633735790119,64,0,,,,71.30000305175781,315,75,41,38,10,27,5,2,55,6.942496196538331,3.4081344964824534,2.037037037037037,1.262272035734242,0.1746031746031746,0.08571428571428572,0.08888888888888888,0.26223776223776224,1.430574973832141,0.2914798206278027,0.6931818181818182,,,4.578543624339648,-0.06501498781768955,,,,,,,,,232.62002258300788,3.2625527717599856,249.50001525878906,3.499298801960401,,,,,,,,,,,,,,,,,,,"Jesse Chavez","5448",445926
"Jorge Sosa",,4,6,,5.301542550083816,41,6,,,,71.30000305175781,323,83,45,42,9,31,3,2,51,6.437587382244634,3.91304331077615,1.6451612903225807,1.1360448321608179,0.15789473684210525,0.09597523219814241,0.06191950464396284,0.28620689655172415,1.5988779119300398,0.31896551724137934,0.680473372781065,,,4.676720338230089,-0.06501498781768955,,,,,,,,,204.12002258300788,2.8628332937774754,242.50001525878906,3.40112208806996,,,,,,,,,,,,,,,,,,,"Jorge Sosa","1228",407901
"Gustavo Chacin","HOU",3,6,,5.932678567950937,30,11,,,,71.30000305175781,332,87,50,47,11,33,3,3,40,5.049088142936968,4.165497717922999,1.2121212121212122,1.3884992393076663,0.12048192771084337,0.09939759036144578,0.02108433734939759,0.2939189189189189,1.6830293809789894,0.3076923076923077,0.6692160611854685,,,5.476159294195108,-0.06501498781768955,,,,,,,,,138.12002258300785,1.937167134239031,185.50001525878906,2.6016831321049403,,,,,,,,,,,,,,,,,,,"Gustavo Chacin","2060",407860
"Chris Resop","PIT",3,3,,4.1422595905324,34,9,,,,71.69999694824219,316,66,35,33,6,38,2,3,60,7.531381073695273,4.769874680007006,1.5789473684210527,0.7531381073695272,0.189873417721519,0.12025316455696203,0.06962025316455697,0.24,1.450488206785756,0.2843601895734597,0.7217573221757323,,,4.20754958735434,-0.06537972270119585,,,,,,,,,282.1799774169922,3.9355647061001746,277.49998474121094,3.870292838945709,,,,,,,,,,,,,,,,,,,"Chris Resop","3799",434592
"Dane De La Rosa","TBR",5,7,,5.146443733691769,51,0,,,,71.69999694824219,332,85,44,41,6,35,2,4,51,6.401673912640981,4.393305626322242,1.457142857142857,0.7531381073695272,0.1536144578313253,0.10542168674698796,0.04819277108433734,0.2901023890784983,1.6736402385989495,0.3319327731092437,0.6810035842293907,,,4.374913611214235,-0.06537972270119585,,,,,,,,,220.77997741699215,3.079218784017045,265.49998474121094,3.7029288150858144,,,,,,,,,,,,,,,,,,,"Dane De La Rosa","10095",451773
"Brandon Lyon","HOU",6,5,,3.75,70,0,,,,72,308,68,32,30,6,27,8,2,55,6.875,3.375,2.037037037037037,0.75,0.17857142857142858,0.08766233766233766,0.09090909090909091,0.24372759856630824,1.3194444444444444,0.2818181818181818,0.7274826789838338,,,3.841731315188938,-0.06565328082069755,,,,,,,,,305.20000000000005,4.23888888888889,305,4.236111111111111,,,,,,,,,,,,,,,,,,,"Brandon Lyon","1312",407193
"Mike McClendon","MIL",3,2,,4,48,0,,,,72,311,74,34,32,6,25,1,4,47,5.875,3.125,1.88,0.75,0.15112540192926044,0.08038585209003216,0.07073954983922828,0.2624113475177305,1.375,0.2943722943722944,0.717439293598234,,,4.063953537411161,-0.06565328082069755,,,,,,,,,273.6,3.8000000000000003,289,4.013888888888889,,,,,,,,,,,,,,,,,,,"Mike McClendon","9587",501873
"Marcos Mateo","CHC",2,3,,5.25,37,9,,,,72,328,79,45,42,10,36,2,4,54,6.75,4.5,1.5,1.25,0.16463414634146342,0.10975609756097561,0.05487804878048781,0.2743055555555556,1.5972222222222223,0.3053097345132743,0.693069306930693,,,5.050064648522271,-0.06565328082069755,,,,,,,,,192.40000000000006,2.672222222222223,218,3.0277777777777777,,,,,,,,,,,,,,,,,,,"Marcos Mateo","6869",456496
"Chorye Spoone","BAL",2,6,,7.25,16,16,,,,72,359,93,62,58,12,57,2,5,36,4.5,7.125,0.631578947368421,1.5,0.10027855153203342,0.15877437325905291,-0.05849582172701949,0.31313131313131315,2.0833333333333335,0.32142857142857145,0.6606606606606608,,,6.827842426300049,-0.06565328082069755,,,,,,,,,29.400000000000034,0.4083333333333338,90,1.25,,,,,,,,,,,,,,,,,,,"Chorye Spoone","sa291699",461870
"Jonathan Broxton","LAD",7,3,,2.7385890960233654,71,0,,,,72.30000305175781,299,55,24,22,5,29,4,2,94,11.701244319372561,3.609958353848982,3.2413793103448274,0.6224066127325831,0.31438127090301005,0.09698996655518395,0.2173913043478261,0.20522388059701493,1.1618256771008217,0.29239766081871343,0.7792207792207793,,,2.662904684478327,-0.06592683894019924,,,,,,,,,425.52002258300786,5.885477242350715,391.50001525878906,5.414937741821722,,,,,,,,,,,,,,,,,,,"Jonathan Broxton","4759",455009
"Jake McGee","TBR",4,4,,4.481327611674598,24,17,,,,72.30000305175781,323,75,39,36,6,34,2,4,63,7.8423233204305465,4.232364966581565,1.8529411764705883,0.7468879352790997,0.19504643962848298,0.10526315789473684,0.08978328173374614,0.2631578947368421,1.5076071286189234,0.3165137614678899,0.6958250497017893,,,3.9907054583078376,-0.06592683894019924,,,,,,,,,278.22002258300785,3.84813293000606,295.50001525878906,4.087136967992212,,,,,,,,,,,,,,,,,,,"Jake McGee","7550",459429
"Brad Thomas","DET",4,4,,4.730290256767631,51,2,,,,72.30000305175781,325,81,41,38,6,31,3,4,36,4.481327611674598,3.8589209989420152,1.1612903225806452,0.7468879352790997,0.11076923076923077,0.09538461538461539,0.015384615384615385,0.2793103448275862,1.5491009028010956,0.3,0.6853281853281854,,,4.613112071040421,-0.06592683894019924,,,,,,,,,217.62002258300785,3.0099586915261813,250.50001525878906,3.4647303552596282,,,,,,,,,,,,,,,,,,,"Brad Thomas","757",346801
"Wilton Lopez","HOU",4,3,,3.9614857233768226,70,0,,,,72.69999694824219,305,78,34,32,7,14,1,2,49,6.066025013920759,1.73315000397736,3.5,0.86657500198868,0.16065573770491803,0.04590163934426229,0.11475409836065574,0.2698961937716263,1.2654746060787072,0.3021276595744681,0.7055961070559611,,,3.641803935530777,-0.06629157382370554,,,,,,,,,299.0799774169922,4.113892571823879,322.49998474121094,4.436038490769271,,,,,,,,,,,,,,,,,,,"Wilton Lopez","4227",446641
"Brandon Gomes","TBR",4,4,,4.456671438798925,58,0,,,,72.69999694824219,321,70,38,36,8,35,2,5,69,8.541953591031273,4.3328750099433995,1.9714285714285715,0.9903714308442056,0.21495327102803738,0.10903426791277258,0.1059190031152648,0.2491103202846975,1.4442916699811332,0.30097087378640774,0.7142857142857143,,,4.260786079808406,-0.06629157382370554,,,,,,,,,275.5799774169923,3.790646340923341,277.49998474121094,3.8170563464916434,,,,,,,,,,,,,,,,,,,"Brandon Gomes","2267",460156
"Steven Register","TOR",2,4,,5.942228585065234,56,0,,,,72.69999694824219,334,90,51,48,11,30,2,4,44,5.4470428696431314,3.713892865665771,1.4666666666666666,1.3617607174107829,0.1317365269461078,0.08982035928143713,0.04191616766467067,0.3,1.6506190514070094,0.31983805668016196,0.6596558317399618,,,5.2374023518908865,-0.06629157382370554,,,,,,,,,154.67997741699224,2.1276476466307783,206.49998474121094,2.8404400744091625,,,,,,,,,,,,,,,,,,,"Steven Register","7463",461862
"Cole Kimball","WSN",4,7,,5.4470428696431314,46,7,,,,72.69999694824219,352,72,47,44,7,65,2,5,64,7.922971446753645,8.046767875609172,0.9846153846153847,0.86657500198868,0.18181818181818182,0.1846590909090909,-0.0028409090909090884,0.2553191489361702,1.8844567503563359,0.3051643192488263,0.7075471698113207,,,5.4574848920784875,-0.06629157382370554,,,,,,,,,182.67997741699222,2.51279209195908,190.49998474121094,2.6203575342215615,,,,,,,,,,,,,,,,,,,"Cole Kimball","9480",501993
"Brandon League","SEA",6,5,,3.8219178082191783,64,0,,,,73,307,69,33,31,7,25,4,4,61,7.52054794520548,3.0821917808219177,2.44,0.863013698630137,0.1986970684039088,0.08143322475570032,0.11726384364820848,0.24820143884892087,1.2876712328767124,0.29245283018867924,0.7244655581947743,,,3.844965713971282,-0.06656513194320723,,,,,,,,,309.70000000000005,4.242465753424658,309,4.232876712328767,,,,,,,,,,,,,,,,,,,"Brandon League","3731",434181
"Cristhian Martinez","ATL",3,3,,4.191780821917808,52,1,,,,73,313,78,36,34,7,19,2,5,47,5.794520547945205,2.3424657534246576,2.473684210526316,0.863013698630137,0.1501597444089457,0.06070287539936102,0.08945686900958467,0.2698961937716263,1.3287671232876712,0.29957805907172996,0.6995412844036697,,,4.023047905752104,-0.06656513194320723,,,,,,,,,273.3,3.743835616438356,296,4.054794520547945,,,,,,,,,,,,,,,,,,,"Cristhian Martinez","5337",450852
"Brian Gordon","PHI",3,3,,4.561643835616438,38,3,,,,73,319,78,40,37,8,24,2,4,49,6.041095890410959,2.958904109589041,2.0416666666666665,0.9863013698630136,0.1536050156739812,0.07523510971786834,0.07836990595611285,0.26804123711340205,1.3972602739726028,0.2966101694915254,0.6828193832599119,,,4.310719138628816,-0.06656513194320723,,,,,,,,,253.00000000000006,3.465753424657535,275,3.767123287671233,,,,,,,,,,,,,,,,,,,"Brian Gordon","2374",430950
"Brandon McCarthy","OAK",3,5,,4.438356164383562,14,14,,,,73,316,74,39,36,10,25,1,3,51,6.287671232876712,3.0821917808219177,2.04,1.2328767123287672,0.16139240506329114,0.07911392405063292,0.08227848101265822,0.2569444444444444,1.356164383561644,0.2794759825327511,0.7058823529411765,,,4.612089001642515,-0.06656513194320723,,,,,,,,,242.80000000000004,3.3260273972602743,253,3.4657534246575343,,,,,,,,,,,,,,,,,,,"Brandon McCarthy","4662",435221
"David Purcey","TOR",3,3,,4.808219178082192,70,0,,,,73,332,70,42,39,9,45,2,3,69,8.506849315068493,5.5479452054794525,1.5333333333333334,1.1095890410958904,0.20783132530120482,0.1355421686746988,0.07228915662650603,0.24647887323943662,1.5753424657534247,0.2932692307692308,0.712890625,,,4.762773933149364,-0.06656513194320723,,,,,,,,,241.50000000000006,3.3082191780821923,242,3.315068493150685,,,,,,,,,,,,,,,,,,,"David Purcey","8360",453515
"James Parr","ATL",4,5,,5.301369863013699,17,13,,,,73,327,81,46,43,11,30,1,3,49,6.041095890410959,3.6986301369863015,1.6333333333333333,1.356164383561644,0.14984709480122324,0.09174311926605505,0.05810397553516819,0.2755102040816326,1.5205479452054795,0.2966101694915254,0.6799163179916319,,,5.050445166026076,-0.06656513194320723,,,,,,,,,193.30000000000004,2.6479452054794526,221,3.0273972602739727,,,,,,,,,,,,,,,,,,,"James Parr","7734",444970
"Luke Gregerson","SDP",7,3,,3.069576952692968,71,0,,,,73.30000305175781,301,57,27,25,6,27,4,2,83,10.190995482940654,3.3151431089084054,3.074074074074074,0.7366984686463123,0.2757475083056478,0.08970099667774087,0.18604651162790695,0.20955882352941177,1.1459753956720413,0.2756756756756757,0.7539682539682541,,,3.064199862065858,-0.06683869006270893,,,,,,,,,399.4200225830077,5.44911331451069,367.50001525878906,5.013642564234191,,,,,,,,,,,,,,,,,,,"Luke Gregerson","4090",502381
"Nick Masset","CIN",4,2,,3.560709265123843,72,0,,,,73.30000305175781,306,64,31,29,7,30,2,1,73,8.963164701863466,3.6834923432315616,2.433333333333333,0.859481546754031,0.238562091503268,0.09803921568627451,0.14052287581699346,0.23272727272727273,1.282401038013951,0.2893401015228426,0.7482185273159144,,,3.596259867199306,-0.06683869006270893,,,,,,,,,342.92002258300784,4.678308435278902,328.50001525878906,4.481582559100743,,,,,,,,,,,,,,,,,,,"Nick Masset","7267",434665
"Luis Perdomo","SDP",3,5,,4.665756968093311,54,1,,,,73.30000305175781,329,72,41,38,8,42,2,3,52,6.3847200616013735,5.156889280524187,1.2380952380952381,0.9822646248617497,0.1580547112462006,0.1276595744680851,0.030395136778115506,0.2535211267605634,1.5552523226977704,0.2831858407079646,0.7101167315175098,,,4.91958859791583,-0.06683869006270893,,,,,,,,,225.82002258300784,3.0807641634551395,231.50001525878906,3.158253828384219,,,,,,,,,,,,,,,,,,,"Luis Perdomo","5380",466412
"Aaron Heilman","ARI",6,5,,4.396200996148449,72,0,,,,73.69999694824219,326,72,39,36,9,33,5,5,65,7.937585131934701,4.0298509131360785,1.9696969696969697,1.0990502490371123,0.19938650306748465,0.10122699386503067,0.09815950920245398,0.25,1.424694767270331,0.2916666666666667,0.7142857142857142,,,4.448263107198176,-0.06720342494621523,,,,,,,,,263.47997741699226,3.5750337629189888,267.49998474121094,3.629579319101872,,,,,,,,,,,,,,,,,,,"Aaron Heilman","1751",408310
"Kyler Newby","ARI",3,4,,5.251017856510648,40,6,,,,73.69999694824219,336,78,46,43,12,38,2,5,60,7.327001660247416,4.640434384823363,1.5789473684210527,1.4654003320494833,0.17857142857142858,0.1130952380952381,0.06547619047619048,0.26621160409556316,1.5739485047938893,0.29596412556053814,0.7056451612903225,,,5.316648489153426,-0.06720342494621523,,,,,,,,,185.9799774169922,2.5234733394575533,203.49998474121094,2.761193937146623,,,,,,,,,,,,,,,,,,,"Kyler Newby","sa288761",460313
"Yoslan Herrera","MIN",3,6,,5.98371802253539,17,14,,,,73.69999694824219,347,92,52,49,9,38,2,5,37,4.518317690485906,4.640434384823363,0.9736842105263158,1.0990502490371123,0.10662824207492795,0.10951008645533142,-0.002881844380403467,0.3026315789473684,1.7639078070966,0.3192307692307692,0.6643952299829642,,,5.4116281403047815,-0.06720342494621523,,,,,,,,,140.47997741699223,1.9061056069737436,196.49998474121094,2.6662142859952676,,,,,,,,,,,,,,,,,,,"Yoslan Herrera","7759",506648
"Maikel Cleto","STL",3,6,,5.861601328197933,18,17,,,,73.69999694824219,348,87,51,48,9,44,2,5,39,4.76255107916082,5.373134550848105,0.8863636363636364,1.0990502490371123,0.11206896551724138,0.12643678160919541,-0.014367816091954033,0.2909698996655518,1.7774763286896509,0.308300395256917,0.6756756756756757,,,5.601587442607492,-0.06720342494621523,,,,,,,,,139.47997741699223,1.8925370853806929,182.49998474121094,2.4762549836925567,,,,,,,,,,,,,,,,,,,"Maikel Cleto","5529",521055
"Mike Ekstrom","TBR",4,4,,4.5,54,1,,,,74,323,77,40,37,7,29,1,5,51,6.202702702702703,3.527027027027027,1.7586206896551724,0.8513513513513513,0.15789473684210525,0.08978328173374613,0.06811145510835913,0.2664359861591695,1.4324324324324325,0.30042918454935624,0.686070686070686,,,4.307572156029779,-0.06747698306571692,,,,,,,,,261.29999999999995,3.5310810810810804,279,3.77027027027027,,,,,,,,,,,,,,,,,,,"Mike Ekstrom","7488",455091
"Fernando Abad","HOU",4,5,,4.743243243243243,41,3,,,,74,321,81,42,39,11,18,2,4,56,6.8108108108108105,2.189189189189189,3.111111111111111,1.337837837837838,0.17445482866043613,0.056074766355140186,0.11838006230529594,0.2709030100334448,1.337837837837838,0.29914529914529914,0.6818181818181819,,,4.3886532371108595,-0.06747698306571692,,,,,,,,,247.70000000000002,3.3472972972972976,273,3.689189189189189,,,,,,,,,,,,,,,,,,,"Fernando Abad","4994",472551
"Matt Albers","BOS",4,4,,4.6029607799849055,58,1,,,,74.30000305175781,329,79,41,38,6,35,4,2,51,6.17765788892711,4.239569139459781,1.457142857142857,0.7267832810502483,0.15501519756838905,0.10638297872340426,0.048632218844984795,0.2705479452054795,1.5343202599949686,0.3080168776371308,0.6912878787878788,,,4.248771045769893,-0.06775054118521862,,,,,,,,,261.62002258300777,3.5211307111355263,284.50001525878906,3.8290713805301557,,,,,,,,,,,,,,,,,,,"Matt Albers","4300",458006
"Lance Cormier","LAD",3,4,,4.239569139459781,58,0,,,,74.30000305175781,325,77,38,35,7,32,3,1,41,4.96635242051003,3.8761774989346574,1.28125,0.8479138278919562,0.12615384615384614,0.09846153846153846,0.027692307692307683,0.2636986301369863,1.4670255117495752,0.2845528455284553,0.7157258064516129,,,4.531408988400545,-0.06775054118521862,,,,,,,,,246.52002258300777,3.3179005714344387,263.50001525878906,3.5464334378995037,,,,,,,,,,,,,,,,,,,"Lance Cormier","4346",433578
"Frank Herrmann","CLE",2,3,,4.6029607799849055,61,0,,,,74.30000305175781,327,82,41,38,8,25,2,4,41,4.96635242051003,3.028263671042701,1.64,0.9690443747336643,0.12538226299694188,0.0764525993883792,0.048929663608562685,0.2751677852348993,1.4401076124514178,0.2948207171314741,0.6889352818371608,,,4.544867938049624,-0.06775054118521862,,,,,,,,,233.22002258300782,3.1388965411016927,262.50001525878906,3.532974488250425,,,,,,,,,,,,,,,,,,,"Frank Herrmann","7960",497807
"Steven Shell","SEA",3,4,,4.724091326826613,32,7,,,,74.30000305175781,328,80,42,39,9,28,2,4,49,5.935396795243694,3.391655311567825,1.75,1.0901749215753724,0.14939024390243902,0.08536585365853659,0.06402439024390243,0.2702702702702703,1.4535665621004965,0.29583333333333334,0.6918238993710691,,,4.625621635944096,-0.06775054118521862,,,,,,,,,233.12002258300782,3.137550646136785,256.50001525878906,3.4522207903559528,,,,,,,,,,,,,,,,,,,"Steven Shell","3681",434579
"Miguel Batista","WSN",3,3,,4.36069968630149,54,1,,,,74.30000305175781,326,73,39,36,8,35,5,4,51,6.17765788892711,4.239569139459781,1.457142857142857,0.9690443747336643,0.15644171779141106,0.10736196319018405,0.049079754601227,0.25435540069686413,1.4535665621004965,0.2826086956521739,0.7128099173553719,,,4.679457434540411,-0.06775054118521862,,,,,,,,,246.62002258300782,3.3192464663993473,252.50001525878906,3.398384991759638,,,,,,,,,,,,,,,,,,,"Miguel Batista","46",110683
"Enerio Del Rosario","CIN",4,4,,4.6029607799849055,58,0,,,,74.30000305175781,323,79,41,38,9,24,2,4,40,4.845221873668321,2.907133124200993,1.6666666666666667,1.0901749215753724,0.1238390092879257,0.07430340557275542,0.04953560371517028,0.2677966101694915,1.3862718138551031,0.28225806451612906,0.6858407079646017,,,4.706375333838568,-0.06775054118521862,,,,,,,,,229.72002258300782,3.0917902173299177,250.50001525878906,3.3714670924614807,,,,,,,,,,,,,,,,,,,"Enerio Del Rosario","4204",491688
"Mitchell Boggs","STL",3,3,,4.096385709520443,68,0,,,,74.69999694824219,326,73,36,34,6,35,2,4,56,6.746988227445436,4.216867642153397,1.6,0.7228915957977252,0.17177914110429449,0.10736196319018405,0.06441717791411043,0.25435540069686413,1.4457831915954504,0.29515418502202645,0.7228915662650602,,,4.1889535828039595,-0.06811527606872492,,,,,,,,,284.1799774169922,3.8042836549765,290.49998474121094,3.888888843496089,,,,,,,,,,,,,,,,,,,"Mitchell Boggs","3344",459939
"Brian Tallet","STL",3,3,,4.457831507419305,50,2,,,,74.69999694824219,329,73,40,37,9,35,3,4,58,6.987952092711344,4.216867642153397,1.6571428571428573,1.0843373936965879,0.1762917933130699,0.10638297872340426,0.06990881458966565,0.2517241379310345,1.4457831915954504,0.28444444444444444,0.7127882599580713,,,4.657494431932115,-0.06811527606872492,,,,,,,,,251.2799774169922,3.3638552567960343,255.49998474121094,3.420347994367934,,,,,,,,,,,,,,,,,,,"Brian Tallet","1646",425226
"Omar Poveda",,3,6,,6.144578564280664,14,14,,,,74.69999694824219,353,86,55,51,12,46,2,5,42,5.060241170584077,5.542168901115893,0.9130434782608695,1.4457831915954504,0.11898016997167139,0.13031161473087818,-0.01133144475920679,0.2847682119205298,1.7670683452833285,0.296,0.6684027777777778,,,6.089890742123904,-0.06811527606872492,,,,,,,,,112.5799774169922,1.5070948061081733,148.49998474121094,1.9879516841761449,,,,,,,,,,,,,,,,,,,"Omar Poveda","sa294843",452326
"Manny Bañuelos","NYY",4,4,,4.92,19,16,,,,75,340,80,44,41,9,36,2,5,57,6.84,4.32,1.5833333333333333,1.08,0.1676470588235294,0.10588235294117647,0.06176470588235293,0.26755852842809363,1.5466666666666666,0.3021276595744681,0.6963249516441006,,,4.757842426300049,-0.06838883418822661,,,,,,,,,227.3,3.030666666666667,249,3.32,,,,,,,,,,,,,,,,,,,"Manny Banuelos","5365",544365
"D.J. Carrasco","NYM",3,2,,3.804491566847911,51,1,,,,75.69999694824219,324,72,34,32,6,29,3,4,59,7.0145313263758355,3.4478204824559193,2.0344827586206895,0.7133421687839833,0.18209876543209877,0.08950617283950617,0.0925925925925926,0.24742268041237114,1.3342140564293021,0.2894736842105263,0.7235421166306696,,,3.857234795897364,-0.0690271271912346,,,,,,,,,318.1799774169922,4.203170280634741,319.49998474121094,4.220607630402685,,,,,,,,,,,,,,,,,,,"D.J. Carrasco","1666",425647
"Jensen Lewis","CLE",4,4,,4.2800530127039,61,0,,,,75.69999694824219,332,74,39,36,8,34,3,3,66,7.8467638566238165,4.042272289775905,1.9411764705882353,0.9511228917119777,0.19879518072289157,0.10240963855421686,0.0963855421686747,0.25084745762711863,1.4266843375679665,0.29596412556053814,0.7128099173553719,,,4.174275759801357,-0.0690271271912346,,,,,,,,,290.37997741699223,3.8359311641126173,295.49998474121094,3.9035666664986923,,,,,,,,,,,,,,,,,,,"Jensen Lewis","3384",460029
"Zach Putnam","CLE",3,4,,4.855263157894737,39,7,,,,76,339,88,44,41,7,26,2,4,51,6.0394736842105265,3.0789473684210527,1.9615384615384615,0.8289473684210527,0.1504424778761062,0.07669616519174041,0.0737463126843658,0.284789644012945,1.5,0.3201581027667984,0.6717850287907869,,,4.1173161105105756,-0.0693006853107363,,,,,,,,,259.49999999999994,3.4144736842105257,301,3.960526315789474,,,,,,,,,,,,,,,,,,,"Zach Putnam","9080",474029
"Alfredo Aceves","BOS",5,4,,4.381578947368421,29,10,,,,76,328,79,40,37,10,22,2,4,51,6.0394736842105265,2.6052631578947367,2.3181818181818183,1.1842105263157894,0.15548780487804878,0.06707317073170732,0.08841463414634146,0.26158940397350994,1.3289473684210527,0.2839506172839506,0.7011494252873564,,,4.472579268405312,-0.0693006853107363,,,,,,,,,258,3.3947368421052633,274,3.6052631578947367,,,,,,,,,,,,,,,,,,,"Alfredo Aceves","5164",469686
"Charlie Zink","MIN",4,8,,6.394736842105263,16,15,,,,76,373,95,58,54,9,54,2,5,28,3.3157894736842106,6.394736842105263,0.5185185185185185,1.0657894736842106,0.07506702412868632,0.1447721179624665,-0.06970509383378018,0.30254777070063693,1.9605263157894737,0.30714285714285716,0.6671554252199413,,,6.20942137366847,-0.0693006853107363,,,,,,,,,83.69999999999999,1.101315789473684,142,1.868421052631579,,,,,,,,,,,,,,,,,,,"Charlie Zink","4180",468402
"Ramon Troncoso","LAD",4,4,,4.246395636186487,66,0,,,,76.30000305175781,330,77,39,36,8,32,6,4,54,6.36959345427973,3.7745738988324327,1.6875,0.9436434747081082,0.16363636363636364,0.09696969696969697,0.06666666666666667,0.2619047619047619,1.4285713714331083,0.2948717948717949,0.7157464212678937,,,4.4408830008784275,-0.06957424343023799,,,,,,,,,266.02002258300786,3.486500811835541,277.50001525878906,3.6369594254216215,,,,,,,,,,,,,,,,,,,"Ramon Troncoso","4685",470462
"Rob Delaney","MIN",6,7,,5.0720836765560815,61,0,,,,76.30000305175781,336,84,46,43,12,27,2,4,60,7.077326060310812,3.184796727139865,2.2222222222222223,1.4154652120621622,0.17857142857142858,0.08035714285714286,0.09821428571428571,0.2754098360655738,1.4547836901750002,0.30638297872340425,0.6900212314225053,,,4.7685369851520765,-0.06957424343023799,,,,,,,,,225.62002258300785,2.9570119732493247,252.50001525878906,3.309305441147973,,,,,,,,,,,,,,,,,,,"Rob Delaney","5100",503438
"John Maine","COL",5,5,,4.600261939202027,15,15,,,,76.30000305175781,344,74,42,39,10,40,1,3,64,7.549147797664865,4.718217373540541,1.6,1.1795543433851352,0.18604651162790697,0.11627906976744186,0.06976744186046512,0.24584717607973422,1.494102168287838,0.2794759825327511,0.72,,,4.794749303893968,-0.06957424343023799,,,,,,,,,248.22002258300788,3.2532111750327033,250.50001525878906,3.283093122406081,,,,,,,,,,,,,,,,,,,"John Maine","4773",429720
"Yoervis Medina","SEA",4,7,,5.543905413910135,15,15,,,,76.30000305175781,354,87,50,47,10,41,2,5,53,6.2516380199412165,4.836172807879055,1.2926829268292683,1.1795543433851352,0.1497175141242938,0.11581920903954802,0.03389830508474577,0.2824675324675325,1.6775883994810812,0.3117408906882591,0.6842105263157895,,,5.201040244393292,-0.06957424343023799,,,,,,,,,183.42002258300786,2.4039320477954056,219.50001525878906,2.8768021819067564,,,,,,,,,,,,,,,,,,,"Yoervis Medina","10498",500721
"Zack Segovia","MIL",3,6,,5.779816282587163,46,5,,,,76.30000305175781,353,94,52,49,11,33,2,4,46,5.425949979571622,3.892529333170946,1.393939393939394,1.2975097777236488,0.13031161473087818,0.09348441926345609,0.036827195467422094,0.2974683544303797,1.6644822401101353,0.31800766283524906,0.6720430107526882,,,5.201040244393292,-0.06957424343023799,,,,,,,,,165.92002258300786,2.1745742588038515,219.50001525878906,2.8768021819067564,,,,,,,,,,,,,,,,,,,"Zack Segovia","8742",434564
"Edward Mujica",,4,2,,3.7548893280184203,61,0,,,,76.69999694824219,312,71,34,32,11,17,2,0,72,8.448500988041445,1.9947849555097859,4.235294117647059,1.290743206506332,0.23076923076923078,0.05448717948717949,0.1762820512820513,0.24067796610169492,1.1473272946722952,0.2803738317757009,0.7438016528925621,,,3.7297329346365804,-0.0699389783137443,,,,,,,,,340.6799774169921,4.441720873168819,333.49998474121094,4.348109491663469,,,,,,,,,,,,,,,,,,,"Edward Mujica","3970",465629
"Sean Gallagher","PIT",3,4,,4.57627136852245,33,10,,,,76.69999694824219,344,77,42,39,8,39,2,4,63,7.3924383645362655,4.57627136852245,1.6153846153846154,0.9387223320046051,0.18313953488372092,0.11337209302325581,0.06976744186046512,0.2558139534883721,1.5123859793407526,0.2974137931034483,0.7061068702290076,,,4.4728881141402255,-0.0699389783137443,,,,,,,,,265.97997741699214,3.4677964537140427,276.49998474121094,3.604954312159823,,,,,,,,,,,,,,,,,,,"Sean Gallagher","8261",451595
"Craig Heyer","NYY",4,5,,5.514993700527055,31,8,,,,76.69999694824219,347,96,50,47,9,24,2,5,28,3.2855281620161176,2.8161669960138154,1.1666666666666667,1.0560626235051807,0.08069164265129683,0.069164265129683,0.011527377521613827,0.3018867924528302,1.5645372200076753,0.30742049469964666,0.6517690875232774,,,5.007438330976182,-0.0699389783137443,,,,,,,,,176.27997741699215,2.2983048817583054,235.49998474121094,3.0704040953238674,,,,,,,,,,,,,,,,,,,"Craig Heyer","sa390183",453960
"Marty McLeary","MIL",3,8,,6.688396615532811,17,15,,,,76.69999694824219,372,104,61,57,12,39,2,5,40,4.693611660023025,4.57627136852245,1.0256410256410255,1.4080834980069077,0.10752688172043011,0.10483870967741936,0.0026881720430107503,0.3170731707317073,1.8644068538424796,0.32974910394265233,0.6497622820919176,,,5.78970694098002,-0.0699389783137443,,,,,,,,,97.57997741699211,1.2722292216366047,175.49998474121094,2.2881354853200295,,,,,,,,,,,,,,,,,,,"Marty McLeary","2022",276373
"Ryan Webb","SDP",5,3,,3.857142857142857,66,1,,,,77,333,78,35,33,6,27,4,3,59,6.896103896103896,3.155844155844156,2.185185185185185,0.7012987012987013,0.17717717717717718,0.08108108108108109,0.0960960960960961,0.25742574257425743,1.3636363636363635,0.3,0.7246376811594203,,,3.7271930756506984,-0.07021253643324599,,,,,,,,,321.2,4.171428571428572,335,4.35064935064935,,,,,,,,,,,,,,,,,,,"Ryan Webb","7474",444436
"Brad Meyers","WSN",4,5,,4.675324675324675,16,15,,,,77,345,86,43,40,7,30,2,5,52,6.077922077922078,3.5064935064935066,1.7333333333333334,0.8181818181818182,0.15072463768115943,0.08695652173913043,0.063768115942029,0.27741935483870966,1.5064935064935066,0.31225296442687744,0.687382297551789,,,4.272647621105244,-0.07021253643324599,,,,,,,,,259.1,3.3649350649350653,293,3.8051948051948052,,,,,,,,,,,,,,,,,,,"Brad Meyers","sa389750",455122
"Oneli Perez","STL",3,5,,5.588615562029739,37,9,,,,77.30000305175781,363,86,51,48,11,46,2,5,58,6.752910470785934,5.355756580278499,1.2608695652173914,1.2807243996318152,0.15977961432506887,0.12672176308539945,0.03305785123966942,0.27564102564102566,1.7076325328424202,0.3048780487804878,0.6946826758147513,,,5.40643224381244,-0.07048609455274768,,,,,,,,,176.12002258300785,2.2783960624824693,206.50001525878906,2.671410182487609,,,,,,,,,,,,,,,,,,,"Oneli Perez","sa287534",470358
"Matt Belisle","COL",6,3,,3.70656385214331,65,0,,,,77.69999694824219,323,77,34,32,7,18,3,3,63,7.297297583907142,2.084942166830612,3.5,0.8108108426563491,0.19504643962848298,0.05572755417956656,0.1393188854489164,0.25496688741721857,1.2226512706722725,0.29914529914529914,0.715962441314554,,,3.4382028008139818,-0.07085082943625398,,,,,,,,,351.6799774169922,4.5261260132513845,360.49998474121094,4.639639625486067,,,,,,,,,,,,,,,,,,,"Matt Belisle","1837",279571
"Joba Chamberlain","NYY",5,3,,3.70656385214331,77,0,,,,77.69999694824219,331,71,34,32,8,29,2,3,83,9.61389999149671,3.359073491004875,2.8620689655172415,0.9266409630358275,0.25075528700906347,0.08761329305135952,0.16314199395770396,0.23745819397993312,1.2870013375497604,0.3,0.7432432432432433,,,3.5154228810669674,-0.07085082943625398,,,,,,,,,361.97997741699226,4.658687151019011,354.49998474121094,4.562419545233081,,,,,,,,,,,,,,,,,,,"Joba Chamberlain","2692",501955
"Michael O'Connor","NYM",4,5,,4.864865055938094,35,8,,,,77.69999694824219,344,87,45,42,10,26,2,5,53,6.138996380112357,3.0115831298664393,2.0384615384615383,1.1583012037947844,0.15406976744186046,0.0755813953488372,0.07848837209302326,0.2779552715654952,1.4543115114312293,0.3055555555555556,0.6868686868686869,,,4.583633991233269,-0.07085082943625398,,,,,,,,,238.77997741699224,3.073101503157706,271.49998474121094,3.4942084350667804,,,,,,,,,,,,,,,,,,,"Michael O'Connor","6457",456585
"Seth McClung","TEX",4,4,,4.864865055938094,43,5,,,,77.69999694824219,349,77,45,42,10,44,2,3,58,6.71814698200975,5.096525296697052,1.3181818181818181,1.1583012037947844,0.166189111747851,0.12607449856733524,0.04011461318051576,0.25496688741721857,1.5572716184352102,0.2838983050847458,0.7102803738317757,,,5.072694499502178,-0.07085082943625398,,,,,,,,,226.77997741699224,2.9186613426517347,233.49998474121094,3.0051479267978713,,,,,,,,,,,,,,,,,,,"Seth McClung","1657",425528
"Danny Duffy","KCR",4,5,,5.076923076923077,16,16,,,,78,353,86,47,44,9,34,2,5,54,6.230769230769231,3.923076923076923,1.588235294117647,1.0384615384615385,0.1529745042492918,0.09631728045325778,0.05665722379603401,0.27388535031847133,1.5384615384615385,0.30434782608695654,0.6797020484171322,,,4.693227041684665,-0.07112438755575567,,,,,,,,,233.90000000000006,2.9987179487179496,264,3.3846153846153846,,,,,,,,,,,,,,,,,,,"Danny Duffy","3542",518633
"Carlos Marmol","CHC",4,1,,2.7586205821373957,79,0,,,,78.30000305175781,341,49,26,24,5,51,3,9,118,13.563217862175529,5.862068737041966,2.3137254901960786,0.5747126212786241,0.3460410557184751,0.1495601173020528,0.1964809384164223,0.17437722419928825,1.2771391583969425,0.275,0.7956989247311828,,,3.1927849505557737,-0.07139794567525737,,,,,,,,,446.52002258300786,5.702682058490464,382.50001525878906,4.885057475744275,,,,,,,,,,,,,,,,,,,"Carlos Marmol","2790",461791
"Jarrod Parker","ARI",4,7,,5.517241164274791,17,17,,,,78.30000305175781,365,93,51,48,10,39,3,6,54,6.2068963098091405,4.482758445973268,1.3846153846153846,1.1494252425572482,0.14794520547945206,0.10684931506849316,0.0410958904109589,0.290625,1.685823689083964,0.3204633204633205,0.6864406779661016,,,5.082950904983249,-0.07139794567525737,,,,,,,,,187.62002258300782,2.3961687774007796,234.50001525878906,2.9948915213168004,,,,,,,,,,,,,,,,,,,"Jarrod Parker","4913",519105
"Justin Lehr","CIN",4,6,,5.172413591507617,15,13,,,,78.30000305175781,347,89,48,45,11,27,2,4,37,4.252873397461818,3.1034481549045703,1.3703703703703705,1.2643677668129731,0.10662824207492795,0.07780979827089338,0.028818443804034574,0.28164556962025317,1.4814814237404532,0.28888888888888886,0.6759443339960239,,,5.1468078629030956,-0.07139794567525737,,,,,,,,,193.72002258300782,2.474074266062993,229.50001525878906,2.931034563396953,,,,,,,,,,,,,,,,,,,"Justin Lehr","2163",430680
"Matt Wright","OAK",3,7,,6.551723882576315,16,15,,,,78.30000305175781,365,105,61,57,14,28,2,5,36,4.137930873206094,3.218390679160295,1.2857142857142858,1.6091953395801475,0.09863013698630137,0.07671232876712329,0.021917808219178075,0.31626506024096385,1.6985950806679335,0.3192982456140351,0.6349206349206349,,,5.747063267349659,-0.07139794567525737,,,,,,,,,107.22002258300779,1.3693488940496374,182.50001525878906,2.3307791589503903,,,,,,,,,,,,,,,,,,,"Matt Wright","sa199851",444418
"Zach Kroenke","ARI",4,5,,4.917408068700616,42,5,,,,78.69999694824219,356,82,46,43,9,42,2,4,50,5.717916358954205,4.803049741521532,1.1904761904761905,1.029224944611757,0.1404494382022472,0.11797752808988764,0.022471910112359564,0.2645161290322581,1.5756036189118254,0.2885375494071146,0.7001795332136445,,,5.047346949939831,-0.07176268055876367,,,,,,,,,220.47997741699223,2.801524599321052,238.49998474121094,3.0304954763602185,,,,,,,,,,,,,,,,,,,"Zach Kroenke","4383",476127
"Michael Main","SFG",3,7,,6.518424649207794,17,16,,,,78.69999694824219,373,94,61,57,15,46,2,5,42,4.803049741521532,5.260483050237869,0.9130434782608695,1.7153749076862614,0.1126005361930295,0.12332439678284182,-0.010723860589812326,0.2919254658385093,1.7789073116746414,0.2947761194029851,0.6638655462184874,,,6.432353356886516,-0.07176268055876367,,,,,,,,,84.47997741699223,1.0734432108371148,129.49998474121094,1.6454890694135331,,,,,,,,,,,,,,,,,,,"Michael Main","sa389900",473715
"T.J. Beam","ARI",3,5,,5.582278481012659,48,4,,,,79,370,90,52,49,10,45,3,4,49,5.582278481012659,5.1265822784810124,1.0888888888888888,1.139240506329114,0.13243243243243244,0.12162162162162163,0.010810810810810811,0.2803738317757009,1.7088607594936709,0.3018867924528302,0.6859504132231405,,,5.343665211110176,-0.07203623867826536,,,,,,,,,178.60000000000002,2.2607594936708866,216,2.7341772151898733,,,,,,,,,,,,,,,,,,,"T.J. Beam","6101",446884
"Josh Rupe","BAL",3,5,,5.67465299725515,45,4,,,,79.30000305175781,368,95,53,50,10,42,2,5,48,5.447666877364944,4.766708517694326,1.1428571428571428,1.13493059945103,0.13043478260869565,0.11413043478260869,0.01630434782608696,0.29595015576323985,1.7276165791643456,0.31954887218045114,0.6829268292682927,,,5.284651925232607,-0.07230979679776706,,,,,,,,,171.8200225830078,2.166708902531362,221.50001525878906,2.793190501067442,,,,,,,,,,,,,,,,,,,"Josh Rupe","7206",434666
"Ruddy Lugo","DET",4,9,,6.8095835967061795,17,16,,,,79.30000305175781,380,104,64,60,15,39,2,5,36,4.085750158023708,4.4262293378590165,0.9230769230769231,1.7023958991765449,0.09473684210526316,0.10263157894736842,-0.00789473684210526,0.30952380952380953,1.8032786191277477,0.3090277777777778,0.6475409836065574,,,6.293479124744634,-0.07230979679776706,,,,,,,,,71.92002258300778,0.9069359371407181,141.50001525878906,1.784363301555415,,,,,,,,,,,,,,,,,,,"Ruddy Lugo","2710",425843
"Dustin McGowan","TOR",5,5,,4.404015225093951,14,14,,,,79.69999694824219,349,83,42,39,8,29,2,4,62,7.00125497322628,3.274780551992938,2.1379310344827585,0.9033877384808104,0.17765042979942694,0.0830945558739255,0.09455587392550144,0.2626582278481013,1.405269815414594,0.3024193548387097,0.6944444444444444,,,4.069059528244272,-0.07267453168127336,,,,,,,,,300.5799774169922,3.7713925837687454,319.49998474121094,4.008782898055777,,,,,,,,,,,,,,,,,,,"Dustin McGowan","8600",430661
"Jose Trinidad","HOU",3,5,,5.19447949626466,45,0,,,,79.69999694824219,363,91,49,46,8,36,2,5,42,4.742785627024254,4.065244823163646,1.1666666666666667,0.9033877384808104,0.11570247933884298,0.09917355371900827,0.01652892561983471,0.2826086956521739,1.5934755942647627,0.3018181818181818,0.6735751295336788,,,4.872070851338325,-0.07267453168127336,,,,,,,,,215.77997741699224,2.7074025806691244,255.49998474121094,3.205771574961724,,,,,,,,,,,,,,,,,,,"Jose Trinidad","sa456081",501205
"Kyle Cofield","CHW",3,6,,6.662484571295977,21,16,,,,79.69999694824219,390,94,63,59,13,60,2,5,45,5.081556028954559,6.775408038606078,0.75,1.468005075031317,0.11538461538461539,0.15384615384615385,-0.038461538461538464,0.28923076923076924,1.9322459961950667,0.3,0.6701030927835051,,,6.515734653296466,-0.07267453168127336,,,,,,,,,80.47997741699223,1.0097864554406013,124.49998474121094,1.5621077730035826,,,,,,,,,,,,,,,,,,,"Kyle Cofield","sa290212",457781
"Greg Reynolds","COL",4,6,,5.625,16,16,,,,80,362,100,54,50,11,25,2,5,32,3.6,2.8125,1.28,1.2375,0.08839779005524862,0.06906077348066299,0.019337016574585628,0.30120481927710846,1.5625,0.3047945205479452,0.6478102189781022,,,5.190342426300049,-0.07294808980077505,,,,,,,,,170.7,2.13375,231,2.8875,,,,,,,,,,,,,,,,,,,"Greg Reynolds","5712",453353
"Tanner Scheppers","TEX",2,2,,5.130111718164294,38,7,,,,80.69999694824219,365,91,49,46,10,36,2,4,68,7.583643409460261,4.014870040302491,1.8888888888888888,1.115241677861803,0.1863013698630137,0.09863013698630137,0.08767123287671234,0.28,1.5737299232049886,0.324,0.6902654867256637,,,4.490481884925,-0.07358638280378305,,,,,,,,,253.5799774169922,3.1422551054076053,289.49998474121094,3.5873605413750496,,,,,,,,,,,,,,,,,,,"Tanner Scheppers","10267",489294
"Matt Kinney","SFG",4,7,,5.576208389309015,16,15,,,,80.69999694824219,360,94,54,50,15,26,3,4,54,6.0223050604537365,2.899628362440688,2.076923076923077,1.6728625167927045,0.15,0.07222222222222222,0.07777777777777778,0.28484848484848485,1.4869889038157373,0.29924242424242425,0.6666666666666666,,,5.271151059428261,-0.07358638280378305,,,,,,,,,186.27997741699218,2.308302161850946,226.49998474121094,2.8066913668717874,,,,,,,,,,,,,,,,,,,"Matt Kinney","737",150219
"Ryan Vogelsong","SFG",3,7,,6.133829228239916,30,13,,,,80.69999694824219,396,94,59,55,10,63,2,5,66,7.3605950738879,7.026022570529359,1.0476190476190477,1.115241677861803,0.16666666666666666,0.1590909090909091,0.007575757575757569,0.2865853658536585,1.9454771491589231,0.32941176470588235,0.6853146853146853,,,5.5809404143898735,-0.07358638280378305,,,,,,,,,157.77997741699218,1.9551422971947083,201.49998474121094,2.4969020119101755,,,,,,,,,,,,,,,,,,,"Ryan Vogelsong","1011",285064
"Wesley Wright","HOU",3,6,,5.222222222222222,49,9,,,,81,367,85,50,47,12,43,3,4,65,7.222222222222222,4.777777777777778,1.5116279069767442,1.3333333333333333,0.1771117166212534,0.11716621253405994,0.05994550408719347,0.265625,1.5802469135802468,0.2967479674796748,0.7014388489208633,,,5.139570821361778,-0.07385994092328474,,,,,,,,,219.79999999999995,2.7135802469135797,238,2.9382716049382718,,,,,,,,,,,,,,,,,,,"Wesley Wright","5960",449079
"Tony Watson","PIT",4,6,,5.444444444444445,23,12,,,,81,359,89,52,49,15,31,2,5,54,6,3.4444444444444446,1.7419354838709677,1.6666666666666667,0.15041782729805014,0.08635097493036212,0.06406685236768803,0.2755417956656347,1.4814814814814814,0.28793774319066145,0.6868686868686869,,,5.4852498337074564,-0.07385994092328474,,,,,,,,,183.49999999999997,2.265432098765432,210,2.5925925925925926,,,,,,,,,,,,,,,,,,,"Tony Watson","3132",453265
"Romulo Sanchez","NYY",5,8,,5.666666666666667,33,10,,,,81,383,88,55,51,10,56,2,5,56,6.222222222222222,6.222222222222222,1,1.1111111111111112,0.1462140992167102,0.1462140992167102,0,0.2732919254658385,1.7777777777777777,0.30115830115830117,0.6846153846153846,,,5.559323907781531,-0.07385994092328474,,,,,,,,,176.59999999999997,2.1802469135802465,204,2.5185185185185186,,,,,,,,,,,,,,,,,,,"Romulo Sanchez","4170",454972
"Chris George","BAL",3,5,,6.222222222222222,28,11,,,,81,373,103,60,56,15,30,2,5,47,5.222222222222222,3.3333333333333335,1.5666666666666667,1.6666666666666667,0.1260053619302949,0.08042895442359249,0.045576407506702415,0.3047337278106509,1.6419753086419753,0.3154121863799283,0.6517857142857143,,,5.621052302843259,-0.07385994092328474,,,,,,,,,136.09999999999997,1.6802469135802465,199,2.45679012345679,,,,,,,,,,,,,,,,,,,"Chris George","601",150203
"Esmailin Caridad","CHC",4,6,,5.53505514278416,26,14,,,,81.30000305175781,366,91,54,50,14,33,2,5,51,5.645756245639843,3.6531363942375457,1.5454545454545454,1.549815439979565,0.13934426229508196,0.09016393442622951,0.049180327868852444,0.2774390243902439,1.5252151949005242,0.2894736842105263,0.6704980842911877,,,5.464066198966998,-0.07413349904278643,,,,,,,,,180.82002258300784,2.2241084353698346,212.50001525878906,2.613776227333051,,,,,,,,,,,,,,,,,,,"Esmailin Caridad","5284",534428
"Fernando Nieve","HOU",3,6,,5.287637896408693,40,11,,,,81.69999694824219,366,89,51,48,13,36,3,4,64,7.050183861878258,3.9657284223065203,1.7777777777777777,1.4320685969440212,0.17486338797814208,0.09836065573770492,0.07650273224043716,0.27300613496932513,1.5299878172478858,0.30158730158730157,0.6928838951310862,,,5.048466734915326,-0.07449823392629273,,,,,,,,,221.27997741699218,2.7084453571910827,247.49998474121094,3.029375691384723,,,,,,,,,,,,,,,,,,,"Fernando Nieve","2173",430588
"Freddy Garcia","NYY",4,6,,4.829268292682927,15,15,,,,82,354,90,47,44,12,23,2,2,51,5.597560975609756,2.524390243902439,2.217391304347826,1.3170731707317074,0.1440677966101695,0.06497175141242938,0.07909604519774012,0.2735562310030395,1.3780487804878048,0.291044776119403,0.686070686070686,,,4.651013158007366,-0.07477179204579443,,,,,,,,,252.20000000000005,3.0756097560975615,281,3.426829268292683,,,,,,,,,,,,,,,,,,,"Freddy Garcia","1077",150119
"Yunesky Maya","WSN",4,7,,5.597560975609756,17,17,,,,82,387,97,55,51,9,42,2,6,44,4.829268292682927,4.609756097560975,1.0476190476190477,0.9878048780487805,0.11369509043927649,0.10852713178294573,0.005167958656330754,0.2861356932153392,1.6951219512195121,0.3044982698961938,0.6645569620253164,,,5.187598523861025,-0.07477179204579443,,,,,,,,,187.90000000000006,2.2914634146341473,237,2.8902439024390243,,,,,,,,,,,,,,,,,,,"Yunesky Maya","11420",493337
"Henry Sosa","SFG",4,6,,5.378048780487805,24,13,,,,82,377,89,52,49,12,44,2,5,50,5.487804878048781,4.829268292682927,1.1363636363636365,1.3170731707317074,0.13262599469496023,0.11671087533156499,0.015915119363395236,0.27134146341463417,1.6219512195121952,0.2862453531598513,0.6970740103270223,,,5.55345218239761,-0.07477179204579443,,,,,,,,,180.80000000000004,2.2048780487804884,207,2.524390243902439,,,,,,,,,,,,,,,,,,,"Henry Sosa","6936",464400
"Wilmer Font","TEX",3,6,,6.56136063154698,22,20,,,,82.30000305175781,414,95,64,60,12,73,2,6,57,6.233292599969631,7.9829887683821585,0.7808219178082192,1.312272126309396,0.13768115942028986,0.17632850241545894,-0.03864734299516909,0.2835820895522388,2.0413121964812824,0.30855018587360594,0.6878306878306879,,,6.467878752599322,-0.07504535016529612,,,,,,,,,91.42002258300784,1.1108143279838583,132.50001525878906,1.6099636737007272,,,,,,,,,,,,,,,,,,,"Wilmer Font","5257",521655
"Adam Pettyjohn","NYM",4,7,,5.767835763023433,31,11,,,,82.69999694824219,383,101,57,53,11,38,2,5,42,4.570737774471399,4.135429414997932,1.105263157894737,1.1970979885520332,0.10966057441253264,0.09921671018276762,0.010443864229765024,0.29705882352941176,1.6807739435225515,0.3103448275862069,0.6634304207119741,,,5.351119414661486,-0.07541008504880242,,,,,,,,,169.07997741699222,2.044497988588935,225.49998474121094,2.7267230116385632,,,,,,,,,,,,,,,,,,,"Adam Pettyjohn","489",282562
"B.J. LaMura","TOR",3,7,,6.420798302233632,34,12,,,,82.69999694824219,401,91,63,59,15,63,2,5,58,6.311971212365266,6.8561066617070985,0.9206349206349206,1.6324063480254998,0.14463840399002495,0.1571072319201995,-0.012468827930174564,0.2732732732732733,1.862152426636496,0.2889733840304182,0.6842105263157895,,,6.499849807716467,-0.07541008504880242,,,,,,,,,102.87997741699226,1.2440142831127277,130.49998474121094,1.5779926185835822,,,,,,,,,,,,,,,,,,,"B.J. LaMura","sa202633",459333
"Yusmeiro Petit","SEA",4,6,,4.554216867469879,26,13,,,,83,357,83,45,42,13,26,2,3,71,7.698795180722891,2.819277108433735,2.730769230769231,1.4096385542168675,0.19887955182072828,0.07282913165266107,0.12605042016806722,0.2530487804878049,1.3132530120481927,0.2845528455284553,0.7048458149779736,,,4.451336402203664,-0.07568364316830412,,,,,,,,,293.50000000000006,3.536144578313254,301,3.6265060240963853,,,,,,,,,,,,,,,,,,,"Yusmeiro Petit","4020",433589
"Dirk Hayhurst","TBR",4,4,,4.861944599790187,45,4,,,,83.30000305175781,367,94,48,45,10,26,3,4,61,6.59063601304892,2.8091235465454414,2.3461538461538463,1.0804321332867082,0.16621253405994552,0.07084468664850137,0.09536784741144415,0.2789317507418398,1.440576177715611,0.31226765799256506,0.6792452830188679,,,4.254312971434465,-0.07595720128780581,,,,,,,,,281.02002258300786,3.373589583284868,318.50001525878906,3.8235294548655845,,,,,,,,,,,,,,,,,,,"Dirk Hayhurst","6010",460602
"Jonny Venters","ATL",5,3,,3.65591411179169,81,0,,,,83.69999694824219,367,75,36,34,6,44,2,7,78,8.387097079992701,4.7311829682010105,1.7727272727272727,0.6451613138455924,0.2125340599455041,0.11989100817438691,0.09264305177111717,0.23734177215189872,1.4217443768078795,0.2936170212765957,0.7504520795660037,,,3.9738998066411497,-0.07632193617131211,,,,,,,,,353.5799774169923,4.224372644071141,343.49998474121094,4.103942619658899,,,,,,,,,,,,,,,,,,,"Jonny Venters","7175",458924
"C.J. Fick","STL",4,5,,5.161290510764739,31,10,,,,83.69999694824219,377,97,51,48,10,32,2,5,44,4.7311829682010105,3.440860340509826,1.375,1.0752688564093207,0.11671087533156499,0.08488063660477453,0.03183023872679046,0.2852941176470588,1.5412186941866928,0.30103806228373703,0.6782608695652174,,,4.905799482195894,-0.07632193617131211,,,,,,,,,221.17997741699222,2.6425326819756507,265.49998474121094,3.172042944104155,,,,,,,,,,,,,,,,,,,"C.J. Fick","7978",518674
"Deunte Heath","CHW",3,7,,6.451613138455923,35,10,,,,83.69999694824219,409,100,64,60,13,61,2,5,62,6.6666669097377875,6.559140024096855,1.0163934426229508,1.3978495133321167,0.15158924205378974,0.1491442542787286,0.002444987775061136,0.2915451895043732,1.9235365097988957,0.3210332103321033,0.6792717086834733,,,5.981068338605215,-0.07632193617131211,,,,,,,,,125.47997741699226,1.499163464660407,175.49998474121094,2.0967740876948344,,,,,,,,,,,,,,,,,,,"Deunte Heath","7371",445177
"Nick Green","MIL",4,6,,5.631641289095694,16,15,,,,84.69999694824219,378,101,57,53,15,25,2,5,48,5.100354375030062,2.6564345703281576,1.92,1.5938607421968947,0.12698412698412698,0.06613756613756613,0.06084656084656084,0.29022988505747127,1.4876033593837683,0.2986111111111111,0.6571428571428571,,,5.309247465375702,-0.0772337872938218,,,,,,,,,185.6799774169922,2.1922076045699983,234.49998474121094,2.7685949609243474,,,,,,,,,,,,,,,,,,,"Nick Green","sa254162",446550
"Robert Coello","CHC",5,7,,5.4191265234694415,35,8,,,,84.69999694824219,393,83,55,51,14,56,3,5,77,8.181818476610726,5.950413437535073,1.375,1.4876033593837683,0.19592875318066158,0.14249363867684478,0.0534351145038168,0.25,1.641086245669395,0.2827868852459016,0.7035175879396984,,,5.5689877344744545,-0.0772337872938218,,,,,,,,,209.77997741699215,2.476741262991814,212.49998474121094,2.5088546918255945,,,,,,,,,,,,,,,,,,,"Robert Coello","1149",445193
"James Russell","CHC",3,5,,5.844156054721947,44,9,,,,84.69999694824219,381,99,59,55,18,30,2,5,56,5.950413437535073,3.1877214843937893,1.8666666666666667,1.9126328906362735,0.14698162729658792,0.07874015748031496,0.06824146981627296,0.2861271676300578,1.5230224869881437,0.29454545454545455,0.674373795761079,,,5.757889748364457,-0.0772337872938218,,,,,,,,,154.9799774169922,1.8297518654185567,196.49998474121094,2.319952677935592,,,,,,,,,,,,,,,,,,,"James Russell","4089",460701
"Alex Wilson","BOS",3,5,,6.375442968787579,21,21,,,,84.69999694824219,399,104,64,60,15,43,2,6,49,5.206611757843189,4.5690674609644315,1.1395348837209303,1.5938607421968947,0.12280701754385964,0.10776942355889724,0.015037593984962405,0.29714285714285715,1.7355372526143964,0.3079584775086505,0.6587301587301587,,,5.958598138122584,-0.0772337872938218,,,,,,,,,122.87997741699218,1.4507672000517393,179.49998474121094,2.1192442881774647,,,,,,,,,,,,,,,,,,,"Alex Wilson","9239",543935
"Pedro Figueroa","OAK",3,8,,6.882352941176471,18,18,,,,85,421,115,70,65,12,55,3,6,54,5.7176470588235295,5.823529411764706,0.9818181818181818,1.2705882352941176,0.12826603325415678,0.13064133016627077,-0.0023752969121139944,0.3194444444444444,2,0.3468013468013468,0.6527415143603134,,,5.7954894851235785,-0.07750734541332349,,,,,,,,,107.39999999999998,1.2635294117647056,194,2.2823529411764705,,,,,,,,,,,,,,,,,,,"Pedro Figueroa","6616",471896
"Kelvin De La Cruz","CLE",4,9,,6.670588235294118,20,20,,,,85,417,100,67,63,14,66,2,6,57,6.035294117647059,6.988235294117647,0.8636363636363636,1.4823529411764707,0.1366906474820144,0.15827338129496402,-0.021582733812949617,0.2898550724637681,1.9529411764705882,0.3104693140794224,0.6762295081967213,,,6.419018896888284,-0.07750734541332349,,,,,,,,,94.79999999999995,1.1152941176470583,141,1.6588235294117648,,,,,,,,,,,,,,,,,,,"Kelvin De La Cruz","sa328950",456061
"Thomas Diamond","CHC",4,5,,5.381008013815554,30,14,,,,85.30000305175781,400,88,55,51,11,59,2,6,67,7.0691673906988655,6.225087702257209,1.1355932203389831,1.1606095716072764,0.1675,0.1475,0.020000000000000018,0.2626865671641791,1.7233293639017133,0.29615384615384616,0.6990881458966566,,,5.469401543551406,-0.07778090353282519,,,,,,,,,206.12002258300777,2.416412839492392,222.50001525878906,2.6084408827486425,,,,,,,,,,,,,,,,,,,"Thomas Diamond","8025",435080
"Jhonny Nunez","CHW",3,6,,6.1195777412020025,42,9,,,,85.30000305175781,398,101,62,58,15,44,2,5,65,6.858147468588451,4.642438286429106,1.4772727272727273,1.5826494158281041,0.16331658291457288,0.11055276381909548,0.05276381909547739,0.28939828080229224,1.6998827058894452,0.3161764705882353,0.6693548387096774,,,5.563188175600479,-0.07778090353282519,,,,,,,,,167.12002258300777,1.9592030082531615,214.50001525878906,2.5146542506995697,,,,,,,,,,,,,,,,,,,"Jhonny Nunez","6640",471919
"Jorge Campillo","KCR",4,4,,4.725787799556124,20,14,,,,85.69999694824219,372,97,48,45,10,24,2,1,52,5.460910346153743,2.5204201597632663,2.1666666666666665,1.0501750665680276,0.13978494623655913,0.06451612903225806,0.07526881720430106,0.27953890489913547,1.4119020339414594,0.3020833333333333,0.6822429906542056,,,4.256372223226391,-0.07814563841633149,,,,,,,,,287.97997741699214,3.36032657726832,327.49998474121094,3.821470203073658,,,,,,,,,,,,,,,,,,,"Jorge Campillo","8686",435658
"Brian Bass","PHI",3,5,,5.145857826183335,49,2,,,,85.69999694824219,390,96,52,49,10,42,4,5,54,5.670945359467349,4.410735279585716,1.2857142857142858,1.0501750665680276,0.13846153846153847,0.1076923076923077,0.03076923076923077,0.27988338192419826,1.6102684354043089,0.3049645390070922,0.6935483870967742,,,4.979826157973255,-0.07814563841633149,,,,,,,,,228.57997741699216,2.6672110333334222,265.49998474121094,3.0980162683267944,,,,,,,,,,,,,,,,,,,"Brian Bass","2219",430654
"Dustin Nippert","TEX",6,6,,4.93582281286973,33,9,,,,85.69999694824219,388,90,50,47,12,41,3,5,65,6.82613793269218,4.305717772928913,1.5853658536585367,1.2602100798816331,0.16752577319587628,0.1056701030927835,0.06185567010309277,0.2631578947368421,1.528588152449018,0.291044776119403,0.7092819614711033,,,4.99149476982401,-0.07814563841633149,,,,,,,,,244.57997741699216,2.853908822945516,264.49998474121094,3.086347656476039,,,,,,,,,,,,,,,,,,,"Dustin Nippert","4426",430962
"Ty Taubenheim","TEX",5,8,,5.9859978794377575,22,15,,,,85.69999694824219,402,104,61,57,13,40,2,5,46,4.830805306212927,4.2007002662721105,1.15,1.3652275865384358,0.11442786069651742,0.09950248756218906,0.01492537313432836,0.2913165266106443,1.6802801065088442,0.3023255813953488,0.6597774244833069,,,5.551588138660292,-0.07814563841633149,,,,,,,,,160.87997741699218,1.8772460110372504,216.49998474121094,2.526254287639757,,,,,,,,,,,,,,,,,,,"Ty Taubenheim","5561",457458
"Josh Lindblom","LAD",3,3,,4.256055513130919,32,11,,,,86.69999694824219,375,89,44,41,9,29,3,4,64,6.643598849765337,3.0103807287999182,2.206896551724138,0.9342560882482505,0.17066666666666666,0.07733333333333334,0.09333333333333332,0.260233918128655,1.3610150421394267,0.29411764705882354,0.7020872865275142,,,4.0928366950141974,-0.07905748953884117,,,,,,,,,328.47997741699214,3.788696528018182,345.49998474121094,3.985005731285851,,,,,,,,,,,,,,,,,,,"Josh Lindblom","7882",458676
"Kyle Waldrop","MIN",4,5,,4.878892905296419,59,0,,,,86.69999694824219,389,103,50,47,7,30,2,5,41,4.256055513130919,3.1141869608275017,1.3666666666666667,0.7266436241930837,0.10539845758354756,0.07712082262210797,0.02827763496143959,0.2909604519774011,1.5340254288520656,0.3106796116504854,0.6737012987012987,,,4.392721365316105,-0.07905748953884117,,,,,,,,,264.67997741699213,3.052825683200424,319.49998474121094,3.6851210609839438,,,,,,,,,,,,,,,,,,,"Kyle Waldrop","7513",448252
"Brett Sinkbeil",,3,7,,6.332180153682587,50,9,,,,86.69999694824219,418,114,65,61,10,49,3,6,47,4.878892905296419,5.086505369351586,0.9591836734693877,1.038062320275834,0.11244019138755981,0.11722488038277512,-0.004784688995215308,0.3140495867768595,1.8800462022773436,0.3365695792880259,0.6577181208053692,,,5.396181608249411,-0.07905748953884117,,,,,,,,,151.17997741699213,1.7437137570747892,232.49998474121094,2.681660818050638,,,,,,,,,,,,,,,,,,,"Brett Sinkbeil","9364",446213
"Austin Bibens-Dirkx","CHC",5,6,,5.397924065434336,25,14,,,,86.69999694824219,390,95,56,52,14,38,2,6,51,5.2941178334067525,3.9446368170481687,1.3421052631578947,1.4532872483861674,0.13076923076923078,0.09743589743589744,0.03333333333333334,0.2745664739884393,1.5340254288520656,0.2852112676056338,0.6790123456790124,,,5.5230558918386805,-0.07905748953884117,,,,,,,,,192.37997741699212,2.218915619245504,221.49998474121094,2.554786534461369,,,,,,,,,,,,,,,,,,,"Austin Bibens-Dirkx","9559",502212
"Felipe Paulino","COL",5,5,,4.845360655362345,19,14,,,,87.30000305175781,392,91,50,47,10,41,3,3,72,7.422680152895508,4.226803975954387,1.7560975609756098,1.030927799013265,0.1836734693877551,0.10459183673469388,0.07908163265306123,0.2614942528735632,1.5120274385527888,0.30111524163568776,0.6949152542372882,,,4.429503318339663,-0.07960460577784456,,,,,,,,,298.42002258300784,3.4183277451443232,318.50001525878906,3.648339107960386,,,,,,,,,,,,,,,,,,,"Felipe Paulino","3777",462956
"Ramon Pena","CHW",4,4,,4.720638704746249,65,1,,,,87.69999694824219,386,95,49,46,10,32,5,2,60,6.157354832277716,3.283922577214782,1.875,1.0262258053796194,0.15544041450777202,0.08290155440414508,0.07253886010362694,0.26988636363636365,1.4481186364801295,0.2982456140350877,0.6902654867256637,,,4.354923428550242,-0.07996934066135086,,,,,,,,,296.97997741699226,3.386316850070823,326.49998474121094,3.722918997749807,,,,,,,,,,,,,,,,,,,"Ramon Pena","4573",430963
"Omar Beltre","TEX",7,7,,4.925883865822173,27,17,,,,87.69999694824219,407,92,51,48,8,54,2,6,68,6.978335476581412,5.541619349049944,1.2592592592592593,0.8209806443036956,0.16707616707616707,0.13267813267813267,0.034398034398034405,0.26512968299711814,1.6647663065047158,0.30656934306569344,0.7047477744807121,,,4.7654137507020895,-0.07996934066135086,,,,,,,,,267.37997741699223,3.0488025851904146,290.49998474121094,3.312428675597959,,,,,,,,,,,,,,,,,,,"Omar Beltre","10259",449110
"Armando Gabino","BAL",4,6,,5.541619349049944,42,6,,,,87.69999694824219,398,101,58,54,14,36,2,5,52,5.3363741879740205,3.69441289936663,1.4444444444444444,1.436716127531467,0.1306532663316583,0.09045226130653267,0.040201005025125636,0.28291316526610644,1.5621437259667539,0.29591836734693877,0.6729131175468483,,,5.369746724981199,-0.07996934066135086,,,,,,,,,195.1799774169922,2.225541439096986,237.49998474121094,2.7080957013188502,,,,,,,,,,,,,,,,,,,"Armando Gabino","3387",471803
"Phillippe Aumont","PHI",4,8,,5.952109671201792,34,13,,,,87.69999694824219,428,97,62,58,11,71,2,6,65,6.670467734967526,7.286203218195298,0.9154929577464789,1.1288483859175813,0.15186915887850466,0.1658878504672897,-0.014018691588785048,0.27635327635327633,1.9156215033752895,0.30935251798561153,0.6946264744429882,,,5.860054609773684,-0.07996934066135086,,,,,,,,,160.47997741699223,1.8298743785783997,194.49998474121094,2.217787816526365,,,,,,,,,,,,,,,,,,,"Phillippe Aumont","5362",518418
"Blaine Hardy","KCR",4,5,,4.704545454545454,40,6,,,,88,391,95,49,46,9,35,3,5,53,5.420454545454546,3.5795454545454546,1.5142857142857142,0.9204545454545454,0.13554987212276215,0.08951406649616368,0.04603580562659847,0.2706552706552707,1.4772727272727273,0.2945205479452055,0.6899488926746167,,,4.566478789936412,-0.08024289878085256,,,,,,,,,279.5,3.1761363636363638,309,3.5113636363636362,,,,,,,,,,,,,,,,,,,"Blaine Hardy","6499",543278
"Tyson Ross","OAK",5,8,,5.318181818181818,31,16,,,,88,400,95,56,52,10,49,2,4,65,6.6477272727272725,5.011363636363637,1.3265306122448979,1.0227272727272727,0.1625,0.1225,0.04000000000000001,0.2737752161383285,1.6363636363636365,0.3090909090909091,0.676923076923077,,,4.884660608118231,-0.08024289878085256,,,,,,,,,252.20000000000005,2.8659090909090916,281,3.1931818181818183,,,,,,,,,,,,,,,,,,,"Tyson Ross","7872",475115
"Mario Alvarez","LAD",3,7,,6.034090909090909,24,15,,,,88,418,112,63,59,10,44,2,6,43,4.3977272727272725,4.5,0.9772727272727273,1.0227272727272727,0.10287081339712918,0.10526315789473684,-0.002392344497607654,0.30434782608695654,1.7727272727272727,0.32075471698113206,0.6549295774647887,,,5.282387880845503,-0.08024289878085256,,,,,,,,,173.00000000000006,1.9659090909090915,246,2.7954545454545454,,,,,,,,,,,,,,,,,,,"Mario Alvarez","sa291501",464318
"Louis Coleman","KCR",6,5,,3.97508480032847,44,0,,,,88.30000305175781,380,82,42,39,9,34,2,5,77,7.848244349366467,3.4654585438761023,2.264705882352941,0.9173272616142624,0.2026315789473684,0.08947368421052632,0.1131578947368421,0.2404692082111437,1.313703238854993,0.28294573643410853,0.7156673114119922,,,3.9838446599931476,-0.08051645690035425,,,,,,,,,366.52002258300774,4.150849489418125,361.50001525878906,4.093997766306901,,,,,,,,,,,,,,,,,,,"Louis Coleman","9720",488786
"Brandon Erbe","BAL",4,9,,6.625141333880784,19,19,,,,88.30000305175781,412,104,70,65,20,45,3,6,56,5.707814072266521,4.586636308071312,1.2444444444444445,2.0385050258094717,0.13592233009708737,0.10922330097087378,0.026699029126213594,0.2880886426592798,1.6874291602533962,0.2916666666666667,0.6528925619834711,,,6.4866758305703325,-0.08051645690035425,,,,,,,,,96.0200225830078,1.0874294367433355,140.50001525878906,1.5911665957297165,,,,,,,,,,,,,,,,,,,"Brandon Erbe","sa294339",476258
"Rafael Dolis","CHC",5,8,,5.479143367767966,22,21,,,,88.69999694824219,420,98,58,54,9,62,2,5,50,5.0732808960814495,6.290868311140998,0.8064516129032258,0.913190561294661,0.11904761904761904,0.14761904761904762,-0.02857142857142858,0.2776203966005666,1.8038332074956267,0.2996632996632997,0.6919945725915875,,,5.53556517151284,-0.08088119178386055,,,,,,,,,189.87997741699223,2.140698804395564,225.49998474121094,2.5422772547872086,,,,,,,,,,,,,,,,,,,"Rafael Dolis","4185",503569
"Jordan Zimmermann","WSN",4,3,,3.943820224719101,19,18,,,,89,379,82,42,39,10,33,1,5,79,7.98876404494382,3.337078651685393,2.393939393939394,1.0112359550561798,0.20844327176781002,0.0870712401055409,0.12137203166226912,0.2404692082111437,1.2921348314606742,0.2823529411764706,0.7227722772277227,,,4.04413456113151,-0.08115474990336224,,,,,,,,,366.4,4.116853932584269,359,4.033707865168539,,,,,,,,,,,,,,,,,,,"Jordan Zimmermann","4505",519455
"Mike Montgomery","KCR",5,6,,4.651685393258427,19,19,,,,89,401,94,49,46,7,45,3,5,59,5.966292134831461,4.550561797752809,1.3111111111111111,0.7078651685393258,0.14713216957605985,0.11221945137157108,0.03491271820448877,0.2678062678062678,1.5617977528089888,0.3020833333333333,0.6965944272445821,,,4.459864898210162,-0.08115474990336224,,,,,,,,,296.1,3.3269662921348315,322,3.6179775280898876,,,,,,,,,,,,,,,,,,,"Mike Montgomery","4869",543557
"Carlos Villanueva","MIL",4,3,,4.232922587705996,60,4,,,,89.30000305175781,382,84,45,42,12,33,3,4,91,9.17133227336299,3.3258677474832825,2.757575757575758,1.2094064536302844,0.23821989528795812,0.08638743455497382,0.1518324607329843,0.24347826086956523,1.3101903247661415,0.2938775510204082,0.718562874251497,,,4.0296900981386985,-0.08142830802286394,,,,,,,,,365.8200225830078,4.0965286683246855,361.50001525878906,4.0481523281613505,,,,,,,,,,,,,,,,,,,"Carlos Villanueva","4138",453646
"Garrett Mock","WSN",5,6,,4.515050320834337,26,15,,,,89.69999694824219,394,95,48,45,9,36,3,3,73,7.324414964909037,3.6120402566674703,2.0277777777777777,0.9030100641668676,0.18527918781725888,0.09137055837563451,0.09390862944162437,0.2676056338028169,1.4604236840229585,0.3115942028985507,0.7010135135135135,,,4.05889039724677,-0.08179304290637024,,,,,,,,,335.07997741699216,3.735562863066057,360.49998474121094,4.018952029053279,,,,,,,,,,,,,,,,,,,"Garrett Mock","7335",452241
"Jesse Litsch","TOR",5,6,,5.117057030278916,16,16,,,,89.69999694824219,392,103,55,51,13,24,1,4,49,4.916388127130723,2.4080268377783134,2.0416666666666665,1.3043478704632532,0.125,0.061224489795918366,0.06377551020408163,0.28296703296703296,1.4158305944344713,0.29508196721311475,0.6617647058823529,,,4.805824647853932,-0.08179304290637024,,,,,,,,,250.07997741699222,2.787959709310703,293.49998474121094,3.2720177784461177,,,,,,,,,,,,,,,,,,,"Jesse Litsch","3688",446209
"Mark Rogers","MIL",5,6,,4.816053675556627,26,24,,,,89.69999694824219,421,86,51,48,7,70,3,6,70,7.023411610186748,7.023411610186748,1,0.7023411610186747,0.166270783847981,0.166270783847981,0,0.2492753623188406,1.7391304939510042,0.2915129151291513,0.7181942544459645,,,5.073383185384855,-0.08179304290637024,,,,,,,,,266.07997741699216,2.966332067664651,269.49998474121094,3.004459240915194,,,,,,,,,,,,,,,,,,,"Mark Rogers","4083",449161
"Carlos Monasterios","LAD",4,7,,5.518394836575301,31,12,,,,89.69999694824219,407,102,59,55,16,36,3,7,54,5.418060385001205,3.6120402566674703,1.5,1.6053512251855422,0.13267813267813267,0.08845208845208845,0.04422604422604422,0.2802197802197802,1.5384615908028114,0.2895622895622896,0.6833910034602076,,,5.630796805240946,-0.08179304290637024,,,,,,,,,180.7799774169922,2.0153844321901606,219.49998474121094,2.447045621059103,,,,,,,,,,,,,,,,,,,"Carlos Monasterios","2506",467856
"Lenny DiNardo","OAK",4,8,,6,21,16,,,,90,418,123,64,60,10,33,3,5,49,4.9,3.3,1.4848484848484849,1,0.11722488038277512,0.07894736842105263,0.038277511961722493,0.3236842105263158,1.7333333333333334,0.3487654320987654,0.647887323943662,,,4.700064648522272,-0.08206660102587193,,,,,,,,,207.2,2.302222222222222,304,3.3777777777777778,,,,,,,,,,,,,,,,,,,"Lenny DiNardo","1894",430837
"Héctor Rondón","CLE",5,8,,5.8,18,18,,,,90,409,109,62,58,16,31,3,6,65,6.5,3.1,2.096774193548387,1.6,0.15892420537897312,0.07579462102689487,0.08312958435207825,0.29301075268817206,1.5555555555555556,0.3163265306122449,0.663265306122449,,,5.1778424263000495,-0.08206660102587193,,,,,,,,,204.79999999999995,2.275555555555555,261,2.9,,,,,,,,,,,,,,,,,,,"Hector Rondon","2391",444468
"Duane Below","DET",4,10,,6.6,21,21,,,,90,430,113,71,66,16,50,2,6,55,5.5,5,1.1,1.6,0.12790697674418605,0.11627906976744186,0.011627906976744193,0.30213903743315507,1.8111111111111111,0.31699346405228757,0.6543385490753912,,,6.033397981855605,-0.08206660102587193,,,,,,,,,117.39999999999998,1.3044444444444443,184,2.0444444444444443,,,,,,,,,,,,,,,,,,,"Duane Below","3124",502102
"Brad Boxberger","CIN",6,10,,5.382059618773616,38,14,,,,90.30000305175781,421,95,58,54,12,56,3,6,80,7.973421657442394,5.581395160209675,1.4285714285714286,1.196013248616359,0.19002375296912113,0.1330166270783848,0.05700712589073634,0.2646239554317549,1.6722037087136132,0.3074074074074074,0.6929955290611028,,,5.093346234153543,-0.08234015914537363,,,,,,,,,247.62002258300777,2.7421928484440676,269.50001525878906,2.984496192146506,,,,,,,,,,,,,,,,,,,"Brad Boxberger","10133",502202
"Matt Yourkin","SFG",4,7,,5.159867869312757,39,11,,,,90.69999694824219,411,103,56,52,11,40,3,5,61,6.052921923616888,3.9691291302405824,1.525,1.0915105108161602,0.14841849148418493,0.09732360097323602,0.05109489051094891,0.2814207650273224,1.5766262934011204,0.30976430976430974,0.6818181818181819,,,4.797798382737635,-0.08270489402887993,,,,,,,,,255.07997741699222,2.8123482469635936,297.49998474121094,3.2800440435624143,,,,,,,,,,,,,,,,,,,"Matt Yourkin","sa245874",461361
"Steven Wright","CLE",3,6,,6.052921923616888,42,10,,,,90.69999694824219,420,115,65,61,14,36,3,6,54,5.358324325824786,3.5722162172165244,1.5,1.389195195584204,0.12857142857142856,0.08571428571428572,0.042857142857142844,0.30423280423280424,1.664829162962022,0.3226837060702875,0.654490106544901,,,5.282914165322595,-0.08270489402887993,,,,,,,,,181.97997741699214,2.0063945263508525,253.49998474121094,2.7949282609774544,,,,,,,,,,,,,,,,,,,"Steven Wright","8185",453214
"Robert Ray","TOR",4,8,,6.549063064896961,19,18,,,,90.69999694824219,432,119,71,66,15,43,3,6,53,5.259096097568772,4.266813815008626,1.2325581395348837,1.4884234238402185,0.12268518518518519,0.09953703703703703,0.023148148148148154,0.31070496083550914,1.7861081086082622,0.3270440251572327,0.6453900709219859,,,5.679827078346653,-0.08270489402887993,,,,,,,,,136.27997741699215,1.5025356339842009,217.49998474121094,2.398015347953396,,,,,,,,,,,,,,,,,,,"Robert Ray","3359",459988
"Casey Kelly","SDP",3,7,,5.43956043956044,20,20,,,,91,419,107,59,55,11,40,2,6,54,5.34065934065934,3.956043956043956,1.35,1.0879120879120878,0.1288782816229117,0.0954653937947494,0.033412887828162305,0.2868632707774799,1.6153846153846154,0.3086816720257235,0.668693009118541,,,4.97894132739895,-0.08297845214838162,,,,,,,,,229.89999999999998,2.5263736263736263,282,3.098901098901099,,,,,,,,,,,,,,,,,,,"Casey Kelly","9174",543391
"Scott Richmond","TOR",5,8,,5.934065934065934,19,17,,,,91,412,105,64,60,19,37,1,4,69,6.824175824175824,3.659340659340659,1.864864864864865,1.879120879120879,0.16747572815533981,0.08980582524271845,0.07766990291262137,0.2830188679245283,1.5604395604395604,0.3006993006993007,0.6759098786828422,,,5.627292975750598,-0.08297845214838162,,,,,,,,,181.69999999999993,1.996703296703296,223,2.4505494505494507,,,,,,,,,,,,,,,,,,,"Scott Richmond","4307",446341
"Samuel Deduno","SDP",4,8,,4.731653730122002,20,18,,,,91.30000305175781,425,88,52,48,8,68,3,5,76,7.49178507269317,6.703176117672836,1.1176470588235294,0.7886089550203337,0.17882352941176471,0.16,0.01882352941176471,0.25,1.7086527358773895,0.2952029520295203,0.718232044198895,,,4.950788694473341,-0.08325201026788331,,,,,,,,,281.4200225830079,3.082365971263674,285.50001525878906,3.1270537318267078,,,,,,,,,,,,,,,,,,,"Samuel Deduno","5285",465679
"Nate Jones","CHW",3,8,,6.870229236273454,31,15,,,,91.69999694824219,456,121,75,70,14,62,2,7,53,5.2017449931784725,6.085060180699345,0.8548387096774194,1.3740458472546908,0.1162280701754386,0.13596491228070176,-0.019736842105263164,0.31266149870801035,1.9956380162508605,0.33126934984520123,0.6609547123623011,,,6.1639930197371715,-0.08361674515138962,,,,,,,,,90.7799774169921,0.9899670712991476,175.49998474121094,1.913849406562877,,,,,,,,,,,,,,,,,,,"Nate Jones","4696",518858
"Sergio Mitre","MIL",4,4,,4.5,25,14,,,,92,395,100,49,46,10,25,2,4,54,5.282608695652174,2.4456521739130435,2.16,0.9782608695652174,0.13670886075949368,0.06329113924050633,0.07341772151898734,0.273224043715847,1.358695652173913,0.29508196721311475,0.6846846846846847,,,4.262625034995701,-0.08389030327089131,,,,,,,,,318.80000000000007,3.4652173913043485,351,3.8152173913043477,,,,,,,,,,,,,,,,,,,"Sergio Mitre","1773",429901
"Tyler Clippard","WSN",9,5,,3.315276163408235,77,0,,,,92.30000305175781,391,71,36,34,9,45,3,3,105,10.238352857584255,4.387865510393252,2.3333333333333335,0.8775731020786504,0.26854219948849106,0.11508951406649616,0.15345268542199492,0.20699708454810495,1.2567713560632523,0.2672413793103448,0.7736943907156673,,,3.6303884535347546,-0.084163861390393,,,,,,,,,453.7200225830078,4.91570972460945,410.50001525878906,4.447453972765294,,,,,,,,,,,,,,,,,,,"Tyler Clippard","5640",461325
"Anthony Carter","CHW",3,8,,7.020584816629203,36,15,,,,92.30000305175781,437,115,77,72,23,48,3,6,57,5.557962979831452,4.680389877752802,1.1875,2.2426868164232174,0.13043478260869565,0.10983981693363844,0.02059496567505721,0.3002610966057441,1.7659804399854322,0.3006535947712418,0.6574923547400611,,,6.837322258661675,-0.084163861390393,,,,,,,,,53.120022583007824,0.575514851859977,114.50001525878906,1.2405201676383744,,,,,,,,,,,,,,,,,,,"Anthony Carter","sa302341",457580
"Will Inman","SDP",4,6,,4.951456473685502,17,17,,,,92.69999694824219,411,96,55,51,13,41,3,5,60,5.825242910218237,3.980582655315795,1.4634146341463414,1.262135963880618,0.145985401459854,0.09975669099756691,0.04622871046228709,0.26301369863013696,1.4778857012961082,0.28135593220338984,0.6902356902356902,,,5.095102471134883,-0.0845285962738993,,,,,,,,,258.47997741699226,2.7883493627438964,276.49998474121094,2.982739955165166,,,,,,,,,,,,,,,,,,,"Will Inman","sa290185",488989
"Jo-Jo Reyes","TOR",4,7,,6.019417673892178,21,19,,,,92.69999694824219,423,109,66,62,16,42,3,4,68,6.601941964914002,4.077670037152766,1.619047619047619,1.55339810939153,0.1607565011820331,0.09929078014184398,0.06146572104018913,0.2891246684350133,1.6289105174869514,0.3141891891891892,0.6609642301710731,,,5.3432146691626965,-0.0845285962738993,,,,,,,,,203.7799774169922,2.1982738309125303,253.49998474121094,2.7346277571373525,,,,,,,,,,,,,,,,,,,"Jo-Jo Reyes","5559",457456
"Derek Hankins","PIT",4,7,,5.612903225806452,30,12,,,,93,424,109,62,58,14,39,3,6,54,5.225806451612903,3.774193548387097,1.3846153846153846,1.3548387096774193,0.12735849056603774,0.09198113207547169,0.035377358490566044,0.287598944591029,1.5913978494623655,0.30254777070063693,0.6697819314641744,,,5.325154254257038,-0.084802154393401,,,,,,,,,205.59999999999997,2.2107526881720427,256,2.752688172043011,,,,,,,,,,,,,,,,,,,"Derek Hankins","sa254024",458534
"Ryan Ketchner","DET",3,7,,6.483870967741935,22,17,,,,93,433,122,72,67,17,36,2,6,44,4.258064516129032,3.4838709677419355,1.2222222222222223,1.6451612903225807,0.10161662817551963,0.08314087759815242,0.01847575057736721,0.31202046035805625,1.6989247311827957,0.3153153153153153,0.6408345752608048,,,5.862788662859189,-0.084802154393401,,,,,,,,,123.90000000000003,1.3322580645161295,206,2.21505376344086,,,,,,,,,,,,,,,,,,,"Ryan Ketchner","sa199599",434702
"Brandon Webb","TEX",7,5,,3.569131716054388,14,14,,,,93.30000305175781,395,90,40,37,7,30,2,5,72,6.9453373934031335,2.893890580584639,2.4,0.6752411354697491,0.18227848101265823,0.0759493670886076,0.10632911392405063,0.25,1.2861735913709507,0.29225352112676056,0.7259528130671506,,,3.6351843158941275,-0.08507571251290269,,,,,,,,,409.3200225830078,4.387138362213548,414.50001525878906,4.4426581104059215,,,,,,,,,,,,,,,,,,,"Brandon Webb","1692",425630
"Buddy Baumann","KCR",3,3,,4.823150967641065,33,15,,,,93.30000305175781,426,101,54,50,8,49,2,6,66,6.366559277286206,4.726687948288244,1.346938775510204,0.7717041548225704,0.15492957746478872,0.11502347417840375,0.03990610328638497,0.2722371967654987,1.6077169892136882,0.31,0.6916426512968299,,,4.546223943115217,-0.08507571251290269,,,,,,,,,296.42002258300784,3.1770633749987125,329.50001525878906,3.531618483184831,,,,,,,,,,,,,,,,,,,"Buddy Baumann","9309",571473
"Seth Etherton","LAD",5,7,,5.016077006346707,17,16,,,,93.30000305175781,410,105,56,52,14,27,3,5,62,5.980707199874921,2.604501522526175,2.2962962962962963,1.3504822709394981,0.15121951219512195,0.06585365853658537,0.08536585365853658,0.2777777777777778,1.4147909505080456,0.2983606557377049,0.6761565836298932,,,4.7284318685594355,-0.08507571251290269,,,,,,,,,273.2200225830078,2.9284031473336616,312.50001525878906,3.3494105577406135,,,,,,,,,,,,,,,,,,,"Seth Etherton","322",150003
"Eddie Bonine","PHI",4,6,,5.20900304505235,33,11,,,,93.30000305175781,410,112,58,54,13,26,3,4,42,4.051446812818495,2.5080385031733536,1.6153846153846154,1.2540192515866768,0.1024390243902439,0.06341463414634146,0.03902439024390243,0.29473684210526313,1.4790996300765933,0.3018292682926829,0.667779632721202,,,4.953512247049352,-0.08507571251290269,,,,,,,,,233.32002258300787,2.5007504282028212,291.50001525878906,3.124330179250697,,,,,,,,,,,,,,,,,,,"Eddie Bonine","5890",444382
"Mark Hendrickson","BAL",4,5,,4.882978723404255,46,8,,,,94,413,106,55,51,12,28,4,3,61,5.840425531914893,2.6808510638297873,2.1785714285714284,1.148936170212766,0.14769975786924938,0.06779661016949153,0.07990314769975786,0.2774869109947644,1.425531914893617,0.30128205128205127,0.674061433447099,,,4.4289062560872825,-0.08571400551591069,,,,,,,,,301.4,3.206382978723404,343,3.648936170212766,,,,,,,,,,,,,,,,,,,"Mark Hendrickson","1574",424805
"Brian Baker","TBR",5,8,,5.74468085106383,38,11,,,,94,438,112,64,60,13,46,3,6,52,4.9787234042553195,4.404255319148936,1.1304347826086956,1.2446808510638299,0.1187214611872146,0.1050228310502283,0.0136986301369863,0.29015544041450775,1.6808510638297873,0.3055555555555556,0.6723891273247495,,,5.4289062560872825,-0.08571400551591069,,,,,,,,,192.50000000000006,2.0478723404255326,249,2.648936170212766,,,,,,,,,,,,,,,,,,,"Brian Baker","sa295129",489702
"Eric Berger","CLE",4,8,,6.51063829787234,22,21,,,,94,464,112,73,68,13,72,3,6,62,5.9361702127659575,6.8936170212765955,0.8611111111111112,1.2446808510638299,0.1336206896551724,0.15517241379310345,-0.02155172413793105,0.29015544041450775,1.9574468085106382,0.31528662420382164,0.669481302774427,,,6.045927532683027,-0.08571400551591069,,,,,,,,,134.50000000000006,1.4308510638297878,191,2.0319148936170213,,,,,,,,,,,,,,,,,,,"Eric Berger","sa389697",446354
"Jeff Marquez","CHW",4,10,,6.797872340425532,20,19,,,,94,447,126,76,71,18,43,3,6,43,4.117021276595745,4.117021276595745,1,1.7234042553191489,0.09619686800894854,0.09619686800894854,0,0.3165829145728643,1.797872340425532,0.3176470588235294,0.64673157162726,,,6.216140298640474,-0.08571400551591069,,,,,,,,,85.60000000000002,0.9106382978723406,175,1.8617021276595744,,,,,,,,,,,,,,,,,,,"Jeff Marquez","7456",457812
"Darin Downs","TBR",6,9,,5.344644577830744,39,9,,,,94.30000305175781,432,111,60,56,12,43,2,6,67,6.394485477047497,4.1039235151200355,1.558139534883721,1.1452809809637308,0.1550925925925926,0.09953703703703703,0.05555555555555555,0.2898172323759791,1.6330858432260607,0.32247557003257327,0.685131195335277,,,4.869995072437739,-0.08598756363541238,,,,,,,,,248.62002258300777,2.6364794754730747,302.50001525878906,3.2078473538623102,,,,,,,,,,,,,,,,,,,"Darin Downs","5903",445153
"Casey Fossum","NYM",5,7,,5.0583243325898115,32,14,,,,94.30000305175781,421,99,57,53,13,45,3,5,71,6.776245804035407,4.294803678613991,1.5777777777777777,1.2407210627107084,0.16864608076009502,0.10688836104513064,0.06175771971496438,0.2668463611859838,1.5270413079516412,0.296551724137931,0.6915739268680445,,,4.954830700657275,-0.08598756363541238,,,,,,,,,272.5200225830078,2.889925914778938,294.50001525878906,3.1230117256427743,,,,,,,,,,,,,,,,,,,"Casey Fossum","188",407154
"Micah Owings","ARI",6,6,,4.941922017756591,29,14,,,,94.69999694824219,431,95,56,52,12,51,1,7,71,6.7476242934753445,4.8468850558766565,1.392156862745098,1.1404435425592132,0.16473317865429235,0.11832946635730858,0.04640371229698377,0.2546916890080429,1.5417107149411586,0.2832764505119454,0.6965944272445821,,,5.063058963347569,-0.08635229851891868,,,,,,,,,274.1799774169922,2.8952480068911077,285.49998474121094,3.014783462952481,,,,,,,,,,,,,,,,,,,"Micah Owings","4253",452249
"Sergio Perez","HOU",4,10,,6.272439484075672,21,18,,,,94.69999694824219,452,121,71,66,12,52,3,6,44,4.181626322717115,4.941922017756591,0.8461538461538461,1.1404435425592132,0.09734513274336283,0.11504424778761062,-0.017699115044247787,0.30710659898477155,1.8268216005809619,0.3196480938416422,0.6530089628681178,,,5.633280734627174,-0.08635229851891868,,,,,,,,,152.57997741699216,1.6111930552688825,231.49998474121094,2.4445616916728743,,,,,,,,,,,,,,,,,,,"Sergio Perez","sa326541",503941
"Brian Moehler","HOU",4,6,,5.11578947368421,24,17,,,,95,418,108,58,54,11,36,5,2,53,5.021052631578947,3.4105263157894736,1.4722222222222223,1.0421052631578946,0.12679425837320574,0.0861244019138756,0.040669856459330134,0.28421052631578947,1.5157894736842106,0.30407523510971785,0.6687402799377916,,,4.667316110510575,-0.08662585663842037,,,,,,,,,278.90000000000003,2.9357894736842107,324,3.4105263157894736,,,,,,,,,,,,,,,,,,,"Brian Moehler","480",119215
"Matt Palmer","LAA",5,6,,5.11578947368421,28,13,,,,95,431,101,58,54,11,53,2,5,64,6.063157894736842,5.021052631578947,1.2075471698113207,1.0421052631578946,0.14849187935034802,0.12296983758700696,0.025522041763341066,0.2707774798927614,1.6210526315789473,0.29900332225913623,0.6926406926406927,,,5.067316110510575,-0.08662585663842037,,,,,,,,,259.1,2.7273684210526317,286,3.0105263157894737,,,,,,,,,,,,,,,,,,,"Matt Palmer","4457",461212
"Henry Villar","HOU",4,6,,5.3052631578947365,43,8,,,,95,432,105,60,56,13,46,3,6,65,6.157894736842105,4.3578947368421055,1.4130434782608696,1.231578947368421,0.15046296296296297,0.10648148148148148,0.04398148148148148,0.27631578947368424,1.5894736842105264,0.3016393442622951,0.6852409638554217,,,5.130474005247418,-0.08662585663842037,,,,,,,,,244.10000000000002,2.5694736842105264,280,2.9473684210526314,,,,,,,,,,,,,,,,,,,"Henry Villar","5360",492821
"Brad Penny","DET",5,7,,4.702194507314094,17,16,,,,95.69999694824219,413,105,53,50,11,29,0,3,57,5.360501738338067,2.7272728142421747,1.9655172413793103,1.0344827916091008,0.13801452784503632,0.07021791767554479,0.06779661016949153,0.27559055118110243,1.4002090310668636,0.2974683544303797,0.6829679595278246,,,4.384007567220631,-0.08726414964142837,,,,,,,,,317.87997741699223,3.321629963989576,353.49998474121094,3.693834859079418,,,,,,,,,,,,,,,,,,,"Brad Penny","535",207267
"Chris Dwyer","KCR",5,8,,5.360501738338067,20,20,,,,95.69999694824219,449,109,61,57,9,57,2,6,69,6.48902842009345,5.360501738338067,1.2105263157894737,0.8463950113165369,0.15367483296213807,0.12694877505567928,0.026726057906458794,0.2823834196891192,1.7345873071425326,0.3215434083601286,0.6844850065189048,,,4.833328375697311,-0.08726414964142837,,,,,,,,,263.0799774169921,2.7490071662099917,310.49998474121094,3.244514050602738,,,,,,,,,,,,,,,,,,,"Chris Dwyer","10045",543125
"Matt Chico","WSN",4,7,,5.736677298923195,20,20,,,,95.69999694824219,443,116,65,61,13,40,2,6,51,4.796238397460376,3.7617556058512753,1.275,1.2225705719016644,0.11512415349887133,0.09029345372460497,0.024830699774266357,0.29219143576826195,1.630094095868886,0.30654761904761907,0.660377358490566,,,5.219953257409803,-0.08726414964142837,,,,,,,,,210.6799774169922,2.2014627391360846,273.49998474121094,2.857889168890246,,,,,,,,,,,,,,,,,,,"Matt Chico","6068",453889
"Kane Holbrooks","MIN",6,8,,5.233644693958296,44,11,,,,96.30000305175781,442,110,60,56,11,44,2,6,66,6.168224103593706,4.112149402395804,1.5,1.028037350598951,0.1493212669683258,0.09954751131221719,0.0497737556561086,0.28061224489795916,1.5991692120428127,0.3113207547169811,0.6782106782106783,,,4.749701147981171,-0.08781126588043175,,,,,,,,,273.3200225830078,2.8382140594129375,320.50001525878906,3.3281412783188777,,,,,,,,,,,,,,,,,,,"Kane Holbrooks","sa502077",572927
"Francisco Rodríguez","NYM",6,3,,3.247422680412371,97,0,,,,97,408,82,37,35,9,37,4,2,111,10.29896907216495,3.4329896907216493,3,0.8350515463917526,0.27205882352941174,0.09068627450980392,0.1813725490196078,0.2222222222222222,1.2268041237113403,0.2896825396825397,0.7706766917293233,,,3.2015537665062346,-0.08844955888343975,,,,,,,,,308.919994354248,5.123051380809718,285.49999618530273,4.73466002981031,,,,,,,,,,,,,,,,,,,"Francisco Rodriguez","1642",408061
"Oliver Pérez","WSN",3,7,,5.364850808096348,22,18,,,,97.30000305175781,450,96,62,58,15,64,3,6,86,7.954778784418722,5.919835374451142,1.34375,1.3874614158869865,0.19111111111111112,0.14222222222222222,0.0488888888888889,0.25263157894736843,1.6443987151253172,0.2872340425531915,0.7050359712230215,,,5.472498055201292,-0.08872311700294144,,,,,,,,,247.92002258300784,2.5479960411833606,253.50001525878906,2.6053443710987567,,,,,,,,,,,,,,,,,,,"Oliver Perez","1514",424144
"Chad Gaudin","WSN",5,5,,4.2374617495568785,40,9,,,,97.69999694824219,427,95,49,46,11,38,2,7,87,8.01432983068366,3.5005118800687254,2.289473684210526,1.01330607054621,0.20374707259953162,0.08899297423887588,0.11475409836065574,0.2486910994764398,1.361310175582282,0.2926829268292683,0.7142857142857143,,,4.142325571116269,-0.08908785188644774,,,,,,,,,379.6799774169922,3.886182080621072,384.49998474121094,3.9355168551837796,,,,,,,,,,,,,,,,,,,"Chad Gaudin","1783",429985
"Dustin Moseley","SDP",4,8,,5.250767820103088,19,17,,,,97.69999694824219,439,113,61,57,13,39,2,4,58,5.342886553789107,3.5926306137547446,1.4871794871794872,1.1975435379182482,0.13211845102505695,0.0888382687927107,0.043280182232346254,0.28535353535353536,1.5557830578083225,0.3048780487804878,0.6801195814648728,,,4.940687929728435,-0.08908785188644774,,,,,,,,,256.27997741699227,2.6231318876372107,306.49998474121094,3.137154496571614,,,,,,,,,,,,,,,,,,,"Dustin Moseley","7060",400291
"Josh Stinson","NYM",4,8,,5.527124021161145,38,11,,,,97.69999694824219,458,109,64,60,12,60,3,6,60,5.527124021161145,5.527124021161145,1,1.105424804232229,0.13100436681222707,0.13100436681222707,0,0.2780612244897959,1.7297851103263584,0.30030959752321984,0.6898817345597898,,,5.472929502136545,-0.08908785188644774,,,,,,,,,213.9799774169922,2.19017383931292,254.49998474121094,2.6049129241635036,,,,,,,,,,,,,,,,,,,"Josh Stinson","3219",502139
"Jason Jones","WSN",4,11,,6.816786292765412,23,19,,,,97.69999694824219,462,134,79,74,18,39,3,6,41,3.7768680811267825,3.5926306137547446,1.0512820512820513,1.6581372063483437,0.08874458874458875,0.08441558441558442,0.004329004329004335,0.3213429256594724,1.770726769742367,0.32132963988919666,0.6359945872801082,,,6.015406489398657,-0.08908785188644774,,,,,,,,,100.17997741699224,1.0253836289274796,201.49998474121094,2.0624359369013914,,,,,,,,,,,,,,,,,,,"Jason Jones","sa254345",459419
"Jenrry Mejia","NYM",7,7,,4.303153477800791,22,22,,,,98.30000305175781,441,98,50,47,8,50,2,5,73,6.6836213591373985,4.577822848724246,1.46,0.7324516557958793,0.1655328798185941,0.11337868480725624,0.05215419501133786,0.2538860103626943,1.5055950702470853,0.2922077922077922,0.7163742690058479,,,4.329114004951343,-0.08963496812545113,,,,,,,,,355.22002258300785,3.6136318571218577,368.50001525878906,3.748728421348706,,,,,,,,,,,,,,,,,,,"Jenrry Mejia","8476",516769
"Nick Barnese","TBR",6,7,,4.852492219647701,20,19,,,,98.30000305175781,442,110,57,53,9,40,3,7,57,5.21871804754564,3.6622582789793965,1.425,0.8240081127703642,0.12895927601809956,0.09049773755656108,0.03846153846153848,0.27848101265822783,1.5259409495747487,0.3042168674698795,0.6768558951965066,,,4.542745737891808,-0.08963496812545113,,,,,,,,,303.7200225830078,3.0897254644345264,347.50001525878906,3.5350966884082413,,,,,,,,,,,,,,,,,,,"Nick Barnese","sa390367",518433
"Doug Mathis","CLE",4,7,,5.859613246367035,30,14,,,,98.30000305175781,452,127,69,64,13,39,2,5,50,4.577822848724246,3.570701822004912,1.2820512820512822,1.1902339406683038,0.11061946902654868,0.08628318584070796,0.024336283185840718,0.3112745098039216,1.688707984196055,0.3275862068965517,0.6562922868741542,,,5.122603298730212,-0.08963496812545113,,,,,,,,,205.32002258300787,2.088708201513492,290.50001525878906,2.955239127569837,,,,,,,,,,,,,,,,,,,"Doug Mathis","3944",450545
"Ryan Pope","NYY",4,8,,6.408951988213944,33,15,,,,98.30000305175781,459,126,75,70,18,40,2,6,54,4.944048676622185,3.6622582789793965,1.35,1.6480162255407285,0.11764705882352941,0.08714596949891068,0.03050108932461873,0.3050847457627119,1.688707984196055,0.313953488372093,0.6463068181818181,,,5.763498497551606,-0.08963496812545113,,,,,,,,,148.42002258300784,1.5098679346414707,227.50001525878906,2.3143439287484426,,,,,,,,,,,,,,,,,,,"Ryan Pope","sa390383",519143
"Christian Friedrich","COL",5,5,,5.015197723456624,21,21,,,,98.69999694824219,451,105,59,55,13,51,3,6,78,7.112462225993031,4.650456070841598,1.5294117647058822,1.1854103709988386,0.1729490022172949,0.1130820399113082,0.05986696230598669,0.26649746192893403,1.5805471613317847,0.3006535947712418,0.7039187227866472,,,4.9420775396657435,-0.08999970300895743,,,,,,,,,282.47997741699226,2.8620059387147037,309.49998474121094,3.135764886634305,,,,,,,,,,,,,,,,,,,"Christian Friedrich","7942",543184
"Brandon Beachy","ATL",4,3,,3.909090909090909,35,11,,,,99,425,98,46,43,8,33,2,6,86,7.818181818181818,3,2.606060606060606,0.7272727272727273,0.2023529411764706,0.07764705882352942,0.12470588235294118,0.2538860103626943,1.3232323232323233,0.3050847457627119,0.7095158597662772,,,3.572791921249544,-0.09027326112845913,,,,,,,,,434.40000000000003,4.387878787878789,446,4.505050505050505,,,,,,,,,,,,,,,,,,,"Brandon Beachy","8851",545404
"Kyle Weiland","BOS",5,8,,5.818181818181818,23,22,,,,99,464,116,68,64,13,56,3,7,64,5.818181818181818,5.090909090909091,1.1428571428571428,1.1818181818181819,0.13793103448275862,0.1206896551724138,0.01724137931034482,0.2892768079800499,1.7373737373737375,0.3149847094801223,0.6762028608582574,,,5.401074749532372,-0.09027326112845913,,,,,,,,,210.10000000000002,2.1222222222222222,265,2.676767676767677,,,,,,,,,,,,,,,,,,,"Kyle Weiland","7874",475095
"Tyler Lumsden","SDP",3,11,,6.7272727272727275,29,17,,,,99,492,132,79,74,11,67,2,7,36,3.272727272727273,6.090909090909091,0.5373134328358209,1,0.07317073170731707,0.13617886178861788,-0.06300813008130081,0.3157894736842105,2.01010101010101,0.3235294117647059,0.6535947712418301,,,6.037438385896008,-0.09027326112845913,,,,,,,,,104.10000000000002,1.0515151515151517,202,2.04040404040404,,,,,,,,,,,,,,,,,,,"Tyler Lumsden","sa253556",460274
"Blake Hawksworth","LAD",6,7,,4.622356353410754,39,11,,,,99.30000305175781,434,107,55,51,12,36,2,4,67,6.0725073662455005,3.2628397788781793,1.8611111111111112,1.0876132596260597,0.1543778801843318,0.08294930875576037,0.07142857142857142,0.2715736040609137,1.4400805196900606,0.29874213836477986,0.6973058637083993,,,4.507852452845424,-0.09054681924796082,,,,,,,,,323.0200225830078,3.2529709230184127,354.50001525878906,3.569989973454625,,,,,,,,,,,,,,,,,,,"Blake Hawksworth","8963",458003
"Brandon Duckworth","BOS",4,6,,5.52870073643247,23,17,,,,99.30000305175781,455,115,65,61,13,47,3,6,60,5.438066298130299,4.259818600202068,1.2765957446808511,1.1782476979282315,0.13186813186813187,0.10329670329670329,0.02857142857142858,0.2860696517412935,1.6314198894390897,0.3072289156626506,0.674547983310153,,,5.172505000394683,-0.09054681924796082,,,,,,,,,236.92002258300784,2.385901463260971,288.50001525878906,2.9053374259053664,,,,,,,,,,,,,,,,,,,"Brandon Duckworth","954",346855
"Martín Pérez","TEX",5,9,,6.435045119454188,26,22,,,,99.30000305175781,477,125,76,71,15,59,2,7,68,6.1631418045476725,5.347431859828127,1.152542372881356,1.3595165745325748,0.14255765199161424,0.12368972746331237,0.01886792452830187,0.30413625304136255,1.8529707386221759,0.3323262839879154,0.6625766871165644,,,5.665959164484284,-0.09054681924796082,,,,,,,,,163.3200225830078,1.6447131678121003,239.50001525878906,2.411883261815765,,,,,,,,,,,,,,,,,,,"Martin Perez","6902",527048
"Josh Butler","MIL",4,9,,6.0725073662455005,23,22,,,,99.30000305175781,473,118,72,67,13,61,2,7,55,4.984894106619441,5.52870073643247,0.9016393442622951,1.1782476979282315,0.11627906976744186,0.12896405919661733,-0.012684989429175467,0.291358024691358,1.8026182728987472,0.3088235294117647,0.6654228855721392,,,5.726382123352398,-0.09054681924796082,,,,,,,,,174.12002258300782,1.7534744937747064,233.50001525878906,2.351460302947651,,,,,,,,,,,,,,,,,,,"Josh Butler","1141",453332
"Carlos Silva","CHC",6,7,,4.784353205623744,19,19,,,,99.69999694824219,430,112,57,53,12,24,1,5,58,5.2357072816259835,2.166499564810752,2.4166666666666665,1.083249782405376,0.13488372093023257,0.05581395348837209,0.07906976744186048,0.2793017456359102,1.3640923185845475,0.2994011976047904,0.662751677852349,,,4.351663929684149,-0.09091155413146712,,,,,,,,,327.9799774169922,3.2896688812062678,371.49998474121094,3.7261784966159004,,,,,,,,,,,,,,,,,,,"Carlos Silva","973",400067
"Chuck James","WSN",7,9,,4.784353205623744,26,17,,,,99.69999694824219,441,102,57,53,14,43,4,5,75,6.7703111400336,3.881645053619264,1.744186046511628,1.263791412806272,0.17006802721088435,0.09750566893424037,0.07256235827664398,0.2595419847328244,1.4543631337849956,0.28664495114006516,0.7017543859649122,,,4.843138367997699,-0.09091155413146712,,,,,,,,,306.3799774169922,3.0730189247251927,322.49998474121094,3.2347040583023503,,,,,,,,,,,,,,,,,,,"Chuck James","4886",460580
"Adam Warren","NYY",7,7,,5.04,21,21,,,,100,450,118,60,56,12,35,2,7,62,5.58,3.15,1.7714285714285714,1.08,0.13777777777777778,0.07777777777777778,0.06,0.28921568627450983,1.53,0.314540059347181,0.682819383259912,,,4.657842426300049,-0.09118511225096881,,,,,,,,,283.59999999999997,2.836,342,3.42,,,,,,,,,,,,,,,,,,,"Adam Warren","9029",476589
"Brian Lawrence","SFG",4,10,,5.922233119908064,19,18,,,,100.30000305175781,462,133,71,66,14,31,3,6,53,4.755732656895869,2.781654950259848,1.7096774193548387,1.2562312678592862,0.11471861471861472,0.0670995670995671,0.047619047619047616,0.3129411764705882,1.6350946661025632,0.3296398891966759,0.6440443213296398,,,4.942249149234069,-0.09145867037047051,,,,,,,,,219.22002258300785,2.185643229441217,314.50001525878906,3.13559327706598,,,,,,,,,,,,,,,,,,,"Brian Lawrence","1045",400147
"Enrique Gonzalez","DET",4,9,,6.101694729602247,31,15,,,,100.30000305175781,466,125,73,68,17,47,2,5,57,5.114655876284237,4.2173478278133185,1.2127659574468086,1.5254236824005618,0.1223175965665236,0.10085836909871244,0.021459227467811162,0.30193236714975846,1.7148553815222003,0.31486880466472306,0.6680161943319839,,,5.699975945720623,-0.09145867037047051,,,,,,,,,166.12002258300788,1.6562314808433751,238.50001525878906,2.377866480579426,,,,,,,,,,,,,,,,,,,"Enrique Gonzalez","2568",434619
"David Kopp","STL",5,9,,5.541211687293307,21,20,,,,100.69999694824219,468,121,66,62,10,51,3,6,49,4.379344720602775,4.558093484709011,0.9607843137254902,0.8937438205311786,0.1047008547008547,0.10897435897435898,-0.004273504273504272,0.2944038929440389,1.7080437459040303,0.3126760563380282,0.6708860759493671,,,5.093731265942596,-0.09182340525397681,,,,,,,,,234.57997741699216,2.32949339151978,300.49998474121094,2.9841111603574526,,,,,,,,,,,,,,,,,,,"David Kopp","sa388375",446332
"Marco Estrada","MIL",5,5,,4.531095618679107,25,18,,,,101.30000305175781,447,105,55,51,11,40,3,6,75,6.663375909822216,3.5538004852385154,1.875,0.9772951334405917,0.16778523489932887,0.0894854586129754,0.07829977628635347,0.26184538653366585,1.4313918621099575,0.29559748427672955,0.6944444444444444,,,4.371030936206287,-0.0923705214929802,,,,,,,,,353.3200225830078,3.4878579658332676,375.50001525878906,3.7068114900937625,,,,,,,,,,,,,,,,,,,"Marco Estrada","1118",462136
"Trevor May","PHI",5,9,,5.774925788512587,23,22,,,,101.30000305175781,496,99,70,65,14,94,3,8,98,8.706811188834363,8.351431140310511,1.0425531914893618,1.2438301698334804,0.1975806451612903,0.18951612903225806,0.008064516129032251,0.2512690355329949,1.9052319268084263,0.2982456140350877,0.7093425605536332,,,5.960369486549067,-0.0923705214929802,,,,,,,,,210.0200225830078,2.0732479393480476,214.50001525878906,2.117472939750982,,,,,,,,,,,,,,,,,,,"Trevor May","6398",543507
"Tim Stauffer","SDP",5,6,,4.159292160207988,32,15,,,,101.69999694824219,438,105,50,47,9,36,5,4,71,6.2831860292503645,3.185840803563565,1.9722222222222223,0.7964602008908912,0.16210045662100456,0.0821917808219178,0.07990867579908675,0.2638190954773869,1.3864307200693293,0.29906542056074764,0.7087227414330218,,,4.0119624149992426,-0.0927352563764865,,,,,,,,,390.87997741699223,3.8434610535526503,413.49998474121094,4.0658800113008065,,,,,,,,,,,,,,,,,,,"Tim Stauffer","6432",431162
"Luis Atilano","WSN",5,9,,5.454545291828434,22,19,,,,102.30000305175781,464,124,66,62,13,37,4,5,47,4.134897237353813,3.2551318677040655,1.2702702702702702,1.1436949805446717,0.10129310344827586,0.07974137931034483,0.021551724137931022,0.2938388625592417,1.5738024945956592,0.3041095890410959,0.665266106442577,,,5.042651751851151,-0.09328237261548988,,,,,,,,,242.72002258300785,2.372629670990388,310.50001525878906,3.0351906744488972,,,,,,,,,,,,,,,,,,,"Luis Atilano","3802",457447
"Ross Detwiler","WSN",5,8,,5.258033262378229,23,22,,,,102.69999694824219,474,123,64,60,9,48,3,5,69,6.046738251734963,4.206426609902583,1.4375,0.7887049893567343,0.14556962025316456,0.10126582278481013,0.04430379746835443,0.2921615201900237,1.6650438664197724,0.32947976878612717,0.6755050505050505,,,4.421562037796708,-0.09364710749899618,,,,,,,,,308.4799774169922,3.003699966733759,375.49998474121094,3.6562803885033417,,,,,,,,,,,,,,,,,,,"Ross Detwiler","2859",446321
"Matt Harrison","TEX",5,5,,4.9951315992593175,29,15,,,,102.69999694824219,459,115,61,57,13,42,2,4,61,5.345667150084532,3.68062328366476,1.4523809523809523,1.1392405401819496,0.1328976034858388,0.0915032679738562,0.041394335511982586,0.2784503631961259,1.5287244855432998,0.2982456140350877,0.6916426512968299,,,4.879205673596294,-0.09364710749899618,,,,,,,,,285.0799774169923,2.77585185869737,328.49998474121094,3.198636752703755,,,,,,,,,,,,,,,,,,,"Matt Harrison","5551",457448
"Sean West",,6,9,,5.433301037790836,21,21,,,,102.69999694824219,476,114,66,62,13,60,2,5,78,6.835443241091697,5.258033262378229,1.3,1.1392405401819496,0.1638655462184874,0.12605042016806722,0.03781512605042017,0.2773722627737226,1.6942551623218738,0.3126934984520124,0.693196405648267,,,5.10315894217907,-0.09364710749899618,,,,,,,,,264.67997741699224,2.5772150465630808,305.49998474121094,2.9746834841209786,,,,,,,,,,,,,,,,,,,"Sean West","4393",476811
"Jake Westbrook","STL",6,5,,4.106796116504855,17,17,,,,103,440,102,50,47,10,36,2,4,65,5.679611650485437,3.145631067961165,1.8055555555555556,0.8737864077669902,0.14772727272727273,0.08181818181818182,0.06590909090909092,0.255,1.3398058252427185,0.2804878048780488,0.7096774193548387,,,4.24289096998937,-0.09392066561849788,,,,,,,,,384.00000000000006,3.728155339805826,395,3.8349514563106797,,,,,,,,,,,,,,,,,,,"Jake Westbrook","412",150414
"Frankie De La Cruz","MIL",6,7,,4.543689320388349,43,13,,,,103,465,99,56,52,9,64,3,5,76,6.640776699029126,5.592233009708738,1.1875,0.7864077669902912,0.16344086021505377,0.13763440860215054,0.025806451612903236,0.25,1.5825242718446602,0.28662420382165604,0.711436170212766,,,4.747745338921408,-0.09392066561849788,,,,,,,,,339.09999999999997,3.2922330097087373,343,3.3300970873786406,,,,,,,,,,,,,,,,,,,"Frankie De La Cruz","3920",448842
"Aroldis Chapman","CIN",9,7,,4.007744315288819,49,14,,,,103.30000305175781,459,86,49,46,11,67,3,5,122,10.629234923157302,5.837366720094584,1.8208955223880596,0.9583736406125436,0.2657952069716776,0.14596949891067537,0.1198257080610022,0.2222222222222222,1.4811228991284764,0.2918287937743191,0.7558139534883721,,,4.191104736102499,-0.09419422373799957,,,,,,,,,433.52002258300774,4.196708710316255,401.50001525878906,3.8867376901975503,,,,,,,,,,,,,,,,,,,"Aroldis Chapman","10233",547973
"Jordan Hotchkiss","CIN",5,8,,5.314617461578651,35,13,,,,103.30000305175781,466,111,65,61,17,48,3,7,64,5.575992090836618,4.181994068127463,1.3333333333333333,1.4811228991284764,0.13733905579399142,0.10300429184549356,0.034334763948497854,0.27007299270072993,1.5392061500746912,0.2822822822822823,0.6952662721893492,,,5.575422216987284,-0.09419422373799957,,,,,,,,,229.7200225830078,2.2238142865098274,258.50001525878906,2.502420209312765,,,,,,,,,,,,,,,,,,,"Jordan Hotchkiss","sa389369",518820
"Dan Cortes","SEA",5,10,,5.728061885059379,32,20,,,,103.69999694824219,505,111,71,66,10,87,2,7,76,6.595950049462315,7.550627030305545,0.8735632183908046,0.8678881644029363,0.1504950495049505,0.17227722772277226,-0.021782178217821774,0.27007299270072993,1.9093539616864597,0.3069908814589666,0.6902173913043478,,,5.585074901241865,-0.09455895862150587,,,,,,,,,225.7799774169922,2.1772418906596642,258.49998474121094,2.492767525058184,,,,,,,,,,,,,,,,,,,"Dan Cortes","4027",451135
"Adam Ottavino","STL",5,8,,5.278846153846154,21,20,,,,104,476,115,65,61,13,55,3,5,70,6.0576923076923075,4.759615384615385,1.2727272727272727,1.125,0.14705882352941177,0.11554621848739496,0.031512605042016806,0.2764423076923077,1.6346153846153846,0.30357142857142855,0.691699604743083,,,5.087457810915433,-0.09483251674100757,,,,,,,,,270.70000000000005,2.6028846153846157,311,2.9903846153846154,,,,,,,,,,,,,,,,,,,"Adam Ottavino","1247",493603
"Charlie Furbush","DET",4,8,,6.017192152464309,21,20,,,,104.69999694824219,479,126,75,70,20,42,3,7,72,6.1891119282490035,3.6103152914785857,1.7142857142857142,1.7191977578469455,0.15031315240083507,0.08768267223382047,0.0626304801670146,0.2930232558139535,1.6045845739904825,0.31085043988269795,0.6642857142857143,,,5.589781372487531,-0.09547080974401556,,,,,,,,,198.1799774169922,1.8928365156969513,260.49998474121094,2.4880610538125185,,,,,,,,,,,,,,,,,,,"Charlie Furbush","1370",518703
"Jacob Turner","DET",4,7,,5.485714285714286,24,23,,,,105,471,124,68,64,15,36,3,7,61,5.228571428571429,3.085714285714286,1.6944444444444444,1.2857142857142858,0.12951167728237792,0.07643312101910828,0.05307855626326964,0.2897196261682243,1.5238095238095237,0.30704225352112674,0.6618705035971223,,,5.001651950109573,-0.09574436786351725,,,,,,,,,263.09999999999997,2.5057142857142853,323,3.0761904761904764,,,,,,,,,,,,,,,,,,,"Jacob Turner","10185",545363
"Bruce Chen","KCR",6,7,,4.768212058197052,25,17,,,,105.69999694824219,467,109,60,56,14,43,3,4,75,6.385998292228194,3.6613056875441647,1.744186046511628,1.192053014549263,0.16059957173447537,0.09207708779443255,0.06852248394004282,0.25952380952380955,1.4380322080276824,0.2844311377245509,0.6948640483383686,,,4.714550136752608,-0.09638266086652525,,,,,,,,,335.5799774169921,3.1748343150976113,355.49998474121094,3.3632922895474406,,,,,,,,,,,,,,,,,,,"Bruce Chen","769",136600
"Sean O'Sullivan","KCR",6,8,,5.193945277678932,23,19,,,,105.69999694824219,462,120,65,61,15,35,2,3,59,5.02365198988618,2.9801325363731577,1.6857142857142857,1.2771996584456389,0.1277056277056277,0.07575757575757576,0.05194805194805195,0.2830188679245283,1.4664144226598077,0.29745042492917845,0.6716417910447762,,,4.884843424545361,-0.09638266086652525,,,,,,,,,289.6799774169922,2.740586431226095,337.49998474121094,3.1929990017546888,,,,,,,,,,,,,,,,,,,"Sean O'Sullivan","9137",457711
"Scott Carroll","CIN",4,7,,5.619678497160812,20,19,,,,105.69999694824219,484,129,71,66,14,42,3,7,45,3.8315989753369166,3.576159043647789,1.0714285714285714,1.192053014549263,0.09297520661157024,0.08677685950413223,0.00619834710743801,0.296551724137931,1.6177862340311426,0.3034300791556728,0.6605019815059445,,,5.338958858659366,-0.09638266086652525,,,,,,,,,217.5799774169921,2.058467206234016,289.49998474121094,2.7388835676406837,,,,,,,,,,,,,,,,,,,"Scott Carroll","888",453222
"Ben Snyder","TEX",5,7,,5.789971784953563,37,11,,,,105.69999694824219,487,125,73,68,16,50,2,6,68,5.789971784953563,4.2573321948187965,1.36,1.3623463023420148,0.13963039014373715,0.1026694045174538,0.03696098562628336,0.2900232018561485,1.6556291868739763,0.31142857142857144,0.6684141546526868,,,5.348419596870073,-0.09638266086652525,,,,,,,,,228.37997741699223,2.1606431789096683,288.49998474121094,2.7294228294299754,,,,,,,,,,,,,,,,,,,"Ben Snyder","sa326705",458076
"Hisanori Takahashi","LAA",8,6,,4.160377358490566,47,11,,,,106,453,106,52,49,13,35,6,0,95,8.066037735849056,2.9716981132075473,2.7142857142857144,1.1037735849056605,0.2097130242825607,0.0772626931567329,0.1324503311258278,0.2535885167464115,1.330188679245283,0.2971246006389776,0.7247557003257329,,,3.8702952564887285,-0.09665621898602694,,,,,,,,,433.9000000000001,4.093396226415095,446,4.2075471698113205,,,,,,,,,,,,,,,,,,,"Hisanori Takahashi","10091",538227
"Bryan Bullington","KCR",5,7,,5.179245283018868,30,15,,,,106,474,124,65,61,13,39,4,5,66,5.60377358490566,3.311320754716981,1.6923076923076923,1.1037735849056605,0.13924050632911392,0.08227848101265822,0.056962025316455694,0.28837209302325584,1.5377358490566038,0.3135593220338983,0.6767955801104972,,,4.672182048941559,-0.09665621898602694,,,,,,,,,302.1000000000001,2.8500000000000005,361,3.4056603773584904,,,,,,,,,,,,,,,,,,,"Bryan Bullington","5066",425860
"Douglas Arguello","HOU",5,7,,5.179245283018868,22,21,,,,106,495,120,65,61,9,60,3,7,63,5.349056603773585,5.09433962264151,1.05,0.7641509433962265,0.12727272727272726,0.12121212121212122,0.006060606060606044,0.2803738317757009,1.6981132075471699,0.30919220055710306,0.6869772998805257,,,4.889163181017031,-0.09665621898602694,,,,,,,,,286.70000000000005,2.704716981132076,338,3.188679245283019,,,,,,,,,,,,,,,,,,,"Douglas Arguello","sa244115",466338
"Hector Noesí","NYY",6,7,,5.264150943396227,22,20,,,,106,465,121,66,62,18,28,3,7,72,6.113207547169812,2.3773584905660377,2.5714285714285716,1.528301886792453,0.15483870967741936,0.060215053763440864,0.0946236559139785,0.2813953488372093,1.4056603773584906,0.30029154518950435,0.6704361873990307,,,4.9174650678094824,-0.09665621898602694,,,,,,,,,287.4000000000001,2.711320754716982,335,3.160377358490566,,,,,,,,,,,,,,,,,,,"Hector Noesi","3292",456051
"Mike Hampton","ARI",7,9,,5.079962224808895,20,20,,,,106.30000305175781,472,117,64,60,13,45,6,2,69,5.84195655853023,3.809971668606672,1.5333333333333334,1.1006584820419274,0.1461864406779661,0.09533898305084745,0.05084745762711865,0.2752941176470588,1.5239886674426686,0.30057803468208094,0.6815020862308762,,,4.695904468276216,-0.09692977710552864,,,,,,,,,319.5200225830079,3.005832675540306,359.50001525878906,3.3819379580238333,,,,,,,,,,,,,,,,,,,"Mike Hampton","430",115399
"Brayan Villarreal","DET",5,8,,5.587958447289785,25,21,,,,106.30000305175781,486,117,71,66,17,53,3,7,79,6.688616929331713,4.487299965247858,1.490566037735849,1.4393226303625204,0.16255144032921812,0.10905349794238683,0.05349794238683128,0.2746478873239437,1.5992473670694671,0.3003003003003003,0.677154582763338,,,5.363825427464052,-0.09692977710552864,,,,,,,,,251.32002258300787,2.364252261221849,288.50001525878906,2.714016998835997,,,,,,,,,,,,,,,,,,,"Brayan Villarreal","5180",500903
"Virgil Vasquez","LAA",4,11,,6.434618818091268,22,20,,,,106.30000305175781,484,139,81,76,22,30,3,6,56,4.741298076488302,2.5399811124044476,1.8666666666666667,1.8626528157632616,0.11570247933884298,0.06198347107438017,0.05371900826446281,0.31026785714285715,1.5898400296161173,0.3136729222520107,0.6367583212735167,,,5.730711588144695,-0.09692977710552864,,,,,,,,,158.62002258300782,1.4921920792963217,249.50001525878906,2.3471308381553544,,,,,,,,,,,,,,,,,,,"Virgil Vasquez","6124",446911
"Rubby De La Rosa","LAD",5,5,,4.301780816569758,23,14,,,,106.69999694824219,474,106,55,51,9,51,2,7,68,5.735707755426344,4.301780816569758,1.3333333333333333,0.7591377911593691,0.14345991561181434,0.10759493670886076,0.03586497890295358,0.2548076923076923,1.4714152248397647,0.28362573099415206,0.706371191135734,,,4.530513508148225,-0.09729451198903494,,,,,,,,,365.2799774169922,3.423430064334317,378.49998474121094,3.5473289181518246,,,,,,,,,,,,,,,,,,,"Rubby De La Rosa","3862",523989
"Trey McNutt","CHC",5,6,,4.723524033880519,26,26,,,,106.69999694824219,483,107,60,56,12,58,2,7,80,6.74789147697217,4.892221320804823,1.3793103448275863,1.0121837215458256,0.16563146997929606,0.12008281573498965,0.045548654244306416,0.25598086124401914,1.5463917968061223,0.2887537993920973,0.708502024291498,,,4.867908081996833,-0.09729451198903494,,,,,,,,,328.77997741699227,3.081349454737812,342.49998474121094,3.2099343443032162,,,,,,,,,,,,,,,,,,,"Trey McNutt","sa502768",571939
"Michael Pineda","SEA",6,6,,4.121495327102804,22,20,,,,107,461,105,52,49,12,38,3,6,83,6.981308411214953,3.196261682242991,2.1842105263157894,1.0093457943925233,0.18004338394793926,0.0824295010845987,0.09761388286334055,0.2517985611510791,1.3364485981308412,0.28615384615384615,0.7210776545166402,,,4.218029342187899,-0.09756807010853663,,,,,,,,,405.20000000000005,3.786915887850468,413,3.8598130841121496,,,,,,,,,,,,,,,,,,,"Michael Pineda","5372",501381
"Felix Doubront","BOS",7,8,,5.130841121495327,29,22,,,,107,495,123,65,61,10,53,2,6,71,5.97196261682243,4.457943925233645,1.3396226415094339,0.8411214953271028,0.14343434343434344,0.10707070707070707,0.036363636363636376,0.28211009174311924,1.644859813084112,0.31564245810055863,0.6851851851851852,,,4.619898501066404,-0.09756807010853663,,,,,,,,,314.00000000000006,2.934579439252337,370,3.457943925233645,,,,,,,,,,,,,,,,,,,"Felix Doubront","1478",467094
"Todd Wellemeyer","CHC",6,8,,5.130841121495327,22,19,,,,107,478,112,65,61,17,51,1,4,75,6.308411214953271,4.289719626168225,1.4705882352941178,1.4299065420560748,0.15690376569037656,0.10669456066945607,0.050209205020920494,0.2647754137115839,1.5233644859813085,0.2844311377245509,0.7040229885057472,,,5.283449902935563,-0.09756807010853663,,,,,,,,,276.50000000000006,2.584112149532711,299,2.794392523364486,,,,,,,,,,,,,,,,,,,"Todd Wellemeyer","1709",425487
"Shane Loux","SFG",6,9,,5.200372638674018,24,17,,,,107.30000305175781,478,130,67,62,13,32,3,6,45,3.77446401194082,2.6840632973801384,1.40625,1.0904007145606813,0.09414225941422594,0.06694560669456066,0.027196652719665274,0.29545454545454547,1.5097856047763278,0.3038961038961039,0.6606397774687065,,,4.876537622113823,-0.09784162822803832,,,,,,,,,272.1200225830079,2.536067239921201,343.50001525878906,3.2013048041862264,,,,,,,,,,,,,,,,,,,"Shane Loux","1613",400076
"Bryan Morris","PIT",5,9,,5.368126594760277,24,22,,,,107.30000305175781,491,125,68,64,13,49,3,7,63,5.2842496167171475,4.109971924113337,1.2857142857142858,1.0904007145606813,0.12830957230142567,0.09979633401221996,0.02851323828920571,0.28735632183908044,1.6216215755005003,0.30939226519337015,0.680359435173299,,,5.044291578200081,-0.09784162822803832,,,,,,,,,267.1200225830079,2.489468918786129,325.50001525878906,3.033550848099968,,,,,,,,,,,,,,,,,,,"Bryan Morris","10234",457768
"Sam Narron","MIL",5,9,,5.619757528889665,20,17,,,,107.30000305175781,487,138,72,67,14,34,3,6,43,3.606710055854561,2.8518172534663973,1.2647058823529411,1.1742776926038105,0.08829568788501027,0.06981519507186858,0.018480492813141694,0.3087248322147651,1.6029822470464716,0.3155216284987277,0.6561679790026247,,,5.090889899335153,-0.09784162822803832,,,,,,,,,229.0200225830078,2.134389711736881,320.50001525878906,2.986952526964896,,,,,,,,,,,,,,,,,,,"Sam Narron","4516",433897
"Brandon Moore","NYM",4,7,,5.452003572803406,21,20,,,,107.30000305175781,486,121,70,65,17,47,3,7,76,6.374650331277829,3.9422179680270784,1.6170212765957446,1.4259086267331986,0.15637860082304528,0.09670781893004116,0.05967078189300412,0.2800925925925926,1.5657035901384142,0.30409356725146197,0.6796116504854369,,,5.230684862740368,-0.09784162822803832,,,,,,,,,260.3200225830078,2.426095202042431,305.50001525878906,2.8471575635596804,,,,,,,,,,,,,,,,,,,"Brandon Moore","sa455275",543562
"Jeremy Powell","PIT",5,11,,5.787511484975924,31,16,,,,107.30000305175781,490,130,74,69,16,40,2,6,55,4.613233792372113,3.355079121725173,1.375,1.3420316486900692,0.11224489795918367,0.08163265306122448,0.03061224489795919,0.2927927927927928,1.584342918592443,0.30319148936170215,0.6504065040650406,,,5.27728318387544,-0.09784162822803832,,,,,,,,,231.2200225830079,2.1548929730363136,300.50001525878906,2.8005592424246086,,,,,,,,,,,,,,,,,,,"Jeremy Powell","1010490",136262
"Eduardo Paulino","KCR",4,10,,6.583333333333333,26,21,,,,108,525,140,85,79,17,60,3,8,52,4.333333333333333,5,0.8666666666666667,1.4166666666666667,0.09904761904761905,0.11428571428571428,-0.015238095238095231,0.3063457330415755,1.8518518518518519,0.3137755102040816,0.6526674233825199,,,6.050064648522271,-0.09847992123104632,,,,,,,,,126.10000000000002,1.1675925925925927,219,2.0277777777777777,,,,,,,,,,,,,,,,,,,"Eduardo Paulino","sa392464",501585
"Edinson Volquez","CIN",8,5,,3.6565095922550164,20,19,,,,108.30000305175781,469,90,47,44,11,55,2,7,115,9.556786434302884,4.5706369903187705,2.090909090909091,0.9141273980637541,0.24520255863539445,0.11727078891257996,0.1279317697228145,0.22113022113022113,1.338873461810549,0.27816901408450706,0.7561728395061729,,,3.991969824363803,-0.09875347935054801,,,,,,,,,476.12002258300777,4.396306640503644,442.50001525878906,4.085872601936246,,,,,,,,,,,,,,,,,,,"Edinson Volquez","3990",450172
"Chris Balcom-Miller","BOS",6,8,,4.736841971784908,20,20,,,,108.30000305175781,477,119,61,57,15,35,3,7,71,5.900276842047868,2.9085871756573995,2.0285714285714285,1.2465373609960284,0.1488469601677149,0.07337526205450734,0.07547169811320756,0.2735632183908046,1.4219759525436175,0.29545454545454547,0.6992481203007519,,,4.730658630879968,-0.09875347935054801,,,,,,,,,323.5200225830078,2.9872577420740596,362.50001525878906,3.347183795420081,,,,,,,,,,,,,,,,,,,"Chris Balcom-Miller","sa501527",542905
"Steve Bray","SEA",4,11,,6.31578929571321,31,16,,,,108.30000305175781,507,138,81,76,20,43,3,7,50,4.155124536653428,3.5734071015219477,1.1627906976744187,1.6620498146613711,0.09861932938856016,0.08481262327416174,0.013806706114398423,0.30196936542669583,1.6712834247428232,0.30179028132992325,0.6535947712418301,,,5.940261551550188,-0.09875347935054801,,,,,,,,,146.62002258300782,1.35383211866519,231.50001525878906,2.137580874749861,,,,,,,,,,,,,,,,,,,"Steve Bray","sa225788",449081
"Jeremy Sowers","CLE",6,8,,5.133394808333741,28,17,,,,108.69999694824219,487,126,66,62,12,42,2,4,56,4.636614665591766,3.477460999193825,1.3333333333333333,0.99356028548395,0.11498973305954825,0.08624229979466119,0.02874743326488706,0.2857142857142857,1.5455382218639222,0.30319148936170215,0.6746031746031746,,,4.752175499985965,-0.09911821423405431,,,,,,,,,303.1799774169922,2.7891443047726323,361.49998474121094,3.325666926314084,,,,,,,,,,,,,,,,,,,"Jeremy Sowers","9083",460265
"Garrett Olson","PIT",5,9,,5.133394808333741,38,16,,,,108.69999694824219,488,117,66,62,14,49,2,5,74,6.126955093817692,4.057037832392796,1.510204081632653,1.1591536663979416,0.15163934426229508,0.10040983606557377,0.05122950819672131,0.2695852534562212,1.527138957317923,0.29512893982808025,0.6830601092896175,,,4.880970351807958,-0.09911821423405431,,,,,,,,,313.9799774169922,2.8885003333210273,347.49998474121094,3.1968720744920907,,,,,,,,,,,,,,,,,,,"Garrett Olson","9889",457796
"Jeremy Bonderman","DET",5,7,,5.2989881892477335,23,17,,,,108.69999694824219,485,122,68,64,16,42,1,6,71,5.878565022446704,3.477460999193825,1.6904761904761905,1.3247470473119334,0.1463917525773196,0.0865979381443299,0.0597938144329897,0.2791762013729977,1.508739692771924,0.3002832861189802,0.6779661016949153,,,5.009765203629952,-0.09911821423405431,,,,,,,,,288.3799774169923,2.65298974713224,333.49998474121094,3.068077222670097,,,,,,,,,,,,,,,,,,,"Jeremy Bonderman","1667",425827
"Mario Santiago","KCR",5,11,,6.292548474731683,23,22,,,,108.69999694824219,512,151,81,76,14,40,3,8,45,3.7258510705648122,3.3118676182798334,1.125,1.1591536663979416,0.087890625,0.078125,0.009765625,0.3254310344827586,1.7571297641429116,0.33496332518337407,0.6417736289381564,,,5.24895564272794,-0.09911821423405431,,,,,,,,,185.57997741699216,1.7072675494678864,307.49998474121094,2.828886783572109,,,,,,,,,,,,,,,,,,,"Mario Santiago","sa295159",489289
"Joe Martinez","CLE",4,8,,5.4495412844036695,25,19,,,,109,500,134,71,66,12,43,4,6,65,5.36697247706422,3.55045871559633,1.5116279069767442,0.9908256880733946,0.13,0.086,0.04400000000000001,0.29711751662971175,1.6238532110091743,0.32275132275132273,0.6616729088639202,,,4.664998389602801,-0.09939177235355601,,,,,,,,,293.59999999999997,2.6935779816513756,372,3.4128440366972477,,,,,,,,,,,,,,,,,,,"Joe Martinez","3935",458155
"Dan Merklinger","MIL",5,9,,5.742935437794422,25,21,,,,109.69999694824219,512,123,75,70,16,64,3,7,82,6.727438655702037,5.250683828840614,1.28125,1.3126709572101536,0.16015625,0.125,0.03515625,0.2789115646258503,1.7046490902659635,0.30835734870317005,0.6804374240583232,,,5.420595454098725,-0.100030065356564,,,,,,,,,246.17997741699213,2.244120184735674,291.49998474121094,2.657246972201323,,,,,,,,,,,,,,,,,,,"Dan Merklinger","sa389840",519022
"Nate Adcock","PIT",5,10,,5.7272727272727275,24,22,,,,110,513,129,75,70,14,59,4,8,58,4.745454545454545,4.827272727272727,0.9830508474576272,1.1454545454545455,0.11306042884990253,0.11500974658869395,-0.001949317738791423,0.289237668161435,1.709090909090909,0.30423280423280424,0.671021377672209,,,5.505115153572776,-0.1003036234760657,,,,,,,,,221.39999999999992,2.012727272727272,283,2.5727272727272728,,,,,,,,,,,,,,,,,,,"Nate Adcock","3282",502264
"Jeff Francis","KCR",5,5,,4.242973590675178,19,19,,,,110.30000305175781,474,118,56,52,11,32,3,3,72,5.874886510165632,2.6110606711847253,2.25,0.8975521057197493,0.1518987341772152,0.06751054852320675,0.08438818565400845,0.26879271070615035,1.359927432908711,0.298050139275766,0.6983655274888559,,,4.020725446450089,-0.10057718159556739,,,,,,,,,413.12002258300794,3.7454216786299916,447.50001525878906,4.05711697984996,,,,,,,,,,,,,,,,,,,"Jeff Francis","4684",433585
"Eric Surkamp","SFG",5,6,,4.487760528598747,20,20,,,,110.30000305175781,490,114,59,55,12,45,3,8,84,6.854034261859904,3.67180406885352,1.8666666666666667,0.9791477516942719,0.17142857142857143,0.09183673469387756,0.07959183673469387,0.2608695652173913,1.4415230788832338,0.29651162790697677,0.7032348804500704,,,4.410571310550586,-0.10057718159556739,,,,,,,,,381.22002258300785,3.4562104445647384,404.50001525878906,3.6672711157494633,,,,,,,,,,,,,,,,,,,"Eric Surkamp","2540",474668
"Brian Mazone","PHI",6,9,,5.548503926267541,23,20,,,,110.30000305175781,493,134,73,68,18,30,3,6,59,4.814143112496837,2.44786937923568,1.9666666666666666,1.468721627541408,0.11967545638945233,0.060851926977687626,0.058823529411764705,0.29321663019693656,1.486853993313524,0.3028720626631854,0.6556195965417867,,,5.108667392777058,-0.10057718159556739,,,,,,,,,256.4200225830079,2.324750820384691,327.50001525878906,2.9691750335229914,,,,,,,,,,,,,,,,,,,"Brian Mazone","sa209900",441799
"Chris Capuano","NYM",6,7,,4.1463415777202375,28,17,,,,110.69999694824219,472,112,55,51,12,35,4,4,89,7.235772557198062,2.845528533729575,2.5428571428571427,0.975609782992997,0.1885593220338983,0.07415254237288135,0.11440677966101695,0.2586605080831409,1.3279133157404683,0.29850746268656714,0.7066052227342551,,,3.9360176983772224,-0.10094191647907369,,,,,,,,,441.3799774169922,3.9871724443078307,458.49998474121094,4.141824727922827,,,,,,,,,,,,,,,,,,,"Chris Capuano","1701",425626
"Stolmy Pimentel","BOS",7,12,,6.260162774205065,25,25,,,,110.69999694824219,522,140,82,77,19,52,3,8,62,5.040650545463818,4.227642392969654,1.1923076923076923,1.5447154897389122,0.11877394636015326,0.09961685823754789,0.019157088122605373,0.30303030303030304,1.7344173919875503,0.3142857142857143,0.6650544135429263,,,5.814969873030401,-0.10094191647907369,,,,,,,,,165.47997741699214,1.4948507857173867,250.49998474121094,2.262872553269647,,,,,,,,,,,,,,,,,,,"Stolmy Pimentel","6415",516935
"Mike Fiers","MIL",6,8,,5.108108108108108,27,19,,,,111,496,119,67,63,15,47,3,8,84,6.8108108108108105,3.810810810810811,1.7872340425531914,1.2162162162162162,0.1693548387096774,0.09475806451612903,0.07459677419354838,0.2698412698412698,1.4954954954954955,0.30144927536231886,0.6827586206896552,,,4.807572156029779,-0.10121547459857538,,,,,,,,,330.50000000000006,2.977477477477478,363,3.27027027027027,,,,,,,,,,,,,,,,,,,"Mike Fiers","7754",571666
"Cesár Ramos","TBR",5,10,,5.4324324324324325,34,19,,,,111,510,131,72,67,12,52,3,6,65,5.27027027027027,4.216216216216216,1.25,0.972972972972973,0.12745098039215685,0.10196078431372549,0.025490196078431365,0.28982300884955753,1.6486486486486487,0.31398416886543534,0.6678700361010831,,,4.879644228101851,-0.10121547459857538,,,,,,,,,289.20000000000005,2.605405405405406,355,3.1981981981981984,,,,,,,,,,,,,,,,,,,"Cesar Ramos","3357",459987
"Jared Hughes","PIT",4,11,,6.243243243243243,26,20,,,,111,523,141,82,77,17,53,3,7,62,5.027027027027027,4.297297297297297,1.169811320754717,1.3783783783783783,0.11854684512428298,0.10133843212237094,0.017208413001912046,0.3045356371490281,1.7477477477477477,0.31958762886597936,0.6580493537015276,,,5.573337921795544,-0.10121547459857538,,,,,,,,,189.70000000000005,1.7090090090090093,278,2.5045045045045047,,,,,,,,,,,,,,,,,,,"Jared Hughes","9325",453172
"Guillermo Moscoso","OAK",4,9,,5.4177896088609,26,19,,,,111.30000305175781,511,128,72,67,15,50,3,7,83,6.711590112469474,4.043126573776791,1.66,1.2129379721330373,0.162426614481409,0.09784735812133072,0.06457925636007827,0.28193832599118945,1.5992811780717087,0.3138888888888889,0.6751592356687898,,,4.874787570200845,-0.10148903271807708,,,,,,,,,301.32002258300787,2.7072777567030712,356.50001525878906,3.203054856099204,,,,,,,,,,,,,,,,,,,"Guillermo Moscoso","5106",446861
"Ryan Kulik","STL",5,11,,6.145552392140723,28,20,,,,111.30000305175781,527,139,81,76,15,59,3,7,46,3.7196764478746482,4.770889357056614,0.7796610169491526,1.2129379721330373,0.0872865275142315,0.11195445920303605,-0.02466793168880456,0.30151843817787416,1.7789756924617883,0.3069306930693069,0.6610169491525424,,,5.782244867870747,-0.10148903271807708,,,,,,,,,171.72002258300785,1.542857303455355,255.50001525878906,2.295597558429302,,,,,,,,,,,,,,,,,,,"Ryan Kulik","sa454977",543418
"Greg Smith","COL",5,7,,5.7412397347630435,22,22,,,,111.30000305175781,509,125,76,71,20,55,3,4,67,5.4177896088609,4.447439231154471,1.2181818181818183,1.6172506295107165,0.13163064833005894,0.10805500982318271,0.02357563850687623,0.2777777777777778,1.6172506295107165,0.28610354223433243,0.6842105263157895,,,5.800214319309755,-0.10148903271807708,,,,,,,,,209.62002258300788,1.8833784082245562,253.50001525878906,2.277628106990294,,,,,,,,,,,,,,,,,,,"Greg Smith","3455",460105
"Heath Rollins","TBR",5,9,,5.866071428571429,38,14,,,,112,517,136,78,73,16,50,3,7,57,4.580357142857143,4.017857142857143,1.14,1.2857142857142858,0.1102514506769826,0.09671179883945841,0.013539651837524189,0.2956521739130435,1.6607142857142858,0.3069053708439898,0.6601466992665037,,,5.443913854871477,-0.10212732572108507,,,,,,,,,221.39999999999998,1.9767857142857141,295,2.6339285714285716,,,,,,,,,,,,,,,,,,,"Heath Rollins","sa327135",476990
"Carlos Gutierrez","MIN",4,8,,6.090827973395086,35,17,,,,112.30000305175781,539,141,81,76,13,66,3,7,55,4.407836033378023,5.289403240053627,0.8333333333333334,1.0418521533438962,0.10204081632653061,0.12244897959183673,-0.020408163265306117,0.30257510729613735,1.843276886685355,0.31840796019900497,0.6673728813559322,,,5.553354380399221,-0.10240088384058676,,,,,,,,,195.52002258300786,1.7410509106833671,283.50001525878906,2.524488045900828,,,,,,,,,,,,,,,,,,,"Carlos Gutierrez","sa454388",493555
"Everett Teaford","KCR",5,12,,6.41139786673167,28,20,,,,112.30000305175781,529,141,86,80,21,52,3,8,66,5.289403240053627,4.167408613375585,1.2692307692307692,1.6829919400170632,0.12476370510396975,0.09829867674858223,0.026465028355387527,0.3006396588486141,1.7186108170544614,0.31088082901554404,0.6540342298288508,,,5.9362573085512516,-0.10240088384058676,,,,,,,,,158.12002258300788,1.4080144103836947,240.50001525878906,2.1415851177487975,,,,,,,,,,,,,,,,,,,"Everett Teaford","3732",501870
"Robbie Ross Jr.","TEX",8,10,,5.510204230841249,24,24,,,,112.69999694824219,521,141,74,69,12,46,3,8,57,4.551907842868858,3.6734694872274996,1.2391304347826086,0.9582963879723913,0.10940499040307101,0.08829174664107485,0.021113243761996164,0.3019271948608137,1.6592724495447884,0.3208955223880597,0.663924794359577,,,4.887957825803454,-0.10276561872409307,,,,,,,,,271.7799774169922,2.411534913721497,359.49998474121094,3.1898846004965944,,,,,,,,,,,,,,,,,,,"Robbie Ross Jr.","6819",543726
"Jeff Allison",,4,13,,7.267080942123966,28,24,,,,112.69999694824219,548,157,97,91,22,56,3,8,47,3.7533275195585323,4.4720498105378255,0.8392857142857143,1.7568767112827173,0.08576642335766424,0.10218978102189781,-0.01642335766423357,0.3243801652892562,1.8899734318344381,0.3221957040572792,0.636663007683864,,,6.485118472424107,-0.10276561872409307,,,,,,,,,57.179977416992244,0.5073644983615423,179.49998474121094,1.5927239538759423,,,,,,,,,,,,,,,,,,,"Jeff Allison","sa244371",456414
"Kris Medlen","ATL",7,5,,3.743362831858407,38,12,,,,113,473,108,50,47,11,32,2,4,99,7.884955752212389,2.5486725663716814,3.09375,0.8761061946902655,0.20930232558139536,0.06765327695560254,0.1416490486257928,0.2471395881006865,1.238938053097345,0.29393939393939394,0.7223113964686999,,,3.5468689749726154,-0.10303917684359476,,,,,,,,,510.1000000000001,4.514159292035399,512,4.530973451327434,,,,,,,,,,,,,,,,,,,"Kris Medlen","9417",450665
"Cody Scarpetta","MIL",7,11,,5.575221238938053,28,25,,,,113,546,119,75,70,11,92,3,8,90,7.168141592920354,7.327433628318584,0.9782608695652174,0.8761061946902655,0.16483516483516483,0.1684981684981685,-0.0036630036630036777,0.26681614349775784,1.8672566371681416,0.30945558739255014,0.6952965235173825,,,5.405276054618633,-0.10303917684359476,,,,,,,,,271.50000000000006,2.4026548672566377,302,2.672566371681416,,,,,,,,,,,,,,,,,,,"Cody Scarpetta","sa390646",519255
"Ben Sheets","OAK",6,6,,4.289496795317693,19,19,,,,113.30000305175781,486,116,58,54,14,33,2,1,86,6.831420822172623,2.6213591526941458,2.606060606060606,1.1120917617490316,0.17695473251028807,0.06790123456790123,0.10905349794238683,0.25663716814159293,1.315092638893696,0.28732394366197184,0.7032457496136012,,,4.066368436743633,-0.10331273496309645,,,,,,,,,434.62002258300777,3.8360106873471507,454.50001525878906,4.011473989556416,,,,,,,,,,,,,,,,,,,"Ben Sheets","710",282656
"Anthony Vasquez","SEA",7,8,,4.607237298674559,20,18,,,,113.30000305175781,494,128,62,58,12,30,3,7,57,4.527802172835343,2.383053775176496,1.9,0.9532215100705985,0.11538461538461539,0.06072874493927125,0.05465587044534414,0.2800875273522976,1.3945277647329126,0.2966751918158568,0.6798866855524079,,,4.42823956556673,-0.10331273496309645,,,,,,,,,361.0200225830078,3.1864078804842246,413.50001525878906,3.6496028607333186,,,,,,,,,,,,,,,,,,,"Anthony Vasquez","6577",457786
"Alberto Cabrera","CHC",5,8,,5.560458808745158,28,19,,,,113.30000305175781,536,132,75,70,12,67,3,8,70,5.560458808745158,5.322153431227508,1.044776119402985,0.9532215100705985,0.13059701492537312,0.125,0.005597014925373123,0.28633405639913234,1.7563988935560102,0.3133159268929504,0.6805708013172338,,,5.204938573772403,-0.10331273496309645,,,,,,,,,262.6200225830078,2.3179171713087907,325.50001525878906,2.872903852527646,,,,,,,,,,,,,,,,,,,"Alberto Cabrera","8352",501227
"Bruce Billings","COL",8,10,,5.2427183053882915,30,20,,,,113.30000305175781,520,123,71,66,16,59,3,8,81,6.434245192976539,4.686672424513776,1.3728813559322033,1.2709620134274646,0.15576923076923077,0.11346153846153846,0.04230769230769231,0.271523178807947,1.6063547669708234,0.2972222222222222,0.6954887218045113,,,5.257895324331881,-0.10331273496309645,,,,,,,,,282.82002258300776,2.496204898192365,319.50001525878906,2.819947101968168,,,,,,,,,,,,,,,,,,,"Bruce Billings","3044",501852
"Chris Archer","TBR",6,9,,5.004412927870642,28,27,,,,113.30000305175781,542,109,67,63,9,98,3,8,93,7.387466703047139,7.784642332243221,0.9489795918367347,0.7149161325529488,0.17158671586715868,0.18081180811808117,-0.009225092250922495,0.25,1.8270078943019805,0.2958579881656805,0.7201646090534979,,,5.275547574518374,-0.10331273496309645,,,,,,,,,312.32002258300764,2.7565755884431296,317.50001525878906,2.8022948517816757,,,,,,,,,,,,,,,,,,,"Chris Archer","6345",502042
"David Newmann","TBR",5,9,,5.778364271188815,24,24,,,,113.69999694824219,536,140,78,73,12,61,3,8,64,5.0659631966586876,4.828496171815312,1.0491803278688525,0.9498680993735039,0.11940298507462686,0.11380597014925373,0.005597014925373137,0.29978586723768735,1.7678100738340212,0.3240506329113924,0.6677524429967427,,,5.1446850499368395,-0.10367746984660275,,,,,,,,,250.7799774169922,2.205628708426006,333.49998474121094,2.933157376363209,,,,,,,,,,,,,,,,,,,"David Newmann","sa328429",448649
"Tim Dillard","MIL",6,7,,4.815789473684211,41,11,,,,114,509,126,65,61,11,47,4,6,61,4.815789473684211,3.710526315789474,1.297872340425532,0.868421052631579,0.11984282907662082,0.09233791748526522,0.027504911591355596,0.27631578947368424,1.5175438596491229,0.2963917525773196,0.6852791878172589,,,4.656789794721101,-0.10395102796610445,,,,,,,,,343.69999999999993,3.0149122807017537,390,3.4210526315789473,,,,,,,,,,,,,,,,,,,"Tim Dillard","5518",457422
"Alfredo Figaro","DET",6,10,,5.492589509695318,25,20,,,,114.69999694824219,530,140,75,70,13,50,4,7,67,5.257192816422661,3.9232782212109414,1.34,1.0200523375148447,0.12641509433962264,0.09433962264150944,0.0320754716981132,0.2959830866807611,1.6564952489557307,0.3198992443324937,0.6693830034924331,,,4.873832012009947,-0.10458932096911244,,,,,,,,,287.87997741699223,2.5098516571617404,367.49998474121094,3.2040104142901025,,,,,,,,,,,,,,,,,,,"Alfredo Figaro","8404",451628
"Andrew Miller","BOS",5,9,,6.041848460664849,29,23,,,,114.69999694824219,557,138,82,77,12,83,3,5,83,6.512641847210163,6.512641847210163,1,0.9415867730906259,0.1490125673249551,0.1490125673249551,0,0.2942430703624733,1.926765526416929,0.3333333333333333,0.6807051909892263,,,5.292315022272447,-0.10458932096911244,,,,,,,,,244.37997741699218,2.130601429111349,319.49998474121094,2.785527404027602,,,,,,,,,,,,,,,,,,,"Andrew Miller","6785",453192
"Ryan Tatusko","WSN",5,10,,5.884917331816412,31,18,,,,114.69999694824219,544,142,80,75,13,65,3,8,58,4.5510027366046915,5.100261687574224,0.8923076923076924,1.0200523375148447,0.10661764705882353,0.11948529411764706,-0.01286764705882354,0.30148619957537154,1.804707981757033,0.3193069306930693,0.6726694915254237,,,5.449246151120885,-0.10458932096911244,,,,,,,,,216.67997741699224,1.8891018586056982,301.49998474121094,2.6285962751791643,,,,,,,,,,,,,,,,,,,"Ryan Tatusko","sa389188",519338
"J.D. Martin","WSN",6,8,,4.6173913043478265,21,21,,,,115,500,126,63,59,15,30,3,6,67,5.243478260869566,2.347826086956522,2.2333333333333334,1.173913043478261,0.134,0.06,0.07400000000000001,0.27155172413793105,1.3565217391304347,0.28756476683937826,0.6888888888888889,,,4.547407643691353,-0.10486287908861414,,,,,,,,,364.9,3.1730434782608694,406,3.5304347826086957,,,,,,,,,,,,,,,,,,,"J.D. Martin","3685",455605
"Kameron Loe","MIL",7,7,,4.6173913043478265,47,12,,,,115,502,123,63,59,13,43,4,5,71,5.556521739130435,3.365217391304348,1.6511627906976745,1.017391304347826,0.14143426294820718,0.08565737051792828,0.055776892430278904,0.2709251101321586,1.4434782608695653,0.29411764705882354,0.6968876860622463,,,4.564798948039179,-0.10486287908861414,,,,,,,,,369.3,3.211304347826087,404,3.5130434782608697,,,,,,,,,,,,,,,,,,,"Kameron Loe","4422",434180
"Fabio Castro","SEA",5,9,,5.4,29,19,,,,115,536,131,74,69,12,64,3,7,75,5.869565217391305,5.008695652173913,1.171875,0.9391304347826087,0.13992537313432835,0.11940298507462686,0.020522388059701482,0.2817204301075269,1.6956521739130435,0.31151832460732987,0.6790123456790124,,,4.982190252387006,-0.10486287908861414,,,,,,,,,299.79999999999995,2.60695652173913,356,3.0956521739130434,,,,,,,,,,,,,,,,,,,"Fabio Castro","4048",466983
"Rey Gonzalez","TOR",5,11,,6.417391304347826,24,23,,,,115,536,145,88,82,17,50,3,8,54,4.226086956521739,3.9130434782608696,1.08,1.3304347826086957,0.10074626865671642,0.09328358208955224,0.007462686567164173,0.303347280334728,1.6956521739130435,0.31143552311435524,0.625,,,5.573494600213092,-0.10486287908861414,,,,,,,,,198.89999999999998,1.729565217391304,288,2.5043478260869567,,,,,,,,,,,,,,,,,,,"Rey Gonzalez","sa290382",460295
"Aaron Miller","LAD",5,10,,5.698178513534598,26,24,,,,115.30000305175781,549,121,78,73,16,86,3,8,83,6.478750912648927,6.712922632383226,0.9651162790697675,1.2489158385829258,0.151183970856102,0.15664845173041894,-0.005464480874316946,0.26593406593406593,1.7953165179629558,0.2916666666666667,0.6988082340195017,,,5.887903063111632,-0.10513643720811583,,,,,,,,,225.82002258300793,1.9585430755074484,252.50001525878906,2.189939363188417,,,,,,,,,,,,,,,,,,,"Aaron Miller","sa327134",475572
"Tommy Layne","ARI",5,9,,5.756266357534407,32,19,,,,115.69999694824219,553,141,79,74,11,70,4,8,56,4.356093459755767,5.445116824694709,0.8,0.8556612153091685,0.10126582278481013,0.12658227848101267,-0.02531645569620254,0.2968421052631579,1.8236819841437835,0.3155339805825243,0.6748466257668712,,,5.368248709703379,-0.10550117209162213,,,,,,,,,232.2799774169922,2.0076057350364622,313.49998474121094,2.70959371659667,,,,,,,,,,,,,,,,,,,"Tommy Layne","7501",518927
"Brad Mills","TOR",5,9,,5.911841123954256,23,22,,,,115.69999694824219,538,133,81,76,19,62,3,7,88,6.845289722473348,4.822817759015313,1.4193548387096775,1.477960280988564,0.16356877323420074,0.11524163568773234,0.048327137546468404,0.2835820895522388,1.6853933028816956,0.3114754098360656,0.676959619952494,,,5.4806082632288255,-0.10550117209162213,,,,,,,,,245.67997741699213,2.12342250559346,300.49998474121094,2.597234163071224,,,,,,,,,,,,,,,,,,,"Brad Mills","4420",502166
"Chris Waters","MIL",5,12,,6.611927572843575,27,23,,,,115.69999694824219,552,137,91,85,23,73,3,7,60,4.667242992595464,5.678478974324482,0.821917808219178,1.7891098138282615,0.10869565217391304,0.1322463768115942,-0.023550724637681167,0.2902542372881356,1.8150389415649029,0.2900763358778626,0.6692913385826771,,,6.699277266850975,-0.10550117209162213,,,,,,,,,97.07997741699216,0.8390663783718197,159.49998474121094,1.3785651594490747,,,,,,,,,,,,,,,,,,,"Chris Waters","7015",425561
"Doug Davis","MIL",7,7,,4.5,21,21,,,,116,516,118,62,58,13,58,2,4,94,7.293103448275862,4.5,1.6206896551724137,1.0086206896551724,0.1821705426356589,0.1124031007751938,0.0697674418604651,0.2599118942731278,1.5172413793103448,0.29914529914529914,0.7224334600760456,,,4.517497598713842,-0.10577473021112382,,,,,,,,,393.7000000000001,3.39396551724138,413,3.560344827586207,,,,,,,,,,,,,,,,,,,"Doug Davis","1244",150277
"Bobby Livingston","TBR",4,9,,5.974137931034483,25,20,,,,116,538,154,82,77,15,42,3,6,52,4.0344827586206895,3.2586206896551726,1.2380952380952381,1.1637931034482758,0.09665427509293681,0.07806691449814127,0.018587360594795543,0.3142857142857143,1.6896551724137931,0.3255269320843091,0.6514285714285715,,,5.103704495265566,-0.10577473021112382,,,,,,,,,233.50000000000006,2.012931034482759,345,2.9741379310344827,,,,,,,,,,,,,,,,,,,"Bobby Livingston","3876",455751
"Chuck Lofgren","MIL",4,10,,6.439655172413793,27,22,,,,116,552,133,89,83,23,75,3,7,71,5.508620689655173,5.818965517241379,0.9466666666666667,1.7844827586206897,0.1286231884057971,0.1358695652173913,-0.007246376811594207,0.28297872340425534,1.793103448275862,0.2894736842105263,0.676905574516496,,,6.551980357334532,-0.10577473021112382,,,,,,,,,125.70000000000005,1.0836206896551728,177,1.5258620689655173,,,,,,,,,,,,,,,,,,,"Chuck Lofgren","sa262158",455111
"Braden Looper","CHC",6,8,,5.184866587936741,20,20,,,,116.30000305175781,512,134,72,67,19,36,2,5,56,4.333619834693395,2.7858984651600394,1.5555555555555556,1.4703353010566875,0.109375,0.0703125,0.0390625,0.28450106157112526,1.4617368490037244,0.2875,0.6834030683403068,,,5.296243055964525,-0.10604828833062552,,,,,,,,,267.5200225830078,2.3002580873875944,323.50001525878906,2.781599370335524,,,,,,,,,,,,,,,,,,,"Braden Looper","526",131702
"Tom Cochran","CIN",5,8,,5.649182998796746,24,23,,,,116.30000305175781,543,130,78,73,17,67,3,7,71,5.494410861843411,5.184866587936741,1.0597014925373134,1.315563164103352,0.13075506445672191,0.12338858195211787,0.007366482504604047,0.27718550106609813,1.6938950544337277,0.2935064935064935,0.687066974595843,,,5.665976494241938,-0.10604828833062552,,,,,,,,,233.52002258300786,2.00791071758685,280.50001525878906,2.4118659320581113,,,,,,,,,,,,,,,,,,,"Tom Cochran","sa499795",458911
"J.R. Mathes","CHC",6,10,,5.629820198636228,23,21,,,,116.69999694824219,522,150,78,73,18,28,3,6,42,3.2390746348318022,2.1593830898878683,1.5,1.3881748434993437,0.08045977011494253,0.05363984674329502,0.026819923371647507,0.3073770491803279,1.5252785317461925,0.3055555555555556,0.6544502617801047,,,5.237225516187918,-0.10641302321413182,,,,,,,,,234.1799774169923,2.0066836635895875,331.49998474121094,2.8406169101121317,,,,,,,,,,,,,,,,,,,"J.R. Mathes","sa254188",448588
"Chris Cody","MIL",6,11,,5.70694102327508,25,21,,,,116.69999694824219,528,137,79,74,20,46,3,7,67,5.167095250803113,3.547557933387212,1.4565217391304348,1.5424164927770487,0.1268939393939394,0.08712121212121213,0.039772727272727265,0.28842105263157897,1.5681234343233328,0.29846938775510207,0.6709677419354839,,,5.520001873197042,-0.10641302321413182,,,,,,,,,236.3799774169923,2.025535420723529,298.49998474121094,2.557840553103006,,,,,,,,,,,,,,,,,,,"Chris Cody","sa326876",501866
"Heath Phillips","TBR",5,9,,6.092545146469343,29,20,,,,116.69999694824219,535,145,85,79,19,49,3,6,59,4.550128653692294,3.778920407303769,1.2040816326530612,1.4652956681381963,0.1102803738317757,0.09158878504672897,0.01869158878504673,0.3020833333333333,1.6623822199930414,0.3103448275862069,0.6511350059737157,,,5.5971226978358946,-0.10641302321413182,,,,,,,,,205.87997741699223,1.764181515002973,289.49998474121094,2.480719728464154,,,,,,,,,,,,,,,,,,,"Heath Phillips","3396",457495
"Trevor Bell","LAA",6,6,,4.6923076923076925,31,18,,,,117,514,132,65,61,11,38,4,4,73,5.615384615384615,2.923076923076923,1.9210526315789473,0.8461538461538461,0.14202334630350194,0.07392996108949416,0.06809338521400778,0.2796610169491525,1.452991452991453,0.3086734693877551,0.6791720569210867,,,4.1291244775821,-0.10668658133363351,,,,,,,,,407.3,3.4811965811965813,462,3.948717948717949,,,,,,,,,,,,,,,,,,,"Trevor Bell","7074",457707
"Rudy Owens","PIT",7,8,,4.615384615384615,24,24,,,,117,503,125,64,60,16,28,3,7,71,5.461538461538462,2.1538461538461537,2.5357142857142856,1.2307692307692308,0.1411530815109344,0.055666003976143144,0.08548707753479125,0.2670940170940171,1.3076923076923077,0.2831168831168831,0.6814701378254212,,,4.539380887838511,-0.10668658133363351,,,,,,,,,381,3.2564102564102564,414,3.5384615384615383,,,,,,,,,,,,,,,,,,,"Rudy Owens","5226",502168
"Rick Van Den Hurk","BAL",6,8,,5.230769230769231,25,22,,,,117,523,128,73,68,18,47,4,7,87,6.6923076923076925,3.6153846153846154,1.851063829787234,1.3846153846153846,0.16634799235181644,0.08986615678776291,0.07648183556405352,0.27292110874200426,1.4957264957264957,0.29891304347826086,0.6809078771695594,,,4.975278323735946,-0.10668658133363351,,,,,,,,,323.6000000000002,2.7658119658119675,363,3.1025641025641026,,,,,,,,,,,,,,,,,,,"Rick Van Den Hurk","5099",462995
"Lucas Harrell","CHW",6,11,,6.230769230769231,25,23,,,,117,559,145,87,81,15,73,3,7,57,4.384615384615385,5.615384615384615,0.7808219178082192,1.1538461538461537,0.10196779964221825,0.13059033989266547,-0.02862254025044722,0.302713987473904,1.8632478632478633,0.31630170316301703,0.6649746192893401,,,5.821432169889793,-0.10668658133363351,,,,,,,,,178.30000000000007,1.5239316239316245,264,2.2564102564102564,,,,,,,,,,,,,,,,,,,"Lucas Harrell","7541",449173
"Jaime García","STL",9,6,,3.529411672882271,21,21,,,,117.30000305175781,497,108,49,46,9,47,3,3,98,7.519181390053533,3.6061380135971026,2.0851063829787235,0.6905370664334878,0.19718309859154928,0.09456740442655935,0.10261569416498993,0.24161073825503357,1.321398090088773,0.2886297376093295,0.7443820224719101,,,3.68312800305039,-0.1069601394531352,,,,,,,,,522.5200225830079,4.454561031447284,515.5000152587891,4.394714423249659,,,,,,,,,,,,,,,,,,,"Jaime Garcia","8137",448802
"Gil Meche","KCR",6,7,,4.6644011404810755,24,20,,,,117.69999694824219,520,121,65,61,13,54,1,2,93,7.111300099421968,4.129141993212755,1.7222222222222223,0.9940527020697375,0.17884615384615385,0.10384615384615385,0.075,0.2607758620689655,1.4868309646342226,0.2983425414364641,0.7015306122448979,,,4.360765144355864,-0.10732487433664151,,,,,,,,,414.47997741699237,3.521495226539872,437.49998474121094,3.717077281944185,,,,,,,,,,,,,,,,,,,"Gil Meche","1089",219194
"Aaron Laffey","SEA",5,9,,4.805084745762712,34,19,,,,118,528,132,68,63,9,56,2,6,65,4.9576271186440675,4.271186440677966,1.1607142857142858,0.6864406779661016,0.12310606060606061,0.10606060606060606,0.017045454545454544,0.2832618025751073,1.5932203389830508,0.3106060606060606,0.6841505131128848,,,4.543944121215303,-0.1075984324561432,,,,,,,,,363.3,3.078813559322034,417,3.5338983050847457,,,,,,,,,,,,,,,,,,,"Aaron Laffey","6248",444836
"Collin Balester","WSN",6,10,,5.262711864406779,37,18,,,,118,534,133,74,69,16,50,3,7,82,6.254237288135593,3.8135593220338984,1.64,1.2203389830508475,0.15355805243445692,0.09363295880149813,0.05992509363295878,0.27882599580712786,1.5508474576271187,0.30548302872062666,0.6787048567870486,,,4.899876324605134,-0.1075984324561432,,,,,,,,,323.6000000000001,2.7423728813559327,375,3.1779661016949152,,,,,,,,,,,,,,,,,,,"Collin Balester","6883",444446
"Wynn Pelzer","BAL",5,12,,6.559322033898305,31,23,,,,118,564,150,92,86,18,68,3,8,76,5.796610169491525,5.186440677966102,1.1176470588235294,1.3728813559322033,0.1347517730496454,0.12056737588652482,0.014184397163120574,0.3073770491803279,1.847457627118644,0.3316582914572864,0.6535269709543569,,,5.704961070367846,-0.1075984324561432,,,,,,,,,185.80000000000007,1.5745762711864413,280,2.3728813559322033,,,,,,,,,,,,,,,,,,,"Wynn Pelzer","sa390616",519119
"Matt Fox","BOS",5,10,,6.483050847457627,32,21,,,,118,562,151,91,85,21,60,3,8,67,5.110169491525424,4.576271186440678,1.1166666666666667,1.6016949152542372,0.11921708185053381,0.10676156583629894,0.012455516014234877,0.305668016194332,1.7881355932203389,0.3170731707317073,0.6607929515418502,,,5.984622087316998,-0.1075984324561432,,,,,,,,,152.30000000000007,1.2906779661016954,247,2.093220338983051,,,,,,,,,,,,,,,,,,,"Matt Fox","7320",460257
"Alex Cobb","TBR",6,7,,4.945054817488507,25,24,,,,118.30000305175781,533,137,70,65,12,45,3,7,84,6.390532379523608,3.4234994890305046,1.8666666666666667,0.9129331970748013,0.1575984990619137,0.08442776735459662,0.07317073170731708,0.28482328482328484,1.538461498774202,0.3213367609254499,0.6779661016949153,,,4.2950866890664505,-0.1078719905756449,,,,,,,,,383.6200225830077,3.2427727192464135,447.50001525878906,3.7827557372335985,,,,,,,,,,,,,,,,,,,"Alex Cobb","6562",502171
"Kyle Heckathorn","MIL",7,9,,4.928391028140319,26,22,,,,118.69999694824219,540,138,70,65,9,52,3,8,61,4.625105426408607,3.942712822512255,1.1730769230769231,0.6823926038963518,0.11296296296296296,0.0962962962962963,0.016666666666666663,0.2875,1.6006740091395906,0.3115942028985507,0.6764374295377678,,,4.552147434718093,-0.1082367254591512,,,,,,,,,350.8799774169922,2.95602347462561,418.49998474121094,3.5256949915819558,,,,,,,,,,,,,,,,,,,"Kyle Heckathorn","sa501205",571762
"Scott Olsen","PIT",5,7,,4.928391028140319,22,21,,,,118.69999694824219,520,132,69,65,16,39,6,2,70,5.307498030304958,2.957034616884191,1.794871794871795,1.2131424069268477,0.1346153846153846,0.075,0.05961538461538461,0.2755741127348643,1.4406066082256317,0.29219143576826195,0.686406460296097,,,4.6869410354877425,-0.1082367254591512,,,,,,,,,355.3799774169923,2.993934174842075,402.49998474121094,3.390901390812306,,,,,,,,,,,,,,,,,,,"Scott Olsen","4529",435179
"Wes Whisler",,5,12,,6.596461837664735,31,21,,,,118.69999694824219,581,159,93,87,15,74,4,7,50,3.791070021646399,5.610783632036671,0.6756756756756757,1.1373210064939197,0.08605851979345955,0.12736660929432014,-0.041308089500860595,0.318,1.9629318112080243,0.32801822323462415,0.660377358490566,,,5.925357242558899,-0.1082367254591512,,,,,,,,,137.4799774169922,1.1582138243604068,255.49998474121094,2.1524851837411494,,,,,,,,,,,,,,,,,,,"Wes Whisler","8023",452217
"César Valdez","ARI",7,11,,5.294117647058823,26,21,,,,119,541,137,75,70,15,52,4,7,79,5.974789915966387,3.9327731092436973,1.5192307692307692,1.134453781512605,0.14602587800369685,0.09611829944547134,0.0499075785582255,0.2842323651452282,1.588235294117647,0.3112244897959184,0.6785714285714286,,,4.876161754031141,-0.10851028357865289,,,,,,,,,320.8999999999999,2.696638655462184,381,3.2016806722689077,,,,,,,,,,,,,,,,,,,"Cesar Valdez","9013",491624
"Billy Buckner","COL",7,10,,5.7478991596638656,25,21,,,,119,546,145,81,76,17,51,3,7,74,5.5966386554621845,3.857142857142857,1.4509803921568627,1.2857142857142858,0.13553113553113552,0.09340659340659341,0.042124542124542114,0.29713114754098363,1.6470588235294117,0.3192019950124688,0.6678281068524972,,,5.15347267840089,-0.10851028357865289,,,,,,,,,268.4999999999999,2.2563025210084025,348,2.9243697478991595,,,,,,,,,,,,,,,,,,,"Billy Buckner","8253",434438
"Brian Wilson","SFG",9,4,,2.9495797373802204,116,0,,,,119.00000381469727,495,97,42,39,9,45,6,3,140,10.588234954698228,3.403361235438716,3.111111111111111,0.6806722470877432,0.2828282828282828,0.09090909090909091,0.1919191919191919,0.21700223713646533,1.19327727267234,0.292358803986711,0.7727975270479134,,,2.91817856587206,-0.10851028705708887,,,,,,,,,390.7200225830078,5.638095315684074,366.50001525878906,5.288600275891224,,,,,,,,,,,,,,,,,,,"Brian Wilson","6485",451216
"Ben Jukich","CIN",5,8,,5.205364493834772,28,19,,,,119.30000305175781,543,131,74,69,15,59,3,7,84,6.336965470755374,4.45096384255437,1.423728813559322,1.1316009769206026,0.15469613259668508,0.10865561694290976,0.046040515653775316,0.2746331236897275,1.5926235971475147,0.3036649214659686,0.6863905325443787,,,4.963844054501053,-0.10878384169815458,,,,,,,,,327.7200225830078,2.7470244274916555,371.50001525878906,3.1139983717989956,,,,,,,,,,,,,,,,,,,"Ben Jukich","sa327750",502308
"Chris Seddon","SEA",6,10,,5.054484363578691,27,19,,,,119.30000305175781,536,128,72,67,16,56,3,6,72,5.431684689218892,4.224643647170249,1.2857142857142858,1.2070410420486426,0.13432835820895522,0.1044776119402985,0.02985074626865672,0.270042194092827,1.5423302203954878,0.28717948717948716,0.6930693069306931,,,5.1733997909678315,-0.10878384169815458,,,,,,,,,311.22002258300785,2.6087176414235826,346.50001525878906,2.9044426353322175,,,,,,,,,,,,,,,,,,,"Chris Seddon","3833",434629
"Kenshin Kawakami","ATL",6,8,,4.7368422260292,25,21,,,,119.69999694824219,525,127,67,63,15,44,9,3,81,6.0902257191804,3.3082707610362667,1.8409090909090908,1.127819577626,0.15428571428571428,0.0838095238095238,0.07047619047619047,0.26569037656903766,1.4285714649929333,0.29015544041450775,0.6933333333333334,,,4.53147654857356,-0.10914857658166088,,,,,,,,,392.0799774169921,3.2755220335262494,424.49998474121094,3.5463658777264886,,,,,,,,,,,,,,,,,,,"Kenshin Kawakami","9225",499877
"Mike Ballard","BAL",4,11,,6.691729493914267,28,21,,,,119.69999694824219,565,170,95,89,21,40,3,7,59,4.436090338662267,3.0075188736693335,1.475,1.5789474086764002,0.10442477876106195,0.07079646017699115,0.033628318584070796,0.3281853281853282,1.7543860096404444,0.33710407239819007,0.636766334440753,,,5.550691277983724,-0.10914857658166088,,,,,,,,,162.47997741699214,1.357393329652697,302.49998474121094,2.527151148316326,,,,,,,,,,,,,,,,,,,"Mike Ballard","sa327794",453040
"James Simmons","OAK",5,10,,5.7,24,23,,,,120,555,150,81,76,15,47,3,7,65,4.875,3.525,1.3829787234042554,1.125,0.11711711711711711,0.08468468468468468,0.032432432432432434,0.2994011976047904,1.6416666666666666,0.3176470588235294,0.6590909090909091,,,4.969509092966716,-0.10942213470116258,,,,,,,,,281.5,2.345833333333333,373,3.1083333333333334,,,,,,,,,,,,,,,,,,,"James Simmons","sa389395",519285
"Tim Alderson","PIT",5,12,,6.225,25,24,,,,120,556,155,89,83,20,44,3,8,57,4.275,3.3,1.2954545454545454,1.5,0.10251798561151079,0.07913669064748201,0.023381294964028784,0.30753968253968256,1.6583333333333334,0.31322505800464034,0.6432748538011696,,,5.594509092966716,-0.10942213470116258,,,,,,,,,197,1.6416666666666666,298,2.4833333333333334,,,,,,,,,,,,,,,,,,,"Tim Alderson","sa389899",518396
"Andrew Kown","WSN",5,11,,6.075,32,20,,,,120,553,152,87,81,20,45,3,8,55,4.125,3.375,1.2222222222222223,1.5,0.09945750452079566,0.081374321880651,0.018083182640144663,0.304,1.6416666666666666,0.3076923076923077,0.650887573964497,,,5.652842426300049,-0.10942213470116258,,,,,,,,,197.8,1.6483333333333334,291,2.425,,,,,,,,,,,,,,,,,,,"Andrew Kown","sa254314",457928
"Joseph Cruz","TBR",7,10,,5.162094632140793,25,25,,,,120.30000305175781,553,144,74,69,11,51,3,9,74,5.536159460556792,3.8154612498431946,1.4509803921568627,0.8229426225151989,0.13381555153707053,0.0922242314647378,0.04159132007233274,0.2920892494929006,1.6209475898026644,0.32281553398058255,0.6737193763919822,,,4.532538981251158,-0.10969569282066427,,,,,,,,,348.5200225830079,2.897090721045625,426.50001525878906,3.5453034450488907,,,,,,,,,,,,,,,,,,,"Joseph Cruz","sa392228",502341
"David Hernandez","ARI",8,9,,4.788029803724793,37,20,,,,120.30000305175781,540,117,68,64,18,64,3,5,108,8.079800293785588,4.788029803724793,1.6875,1.3466333822975982,0.2,0.11851851851851852,0.08148148148148149,0.2484076433121019,1.5045718654065756,0.2836676217765043,0.7252888318356867,,,4.948166568380047,-0.10969569282066427,,,,,,,,,373.62002258300794,3.105735769784327,376.50001525878906,3.129675857920003,,,,,,,,,,,,,,,,,,,"David Hernandez","4259",456696
"Zach Stewart","TOR",4,5,,5.144987702578761,31,22,,,,120.69999694824219,552,139,74,69,13,55,3,8,92,6.859983603438348,4.101077154229447,1.6727272727272726,0.9693455091815056,0.16666666666666666,0.09963768115942029,0.06702898550724637,0.2842535787321063,1.607290844283864,0.3247422680412371,0.68259385665529,,,4.51943318354434,-0.11006042770417057,,,,,,,,,366.8799774169922,3.03960220955362,429.49998474121094,3.5584092427557095,,,,,,,,,,,,,,,,,,,"Zach Stewart","7397",543819
"Jeff Samardzija","CHC",6,9,,5.368682820082185,42,18,,,,120.69999694824219,559,126,77,72,17,77,4,7,83,6.188898250928075,5.741508015921226,1.077922077922078,1.2676056658527382,0.148479427549195,0.13774597495527727,0.010733452593917725,0.26526315789473687,1.6818558834516721,0.287598944591029,0.703125,,,5.621338762357504,-0.11006042770417057,,,,,,,,,270.47997741699214,2.2409277900228752,296.49998474121094,2.456503663942545,,,,,,,,,,,,,,,,,,,"Jeff Samardzija","3254",502188
"Anthony Lerew","KCR",5,10,,5.9356964706157616,25,23,,,,121.30000305175781,570,153,86,80,16,58,3,8,59,4.377576147079124,4.303379941196427,1.0172413793103448,1.1871392941231524,0.10350877192982456,0.10175438596491228,0.0017543859649122862,0.30357142857142855,1.7394888268054525,0.3163972286374134,0.662778366914104,,,5.4521210145463535,-0.11060754394317396,,,,,,,,,223.0200225830078,1.8385821679480652,318.50001525878906,2.625721411753695,,,,,,,,,,,,,,,,,,,"Anthony Lerew","3440",434679
"James McDonald","PIT",7,7,,4.14133124600115,35,20,,,,121.69999694824219,528,117,60,56,12,53,6,5,95,7.025472649466237,3.9194742149653745,1.7924528301886793,0.8874281241431036,0.17992424242424243,0.10037878787878787,0.07954545454545456,0.24893617021276596,1.3968776028178482,0.28610354223433243,0.7180156657963447,,,4.228212216855924,-0.11097227882668026,,,,,,,,,464.77997741699227,3.8190631805410695,468.49998474121094,3.849630209444125,,,,,,,,,,,,,,,,,,,"James McDonald","5523",457428
"Tom Koehler",,7,9,,5.237704918032787,25,24,,,,122,564,139,76,71,13,64,3,8,81,5.975409836065574,4.721311475409836,1.265625,0.9590163934426229,0.14361702127659576,0.11347517730496454,0.03014184397163122,0.28252032520325204,1.6639344262295082,0.31343283582089554,0.6872294372294372,,,4.905711278759066,-0.11124583694618195,,,,,,,,,327.50000000000017,2.684426229508198,387,3.1721311475409837,,,,,,,,,,,,,,,,,,,"Tom Koehler","6570",543408
"Chris Carpenter","CHC",6,7,,5.016393442622951,26,26,,,,122,563,132,73,68,13,71,3,8,81,5.975409836065574,5.237704918032787,1.1408450704225352,0.9590163934426229,0.1438721136767318,0.1261101243339254,0.0177619893428064,0.2727272727272727,1.6639344262295082,0.3020304568527919,0.7034632034632035,,,5.077842426300049,-0.11124583694618195,,,,,,,,,324.7000000000002,2.6614754098360676,366,3,,,,,,,,,,,,,,,,,,,"Chris Carpenter","8556",452764
"David Phelps","NYY",6,7,,5.151267246766802,23,23,,,,122.30000305175781,547,144,75,70,16,42,3,8,71,5.224856778863471,3.0907603480600816,1.6904761904761905,1.1774325135466976,0.12979890310786105,0.07678244972577697,0.05301645338208408,0.289738430583501,1.5208503299978178,0.30917874396135264,0.6784841075794621,,,4.843991196620095,-0.11151939506568365,,,,,,,,,325.82002258300787,2.6641047788455055,395.50001525878906,3.2338512296799533,,,,,,,,,,,,,,,,,,,"David Phelps","6316",475479
"Kyle Lohse","STL",7,8,,4.621027009798332,22,22,,,,122.69999694824219,537,135,67,63,13,40,2,3,76,5.574572265788463,2.9339854030465595,1.9,0.953545255990132,0.14152700186219738,0.074487895716946,0.06703910614525138,0.2732793522267207,1.4262429042587443,0.2982885085574572,0.6887755102040816,,,4.267736506424487,-0.11188412994918995,,,,,,,,,420.0799774169924,3.4236347829266225,467.49998474121094,3.810105919875562,,,,,,,,,,,,,,,,,,,"Kyle Lohse","739",346798
"Radhames Liz","SDP",5,10,,5.427872995636135,28,23,,,,122.69999694824219,563,140,79,74,17,58,3,7,87,6.381418251626267,4.254278834417511,1.5,1.2469437962947878,0.15452930728241562,0.10301953818827708,0.05150976909413854,0.28112449799196787,1.6136919716756077,0.30904522613065327,0.6831228473019518,,,5.050132613903569,-0.11188412994918995,,,,,,,,,313.87997741699235,2.5581090890278873,371.49998474121094,3.027709812396479,,,,,,,,,,,,,,,,,,,"Radhames Liz","5843",467785
"Tim Bascom","BAL",4,13,,7.628362047921056,26,26,,,,122.69999694824219,597,181,111,104,27,52,3,8,53,3.887530659036692,3.814181023960528,1.0192307692307692,1.980440147056428,0.08877721943048576,0.08710217755443886,0.0016750418760469038,0.3370577281191806,1.8989405525273566,0.33405639913232105,0.625,,,6.541575193785571,-0.11188412994918995,,,,,,,,,31.27997741699221,0.2549305476363366,188.49998474121094,1.5362672325144782,,,,,,,,,,,,,,,,,,,"Tim Bascom","sa326787",502157
"Jamie Moyer","PHI",8,9,,4.7560975609756095,22,20,,,,123,530,128,70,65,19,34,1,7,75,5.487804878048781,2.4878048780487805,2.2058823529411766,1.3902439024390243,0.14150943396226415,0.06415094339622641,0.07735849056603773,0.261758691206544,1.3170731707317074,0.2731829573934837,0.6794682422451994,,,4.86646031247891,-0.11215768806869164,,,,,,,,,370.7,3.013821138211382,395,3.2113821138211383,,,,,,,,,,,,,,,,,,,"Jamie Moyer","1091",119469
"Tim Wakefield","BOS",7,7,,4.744525430015065,24,19,,,,123.30000305175781,540,132,70,65,16,39,1,7,75,5.474452419248151,2.8467152580090387,1.9230769230769231,1.167883182772939,0.1388888888888889,0.07222222222222222,0.06666666666666668,0.26720647773279355,1.386861279542865,0.28501228501228504,0.6796769851951548,,,4.667461202852104,-0.11243124618819333,,,,,,,,,384.4200225830078,3.1177616631658904,420.50001525878906,3.4103812234479443,,,,,,,,,,,,,,,,,,,"Tim Wakefield","219",123801
"Marc Rzepczynski","TOR",7,10,,5.54744511817146,25,24,,,,123.30000305175781,571,144,81,76,15,64,3,9,99,7.22627719340756,4.671532731091756,1.546875,1.0948904838496303,0.1733800350262697,0.11208406304728546,0.06129597197898423,0.2891566265060241,1.6869423751164674,0.3324742268041237,0.679144385026738,,,4.829667200459458,-0.11243124618819333,,,,,,,,,332.5200225830077,2.696837099374809,400.50001525878906,3.2481752258405914,,,,,,,,,,,,,,,,,,,"Marc Rzepczynski","6612",519240
"Aneury Rodriguez","HOU",6,10,,5.4014597203248425,29,23,,,,123.30000305175781,556,136,79,74,18,54,3,8,81,5.912408612788004,3.941605741858669,1.5,1.3138685806195562,0.14568345323741008,0.09712230215827339,0.048561151079136694,0.27530364372469635,1.54095697726985,0.2957393483709273,0.6735436893203883,,,5.170299795434898,-0.11243124618819333,,,,,,,,,313.4200225830077,2.541930371659788,358.50001525878906,2.907542630865151,,,,,,,,,,,,,,,,,,,"Aneury Rodriguez","8948",444553
"Stephen Strasburg","WSN",13,6,,3.0557801885650853,23,23,,,,123.69999694824219,508,103,45,42,11,40,2,2,140,10.185933961883618,2.9102668462524623,3.5,0.8003233827194272,0.27559055118110243,0.07874015748031496,0.1968503937007874,0.22103004291845493,1.1560226639280613,0.2884012539184953,0.768025078369906,,,2.9889176059978904,-0.11279598107169964,,,,,,,,,666.2799774169923,5.386257023884756,629.4999847412109,5.088924820302158,,,,,,,,,,,,,,,,,,,"Stephen Strasburg","10131",544931
"Eric Stults","COL",7,9,,5.238480323254432,25,22,,,,123.69999694824219,559,142,77,72,16,51,4,7,78,5.675020350192302,3.7105902289718893,1.5294117647058822,1.164106738500985,0.13953488372093023,0.09123434704830054,0.04830053667262969,0.2834331337325349,1.5602263925742368,0.30656934306569344,0.6799531066822978,,,4.904843279780762,-0.11279598107169964,,,,,,,,,331.3799774169923,2.678900449412673,392.49998474121094,3.1729991465192877,,,,,,,,,,,,,,,,,,,"Eric Stults","8011",445590
"Tobi Stoner","NYM",6,11,,5.675020350192302,24,22,,,,123.69999694824219,566,146,83,78,19,52,3,7,71,5.16572365209812,3.783346900128201,1.3653846153846154,1.3823767519699195,0.1254416961130742,0.09187279151943463,0.03356890459363958,0.2879684418145957,1.6006467654388543,0.3016627078384798,0.6709451575262544,,,5.357551455864478,-0.11279598107169964,,,,,,,,,267.07997741699216,2.1590944543736907,336.49998474121094,2.7202909704355713,,,,,,,,,,,,,,,,,,,"Tobi Stoner","4591",502621
"Wily Peralta","MIL",4,8,,5.747777021348613,28,22,,,,123.69999694824219,588,140,85,79,15,82,3,9,78,5.675020350192302,5.966047034817548,0.9512195121951219,1.0913500673446734,0.1326530612244898,0.13945578231292516,-0.006802721088435354,0.28169014084507044,1.7946645551890184,0.30637254901960786,0.681592039800995,,,5.600073693052183,-0.11279598107169964,,,,,,,,,249.87997741699223,2.020048371719407,306.49998474121094,2.477768733247866,,,,,,,,,,,,,,,,,,,"Wily Peralta","7738",503449
"Bryan Augenstein","STL",7,8,,4.354838709677419,26,21,,,,124,541,136,64,60,11,37,4,7,82,5.951612903225806,2.685483870967742,2.2162162162162162,0.7983870967741935,0.15157116451016636,0.06839186691312385,0.08317929759704251,0.27364185110663986,1.3951612903225807,0.30637254901960786,0.6916243654822335,,,3.9730037166226295,-0.11306953919120133,,,,,,,,,460.69999999999993,3.715322580645161,509,4.104838709677419,,,,,,,,,,,,,,,,,,,"Bryan Augenstein","936",446248
"Matt Moore","TBR",8,9,,4.790322580645161,27,27,,,,124,569,121,71,66,12,79,3,9,119,8.637096774193548,5.733870967741935,1.5063291139240507,0.8709677419354839,0.20913884007029876,0.13884007029876977,0.07029876977152899,0.2515592515592516,1.6129032258064515,0.307909604519774,0.7041484716157206,,,4.54558436178392,-0.11306953919120133,,,,,,,,,429.39999999999986,3.4629032258064507,438,3.532258064516129,,,,,,,,,,,,,,,,,,,"Matt Moore","1890",519043
"Chris Withrow","LAD",5,9,,5.443548387096774,28,26,,,,124,579,134,80,75,15,78,3,8,95,6.895161290322581,5.661290322580645,1.2179487179487178,1.0887096774193548,0.16407599309153714,0.13471502590673576,0.029360967184801384,0.2718052738336714,1.7096774193548387,0.30749354005167956,0.6910994764397905,,,5.198810168235533,-0.11306953919120133,,,,,,,,,316.6999999999999,2.554032258064515,357,2.879032258064516,,,,,,,,,,,,,,,,,,,"Chris Withrow","7161",519437
"Jeremy Hall","TBR",6,10,,5.733870967741935,25,25,,,,124,580,149,85,79,15,62,4,8,67,4.862903225806452,4.5,1.0806451612903225,1.0887096774193548,0.11551724137931034,0.10689655172413794,0.008620689655172403,0.29215686274509806,1.7016129032258065,0.3101851851851852,0.6631578947368421,,,5.263326297267791,-0.11306953919120133,,,,,,,,,269.6999999999999,2.174999999999999,349,2.814516129032258,,,,,,,,,,,,,,,,,,,"Jeremy Hall","sa327980",501875
"Ryan Feierabend","PHI",5,9,,5.879032258064516,25,24,,,,124,564,158,87,81,20,40,4,6,60,4.354838709677419,2.903225806451613,1.5,1.4516129032258065,0.10638297872340426,0.07092198581560284,0.035460992907801414,0.305019305019305,1.596774193548387,0.31221719457013575,0.6529411764705882,,,5.319777910171016,-0.11306953919120133,,,,,,,,,242.7999999999999,1.9580645161290315,342,2.7580645161290325,,,,,,,,,,,,,,,,,,,"Ryan Feierabend","6336",456387
"Yohan Pino","CLE",5,11,,6.459677419354839,32,21,,,,124,582,161,95,89,23,52,4,7,75,5.443548387096774,3.774193548387097,1.4423076923076923,1.6693548387096775,0.12886597938144329,0.08934707903780069,0.039518900343642596,0.3078393881453155,1.717741935483871,0.32167832167832167,0.6526548672566371,,,5.706874684364565,-0.11306953919120133,,,,,,,,,189.0999999999998,1.5249999999999984,294,2.370967741935484,,,,,,,,,,,,,,,,,,,"Yohan Pino","6955",464416
"Tyler Chatwood","LAA",6,13,,6.314516129032258,26,25,,,,124,601,152,93,87,15,84,4,9,65,4.717741935483871,6.096774193548387,0.7738095238095238,1.0887096774193548,0.10815307820299501,0.13976705490848584,-0.031613976705490834,0.2992125984251969,1.903225806451613,0.31712962962962965,0.6651162790697674,,,5.852035974687146,-0.11306953919120133,,,,,,,,,188.89999999999992,1.523387096774193,276,2.225806451612903,,,,,,,,,,,,,,,,,,,"Tyler Chatwood","4338",543022
"Cesar Carrillo","HOU",4,12,,6.532258064516129,25,24,,,,124,581,156,96,90,22,60,4,8,60,4.354838709677419,4.354838709677419,1,1.596774193548387,0.10327022375215146,0.10327022375215146,0,0.30409356725146197,1.7419354838709677,0.3080459770114943,0.6479481641468683,,,6.061713394041984,-0.11306953919120133,,,,,,,,,157.39999999999986,1.2693548387096762,250,2.0161290322580645,,,,,,,,,,,,,,,,,,,"Cesar Carrillo","4697",460044
"Cory Luebke","SDP",6,9,,4.706355475763016,24,23,,,,124.30000305175781,544,130,70,65,15,47,3,8,82,5.93724844634719,3.4030570363209502,1.7446808510638299,1.0860820328683884,0.15073529411764705,0.08639705882352941,0.06433823529411764,0.2658486707566462,1.4239742208718869,0.2904040404040404,0.6858974358974359,,,4.654672636983042,-0.11334309731070302,,,,,,,,,396.3200225830078,3.1884152280992497,425.50001525878906,3.4231697893170066,,,,,,,,,,,,,,,,,,,"Cory Luebke","1984",458537
"Brooks Brown","DET",8,13,,5.6476265709156195,26,21,,,,124.30000305175781,580,151,83,78,13,62,3,8,55,3.9823007871840908,4.4891390691893385,0.8870967741935484,0.9412710951526032,0.09482758620689655,0.10689655172413794,-0.01206896551724139,0.296078431372549,1.713596096303457,0.3094170403587444,0.6673511293634496,,,5.241961439941504,-0.11334309731070302,,,,,,,,,267.3200225830078,2.15060350780279,352.50001525878906,2.8358809863585446,,,,,,,,,,,,,,,,,,,"Brooks Brown","5679",453156
"Nelson Figueroa","HOU",7,8,,4.402566266524186,31,17,,,,124.69999694824219,546,129,65,61,15,45,5,7,97,7.000802095948296,3.2477947867801373,2.1555555555555554,1.0825982622600459,0.17765567765567766,0.08241758241758242,0.09523809523809525,0.2611336032388664,1.3953488713573923,0.29533678756476683,0.7124183006535948,,,4.336864109076547,-0.11370783219420932,,,,,,,,,440.87997741699206,3.5355251660509914,466.49998474121094,3.7409783172235023,,,,,,,,,,,,,,,,,,,"Nelson Figueroa","683",150153
"Rodrigo Lopez","ATL",6,9,,5.196471658848219,22,21,,,,124.69999694824219,551,147,77,72,19,35,2,3,72,5.196471658848219,2.5260626119401066,2.057142857142857,1.371291132196058,0.1306715063520871,0.06352087114337568,0.06715063520871142,0.28654970760233917,1.459502842454284,0.3004694835680751,0.6756756756756757,,,4.818018892303233,-0.11370783219420932,,,,,,,,,336.87997741699206,2.7015235417914005,406.49998474121094,3.2598235339968156,,,,,,,,,,,,,,,,,,,"Rodrigo Lopez","150",150438
"Mauricio Robles","SEA",6,12,,5.629510963752238,27,26,,,,124.69999694824219,589,127,83,78,18,93,4,8,105,7.57818783582032,6.712109226012283,1.1290322580645162,1.2991179147120548,0.17826825127334464,0.15789473684210525,0.020373514431239387,0.26024590163934425,1.764234205164519,0.2953929539295393,0.7032854209445585,,,5.700135994885493,-0.11370783219420932,,,,,,,,,278.17997741699213,2.230793778867959,296.49998474121094,2.377706431414556,,,,,,,,,,,,,,,,,,,"Mauricio Robles","8895",500909
"Troy Patton","BAL",5,12,,6.423416356076271,24,24,,,,124.69999694824219,575,156,95,89,25,49,4,6,64,4.619085918976195,3.5364876567161496,1.3061224489795917,1.8043304371000763,0.11130434782608696,0.08521739130434783,0.026086956521739132,0.3,1.6439455093578472,0.30114942528735633,0.6470588235294118,,,5.980809618434394,-0.11370783219420932,,,,,,,,,172.67997741699207,1.3847632850277005,261.49998474121094,2.0970328078656553,,,,,,,,,,,,,,,,,,,"Troy Patton","8368",461856
"Derek Holland","TEX",10,8,,4.536,27,21,,,,125,539,125,67,63,18,45,1,5,103,7.416,3.24,2.2888888888888888,1.296,0.19109461966604824,0.08348794063079777,0.10760667903525047,0.2556237218813906,1.36,0.28763440860215056,0.7113259668508287,,,4.501842426300049,-0.11398139031371102,,,,,,,,,434.6,3.4768000000000003,447,3.576,,,,,,,,,,,,,,,,,,,"Derek Holland","4141",502706
"Jesus Adrian Castillo","LAD",6,11,,5.688,26,25,,,,125,580,155,85,79,15,57,4,8,59,4.248,4.104,1.0350877192982457,1.08,0.10172413793103448,0.09827586206896552,0.0034482758620689585,0.30097087378640774,1.696,0.3146067415730337,0.6649214659685864,,,5.253842426300049,-0.11398139031371102,,,,,,,,,260.5,2.084,353,2.824,,,,,,,,,,,,,,,,,,,"Jesus Adrian Castillo","sa287103",447763
"Amaury Rivas","MIL",7,11,,5.472,26,24,,,,125,575,138,81,76,17,68,4,8,79,5.688,4.896,1.161764705882353,1.224,0.1373913043478261,0.11826086956521739,0.019130434782608702,0.27655310621242485,1.648,0.2972972972972973,0.6860592755214051,,,5.405842426300049,-0.11398139031371102,,,,,,,,,287.09999999999997,2.2967999999999997,334,2.672,,,,,,,,,,,,,,,,,,,"Amaury Rivas","sa295179",455361
"Jake Peavy","CHW",10,6,,3.8068634348154413,20,20,,,,125.30000305175781,526,112,57,53,14,41,1,4,128,9.193934333139179,2.944932091083643,3.1219512195121952,1.0055865676870976,0.24334600760456274,0.0779467680608365,0.16539923954372623,0.23284823284823286,1.2210694036200471,0.2857142857142857,0.7196401799100449,,,3.564674018593009,-0.11425494843321271,,,,,,,,,584.8200225830078,4.667358406539188,565.5000152587891,4.51316840770704,,,,,,,,,,,,,,,,,,,"Jake Peavy","1051",408241
"Randy Boone","TOR",6,11,,6.249002242055536,26,23,,,,125.30000305175781,592,167,93,87,16,56,3,9,64,4.5969671665695895,4.022346270748391,1.1428571428571428,1.1492417916423974,0.10810810810810811,0.0945945945945946,0.013513513513513514,0.31688804554079697,1.779728607890657,0.3348115299334812,0.6480558325024925,,,5.272575014506016,-0.11425494843321271,,,,,,,,,229.22002258300796,1.829369648844492,351.50001525878906,2.805267411794033,,,,,,,,,,,,,,,,,,,"Randy Boone","sa389685",453221
"Jose Ortegano","NYY",6,13,,5.818036570189636,30,26,,,,125.30000305175781,578,148,86,81,20,59,4,7,77,5.530726122279037,4.23782910668134,1.305084745762712,1.4365522395529966,0.13321799307958476,0.10207612456747404,0.031141868512110718,0.2890625,1.652035075485946,0.3054892601431981,0.6759776536312849,,,5.504019541989555,-0.11425494843321271,,,,,,,,,252.4200225830079,2.014525270831322,322.50001525878906,2.5738228843104944,,,,,,,,,,,,,,,,,,,"Jose Ortegano","sa328517",471178
"Carlos Hernandez","OAK",6,10,,5.656324719663748,27,25,,,,125.69999694824219,583,157,85,79,13,54,3,8,68,4.868735201735885,3.866348542554967,1.2592592592592593,0.9307876120965661,0.11663807890222985,0.09262435677530018,0.024013722126929676,0.30134357005758156,1.6785998816442347,0.32432432432432434,0.6535269709543569,,,4.820085905352596,-0.11461968331671901,,,,,,,,,312.0799774169922,2.482736555240278,409.49998474121094,3.2577565209474533,,,,,,,,,,,,,,,,,,,"Carlos Hernandez","sa393410",488957
"Adam Mills","BOS",6,10,,6.229117096338558,25,25,,,,125.69999694824219,583,180,93,87,17,31,3,8,46,3.2935561658801573,2.2195704596148884,1.4838709677419355,1.2171838004339712,0.07890222984562607,0.05317324185248713,0.02572898799313894,0.33088235294117646,1.6785998816442347,0.33608247422680415,0.6303418803418804,,,5.03488304660565,-0.11461968331671901,,,,,,,,,228.07997741699216,1.8144787824529989,382.49998474121094,3.0429593796943992,,,,,,,,,,,,,,,,,,,"Adam Mills","sa389674",474126
"Andrew Baldwin","SEA",5,11,,5.727923766748099,31,18,,,,125.69999694824219,572,156,86,80,19,44,3,7,64,4.58233901339848,3.1503580717114548,1.4545454545454546,1.3603818946026736,0.11188811188811189,0.07692307692307693,0.03496503496503496,0.29942418426103645,1.5910899352078054,0.30995475113122173,0.657439446366782,,,5.241724738182665,-0.11461968331671901,,,,,,,,,265.8799774169921,2.1151947802072737,356.49998474121094,2.8361176881173846,,,,,,,,,,,,,,,,,,,"Andrew Baldwin","sa253988",456703
"Chad Reineke","CIN",5,11,,6.085919002169856,31,22,,,,125.69999694824219,577,150,91,85,25,54,3,7,75,5.369928531326344,3.866348542554967,1.3888888888888888,1.789976177108781,0.12998266897746968,0.09358752166377816,0.03639514731369152,0.29069767441860467,1.6229117339119614,0.2976190476190476,0.6686390532544378,,,5.92589341032202,-0.11461968331671901,,,,,,,,,199.6799774169922,1.5885440116534908,270.49998474121094,2.1519490159780283,,,,,,,,,,,,,,,,,,,"Chad Reineke","7641",448656
"Junichi Tazawa","BOS",10,11,,5.142857142857143,26,24,,,,126,563,146,77,72,17,41,2,8,77,5.5,2.9285714285714284,1.8780487804878048,1.2142857142857142,0.13676731793960922,0.07282415630550622,0.063943161634103,0.2840466926070039,1.4841269841269842,0.30424528301886794,0.6740196078431373,,,4.776255124712748,-0.1148932414362207,,,,,,,,,350.70000000000005,2.7833333333333337,416,3.3015873015873014,,,,,,,,,,,,,,,,,,,"Junichi Tazawa","4079",547749
"Justin Germano","CLE",6,8,,4.916864489270945,37,17,,,,126.30000305175781,551,142,74,69,16,35,4,8,77,5.486935734403809,2.4940616974562766,2.2,1.1401424902657264,0.1397459165154265,0.06352087114337568,0.07622504537205083,0.2795275590551181,1.4014251442849555,0.30071599045346065,0.666235446313066,,,4.52677350767941,-0.1151667995557224,,,,,,,,,393.62002258300805,3.116548005321127,448.50001525878906,3.5510689186206394,,,,,,,,,,,,,,,,,,,"Justin Germano","1938",430683
"Erik Cordier","ATL",6,13,,5.843230262611848,28,25,,,,126.30000305175781,614,141,88,82,13,100,3,8,80,5.7007124513286325,7.12589056416079,0.8,0.9263657733409028,0.13029315960912052,0.16286644951140064,-0.03257328990228012,0.27865612648221344,1.9081551399586116,0.3069544364508393,0.6867145421903051,,,5.7144219350395415,-0.1151667995557224,,,,,,,,,244.120022583008,1.9328584060521952,298.50001525878906,2.3634204912605075,,,,,,,,,,,,,,,,,,,"Erik Cordier","4086",449170
"Josh Muecke","COL",6,11,,6.12826588517828,27,23,,,,126.30000305175781,590,155,92,86,20,62,3,8,66,4.703087772346121,4.41805214977969,1.064516129032258,1.4251781128321581,0.11186440677966102,0.10508474576271186,0.006779661016949157,0.2980769230769231,1.7181313915809906,0.3082191780821918,0.6613756613756614,,,5.754010215951546,-0.1151667995557224,,,,,,,,,207.620022583008,1.643863955394563,293.50001525878906,2.3238322103485034,,,,,,,,,,,,,,,,,,,"Josh Muecke","sa226123",450264
"Mat Latos","SDP",11,6,,3.0544594263730893,23,22,,,,126.69999694824219,516,100,46,43,12,39,2,3,124,8.808208578378212,2.7703236657802437,3.1794871794871793,0.8524072817785365,0.24031007751937986,0.0755813953488372,0.16472868217054265,0.2109704641350211,1.0970797422890424,0.2573099415204678,0.7610474631751227,,,3.3461928668599588,-0.1155315344392287,,,,,,,,,651.9799774169923,5.145856299296759,599.4999847412109,4.731649559440091,,,,,,,,,,,,,,,,,,,"Mat Latos","3815",502009
"Brett Anderson","OAK",9,8,,4.11996852859626,23,23,,,,126.69999694824219,539,135,62,58,12,33,2,6,101,7.1744279549693495,2.3441200248909757,3.0606060606060606,0.8524072817785365,0.18738404452690166,0.061224489795918366,0.12615955473098328,0.27,1.3259668827666125,0.3145780051150895,0.7010582010582012,,,3.638221287469272,-0.1155315344392287,,,,,,,,,523.9799774169923,4.1355958171888645,562.4999847412109,4.439621138830777,,,,,,,,,,,,,,,,,,,"Brett Anderson","8223",474463
"Daisuke Matsuzaka","BOS",9,6,,4.191002468744472,22,22,,,,126.69999694824219,558,120,63,59,12,60,1,6,117,8.310970997340732,4.2620364088926825,1.95,0.8524072817785365,0.20967741935483872,0.10752688172043011,0.10215053763440861,0.24390243902439024,1.4206788029642277,0.29427792915531337,0.7169117647058824,,,4.024961628276201,-0.1155315344392287,,,,,,,,,513.9799774169923,4.056669217024185,513.4999847412109,4.052880798023848,,,,,,,,,,,,,,,,,,,"Daisuke Matsuzaka","7775",493137
"Justin Wilson","PIT",7,11,,5.327545511115853,28,27,,,,126.69999694824219,591,130,80,75,15,87,4,8,92,6.535122493635447,6.17995279289439,1.0574712643678161,1.0655091022231706,0.155668358714044,0.14720812182741116,0.008460236886632833,0.2620967741935484,1.712707223573541,0.2926208651399491,0.6989795918367347,,,5.414069791174557,-0.1155315344392287,,,,,,,,,314.0799774169923,2.478926479732246,337.49998474121094,2.6637726351254924,,,,,,,,,,,,,,,,,,,"Justin Wilson","4301",458677
"Garrett Richards","LAA",5,12,,6.17995279289439,26,26,,,,126.69999694824219,594,155,93,87,19,63,4,9,81,5.753749152005121,4.4751382293373165,1.2857142857142858,1.3496448628160163,0.13636363636363635,0.10606060606060606,0.03030303030303029,0.29693486590038315,1.720599883590009,0.3192488262910798,0.6530825496342737,,,5.4535330912568964,-0.1155315344392287,,,,,,,,,246.87997741699223,1.9485397266256004,332.49998474121094,2.6243093350431526,,,,,,,,,,,,,,,,,,,"Garrett Richards","9784",572070
"Mitch Atkins","BAL",6,11,,6.108918852746179,30,21,,,,126.69999694824219,576,147,92,86,27,53,3,7,85,6.037884912597967,3.764798827855203,1.6037735849056605,1.9179163840017073,0.14756944444444445,0.0920138888888889,0.05555555555555555,0.28488372093023256,1.5785320032935861,0.29411764705882354,0.6658446362515413,,,5.9270926922449725,-0.1155315344392287,,,,,,,,,213.27997741699227,1.683346350072278,272.49998474121094,2.150749734055077,,,,,,,,,,,,,,,,,,,"Mitch Atkins","8369",444444
"Jason Marquis","WSN",8,9,,4.606299212598425,22,22,,,,127,556,135,70,65,13,50,3,6,72,5.102362204724409,3.543307086614173,1.44,0.9212598425196851,0.12949640287769784,0.08992805755395683,0.03956834532374101,0.27,1.4566929133858268,0.2911694510739857,0.6894484412470023,,,4.597527465670128,-0.1158050925587304,,,,,,,,,404.9000000000002,3.1881889763779543,442,3.4803149606299213,,,,,,,,,,,,,,,,,,,"Jason Marquis","105",150302
"Andrew Brackman","NYY",9,12,,5.5984251968503935,27,26,,,,127,581,155,85,79,17,51,3,9,73,5.173228346456693,3.6141732283464565,1.4313725490196079,1.204724409448819,0.12564543889845095,0.08777969018932874,0.03786574870912221,0.29750479846449135,1.6220472440944882,0.31724137931034485,0.6641053787047201,,,5.0857164420480805,-0.1158050925587304,,,,,,,,,293.70000000000016,2.3125984251968514,380,2.9921259842519685,,,,,,,,,,,,,,,,,,,"Andrew Brackman","2365",457581
"Brian Burres","PIT",5,10,,5.52755905511811,29,21,,,,127,583,147,83,78,17,57,4,8,72,5.102362204724409,4.039370078740157,1.263157894736842,1.204724409448819,0.1234991423670669,0.09777015437392796,0.02572898799313894,0.28378378378378377,1.6062992125984252,0.3002309468822171,0.6714761376248614,,,5.219574709764617,-0.1158050925587304,,,,,,,,,297.50000000000017,2.3425196850393712,363,2.858267716535433,,,,,,,,,,,,,,,,,,,"Brian Burres","3425",434638
"Edgar Osuna","KCR",5,9,,5.952755905511811,25,24,,,,127,577,160,90,84,22,39,3,7,64,4.535433070866142,2.763779527559055,1.641025641025641,1.5590551181102361,0.11091854419410745,0.06759098786828423,0.04332755632582322,0.3013182674199623,1.5669291338582678,0.30734966592427615,0.648038049940547,,,5.408551087717372,-0.1158050925587304,,,,,,,,,243.20000000000016,1.9149606299212611,339,2.6692913385826773,,,,,,,,,,,,,,,,,,,"Edgar Osuna","sa328973",466457
"Dillon Gee","NYM",7,9,,4.8782402601162,23,23,,,,127.30000305175781,555,139,74,69,19,39,4,6,96,6.787116883639929,2.7572662339787213,2.4615384615384617,1.3432835498870694,0.17297297297297298,0.07027027027027027,0.10270270270270271,0.2725490196078431,1.3982717653795225,0.3007518796992481,0.6869220607661822,,,4.570379703952348,-0.11607865067823209,,,,,,,,,403.9200225830078,3.172977320501567,446.50001525878906,3.5074627223477006,,,,,,,,,,,,,,,,,,,"Dillon Gee","7396",518716
"Anthony Swarzak","MIN",6,12,,6.221523810003268,25,25,,,,127.30000305175781,593,167,94,88,20,51,3,7,61,4.312647186479539,3.6056558444337123,1.196078431372549,1.413982684091652,0.10286677908937605,0.08600337268128162,0.01686340640809443,0.3121495327102804,1.712490139622112,0.32096069868995636,0.6526315789473685,,,5.528745745392246,-0.11607865067823209,,,,,,,,,209.82002258300787,1.6482326594894028,324.50001525878906,2.549096680907803,,,,,,,,,,,,,,,,,,,"Anthony Swarzak","7466",461872
"Joe Savery","PHI",5,11,,6.221523810003268,27,22,,,,127.30000305175781,606,160,94,88,18,71,3,8,65,4.595443723297869,5.019638528525364,0.9154929577464789,1.2725844156824868,0.10726072607260725,0.11716171617161716,-0.00990099009900991,0.3036053130929791,1.8146111112509533,0.3169642857142857,0.6656948493683187,,,5.756554066718123,-0.11607865067823209,,,,,,,,,197.62002258300788,1.552396055345413,295.50001525878906,2.321288359581926,,,,,,,,,,,,,,,,,,,"Joe Savery","2835",456045
"Graham Godfrey","OAK",4,10,,6.202036170141835,30,24,,,,127.69999694824219,611,167,94,88,15,64,3,8,74,5.21534859761927,4.5105717601031525,1.15625,1.0571652562741765,0.12111292962356793,0.10474631751227496,0.016366612111292964,0.3098330241187384,1.8089272162913685,0.33480176211453744,0.6523809523809524,,,5.137356962597148,-0.11644338556173839,,,,,,,,,258.2799774169924,2.0225527297520243,375.49998474121094,2.9404854637029008,,,,,,,,,,,,,,,,,,,"Graham Godfrey","3128",453232
"Jeff Karstens","PIT",6,9,,5.0625,32,19,,,,128,555,143,77,72,20,36,4,2,71,4.9921875,2.53125,1.9722222222222223,1.40625,0.12792792792792793,0.06486486486486487,0.06306306306306306,0.2765957446808511,1.3984375,0.28604651162790695,0.6754966887417219,,,4.890342426300049,-0.11671694368124008,,,,,,,,,357.40000000000003,2.7921875000000003,408,3.1875,,,,,,,,,,,,,,,,,,,"Jeff Karstens","5879",444371
"Michael Bowman","MIL",7,13,,5.90625,26,26,,,,128,606,154,90,84,16,71,3,9,71,4.9921875,4.9921875,1,1.125,0.11716171617161716,0.11716171617161716,0,0.29277566539923955,1.7578125,0.3115124153498871,0.6663376110562685,,,5.468467426300049,-0.11671694368124008,,,,,,,,,252.00000000000006,1.9687500000000004,334,2.609375,,,,,,,,,,,,,,,,,,,"Michael Bowman","sa454857",542958
"Philip Humber","CHW",4,11,,6.3984375,31,22,,,,128,602,167,97,91,29,53,5,7,75,5.2734375,3.7265625,1.4150943396226414,2.0390625,0.12458471760797342,0.08803986710963455,0.036544850498338874,0.3081180811808118,1.71875,0.31221719457013575,0.68561872909699,,,6.257529926300049,-0.11671694368124008,,,,,,,,,126.30000000000001,0.9867187500000001,233,1.8203125,,,,,,,,,,,,,,,,,,,"Philip Humber","8586",458950
"Deolis Guerra","MIN",5,13,,6.783216944061658,26,25,,,,128.6999969482422,611,173,104,97,24,57,3,8,63,4.405594510060664,3.986014080531077,1.105263157894737,1.6783217181183483,0.10310965630114566,0.09328968903436989,0.009819967266775767,0.31684981684981683,1.7871018294778709,0.32181425485961124,0.6415478615071283,,,6.038215456869914,-0.11735523668424808,,,,,,,,,138.37997741699218,1.0752135252391877,262.49998474121094,2.039626969430136,,,,,,,,,,,,,,,,,,,"Deolis Guerra","8410",500610
"Ian Kennedy","ARI",8,5,,3.8979117409475434,23,22,,,,129.3000030517578,554,116,60,56,15,50,2,7,109,7.587006781487183,3.4802783401317354,2.18,1.0440835020395207,0.1967509025270758,0.09025270758122744,0.10649819494584836,0.23340040241448692,1.2838360099152624,0.26790450928381965,0.7310344827586207,,,4.222467302610042,-0.11790235292325146,,,,,,,,,517.7200225830078,4.004021735218122,498.50001525878906,3.855375123690007,,,,,,,,,,,,,,,,,,,"Ian Kennedy","6986",453178
"Brandon Hynick","CHW",5,9,,6.264501012237123,24,24,,,,129.3000030517578,592,161,96,90,26,48,3,7,69,4.802784109381795,3.341067206526466,1.4375,1.8097447368685025,0.11655405405405406,0.08108108108108109,0.03547297297297297,0.29981378026070765,1.6163959401945172,0.30269058295964124,0.6546929316338355,,,5.900734857740234,-0.11790235292325146,,,,,,,,,191.42002258300784,1.4804332410292662,281.50001525878906,2.1771075685598147,,,,,,,,,,,,,,,,,,,"Brandon Hynick","sa326872",502001
"Ryan Cook","ARI",7,10,,5.412490489727141,26,26,,,,129.6999969482422,606,156,83,78,11,65,3,9,73,5.065535971154888,4.510408741439284,1.123076923076923,0.7632999408589557,0.12046204620462046,0.10726072607260725,0.013201320132013208,0.2932330827067669,1.7039321912103962,0.32079646017699115,0.6712062256809339,,,4.766354416685012,-0.11826708780675776,,,,,,,,,342.8799774169921,2.643639055395052,429.49998474121094,3.3114880096150374,,,,,,,,,,,,,,,,,,,"Ryan Cook","8855",475857
"Andy Sonnanstine","TBR",7,7,,4.696853305190646,36,17,,,,130.3000030517578,566,144,73,68,16,35,3,6,84,5.801995259353151,2.4174980247304796,2.4,1.105141954162505,0.14840989399293286,0.061837455830388695,0.08657243816254417,0.2742857142857143,1.373752845799225,0.29836829836829837,0.6768837803320562,,,4.328801721636774,-0.11881420404576115,,,,,,,,,438.0200225830079,3.361627109164514,488.50001525878906,3.7490407046632757,,,,,,,,,,,,,,,,,,,"Andy Sonnanstine","7667",458567
"Dana Eveland","PIT",5,11,,5.702290076335878,29,24,,,,131,608,162,89,83,14,62,3,8,76,5.221374045801527,4.259541984732825,1.2258064516129032,0.9618320610687023,0.125,0.10197368421052631,0.023026315789473686,0.30111524163568776,1.7099236641221374,0.3274336283185841,0.6604696673189824,,,4.9099034950023395,-0.11945249704876915,,,,,,,,,318.00000000000006,2.4274809160305346,415,3.16793893129771,,,,,,,,,,,,,,,,,,,"Dana Eveland","5508",445968
"Clayton Tanner","SFG",6,11,,5.4961832061068705,26,25,,,,131,604,148,86,80,17,70,4,8,66,4.534351145038168,4.809160305343512,0.9428571428571428,1.16793893129771,0.10927152317880795,0.11589403973509933,-0.006622516556291383,0.2813688212927757,1.6641221374045803,0.2930648769574944,0.6797116374871267,,,5.543491281261881,-0.11945249704876915,,,,,,,,,273.50000000000006,2.087786259541985,332,2.5343511450381677,,,,,,,,,,,,,,,,,,,"Clayton Tanner","sa326678",502388
"Alex Sanabia",,8,6,,4.112718868613694,26,23,,,,131.3000030517578,572,131,64,60,12,48,3,8,82,5.620715787105382,3.2901750948909556,1.7083333333333333,0.8225437737227389,0.14335664335664336,0.08391608391608392,0.05944055944055944,0.25387596899224807,1.3632901434849098,0.2793427230046948,0.7090012330456228,,,4.29642579477818,-0.11972605516827084,,,,,,,,,479.42002258300795,3.6513329127191487,496.50001525878906,3.7814166315218682,,,,,,,,,,,,,,,,,,,"Alex Sanabia","5350",502253
"Brad Lincoln","PIT",6,11,,5.346534529197803,25,25,,,,131.3000030517578,582,150,83,78,21,39,3,9,77,5.2779892147209075,2.6732672645989015,1.9743589743589745,1.439451604014793,0.1323024054982818,0.06701030927835051,0.06529209621993128,0.2808988764044944,1.439451604014793,0.29318181818181815,0.6641604010025063,,,5.080888838235978,-0.11972605516827084,,,,,,,,,333.32002258300804,2.5386139743775553,393.50001525878906,2.996953588064071,,,,,,,,,,,,,,,,,,,"Brad Lincoln","4241",453184
"Paolo Espino","CLE",7,13,,5.826351730536067,29,23,,,,131.3000030517578,603,151,91,85,23,61,4,8,86,5.894897045012962,4.1812641830905894,1.4098360655737705,1.5765422329685828,0.14262023217247097,0.1011608623548922,0.041459369817578764,0.28277153558052437,1.6146229632335245,0.29836829836829837,0.6729699666295884,,,5.621635207998149,-0.11972605516827084,,,,,,,,,261.1200225830079,1.9887282293517972,322.50001525878906,2.4562072183019,,,,,,,,,,,,,,,,,,,"Paolo Espino","8246",502179
"Scott Barnes","CLE",6,12,,6.169078302920542,28,28,,,,131.3000030517578,619,150,96,90,22,78,3,9,94,6.443259560828121,5.346534529197803,1.205128205128205,1.507996918491688,0.1518578352180937,0.1260096930533118,0.0258481421647819,0.2819548872180451,1.7364813000813375,0.3047619047619048,0.6693711967545639,,,5.812038859322857,-0.11972605516827084,,,,,,,,,238.02002258300797,1.8127952555277675,297.50001525878906,2.2658035669771923,,,,,,,,,,,,,,,,,,,"Scott Barnes","8718",488683
"Charlie Haeger","SEA",7,12,,5.25,27,23,,,,132,617,135,82,77,15,91,3,8,92,6.2727272727272725,6.204545454545454,1.010989010989011,1.0227272727272727,0.14910858995137763,0.14748784440842788,0.0016207455429497475,0.2606177606177606,1.7121212121212122,0.2891566265060241,0.7024390243902439,,,5.411175759633382,-0.12036434817127883,,,,,,,,,328.3000000000002,2.4871212121212136,352,2.6666666666666665,,,,,,,,,,,,,,,,,,,"Charlie Haeger","3545",446624
"D.J. Mitchell","NYY",7,11,,5.863636363636363,26,25,,,,132,616,159,92,86,17,72,3,9,74,5.045454545454546,4.909090909090909,1.0277777777777777,1.1590909090909092,0.12012987012987013,0.11688311688311688,0.003246753246753248,0.297196261682243,1.75,0.3169642857142857,0.6708494208494209,,,5.471781820239443,-0.12036434817127883,,,,,,,,,259.3000000000001,1.9643939393939402,344,2.606060606060606,,,,,,,,,,,,,,,,,,,"D.J. Mitchell","5354",543551
"Mitch Talbot","CLE",9,10,,4.7619046520621335,24,24,,,,132.3000030517578,590,148,75,70,12,52,2,7,78,5.3061223265835205,3.5374148843890136,1.5,0.81632651178208,0.13220338983050847,0.08813559322033898,0.04406779661016949,0.2787193973634652,1.5117157625594075,0.3056179775280899,0.6823144104803494,,,4.415710876165125,-0.12063790629078053,,,,,,,,,425.6200225830078,3.2170824849981194,484.50001525878906,3.6621315501349243,,,,,,,,,,,,,,,,,,,"Mitch Talbot","4961",452676
"Armando Rodriguez","NYM",7,10,,4.9659862800076535,28,28,,,,132.3000030517578,606,140,78,73,13,73,3,9,97,6.598639303571813,4.9659862800076535,1.3287671232876712,0.8843537210972534,0.16006600660066006,0.12046204620462046,0.0396039603960396,0.26717557251908397,1.609977287125769,0.3038277511961722,0.6930184804928131,,,4.748288343928194,-0.12063790629078053,,,,,,,,,403.1200225830079,3.047014461710187,440.50001525878906,3.3295540823718546,,,,,,,,,,,,,,,,,,,"Armando Rodriguez","sa503637",518169
"Alberto Bastardo","LAD",6,12,,5.764883327754542,28,26,,,,132.6999969482422,616,160,91,85,17,64,4,9,81,5.493594700566093,4.340618035015185,1.265625,1.1529766655509084,0.1314935064935065,0.1038961038961039,0.027597402597402593,0.2946593001841621,1.6880181247281274,0.3184855233853007,0.6643356643356644,,,5.17279349181085,-0.12100264117428683,,,,,,,,,299.87997741699235,2.25983409429886,385.49998474121094,2.905048934489199,,,,,,,,,,,,,,,,,,,"Alberto Bastardo","sa267846",460371
"JC Ramírez","PHI",6,9,,5.561416857363206,25,25,,,,132.6999969482422,608,153,88,82,19,61,4,9,78,5.290128230174756,4.1371515646238475,1.278688524590164,1.2886209791451328,0.12828947368421054,0.10032894736842106,0.027960526315789477,0.2843866171003718,1.6126601727313359,0.30112359550561796,0.6723585912486659,,,5.34611678140347,-0.12100264117428683,,,,,,,,,296.4799774169923,2.2342123906199505,362.49998474121094,2.7317256448965788,,,,,,,,,,,,,,,,,,,"JC Ramirez","8302",500724
"Lance Pendleton","HOU",6,12,,5.887218045112782,29,26,,,,133,630,158,93,87,18,73,4,10,81,5.481203007518797,4.93984962406015,1.1095890410958904,1.218045112781955,0.12857142857142856,0.11587301587301588,0.012698412698412681,0.28884826325411334,1.736842105263158,0.30973451327433627,0.6705539358600583,,,5.491376260886515,-0.12127619929378852,,,,,,,,,265.00000000000006,1.9924812030075192,344,2.5864661654135337,,,,,,,,,,,,,,,,,,,"Lance Pendleton","4214",459983
"Matt Klinker","CIN",6,11,,5.671417724622706,26,25,,,,133.3000030517578,602,152,90,84,23,55,4,8,90,6.076518990667185,3.7134282720743905,1.6363636363636365,1.552888186503836,0.14950166112956811,0.09136212624584718,0.058139534883720936,0.2820037105751391,1.552888186503836,0.3,0.6693363844393593,,,5.388420017813003,-0.12154975741329022,,,,,,,,,299.32002258300764,2.2454614833488598,358.50001525878906,2.689422408487046,,,,,,,,,,,,,,,,,,,"Matt Klinker","sa389882",518895
"Chase Wright","MIL",5,11,,6.076518990667185,27,26,,,,133.3000030517578,627,167,96,90,20,63,4,8,59,3.98349578277071,4.253563293467029,0.9365079365079365,1.3503375534815965,0.09409888357256778,0.10047846889952153,-0.006379585326953749,0.30035971223021585,1.7254313183375956,0.30561330561330563,0.6633663366336634,,,5.741008156777642,-0.12154975741329022,,,,,,,,,211.22002258300773,1.5845462696725903,311.50001525878906,2.3368342695224067,,,,,,,,,,,,,,,,,,,"Chase Wright","3593",451657
"Andrew Cashner","CHC",10,10,,4.567164179104478,28,28,,,,134,598,136,74,68,15,64,8,10,101,6.7835820895522385,4.298507462686567,1.578125,1.007462686567164,0.1688963210702341,0.10702341137123746,0.061872909698996656,0.2595419847328244,1.492537313432836,0.2936893203883495,0.7039106145251397,,,4.682320038240348,-0.12218805041629821,,,,,,,,,433.4999999999999,3.235074626865671,455,3.3955223880597014,,,,,,,,,,,,,,,,,,,"Andrew Cashner","8782",488768
"Jay Jackson","CHC",8,9,,4.959046797216606,28,24,,,,134.3000030517578,594,141,79,74,21,54,4,7,93,6.232315569474924,3.618763879049956,1.7222222222222223,1.407297064074983,0.15656565656565657,0.09090909090909091,0.06565656565656566,0.26454033771106944,1.4519731613472044,0.28368794326241137,0.7004830917874396,,,5.088266803550024,-0.1224616085357999,,,,,,,,,371.92002258300784,2.7693225177342233,401.50001525878906,2.9895756227500248,,,,,,,,,,,,,,,,,,,"Jay Jackson","7432",543351
"Trevor Reckling","LAA",6,13,,6.500372153108254,26,26,,,,134.3000030517578,655,166,104,97,18,93,4,9,77,5.160089234941603,6.232315569474924,0.8279569892473119,1.2062546263499851,0.11755725190839694,0.14198473282442747,-0.02442748091603053,0.30018083182640143,1.928518198917569,0.31965442764578833,0.6629597946963216,,,5.95200468414631,-0.1224616085357999,,,,,,,,,188.8200225830078,1.4059569493102584,285.50001525878906,2.1258377421537387,,,,,,,,,,,,,,,,,,,"Trevor Reckling","sa390627",519174
"Brett Oberholtzer","ATL",7,8,,4.810690532153396,27,23,,,,134.6999969482422,593,156,77,72,14,37,4,8,87,5.81291772635202,2.4721604123566063,2.3513513513513513,0.9354120479187159,0.1467116357504216,0.06239460370994941,0.08431703204047218,0.2846715328467153,1.432813692446922,0.3148558758314856,0.6689734717416378,,,4.139460861636369,-0.1228263434193062,,,,,,,,,457.979977416992,3.399999909376157,530.4999847412109,3.9383815646636795,,,,,,,,,,,,,,,,,,,"Brett Oberholtzer","3855",519085
"Pat Misch","NYM",7,8,,4.743875385873488,34,20,,,,134.6999969482422,587,154,76,71,16,35,4,6,72,4.810690532153396,2.33853011979679,2.057142857142857,1.0690423404785323,0.12265758091993186,0.059625212947189095,0.06303236797274275,0.28205128205128205,1.4031180718780738,0.2987012987012987,0.6782713085234093,,,4.466112687893698,-0.1228263434193062,,,,,,,,,420.5799774169921,3.1223458570574274,486.49998474121094,3.6117297384063503,,,,,,,,,,,,,,,,,,,"Pat Misch","5909",435619
"Jeff Suppan","SFG",6,9,,5.144766263552937,29,23,,,,134.6999969482422,601,157,82,77,18,51,4,5,66,4.409799654473946,3.407572460275322,1.2941176470588236,1.202672633038349,0.10981697171381032,0.08485856905158069,0.024958402662229623,0.28807339449541286,1.5441722695801023,0.2989247311827957,0.6892778993435448,,,5.0822968146972975,-0.1228263434193062,,,,,,,,,331.17997741699213,2.458648737343672,403.49998474121094,2.995545611602752,,,,,,,,,,,,,,,,,,,"Jeff Suppan","633",122987
"Rich Harden","OAK",8,7,,3.8666666666666667,26,25,,,,135,584,116,62,58,16,64,2,7,151,10.066666666666666,4.266666666666667,2.359375,1.0666666666666667,0.2585616438356164,0.1095890410958904,0.148972602739726,0.22612085769980506,1.3333333333333333,0.2857142857142857,0.7487309644670052,,,3.9593239077815303,-0.1230999015388079,,,,,,,,,589.6,4.367407407407407,556,4.118518518518519,,,,,,,,,,,,,,,,,,,"Rich Harden","1772",425848
"Vicente Padilla","LAD",8,7,,4,23,23,,,,135,572,131,64,60,16,41,3,9,101,6.733333333333333,2.7333333333333334,2.4634146341463414,1.0666666666666667,0.17657342657342656,0.07167832167832168,0.10489510489510488,0.2509578544061303,1.2740740740740741,0.28117359413202936,0.7219251336898396,,,4.233397981855605,-0.1230999015388079,,,,,,,,,513.6,3.8044444444444445,519,3.8444444444444446,,,,,,,,,,,,,,,,,,,"Vicente Padilla","964",218894
"Brian Duensing","MIN",8,7,,4.45676264892121,42,18,,,,135.3000030517578,591,150,72,67,13,44,4,5,76,5.055432258477791,2.9268292022766156,1.7272727272727273,0.8647449915817274,0.12859560067681894,0.07445008460236886,0.054145516074450076,0.2767527675276753,1.4338506698021805,0.29978118161925604,0.6939704209328782,,,4.289963611081274,-0.12337345965830959,,,,,,,,,456.3200225830079,3.3726534537360413,512.5000152587891,3.7878788152187752,,,,,,,,,,,,,,,,,,,"Brian Duensing","4064",488846
"Glen Perkins","MIN",6,10,,5.853658404553231,29,25,,,,135.3000030517578,619,175,94,88,20,44,2,6,72,4.789356876452644,2.9268292022766156,1.6363636363636365,1.3303769101257346,0.11631663974151858,0.07108239095315025,0.045234248788368334,0.30755711775043937,1.6186252406529769,0.32224532224532226,0.6544502617801047,,,5.043843860152523,-0.12337345965830959,,,,,,,,,294.2200225830079,2.174575136339477,410.50001525878906,3.0339985661475257,,,,,,,,,,,,,,,,,,,"Glen Perkins","8041",450282
"Lance Broadway","TOR",4,11,,7.184035314678966,32,20,,,,135.3000030517578,664,193,116,108,21,72,4,8,69,4.589800339933784,4.789356876452644,0.9583333333333334,1.3968957556320212,0.10391566265060241,0.10843373493975904,-0.004518072289156627,0.3304794520547945,1.9586104510184423,0.34468937875751504,0.6324278438030561,,,5.8494609890619955,-0.12337345965830959,,,,,,,,,139.12002258300794,1.028233698781136,301.50001525878906,2.228381437238053,,,,,,,,,,,,,,,,,,,"Lance Broadway","9885",473560
"Jeremy Hellickson","TBR",10,6,,3.5814297047137513,24,24,,,,135.6999969482422,575,126,58,54,11,47,4,7,119,7.8924099048321565,3.117170298547154,2.5319148936170213,0.7295504954046531,0.20695652173913043,0.0817391304347826,0.12521739130434784,0.2418426103646833,1.2748710677273232,0.2911392405063291,0.7296954314720813,,,3.5715786201597637,-0.1237381945418159,,,,,,,,,617.2799774169922,4.5488577103832295,611.4999847412109,4.506263806140285,,,,,,,,,,,,,,,,,,,"Jeremy Hellickson","4371",476451
"Ian Snell","SEA",6,10,,5.106853467832572,27,25,,,,135.6999969482422,619,146,82,77,16,73,2,4,104,6.897568320189447,4.841562378594516,1.4246575342465753,1.0611643569522227,0.1680129240710824,0.11793214862681745,0.05008077544426495,0.2693726937269373,1.613854126198172,0.3051643192488263,0.6968463886063072,,,4.780126915577573,-0.1237381945418159,,,,,,,,,404.7799774169922,2.9829033641863734,447.49998474121094,3.297715510722476,,,,,,,,,,,,,,,,,,,"Ian Snell","2227",430636
"Wilfredo Boscan","TEX",7,13,,6.234340597094308,27,26,,,,135.6999969482422,631,179,101,94,21,49,4,9,63,4.178334655499377,3.249815843166182,1.2857142857142858,1.3927782184997923,0.09984152139461172,0.07765451664025357,0.022187004754358156,0.31239092495637,1.680176898507686,0.3204868154158215,0.6394763343403826,,,5.443354638672712,-0.1237381945418159,,,,,,,,,232.4799774169922,1.7131907343053456,357.49998474121094,2.634487787627337,,,,,,,,,,,,,,,,,,,"Wilfredo Boscan","7655",517448
"Phil Coke","DET",11,11,,4.5,30,30,,,,136,591,142,73,68,14,50,8,7,100,6.617647058823529,3.3088235294117645,2,0.9264705882352942,0.1692047377326565,0.08460236886632826,0.08460236886632826,0.26591760299625467,1.411764705882353,0.3018867924528302,0.6902552204176334,,,4.202842426300049,-0.12401175266131759,,,,,,,,,494.00000000000006,3.632352941176471,527,3.875,,,,,,,,,,,,,,,,,,,"Phil Coke","5535",457435
"Liam Hendriks","MIN",7,9,,4.963235294117647,26,25,,,,136,599,157,80,75,16,41,3,5,85,5.625,2.713235294117647,2.073170731707317,1.0588235294117647,0.1419031719532554,0.06844741235392321,0.0734557595993322,0.28390596745027125,1.4558823529411764,0.3092105263157895,0.6719817767653758,,,4.371960073358872,-0.12401175266131759,,,,,,,,,433.40000000000015,3.186764705882354,504,3.7058823529411766,,,,,,,,,,,,,,,,,,,"Liam Hendriks","3548",521230
"Zach McAllister","CLE",7,13,,5.889705882352941,26,26,,,,136,624,172,95,89,21,50,3,8,72,4.764705882352941,3.3088235294117645,1.44,1.3897058823529411,0.11538461538461539,0.08012820512820513,0.035256410256410256,0.303886925795053,1.6323529411764706,0.3165618448637317,0.6593977154724818,,,5.305783602770637,-0.12401175266131759,,,,,,,,,270.90000000000015,1.9919117647058835,377,2.7720588235294117,,,,,,,,,,,,,,,,,,,"Zach McAllister","2895",502083
"Simon Castro","SDP",7,9,,4.411119337685939,28,27,,,,136.6999969482422,602,137,72,67,14,57,4,9,102,6.71543540961143,3.752743317135799,1.7894736842105263,0.9217264287701963,0.16943521594684385,0.0946843853820598,0.07475083056478406,0.2555970149253731,1.4191660887414133,0.29009433962264153,0.6995412844036697,,,4.365333310931434,-0.12465004566432558,,,,,,,,,489.17997741699224,3.578492965162298,507.49998474121094,3.712509115368615,,,,,,,,,,,,,,,,,,,"Simon Castro","9243",501563
"Wade Miley","ARI",7,10,,5.530358572621178,27,27,,,,136.6999969482422,640,164,90,84,13,74,4,9,75,4.937820154126052,4.871982552071038,1.0135135135135136,0.8558888267151823,0.1171875,0.115625,0.0015624999999999944,0.29443447037701975,1.7410388098992595,0.3192389006342495,0.6733393994540491,,,5.038339909716022,-0.12465004566432558,,,,,,,,,326.27997741699227,2.3868323679665444,415.49998474121094,3.039502516584027,,,,,,,,,,,,,,,,,,,"Wade Miley","8779",489119
"Jeff Mandel","WSN",6,12,,5.859546582896248,30,25,,,,136.6999969482422,639,176,95,89,16,58,3,9,67,4.411119337685939,3.818580919190813,1.1551724137931034,1.0534016328802243,0.10485133020344288,0.09076682316118936,0.014084507042253516,0.3076923076923077,1.7117776534303646,0.32454361054766734,0.6568998109640832,,,5.089546933536589,-0.12465004566432558,,,,,,,,,290.1799774169923,2.122750430834766,408.49998474121094,2.9882954927634606,,,,,,,,,,,,,,,,,,,"Jeff Mandel","sa389701",453247
"Gaby Hernandez","KCR",6,12,,6.122896991116304,28,24,,,,136.6999969482422,626,161,100,93,27,59,4,7,80,5.267008164401122,3.884418521245827,1.3559322033898304,1.7776152554853786,0.12779552715654952,0.09424920127795527,0.03354632587859424,0.2875,1.6093636057892315,0.29321663019693656,0.6586169045005489,,,5.923489892900099,-0.12465004566432558,,,,,,,,,222.87997741699223,1.6304314732456051,294.49998474121094,2.15435253339995,,,,,,,,,,,,,,,,,,,"Gaby Hernandez","sa254327",455100
"Kevin Pucetas","KCR",5,9,,5.649635036496351,27,27,,,,137,636,174,92,86,15,56,4,8,71,4.664233576642336,3.678832116788321,1.2678571428571428,0.9854014598540146,0.11163522012578617,0.0880503144654088,0.023584905660377367,0.3041958041958042,1.6788321167883211,0.32448979591836735,0.6602870813397129,,,4.866163594183261,-0.12492360378382728,,,,,,,,,326.90000000000015,2.3861313868613148,440,3.2116788321167884,,,,,,,,,,,,,,,,,,,"Kevin Pucetas","sa327994",501879
"Carlos Torres","CHW",7,10,,5.386861313868613,29,23,,,,137,637,147,88,82,17,84,4,8,101,6.635036496350365,5.518248175182482,1.2023809523809523,1.1167883211678833,0.15855572998430142,0.13186813186813187,0.026687598116169553,0.26972477064220185,1.686131386861314,0.30162412993039445,0.6901544401544402,,,5.231127097832896,-0.12492360378382728,,,,,,,,,348.50000000000017,2.5437956204379573,390,2.846715328467153,,,,,,,,,,,,,,,,,,,"Carlos Torres","7624",448614
"Will Smith","KCR",5,12,,6.372262773722627,25,25,,,,137,633,176,104,97,25,51,3,9,72,4.7299270072992705,3.3503649635036497,1.411764705882353,1.6423357664233578,0.11374407582938388,0.08056872037914692,0.03317535545023696,0.30715532286212915,1.6569343065693432,0.3145833333333333,0.640625,,,5.712878922650414,-0.12492360378382728,,,,,,,,,212.70000000000016,1.5525547445255485,324,2.3649635036496353,,,,,,,,,,,,,,,,,,,"Will Smith","8048",519293
"Julio Teheran","ATL",10,8,,4.117647150080333,25,25,,,,137.6999969482422,598,129,67,63,15,61,4,8,121,7.908496907297147,3.9869281929349256,1.9836065573770492,0.9803921785905555,0.20234113712374582,0.1020066889632107,0.10033444816053512,0.2438563327032136,1.3798112143126335,0.2871536523929471,0.727810650887574,,,4.2397887120370035,-0.12556189678683527,,,,,,,,,534.0799774169923,3.8785765377884425,528.4999847412109,3.8380537142630455,,,,,,,,,,,,,,,,,,,"Julio Teheran","6797",527054
"Austin Hyatt","PHI",8,9,,4.77124193580737,28,26,,,,137.6999969482422,615,145,78,73,16,60,4,9,116,7.581699514433629,3.921568714362222,1.9333333333333333,1.0457516571632592,0.1886178861788618,0.0975609756097561,0.0910569105691057,0.26556776556776557,1.488743678600473,0.30861244019138756,0.6955093099671413,,,4.406818490611691,-0.12556189678683527,,,,,,,,,470.1799774169924,3.414524239922247,505.49998474121094,3.6710239356883583,,,,,,,,,,,,,,,,,,,"Austin Hyatt","sa501768",444941
"J.A. Happ","HOU",7,7,,4.295010751212345,29,24,,,,138.3000030517578,600,135,71,66,18,58,3,4,110,7.158351252020576,3.774403387429031,1.896551724137931,1.171366568512458,0.18333333333333332,0.09666666666666666,0.08666666666666666,0.25092936802973975,1.395516961252496,0.2826086956521739,0.7270560190703218,,,4.523973992364812,-0.12610901302583866,,,,,,,,,485.02002258300774,3.507013824153658,491.50001525878906,3.553868433935237,,,,,,,,,,,,,,,,,,,"J.A. Happ","7410",457918
"Jeff Manship","MIN",7,10,,5.596529160670632,30,24,,,,138.3000030517578,634,177,92,86,16,48,3,7,76,4.945769955941489,3.1236441826998878,1.5833333333333333,1.0412147275666293,0.11987381703470032,0.07570977917981073,0.04416403785488959,0.30569948186528495,1.6268980118228582,0.32790224032586557,0.6564659427443238,,,4.675817806801612,-0.12610901302583866,,,,,,,,,353.4200225830078,2.5554592536830443,470.50001525878906,3.402024619498437,,,,,,,,,,,,,,,,,,,"Jeff Manship","6865",453249
"Zack Britton","BAL",7,9,,5.140997717360232,27,26,,,,138.3000030517578,634,158,85,79,14,66,4,9,85,5.531453240197718,4.295010751212345,1.2878787878787878,0.9110628866208006,0.13406940063091483,0.10410094637223975,0.029968454258675073,0.2826475849731664,1.6196673539925344,0.3103448275862069,0.6800391389432485,,,4.791508332086793,-0.12610901302583866,,,,,,,,,385.42002258300766,2.786840304253406,454.50001525878906,3.286334094213256,,,,,,,,,,,,,,,,,,,"Zack Britton","3240",502154
"John Lamb","KCR",8,10,,4.801730458930919,29,29,,,,138.6999969482422,630,152,79,74,11,68,4,8,96,6.229271946721192,4.412400962260844,1.411764705882353,0.7137707438951366,0.1523809523809524,0.10793650793650794,0.04444444444444445,0.2743682310469314,1.586157208655859,0.31263858093126384,0.6891495601173021,,,4.368397609706407,-0.12647374790934496,,,,,,,,,459.8799774169923,3.3156451877111635,514.4999847412109,3.709444816593642,,,,,,,,,,,,,,,,,,,"John Lamb","8493",543424
"Erik Arnesen","WSN",7,12,,5.450612953381043,33,23,,,,138.6999969482422,629,169,90,84,18,47,4,9,80,5.191059955600993,3.0497477239155835,1.702127659574468,1.1679884900102235,0.1271860095389507,0.07472178060413355,0.052464228934817156,0.2949389179755672,1.557317986680298,0.31524008350730687,0.660377358490566,,,4.822615355821494,-0.12647374790934496,,,,,,,,,357.5799774169922,2.5780820856861886,451.49998474121094,3.255227070478555,,,,,,,,,,,,,,,,,,,"Erik Arnesen","sa328003",502641
"Alex White","CLE",9,12,,5.255948205046006,27,26,,,,138.6999969482422,627,150,87,81,19,66,4,9,83,5.385724703936031,4.282624463370819,1.2575757575757576,1.232876739455236,0.13237639553429026,0.10526315789473684,0.027113237639553422,0.2717391304347826,1.557317986680298,0.28854625550660795,0.6810982048574445,,,5.284042907430472,-0.12647374790934496,,,,,,,,,343.6799774169922,2.477865789321114,387.49998474121094,2.793799518869578,,,,,,,,,,,,,,,,,,,"Alex White","10054",502229
"Andy Pettitte","NYY",9,6,,4.143884892086331,23,23,,,,139,593,139,68,64,15,48,2,3,106,6.863309352517986,3.1079136690647484,2.2083333333333335,0.9712230215827338,0.178752107925801,0.08094435075885328,0.09780775716694773,0.2564575645756458,1.3453237410071943,0.2917647058823529,0.7168674698795181,,,4.0562596924870995,-0.12674730602884665,,,,,,,,,541.7,3.8971223021582735,559,4.0215827338129495,,,,,,,,,,,,,,,,,,,"Andy Pettitte","840",120485
"Ross Ohlendorf","PIT",8,8,,4.134960426282141,25,25,,,,139.3000030517578,600,134,68,64,16,49,2,6,96,6.202440639423211,3.165829076372264,1.9591836734693877,1.0337401065705352,0.16,0.08166666666666667,0.07833333333333334,0.24587155963302754,1.3137113854333884,0.2700228832951945,0.7160647571606475,,,4.377196310253291,-0.12702086414834834,,,,,,,,,512.6200225830078,3.6799713664940876,515.5000152587891,3.700646116046758,,,,,,,,,,,,,,,,,,,"Ross Ohlendorf","8268",456027
"Shaun Marcum","MIL",9,6,,3.3500358641624777,23,23,,,,139.6999969482422,577,122,56,52,15,38,2,5,123,7.9241232940766295,2.448103131503349,3.236842105263158,0.9663564992776378,0.21317157712305027,0.0658578856152513,0.14731369150779897,0.22846441947565543,1.1453114065512744,0.2675,0.7482014388489209,,,3.6361817369937954,-0.12738559903185465,,,,,,,,,649.0799774169923,4.64624188687328,620.4999847412109,4.441660689306254,,,,,,,,,,,,,,,,,,,"Shaun Marcum","6204",451788
"P.J. Walters","STL",7,9,,4.896206263006698,28,24,,,,139.6999969482422,620,149,81,76,17,59,4,7,107,6.893343028180483,3.801002230492042,1.8135593220338984,1.0952040325146561,0.17258064516129032,0.09516129032258064,0.07741935483870968,0.26895306859205775,1.4889048285166566,0.30414746543778803,0.6894679695982628,,,4.54527266594387,-0.12738559903185465,,,,,,,,,453.27997741699227,3.2446670531061583,493.49998474121094,3.53256976035618,,,,,,,,,,,,,,,,,,,"P.J. Walters","9557",502208
"Alex Torres","TBR",7,11,,5.47602016257328,29,28,,,,139.6999969482422,666,153,91,85,14,99,4,9,109,7.022190561417501,6.37795289523241,1.101010101010101,0.9019327326591285,0.16366366366366367,0.14864864864864866,0.01501501501501501,0.27419354838709675,1.803865465318257,0.3159090909090909,0.6927710843373494,,,5.139402958092343,-0.12738559903185465,,,,,,,,,357.77997741699227,2.5610593073208663,410.49998474121094,2.938439468207706,,,,,,,,,,,,,,,,,,,"Alex Torres","7038",456776
"Randall Delgado","ATL",8,10,,4.885714285714286,28,28,,,,140,633,144,81,76,16,76,4,9,112,7.2,4.885714285714286,1.4736842105263157,1.0285714285714285,0.1769352290679305,0.12006319115323855,0.05687203791469195,0.26277372262773724,1.5714285714285714,0.3018867924528302,0.7034412955465588,,,4.784985283442906,-0.12765915715135634,,,,,,,,,433.8,3.0985714285714288,461,3.2928571428571427,,,,,,,,,,,,,,,,,,,"Randall Delgado","5985",517414
"Michael Kirkman","TEX",8,9,,5.078571428571428,32,24,,,,140,647,146,85,79,17,85,4,8,102,6.557142857142857,5.464285714285714,1.2,1.0928571428571427,0.15765069551777433,0.13137557959814528,0.026275115919629055,0.26353790613718414,1.65,0.29318181818181815,0.7046332046332047,,,5.192128140585764,-0.12765915715135634,,,,,,,,,372.29999999999995,2.659285714285714,404,2.8857142857142857,,,,,,,,,,,,,,,,,,,"Michael Kirkman","9877",457779
"Aaron Thompson","WSN",5,13,,6.171428571428572,28,28,,,,140,663,179,103,96,18,71,4,9,76,4.885714285714286,4.564285714285714,1.0704225352112675,1.1571428571428573,0.11463046757164404,0.10708898944193061,0.007541478129713425,0.307032590051458,1.7857142857142858,0.3259109311740891,0.6539145907473309,,,5.377842426300049,-0.12765915715135634,,,,,,,,,261.2,1.8657142857142857,378,2.7,,,,,,,,,,,,,,,,,,,"Aaron Thompson","999",457744
"Wes Roemer","ARI",6,10,,5.7214285714285715,26,24,,,,140,643,165,95,89,22,62,4,9,85,5.464285714285714,3.9857142857142858,1.3709677419354838,1.4142857142857144,0.1321928460342146,0.09642301710730948,0.035769828926905126,0.28846153846153844,1.6214285714285714,0.30425531914893617,0.672782874617737,,,5.4278424263000495,-0.12765915715135634,,,,,,,,,293.4,2.0957142857142856,371,2.65,,,,,,,,,,,,,,,,,,,"Wes Roemer","sa389931",519218
"Luis Perez","TOR",6,14,,6.702127659574468,29,27,,,,141,690,186,112,105,18,94,4,9,78,4.9787234042553195,6,0.8297872340425532,1.148936170212766,0.11304347826086956,0.13623188405797101,-0.02318840579710145,0.31686541737649065,1.9858156028368794,0.3387096774193548,0.6593406593406593,,,5.822523277363879,-0.12857100827386603,,,,,,,,,185.4000000000001,1.3148936170212773,318,2.25531914893617,,,,,,,,,,,,,,,,,,,"Luis Perez","6389",469802
"Tom Gorzelanny","WSN",8,9,,4.3189838615419385,33,25,,,,141.6999969482422,621,139,73,68,13,68,3,3,118,7.494707289146306,4.3189838615419385,1.7352941176470589,0.8256880911771354,0.19001610305958133,0.10950080515297907,0.08051529790660227,0.25272727272727274,1.4608327766980087,0.2978723404255319,0.7097457627118644,,,4.108188249478355,-0.12920930127687402,,,,,,,,,550.2799774169923,3.8834155911660986,562.4999847412109,3.9696541768216944,,,,,,,,,,,,,,,,,,,"Tom Gorzelanny","6244",452733
"Ryan Rowland-Smith","HOU",5,10,,5.525758764031599,34,23,,,,141.6999969482422,631,165,93,87,25,47,2,7,78,4.954128547062813,2.985180021948105,1.6595744680851063,1.5878617138021833,0.12361331220285261,0.07448494453248812,0.04912836767036449,0.28596187175043325,1.4961185925602796,0.2928870292887029,0.672316384180791,,,5.413763436382372,-0.12920930127687402,,,,,,,,,306.0799774169923,2.160056344452795,377.49998474121094,2.6640789899176767,,,,,,,,,,,,,,,,,,,"Ryan Rowland-Smith","3245",434884
"Esmil Rogers","COL",8,7,,4.690140845070423,32,23,,,,142,629,155,79,74,15,55,4,8,99,6.274647887323944,3.4859154929577465,1.8,0.9507042253521126,0.1573926868044515,0.08744038155802862,0.06995230524642289,0.27385159010600707,1.4788732394366197,0.30701754385964913,0.6931216931216931,,,4.387701581229626,-0.12948285939637572,,,,,,,,,472.29999999999995,3.326056338028169,524,3.6901408450704225,,,,,,,,,,,,,,,,,,,"Esmil Rogers","6317",469134
"Jorge De La Rosa","COL",12,7,,3.9845396193966978,26,24,,,,142.3000030517578,611,129,67,63,15,64,4,7,139,8.791285826922874,4.047786280022042,2.171875,0.9486999093801661,0.22749590834697217,0.10474631751227496,0.1227495908346972,0.2388888888888889,1.35628950007683,0.2923076923076923,0.7325581395348837,,,3.9914053019994684,-0.1297564175158774,,,,,,,,,598.1200225830078,4.203232675725648,581.5000152587891,4.086437124300581,,,,,,,,,,,,,,,,,,,"Jorge De La Rosa","2047",407822
"Josh Collmenter","ARI",9,11,,5.059732850027553,27,27,,,,142.3000030517578,647,153,86,80,17,72,4,9,100,6.32466606253444,4.553759565024797,1.3888888888888888,1.075193230630855,0.1545595054095827,0.11128284389489954,0.04327666151468315,0.2703180212014134,1.58116651563361,0.29955947136563876,0.6908548707753479,,,4.933077804643485,-0.1297564175158774,,,,,,,,,403.1200225830078,2.832888362176519,447.50001525878906,3.144764621656564,,,,,,,,,,,,,,,,,,,"Josh Collmenter","7312",518567
"J.J. Hoover","ATL",8,11,,4.982480835356165,29,26,,,,142.6999969482422,643,157,85,79,16,61,4,9,105,6.622284654587308,3.8472320374269127,1.721311475409836,1.0091100426037805,0.16329704510108864,0.09486780715396578,0.06842923794712286,0.27399650959860383,1.5276804811640563,0.3085339168490153,0.679959100204499,,,4.535445821172177,-0.1301211523993837,,,,,,,,,450.9799774169922,3.160336279338284,505.49998474121094,3.542396605127873,,,,,,,,,,,,,,,,,,,"J.J. Hoover","9037",543331
"Casey Coleman","CHC",9,11,,4.982480835356165,28,26,,,,142.6999969482422,637,155,85,79,16,62,5,8,66,4.162578925740594,3.910301415089649,1.064516129032258,1.0091100426037805,0.10361067503924647,0.09733124018838304,0.006279434850863422,0.27336860670194,1.5206727725348634,0.2842535787321063,0.6783144912641316,,,5.082047094249224,-0.1301211523993837,,,,,,,,,378.1799774169922,2.6501750911330393,427.49998474121094,2.9957953320508253,,,,,,,,,,,,,,,,,,,"Casey Coleman","8270",488787
"David Bromberg","MIN",7,10,,5.487035856658055,27,27,,,,142.6999969482422,662,165,93,87,18,72,3,9,87,5.487035856658055,4.540995191717012,1.2083333333333333,1.135248797929253,0.13141993957703926,0.10876132930513595,0.022658610271903315,0.28399311531841653,1.6608269451187219,0.30561330561330563,0.6798866855524079,,,5.201178140945503,-0.1301211523993837,,,,,,,,,336.57997741699216,2.358654412158614,410.49998474121094,2.8766642853545457,,,,,,,,,,,,,,,,,,,"David Bromberg","sa326256",488735
"Chris Sale","CHW",10,8,,4.396371155501326,40,20,,,,143.3000030517578,631,143,75,70,18,52,0,8,130,8.164689288788177,3.2658757155152704,2.5,1.1304954399860552,0.20602218700475436,0.08240887480190175,0.12361331220285261,0.2504378283712785,1.3607815481313628,0.2927400468384075,0.7067137809187278,,,4.152510930978151,-0.1306682686383871,,,,,,,,,547.2200225830079,3.818702099994794,562.5000152587891,3.925331495321898,,,,,,,,,,,,,,,,,,,"Chris Sale","10603",519242
"Nathan Culp","SDP",5,13,,6.029309013258961,30,26,,,,143.3000030517578,660,194,103,96,18,42,4,9,56,3.5170969244010606,2.6378226933007953,1.3333333333333333,1.1304954399860552,0.08484848484848485,0.06363636363636363,0.021212121212121224,0.3185550082101806,1.6468945915846236,0.32592592592592595,0.6309297912713472,,,4.996893327510945,-0.1306682686383871,,,,,,,,,293.62002258300794,2.048988250732673,441.50001525878906,3.080949098789104,,,,,,,,,,,,,,,,,,,"Nathan Culp","sa326712",502155
"Drew Carpenter","PHI",7,12,,5.762004297733067,27,25,,,,143.6999969482422,654,168,98,92,25,59,4,8,90,5.63674333473887,3.6951984083288143,1.5254237288135593,1.5657620374274637,0.13761467889908258,0.09021406727828746,0.04740061162079512,0.28620102214650767,1.5796799222045967,0.29979035639413,0.671875,,,5.48563649274406,-0.1310330035218934,,,,,,,,,298.0799774169922,2.074321390030054,372.49998474121094,2.5922059335559893,,,,,,,,,,,,,,,,,,,"Drew Carpenter","9533",502165
"Aaron Harang","SDP",8,10,,4.3125,24,23,,,,144,619,153,74,69,18,39,3,4,110,6.875,2.4375,2.8205128205128207,1.125,0.1777059773828756,0.0630048465266559,0.1147011308562197,0.265625,1.3333333333333333,0.29867256637168144,0.7074340527577937,,,4.070897981855604,-0.1313065616413951,,,,,,,,,537.4000000000001,3.731944444444445,577,4.006944444444445,,,,,,,,,,,,,,,,,,,"Aaron Harang","1451",421685
"Sam LeCure","CIN",8,10,,5,27,24,,,,144,639,153,86,80,21,59,5,9,105,6.5625,3.6875,1.7796610169491525,1.3125,0.1643192488262911,0.09233176838810642,0.07198748043818468,0.2679509632224168,1.4722222222222223,0.29398663697104677,0.6900328587075575,,,4.932009092966716,-0.1313065616413951,,,,,,,,,415.50000000000017,2.885416666666668,453,3.1458333333333335,,,,,,,,,,,,,,,,,,,"Sam LeCure","4664",459967
"David Pauley","SEA",7,11,,5.176715067234368,29,26,,,,144.3000030517578,649,169,89,83,17,54,4,8,79,4.927234823030302,3.36798329675489,1.462962962962963,1.0602910378672803,0.12172573189522343,0.08320493066255778,0.038520801232665644,0.2879045996592845,1.5453915127085196,0.3064516129032258,0.6726907630522089,,,4.803414115378172,-0.13158011976089679,,,,,,,,,391.32002258300776,2.711850410998594,472.50001525878906,3.274428310921877,,,,,,,,,,,,,,,,,,,"David Pauley","3625",456102
"Andy Oliver","DET",8,14,,5.784381600915907,29,29,,,,144.6999969482422,668,162,100,93,23,79,5,9,103,6.406358117143424,4.913614478197383,1.3037974683544304,1.4305459873232889,0.15419161676646706,0.11826347305389222,0.03592814371257484,0.2793103448275862,1.665514893453684,0.3028322440087146,0.675287356321839,,,5.545015940669199,-0.1319448546444031,,,,,,,,,308.67997741699224,2.1332410775889934,366.49998474121094,2.5328264856308498,,,,,,,,,,,,,,,,,,,"Andy Oliver","10257",501989
"Kyle Gibson","MIN",8,10,,4.9655172413793105,27,27,,,,145,649,164,86,80,15,55,3,9,86,5.337931034482758,3.413793103448276,1.5636363636363637,0.9310344827586207,0.1325115562403698,0.0847457627118644,0.04776579352850541,0.28034188034188035,1.5103448275862068,0.3047034764826176,0.6717171717171717,,,4.560601046989705,-0.13221841276390478,,,,,,,,,442.09999999999997,3.048965517241379,510,3.5172413793103448,,,,,,,,,,,,,,,,,,,"Kyle Gibson","10123",502043
"Scott Diamond","MIN",7,9,,5.2505148663232655,27,27,,,,145.6999969482422,675,176,91,85,12,67,4,9,86,5.31228562945648,4.138641129925397,1.2835820895522387,0.7412491575985787,0.1274074074074074,0.09925925925925926,0.028148148148148158,0.2938230383973289,1.667810604596802,0.3241106719367589,0.6719717064544651,,,4.532887068993555,-0.13285670576691277,,,,,,,,,416.97997741699214,2.8619079351464793,516.4999847412109,3.5449553573064936,,,,,,,,,,,,,,,,,,,"Scott Diamond","5089",539438
"Chris Narveson","MIL",8,9,,4.756348761257546,38,22,,,,145.6999969482422,642,148,82,77,20,60,3,6,119,7.350720812852572,3.706245787992893,1.9833333333333334,1.2354152626642978,0.1853582554517134,0.09345794392523364,0.09190031152647975,0.2569444444444444,1.4275909701898553,0.29024943310657597,0.7,,,4.587794414000857,-0.13285670576691277,,,,,,,,,487.3799774169922,3.3450925712107384,508.49998474121094,3.4900480122991917,,,,,,,,,,,,,,,,,,,"Chris Narveson","2141",429780
"Joel Pineiro","LAA",8,8,,4.438356164383562,23,23,,,,146,618,162,77,72,16,29,3,3,84,5.178082191780822,1.7876712328767124,2.896551724137931,0.9863013698630136,0.13592233009708737,0.04692556634304207,0.0889967637540453,0.2764505119453925,1.3082191780821917,0.2979591836734694,0.6761565836298933,,,4.009349275615118,-0.13313026388641447,,,,,,,,,534.4000000000001,3.6602739726027402,594,4.068493150684931,,,,,,,,,,,,,,,,,,,"Joel Pineiro","1094",334492
"Yohan Flande","ATL",7,10,,5.116438356164384,27,27,,,,146,661,176,89,83,12,55,4,9,71,4.376712328767123,3.3904109589041096,1.290909090909091,0.7397260273972602,0.10741301059001512,0.0832072617246596,0.024205748865355523,0.2948073701842546,1.582191780821918,0.3159922928709056,0.6629318394024277,,,4.488801330409638,-0.13313026388641447,,,,,,,,,425.20000000000005,2.912328767123288,524,3.589041095890411,,,,,,,,,,,,,,,,,,,"Yohan Flande","5057",456071
"Corey Kluber","CLE",6,13,,6.410958904109589,30,29,,,,146,697,186,111,104,21,76,4,11,109,6.719178082191781,4.684931506849315,1.4342105263157894,1.2945205479452055,0.1563845050215208,0.10903873744619799,0.0473457675753228,0.30491803278688523,1.7945205479452055,0.3402061855670103,0.649183147033534,,,5.242225987943884,-0.13313026388641447,,,,,,,,,295.5000000000001,2.0239726027397267,414,2.835616438356164,,,,,,,,,,,,,,,,,,,"Corey Kluber","2429",446372
"Luke Hochevar","KCR",9,10,,4.675324577799328,25,25,,,,146.3000030517578,635,156,81,76,16,48,1,7,104,6.397812580146449,2.9528365754522072,2.1666666666666665,0.984278858484069,0.16377952755905512,0.07559055118110236,0.08818897637795275,0.2689655172413793,1.3943950495190978,0.3017241379310345,0.6773127753303965,,,4.205661951646379,-0.13340382200591616,,,,,,,,,523.2200225830078,3.576350045583415,566.5000152587891,3.8721804746536708,,,,,,,,,,,,,,,,,,,"Luke Hochevar","6943",460024
"Jhoulys Chacín","COL",13,8,,3.92638044977752,33,25,,,,146.6999969482422,638,131,68,64,14,76,5,9,134,8.220859066721683,4.662576784110805,1.763157894736842,0.8588957233888326,0.21003134796238246,0.11912225705329153,0.09090909090909093,0.23688969258589512,1.4110429741387964,0.2860635696821516,0.7417289220917823,,,4.229853356877134,-0.13376855688942246,,,,,,,,,585.7799774169922,3.9930469638909645,564.4999847412109,3.847989069422915,,,,,,,,,,,,,,,,,,,"Jhoulys Chacin","2608",468504
"Evan MacLane","STL",6,10,,5.387755102040816,27,24,,,,147,647,181,94,88,23,32,4,8,65,3.979591836734694,1.9591836734693877,2.03125,1.4081632653061225,0.10046367851622875,0.04945904173106646,0.051004636785162295,0.2981878088962109,1.4489795918367347,0.3015267175572519,0.6581858407079646,,,5.043828820857872,-0.13404211500892416,,,,,,,,,344.29999999999984,2.342176870748298,446,3.0340136054421767,,,,,,,,,,,,,,,,,,,"Evan MacLane","5576",449774
"John Ely","LAD",8,11,,4.94908340052,28,28,,,,147.3000030517578,649,156,87,81,21,61,4,8,101,6.171079301882964,3.7270874991570375,1.6557377049180328,1.2830956964311113,0.15562403697996918,0.09399075500770417,0.06163328197226502,0.2689655172413793,1.4731839477542388,0.2915766738660907,0.6929637526652452,,,4.965147207293959,-0.13431567312842585,,,,,,,,,421.1200225830079,2.858927453212856,458.50001525878906,3.11269521900609,,,,,,,,,,,,,,,,,,,"John Ely","6132",518655
"Phil Hughes","NYY",11,7,,4.082599948944525,26,26,,,,147.6999969482422,628,145,72,67,18,46,2,3,131,7.982396915100488,2.802979069424599,2.847826086956522,1.0968178967313649,0.2085987261146497,0.0732484076433121,0.1353503184713376,0.2504317789291883,1.293161841207967,0.2926267281105991,0.7177322074788902,,,3.8835296467385207,-0.13468040801193215,,,,,,,,,609.5799774169922,4.127149560000359,619.4999847412109,4.194312779561528,,,,,,,,,,,,,,,,,,,"Phil Hughes","7450",461833
"Kevin Slowey","MIN",11,9,,4.326337259329272,27,26,,,,147.6999969482422,623,156,76,71,21,28,1,4,119,7.251184983946246,1.7061611726932342,4.25,1.2796208795199255,0.19101123595505617,0.0449438202247191,0.14606741573033707,0.2639593908629442,1.2457684752998217,0.2967032967032967,0.6985769728331177,,,3.96477541686677,-0.13468040801193215,,,,,,,,,571.0799774169922,3.8664860475055596,607.4999847412109,4.113067009433279,,,,,,,,,,,,,,,,,,,"Kevin Slowey","9918",458713
"Chaz Roe","SEA",7,11,,4.752877552502581,25,25,,,,147.6999969482422,661,164,83,78,15,58,4,9,89,5.423155156060637,3.534191000578842,1.5344827586206897,0.914014913942804,0.1346444780635401,0.08774583963691376,0.04689863842662634,0.2760942760942761,1.503046747372611,0.301010101010101,0.6915422885572139,,,4.553807250296577,-0.13468040801193215,,,,,,,,,459.0799774169921,3.108192192975233,520.4999847412109,3.524035176003472,,,,,,,,,,,,,,,,,,,"Chaz Roe","9866",475054
"Aníbal Sánchez",,11,8,,3.831081081081081,26,26,,,,148,644,142,67,63,11,61,5,6,121,7.358108108108108,3.7094594594594597,1.9836065573770492,0.668918918918919,0.18788819875776397,0.09472049689440994,0.09316770186335403,0.24610051993067592,1.3716216216216217,0.2911111111111111,0.7249466950959489,,,3.767031615489238,-0.13495396613143384,,,,,,,,,631.7,4.268243243243243,638,4.3108108108108105,,,,,,,,,,,,,,,,,,,"Anibal Sanchez","3284",434671
"Craig Stammen","WSN",6,8,,4.804054054054054,32,25,,,,148,645,164,85,79,18,46,4,5,87,5.29054054054054,2.7972972972972974,1.891304347826087,1.0945945945945945,0.13488372093023257,0.07131782945736434,0.06356589147286823,0.2760942760942761,1.4189189189189189,0.29554655870445345,0.6764069264069263,,,4.5170316154892385,-0.13495396613143384,,,,,,,,,468.40000000000003,3.164864864864865,527,3.560810810810811,,,,,,,,,,,,,,,,,,,"Craig Stammen","7274",489334
"Drew Naylor","PHI",7,12,,5.716216216216216,26,26,,,,148,679,179,101,94,21,58,4,10,84,5.108108108108108,3.527027027027027,1.4482758620689655,1.277027027027027,0.12371134020618557,0.08541973490427099,0.03829160530191458,0.29296235679214405,1.6013513513513513,0.30919765166340507,0.6551059730250481,,,5.165680264137887,-0.13495396613143384,,,,,,,,,335.50000000000006,2.266891891891892,431,2.9121621621621623,,,,,,,,,,,,,,,,,,,"Drew Naylor","sa293986",463752
"Tim Hudson","ATL",10,7,,3.7019554194371453,24,24,,,,148.3000030517578,623,142,65,61,13,49,5,5,92,5.58327702603635,2.973701894301969,1.8775510204081634,0.7889413188964408,0.1476725521669342,0.07865168539325842,0.06902086677367578,0.24956063268892795,1.2879298453779504,0.27564102564102566,0.7291666666666666,,,4.069076391067372,-0.13522752425093554,,,,,,,,,590.320022583008,3.980579975962522,594.5000152587891,4.008766035232677,,,,,,,,,,,,,,,,,,,"Tim Hudson","921",218596
"Kyle McClellan","STL",10,9,,4.308833357049792,28,28,,,,148.3000030517578,644,149,78,71,17,54,6,6,108,6.554281726216585,3.2771408631082926,2,1.0316924939414995,0.16770186335403728,0.08385093167701864,0.08385093167701864,0.2551369863013699,1.3688469037263031,0.28448275862068967,0.6975446428571429,,,4.325313742503823,-0.13522752425093554,,,,,,,,,536.920022583008,3.620499066312351,556.5000152587891,3.752528683796226,,,,,,,,,,,,,,,,,,,"Kyle McClellan","4845",449072
"Josh Tomlin","CLE",9,12,,5.219150263468762,29,26,,,,148.3000030517578,652,162,92,86,25,51,5,8,93,5.643964819797615,3.0950774818244984,1.8235294117647058,1.517194844031617,0.14263803680981596,0.07822085889570553,0.06441717791411043,0.27318718381112983,1.436277785683264,0.28541666666666665,0.6797752808988764,,,5.208658296140008,-0.13522752425093554,,,,,,,,,377.72002258300796,2.546999425557536,425.50001525878906,2.8691841301600403,,,,,,,,,,,,,,,,,,,"Josh Tomlin","9388",458708
"Michael Crotta","PIT",6,12,,5.568258352340121,29,29,,,,148.6999969482422,678,194,98,92,15,44,4,9,75,4.539341048103359,2.6630800815539706,1.7045454545454546,0.9078682096206718,0.11061946902654868,0.06489675516224189,0.04572271386430679,0.3104,1.60053802881274,0.3314814814814815,0.6451612903225806,,,4.449732165282398,-0.13559225913444184,,,,,,,,,402.4799774169922,2.7066576037461716,539.4999847412109,3.6281102610176514,,,,,,,,,,,,,,,,,,,"Michael Crotta","9337",453273
"Eric Hacker","MIN",7,12,,5.68930744695621,30,29,,,,148.6999969482422,695,187,101,94,16,67,4,9,85,5.144586521183807,4.0551446696390006,1.2686567164179106,0.9683927569287166,0.1223021582733813,0.09640287769784173,0.02589928057553957,0.30210016155088854,1.7081372240270418,0.32695984703632885,0.6606217616580311,,,4.866679046737817,-0.13559225913444184,,,,,,,,,359.3799774169923,2.4168122716376463,477.49998474121094,3.211163379562232,,,,,,,,,,,,,,,,,,,"Eric Hacker","8743",459345
"Bud Norris","HOU",9,10,,4.409395973154362,27,27,,,,149,659,145,78,73,16,72,3,7,144,8.697986577181208,4.348993288590604,2,0.9664429530201343,0.21851289833080426,0.10925644916540213,0.10925644916540213,0.25,1.4563758389261745,0.3035294117647059,0.7142857142857143,,,4.131533701467834,-0.13586581725394353,,,,,,,,,579.8000000000002,3.891275167785236,588,3.946308724832215,,,,,,,,,,,,,,,,,,,"Bud Norris","9492",502032
"Polin Trinidad","CHC",7,11,,5.557046979865772,27,25,,,,149,668,180,98,92,23,45,4,9,78,4.7114093959731544,2.7181208053691277,1.7333333333333334,1.389261744966443,0.11676646706586827,0.06736526946107785,0.04940119760479042,0.2931596091205212,1.5100671140939597,0.3030888030888031,0.6587136929460581,,,5.124822292071861,-0.13586581725394353,,,,,,,,,345.70000000000005,2.3201342281879196,440,2.953020134228188,,,,,,,,,,,,,,,,,,,"Polin Trinidad","sa294382",444524
"Brandon Morrow","TOR",11,8,,4.038847874577458,28,28,,,,149.3000030517578,649,133,72,67,16,72,1,6,162,9.765572472858928,4.340254432381745,2.25,0.9645009849737213,0.24961479198767333,0.11093990755007704,0.1386748844375963,0.2329246935201401,1.3730743188862005,0.29396984924623115,0.7283680175246441,,,3.8681974000979595,-0.13613937537344523,,,,,,,,,652.2200225830079,4.36851982083954,628.5000152587891,4.2096450262020895,,,,,,,,,,,,,,,,,,,"Brandon Morrow","9346",453344
"Juan Nicasio","COL",9,10,,5.244474105794609,25,25,,,,149.3000030517578,663,176,93,87,22,44,4,10,92,5.545880663598897,2.6523777086777334,2.090909090909091,1.3261888543388667,0.138763197586727,0.06636500754147813,0.07239819004524888,0.2889983579638752,1.4735431714876297,0.308,0.671247357293869,,,4.846094232085205,-0.13613937537344523,,,,,,,,,398.62002258300777,2.6699264195247085,482.50001525878906,3.2317481942148443,,,,,,,,,,,,,,,,,,,"Juan Nicasio","7731",504379
"Alan Johnson","COL",7,11,,5.9678498445249,28,26,,,,149.3000030517578,690,192,106,99,23,56,4,9,71,4.279973120820888,3.3757534474080244,1.2678571428571428,1.3864701658997243,0.10289855072463767,0.08115942028985507,0.021739130434782608,0.3072,1.6610850296769644,0.31529850746268656,0.6580166821130676,,,5.435511500680256,-0.13613937537344523,,,,,,,,,269.7200225830077,1.806564079503092,394.50001525878906,2.6423309256197927,,,,,,,,,,,,,,,,,,,"Alan Johnson","917",489567
"Jake Arrieta","BAL",9,11,,5.110220545057818,28,28,,,,149.6999969482422,680,160,91,85,18,78,4,8,99,5.951903928949695,4.689378853111881,1.2692307692307692,1.0821643507181262,0.14558823529411766,0.11470588235294117,0.030882352941176486,0.26936026936026936,1.589846391795766,0.2946058091286307,0.6907894736842105,,,5.04177032204776,-0.13650411025695153,,,,,,,,,410.37997741699235,2.74134927042703,454.49998474121094,3.0360721042522893,,,,,,,,,,,,,,,,,,,"Jake Arrieta","4153",453562
"Iván Nova","NYY",7,8,,5.290581270177507,28,26,,,,149.6999969482422,675,170,94,88,19,69,5,7,88,5.290581270177507,4.148296677752818,1.2753623188405796,1.142284592424689,0.13037037037037036,0.10222222222222223,0.02814814814814813,0.2838063439065108,1.5965264186520505,0.3038229376257545,0.6826741996233522,,,5.075170456329183,-0.13650411025695153,,,,,,,,,380.0799774169923,2.538944456681602,449.49998474121094,3.0026719699708657,,,,,,,,,,,,,,,,,,,"Ivan Nova","1994",467100
"Brandon Dickson","STL",8,12,,5.28,29,25,,,,150,690,181,94,88,15,66,4,9,85,5.1,3.96,1.2878787878787878,0.9,0.12318840579710146,0.09565217391304348,0.027536231884057974,0.2943089430894309,1.6466666666666667,0.3192307692307692,0.6769911504424779,,,4.744509092966716,-0.13677766837645322,,,,,,,,,399.9,2.666,500,3.3333333333333335,,,,,,,,,,,,,,,,,,,"Brandon Dickson","6979",505447
"Jordan Lyles","HOU",8,11,,4.827814569536423,28,27,,,,151,675,169,87,81,15,57,4,9,111,6.6158940397351,3.3973509933774833,1.9473684210526316,0.8940397350993378,0.16444444444444445,0.08444444444444445,0.08,0.277504105090312,1.4966887417218544,0.3155737704918033,0.6780487804878049,,,4.210292757425877,-0.1376895194989629,,,,,,,,,517.5,3.4271523178807946,584,3.8675496688741724,,,,,,,,,,,,,,,,,,,"Jordan Lyles","7593",543475
"Daniel McCutchen","PIT",7,14,,5.651024340743175,33,26,,,,151.3000030517578,674,173,102,95,30,50,4,7,81,4.8182418063178645,2.9742233372332496,1.62,1.7845340023399499,0.1201780415430267,0.07418397626112759,0.045994065281899116,0.28038897893030795,1.4738928982289217,0.27984344422700586,0.6685082872928176,,,5.714987118646864,-0.1379630776184646,,,,,,,,,291.82002258300776,1.9287509365295903,357.50001525878906,2.3628553076531853,,,,,,,,,,,,,,,,,,,"Daniel McCutchen","263",445216
"Jeanmar Gómez","CLE",8,13,,5.636124042189094,28,28,,,,151.6999969482422,694,179,102,95,22,65,5,8,89,5.28015831320873,3.856295397287275,1.3692307692307693,1.3052076729280007,0.1282420749279539,0.0936599423631124,0.034582132564841495,0.2882447665056361,1.608437738355718,0.3048543689320388,0.6660412757973734,,,5.233412674014474,-0.1383278125019709,,,,,,,,,345.5799774169922,2.2780486774492092,431.49998474121094,2.8444297522855746,,,,,,,,,,,,,,,,,,,"Jeanmar Gomez","9033",491646
"Manny Parra","MIL",8,10,,4.845699180644122,38,24,,,,152.3000030517578,682,158,88,82,19,77,4,3,143,8.450426619903773,4.550229718409724,1.8571428571428572,1.122783956490711,0.20967741935483872,0.11290322580645161,0.09677419354838711,0.26245847176079734,1.543007191668521,0.31235955056179776,0.7053742802303262,,,4.397606024280359,-0.1388749287409743,,,,,,,,,528.5200225830079,3.4702561522825115,560.5000152587891,3.6802364020196907,,,,,,,,,,,,,,,,,,,"Manny Parra","4279",448159
"Jeremy Hefner","SDP",7,14,,5.436638105112917,30,29,,,,152.3000030517578,697,174,98,92,20,69,4,10,98,5.791201459794194,4.077478578834687,1.4202898550724639,1.1818778489375905,0.1406025824964132,0.09899569583931134,0.041606886657101855,0.2815533980582524,1.5955350960657473,0.30495049504950494,0.6744186046511628,,,5.054204829245687,-0.1388749287409743,,,,,,,,,387.6200225830078,2.5451084360863643,460.50001525878906,3.0236375970543623,,,,,,,,,,,,,,,,,,,"Jeremy Hefner","1989",458550
"Aaron Cook","COL",10,8,,4.479371405828138,26,26,,,,152.6999969482422,660,167,81,76,15,51,3,4,77,4.538310503273245,3.005893969700461,1.5098039215686274,0.8840864616766062,0.11666666666666667,0.07727272727272727,0.0393939393939394,0.27603305785123966,1.4276359158925938,0.29343629343629346,0.6954314720812182,,,4.4268928789325,-0.1392396636244806,,,,,,,,,500.27997741699215,3.276227815424008,557.4999847412109,3.650949547367549,,,,,,,,,,,,,,,,,,,"Aaron Cook","1571",346871
"Tommy Milone","WSN",8,10,,4.588235294117647,28,28,,,,153,672,174,83,78,15,42,4,9,100,5.882352941176471,2.4705882352941178,2.380952380952381,0.8823529411764706,0.1488095238095238,0.0625,0.08630952380952381,0.28019323671497587,1.411764705882353,0.3111545988258317,0.6820512820512821,,,4.045162687737958,-0.13951322174398229,,,,,,,,,542.3,3.5444444444444443,617,4.032679738562091,,,,,,,,,,,,,,,,,,,"Tommy Milone","7608",543548
"Kevin Correia","PIT",8,11,,4.764705882352941,29,27,,,,153,671,163,86,81,19,55,5,5,104,6.117647058823529,3.235294117647059,1.8909090909090909,1.1176470588235294,0.15499254843517138,0.08196721311475409,0.07302533532041729,0.26677577741407527,1.4248366013071896,0.2920892494929006,0.689655172413793,,,4.509214975319657,-0.13951322174398229,,,,,,,,,502.7,3.2856209150326796,546,3.5686274509803924,,,,,,,,,,,,,,,,,,,"Kevin Correia","1767",429781
"Brian Bannister","KCR",8,12,,5.225048819663512,28,28,,,,153.3000030517578,679,175,95,89,22,49,1,4,96,5.636007715592103,2.876712271500136,1.9591836734693877,1.291585101489857,0.14138438880706922,0.07216494845360824,0.06921944035346098,0.2795527156549521,1.4611871855238787,0.2982456140350877,0.6677018633540374,,,4.728201167092644,-0.13978677986348398,,,,,,,,,441.8200225830079,2.882061407616794,513.5000152587891,3.349641259207405,,,,,,,,,,,,,,,,,,,"Brian Bannister","5718",446454
"Adam Wilk","DET",7,9,,4.990215164847175,27,27,,,,153.3000030517578,673,180,91,85,21,39,5,10,72,4.227005786694077,2.289628134459292,1.8461538461538463,1.2328766877857726,0.10698365527488855,0.05794947994056464,0.049034175334323915,0.28846153846153844,1.4285714001327205,0.2966417910447761,0.6751054852320675,,,4.878233779891971,-0.13978677986348398,,,,,,,,,405.120022583008,2.6426615428456945,490.50001525878906,3.199608646408078,,,,,,,,,,,,,,,,,,,"Adam Wilk","8421",573244
"Todd Redmond","ATL",7,11,,5.45988247447985,28,27,,,,153.3000030517578,680,171,100,93,28,54,4,8,106,6.2230918526329475,3.170254340020558,1.962962962962963,1.6438355837143634,0.15588235294117647,0.07941176470588235,0.07647058823529412,0.2766990291262136,1.4677103426021103,0.29243353783231085,0.6727664155005382,,,5.28266951874233,-0.13978677986348398,,,,,,,,,371.42002258300784,2.4228311493092884,428.50001525878906,2.7951729075577187,,,,,,,,,,,,,,,,,,,"Todd Redmond","9943",445170
"Vance Worley","PHI",8,10,,4.967532467532467,29,28,,,,154,690,173,91,85,18,58,4,9,93,5.435064935064935,3.3896103896103895,1.603448275862069,1.051948051948052,0.13478260869565217,0.08405797101449275,0.050724637681159424,0.27768860353130015,1.5,0.29980657640232106,0.6802721088435374,,,4.694725543183166,-0.14042507286649197,,,,,,,,,453.40000000000015,2.944155844155845,521,3.383116883116883,,,,,,,,,,,,,,,,,,,"Vance Worley","6435",474699
"Scott Kazmir","LAA",9,12,,5.074530035734046,28,28,,,,154.3000030517578,686,158,93,87,24,68,1,8,123,7.174335567761927,3.9662993382748866,1.8088235294117647,1.399870354685254,0.1793002915451895,0.09912536443148688,0.08017492711370262,0.25901639344262295,1.464679167402164,0.2863247863247863,0.6912681912681913,,,4.9832215201772,-0.14069863098599367,,,,,,,,,453.82002258300776,2.9411536850765976,477.50001525878906,3.0946209061228487,,,,,,,,,,,,,,,,,,,"Scott Kazmir","4897",431148
"Josh Banks","HOU",7,12,,5.366169692960141,30,25,,,,154.3000030517578,686,180,99,92,23,48,5,8,70,4.0829552011653245,2.799740709370508,1.4583333333333333,1.3415424232400353,0.10204081632653061,0.06997084548104957,0.03206997084548105,0.2857142857142857,1.477640929945546,0.2896678966789668,0.6588355464759958,,,5.197090602143003,-0.14069863098599367,,,,,,,,,362.9200225830077,2.3520415774798864,444.50001525878906,2.880751824157046,,,,,,,,,,,,,,,,,,,"Josh Banks","5570",457468
"Clayton Mortensen","OAK",6,14,,6.124432801747987,28,28,,,,154.3000030517578,713,191,112,105,26,65,4,8,91,5.307841761514922,3.79131554393923,1.4,1.516526217575692,0.1276297335203366,0.091164095371669,0.0364656381486676,0.2984375,1.6591056055528937,0.3125,0.6557377049180328,,,5.508172903184171,-0.14069863098599367,,,,,,,,,288.42002258300784,1.8692159227389082,396.50001525878906,2.5696695231158784,,,,,,,,,,,,,,,,,,,"Clayton Mortensen","3166",489150
"Charlie Morton","PIT",9,13,,4.945055042605755,29,29,,,,154.6999969482422,691,168,91,85,17,64,4,9,100,5.8177118148303,3.723335561491392,1.5625,0.9890110085211511,0.1447178002894356,0.09261939218523878,0.05209840810419682,0.27184466019417475,1.4996768233784774,0.2984189723320158,0.6772334293948127,,,4.629232243588129,-0.14106336586949997,,,,,,,,,479.8799774169923,3.102003793688149,533.4999847412109,3.4486101827119198,,,,,,,,,,,,,,,,,,,"Charlie Morton","4676",450203
"Brett Cecil","TOR",10,10,,4.645161290322581,29,29,,,,155,674,167,86,80,18,57,2,5,115,6.67741935483871,3.3096774193548386,2.017543859649123,1.0451612903225806,0.17062314540059348,0.08456973293768547,0.08605341246290801,0.272875816993464,1.4451612903225806,0.30785123966942146,0.6941649899396378,,,4.303648877912952,-0.14133692398900166,,,,,,,,,535.4000000000001,3.4541935483870976,585,3.774193548387097,,,,,,,,,,,,,,,,,,,"Brett Cecil","2660",446399
"Homer Bailey","CIN",8,8,,4.470967741935484,28,27,,,,155,678,155,82,77,18,63,4,6,124,7.2,3.6580645161290324,1.9682539682539681,1.0451612903225806,0.18289085545722714,0.09292035398230089,0.08997050147492625,0.2545155993431856,1.4064516129032258,0.2902542372881356,0.7053941908713692,,,4.32300371662263,-0.14133692398900166,,,,,,,,,563.6,3.6361290322580646,582,3.7548387096774194,,,,,,,,,,,,,,,,,,,"Homer Bailey","8362",456701
"Vin Mazzaro","KCR",8,10,,4.993548387096774,29,26,,,,155,694,173,92,86,20,63,2,7,102,5.922580645161291,3.6580645161290324,1.619047619047619,1.1612903225806452,0.14697406340057637,0.09077809798270893,0.056195965417867436,0.27724358974358976,1.5225806451612902,0.30177514792899407,0.6923076923076923,,,4.793971458558113,-0.14133692398900166,,,,,,,,,445.2,2.872258064516129,509,3.2838709677419353,,,,,,,,,,,,,,,,,,,"Vin Mazzaro","5231",476570
"C.J. Wilson","TEX",13,7,,3.7669026948121394,28,28,,,,155.3000030517578,672,142,70,65,13,70,3,9,137,7.939471833680971,4.056664440566919,1.957142857142857,0.753380538962428,0.20386904761904762,0.10416666666666667,0.09970238095238095,0.23946037099494097,1.3650997800002966,0.28794642857142855,0.7327141382868937,,,3.927810213847404,-0.14161048210850335,,,,,,,,,657.1200225830078,4.23129433142384,644.5000152587891,4.150032212452645,,,,,,,,,,,,,,,,,,,"C.J. Wilson","3580",450351
"Doug Fister","SEA",8,11,,4.63618793207648,30,26,,,,155.3000030517578,674,179,86,80,17,36,2,7,89,5.157759074435083,2.0862845694344156,2.4722222222222223,0.9851899355662519,0.13204747774480713,0.05341246290801187,0.07863501483679526,0.2836767036450079,1.384417229717282,0.30566037735849055,0.6746861924686193,,,4.1853762100738745,-0.14161048210850335,,,,,,,,,523.7200225830079,3.372311734008559,604.5000152587891,3.8924662162261745,,,,,,,,,,,,,,,,,,,"Doug Fister","9425",450729
"David Huff","CLE",9,14,,5.563425518491775,29,29,,,,155.3000030517578,699,183,103,96,24,58,3,6,92,5.331616121887952,3.3612362507554474,1.5862068965517242,1.3908563796229438,0.13161659513590845,0.08297567954220315,0.0486409155937053,0.28818897637795277,1.5518351272644884,0.30343511450381677,0.665380906460945,,,5.138370396111817,-0.14161048210850335,,,,,,,,,370.22002258300785,2.383902223489476,456.50001525878906,2.9394720301882313,,,,,,,,,,,,,,,,,,,"David Huff","4257",453307
"Kevin Mulvey","ARI",6,9,,5.355086267802775,30,28,,,,156.3000030517578,710,179,100,93,20,70,4,9,92,5.297504695030701,4.030710094045099,1.3142857142857143,1.1516314554414568,0.1295774647887324,0.09859154929577464,0.030985915492957747,0.2836767036450079,1.5930901800273487,0.30343511450381677,0.6742081447963801,,,5.080401568262138,-0.14252233323101304,,,,,,,,,392.22002258300773,2.509405085891946,468.50001525878906,2.997440858037911,,,,,,,,,,,,,,,,,,,"Kevin Mulvey","6947",453381
"Lance Lynn","STL",9,12,,4.872611464968153,30,29,,,,157,706,167,91,85,18,75,4,8,106,6.076433121019108,4.2993630573248405,1.4133333333333333,1.0318471337579618,0.1501416430594901,0.10623229461756374,0.04390934844192636,0.2680577849117175,1.5414012738853504,0.29563492063492064,0.6964944649446494,,,4.803957075981578,-0.14316062623402104,,,,,,,,,469.2,2.9885350318471335,514,3.2738853503184715,,,,,,,,,,,,,,,,,,,"Lance Lynn","2520",458681
"Dave Bush","TEX",8,10,,4.987261146496815,29,28,,,,157,689,169,93,87,24,53,4,8,96,5.503184713375796,3.038216560509554,1.8113207547169812,1.375796178343949,0.13933236574746008,0.07692307692307693,0.06240928882438315,0.26910828025477707,1.414012738853503,0.2826510721247563,0.6847133757961783,,,5.007778732032533,-0.14316062623402104,,,,,,,,,436.1999999999999,2.778343949044585,482,3.070063694267516,,,,,,,,,,,,,,,,,,,"Dave Bush","4635",433657
"Armando Galarraga","ARI",8,9,,4.977749426631369,29,27,,,,157.3000030517578,690,166,93,87,25,59,1,6,102,5.835982086395398,3.375715128405181,1.728813559322034,1.4303877662733817,0.14782608695652175,0.08550724637681159,0.062318840579710155,0.2656,1.4303877662733817,0.2803180914512923,0.6947368421052632,,,5.0867425780439985,-0.14343418435352273,,,,,,,,,433.92002258300784,2.7585506304169067,470.50001525878906,2.9910998482560505,,,,,,,,,,,,,,,,,,,"Armando Galarraga","4222",451482
"Aaron Crow","KCR",5,15,,6.751430256810362,30,30,,,,157.3000030517578,759,207,126,118,26,85,4,11,90,5.149395958584175,4.863318405329498,1.0588235294117647,1.487603276924317,0.11857707509881422,0.11198945981554677,0.006587615283267456,0.31221719457013575,1.8563254566747889,0.3278985507246377,0.6494522691705791,,,5.913188843001953,-0.14343418435352273,,,,,,,,,198.02002258300786,1.258868523466281,340.50001525878906,2.1646535832980964,,,,,,,,,,,,,,,,,,,"Aaron Crow","10149",543070
"Kyle Drabek","TOR",10,12,,4.965123748588175,28,27,,,,157.6999969482422,714,167,93,87,18,81,5,9,109,6.22067228271392,4.622701421099335,1.345679012345679,1.027266982466519,0.15266106442577032,0.1134453781512605,0.03921568627450982,0.2676282051282051,1.5726062447635598,0.2968127490039841,0.6956912028725314,,,4.891412531148347,-0.14379891923702903,,,,,,,,,459.3799774169922,2.912999279053649,502.49998474121094,3.186429895151701,,,,,,,,,,,,,,,,,,,"Kyle Drabek","4359",475138
"Josh Beckett","BOS",10,7,,4.158227848101266,25,25,,,,158,674,160,78,73,19,42,2,8,151,8.60126582278481,2.392405063291139,3.5952380952380953,1.0822784810126582,0.22403560830860533,0.06231454005934718,0.16172106824925814,0.2564102564102564,1.2784810126582278,0.30718954248366015,0.7069555302166476,,,3.6791082490848592,-0.14407247735653073,,,,,,,,,671.5,4.25,695,4.39873417721519,,,,,,,,,,,,,,,,,,,"Josh Beckett","510",277417
"Mike Minor","ATL",9,9,,4.329113924050633,29,29,,,,158,691,147,81,76,19,74,3,8,162,9.227848101265822,4.215189873417722,2.189189189189189,1.0822784810126582,0.23444283646888567,0.10709117221418235,0.12735166425470332,0.2413793103448276,1.3987341772151898,0.2956120092378753,0.7201646090534979,,,4.147462679464606,-0.14407247735653073,,,,,,,,,631.3,3.995569620253164,621,3.930379746835443,,,,,,,,,,,,,,,,,,,"Mike Minor","10021",501985
"Shairon Martis","WSN",6,10,,5.1265822784810124,29,29,,,,158,710,176,96,90,20,65,5,8,83,4.727848101265823,3.7025316455696204,1.2769230769230768,1.139240506329114,0.11690140845070422,0.09154929577464789,0.025352112676056332,0.27629513343799056,1.5253164556962024,0.2894248608534323,0.6807511737089202,,,5.058855084527897,-0.14407247735653073,,,,,,,,,412.6,2.6113924050632913,477,3.018987341772152,,,,,,,,,,,,,,,,,,,"Shairon Martis","6781",463017
"Luke French","SEA",8,12,,4.7757421694604645,28,25,,,,158.3000030517578,701,177,90,84,18,55,4,8,80,4.548325875676633,3.1269740395276853,1.4545454545454546,1.0233733220272423,0.11412268188302425,0.07845934379457917,0.03566333808844509,0.2774294670846395,1.4655716710513595,0.29174311926605506,0.6866537717601547,,,4.739244794776375,-0.14434603547603242,,,,,,,,,460.820022583008,2.9110550454780353,528.5000152587891,3.3385976315236743,,,,,,,,,,,,,,,,,,,"Luke French","7529",448287
"Yovani Gallardo","MIL",12,7,,3.4940514130431977,26,26,,,,159.6999969482422,681,139,66,62,14,68,4,3,176,9.918597559606496,3.832185420757056,2.588235294117647,0.788979351332335,0.25844346549192365,0.09985315712187959,0.15859030837004406,0.2278688524590164,1.2961803629031219,0.29411764705882354,0.7524012806830309,,,3.347097284294417,-0.1456226214820484,,,,,,,,,787.1799774169922,4.929117047335402,755.4999847412109,4.730745142005632,,,,,,,,,,,,,,,,,,,"Yovani Gallardo","8173",451596
"Tommy Hunter","TEX",10,10,,4.73387610799401,29,28,,,,159.6999969482422,694,172,90,84,24,50,2,5,92,5.1847214516124875,2.8177833976154822,1.84,1.3525360308554315,0.13256484149855907,0.07204610951008646,0.060518731988472615,0.26917057902973396,1.3901064761569712,0.2803030303030303,0.7006369426751592,,,4.9125325051919075,-0.1456226214820484,,,,,,,,,458.3799774169923,2.870256644811023,505.49998474121094,3.1653099211081415,,,,,,,,,,,,,,,,,,,"Tommy Hunter","1157",488984
"Chris Tillman","BAL",10,14,,5.277604391104364,31,31,,,,160.3000030517578,713,183,101,94,24,57,4,7,104,5.839051666753765,3.2002494712015825,1.8245614035087718,1.347473461558561,0.1458625525946704,0.07994389901823282,0.06591865357643759,0.28197226502311246,1.4971927350650678,0.30228136882129275,0.6734496124031008,,,4.9243801328803,-0.1461697377210518,,,,,,,,,431.22002258300785,2.6900811876078077,505.50001525878906,3.1534622934197496,,,,,,,,,,,,,,,,,,,"Chris Tillman","5279",501957
"Cory Riordan","COL",7,10,,5.824517845519713,28,26,,,,160.6999969482422,736,200,111,104,28,56,4,11,95,5.320473031965122,3.13627883989523,1.6964285714285714,1.568139419947615,0.12907608695652173,0.07608695652173914,0.052989130434782594,0.29895366218236175,1.5930305218515455,0.3121597096188748,0.6688191881918819,,,5.411383229793524,-0.1465344726045581,,,,,,,,,313.7799774169921,1.9525823483248321,428.49998474121094,2.6664591965065254,,,,,,,,,,,,,,,,,,,"Cory Riordan","sa390235",476225
"Matt Maloney","CIN",10,11,,4.472049689440993,29,27,,,,161,690,169,86,80,22,43,5,9,116,6.484472049689441,2.4037267080745344,2.697674418604651,1.2298136645962734,0.1681159420289855,0.06231884057971015,0.10579710144927534,0.26489028213166144,1.3167701863354038,0.29108910891089107,0.695364238410596,,,4.382190252387005,-0.1468080307240598,,,,,,,,,557.4000000000001,3.4621118012422367,595,3.6956521739130435,,,,,,,,,,,,,,,,,,,"Matt Maloney","9920",476011
"Brad Bergesen","BAL",9,11,,5.086956521739131,28,27,,,,161,708,187,97,91,23,46,4,7,79,4.416149068322981,2.5714285714285716,1.7173913043478262,1.2857142857142858,0.1115819209039548,0.06497175141242938,0.046610169491525424,0.28549618320610687,1.4472049689440993,0.2939068100358423,0.6772908366533864,,,4.941196463567129,-0.1468080307240598,,,,,,,,,421.3,2.616770186335404,505,3.1366459627329193,,,,,,,,,,,,,,,,,,,"Brad Bergesen","8375",448269
"Chris Carpenter","STL",11,6,,3.3271718413202547,25,25,,,,162.3000030517578,670,151,64,60,13,42,2,8,118,6.543437954596501,2.3290202889241782,2.8095238095238093,0.7208872322860552,0.1761194029850746,0.0626865671641791,0.11343283582089551,0.2435483870967742,1.189155861805202,0.2793522267206478,0.7379862700228832,,,3.589241061169644,-0.14799343996607117,,,,,,,,,734.5200225830077,4.525693214859446,728.5000152587891,4.488601365130405,,,,,,,,,,,,,,,,,,,"Chris Carpenter","1292",112020
"Carlos Zambrano","CHC",11,7,,3.706207813831891,28,28,,,,162.6999969482422,709,151,72,67,12,75,2,7,137,7.578365231268195,4.1487400901103255,1.8266666666666667,0.6637984144176521,0.19322990126939352,0.10578279266572638,0.08744710860366714,0.24082934609250398,1.3890596449850867,0.28778467908902694,0.7361376673040153,,,3.864566473017266,-0.14835817484957747,,,,,,,,,691.779977416992,4.251874556808134,685.4999847412109,4.213275953282783,,,,,,,,,,,,,,,,,,,"Carlos Zambrano","305",407296
"Blake Beavan","SEA",9,12,,4.757221969993173,28,28,,,,162.6999969482422,706,193,92,86,17,35,4,9,70,3.872157417436304,1.936078708718152,2,0.9403810870916738,0.09915014164305949,0.049575070821529746,0.049575070821529746,0.29154078549848944,1.4013522082150434,0.30344827586206896,0.6660137120470128,,,4.387000410290419,-0.14835817484957747,,,,,,,,,501.0799774169921,3.0797786528317803,600.4999847412109,3.6908420160096305,,,,,,,,,,,,,,,,,,,"Blake Beavan","338",518444
"Wade LeBlanc","SDP",9,12,,4.519289566492485,31,29,,,,163.3000030517578,705,164,88,82,23,58,5,6,129,7.109614074116226,3.1965706689824893,2.2241379310344827,1.2676056101137456,0.1829787234042553,0.08226950354609928,0.10070921985815602,0.25585023400936036,1.3594610891074954,0.28542510121457493,0.7060063224446785,,,4.504664200002961,-0.14890529108858086,,,,,,,,,565.1200225830078,3.4606246908880545,583.5000152587891,3.573178226297088,,,,,,,,,,,,,,,,,,,"Wade LeBlanc","5221",453281
"Hiroki Kuroda","LAD",12,8,,3.5605598851736673,28,27,,,,164.3000030517578,683,158,70,65,14,38,8,4,119,6.518563482087176,2.0815580867169134,3.1315789473684212,0.7668898214220207,0.17423133235724744,0.055636896046852125,0.11859443631039532,0.24648985959438377,1.1929397222120321,0.2807017543859649,0.7142857142857143,,,3.5038923270900604,-0.14981714221109055,,,,,,,,,744.8200225830078,4.533292810398637,751.5000152587891,4.573950099209989,,,,,,,,,,,,,,,,,,,"Hiroki Kuroda","3283",493133
"Jonathon Niese","NYM",9,9,,4.272671862208401,29,29,,,,164.3000030517578,716,171,83,78,17,59,3,8,131,7.175897614734622,3.231892818849944,2.2203389830508473,0.9312233545838823,0.1829608938547486,0.0824022346368715,0.10055865921787709,0.26348228043143296,1.3998782454528949,0.30434782608695654,0.7129000969932106,,,4.051670770962932,-0.14981714221109055,,,,,,,,,623.1200225830079,3.792574625739432,661.5000152587891,4.026171655337117,,,,,,,,,,,,,,,,,,,"Jonathon Niese","4424",477003
"Dallas Braden","OAK",11,10,,4.090909090909091,29,26,,,,165,700,172,80,75,17,43,1,4,103,5.618181818181818,2.3454545454545452,2.395348837209302,0.9272727272727272,0.14714285714285713,0.06142857142857143,0.0857142857142857,0.26339969372128635,1.303030303030303,0.28810408921933084,0.7060669456066946,,,4.023296971754594,-0.15045543521409854,,,,,,,,,629.7,3.816363636363637,669,4.054545454545455,,,,,,,,,,,,,,,,,,,"Dallas Braden","8099",460284
"Madison Bumgarner","SFG",10,8,,3.9272727272727272,30,29,,,,165,706,167,77,72,16,51,5,8,107,5.836363636363636,2.7818181818181817,2.0980392156862746,0.8727272727272727,0.15155807365439095,0.07223796033994334,0.0793201133144476,0.2581143740340031,1.3212121212121213,0.28544423440453687,0.7208588957055215,,,4.114206062663685,-0.15045543521409854,,,,,,,,,627,3.8,654,3.963636363636364,,,,,,,,,,,,,,,,,,,"Madison Bumgarner","5524",518516
"Carl Pavano","MIN",11,10,,4.472727272727273,26,26,,,,165,701,182,88,82,22,31,1,5,103,5.618181818181818,1.690909090909091,3.3225806451612905,1.2,0.14693295292439373,0.0442225392296719,0.10271041369472184,0.2736842105263158,1.290909090909091,0.29357798165137616,0.6860592755214051,,,4.217236365693989,-0.15045543521409854,,,,,,,,,575.2,3.4860606060606063,637,3.860606060606061,,,,,,,,,,,,,,,,,,,"Carl Pavano","790",134321
"Jason Vargas","SEA",9,10,,4.246823878038246,31,27,,,,165.3000030517578,708,171,83,78,19,48,3,3,105,5.716878297359178,2.6134300787927667,2.1875,1.0344827395221368,0.1483050847457627,0.06779661016949153,0.08050847457627118,0.2602739726027397,1.3248638593879998,0.2825278810408922,0.7068607068607068,,,4.227267692435756,-0.15072899333360024,,,,,,,,,601.9200225830078,3.6413793797362364,636.5000152587891,3.8505747338642924,,,,,,,,,,,,,,,,,,,"Jason Vargas","8044",450306
"Scott Feldman","TEX",11,10,,4.671092421575394,31,26,,,,165.6999969482422,723,181,92,86,20,54,1,8,93,5.051297618680368,2.9330115205240848,1.7222222222222223,1.0863005631570684,0.12863070539419086,0.07468879668049792,0.053941908713692935,0.27382753403933435,1.4182257352328393,0.2911392405063291,0.6908212560386473,,,4.646943239749148,-0.15109372821710654,,,,,,,,,509.57997741699216,3.0753167580091376,568.4999847412109,3.430899186550901,,,,,,,,,,,,,,,,,,,"Scott Feldman","6283",444857
"Barry Enright","ARI",8,10,,5.051297618680368,29,29,,,,165.6999969482422,726,190,100,93,26,48,3,8,95,5.159927674996075,2.6071213515769642,1.9791666666666667,1.4121907321041889,0.13085399449035812,0.06611570247933884,0.06473829201101927,0.2835820895522388,1.4363307446187905,0.296028880866426,0.6845238095238095,,,4.984903414953569,-0.15109372821710654,,,,,,,,,434.37997741699223,2.6214845227346295,512.4999847412109,3.09293901134648,,,,,,,,,,,,,,,,,,,"Barry Enright","2412",446264
"Clay Buchholz","BOS",14,8,,3.788334266018769,29,29,,,,166.3000030517578,710,158,75,70,15,65,2,6,128,6.927239800720035,3.517738961303143,1.9692307692307693,0.8117859141468791,0.18028169014084508,0.09154929577464789,0.08873239436619719,0.24726134585289514,1.3409500655907707,0.28542914171656686,0.7326732673267327,,,3.991853233339498,-0.15164084445610992,,,,,,,,,678.3200225830078,4.0788936267902125,679.5000152587891,4.085989192960551,,,,,,,,,,,,,,,,,,,"Clay Buchholz","3543",453329
"Elih Villanueva",,10,11,,4.615384699374099,29,29,,,,167.6999969482422,726,185,92,86,21,42,5,10,90,4.83005375515894,2.254025085740839,2.142857142857143,1.1270125428704194,0.12396694214876033,0.05785123966942149,0.06611570247933884,0.2744807121661721,1.3536076573099747,0.2887323943661972,0.6831983805668016,,,4.562636728811872,-0.15291743046212591,,,,,,,,,525.6799774169922,3.1346451221417406,589.4999847412109,3.515205697488178,,,,,,,,,,,,,,,,,,,"Elih Villanueva","8796",534631
"Kyle Kendrick","PHI",10,11,,4.77638649121273,32,29,,,,167.6999969482422,730,185,95,89,21,51,3,7,79,4.239713851750626,2.7370304612567327,1.5490196078431373,1.1270125428704194,0.10821917808219178,0.06986301369863014,0.03835616438356164,0.27529761904761907,1.407274921256185,0.28422876949740034,0.6824782187802517,,,4.80115790190614,-0.15291743046212591,,,,,,,,,485.6799774169922,2.896123949047472,549.4999847412109,3.276684524393909,,,,,,,,,,,,,,,,,,,"Kyle Kendrick","6230",452718
"Mike Leake","CIN",9,8,,4.339285714285714,28,27,,,,168,723,174,87,81,20,54,2,7,109,5.839285714285714,2.892857142857143,2.0185185185185186,1.0714285714285714,0.1507607192254495,0.07468879668049792,0.07607192254495158,0.2628398791540785,1.3571428571428572,0.2862453531598513,0.705,,,4.417128140585763,-0.1531909885816276,,,,,,,,,579.8,3.451190476190476,615,3.6607142857142856,,,,,,,,,,,,,,,,,,,"Mike Leake","10130",502190
"Josh Geer","SDP",6,14,,5.785714285714286,30,27,,,,168,753,209,116,108,28,46,4,9,81,4.339285714285714,2.4642857142857144,1.7608695652173914,1.5,0.10756972111553785,0.06108897742363878,0.04648074369189907,0.2994269340974212,1.5178571428571428,0.3047138047138047,0.6441149212233549,,,5.262366235823858,-0.1531909885816276,,,,,,,,,352.4,2.0976190476190473,473,2.8154761904761907,,,,,,,,,,,,,,,,,,,"Josh Geer","4781",446207
"Max Scherzer","DET",12,6,,3.4411764705882355,31,28,,,,170,717,149,70,65,16,63,1,8,183,9.688235294117646,3.335294117647059,2.9047619047619047,0.8470588235294118,0.25523012552301255,0.08786610878661087,0.16736401673640167,0.2306501547987616,1.2470588235294118,0.2942477876106195,0.748945147679325,,,3.401371838064755,-0.15501469082664698,,,,,,,,,826.8,4.863529411764706,795,4.676470588235294,,,,,,,,,,,,,,,,,,,"Max Scherzer","3137",453286
"R.A. Dickey","NYM",11,8,,3.864705882352941,28,25,,,,170,718,173,78,73,17,46,4,4,100,5.294117647058823,2.4352941176470586,2.1739130434782608,0.9,0.1392757660167131,0.06406685236768803,0.07520891364902507,0.25898203592814373,1.2882352941176471,0.2805755395683453,0.7223360655737705,,,4.0837247792412255,-0.15501469082664698,,,,,,,,,649.1000000000001,3.818235294117648,679,3.9941176470588236,,,,,,,,,,,,,,,,,,,"R.A. Dickey","1245",285079
"Jeff Niemann","TBR",10,9,,4.333528988697117,31,29,,,,170.3000030517578,731,166,88,82,23,62,4,8,128,6.764533055527207,3.276570698770991,2.064516129032258,1.215502033415045,0.17510259917920656,0.08481532147742818,0.09028727770177838,0.25113464447806355,1.3388138339064264,0.27766990291262134,0.7150153217568948,,,4.563456022696215,-0.15528824894614868,,,,,,,,,591.7200225830078,3.474574351024359,598.5000152587891,3.514386403603834,,,,,,,,,,,,,,,,,,,"Jeff Niemann","8591",435298
"Daniel Hudson","ARI",15,9,,3.558139534883721,32,30,,,,172,724,154,73,68,17,58,4,9,151,7.901162790697675,3.0348837209302326,2.603448275862069,0.8895348837209303,0.2085635359116022,0.08011049723756906,0.12845303867403313,0.2343987823439878,1.2325581395348837,0.2773279352226721,0.7385759829968119,,,3.7755168449047,-0.15683839307166636,,,,,,,,,764.2999999999997,4.443604651162789,740,4.3023255813953485,,,,,,,,,,,,,,,,,,,"Daniel Hudson","7146",543339
"Joe Blanton","PHI",8,8,,4.5523255813953485,28,28,,,,172,740,183,93,87,24,49,4,4,127,6.645348837209302,2.563953488372093,2.5918367346938775,1.255813953488372,0.17162162162162162,0.06621621621621622,0.1054054054054054,0.2663755458515284,1.3488372093023255,0.29390018484288355,0.7006048387096774,,,4.339470333276793,-0.15683839307166636,,,,,,,,,596.8,3.4697674418604647,643,3.738372093023256,,,,,,,,,,,,,,,,,,,"Joe Blanton","4849",430599
"Rick Porcello","DET",11,12,,4.656976744186046,30,30,,,,172,739,188,95,89,20,52,2,6,96,5.023255813953488,2.7209302325581395,1.8461538461538463,1.0465116279069768,0.12990527740189445,0.07036535859269283,0.05953991880920162,0.27606461086637296,1.3953488372093024,0.29473684210526313,0.6839622641509434,,,4.484819170486095,-0.15683839307166636,,,,,,,,,556,3.2325581395348837,618,3.5930232558139537,,,,,,,,,,,,,,,,,,,"Rick Porcello","2717",519144
"Jonathan Sánchez","SFG",12,8,,3.656413167971634,32,30,,,,172.3000030517578,743,141,75,70,18,87,4,7,183,9.558908710554414,4.544399223050459,2.103448275862069,0.9402205289069916,0.24629878869448182,0.11709286675639301,0.12920592193808883,0.2172573189522342,1.3232733369802103,0.271523178807947,0.7544378698224852,,,3.948416990102819,-0.15711195119116805,,,,,,,,,771.0200225830077,4.474869465622692,711.5000152587891,4.12942543619723,,,,,,,,,,,,,,,,,,,"Jonathan Sanchez","7507",456043
"Brian Matusz","BAL",12,11,,4.377533372085534,32,32,,,,172.6999969482422,753,176,90,84,20,62,3,7,142,7.400115938525545,3.2310365365393223,2.2903225806451615,1.0422698504965557,0.18857901726427623,0.08233731739707835,0.10624169986719788,0.2573099415204678,1.378112357878779,0.29601518026565465,0.7047619047619048,,,4.137483440971547,-0.15747668607467435,,,,,,,,,651.3799774169921,3.771742842660323,680.4999847412109,3.9403589853285017,,,,,,,,,,,,,,,,,,,"Brian Matusz","2646",451085
"Carlos Carrasco","CLE",9,11,,4.870466406813379,31,31,,,,173.6999969482422,766,187,101,94,24,65,5,8,129,6.683937941265169,3.3678757068390386,1.9846153846153847,1.243523337909799,0.16840731070496084,0.08485639686684072,0.08355091383812012,0.2698412698412698,1.450777227561432,0.29908256880733947,0.6913919413919414,,,4.649517756158267,-0.15838853719718404,,,,,,,,,542.9799774169921,3.1259642311840983,595.4999847412109,3.428324670141782,,,,,,,,,,,,,,,,,,,"Carlos Carrasco","6632",471911
"Matt Torra","ARI",8,13,,5.731497317893622,29,29,,,,174.3000030517578,787,229,119,111,27,42,5,10,82,4.234079099705198,2.1686746608246135,1.9523809523809523,1.3941479962443946,0.10419313850063533,0.053367217280813214,0.050825921219822115,0.3115646258503401,1.5547905637128845,0.31962025316455694,0.6518010291595198,,,5.0457138777890504,-0.15893565343618743,,,,,,,,,370.3200225830078,2.1246128290258404,528.5000152587891,3.0321285485109986,,,,,,,,,,,,,,,,,,,"Matt Torra","sa291167",457730
"Clayton Richard","SDP",10,10,,4.00456353553361,34,29,,,,175.3000030517578,749,174,83,78,15,67,4,4,124,6.366229210335484,3.4398173959070757,1.8507462686567164,0.770108372218002,0.16555407209612816,0.08945260347129506,0.0761014686248331,0.25663716814159293,1.3747860570706556,0.2922794117647059,0.7181818181818181,,,3.9905634600399034,-0.15984750455869712,,,,,,,,,695.3200225830078,3.966457561199886,716.5000152587891,4.087278966260146,,,,,,,,,,,,,,,,,,,"Clayton Richard","3551",453385
"Nick Blackburn","MIN",10,11,,4.877353024047347,30,29,,,,175.3000030517578,756,205,102,95,24,41,2,4,86,4.415288000716545,2.1049628840625387,2.097560975609756,1.2321733955488032,0.11375661375661375,0.05423280423280423,0.05952380952380952,0.2883263009845288,1.403308589375026,0.2986798679867987,0.6779661016949152,,,4.6465817030404235,-0.15984750455869712,,,,,,,,,506.02002258300786,2.8865944881564207,601.5000152587891,3.4312607232596255,,,,,,,,,,,,,,,,,,,"Nick Blackburn","4270",448147
"Randy Wells","CHC",12,9,,3.9954468536888794,29,29,,,,175.6999969482422,752,180,83,78,18,54,4,6,122,6.249288668590299,2.7660785910153782,2.259259259259259,0.9220261970051261,0.1622340425531915,0.07180851063829788,0.09042553191489361,0.26011560693641617,1.3318156178962932,0.29084380610412924,0.7231800766283525,,,4.045400781181971,-0.16021223944220342,,,,,,,,,674.7799774169921,3.8405235579814447,708.4999847412109,4.032441645118078,,,,,,,,,,,,,,,,,,,"Randy Wells","4535",448694
"Barry Zito","SFG",11,11,,4.193181818181818,30,30,,,,176,765,168,88,82,18,78,7,6,133,6.801136363636363,3.9886363636363638,1.705128205128205,0.9204545454545454,0.1738562091503268,0.10196078431372549,0.0718954248366013,0.24669603524229075,1.3977272727272727,0.2803738317757009,0.7155797101449275,,,4.327842426300049,-0.1604857975617051,,,,,,,,,658.2,3.7397727272727277,660,3.75,,,,,,,,,,,,,,,,,,,"Barry Zito","944",217096
"Jair Jurrjens","ATL",12,9,,3.82003402183259,30,30,,,,176.6999969482422,752,172,80,75,15,62,5,3,135,6.876061239298662,3.157894791381608,2.1774193548387095,0.764006804366518,0.17952127659574468,0.08244680851063829,0.09707446808510639,0.25036390101892286,1.3242784609019647,0.2896678966789668,0.7230046948356808,,,3.7569595857369538,-0.1611240905647131,,,,,,,,,750.8799774169922,4.249462311178959,763.4999847412109,4.320882840563095,,,,,,,,,,,,,,,,,,,"Jair Jurrjens","5556",457453
"Wade Davis","TBR",12,11,,4.517766419700345,32,32,,,,177.3000030517578,781,178,95,89,23,74,4,7,127,6.446700396651053,3.756345113009275,1.7162162162162162,1.1675126702596395,0.16261203585147246,0.09475032010243278,0.06786171574903968,0.2542857142857143,1.421319772489996,0.27927927927927926,0.7142857142857143,,,4.70220788057433,-0.1616712068037165,,,,,,,,,577.3200225830078,3.256176044252381,598.5000152587891,3.375634545725719,,,,,,,,,,,,,,,,,,,"Wade Davis","7441",451584
"Javier Vazquez",,13,9,,3.842696629213483,30,28,,,,178,751,162,81,76,21,59,3,6,172,8.696629213483146,2.9831460674157304,2.9152542372881354,1.0617977528089888,0.22902796271637815,0.07856191744340879,0.15046604527296936,0.23615160349854228,1.2415730337078652,0.28313253012048195,0.7306889352818372,,,3.774471639783195,-0.1623094998067245,,,,,,,,,786.7,4.419662921348315,766,4.303370786516854,,,,,,,,,,,,,,,,,,,"Javier Vazquez","801",134320
"Travis Wood","CIN",12,7,,3.640449438202247,30,30,,,,178,752,161,77,72,17,62,4,8,147,7.432584269662922,3.134831460674157,2.370967741935484,0.8595505617977528,0.19547872340425532,0.08244680851063829,0.11303191489361702,0.23607038123167157,1.252808988764045,0.27533460803059273,0.7329317269076305,,,3.8475053476483634,-0.1623094998067245,,,,,,,,,773.4999999999999,4.345505617977527,753,4.230337078651686,,,,,,,,,,,,,,,,,,,"Travis Wood","9884",475243
"Josh Johnson",,12,4,,2.8659217877094973,28,28,,,,179,734,157,61,57,11,47,3,5,173,8.69832402234637,2.363128491620112,3.6808510638297873,0.553072625698324,0.2356948228882834,0.06403269754768393,0.17166212534059946,0.23020527859237536,1.1396648044692737,0.29025844930417494,0.7582184517497349,,,2.8152725938978143,-0.16322135092923418,,,,,,,,,971.1000000000001,5.42513966480447,942,5.262569832402234,,,,,,,,,,,,,,,,,,,"Josh Johnson","4567",435178
"Chris Volstad",,11,12,,4.607679544026277,32,32,,,,179.6999969482422,779,189,98,92,22,62,4,6,116,5.80968290333748,3.105175344887274,1.8709677419354838,1.101836412701936,0.14890885750962773,0.07958921694480103,0.0693196405648267,0.26582278481012656,1.396772422162555,0.2889273356401384,0.6948228882833788,,,4.513568661032874,-0.16385964393224217,,,,,,,,,595.7799774169921,3.3154145104887824,640.4999847412109,3.5642737652671745,,,,,,,,,,,,,,,,,,,"Chris Volstad","9901",458690
"Wandy Rodriguez","HOU",12,9,,3.7,30,30,,,,180,759,170,79,74,17,60,3,7,163,8.15,3,2.716666666666667,0.85,0.2147562582345191,0.07905138339920949,0.13570487483530963,0.24566473988439305,1.2777777777777777,0.29593810444874274,0.7322987390882638,,,3.611175759633382,-0.16413320205174387,,,,,,,,,805.9000000000001,4.477222222222223,804,4.466666666666667,,,,,,,,,,,,,,,,,,,"Wandy Rodriguez","2586",434643
"Johan Santana","NYM",13,7,,3.394342704610583,27,27,,,,180.3000030517578,749,168,73,68,17,49,3,3,145,7.237936649537273,2.4459234194988024,2.9591836734693877,0.8485856761526458,0.19359145527369825,0.06542056074766354,0.1281708945260347,0.24103299856527977,1.2035496191184585,0.2796296296296296,0.7453416149068324,,,3.5603715362692006,-0.16440676017124556,,,,,,,,,822.320022583008,4.560843087434384,814.5000152587891,4.5174708900308485,,,,,,,,,,,,,,,,,,,"Johan Santana","755",276371
"Zach Duke","ARI",10,12,,4.864864782976342,30,30,,,,181.3000030517578,785,206,105,98,24,49,1,4,104,5.1627136472402,2.432432391488171,2.122448979591837,1.1913954570554308,0.13248407643312102,0.062420382165605096,0.07006369426751592,0.2814207650273224,1.406508525690439,0.2988505747126437,0.6775067750677507,,,4.528476709659207,-0.16531861129375525,,,,,,,,,559.8200225830077,3.087810331824371,643.5000152587891,3.549365716640841,,,,,,,,,,,,,,,,,,,"Zach Duke","3840",435043
"Kevin Millwood","NYY",9,11,,4.815223305599033,29,29,,,,181.3000030517578,796,200,104,97,27,59,2,7,124,6.155543194786392,2.9288471652612675,2.1016949152542375,1.3403198891873596,0.15577889447236182,0.07412060301507538,0.08165829145728644,0.273972602739726,1.428571404524799,0.29572649572649573,0.7007233273056058,,,4.738074058585626,-0.16531861129375525,,,,,,,,,539.5200225830076,2.9758412217399943,605.5000152587891,3.3397683677144228,,,,,,,,,,,,,,,,,,,"Kevin Millwood","106",119154
"A.J. Burnett","NYY",12,10,,4.5,30,30,,,,182,801,184,97,91,22,74,1,13,159,7.862637362637362,3.659340659340659,2.1486486486486487,1.0879120879120878,0.19850187265917604,0.09238451935081149,0.10611735330836455,0.25770308123249297,1.4175824175824177,0.300556586270872,0.7086267605633804,,,4.336084184541807,-0.16595690429676324,,,,,,,,,654.7999999999997,3.597802197802196,681,3.741758241758242,,,,,,,,,,,,,,,,,,,"A.J. Burnett","512",150359
"John Lackey","BOS",12,8,,4.137931103601333,28,28,,,,182.6999969482422,782,189,90,84,19,53,1,9,139,6.847290754768872,2.6108374820341744,2.6226415094339623,0.9359606067669682,0.17774936061381075,0.06777493606138107,0.10997442455242967,0.2625,1.324575829459686,0.2998236331569665,0.7056638811513463,,,3.926227771615137,-0.16659519729977124,,,,,,,,,718.879977416992,3.9347563734259197,758.4999847412109,4.151614654684912,,,,,,,,,,,,,,,,,,,"John Lackey","1507",407793
"Ted Lilly","LAD",14,8,,3.4369884861491737,29,29,,,,183.3000030517578,750,161,75,70,24,45,3,4,164,8.05237302469235,2.2094925982387545,3.6444444444444444,1.1783960523940025,0.21866666666666668,0.06,0.15866666666666668,0.2296718972895863,1.1238406795979838,0.2644787644787645,0.759860788863109,,,3.792517809927893,-0.16714231353877462,,,,,,,,,823.6200225830079,4.493289737428128,785.5000152587891,4.285324616372156,,,,,,,,,,,,,,,,,,,"Ted Lilly","833",150404
"Justin Masterson","CLE",11,10,,4.369885360961092,31,31,,,,183.3000030517578,806,188,95,89,16,76,5,12,152,7.463174998495348,3.731587499247674,2,0.7855973682626682,0.18858560794044665,0.09429280397022333,0.09429280397022333,0.2618384401114206,1.4402618418148918,0.30935251798561153,0.6995033112582781,,,3.994372689273162,-0.16714231353877462,,,,,,,,,710.820022583008,3.8779051322890385,748.5000152587891,4.083469737026887,,,,,,,,,,,,,,,,,,,"Justin Masterson","2038",475416
"Brett Myers","HOU",11,9,,3.977086676829758,29,29,,,,183.3000030517578,778,179,87,81,22,58,3,5,151,7.414075162978932,2.8477904599521726,2.603448275862069,1.0801963813611688,0.19408740359897173,0.07455012853470437,0.11953727506426735,0.25034965034965034,1.2929623352656416,0.2870201096892139,0.7274490785645005,,,4.021650375671172,-0.16714231353877462,,,,,,,,,733.4200225830077,4.001200274808039,743.5000152587891,4.056192050628877,,,,,,,,,,,,,,,,,,,"Brett Myers","962",408206
"Francisco Liriano","MIN",14,9,,3.919433924666103,32,31,,,,183.6999969482422,789,179,86,80,16,65,1,8,177,8.671747558323753,3.1845400637912085,2.723076923076923,0.7838867849332206,0.22433460076045628,0.08238276299112801,0.14195183776932827,0.25,1.3282526078035126,0.30812854442344045,0.7129963898916968,,,3.475229476995362,-0.16750704842228092,,,,,,,,,832.1799774169922,4.5301033818278205,845.4999847412109,4.602612949304687,,,,,,,,,,,,,,,,,,,"Francisco Liriano","3201",434538
"Gio González","OAK",11,11,,4.311377317132713,34,32,,,,183.6999969482422,807,174,94,88,20,93,3,5,172,8.42678293803212,4.556341937424345,1.8494623655913978,0.9798584811665257,0.21313506815365552,0.11524163568773234,0.09789343246592318,0.2454160789844852,1.4534567470636799,0.2944550669216061,0.7238493723849372,,,4.221010654327662,-0.16750704842228092,,,,,,,,,710.9799774169921,3.870332004509026,708.4999847412109,3.8568317719723866,,,,,,,,,,,,,,,,,,,"Gio Gonzalez","7448",461829
"Kyle Davies","KCR",10,12,,4.801306557715976,33,33,,,,183.6999969482422,812,196,105,98,20,79,2,4,128,6.271094279465765,3.8704410006077765,1.620253164556962,0.9798584811665257,0.15763546798029557,0.09729064039408868,0.06034482758620689,0.26886145404663925,1.4970060128933032,0.29982964224872233,0.6882591093117408,,,4.455087958161888,-0.16750704842228092,,,,,,,,,610.7799774169922,3.324877449992994,665.4999847412109,3.622754468138161,,,,,,,,,,,,,,,,,,,"Kyle Davies","3642",434678
"Derek Lowe","ATL",13,13,,4.395008066128594,32,32,,,,184.3000030517578,794,197,96,90,17,62,8,4,118,5.762343908924156,3.027672223333031,1.903225806451613,0.8301681902687343,0.1486146095717884,0.07808564231738035,0.07052896725440805,0.2706043956043956,1.405317393984328,0.3005008347245409,0.6930272108843538,,,4.070788693092065,-0.1680541646612843,,,,,,,,,680.5200225830079,3.6924580103880644,738.5000152587891,4.007053733207984,,,,,,,,,,,,,,,,,,,"Derek Lowe","199",117955
"Scott Baker","MIN",13,9,,4.016129032258065,31,31,,,,186,783,186,89,83,23,45,1,5,161,7.790322580645161,2.1774193548387095,3.577777777777778,1.1129032258064515,0.20561941251596424,0.05747126436781609,0.14814814814814814,0.25375170532060026,1.2419354838709677,0.29422382671480146,0.7142857142857142,,,3.76063812522478,-0.169604308786802,,,,,,,,,781.9,4.203763440860215,803,4.317204301075269,,,,,,,,,,,,,,,,,,,"Scott Baker","6176",435044
"Roy Oswalt","PHI",14,7,,3.381642456683018,30,29,,,,186.3000030517578,765,167,75,70,18,46,2,7,156,7.536231760607868,2.222222185820269,3.391304347826087,0.8695652031470618,0.20392156862745098,0.06013071895424837,0.1437908496732026,0.2345505617977528,1.1433172115452108,0.27440147329650094,0.7348242811501597,,,3.5126250278735798,-0.1698778669063037,,,,,,,,,876.0200225830076,4.7022007956684355,850.5000152587891,4.565217398426469,,,,,,,,,,,,,,,,,,,"Roy Oswalt","571",400061
"Jason Hammel","COL",11,8,,4.13903743315508,33,31,,,,187,797,198,92,86,19,47,3,7,142,6.834224598930481,2.2620320855614975,3.021276595744681,0.9144385026737968,0.178168130489335,0.05897114178168131,0.11919698870765369,0.26648721399730824,1.3101604278074865,0.304421768707483,0.7005494505494505,,,3.7462916241610116,-0.17051615990931168,,,,,,,,,757.2999999999998,4.049732620320855,810,4.331550802139038,,,,,,,,,,,,,,,,,,,"Jason Hammel","4538",434628
"Ryan Dempster","CHC",13,8,,3.7540106951871657,30,30,,,,187,797,174,83,78,19,71,3,7,169,8.133689839572192,3.4171122994652405,2.380281690140845,0.9144385026737968,0.2120451693851945,0.0890840652446675,0.122961104140527,0.24200278164116829,1.3101604278074865,0.2886405959031657,0.7417582417582418,,,3.84254830865299,-0.17051615990931168,,,,,,,,,801.6999999999998,4.287165775401069,792,4.235294117647059,,,,,,,,,,,,,,,,,,,"Ryan Dempster","517",133225
"Livan Hernandez","WSN",10,11,,4.331550802139038,30,30,,,,187,810,206,96,90,17,59,5,3,99,4.764705882352941,2.839572192513369,1.6779661016949152,0.8181818181818182,0.12222222222222222,0.0728395061728395,0.04938271604938271,0.27540106951871657,1.4171122994652405,0.2962382445141066,0.7006633499170813,,,4.195489485123579,-0.17051615990931168,,,,,,,,,651.0999999999998,3.4818181818181806,726,3.8823529411764706,,,,,,,,,,,,,,,,,,,"Livan Hernandez","1116",115817
"Roberto Hernandez","CLE",12,12,,4.5648691194293916,32,32,,,,187.3000030517578,817,196,102,95,19,75,0,10,114,5.477842943315269,3.603844041654783,1.52,0.9129738238858782,0.13953488372093023,0.09179926560587515,0.047735618115055084,0.2677595628415301,1.446876644871772,0.29256198347107437,0.6914893617021276,,,4.5407361558013974,-0.17078971802881338,,,,,,,,,615.7200225830078,3.2873465699456603,662.5000152587891,3.537106270498651,,,,,,,,,,,,,,,,,,,"Roberto Hernandez","3273",433584
"Ricky Nolasco",,14,10,,3.7758894767758884,31,30,,,,188.3000030517578,782,180,85,79,23,41,4,3,181,8.65108854805615,1.9596388423773599,4.414634146341464,1.0993095945043725,0.23145780051150894,0.052429667519181586,0.17902813299232734,0.24390243902439024,1.1736590356785814,0.2912801484230056,0.7203389830508474,,,3.4442789578015067,-0.17170156915132306,,,,,,,,,872.5200225830079,4.633669720882475,872.5000152587891,4.633563468498543,,,,,,,,,,,,,,,,,,,"Ricky Nolasco","3830",445060
"Gavin Floyd","CHW",14,9,,3.946117210551537,30,30,,,,189.3000030517578,796,186,89,83,20,57,4,5,157,7.464342193452907,2.7099841084510556,2.754385964912281,0.9508716170003704,0.1972361809045226,0.07160804020100503,0.12562814070351758,0.25340599455040874,1.2836766829505,0.29484902309058614,0.7162790697674418,,,3.7751482787669874,-0.17261342027383275,,,,,,,,,799.2200225830078,4.221975751180985,814.5000152587891,4.302694147533062,,,,,,,,,,,,,,,,,,,"Gavin Floyd","3886",425856
"John Lannan","WSN",10,12,,4.5545599045830985,32,32,,,,189.6999969482422,827,209,103,96,20,66,4,6,101,4.791776566280134,3.1312599344008802,1.5303030303030303,0.9488666467881455,0.12212817412333736,0.07980652962515115,0.042321644498186206,0.2768211920529801,1.4496573770374446,0.2953125,0.6963562753036437,,,4.522228321966448,-0.17297815515733905,,,,,,,,,600.3799774169923,3.1648918665022445,674.4999847412109,3.5556141043336007,,,,,,,,,,,,,,,,,,,"John Lannan","7080",458709
"Paul Maholm","PIT",9,10,,4.398318374027312,31,31,,,,190.3000030517578,820,205,100,93,17,61,3,8,117,5.533368277002102,2.8849185033942586,1.9180327868852458,0.8039936812738098,0.14268292682926828,0.07439024390243902,0.06829268292682926,0.2729693741677763,1.3977929360708066,0.3017656500802568,0.6853839801816681,,,4.097285394712593,-0.17352527139634244,,,,,,,,,693.120022583008,3.6422491406607764,757.5000152587891,3.9805570315874568,,,,,,,,,,,,,,,,,,,"Paul Maholm","8678",430904
"Mark Buehrle","CHW",13,10,,4.303730882112746,30,30,,,,190.3000030517578,812,214,97,91,21,45,2,3,103,4.8712558336001415,2.128218568077732,2.2888888888888888,0.9931686651029416,0.1268472906403941,0.05541871921182266,0.07142857142857144,0.2801047120418848,1.3610089114373642,0.29876160990712075,0.705574912891986,,,4.186618025965238,-0.17352527139634244,,,,,,,,,655.520022583008,3.444666379772572,740.5000152587891,3.8912244003348113,,,,,,,,,,,,,,,,,,,"Mark Buehrle","225",279824
"Johnny Cueto","CIN",12,10,,4.011536508873822,32,32,,,,190.6999969482422,816,183,91,85,23,62,3,12,156,7.362349357462544,2.926061924119729,2.5161290322580645,1.085474584754093,0.19117647058823528,0.07598039215686274,0.11519607843137254,0.24663072776280323,1.2847404505543614,0.281195079086116,0.7236842105263157,,,4.173804688201525,-0.17389000627984874,,,,,,,,,742.4799774169921,3.893445145772647,744.4999847412109,3.9040377380985243,,,,,,,,,,,,,,,,,,,"Johnny Cueto","6893",456501
"Colby Lewis","TEX",16,9,,3.708920246837383,31,31,,,,191.6999969482422,799,177,85,79,23,53,3,6,191,8.967136292986584,2.48826295040989,3.6037735849056602,1.0798122237627825,0.2390488110137672,0.06633291614518148,0.17271589486858574,0.2391891891891892,1.199791359736425,0.2894736842105263,0.7330637007077856,,,3.5681919385401533,-0.17480185740235843,,,,,,,,,880.4799774169921,4.593009866634042,864.4999847412109,4.509650487759896,,,,,,,,,,,,,,,,,,,"Colby Lewis","1259",407890
"Mike Pelfrey","NYM",12,11,,4.118564677229007,32,31,,,,192.3000030517578,831,203,94,88,15,65,5,8,115,5.382215203196998,3.0421216365896075,1.7692307692307692,0.7020280699822171,0.13838748495788206,0.07821901323706378,0.06016847172081828,0.2678100263852243,1.3936557241128458,0.29652996845425866,0.7044534412955465,,,4.034680684646182,-0.17534897364136182,,,,,,,,,721.7200225830078,3.753094181640527,777.5000152587891,4.043161741653867,,,,,,,,,,,,,,,,,,,"Mike Pelfrey","5203",460059
"Clayton Kershaw","LAD",14,6,,3.020134275770358,33,33,,,,193.6999969482422,813,154,70,65,12,86,7,5,203,9.432111661252042,3.995869964865397,2.36046511627907,0.5575632509114508,0.24969249692496925,0.1057810578105781,0.14391143911439114,0.21329639889196675,1.2390294464698905,0.27680311890838205,0.7616487455197133,,,3.1965827482534137,-0.1766255596473778,,,,,,,,,1018.379977416992,5.257511582145813,945.4999847412109,4.881259678046636,,,,,,,,,,,,,,,,,,,"Clayton Kershaw","2036",477132
"Jon Garland","LAD",12,12,,3.995869964865397,31,31,,,,193.6999969482422,820,192,92,86,21,65,7,6,110,5.110996466688299,3.020134275770358,1.6923076923076923,0.9757356890950388,0.13414634146341464,0.07926829268292683,0.05487804878048781,0.25634178905206945,1.3267940322615077,0.27403846153846156,0.7249560632688928,,,4.451100062804178,-0.1766255596473778,,,,,,,,,682.8799774169922,3.5254516684347803,702.4999847412109,3.6267423634958713,,,,,,,,,,,,,,,,,,,"Jon Garland","232",279782
"Joe Saunders","ARI",12,12,,4.553433215776848,31,31,,,,193.6999969482422,829,205,105,98,26,62,2,5,110,5.110996466688299,2.8807434630424953,1.7741935483870968,1.2080537103081432,0.13268998793727382,0.07478890229191798,0.05790108564535584,0.2690288713910761,1.3784202591977532,0.28322784810126583,0.7025151777970512,,,4.724719065566278,-0.1766255596473778,,,,,,,,,599.5799774169923,3.0954051980558557,649.4999847412109,3.3531233607337705,,,,,,,,,,,,,,,,,,,"Joe Saunders","4366",434578
"Trevor Cahill","OAK",14,12,,4.067796673928764,32,32,,,,194.6999969482422,821,188,94,88,23,67,1,5,119,5.5007705022445785,3.0970724676503085,1.7761194029850746,1.0631741306859268,0.14494518879415347,0.08160779537149818,0.06333739342265529,0.25100133511348466,1.3097072624391852,0.26916802610114193,0.72262118491921,,,4.500544040792811,-0.1775374107698875,,,,,,,,,691.0799774169923,3.549460648428796,696.4999847412109,3.577298385507238,,,,,,,,,,,,,,,,,,,"Trevor Cahill","6249",502239
"Jeremy Guthrie","BAL",12,12,,4.530046295966123,31,31,,,,194.6999969482422,835,202,105,98,28,53,1,11,117,5.408320577837106,2.4499229967980054,2.207547169811321,1.2942989417046067,0.14011976047904193,0.06347305389221557,0.07664670658682636,0.2619974059662776,1.3097072624391852,0.27531645569620256,0.6950880444856348,,,4.731668851811491,-0.1775374107698875,,,,,,,,,613.1799774169922,3.149357920020903,651.4999847412109,3.3461735744885583,,,,,,,,,,,,,,,,,,,"Jeremy Guthrie","2072",425386
"Ervin Santana","LAA",12,10,,4.230965829902315,30,30,,,,195.6999969482422,837,196,98,92,26,56,3,10,164,7.542156479391083,2.575370505157931,2.9285714285714284,1.1957077345376108,0.1959378733572282,0.06690561529271206,0.12903225806451613,0.25421530479896237,1.2876852525789655,0.28960817717206133,0.7142857142857143,,,4.1406937458890365,-0.17844926189239718,,,,,,,,,748.7799774169922,3.8261624378820303,770.4999847412109,3.9371486804110125,,,,,,,,,,,,,,,,,,,"Ervin Santana","3200",429722
"Randy Wolf","MIL",12,10,,4.090909090909091,32,32,,,,198,848,189,96,90,24,72,4,8,150,6.818181818181818,3.272727272727273,2.0833333333333335,1.0909090909090908,0.17688679245283018,0.08490566037735849,0.09198113207547169,0.24609375,1.3181818181818181,0.275,0.7255936675461742,,,4.3505696990273215,-0.18054652225691825,,,,,,,,,738.5999999999999,3.73030303030303,738,3.727272727272727,,,,,,,,,,,,,,,,,,,"Randy Wolf","976",150116
"John Danks","CHW",15,9,,3.8192710351697943,32,32,,,,200.3000030517578,838,189,91,85,21,65,1,4,161,7.234148666615728,2.9206190268945487,2.476923076923077,0.943584608689008,0.19212410501193317,0.07756563245823389,0.11455847255369928,0.24577373211963588,1.2680978338995135,0.28330522765598654,0.7257346393588602,,,3.8666591891194315,-0.18264378262143932,,,,,,,,,847.5200225830079,4.231253168598342,843.5000152587891,4.2111832371806175,,,,,,,,,,,,,,,,,,,"John Danks","6329",433579
"Bronson Arroyo","CIN",14,12,,4.208955223880597,32,32,,,,201,847,195,101,94,27,60,4,7,127,5.686567164179104,2.6865671641791047,2.1166666666666667,1.208955223880597,0.14994096812278632,0.07083825265643448,0.07910271546635184,0.25,1.2686567164179106,0.26582278481012656,0.70902394106814,,,4.560429490976666,-0.18328207562444732,,,,,,,,,701.3000000000002,3.48905472636816,707,3.517412935323383,,,,,,,,,,,,,,,,,,,"Bronson Arroyo","978",276520
"Jered Weaver","LAA",15,8,,3.5320416752164143,32,32,,,,201.3000030517578,836,182,85,79,22,54,2,3,195,8.718330717306339,2.414306967869448,3.611111111111111,0.9836065424653306,0.2332535885167464,0.0645933014354067,0.1686602870813397,0.2336328626444159,1.1723795152617071,0.28169014084507044,0.7358674463937622,,,3.4106789835989235,-0.183555633743949,,,,,,,,,964.820022583008,4.792945891485832,939.5000152587891,4.667163442701126,,,,,,,,,,,,,,,,,,,"Jered Weaver","4235",450308
"David Price","TBR",16,9,,3.4804165127485787,33,33,,,,201.6999969482422,854,176,83,78,19,79,1,6,180,8.03173041403518,3.5250372372709964,2.278481012658228,0.8477937659259358,0.2107728337236534,0.09250585480093677,0.11826697892271663,0.22886866059817945,1.2642538614685008,0.2725694444444444,0.7530647985989491,,,3.7818583020981946,-0.1839203686274553,,,,,,,,,906.2799774169922,4.493207690278502,866.4999847412109,4.295984124201855,,,,,,,,,,,,,,,,,,,"David Price","3184",456034
"Jon Lester","BOS",18,7,,3.2476519529854313,31,31,,,,202.3000030517578,842,177,78,73,16,69,0,8,214,9.52051394436825,3.069698421314997,3.101449275362319,0.7118141266817384,0.25415676959619954,0.08194774346793349,0.17220902612826605,0.23137254901960785,1.2160157997479697,0.2975970425138632,0.7513416815742398,,,3.132217116532682,-0.1844674848664587,,,,,,,,,1037.0200225830079,5.126149317544447,1000.5000152587891,4.945625309767367,,,,,,,,,,,,,,,,,,,"Jon Lester","4930",452657
"Cole Hamels","PHI",14,8,,3.4700938675734747,32,32,,,,202.3000030517578,833,183,83,78,24,53,5,5,198,8.808699817686513,2.3578842946332585,3.7358490566037736,1.0677211900226076,0.23769507803121248,0.06362545018007203,0.17406962785114044,0.2361290322580645,1.1665842631728491,0.2844364937388193,0.7559288537549407,,,3.5227262554761354,-0.1844674848664587,,,,,,,,,948.0200225830079,4.686208642025872,921.5000152587891,4.555116170823913,,,,,,,,,,,,,,,,,,,"Cole Hamels","4972",430935
"Tommy Hanson","ATL",15,7,,3.103448275862069,34,34,,,,203,844,175,75,70,16,62,3,12,192,8.51231527093596,2.748768472906404,3.096774193548387,0.7093596059113301,0.22748815165876776,0.07345971563981042,0.15402843601895733,0.22727272727272727,1.167487684729064,0.27992957746478875,0.7548928238583411,,,3.304443411521724,-0.1851057778694667,,,,,,,,,1012.4000000000001,4.987192118226601,969,4.773399014778325,,,,,,,,,,,,,,,,,,,"Tommy Hanson","9129",462102
"Cliff Lee","PHI",16,6,,3.029268292682927,28,28,,,,205,824,192,74,69,16,29,1,3,174,7.639024390243902,1.273170731707317,6,0.7024390243902439,0.2111650485436893,0.03519417475728155,0.17597087378640774,0.24242424242424243,1.078048780487805,0.2894736842105263,0.7401812688821753,,,2.8632082799585854,-0.18692948011448607,,,,,,,,,1073,5.234146341463415,1069,5.214634146341464,,,,,,,,,,,,,,,,,,,"Cliff Lee","1636",424324
"Edwin Jackson","CHW",12,11,,4.550316061674587,33,33,,,,205.6999969482422,892,209,111,104,28,80,3,5,164,7.175498404948388,3.500243124365067,2.05,1.2250850935277735,0.18385650224215247,0.08968609865470852,0.09417040358744395,0.2589838909541512,1.4049586985298672,0.2914653784219002,0.7125700560448358,,,4.492524022397597,-0.18756777311749406,,,,,,,,,707.3799774169921,3.4388915309268655,737.4999847412109,3.585318403902452,,,,,,,,,,,,,,,,,,,"Edwin Jackson","1841",429719
"Chad Billingsley","LAD",16,9,,3.299565798024719,33,33,,,,207.3000030517578,876,182,81,76,13,78,7,9,195,8.465991192300267,3.3863964769201065,2.5,0.5643994128200177,0.2226027397260274,0.08904109589041095,0.13356164383561644,0.23067173637515842,1.2542209173778172,0.2879045996592845,0.7402812241521919,,,3.270799490512021,-0.18902674047900714,,,,,,,,,1029.9200225830077,4.968258598268624,996.5000152587891,4.807042935788028,,,,,,,,,,,,,,,,,,,"Chad Billingsley","5842",451532
"Matt Garza","CHC",13,10,,3.980769230769231,34,33,,,,208,878,196,98,92,27,67,1,8,164,7.096153846153846,2.8990384615384617,2.4477611940298507,1.1682692307692308,0.1867881548974943,0.07630979498861047,0.11047835990888384,0.24408468244084683,1.2644230769230769,0.27346278317152106,0.7326820603907638,,,4.2701501186077415,-0.18966503348201513,,,,,,,,,800.4999999999999,3.8485576923076916,792,3.8076923076923075,,,,,,,,,,,,,,,,,,,"Matt Garza","3340",490063
"Ricky Romero","TOR",14,10,,4.146685531991913,34,34,,,,212.6999969482422,916,210,105,98,20,87,2,9,180,7.616361181209637,3.6812412375846577,2.0689655172413794,0.8462623534677374,0.1965065502183406,0.09497816593886463,0.10152838427947597,0.25609756097560976,1.3963328832217667,0.3035143769968051,0.7137546468401487,,,3.9617164399219083,-0.19395073097506188,,,,,,,,,853.9799774169924,4.014950586129051,875.4999847412109,4.116125986378141,,,,,,,,,,,,,,,,,,,"Ricky Romero","3403",460069
"Tim Lincecum","SFG",17,6,,2.784810086739025,32,32,,,,213.3000030517578,876,172,71,66,14,71,4,5,246,10.379746686936366,2.995780547855618,3.464788732394366,0.5907172911264599,0.2808219178082192,0.08105022831050228,0.1997716894977169,0.215,1.1392404900296011,0.2893772893772894,0.7699194270367055,,,2.693407363820924,-0.19449784721406527,,,,,,,,,1223.020022583008,5.733802180425844,1148.500015258789,5.384435062479125,,,,,,,,,,,,,,,,,,,"Tim Lincecum","5705",453311
"Adam Wainwright","STL",19,7,,2.850489095011655,32,32,,,,214.6999969482422,871,188,73,68,15,55,2,4,194,8.132277712239134,2.305542650377074,3.5272727272727273,0.6287843591937474,0.2227324913892078,0.06314580941446613,0.15958668197474168,0.2315270935960591,1.1318118465487454,0.28407224958949095,0.7657657657657657,,,3.00331983558079,-0.19577443322008126,,,,,,,,,1126.4799774169924,5.246762894405412,1089.499984741211,5.074522590719259,,,,,,,,,,,,,,,,,,,"Adam Wainwright","2233",425794
"Justin Verlander","DET",18,9,,3.3488372093023258,32,32,,,,215,901,190,86,80,16,67,3,8,220,9.209302325581396,2.8046511627906976,3.283582089552239,0.6697674418604651,0.244173140954495,0.07436182019977802,0.16981132075471697,0.23002421307506055,1.1953488372093024,0.29194630872483224,0.7289002557544757,,,3.0452842867651655,-0.19604799133958295,,,,,,,,,1115.2,5.186976744186047,1082,5.032558139534884,,,,,,,,,,,,,,,,,,,"Justin Verlander","8700",434378
"James Shields","TBR",13,12,,4.381084902039917,34,34,,,,215.6999969482422,916,232,112,105,30,48,1,6,186,7.760778969327853,2.002781669503962,3.875,1.2517385434399764,0.20305676855895197,0.05240174672489083,0.15065502183406115,0.2691415313225058,1.2980992302340495,0.3098159509202454,0.7058823529411765,,,3.9123347885933666,-0.19668628434259094,,,,,,,,,833.9799774169921,3.866388452555741,898.4999847412109,4.165507637706683,,,,,,,,,,,,,,,,,,,"James Shields","7059",448306
"Matt Cain","SFG",15,8,,3.2465753424657535,33,33,,,,219,909,189,85,79,20,70,6,4,186,7.6438356164383565,2.8767123287671232,2.657142857142857,0.821917808219178,0.20462046204620463,0.07700770077007701,0.1276127612761276,0.22634730538922157,1.182648401826484,0.26614173228346455,0.7532467532467533,,,3.58012553132288,-0.1996953958296217,,,,,,,,,1033.2,4.717808219178083,985,4.497716894977169,,,,,,,,,,,,,,,,,,,"Matt Cain","4732",430912
"Ubaldo Jiménez","COL",18,7,,3.0584504274293156,34,34,,,,220.6999969482422,925,179,80,75,13,93,6,10,214,8.726778552931648,3.7924785300123514,2.3010752688172045,0.5301314074210814,0.23135135135135135,0.10054054054054054,0.1308108108108108,0.21776155717761558,1.2324422463122575,0.2762063227953411,0.7565011820330969,,,3.3043943098133317,-0.20124553995513939,,,,,,,,,1126.879977416992,5.105935627544499,1053.499984741211,4.773448116486717,,,,,,,,,,,,,,,,,,,"Ubaldo Jimenez","3374",434622
"Roy Halladay","PHI",20,7,,3.0309834272556233,30,30,,,,222.6999969482422,895,208,80,75,21,33,1,6,192,7.759317573774396,1.3336327079924744,5.818181818181818,0.8486753596315746,0.21452513966480447,0.03687150837988827,0.17765363128491618,0.24299065420560748,1.0821733421757116,0.288135593220339,0.7608695652173914,,,3.104784501208988,-0.20306924220015876,,,,,,,,,1115.8799774169925,5.010686990158939,1107.499984741211,4.973057925091061,,,,,,,,,,,,,,,,,,,"Roy Halladay","1303",136880
"Zack Greinke","MIL",16,8,,3.2286995515695067,33,33,,,,223,910,199,86,80,19,55,1,5,228,9.201793721973095,2.219730941704036,4.1454545454545455,0.7668161434977578,0.25054945054945055,0.06043956043956044,0.1901098901098901,0.23411764705882354,1.1390134529147982,0.2955665024630542,0.7387862796833773,,,2.9477975832507215,-0.20334280031966045,,,,,,,,,1175.1,5.269506726457399,1144,5.130044843049327,,,,,,,,,,,,,,,,,,,"Zack Greinke","1943",425844
"Dan Haren","LAA",15,9,,3.571110071787057,33,33,,,,224.3000030517578,928,216,95,89,25,45,4,5,213,8.546589272928575,1.8056174520271637,4.733333333333333,1.0031208066817576,0.22952586206896552,0.04849137931034483,0.1810344827586207,0.2460136674259681,1.163620135750839,0.29566563467492263,0.7345132743362832,,,3.296299846421854,-0.20452820956167184,,,,,,,,,1066.720022583008,4.755773553586887,1072.500015258789,4.781542579878195,,,,,,,,,,,,,,,,,,,"Dan Haren","1757",429717
"CC Sabathia","NYY",19,8,,3.3217541895910148,33,33,,,,230.3000030517578,945,206,91,85,20,64,5,7,210,8.206686821342506,2.501085507456764,3.28125,0.7815892210802388,0.2222222222222222,0.06772486772486773,0.15449735449735447,0.23569794050343248,1.172383831620358,0.2857142857142857,0.7396694214876033,,,3.307977030284786,-0.20999931629672997,,,,,,,,,1129.620022583008,4.904993519818305,1098.500015258789,4.769865396015263,,,,,,,,,,,,,,,,,,,"CC Sabathia","404",282332
"Félix Hernández","SEA",17,7,,2.7457627118644066,33,33,,,,236,961,196,77,72,17,71,2,8,231,8.809322033898304,2.707627118644068,3.2535211267605635,0.6483050847457628,0.24037460978147762,0.07388137356919876,0.16649323621227885,0.2222222222222222,1.13135593220339,0.2792511700468019,0.78125,,,3.060893273757676,-0.2151968649122864,,,,,,,,,1252.7000000000003,5.308050847457628,1184,5.016949152542373,,,,,,,,,,,,,,,,,,,"Felix Hernandez","4772",433587