Name,Team,W,L,QS,ERA,G,GS,SV,HLD,BS,IP,TBF,H,R,ER,HR,BB,IBB,HBP,SO,K/9,BB/9,K/BB,HR/9,K%,BB%,K-BB%,AVG,WHIP,BABIP,LOB%,GB%,HR/FB,FIP,WAR,RA9-WAR,ADP,InterSD,InterSK,IntraSD,Vol,Skew,Dim,FPTS,FPTS/IP,SPTS,SPTS/IP,P10,P20,P30,P40,P50,P60,P70,P80,P90,TT10,TT20,TT30,TT40,TT50,TT60,TT70,TT80,TT90,NameASCII,PlayerId,MLBAMID
"Chad Fox",,0,0,,5.142857142857143,8,0,,,,7,,7,4,4,1,3,,,5,6.428571428571429,3.857142857142857,1.6666666666666667,1.2857142857142858,,,,,1.4285714285714286,,0.6976744186046512,,,,-0.005059297487605363,,,,,,,,,22.3,3.185714285714286,23,3.2857142857142856,,,,,,,,,,,,,,,,,,,"Chad Fox","684",114354
"Scott Williamson",,1,1,,4.5,13,0,,,,14,,14,8,7,2,6,,,12,7.714285714285714,3.857142857142857,2,1.2857142857142858,,,,,1.4285714285714286,,0.6976744186046512,,,,-0.010118594975210726,,,,,,,,,48.6,3.4714285714285715,50,3.5714285714285716,,,,,,,,,,,,,,,,,,,"Scott Williamson","361",150182
"Tyler Johnson",,0,1,,5.17020164568121,22,0,,,,15.66670036315918,,16,10,9,2,7,,,10,5.744668495201345,4.021267946640941,1.4285714285714286,1.1489336990402688,,,,,1.468081948773677,,0.6435643564356436,,,,-0.011323213969485324,,,,,,,,,48.73358268737794,3.1106475235829967,51.3335018157959,3.276599451439597,,,,,,,,,,,,,,,,,,,"Tyler Johnson","3404",431164
"Armando Benitez",,2,2,,5.2105263157894735,20,0,,,,19,,19,12,11,4,8,,,18,8.526315789473685,3.789473684210526,2.25,1.894736842105263,,,,,1.4210526315789473,,0.7009345794392524,,,,-0.013732378894928843,,,,,,,,,53.99999999999999,2.8421052631578942,55,2.8947368421052633,,,,,,,,,,,,,,,,,,,"Armando Benitez","865",110859
"Tom Gordon",,1,2,,5.4,21,0,,,,20,,22,13,12,2,14,,,13,5.85,6.3,0.9285714285714286,0.9,,,,,1.8,,0.6927710843373494,,,,-0.014455135678872466,,,,,,,,,50.2,2.5100000000000002,58,2.9,,,,,,,,,,,,,,,,,,,"Tom Gordon","282",114971
"Casey Weathers",,1,1,,5.062507996348256,23,0,,,,21.33329963684082,,20,13,12,3,16,,,19,8.015637660884739,6.750010661797675,1.1875,1.265626999087064,,,,,1.6875026654494187,,0.7232704402515723,,,,-0.015418787036428738,,,,,,,,,58.96641731262207,2.7640551774181246,57.6664981842041,2.70312137202718,,,,,,,,,,,,,,,,,,,"Casey Weathers","sa327842",502255
"Henry Barrera",,0,1,,5.086956521739131,20,0,,,,23,,24,14,13,2,16,,,20,7.826086956521739,6.260869565217392,1.25,0.782608695652174,,,,,1.7391304347826086,,0.6989247311827956,,,,-0.016623406030703336,,,,,,,,,75.20000000000002,3.269565217391305,81,3.5217391304347827,,,,,,,,,,,,,,,,,,,"Henry Barrera","sa272552",451572
"Humberto Sanchez",,2,2,,5.323936081775818,19,3,,,,23.66670036315918,,25,15,14,3,13,,,15,5.70421723047409,4.9436549330775446,1.1538461538461537,1.140843446094818,,,,,1.6056315167260402,,0.6804733727810651,,,,-0.01710526824103431,,,,,,,,,64.23358268737792,2.7140911788179505,70.3335018157959,2.9718338736092123,,,,,,,,,,,,,,,,,,,"Humberto Sanchez","4303",458008
"Chad Cordero",,1,1,,4.378372397197593,25,0,,,,24.66670036315918,,24,13,12,3,10,,,19,6.932422962229523,3.6486436643313276,1.9,1.0945930992993982,,,,,1.3783764954140572,,0.7046979865771812,,,,-0.017828025024977934,,,,,,,,,91.23358268737792,3.698653704961664,92.3335018157959,3.7432449600636537,,,,,,,,,,,,,,,,,,,"Chad Cordero","1816",430101
"Pat Neshek",,2,1,,4.207786683597956,30,0,,,,25.66670036315918,,22,13,12,3,10,,,28,9.81816892839523,3.506488902998296,2.8,1.051946670899489,,,,,1.2467516099549498,,0.6834532374100719,,,,-0.018550781808921557,,,,,,,,,121.83358268737793,4.7467567300646225,115.3335018157959,4.4935071584558015,,,,,,,,,,,,,,,,,,,"Pat Neshek","4682",450212
"Derrick Turnbow",,1,3,,5.810134017005218,29,0,,,,26.33329963684082,,24,18,17,2,29,,,25,8.544314730890026,9.911405087832431,0.8620689655172413,0.6835451784712021,,,,,2.0126608032763174,,0.697211155378486,,,,-0.019032570956146855,,,,,,,,,70.86641731262208,2.6911332149761633,68.6664981842041,2.6075918753507925,,,,,,,,,,,,,,,,,,,"Derrick Turnbow","1694",276913
"Troy Percival",,1,1,,4.609761780468414,30,0,,,,27.33329963684082,,25,15,14,4,13,,,22,7.243911369307508,4.280493081863527,1.6923076923076923,1.317074794419547,,,,,1.390245616331744,,0.7098765432098766,,,,-0.019755327740090478,,,,,,,,,93.0664173126221,3.404873123594042,89.6664981842041,3.2804856850633692,,,,,,,,,,,,,,,,,,,"Troy Percival","29",120401
"Blaine Neal",,1,2,,5.896551724137931,28,0,,,,29,,33,20,19,5,15,,,17,5.275862068965517,4.655172413793103,1.1333333333333333,1.5517241379310345,,,,,1.6551724137931034,,0.6829268292682927,,,,-0.020959946734365076,,,,,,,,,56.300000000000026,1.9413793103448285,69,2.3793103448275863,,,,,,,,,,,,,,,,,,,"Blaine Neal","1468",346862
"Jackson Quezada",,2,2,,3.6818224112898177,29,0,,,,29.33329963684082,,27,13,12,2,12,,,24,7.363644822579635,3.6818224112898177,2,0.6136370685483029,,,,,1.3295469818546564,,0.718232044198895,,,,-0.021200841307977725,,,,,,,,,134.26641731262208,4.577269484677807,132.6664981842041,4.522726724462431,,,,,,,,,,,,,,,,,,,"Jackson Quezada","sa328301",503355
"Carmen Pignatiello",,1,1,,5.157297512938078,30,0,,,,29.66670036315918,,33,18,17,4,12,,,18,5.460667954875611,3.6404453032504076,1.5,1.213481767750136,,,,,1.51685220968767,,0.6852791878172589,,,,-0.02144180894469605,,,,,,,,,84.53358268737794,2.849443370936991,96.3335018157959,3.2471930021386926,,,,,,,,,,,,,,,,,,,"Carmen Pignatiello","3088",450320
"Justin Hampson",,2,2,,4.853927071000544,27,0,,,,29.66670036315918,,33,17,16,4,11,,,20,6.06740883875068,3.337074861312874,1.8181818181818181,1.213481767750136,,,,,1.4831443828057216,,0.703125,,,,-0.02144180894469605,,,,,,,,,91.53358268737794,3.0853981591106283,103.3335018157959,3.48314779031233,,,,,,,,,,,,,,,,,,,"Justin Hampson","2209",430618
"Jon Coutlangus",,1,2,,5.157297512938078,30,0,,,,29.66670036315918,,32,18,17,4,18,,,21,6.370779280688214,5.460667954875611,1.1666666666666667,1.213481767750136,,,,,1.6853913440974109,,0.7207207207207208,,,,-0.02144180894469605,,,,,,,,,75.13358268737794,2.5325897982466774,84.3335018157959,2.842699079555314,,,,,,,,,,,,,,,,,,,"Jon Coutlangus","6182",459403
"Ambiorix Burgos",,1,2,,4.935483870967742,27,0,,,,31,,30,18,17,6,16,,,34,9.870967741935484,4.645161290322581,2.125,1.7419354838709677,,,,,1.4838709677419355,,0.7446808510638298,,,,-0.022405460302252322,,,,,,,,,97.59999999999997,3.1483870967741923,97,3.129032258064516,,,,,,,,,,,,,,,,,,,"Ambiorix Burgos","3246",434586
"Devon Lowery",,1,1,,5.457452677564254,20,0,,,,31.33329963684082,,34,20,19,4,19,,,19,5.457452677564254,5.457452677564254,1,1.1489374058030009,,,,,1.691491180765529,,0.6962025316455697,,,,-0.02264635487586497,,,,,,,,,75.26641731262205,2.402122284756946,85.6664981842041,2.7340401163329706,,,,,,,,,,,,,,,,,,,"Devon Lowery","3500",434587
"Mike Timlin",,1,1,,4.5473635822041185,29,0,,,,31.66670036315918,,32,17,16,4,10,,,23,6.536835149418421,2.8421022388775743,2.3,1.1368408955510296,,,,,1.326314378142868,,0.6868131868131868,,,,-0.022887322512583297,,,,,,,,,117.93358268737795,3.724214437718338,122.3335018157959,3.8631591044489704,,,,,,,,,,,,,,,,,,,"Mike Timlin","1187",123348
"Nick Regilio",,1,2,,5.34375,25,0,,,,32,,34,20,19,4,20,,,22,6.1875,5.625,1.1,1.125,,,,,1.6875,,0.7024793388429752,,,,-0.023128217086195946,,,,,,,,,83.20000000000002,2.6000000000000005,92,2.875,,,,,,,,,,,,,,,,,,,"Nick Regilio","2226",430651
"B.J. Ryan",,2,2,,4.5,34,0,,,,32,,30,17,16,4,17,,,28,7.875,4.78125,1.6470588235294117,1.125,,,,,1.46875,,0.7246376811594203,,,,-0.023128217086195946,,,,,,,,,114.60000000000002,3.5812500000000007,113,3.53125,,,,,,,,,,,,,,,,,,,"B.J. Ryan","168",124805
"Cesar Jimenez",,2,1,,4.175261836948431,26,1,,,,32.33330154418945,,31,16,15,3,13,,,24,6.68041893911749,3.6185602586886403,1.8461538461538463,0.8350523673896862,,,,,1.3608260801905998,,0.7035175879396985,,,,-0.02336911303835776,,,,,,,,,130.76643142700198,4.044326597711817,131.66650772094727,4.072164036233682,,,,,,,,,,,,,,,,,,,"Cesar Jimenez","3762",462945
"Shane Lindsay",,2,3,,4.959178847508676,34,0,,,,32.66669845581055,,30,19,18,3,28,,,30,8.265298079181127,7.7142782072357186,1.0714285714285714,0.8265298079181127,,,,,1.7755084762685385,,0.724907063197026,,,,-0.023610077917977756,,,,,,,,,102.83356857299802,3.1479633214879303,100.33349227905273,3.0714304481910704,,,,,,,,,,,,,,,,,,,"Shane Lindsay","3881",469834
"Rudy Seanez",,2,3,,4.959178847508676,33,0,,,,32.66669845581055,,35,19,18,4,15,,,23,6.336728527372197,4.1326490395905635,1.5333333333333334,1.102039743890817,,,,,1.5306107554039123,,0.6981981981981982,,,,-0.023610077917977756,,,,,,,,,102.53356857299804,3.1387796569555073,112.33349227905273,3.4387770294880093,,,,,,,,,,,,,,,,,,,"Rudy Seanez","1279",121955
"Brendan Donnelly",,2,1,,3.8181818181818183,37,0,,,,33,,32,15,14,3,12,,,27,7.363636363636363,3.272727272727273,2.25,0.8181818181818182,,,,,1.3333333333333333,,0.7286432160804021,,,,-0.02385097387013957,,,,,,,,,142.10000000000002,4.306060606060607,144,4.363636363636363,,,,,,,,,,,,,,,,,,,"Brendan Donnelly","1441",407791
"Drew Storen",,2,1,,3.7800036048923538,29,0,,,,33.33330154418945,,32,15,14,4,12,,,32,8.640008239753952,3.240003089907732,2.6666666666666665,1.080001029969244,,,,,1.3200012588512982,,0.7552083333333334,,,,-0.02409186982230138,,,,,,,,,142.26643142700198,4.267997013089193,142.66650772094727,4.279999313353837,,,,,,,,,,,,,,,,,,,"Drew Storen","6983",519322
"Matt Nevarez",,2,3,,5.029411764705882,38,0,,,,34,,33,20,19,4,25,,,34,9,6.617647058823529,1.36,1.0588235294117647,,,,,1.7058823529411764,,0.7251908396946565,,,,-0.024573730654083192,,,,,,,,,109.60000000000004,3.223529411764707,111,3.264705882352941,,,,,,,,,,,,,,,,,,,"Matt Nevarez","sa291749",457764
"Zach Braddock",,3,2,,4.235294117647059,32,0,,,,34,,28,17,16,4,22,,,40,10.588235294117647,5.823529411764706,1.8181818181818181,1.0588235294117647,,,,,1.4705882352941178,,0.7432432432432433,,,,-0.024573730654083192,,,,,,,,,143.60000000000002,4.223529411764707,132,3.8823529411764706,,,,,,,,,,,,,,,,,,,"Zach Braddock","4553",488722
"Mike Zagurski",,1,1,,4.456314805701918,33,1,,,,34.33330154418945,,32,18,17,4,18,,,34,8.912629611403837,4.718450970743207,1.8888888888888888,1.0485446601651573,,,,,1.4563120280071629,,0.7207207207207208,,,,-0.024814626606245005,,,,,,,,,135.66643142700195,3.9514531176790384,133.66650772094727,3.8932028587145564,,,,,,,,,,,,,,,,,,,"Mike Zagurski","9683",489448
"Alfredo Simon",,1,3,,8.12622111627997,8,7,,,,34.33330154418945,,48,34,31,10,15,,,16,4.194178640660629,3.93204247561934,1.0666666666666667,2.621361650412893,,,,,1.8349531552890253,,0.5918367346938775,,,,-0.024814626606245005,,,,,,,,,-6.733568572998081,-0.19612353808536268,28.666507720947266,0.8349475998995141,,,,,,,,,,,,,,,,,,,"Alfredo Simon","2155",430580
"Christian Garcia",,2,2,,5.242723300825786,8,7,,,,34.33330154418945,,36,22,20,4,23,,,26,6.815540291073522,6.029131795949654,1.1304347826086956,1.0485446601651573,,,,,1.7184481930484523,,0.6928838951310862,,,,-0.024814626606245005,,,,,,,,,94.26643142700193,2.7456267584891068,102.66650772094727,2.990289401350115,,,,,,,,,,,,,,,,,,,"Christian Garcia","4067",451600
"Jason Isringhausen",,1,2,,4.413457491345138,35,0,,,,34.66669845581055,,34,18,17,3,18,,,24,6.230763517193137,4.673072637894853,1.3333333333333333,0.7788454396491421,,,,,1.4999986245094588,,0.7112970711297072,,,,-0.025055591485865003,,,,,,,,,125.23356857299802,3.6125034731136156,128.33349227905273,3.70192426725143,,,,,,,,,,,,,,,,,,,"Jason Isringhausen","1158",116414
"Justin Dowdy",,1,3,,6.7499938102925645,26,1,,,,34.66669845581055,,42,28,26,5,28,,,20,5.1923029309942805,7.269224103391993,0.7142857142857143,1.2980757327485701,,,,,2.0192289176088867,,0.6666666666666666,,,,-0.025055591485865003,,,,,,,,,41.83356857299803,1.2067364484195995,64.33349227905273,1.855772114009019,,,,,,,,,,,,,,,,,,,"Justin Dowdy","sa200906",458986
"Vinnie Chulk",,2,2,,4.673072637894853,32,1,,,,34.66669845581055,,37,19,18,4,15,,,22,5.711533224093708,3.8942271982457104,1.4666666666666666,1.038460586198856,,,,,1.4999986245094588,,0.7112068965517242,,,,-0.025055591485865003,,,,,,,,,110.13356857299804,3.176926949457985,120.33349227905273,3.4711552480961285,,,,,,,,,,,,,,,,,,,"Vinnie Chulk","1838",425562
"Luis Pena",,2,3,,5.4,30,0,,,,35,,36,23,21,4,25,,,21,5.4,6.428571428571429,0.84,1.0285714285714285,,,,,1.7428571428571429,,0.6859205776173285,,,,-0.025296487438026816,,,,,,,,,83.2,2.3771428571428572,90,2.5714285714285716,,,,,,,,,,,,,,,,,,,"Luis Pena","sa200669",434524
"Scott Eyre",,2,2,,4.330192575088154,44,0,,,,35.33330154418945,,35,18,17,4,17,,,30,7.641516308979097,4.330192575088154,1.7647058823529411,1.0188688411972129,,,,,1.471699437284863,,0.7327586206896552,,,,-0.025537383390188628,,,,,,,,,130.26643142700198,3.6867891120812692,133.66650772094727,3.78301777301444,,,,,,,,,,,,,,,,,,,"Scott Eyre","1300",113961
"Eric Gagne",,3,2,,4.289715802811415,38,0,,,,35.66669845581055,,34,18,17,5,16,,,33,8.327095381928041,4.037379579116626,2.0625,1.2616811184739456,,,,,1.401867909415495,,0.7441860465116279,,,,-0.025778348269808626,,,,,,,,,132.03356857299806,3.7018724549619244,131.33349227905273,3.6822441651494344,,,,,,,,,,,,,,,,,,,"Eric Gagne","650",150378
"Adam Miller",,1,2,,5.046724473895782,9,7,,,,35.66669845581055,,40,22,20,4,16,,,25,6.308405592369728,4.037379579116626,1.5625,1.0093448947791566,,,,,1.5700920585453546,,0.6746031746031746,,,,-0.025778348269808626,,,,,,,,,112.73356857299808,3.1607514419275438,128.33349227905273,3.598132090584505,,,,,,,,,,,,,,,,,,,"Adam Miller","sa243995",449089
"Billy Wagner",,2,1,,3,37,0,,,,36,,29,13,12,3,11,,,44,11,2.75,4,0.75,,,,,1.1111111111111112,,0.7541899441340782,,,,-0.02601924422197044,,,,,,,,,209.1,5.808333333333334,196,5.444444444444445,,,,,,,,,,,,,,,,,,,"Billy Wagner","578",123790
"Craig Hansen",,2,2,,4.5,31,0,,,,36,,35,19,18,3,21,,,27,6.75,5.25,1.2857142857142858,0.75,,,,,1.5555555555555556,,0.7142857142857143,,,,-0.02601924422197044,,,,,,,,,129.50000000000003,3.597222222222223,132,3.6666666666666665,,,,,,,,,,,,,,,,,,,"Craig Hansen","4798",475022
"Luis Vizcaino",,2,3,,4.706426136144705,36,0,,,,36.33330154418945,,35,20,19,5,21,,,30,7.431199162333744,5.201839413633621,1.4285714285714286,1.2385331937222908,,,,,1.5412857521877394,,0.7346938775510204,,,,-0.02626014017413225,,,,,,,,,113.36643142700194,3.120179741692973,113.66650772094727,3.1284387294863163,,,,,,,,,,,,,,,,,,,"Luis Vizcaino","714",150430
"Cody Satterwhite",,3,4,,5.645449650981512,29,0,,,,36.66669845581055,,39,25,23,5,26,,,26,6.381812648935623,6.381812648935623,1,1.2272716632568506,,,,,1.7727257358154507,,0.6896551724137931,,,,-0.02650110505375225,,,,,,,,,82.43356857299804,2.248186284684021,92.33349227905273,2.5181839698583692,,,,,,,,,,,,,,,,,,,"Cody Satterwhite","sa454441",489292
"Kevin Cameron",,1,1,,4.172723655073291,30,0,,,,36.66669845581055,,35,18,17,3,20,,,29,7.118175646889733,4.909086653027402,1.45,0.7363629979541103,,,,,1.4999986995361505,,0.7283464566929134,,,,-0.02650110505375225,,,,,,,,,141.43356857299804,3.8572757987318917,142.33349227905273,3.8818191512548696,,,,,,,,,,,,,,,,,,,"Kevin Cameron","3523",452298
"Elmer Dessens",,2,2,,4.418177987724661,34,0,,,,36.66669845581055,,37,19,18,4,13,,,23,5.645449650981512,3.1909063244678113,1.7692307692307692,0.9818173306054804,,,,,1.3636351813965004,,0.6981981981981982,,,,-0.02650110505375225,,,,,,,,,132.93356857299807,3.625457817894487,138.33349227905273,3.7727283367431497,,,,,,,,,,,,,,,,,,,"Elmer Dessens","317",113296
"Will Ohman",,1,2,,4.663632320376032,54,0,,,,36.66669845581055,,39,21,19,5,15,,,29,7.118175646889733,3.6818149897705514,1.9333333333333333,1.2272716632568506,,,,,1.4727259959082206,,0.7021276595744681,,,,-0.02650110505375225,,,,,,,,,121.43356857299804,3.3118217261732914,131.33349227905273,3.5818194113476394,,,,,,,,,,,,,,,,,,,"Will Ohman","296",349193
"Shawn Hill",,2,2,,5.351351351351352,7,7,,,,37,,45,24,22,4,12,,,23,5.594594594594595,2.918918918918919,1.9166666666666667,0.972972972972973,,,,,1.5405405405405406,,0.642023346303502,,,,-0.026742001005914062,,,,,,,,,117.60000000000002,3.1783783783783788,143,3.864864864864865,,,,,,,,,,,,,,,,,,,"Shawn Hill","1882",429718
"Doug Mathis",,1,1,,4.864864864864865,19,3,,,,37,,40,22,20,5,14,,,20,4.864864864864865,3.4054054054054053,1.4285714285714286,1.2162162162162162,,,,,1.4594594594594594,,0.6808510638297872,,,,-0.026742001005914062,,,,,,,,,106.30000000000001,2.872972972972973,118,3.189189189189189,,,,,,,,,,,,,,,,,,,"Doug Mathis","3944",450545
"Joel Zumaya",,3,3,,5.06250431069673,33,0,,,,37.33330154418945,,37,23,21,5,26,,,32,7.714292282966446,6.267862479910237,1.2307692307692308,1.2053581692135071,,,,,1.68750143689891,,0.7142857142857143,,,,-0.026982896958075875,,,,,,,,,104.56643142700197,2.8008889410231297,107.66650772094727,2.883926769602954,,,,,,,,,,,,,,,,,,,"Joel Zumaya","4699",451491
"Taylor Tankersley",,2,2,,4.580361043011328,46,0,,,,37.33330154418945,,37,20,19,5,20,,,33,7.955363916809147,4.8214326768540285,1.65,1.2053581692135071,,,,,1.5267870143371092,,0.74,,,,-0.026982896958075875,,,,,,,,,124.56643142700197,3.3366036828957997,127.66650772094727,3.419641511475624,,,,,,,,,,,,,,,,,,,"Taylor Tankersley","8249",452237
"Orlando Hernandez",,2,2,,4.7368421052631575,10,6,,,,38,,30,22,20,7,18,,,30,7.105263157894737,4.2631578947368425,1.6666666666666667,1.6578947368421053,,,,,1.263157894736842,,0.6806282722513088,,,,-0.027464757789857686,,,,,,,,,123.09999999999997,3.2394736842105254,105,2.763157894736842,,,,,,,,,,,,,,,,,,,"Orlando Hernandez","823",133340
"Will Startup",,2,2,,5.2105263157894735,31,0,,,,38,,41,24,22,6,17,,,27,6.394736842105263,4.026315789473684,1.588235294117647,1.4210526315789473,,,,,1.5263157894736843,,0.6854838709677419,,,,-0.027464757789857686,,,,,,,,,103.79999999999997,2.7315789473684204,115,3.026315789473684,,,,,,,,,,,,,,,,,,,"Will Startup","sa290704",489336
"Ryan Mattheus",,2,3,,4.973684210526316,36,0,,,,38,,39,23,21,5,19,,,28,6.631578947368421,4.5,1.4736842105263157,1.1842105263157894,,,,,1.5263157894736843,,0.6862745098039216,,,,-0.027464757789857686,,,,,,,,,117.29999999999998,3.0868421052631576,124,3.263157894736842,,,,,,,,,,,,,,,,,,,"Ryan Mattheus","7169",458919
"Eddie Guardado",,2,2,,4.7368421052631575,46,0,,,,38,,39,22,20,5,15,,,20,4.7368421052631575,3.5526315789473686,1.3333333333333333,1.1842105263157894,,,,,1.4210526315789473,,0.6808510638297872,,,,-0.027464757789857686,,,,,,,,,113.29999999999998,2.9815789473684204,120,3.1578947368421053,,,,,,,,,,,,,,,,,,,"Eddie Guardado","727",115216
"Brian Shouse",,2,1,,4.2631578947368425,57,0,,,,38,,41,19,18,4,12,,,22,5.2105263157894735,2.8421052631578947,1.8333333333333333,0.9473684210526315,,,,,1.394736842105263,,0.7172995780590717,,,,-0.027464757789857686,,,,,,,,,133.39999999999998,3.5105263157894733,146,3.8421052631578947,,,,,,,,,,,,,,,,,,,"Brian Shouse","630",122195
"Michael Nix",,2,4,,6.157894736842105,29,0,,,,38,,43,28,26,5,28,,,27,6.394736842105263,6.631578947368421,0.9642857142857143,1.1842105263157894,,,,,1.868421052631579,,0.671875,,,,-0.027464757789857686,,,,,,,,,77.89999999999999,2.05,95,2.5,,,,,,,,,,,,,,,,,,,"Michael Nix","sa291773",489172
"Dennys Reyes",,1,1,,3.991307657745741,67,0,,,,38.33330154418945,,36,18,17,3,18,,,32,7.513049708697865,4.226090461142549,1.7777777777777777,0.7043484101904248,,,,,1.4086968203808496,,0.7228915662650602,,,,-0.027705653742019498,,,,,,,,,163.16643142700195,4.256519132298289,162.66650772094727,4.2434776334991735,,,,,,,,,,,,,,,,,,,"Dennys Reyes","444",121096
"Duaner Sanchez",,2,2,,4.460873264539358,39,0,,,,38.33330154418945,,38,20,19,4,16,,,26,6.104352888317016,3.7565248543489327,1.625,0.9391312135872332,,,,,1.4086968203808496,,0.7024793388429752,,,,-0.027705653742019498,,,,,,,,,139.66643142700195,3.6434751456510672,143.66650772094727,3.747825048550356,,,,,,,,,,,,,,,,,,,"Duaner Sanchez","1518",400093
"Steve Green",,1,2,,5.400004478126591,25,1,,,,38.33330154418945,,40,25,23,5,26,,,31,7.278266905301057,6.104352888317016,1.1923076923076923,1.1739140169840414,,,,,1.7217405582432608,,0.6949152542372882,,,,-0.027705653742019498,,,,,,,,,102.16643142700195,2.665213464831033,110.66650772094727,2.8869547694287254,,,,,,,,,,,,,,,,,,,"Steve Green","1005012",279561
"Joey Devine",,4,3,,3.7241348693001934,38,0,,,,38.66669845581055,,35,17,16,4,17,,,38,8.84482031458796,3.9568932986314556,2.235294117647059,0.9310337173250484,,,,,1.3448264805806254,,0.7543103448275862,,,,-0.027946618621639496,,,,,,,,,170.93356857299807,4.420692104559846,166.33349227905273,4.301724712006214,,,,,,,,,,,,,,,,,,,"Joey Devine","9862",457733
"J.C. Romero",,2,1,,3.923076923076923,52,0,,,,39,,33,18,17,4,25,,,33,7.615384615384615,5.769230769230769,1.32,0.9230769230769231,,,,,1.4871794871794872,,0.7633587786259542,,,,-0.02818751457380131,,,,,,,,,144.60000000000002,3.7076923076923083,134,3.4358974358974357,,,,,,,,,,,,,,,,,,,"J.C. Romero","754",240694
"Tim Hamulack",,1,2,,5.076923076923077,27,0,,,,39,,44,24,22,5,14,,,24,5.538461538461538,3.230769230769231,1.7142857142857142,1.1538461538461537,,,,,1.4871794871794872,,0.6666666666666666,,,,-0.02818751457380131,,,,,,,,,118.70000000000002,3.043589743589744,136,3.4871794871794872,,,,,,,,,,,,,,,,,,,"Tim Hamulack","1900",425787
"Keiichi Yabu",,2,3,,4.805088629228486,34,0,,,,39.33330154418945,,40,23,21,4,21,,,27,6.17797109472234,4.805088629228486,1.2857142857142858,0.9152549769959022,,,,,1.5508487110208342,,0.6859205776173285,,,,-0.02842841052596312,,,,,,,,,128.866431427002,3.276267853646242,135.66650772094727,3.449151288979166,,,,,,,,,,,,,,,,,,,"Keiichi Yabu","8624",435158
"Ryota Igarashi",,2,2,,4.084030340474921,41,0,,,,39.66669845581055,,40,19,18,4,13,,,39,8.84873240436233,2.949577468120777,3,0.907562297883316,,,,,1.3361333829948818,,0.7172995780590717,,,,-0.02866937540558312,,,,,,,,,179.33356857299805,4.521010710603481,185.33349227905273,4.672269170208803,,,,,,,,,,,,,,,,,,,"Ryota Igarashi","10232",579799
"John Bale",,1,2,,4.991592638358238,38,5,,,,39.66669845581055,,45,24,22,4,16,,,29,6.5798266596540405,3.630249191533264,1.8125,0.907562297883316,,,,,1.5378138936356187,,0.6678700361010831,,,,-0.02866937540558312,,,,,,,,,137.33356857299805,3.4621880297396124,156.33349227905273,3.9411773191361315,,,,,,,,,,,,,,,,,,,"John Bale","864",150469
"Travis Schlichting",,2,3,,4.764702063887409,29,0,,,,39.66669845581055,,40,23,21,4,21,,,26,5.899154936241554,4.764702063887409,1.2380952380952381,0.907562297883316,,,,,1.5378138936356187,,0.6859205776173285,,,,-0.02866937540558312,,,,,,,,,129.33356857299805,3.2605075190988755,135.33349227905273,3.411765978704197,,,,,,,,,,,,,,,,,,,"Travis Schlichting","3847",459411
"Ricky Orta",,2,3,,4.53781148941658,34,2,,,,39.66669845581055,,38,22,20,5,22,,,31,7.033607808595699,4.991592638358238,1.4090909090909092,1.134452872354145,,,,,1.5126038298055267,,0.7169811320754716,,,,-0.02866937540558312,,,,,,,,,129.23356857299802,3.257986512715866,129.33349227905273,3.2605055957236444,,,,,,,,,,,,,,,,,,,"Ricky Orta","sa326700",493564
"Scott Schoeneweis",,2,2,,4.725,56,0,,,,40,,41,23,21,5,18,,,28,6.3,4.05,1.5555555555555556,1.125,,,,,1.475,,0.6923076923076923,,,,-0.028910271357744932,,,,,,,,,129.89999999999998,3.2474999999999996,137,3.425,,,,,,,,,,,,,,,,,,,"Scott Schoeneweis","33",150011
"Angel Guzman",,2,2,,3.6,43,0,,,,40,,35,17,16,4,15,,,35,7.875,3.375,2.3333333333333335,0.9,,,,,1.25,,0.7432432432432433,,,,-0.028910271357744932,,,,,,,,,180.8,4.5200000000000005,173,4.325,,,,,,,,,,,,,,,,,,,"Angel Guzman","2145",425768
"Greg Miller",,1,2,,5.85,36,3,,,,40,,38,28,26,4,47,,,35,7.875,10.575,0.7446808510638298,0.9,,,,,2.125,,0.7178841309823677,,,,-0.028910271357744932,,,,,,,,,77.00000000000001,1.9250000000000003,77,1.925,,,,,,,,,,,,,,,,,,,"Greg Miller","sa454867",543545
"David Riske",,1,1,,4.275,39,0,,,,40,,40,20,19,4,17,,,30,6.75,3.825,1.7647058823529411,0.9,,,,,1.425,,0.7198443579766537,,,,-0.028910271357744932,,,,,,,,,151.8,3.7950000000000004,157,3.925,,,,,,,,,,,,,,,,,,,"David Riske","402",228594
"Lee Gardner",,3,2,,3.9836034433932044,35,0,,,,40.66669845581055,,44,19,18,3,12,,,26,5.754093862679073,2.6557356289288028,2.1666666666666665,0.6639339072322007,,,,,1.377048103889009,,0.7142857142857143,,,,-0.029392132189526743,,,,,,,,,165.6335685729981,4.072953420425306,180.33349227905273,4.434426671617014,,,,,,,,,,,,,,,,,,,"Lee Gardner","1448",421104
"Mike Lincoln",,1,2,,4.868848653036139,35,0,,,,40.66669845581055,,40,24,22,6,19,,,29,6.418027769911274,4.204914745803938,1.5263157894736843,1.3278678144644014,,,,,1.4508185380259202,,0.691699604743083,,,,-0.029392132189526743,,,,,,,,,124.13356857299806,3.0524624148647006,126.33349227905273,3.1065588571526126,,,,,,,,,,,,,,,,,,,"Mike Lincoln","1457",150221
"Jimmy Gobble",,1,2,,4.647537350625405,45,0,,,,40.66669845581055,,40,23,21,6,19,,,40,8.852452096429342,4.204914745803938,2.1052631578947367,1.3278678144644014,,,,,1.4508185380259202,,0.7114624505928854,,,,-0.029392132189526743,,,,,,,,,146.13356857299806,3.5934455985353826,148.33349227905273,3.647542040823295,,,,,,,,,,,,,,,,,,,"Jimmy Gobble","1791",425471
"Jason Schmidt",,2,3,,4.609756097560975,9,9,,,,41,,41,23,21,4,19,,,26,5.7073170731707314,4.170731707317073,1.368421052631579,0.8780487804878049,,,,,1.4634146341463414,,0.6801470588235294,,,,-0.029633028141688555,,,,,,,,,142.60000000000002,3.4780487804878053,148,3.6097560975609757,,,,,,,,,,,,,,,,,,,"Jason Schmidt","1131",121834
"Carlos Muniz",,2,3,,4.790326264847682,33,0,,,,41.33330154418945,,42,24,22,5,20,,,29,6.314520985481035,4.354842058952438,1.45,1.0887105147381095,,,,,1.5000011536391733,,0.6909090909090909,,,,-0.029873924093850368,,,,,,,,,133.16643142700195,3.2217709801050773,139.66650772094727,3.379031011389926,,,,,,,,,,,,,,,,,,,"Carlos Muniz","5878",444370
"Chris Ray",,2,2,,4.790326264847682,40,0,,,,41.33330154418945,,44,25,22,5,19,,,38,8.274199912009633,4.137099956004817,2,1.0887105147381095,,,,,1.5241947206333535,,0.6785714285714286,,,,-0.029873924093850368,,,,,,,,,148.96643142700194,3.604029338613124,160.66650772094727,3.8870959182677103,,,,,,,,,,,,,,,,,,,"Chris Ray","6315",444884
"Craig Kimbrel",,2,2,,4.354842058952438,37,0,,,,41.33330154418945,,36,22,20,4,30,,,48,10.451620941485853,6.532263088428658,1.6,0.8709684117904877,,,,,1.596775421615894,,0.728476821192053,,,,-0.029873924093850368,,,,,,,,,169.06643142700193,4.090320035196147,160.66650772094727,3.8870959182677103,,,,,,,,,,,,,,,,,,,"Craig Kimbrel","6655",518886
"Neal Cotts",,2,3,,4.5725841619000605,48,0,,,,41.33330154418945,,42,23,21,5,21,,,35,7.620973603166767,4.5725841619000605,1.6666666666666667,1.0887105147381095,,,,,1.5241947206333535,,0.7142857142857143,,,,-0.029873924093850368,,,,,,,,,142.16643142700195,3.439513083052699,148.66650772094727,3.5967731143375476,,,,,,,,,,,,,,,,,,,"Neal Cotts","1797",425840
"Chad Bradford",,3,2,,3.8879970336936696,51,0,,,,41.66669845581055,,48,19,18,3,11,,,17,3.6719971984884654,2.375998187257242,1.5454545454545454,0.6479995056156116,,,,,1.4159989196785585,,0.7299270072992701,,,,-0.030114888973470366,,,,,,,,,147.63356857299806,3.543202942502638,170.33349227905273,4.08800069580025,,,,,,,,,,,,,,,,,,,"Chad Bradford","904",136268
"Damaso Marte",,3,2,,4.967996209719689,53,0,,,,41.66669845581055,,41,25,23,5,17,,,40,8.639993408208154,3.6719971984884654,2.3529411764705883,1.0799991760260192,,,,,1.3919989379890916,,0.6470588235294118,,,,-0.030114888973470366,,,,,,,,,169.23356857299802,4.061602546995126,172.33349227905273,4.136000659179184,,,,,,,,,,,,,,,,,,,"Damaso Marte","247",150122
"Trever Miller",,2,1,,3.6719971984884654,67,0,,,,41.66669845581055,,36,18,17,4,16,,,41,8.855993243413359,3.4559973632832617,2.5625,0.8639993408208154,,,,,1.2479990478522889,,0.7327586206896552,,,,-0.030114888973470366,,,,,,,,,199.53356857299804,4.78880199218598,190.33349227905273,4.568000329589593,,,,,,,,,,,,,,,,,,,"Trever Miller","1672",119125
"David Davidson",,2,2,,4.928571428571429,29,0,,,,42,,43,25,23,4,27,,,34,7.285714285714286,5.785714285714286,1.2592592592592593,0.8571428571428571,,,,,1.6666666666666667,,0.6987577639751552,,,,-0.03035578492563218,,,,,,,,,136.8,3.2571428571428576,145,3.4523809523809526,,,,,,,,,,,,,,,,,,,"David Davidson","4929",452656
"Wilfrido Perez",,1,3,,6.214285714285714,32,0,,,,42,,45,31,29,6,35,,,32,6.857142857142857,7.5,0.9142857142857143,1.2857142857142858,,,,,1.9047619047619047,,0.6843575418994414,,,,-0.03035578492563218,,,,,,,,,79,1.880952380952381,91,2.1666666666666665,,,,,,,,,,,,,,,,,,,"Wilfrido Perez","sa294751",471177
"Joaquín Benoit",,4,2,,4.285714285714286,38,0,,,,42,,38,22,20,5,22,,,38,8.142857142857142,4.714285714285714,1.7272727272727273,1.0714285714285714,,,,,1.4285714285714286,,0.7169811320754716,,,,-0.03035578492563218,,,,,,,,,160.5,3.8214285714285716,155,3.6904761904761907,,,,,,,,,,,,,,,,,,,"Joaquin Benoit","1437",276542
"Mitch Stetter",,4,2,,3.642857142857143,60,0,,,,42,,35,18,17,4,22,,,42,9,4.714285714285714,1.9090909090909092,0.8571428571428571,,,,,1.3571428571428572,,0.7587548638132295,,,,-0.03035578492563218,,,,,,,,,188.60000000000002,4.490476190476191,176,4.190476190476191,,,,,,,,,,,,,,,,,,,"Mitch Stetter","5579",449777
"Carlos Guevara",,1,1,,4.464570281689773,36,0,,,,42.33330154418945,,42,23,21,4,22,,,34,7.228351884640585,4.677168866532143,1.5454545454545454,0.8503943393694805,,,,,1.5118121588790765,,0.702054794520548,,,,-0.03059668087779399,,,,,,,,,156.866431427002,3.705509036739258,161.66650772094727,3.8188967508757217,,,,,,,,,,,,,,,,,,,"Carlos Guevara","5692",454581
"Joe Bisenius",,2,4,,5.952760375586363,32,0,,,,42.33330154418945,,46,30,28,7,32,,,34,7.228351884640585,6.803154714955844,1.0625,1.4881900938965908,,,,,1.8425210686338744,,0.7038123167155425,,,,-0.03059668087779399,,,,,,,,,79.56643142700194,1.879523413593122,92.66650772094727,2.188974267084217,,,,,,,,,,,,,,,,,,,"Joe Bisenius","7370",445202
"Arturo Lopez",,1,2,,5.4843709138252486,28,2,,,,42.66669845581055,,48,28,26,5,25,,,26,5.4843709138252486,5.273433570985816,1.04,1.0546867141971632,,,,,1.7109362252531757,,0.6818181818181818,,,,-0.03083764575741399,,,,,,,,,106.43356857299807,2.494534904856306,125.33349227905273,2.9375015366811033,,,,,,,,,,,,,,,,,,,"Arturo Lopez","3319",445995
"Julian Tavarez",,3,5,,4.813953488372093,45,0,,,,43,,46,25,23,4,24,,,36,7.534883720930233,5.023255813953488,1.5,0.8372093023255814,,,,,1.627906976744186,,0.6987577639751552,,,,-0.031078541709575802,,,,,,,,,149.39999999999998,3.4744186046511625,163,3.7906976744186047,,,,,,,,,,,,,,,,,,,"Julian Tavarez","541",123118
"Tyler Yates",,2,3,,4.569234121200944,46,0,,,,43.33330154418945,,43,24,22,4,22,,,39,8.100005942128947,4.569234121200944,1.7727272727272727,0.8307698402183534,,,,,1.5000011003942493,,0.6902356902356902,,,,-0.031319437661737615,,,,,,,,,171.66643142700195,3.9615359390962595,176.66650772094727,4.076922399757385,,,,,,,,,,,,,,,,,,,"Tyler Yates","1527",407884
"Rudy Darrow",,3,4,,5.358774724789448,37,0,,,,43.66669845581055,,48,28,26,3,32,,,30,6.183201605526286,6.595415045894706,0.9375,0.6183201605526287,,,,,1.8320597349707517,,0.6860158311345647,,,,-0.03156040254135761,,,,,,,,,125.43356857299804,2.87252237995353,143.33349227905273,3.2824439984649203,,,,,,,,,,,,,,,,,,,"Rudy Darrow","sa326949",502447
"Doug Slaten",,2,2,,4.53434784405261,54,0,,,,43.66669845581055,,47,24,22,5,17,,,30,6.183201605526286,3.5038142431315626,1.7647058823529411,1.0305336009210477,,,,,1.4656477879766012,,0.7017543859649122,,,,-0.03156040254135761,,,,,,,,,148.43356857299807,3.3992395537576217,162.33349227905273,3.717558185520474,,,,,,,,,,,,,,,,,,,"Doug Slaten","3107",460657
"Merkin Valdez",,1,2,,5.564881444973658,42,1,,,,43.66669845581055,,48,29,27,5,30,,,36,7.419841926631544,6.183201605526286,1.2,1.0305336009210477,,,,,1.786258241596483,,0.6901408450704225,,,,-0.03156040254135761,,,,,,,,,118.83356857299805,2.721377451818443,135.33349227905273,3.0992380249678453,,,,,,,,,,,,,,,,,,,"Merkin Valdez","7019",429723
"Greg Aquino",,2,3,,5.113636363636363,41,0,,,,44,,44,27,25,6,26,,,35,7.159090909090909,5.318181818181818,1.3461538461538463,1.2272727272727273,,,,,1.5909090909090908,,0.698051948051948,,,,-0.031801298493519425,,,,,,,,,129.4,2.940909090909091,134,3.0454545454545454,,,,,,,,,,,,,,,,,,,"Greg Aquino","1899",425628
"Randy Williams",,1,2,,5.5227272727272725,48,0,,,,44,,48,29,27,8,23,,,35,7.159090909090909,4.704545454545454,1.5217391304347827,1.6363636363636365,,,,,1.6136363636363635,,0.7023411371237459,,,,-0.031801298493519425,,,,,,,,,103.4,2.35,117,2.659090909090909,,,,,,,,,,,,,,,,,,,"Randy Williams","2362",430942
"Chris Britton",,2,3,,4.704545454545454,30,0,,,,44,,47,25,23,6,15,,,27,5.5227272727272725,3.0681818181818183,1.8,1.2272727272727273,,,,,1.4090909090909092,,0.6902985074626865,,,,-0.031801298493519425,,,,,,,,,138.60000000000002,3.1500000000000004,151,3.4318181818181817,,,,,,,,,,,,,,,,,,,"Chris Britton","3600",461904
"J.B. Cox",,3,3,,5.318181818181818,31,0,,,,44,,48,28,26,6,24,,,22,4.5,4.909090909090909,0.9166666666666666,1.2272727272727273,,,,,1.6363636363636365,,0.6918238993710691,,,,-0.031801298493519425,,,,,,,,,99,2.25,114,2.590909090909091,,,,,,,,,,,,,,,,,,,"J.B. Cox","sa294696",460079
"Scot Shields",,4,3,,4.090909090909091,44,0,,,,44,,40,22,20,5,22,,,41,8.386363636363637,4.5,1.8636363636363635,1.0227272727272727,,,,,1.4090909090909092,,0.7272727272727273,,,,-0.031801298493519425,,,,,,,,,176.10000000000002,4.002272727272728,171,3.8863636363636362,,,,,,,,,,,,,,,,,,,"Scot Shields","35",276912
"Kris Harvey",,3,6,,5.6842146021725375,26,2,,,,44.33330154418945,,49,30,28,5,33,,,28,5.6842146021725375,6.699252923989063,0.8484848484848485,1.0150383218165246,,,,,1.8496253864212227,,0.6933333333333334,,,,-0.03204219444568124,,,,,,,,,96.16643142700198,2.1691691815721774,113.66650772094727,2.563908027640341,,,,,,,,,,,,,,,,,,,"Kris Harvey","sa293563",459960
"J.J. Putz",,4,3,,3.8571456229027934,43,0,,,,44.33330154418945,,39,20,19,5,21,,,41,8.323314238895502,4.263160951629403,1.9523809523809523,1.0150383218165246,,,,,1.3533844290886994,,0.7547169811320755,,,,-0.03204219444568124,,,,,,,,,184.16643142700198,4.15413301090227,175.66650772094727,3.9624052710319972,,,,,,,,,,,,,,,,,,,"J.J. Putz","1795",407816
"Alan Embree",,2,2,,4.669176280356013,52,0,,,,44.33330154418945,,45,25,23,5,17,,,34,6.902260588352367,3.4511302941761834,2,1.0150383218165246,,,,,1.398497243391656,,0.6727272727272727,,,,-0.03204219444568124,,,,,,,,,166.566431427002,3.7571402450362514,173.66650772094727,3.9172924567290406,,,,,,,,,,,,,,,,,,,"Alan Embree","1030",113833
"Lester Oliveros",,2,3,,5.6842146021725375,31,0,,,,44.33330154418945,,49,30,28,7,25,,,31,6.293237595262452,5.075191609082623,1.24,1.4210536505431344,,,,,1.669174129209396,,0.6853582554517134,,,,-0.03204219444568124,,,,,,,,,101.56643142700196,2.2909737801901597,117.66650772094727,2.6541336562462545,,,,,,,,,,,,,,,,,,,"Lester Oliveros","9167",500902
"Arthur Rhodes",,2,2,,3.42537069650145,60,0,,,,44.66669845581055,,38,18,17,4,20,,,43,8.66417293820955,4.029847878237,2.15,0.8059695756473999,,,,,1.2985065385430332,,0.7633587786259542,,,,-0.032283159325301236,,,,,,,,,208.53356857299804,4.668658660306034,197.33349227905273,4.417910862032433,,,,,,,,,,,,,,,,,,,"Arthur Rhodes","1097",121125
"Hung-Chih Kuo",,2,1,,2.8208935147658996,42,0,,,,44.66669845581055,,35,15,14,4,15,,,51,10.276112089504348,3.02238590867775,3.4,0.8059695756473999,,,,,1.1194021883991665,,0.7882882882882883,,,,-0.032283159325301236,,,,,,,,,247.33356857299805,5.537314758503787,228.33349227905273,5.111940218839917,,,,,,,,,,,,,,,,,,,"Hung-Chih Kuo","7016",425539
"Josh Roenicke",,2,2,,4.634325059972549,43,0,,,,44.66669845581055,,45,25,23,5,24,,,41,8.261188150385848,4.8358174538844,1.7083333333333333,1.00746196955925,,,,,1.5447750199908499,,0.7096774193548387,,,,-0.032283159325301236,,,,,,,,,162.03356857299804,3.6276146250948083,168.33349227905273,3.768657592760917,,,,,,,,,,,,,,,,,,,"Josh Roenicke","3241",502158
"Andrew Brown",,2,2,,4.432832666060699,39,0,,,,44.66669845581055,,41,24,22,5,24,,,40,8.059695756474,4.8358174538844,1.6666666666666667,1.00746196955925,,,,,1.4552228449189166,,0.7068965517241379,,,,-0.032283159325301236,,,,,,,,,170.433568572998,3.8156741927458677,166.33349227905273,3.7238815052249503,,,,,,,,,,,,,,,,,,,"Andrew Brown","2115",408046
"Daniel Stange",,3,3,,4.8,37,0,,,,45,,49,26,24,5,20,,,31,6.2,4,1.55,1,,,,,1.5333333333333334,,0.6935483870967742,,,,-0.03252405527746305,,,,,,,,,146.1,3.2466666666666666,162,3.6,,,,,,,,,,,,,,,,,,,"Daniel Stange","9404",458094
"Kiko Calero",,3,2,,4,50,0,,,,45,,39,22,20,4,24,,,45,9,4.8,1.875,0.8,,,,,1.4,,0.7142857142857143,,,,-0.03252405527746305,,,,,,,,,200.4,4.453333333333333,191,4.2444444444444445,,,,,,,,,,,,,,,,,,,"Kiko Calero","1676",425606
"Mark Worrell",,3,2,,4,38,0,,,,45,,42,22,20,4,21,,,39,7.8,4.2,1.8571428571428572,0.8,,,,,1.4,,0.7142857142857143,,,,-0.03252405527746305,,,,,,,,,189.60000000000002,4.213333333333334,188,4.177777777777778,,,,,,,,,,,,,,,,,,,"Mark Worrell","8045",450312
"Gary Glover",,3,4,,4.8,35,0,,,,45,,48,26,24,6,15,,,33,6.6,3,2.2,1.2,,,,,1.4,,0.6776556776556777,,,,-0.03252405527746305,,,,,,,,,155.39999999999998,3.4533333333333327,168,3.7333333333333334,,,,,,,,,,,,,,,,,,,"Gary Glover","234",150474
"Shawn Kelley",,3,3,,4.2,39,0,,,,45,,43,23,21,6,15,,,36,7.2,3,2.4,1.2,,,,,1.288888888888889,,0.7056451612903225,,,,-0.03252405527746305,,,,,,,,,174.39999999999998,3.875555555555555,174,3.8666666666666667,,,,,,,,,,,,,,,,,,,"Shawn Kelley","7773",518875
"Justin Hedrick",,2,3,,5.8,32,0,,,,45,,50,31,29,7,30,,,29,5.8,6,0.9666666666666667,1.4,,,,,1.7777777777777777,,0.698005698005698,,,,-0.03252405527746305,,,,,,,,,84.89999999999998,1.8866666666666663,102,2.2666666666666666,,,,,,,,,,,,,,,,,,,"Justin Hedrick","sa254916",453957
"Doug Waechter",,2,3,,4.963238774495107,33,1,,,,45.33330154418945,,53,27,25,6,14,,,23,4.566179672535498,2.77941371371726,1.6428571428571428,1.1911773058788258,,,,,1.477942212849654,,0.68259385665529,,,,-0.03276495122962486,,,,,,,,,127.86643142700194,2.820585024065848,152.66650772094727,3.3676459141660535,,,,,,,,,,,,,,,,,,,"Doug Waechter","1814",425531
"Zach Schreiber",,2,3,,4.927003869520403,37,0,,,,45.66669845581055,,42,27,25,7,28,,,36,7.094885572109381,5.518244333862852,1.2857142857142858,1.379561083465713,,,,,1.5328456482952366,,0.7142857142857143,,,,-0.03300591610924486,,,,,,,,,130.63356857299806,2.860587101548535,125.33349227905273,2.7445271175084374,,,,,,,,,,,,,,,,,,,"Zach Schreiber","sa253861",459459
"Scott Proctor",,2,2,,4.729923714739587,44,0,,,,45.66669845581055,,46,26,24,6,24,,,38,7.4890458816710135,4.729923714739587,1.5833333333333333,1.1824809286848967,,,,,1.5328456482952366,,0.7142857142857143,,,,-0.03300591610924486,,,,,,,,,148.53356857299804,3.252557631612602,154.33349227905273,3.3795631718021784,,,,,,,,,,,,,,,,,,,"Scott Proctor","1911",429984
"Daniel Schlereth",,3,2,,4.5328435599587715,45,0,,,,45.66669845581055,,41,25,23,4,33,,,47,9.262767274698358,6.503645107766933,1.4242424242424243,0.7883206191232646,,,,,1.6204368281978216,,0.7163742690058479,,,,-0.03300591610924486,,,,,,,,,177.13356857299806,3.878834567916085,171.33349227905273,3.7518256863881643,,,,,,,,,,,,,,,,,,,"Daniel Schlereth","8739",519259
"Juan Abreu",,3,4,,5.518244333862852,35,0,,,,45.66669845581055,,45,30,28,6,36,,,43,8.474446655575093,7.094885572109381,1.1944444444444444,1.1824809286848967,,,,,1.7737213930273452,,0.7024793388429753,,,,-0.03300591610924486,,,,,,,,,125.13356857299806,2.7401492291824807,128.33349227905273,2.810220502435376,,,,,,,,,,,,,,,,,,,"Juan Abreu","6306",444874
"Randy Flores",,1,1,,4.5,62,0,,,,46,,51,25,23,4,17,,,34,6.6521739130434785,3.3260869565217392,2,0.782608695652174,,,,,1.4782608695652173,,0.6891025641025641,,,,-0.03324681206140667,,,,,,,,,175.60000000000005,3.817391304347827,195,4.239130434782608,,,,,,,,,,,,,,,,,,,"Randy Flores","1446",420864
"Armando Zerpa",,2,2,,4.304347826086956,27,0,,,,46,,44,24,22,4,26,,,39,7.630434782608695,5.086956521739131,1.5,0.782608695652174,,,,,1.5217391304347827,,0.7142857142857142,,,,-0.03324681206140667,,,,,,,,,176.80000000000004,3.843478260869566,178,3.869565217391304,,,,,,,,,,,,,,,,,,,"Armando Zerpa","sa393268",463741
"Pedro Strop",,4,4,,5.673913043478261,40,0,,,,46,,48,31,29,6,33,,,31,6.065217391304348,6.456521739130435,0.9393939393939394,1.173913043478261,,,,,1.7608695652173914,,0.6887052341597797,,,,-0.03324681206140667,,,,,,,,,104.80000000000001,2.2782608695652176,115,2.5,,,,,,,,,,,,,,,,,,,"Pedro Strop","4070",467008
"Carmen Cali",,2,2,,4.5,35,1,,,,46,,48,25,23,4,19,,,32,6.260869565217392,3.717391304347826,1.6842105263157894,0.782608695652174,,,,,1.4565217391304348,,0.6840390879478827,,,,-0.03324681206140667,,,,,,,,,173.40000000000003,3.769565217391305,185,4.021739130434782,,,,,,,,,,,,,,,,,,,"Carmen Cali","2964",434118
"Kyle Middleton",,2,3,,5.244607914854582,19,5,,,,46.33330154418945,,53,29,27,6,16,,,25,4.856118439680168,3.1079158013953077,1.5625,1.1654684255232404,,,,,1.4892096548352516,,0.6600660066006601,,,,-0.033487708013568485,,,,,,,,,133.26643142700192,2.876255889080163,155.66650772094727,3.3597111048191435,,,,,,,,,,,,,,,,,,,"Kyle Middleton","sa199485",452706
"Mickey Storey",,2,1,,4.049997241158321,43,0,,,,46.66669845581055,,46,23,21,5,16,,,43,8.292851493800372,3.0857121837396733,2.6875,0.9642850574186479,,,,,1.3285705235545815,,0.7090909090909091,,,,-0.03372867289318848,,,,,,,,,202.23356857299802,4.333573517408699,206.33349227905273,4.421428965548811,,,,,,,,,,,,,,,,,,,"Mickey Storey","4721",493547
"Leo Rosales",,2,2,,4.43571126412578,38,0,,,,46.66669845581055,,47,25,23,6,19,,,36,6.942852413414265,3.664283218190862,1.894736842105263,1.1571420689023775,,,,,1.4142847508806835,,0.7118055555555556,,,,-0.03372867289318848,,,,,,,,,164.33356857299805,3.5214312134938828,170.33349227905273,3.650000919613893,,,,,,,,,,,,,,,,,,,"Leo Rosales","5618",449820
"Brian Slocum",,2,4,,5.399996321544428,20,5,,,,46.66669845581055,,49,30,28,7,26,,,37,7.135709424897994,5.014282298576969,1.4230769230769231,1.349999080386107,,,,,1.607141762364413,,0.6901840490797546,,,,-0.03372867289318848,,,,,,,,,127.83356857299802,2.7392888891432015,138.33349227905273,2.964287101005077,,,,,,,,,,,,,,,,,,,"Brian Slocum","4705",451497
"Royce Ring",,3,4,,4.43571126412578,58,0,,,,46.66669845581055,,47,25,23,5,23,,,39,7.521423447865454,4.43571126412578,1.6956521739130435,0.9642850574186479,,,,,1.4999989782067855,,0.7142857142857143,,,,-0.03372867289318848,,,,,,,,,170.63356857299806,3.656431121532494,177.33349227905273,3.8000008174345714,,,,,,,,,,,,,,,,,,,"Royce Ring","4350",429721
"Doug Brocail",,3,3,,4.242854252642051,48,0,,,,46.66669845581055,,47,24,22,5,19,,,35,6.749995401930535,3.664283218190862,1.8421052631578947,0.9642850574186479,,,,,1.4142847508806835,,0.711864406779661,,,,-0.03372867289318848,,,,,,,,,174.63356857299806,3.742145348858596,181.33349227905273,3.8857150447606736,,,,,,,,,,,,,,,,,,,"Doug Brocail","551",111492
"Jeff Gray",,2,2,,4.212765957446808,44,0,,,,47,,49,24,22,5,15,,,31,5.9361702127659575,2.872340425531915,2.066666666666667,0.9574468085106383,,,,,1.3617021276595744,,0.7017543859649122,,,,-0.033969568845350295,,,,,,,,,175.9,3.7425531914893617,187,3.978723404255319,,,,,,,,,,,,,,,,,,,"Jeff Gray","7718",462522
"Randy Choate",,2,2,,4.595744680851064,56,1,,,,47,,48,26,24,5,20,,,30,5.74468085106383,3.8297872340425534,1.5,0.9574468085106383,,,,,1.446808510638298,,0.6885245901639344,,,,-0.033969568845350295,,,,,,,,,161.5,3.4361702127659575,170,3.617021276595745,,,,,,,,,,,,,,,,,,,"Randy Choate","813",329092
"Danny Farquhar",,2,3,,5.170212765957447,41,0,,,,47,,47,29,27,5,33,,,39,7.468085106382978,6.319148936170213,1.1818181818181819,0.9574468085106383,,,,,1.702127659574468,,0.6986301369863014,,,,-0.033969568845350295,,,,,,,,,143.10000000000002,3.04468085106383,149,3.1702127659574466,,,,,,,,,,,,,,,,,,,"Danny Farquhar","8501",543144
"Tony Sipp",,2,1,,4.18310140092702,47,0,,,,47.33330154418945,,42,24,22,6,24,,,50,9.5070486384705,4.563383346465841,2.0833333333333335,1.1408458366164602,,,,,1.3943671336423402,,0.7291666666666666,,,,-0.03421046479751211,,,,,,,,,195.26643142700198,4.125349913415717,186.66650772094727,3.9436612623921667,,,,,,,,,,,,,,,,,,,"Tony Sipp","8280",448609
"Hunter Jones",,3,2,,4.531465509410999,31,0,,,,47.66669845581055,,50,26,24,5,19,,,35,6.608387201224373,3.587410194950374,1.8421052631578947,0.9440553144606247,,,,,1.4475514821729578,,0.6935483870967742,,,,-0.034451429677132106,,,,,,,,,174.23356857299808,3.6552472526395228,186.33349227905273,3.909091636623278,,,,,,,,,,,,,,,,,,,"Hunter Jones","4656",491220
"Tyler Walker",,4,3,,4.153843383626748,49,0,,,,47.66669845581055,,43,24,22,6,16,,,36,6.797198264116498,3.020977006273999,2.25,1.1328663773527496,,,,,1.237761412292819,,0.691699604743083,,,,-0.034451429677132106,,,,,,,,,191.13356857299806,4.009792470736957,184.33349227905273,3.86713362264725,,,,,,,,,,,,,,,,,,,"Tyler Walker","901",400104
"Evan Englebrook",,2,4,,5.475520823871623,33,1,,,,47.66669845581055,,56,31,29,5,26,,,28,5.286709760979498,4.909087635195249,1.0769230769230769,0.9440553144606247,,,,,1.7202785730171384,,0.68,,,,-0.034451429677132106,,,,,,,,,123.63356857299809,2.5937094990460206,151.33349227905273,3.1748263920427924,,,,,,,,,,,,,,,,,,,"Evan Englebrook","sa253737",451590
"John Ennis",,2,3,,5.25,27,2,,,,48,,54,30,28,7,20,,,39,7.3125,3.75,1.95,1.3125,,,,,1.5416666666666667,,0.6853582554517134,,,,-0.03469232562929392,,,,,,,,,146.70000000000002,3.0562500000000004,167,3.4791666666666665,,,,,,,,,,,,,,,,,,,"John Ennis","85",407795
"Brian Bruney",,2,3,,4.5,52,2,,,,48,,47,26,24,4,28,,,40,7.5,5.25,1.4285714285714286,0.75,,,,,1.5625,,0.7060518731988472,,,,-0.03469232562929392,,,,,,,,,179.80000000000007,3.745833333333335,184,3.8333333333333335,,,,,,,,,,,,,,,,,,,"Brian Bruney","1929",430663
"Jack Taschner",,1,3,,5.178078809451528,54,0,,,,48.66669845581055,,54,30,28,5,28,,,36,6.65752989786625,5.178078809451528,1.2857142857142858,0.9246569302592015,,,,,1.6849304062501005,,0.6933333333333334,,,,-0.03517418646107573,,,,,,,,,146.23356857299805,3.0047973915012625,166.33349227905273,3.4178092526675887,,,,,,,,,,,,,,,,,,,"Jack Taschner","2766",435620
"Trevor Hoffman",,4,2,,3.143833562881285,53,0,,,,48.66669845581055,,42,18,17,4,13,,,44,8.136980986280973,2.4041080186739237,3.3846153846153846,0.7397255442073611,,,,,1.1301362480945796,,0.7489878542510122,,,,-0.03517418646107573,,,,,,,,,250.73356857299808,5.152056262880964,240.33349227905273,4.938356204649387,,,,,,,,,,,,,,,,,,,"Trevor Hoffman","1035",116034
"Oscar Villarreal",,2,2,,4.775510204081633,33,1,,,,49,,51,28,26,7,22,,,34,6.244897959183674,4.040816326530612,1.5454545454545454,1.2857142857142858,,,,,1.489795918367347,,0.7120253164556962,,,,-0.03541508241323754,,,,,,,,,145.9,2.977551020408163,156,3.183673469387755,,,,,,,,,,,,,,,,,,,"Oscar Villarreal","1654",425629
"Jeremy Accardo",,2,2,,4.224489795918367,50,0,,,,49,,49,25,23,5,21,,,37,6.795918367346939,3.857142857142857,1.7619047619047619,0.9183673469387755,,,,,1.4285714285714286,,0.7142857142857143,,,,-0.03541508241323754,,,,,,,,,184.70000000000002,3.7693877551020414,191,3.8979591836734695,,,,,,,,,,,,,,,,,,,"Jeremy Accardo","6428",435618
"Robbie Weinhardt",,2,2,,4.775510204081633,36,0,,,,49,,49,28,26,5,28,,,38,6.979591836734694,5.142857142857143,1.3571428571428572,0.9183673469387755,,,,,1.5714285714285714,,0.7,,,,-0.03541508241323754,,,,,,,,,165.70000000000002,3.381632653061225,172,3.510204081632653,,,,,,,,,,,,,,,,,,,"Robbie Weinhardt","8479",519405
"Cory Gearrin",,3,4,,4.775510204081633,45,0,,,,49,,50,28,26,6,26,,,42,7.714285714285714,4.775510204081633,1.6153846153846154,1.1020408163265305,,,,,1.5510204081632653,,0.7100591715976332,,,,-0.03541508241323754,,,,,,,,,164.8,3.3632653061224493,173,3.5306122448979593,,,,,,,,,,,,,,,,,,,"Cory Gearrin","7947",518715
"Leyson Septimo",,1,2,,6.061224489795919,40,0,,,,49,,51,36,33,6,49,,,42,7.714285714285714,9,0.8571428571428571,1.1020408163265305,,,,,2.0408163265306123,,0.6986899563318778,,,,-0.03541508241323754,,,,,,,,,93.20000000000002,1.902040816326531,104,2.122448979591837,,,,,,,,,,,,,,,,,,,"Leyson Septimo","341",465015
"Dave Borkowski",,2,3,,4.959183673469388,35,0,,,,49,,55,29,27,6,19,,,33,6.061224489795919,3.489795918367347,1.736842105263158,1.1020408163265305,,,,,1.510204081632653,,0.6859756097560976,,,,-0.03541508241323754,,,,,,,,,154.8,3.159183673469388,176,3.5918367346938775,,,,,,,,,,,,,,,,,,,"Dave Borkowski","2002",150185
"Stephen Randolph",,2,5,,5.472976499619677,32,4,,,,49.33330154418945,,47,33,30,7,42,,,46,8.391897299416838,7.662167099467548,1.0952380952380953,1.277027849911258,,,,,1.8040552165413009,,0.7070707070707071,,,,-0.035655978365399355,,,,,,,,,122.76643142700196,2.4885103486746383,121.66650772094727,2.4662145835094087,,,,,,,,,,,,,,,,,,,"Stephen Randolph","1655",150159
"Joe Smith",,2,2,,4.195948649708419,60,0,,,,49.33330154418945,,48,25,23,5,23,,,41,7.479734549480225,4.195948649708419,1.7826086956521738,0.9121627499366128,,,,,1.4391901165666559,,0.71875,,,,-0.035655978365399355,,,,,,,,,191.76643142700198,3.887159898577445,194.66650772094727,3.945945266739914,,,,,,,,,,,,,,,,,,,"Joe Smith","3281",501925
"Marwin Vega",,1,3,,5.97986194440218,35,0,,,,49.66669845581055,,53,36,33,7,38,,,29,5.255030193565552,6.885901632947965,0.7631578947368421,1.2684555639640989,,,,,1.832213592392587,,0.6773399014778325,,,,-0.03589694324501935,,,,,,,,,87.63356857299806,1.7644331372452187,101.33349227905273,2.0402703507504363,,,,,,,,,,,,,,,,,,,"Marwin Vega","sa294689",468477
"Fernando Cabrera",,2,2,,5.0738222558563955,42,0,,,,49.66669845581055,,53,30,28,6,29,,,44,7.9731492592029065,5.255030193565552,1.5172413793103448,1.0872476262549418,,,,,1.6510056546834302,,0.7065217391304348,,,,-0.03589694324501935,,,,,,,,,156.93356857299807,3.1597342576057277,171.33349227905273,3.449665421821657,,,,,,,,,,,,,,,,,,,"Fernando Cabrera","2105",425507
"Sean Henn",,2,3,,5.4,41,1,,,,50,,52,33,30,6,32,,,43,7.74,5.76,1.34375,1.08,,,,,1.68,,0.6746031746031746,,,,-0.036137839197181165,,,,,,,,,150.99999999999997,3.0199999999999996,162,3.24,,,,,,,,,,,,,,,,,,,"Sean Henn","2147",430675
"Steve Palazzolo",,2,4,,5.22,33,0,,,,50,,54,31,29,6,28,,,32,5.76,5.04,1.1428571428571428,1.08,,,,,1.64,,0.6929347826086957,,,,-0.036137839197181165,,,,,,,,,135.79999999999998,2.7159999999999997,152,3.04,,,,,,,,,,,,,,,,,,,"Steve Palazzolo","sa323450",496528
"Eric O'Flaherty",,2,2,,4.32,61,0,,,,50,,51,26,24,4,19,,,38,6.84,3.42,2,0.72,,,,,1.4,,0.6832298136645962,,,,-0.036137839197181165,,,,,,,,,207.20000000000002,4.144,217,4.34,,,,,,,,,,,,,,,,,,,"Eric O'Flaherty","5746",447714
"Kerry Wood",,4,2,,3.9337773189022487,52,0,,,,50.33330154418945,,46,24,22,5,21,,,53,9.476827177355418,3.7549692589521464,2.5238095238095237,0.894040299750511,,,,,1.3311266685174277,,0.7166666666666667,,,,-0.03637873514934298,,,,,,,,,234.36643142700194,4.656289657876765,229.66650772094727,4.562913631233084,,,,,,,,,,,,,,,,,,,"Kerry Wood","304",134268
"Ben Julianel",,2,3,,5.185433738552964,41,0,,,,50.33330154418945,,54,31,29,7,29,,,42,7.509938517904293,5.185433738552964,1.4482758620689655,1.2516564196507154,,,,,1.649007663984276,,0.7103825136612022,,,,-0.03637873514934298,,,,,,,,,142.96643142700194,2.8403944712723934,157.66650772094727,3.1324491516322657,,,,,,,,,,,,,,,,,,,"Ben Julianel","sa200186",447797
"Kelvin De La Cruz",,2,6,,6.43709015820368,12,12,,,,50.33330154418945,,58,39,36,7,41,,,36,6.43709015820368,7.331130457954191,0.8780487804878049,1.2516564196507154,,,,,1.9668886594511243,,0.6726457399103138,,,,-0.03637873514934298,,,,,,,,,84.56643142700193,1.6801288378183965,109.66650772094727,2.1788061652317205,,,,,,,,,,,,,,,,,,,"Kelvin De La Cruz","sa328950",456061
"Michael Gonzalez",,3,2,,4.1125853788523505,55,0,,,,50.33330154418945,,46,25,23,7,22,,,54,9.65563523730552,3.9337773189022487,2.4545454545454546,1.2516564196507154,,,,,1.3509942307341056,,0.7388316151202748,,,,-0.03637873514934298,,,,,,,,,208.76643142700192,4.147680065129807,202.66650772094727,4.026489451382777,,,,,,,,,,,,,,,,,,,"Michael Gonzalez","1794",283166
"Phillippe Aumont",,3,3,,4.618418154956068,46,4,,,,50.66669845581055,,47,28,26,6,31,,,47,8.348678972420585,5.506575492447619,1.5161290322580645,1.0657888049898618,,,,,1.5394727183186894,,0.7183908045977012,,,,-0.036619700028962976,,,,,,,,,179.93356857299807,3.551318204203277,176.33349227905273,3.4802641114033452,,,,,,,,,,,,,,,,,,,"Phillippe Aumont","5362",518418
"Kyle Farnsworth",,2,3,,4.618418154956068,54,0,,,,50.66669845581055,,54,28,26,7,20,,,45,7.993416037423963,3.5526293499662063,2.25,1.2434202724881722,,,,,1.4605253994305514,,0.7165109034267912,,,,-0.036619700028962976,,,,,,,,,178.43356857299804,3.521712959620225,192.33349227905273,3.796053386955897,,,,,,,,,,,,,,,,,,,"Kyle Farnsworth","278",150035
"Chorye Spoone",,2,6,,7.1052586999324125,12,11,,,,50.66669845581055,,59,44,40,9,43,,,27,4.796049622454378,7.638153102427343,0.627906976744186,1.5986832074847928,,,,,2.013156631647517,,0.6487695749440715,,,,-0.036619700028962976,,,,,,,,,35.833568572998075,0.707241041258109,61.333492279052734,1.2105286933693802,,,,,,,,,,,,,,,,,,,"Chorye Spoone","sa291699",461870
"Ryan Houston",,3,4,,4.9411764705882355,43,0,,,,51,,53,30,28,6,27,,,38,6.705882352941177,4.764705882352941,1.4074074074074074,1.0588235294117647,,,,,1.5686274509803921,,0.6983240223463688,,,,-0.03686059598112479,,,,,,,,,160.8,3.1529411764705886,172,3.372549019607843,,,,,,,,,,,,,,,,,,,"Ryan Houston","sa198475",455927
"Rich Rundles",,3,4,,4.9411764705882355,52,0,,,,51,,54,30,28,5,29,,,37,6.529411764705882,5.117647058823529,1.2758620689655173,0.8823529411764706,,,,,1.6274509803921569,,0.6973684210526315,,,,-0.03686059598112479,,,,,,,,,162.50000000000003,3.1862745098039222,177,3.4705882352941178,,,,,,,,,,,,,,,,,,,"Rich Rundles","2760",457858
"Brent Leach",,2,2,,4.588235294117647,52,0,,,,51,,46,28,26,5,35,,,42,7.411764705882353,6.176470588235294,1.2,0.8823529411764706,,,,,1.588235294117647,,0.7162162162162162,,,,-0.03686059598112479,,,,,,,,,175.3,3.4372549019607845,169,3.3137254901960786,,,,,,,,,,,,,,,,,,,"Brent Leach","4576",489052
"Bobby Seay",,3,2,,4.0588235294117645,64,0,,,,51,,48,25,23,5,21,,,43,7.588235294117647,3.7058823529411766,2.0476190476190474,0.8823529411764706,,,,,1.3529411764705883,,0.7096774193548387,,,,-0.03686059598112479,,,,,,,,,214.10000000000002,4.198039215686275,213,4.176470588235294,,,,,,,,,,,,,,,,,,,"Bobby Seay","1225",150144
"Eric Wordekemper",,2,3,,5.610393084732331,40,0,,,,51.33330154418945,,60,35,32,8,26,,,28,4.9090939491407894,4.558444381345019,1.0769230769230769,1.4025982711830827,,,,,1.6753257128020156,,0.6818181818181819,,,,-0.0371014919332866,,,,,,,,,103.46643142700202,2.0155810811805,130.66650772094727,2.5454530254296053,,,,,,,,,,,,,,,,,,,"Eric Wordekemper","sa294707",474544
"Blake Parker",,2,2,,4.558444381345019,43,0,,,,51.33330154418945,,48,28,26,5,32,,,46,8.064940059302726,5.610393084732331,1.4375,0.8766239194894268,,,,,1.5584425235367587,,0.7123287671232876,,,,-0.0371014919332866,,,,,,,,,189.566431427002,3.6928548471369362,187.66650772094727,3.6558433234495458,,,,,,,,,,,,,,,,,,,"Blake Parker","5224",453284
"Kyler Newby",,2,3,,5.2597435169365605,37,1,,,,51.33330154418945,,55,33,30,8,28,,,36,6.311692220323873,4.9090939491407894,1.2857142857142858,1.4025982711830827,,,,,1.6168841181693872,,0.6963788300835655,,,,-0.0371014919332866,,,,,,,,,126.46643142700202,2.4636333066973184,140.66650772094727,2.7402583408717,,,,,,,,,,,,,,,,,,,"Kyler Newby","sa288761",460313
"Justin Speier",,4,3,,4.207794813549248,50,0,,,,51.33330154418945,,48,26,24,8,20,,,51,8.941563978792153,3.506495677957707,2.55,1.4025982711830827,,,,,1.3246761450062448,,0.7394366197183099,,,,-0.0371014919332866,,,,,,,,,198.666431427002,3.8701276841892427,194.66650772094727,3.792207044259012,,,,,,,,,,,,,,,,,,,"Justin Speier","451",133221
"Clevelan Santeliz",,2,3,,5.922577001155115,42,0,,,,51.66669845581055,,56,37,34,7,46,,,36,6.2709638835760035,8.012898295680449,0.782608695652174,1.2193540884731118,,,,,1.9741923337183713,,0.7049891540130152,,,,-0.0373424568129066,,,,,,,,,84.63356857299803,1.6380680612945175,101.33349227905273,1.9612921922178008,,,,,,,,,,,,,,,,,,,"Clevelan Santeliz","sa323420",464436
"Jake Westbrook",,2,3,,4.703222912682002,10,10,,,,51.66669845581055,,56,29,27,6,20,,,31,5.399996677523781,3.4838688242088907,1.55,1.045160647262667,,,,,1.4709668368881983,,0.6952662721893492,,,,-0.0373424568129066,,,,,,,,,164.93356857299804,3.1922606534277063,182.33349227905273,3.5290331631118015,,,,,,,,,,,,,,,,,,,"Jake Westbrook","412",150414
"Luis Lebron",,2,4,,5.922577001155115,55,0,,,,51.66669845581055,,51,37,34,8,45,,,55,9.58063926657445,7.838704854470004,1.2222222222222223,1.3935475296835562,,,,,1.8580633729114084,,0.6957547169811321,,,,-0.0373424568129066,,,,,,,,,126.33356857299808,2.4451643389029116,129.33349227905273,2.503227342650295,,,,,,,,,,,,,,,,,,,"Luis Lebron","sa294749",489759
"Ron Villone",,2,3,,4.877416353892447,64,0,,,,51.66669845581055,,54,30,28,6,29,,,37,6.4451573247864475,5.051609795102892,1.2758620689655173,1.045160647262667,,,,,1.606450624496322,,0.710455764075067,,,,-0.0373424568129066,,,,,,,,,155.13356857299803,3.0025833507763333,167.33349227905273,3.238710761094394,,,,,,,,,,,,,,,,,,,"Ron Villone","1010",123725
"Casey Mulligan",,3,3,,4.529029471471558,48,0,,,,51.66669845581055,,50,28,26,5,33,,,50,8.709672060522227,5.74838355994467,1.5151515151515151,0.8709672060522227,,,,,1.606450624496322,,0.7236842105263158,,,,-0.0373424568129066,,,,,,,,,191.83356857299805,3.712905494378924,194.33349227905273,3.7612910847257277,,,,,,,,,,,,,,,,,,,"Casey Mulligan","sa328170",502012
"Josh Kinney",,2,3,,4.703222912682002,46,0,,,,51.66669845581055,,52,29,27,6,27,,,44,7.66451141325956,4.703222912682002,1.6296296296296295,1.045160647262667,,,,,1.5290313172916798,,0.708215297450425,,,,-0.0373424568129066,,,,,,,,,180.33356857299802,3.490324986165578,187.33349227905273,3.6258072971176043,,,,,,,,,,,,,,,,,,,"Josh Kinney","3638",448337
"Marcus McBeth",,2,3,,5.019230769230769,45,0,,,,52,,55,31,29,7,23,,,37,6.403846153846154,3.980769230769231,1.608695652173913,1.2115384615384615,,,,,1.5,,0.689149560117302,,,,-0.03758335276506841,,,,,,,,,160.7,3.090384615384615,174,3.3461538461538463,,,,,,,,,,,,,,,,,,,"Marcus McBeth","3874",455750
"Javier López",,2,2,,4.846153846153846,62,0,,,,52,,59,30,28,5,23,,,28,4.846153846153846,3.980769230769231,1.2173913043478262,0.8653846153846154,,,,,1.5769230769230769,,0.6933333333333334,,,,-0.03758335276506841,,,,,,,,,156.9,3.0173076923076922,182,3.5,,,,,,,,,,,,,,,,,,,"Javier Lopez","1663",425657
"Francisco Samuel",,3,6,,5.711538461538462,57,0,,,,52,,50,36,33,6,52,,,50,8.653846153846153,9,0.9615384615384616,1.0384615384615385,,,,,1.9615384615384615,,0.7051282051282052,,,,-0.03758335276506841,,,,,,,,,125,2.4038461538461537,126,2.423076923076923,,,,,,,,,,,,,,,,,,,"Francisco Samuel","sa396275",501740
"Tim Wood",,3,3,,4.471340295670318,40,0,,,,52.33330154418945,,54,28,26,5,25,,,36,6.191086563235825,4.299365668913768,1.44,0.8598731337827535,,,,,1.5095550570852785,,0.7083333333333334,,,,-0.037824248717230224,,,,,,,,,182.36643142700197,3.484710997509196,193.66650772094727,3.7006361533949503,,,,,,,,,,,,,,,,,,,"Tim Wood","3775",445971
"Chad Paronto",,1,2,,4.987264175939971,45,0,,,,52.33330154418945,,61,31,29,5,21,,,32,5.5031880562096225,3.611467161887565,1.5238095238095237,0.8598731337827535,,,,,1.5668799326707954,,0.68,,,,-0.037824248717230224,,,,,,,,,168.16643142700198,3.2133732530710826,197.66650772094727,3.777069320842306,,,,,,,,,,,,,,,,,,,"Chad Paronto","399",406301
"Ian Ostlund",,1,1,,4.643314922426869,31,0,,,,52.33330154418945,,55,29,27,7,18,,,39,6.707010443505478,3.0955432816179127,2.1666666666666665,1.203822387295855,,,,,1.3949053059142447,,0.6962025316455696,,,,-0.037824248717230224,,,,,,,,,182.16643142700195,3.480889339136828,194.66650772094727,3.719744445256789,,,,,,,,,,,,,,,,,,,"Ian Ostlund","sa200975",448322
"Jason Frasor",,4,3,,3.759491401689625,55,0,,,,52.66669845581055,,46,24,22,5,22,,,51,8.715184613007766,3.759491401689625,2.3181818181818183,0.8544298640203694,,,,,1.291138461186336,,0.7213114754098361,,,,-0.03806521359685022,,,,,,,,,244.63356857299806,4.644938371792098,234.33349227905273,4.449367420964651,,,,,,,,,,,,,,,,,,,"Jason Frasor","1906",430630
"R.J. Swindle",,2,2,,4.44303529290592,42,0,,,,52.66669845581055,,54,28,26,7,19,,,41,7.006324884967029,3.2468334832774035,2.1578947368421053,1.196201809628517,,,,,1.3860751127441546,,0.7120253164556962,,,,-0.03806521359685022,,,,,,,,,188.23356857299805,3.574052942219902,197.33349227905273,3.7468361994367916,,,,,,,,,,,,,,,,,,,"R.J. Swindle","539",449881
"Greg Reynolds",,2,4,,5.4683511297303635,11,11,,,,52.66669845581055,,62,35,32,7,19,,,22,3.759491401689625,3.2468334832774035,1.1578947368421053,1.196201809628517,,,,,1.5379737552366648,,0.6460674157303371,,,,-0.03806521359685022,,,,,,,,,129.43356857299804,2.4575979198999525,159.33349227905273,3.025317647597369,,,,,,,,,,,,,,,,,,,"Greg Reynolds","5712",453353
"Dave Williams",,2,3,,5.264150943396227,40,0,,,,53,,60,34,31,8,23,,,36,6.113207547169812,3.9056603773584904,1.565217391304348,1.3584905660377358,,,,,1.5660377358490567,,0.6824512534818942,,,,-0.038306109549012035,,,,,,,,,140.80000000000007,2.656603773584907,164,3.0943396226415096,,,,,,,,,,,,,,,,,,,"Dave Williams","1013",400063
"Rich Thompson",,7,9,,4.9245283018867925,36,1,,,,53,,55,31,29,9,20,,,46,7.811320754716981,3.3962264150943398,2.3,1.528301886792453,,,,,1.4150943396226414,,0.7051282051282052,,,,-0.038306109549012035,,,,,,,,,170.50000000000006,3.216981132075473,180,3.3962264150943398,,,,,,,,,,,,,,,,,,,"Rich Thompson","6422",460366
"Juan Cruz",,3,4,,4.584905660377358,52,0,,,,53,,49,29,27,6,30,,,52,8.830188679245284,5.09433962264151,1.7333333333333334,1.0188679245283019,,,,,1.490566037735849,,0.708215297450425,,,,-0.038306109549012035,,,,,,,,,205.00000000000003,3.8679245283018875,201,3.792452830188679,,,,,,,,,,,,,,,,,,,"Juan Cruz","273",407297
"Takashi Saito",,5,1,,2.7169811320754715,52,0,,,,53,,42,17,16,5,19,,,56,9.50943396226415,3.2264150943396226,2.9473684210526314,0.8490566037735849,,,,,1.150943396226415,,0.8148148148148148,,,,-0.038306109549012035,,,,,,,,,276.50000000000006,5.216981132075473,255,4.811320754716981,,,,,,,,,,,,,,,,,,,"Takashi Saito","6021",493416
"Sergio Romo",,5,3,,3.206251911075062,52,0,,,,53.33330154418945,,44,20,19,5,19,,,54,9.112505431476492,3.206251911075062,2.8421052631578947,0.84375050291449,,,,,1.181250704080286,,0.7678571428571429,,,,-0.03854700550117385,,,,,,,,,269.766431427002,5.058123604132893,252.66650772094727,4.737499843537714,,,,,,,,,,,,,,,,,,,"Sergio Romo","9817",489265
"Alberto Castillo",,2,3,,4.725002816321144,58,0,,,,53.33330154418945,,57,30,28,6,22,,,39,6.581253922733023,3.712502212823756,1.7727272727272727,1.012500603497388,,,,,1.481250882894327,,0.6940509915014165,,,,-0.03854700550117385,,,,,,,,,184.66643142700192,3.4624976530657126,200.66650772094727,3.7624992623920814,,,,,,,,,,,,,,,,,,,"Alberto Castillo","3316",441368
"Russ Springer",,3,2,,3.8571405723876406,70,0,,,,53.66669845581055,,52,25,23,6,19,,,49,8.217386436825842,3.1863335163202247,2.5789473684210527,1.0062105841011237,,,,,1.3229805827996255,,0.7348242811501597,,,,-0.038787970380793846,,,,,,,,,229.13356857299803,4.269567071685393,231.33349227905273,4.310559414597378,,,,,,,,,,,,,,,,,,,"Russ Springer","1652",122620
"Richard Lentz",,2,3,,6.166666666666667,40,0,,,,54,,56,40,37,6,50,,,48,8,8.333333333333334,0.96,1,,,,,1.962962962962963,,0.6762295081967213,,,,-0.03902886633295566,,,,,,,,,126.20000000000002,2.3370370370370375,138,2.5555555555555554,,,,,,,,,,,,,,,,,,,"Richard Lentz","sa327151",453246
"Erick Threets",,2,3,,4.833333333333333,41,2,,,,54,,55,31,29,6,33,,,34,5.666666666666667,5.5,1.0303030303030303,1,,,,,1.6296296296296295,,0.7160804020100503,,,,-0.03902886633295566,,,,,,,,,151.8,2.8111111111111113,161,2.9814814814814814,,,,,,,,,,,,,,,,,,,"Erick Threets","3158",408069
"Jailen Peguero",,3,4,,5.631905135584835,46,0,,,,54.33330154418945,,56,37,34,9,35,,,39,6.4601264790531925,5.797549404278506,1.1142857142857143,1.4907984182430445,,,,,1.6748476056804573,,0.6887755102040816,,,,-0.03926976228511747,,,,,,,,,118.766431427002,2.185886519898094,127.66650772094727,2.3496917009012543,,,,,,,,,,,,,,,,,,,"Jailen Peguero","2913",460639
"Clay Condrey",,3,4,,4.638039523422805,46,0,,,,54.33330154418945,,62,30,28,5,18,,,26,4.306750986035461,2.981596836486089,1.4444444444444444,0.828221343468358,,,,,1.472393499499303,,0.684931506849315,,,,-0.03926976228511747,,,,,,,,,177.36643142700197,3.2644147582813328,204.66650772094727,3.7668704441693337,,,,,,,,,,,,,,,,,,,"Clay Condrey","1579",424925
"Justin Duchscherer",,4,3,,3.9754624486481185,10,10,,,,54.33330154418945,,53,26,24,6,15,,,37,6.128837941665849,2.484664030405074,2.466666666666667,0.9938656121620296,,,,,1.2515344745744077,,0.7046979865771812,,,,-0.03926976228511747,,,,,,,,,219.46643142700196,4.039261837392841,222.66650772094727,4.098158981556677,,,,,,,,,,,,,,,,,,,"Justin Duchscherer","910",407113
"Mark DiFelice",,3,2,,3.457315062711842,54,0,,,,54.66669845581055,,50,23,21,6,14,,,48,7.902434429055639,2.3048767084745614,3.4285714285714284,0.9878043036319549,,,,,1.1707310265267614,,0.737410071942446,,,,-0.03951072716473747,,,,,,,,,254.73356857299808,4.6597576910358,249.33349227905273,4.560975865052464,,,,,,,,,,,,,,,,,,,"Mark DiFelice","2468",442707
"Taylor Buchholz",,5,4,,3.7865831639224936,37,3,,,,54.66669845581055,,54,25,23,5,14,,,38,6.256093923002381,2.3048767084745614,2.7142857142857144,0.823170253026629,,,,,1.2439017156846839,,0.7049180327868853,,,,-0.03951072716473747,,,,,,,,,236.6335685729981,4.328660322596201,242.33349227905273,4.4329271590261,,,,,,,,,,,,,,,,,,,"Taylor Buchholz","2168",430587
"Clay Rapada",,3,3,,4.609753416949123,53,0,,,,54.66669845581055,,56,30,28,5,30,,,41,6.749996074818358,4.939021518159774,1.3666666666666667,0.823170253026629,,,,,1.5731698168953356,,0.7088607594936709,,,,-0.03951072716473747,,,,,,,,,189.4335685729981,3.465246190532714,200.33349227905273,3.6646349228679127,,,,,,,,,,,,,,,,,,,"Clay Rapada","4831",449060
"Stephen Marek",,4,5,,5.268289619370426,51,0,,,,54.66669845581055,,56,35,32,6,37,,,46,7.573166327844987,6.091459872397055,1.2432432432432432,0.9878043036319549,,,,,1.7012185229217,,0.6855791962174942,,,,-0.03951072716473747,,,,,,,,,166.1335685729981,3.0390269261878147,176.33349227905273,3.2256107879203775,,,,,,,,,,,,,,,,,,,"Stephen Marek","sa288780",447821
"Clay Zavada",,4,2,,3.621949113317168,48,0,,,,54.66669845581055,,47,24,22,6,24,,,56,9.219506833898246,3.9512172145278197,2.3333333333333335,0.9878043036319549,,,,,1.2987797325531258,,0.7507987220447284,,,,-0.03951072716473747,,,,,,,,,248.5335685729981,4.54634312284102,235.33349227905273,4.304878452999735,,,,,,,,,,,,,,,,,,,"Clay Zavada","8577",501826
"Jesus Colome",,2,3,,4.581818181818182,49,0,,,,55,,57,30,28,7,23,,,40,6.545454545454546,3.7636363636363637,1.7391304347826086,1.1454545454545455,,,,,1.4545454545454546,,0.7122507122507122,,,,-0.03975162311689928,,,,,,,,,183.69999999999996,3.3399999999999994,195,3.5454545454545454,,,,,,,,,,,,,,,,,,,"Jesus Colome","1198",400125
"Jesse Crain",,5,5,,4.581818181818182,57,0,,,,55,,55,30,28,6,25,,,44,7.2,4.090909090909091,1.76,0.9818181818181818,,,,,1.4545454545454546,,0.6983240223463688,,,,-0.03975162311689928,,,,,,,,,203.2,3.6945454545454544,210,3.8181818181818183,,,,,,,,,,,,,,,,,,,"Jesse Crain","4817",430884
"Octavio Dotel",,3,3,,3.7636363636363637,57,0,,,,55,,48,25,23,6,28,,,61,9.981818181818182,4.581818181818182,2.1785714285714284,0.9818181818181818,,,,,1.3818181818181818,,0.7544378698224853,,,,-0.03975162311689928,,,,,,,,,246.39999999999998,4.4799999999999995,235,4.2727272727272725,,,,,,,,,,,,,,,,,,,"Octavio Dotel","555",136734
"Jose Veras",,4,3,,4.090909090909091,53,0,,,,55,,47,27,25,6,30,,,56,9.163636363636364,4.909090909090909,1.8666666666666667,0.9818181818181818,,,,,1.4,,0.728862973760933,,,,-0.03975162311689928,,,,,,,,,233,4.236363636363636,219,3.981818181818182,,,,,,,,,,,,,,,,,,,"Jose Veras","2063",407842
"Jose Mijares",,3,2,,4.090909090909091,58,0,,,,55,,53,27,25,6,21,,,46,7.527272727272727,3.4363636363636365,2.1904761904761907,0.9818181818181818,,,,,1.3454545454545455,,0.7164634146341464,,,,-0.03975162311689928,,,,,,,,,224.39999999999998,4.079999999999999,226,4.109090909090909,,,,,,,,,,,,,,,,,,,"Jose Mijares","4140",467726
"Ryan Speier",,2,3,,4.909090909090909,55,0,,,,55,,60,33,30,5,28,,,36,5.890909090909091,4.581818181818182,1.2857142857142858,0.8181818181818182,,,,,1.6,,0.6790123456790124,,,,-0.03975162311689928,,,,,,,,,177.5,3.227272727272727,198,3.6,,,,,,,,,,,,,,,,,,,"Ryan Speier","3808",434627
"Peter Moylan",,4,2,,3.6,62,0,,,,55,,51,24,22,4,24,,,44,7.2,3.9272727272727272,1.8333333333333333,0.6545454545454545,,,,,1.3636363636363635,,0.7348703170028817,,,,-0.03975162311689928,,,,,,,,,241.20000000000002,4.385454545454546,239,4.345454545454546,,,,,,,,,,,,,,,,,,,"Peter Moylan","4891",493247
"Boone Logan",,3,3,,5.042171571439474,61,0,,,,55.33330154418945,,59,34,31,7,27,,,43,6.993979921674109,4.391568788027929,1.5925925925925926,1.1385548709702038,,,,,1.5542177603720242,,0.6824146981627296,,,,-0.039992519069061094,,,,,,,,,174.96643142700194,3.1620457580553523,190.66650772094727,3.4457822396279756,,,,,,,,,,,,,,,,,,,"Boone Logan","5525",457429
"Dan Runzler",,2,3,,4.716870179733701,55,0,,,,55.33330154418945,,51,30,29,6,41,,,53,8.620486880202971,6.668678529968337,1.2926829268292683,0.9759041751173175,,,,,1.6626515576072818,,0.7416267942583733,,,,-0.039992519069061094,,,,,,,,,186.0664314270019,3.362648282940578,181.66650772094727,3.2831315437750894,,,,,,,,,,,,,,,,,,,"Dan Runzler","4080",502130
"Omar Aguilar",,2,3,,5.042171571439474,45,0,,,,55.33330154418945,,54,34,31,6,42,,,49,7.969884096791427,6.831329225821222,1.1666666666666667,0.9759041751173175,,,,,1.73494075576412,,0.7077625570776256,,,,-0.039992519069061094,,,,,,,,,167.26643142700195,3.0228890516034386,170.66650772094727,3.084336248843784,,,,,,,,,,,,,,,,,,,"Omar Aguilar","sa294680",456687
"Rafael Soriano",,3,1,,3.253013917057725,58,0,,,,55.33330154418945,,44,22,20,6,20,,,61,9.92169244702606,3.253013917057725,3.05,0.9759041751173175,,,,,1.1566271705094133,,0.7553956834532374,,,,-0.039992519069061094,,,,,,,,,283.26643142700186,5.119275798151749,260.66650772094727,4.710843207372647,,,,,,,,,,,,,,,,,,,"Rafael Soriano","1100",400089
"Charlie Manning",,2,2,,4.391568788027929,52,0,,,,55.33330154418945,,53,29,27,6,29,,,46,7.481932009232768,4.716870179733701,1.5862068965517242,0.9759041751173175,,,,,1.4819285622151859,,0.720108695652174,,,,-0.039992519069061094,,,,,,,,,202.86643142700194,3.6662629151992996,203.66650772094727,3.6807221336377003,,,,,,,,,,,,,,,,,,,"Charlie Manning","3578",425899
"Jim Hoey",,3,5,,5.530123658998132,49,0,,,,55.33330154418945,,58,37,34,7,37,,,44,7.156630617526996,6.018075746556791,1.1891891891891893,1.1385548709702038,,,,,1.7168684562249104,,0.6807511737089201,,,,-0.039992519069061094,,,,,,,,,149.56643142700193,2.7030093497594287,162.66650772094727,2.9397578525301076,,,,,,,,,,,,,,,,,,,"Jim Hoey","6007",460597
"Scott Downs",,2,2,,3.578315308763498,61,0,,,,55.33330154418945,,52,24,22,5,21,,,49,7.969884096791427,3.415664612910611,2.3333333333333335,0.8132534792644313,,,,,1.3192778663622997,,0.7424242424242424,,,,-0.039992519069061094,,,,,,,,,247.76643142700195,4.47770916450981,246.66650772094727,4.4578310138237125,,,,,,,,,,,,,,,,,,,"Scott Downs","773",275933
"Dallas Buck",,2,4,,5.3674729631452465,11,11,,,,55.33330154418945,,60,36,33,9,27,,,31,5.042171571439474,4.391568788027929,1.1481481481481481,1.4638562626759763,,,,,1.5722900599112337,,0.6854838709677419,,,,-0.039992519069061094,,,,,,,,,123.76643142700198,2.2367440216478225,140.66650772094727,2.5421672626674967,,,,,,,,,,,,,,,,,,,"Dallas Buck","sa326675",453271
"Dennis Sarfate",,2,4,,5.855425050703905,45,1,,,,55.33330154418945,,58,39,36,9,39,,,51,8.295185488497198,6.343377138262563,1.3076923076923077,1.4638562626759763,,,,,1.7530130553033296,,0.6872037914691943,,,,-0.039992519069061094,,,,,,,,,132.96643142700196,2.4030091774085505,144.66650772094727,2.614456460824335,,,,,,,,,,,,,,,,,,,"Dennis Sarfate","2174",430610
"Dewon Day",,2,5,,6.305385620787831,40,4,,,,55.66669845581055,,66,42,39,7,42,,,37,5.982032512029481,6.790415283925357,0.8809523809523809,1.1317358806542261,,,,,1.940118652550102,,0.6720977596741344,,,,-0.04023348394868109,,,,,,,,,102.23356857299805,1.8365301231966058,135.33349227905273,2.4311391915308835,,,,,,,,,,,,,,,,,,,"Dewon Day","5542",457440
"Brian Fuentes",,4,3,,4.041913859479379,63,0,,,,55.66669845581055,,52,27,25,6,23,,,51,8.245504273337934,3.718560750721029,2.217391304347826,0.970059326275051,,,,,1.3473046198264598,,0.7207207207207208,,,,-0.04023348394868109,,,,,,,,,235.93356857299804,4.238325158807241,233.33349227905273,4.191617228104124,,,,,,,,,,,,,,,,,,,"Brian Fuentes","429",150118
"Bob McCrory",,1,3,,6.952091838304532,52,0,,,,55.66669845581055,,77,47,43,8,43,,,30,4.850296631375255,6.952091838304532,0.6976744186046512,1.2934124350334013,,,,,2.1556873917223354,,0.6709558823529412,,,,-0.04023348394868109,,,,,,,,,44.33356857299805,0.7964109566905788,105.33349227905273,1.8922173436002996,,,,,,,,,,,,,,,,,,,"Bob McCrory","5924",455970
"Harvey Garcia",,2,4,,5.173649740133605,46,0,,,,55.66669845581055,,56,35,32,9,31,,,50,8.083827718958759,5.01197318575443,1.6129032258064515,1.4550889894125765,,,,,1.5628733589986932,,0.6989247311827956,,,,-0.04023348394868109,,,,,,,,,162.6335685729981,2.921559443696849,168.33349227905273,3.0239532242545257,,,,,,,,,,,,,,,,,,,"Harvey Garcia","3100",460648
"Scott Linebrink",,4,4,,4.68862007699608,58,0,,,,55.66669845581055,,60,31,29,9,22,,,46,7.437121501442058,3.5568841963418536,2.090909090909091,1.4550889894125765,,,,,1.4730530510102626,,0.7348703170028817,,,,-0.04023348394868109,,,,,,,,,171.23356857299808,3.0760503734369493,187.33349227905273,3.365270394610562,,,,,,,,,,,,,,,,,,,"Scott Linebrink","564",276530
"Freddy Garcia",,3,4,,5.335326294512781,11,11,,,,55.66669845581055,,63,36,33,9,19,,,36,5.820355957650306,3.0718545332043283,1.894736842105263,1.4550889894125765,,,,,1.4730530510102626,,0.6628242074927954,,,,-0.04023348394868109,,,,,,,,,152.43356857299807,2.73832601540045,176.33349227905273,3.167665717036015,,,,,,,,,,,,,,,,,,,"Freddy Garcia","1077",150119
"Henry Alberto Rodriguez",,2,3,,5.303571428571429,54,0,,,,56,,55,36,33,7,44,,,55,8.839285714285714,7.071428571428571,1.25,1.125,,,,,1.7678571428571428,,0.7062780269058295,,,,-0.040474379900842905,,,,,,,,,163.30000000000007,2.91607142857143,167,2.982142857142857,,,,,,,,,,,,,,,,,,,"Henry Alberto Rodriguez","6371",469159
"Wesley Wright",,3,5,,5.303571428571429,56,0,,,,56,,58,36,33,9,34,,,55,8.839285714285714,5.464285714285714,1.6176470588235294,1.4464285714285714,,,,,1.6428571428571428,,0.7052896725440806,,,,-0.040474379900842905,,,,,,,,,160.9000000000001,2.8732142857142873,171,3.0535714285714284,,,,,,,,,,,,,,,,,,,"Wesley Wright","5960",449079
"Scott Nestor",,1,3,,6.230772746821266,50,0,,,,56.33330154418945,,57,42,39,9,53,,,52,8.307696995761688,8.467460399526336,0.9811320754716981,1.4378706338818308,,,,,1.9526638237901404,,0.6981519507186857,,,,-0.04071527585300472,,,,,,,,,102.966431427002,1.8278075064752273,109.66650772094727,1.9467438391645078,,,,,,,,,,,,,,,,,,,"Scott Nestor","sa225795",451518
"Chris Schroder",,3,4,,4.633138709174788,50,0,,,,56.33330154418945,,55,31,29,6,35,,,51,8.14793359199704,5.591719131762675,1.457142857142857,0.9585804225878871,,,,,1.5976340376464786,,0.7230392156862746,,,,-0.04071527585300472,,,,,,,,,197.066431427002,3.498222650281156,200.66650772094727,3.562129366118169,,,,,,,,,,,,,,,,,,,"Chris Schroder","3553",456744
"Eduardo Sanchez",,1,2,,4.633138709174788,52,0,,,,56.33330154418945,,56,31,29,6,29,,,47,7.508879976938449,4.633138709174788,1.6206896551724137,0.9585804225878871,,,,,1.508876591110563,,0.7049608355091385,,,,-0.04071527585300472,,,,,,,,,204.466431427002,3.6295836711543115,210.66650772094727,3.7396442591900003,,,,,,,,,,,,,,,,,,,"Eduardo Sanchez","2966",500674
"Kam Mickolio",,3,5,,5.272192324233379,48,0,,,,56.33330154418945,,61,36,33,7,32,,,47,7.508879976938449,5.112428920468731,1.46875,1.118343826352535,,,,,1.6508885055680278,,0.6850961538461539,,,,-0.04071527585300472,,,,,,,,,170.16643142700198,3.020707587917931,188.66650772094727,3.349111494431972,,,,,,,,,,,,,,,,,,,"Kam Mickolio","9513",501874
"Joe Beimel",,3,3,,3.9940850941161963,73,0,,,,56.33330154418945,,59,27,25,4,21,,,33,5.272192324233379,3.355031479057605,1.5714285714285714,0.6390536150585914,,,,,1.4201191445746475,,0.7123655913978494,,,,-0.04071527585300472,,,,,,,,,217.266431427002,3.856802734286255,232.66650772094727,4.130177023948028,,,,,,,,,,,,,,,,,,,"Joe Beimel","979",346847
"Kevin Whelan",,2,3,,5.9112459392919705,39,2,,,,56.33330154418945,,53,40,37,7,57,,,49,7.828406784467745,9.106514014584928,0.8596491228070176,1.118343826352535,,,,,1.9526638237901404,,0.6986027944111777,,,,-0.04071527585300472,,,,,,,,,119.96643142700196,2.1295828246973394,117.66650772094727,2.0887557536219723,,,,,,,,,,,,,,,,,,,"Kevin Whelan","3462",460128
"David Patton",,3,6,,6.194114172254354,41,0,,,,56.66669845581055,,64,42,39,10,36,,,42,6.670584493196996,5.717643851311711,1.1666666666666667,1.588234403142142,,,,,1.7647048923801576,,0.6744186046511628,,,,-0.040956240732624716,,,,,,,,,105.93356857299804,1.8694148672805857,129.33349227905273,2.282354465734557,,,,,,,,,,,,,,,,,,,"David Patton","7503",456029
"Jon Link",,2,3,,4.605879769112212,55,0,,,,56.66669845581055,,54,31,29,7,31,,,48,7.623525135082281,4.92352664974064,1.5483870967741935,1.1117640821994994,,,,,1.499999158523134,,0.7180851063829787,,,,-0.040956240732624716,,,,,,,,,195.83356857299802,3.455884565530347,195.33349227905273,3.447059694705461,,,,,,,,,,,,,,,,,,,"Jon Link","3894",456899
"Victor Garate",,1,3,,5.808142755277077,53,0,,,,57.33330154418945,,63,40,37,7,40,,,44,6.90698057384301,6.279073248948191,1.1,1.0988378185659333,,,,,1.7965126240046212,,0.6759656652360515,,,,-0.04143803263694834,,,,,,,,,142.36643142700194,2.483136808670847,163.66650772094727,2.8546499732760346,,,,,,,,,,,,,,,,,,,"Victor Garate","4036",466339
"John Axford",,3,4,,5.1802354303822575,47,0,,,,57.33330154418945,,54,36,33,6,50,,,53,8.319772054856353,7.848841561185239,1.06,0.9418609873422287,,,,,1.8139544941405885,,0.7112970711297072,,,,-0.04143803263694834,,,,,,,,,166.06643142700196,2.89650913089327,164.66650772094727,2.872091843412002,,,,,,,,,,,,,,,,,,,"John Axford","9059",446099
"Jose G. Valdez",,2,6,,5.965119586500782,42,2,,,,57.33330154418945,,61,41,38,9,39,,,45,7.063957405066715,6.122096417724486,1.1538461538461537,1.4127914810133428,,,,,1.7441870135967197,,0.6750572082379862,,,,-0.04143803263694834,,,,,,,,,127.966431427002,2.23197387871292,142.66650772094727,2.488370700420724,,,,,,,,,,,,,,,,,,,"Jose G. Valdez","3217",451990
"Pedro Feliciano",,4,3,,3.9244207805926195,83,0,,,,57.33330154418945,,54,27,25,6,24,,,56,8.790702548527467,3.7674439493689147,2.3333333333333335,0.9418609873422287,,,,,1.3604658706054413,,0.7327586206896552,,,,-0.04143803263694834,,,,,,,,,250.06643142700196,4.361626222314515,248.66650772094727,4.337208934833247,,,,,,,,,,,,,,,,,,,"Pedro Feliciano","1601",408230
"Mike MacDougal",,1,2,,5.150286178210607,58,0,,,,57.66669845581055,,61,36,33,5,41,,,43,6.710978959486548,6.39884040323136,1.048780487804878,0.7803463906379707,,,,,1.7687851521127336,,0.6947368421052632,,,,-0.04167899751656834,,,,,,,,,169.63356857299814,2.941620954821729,186.33349227905273,3.231214847887266,,,,,,,,,,,,,,,,,,,"Mike MacDougal","612",213680
"Fernando Rodney",,4,3,,4.369939787572636,56,0,,,,57.66669845581055,,53,30,28,6,34,,,56,8.739879575145272,5.306355456338201,1.6470588235294117,0.9364156687655648,,,,,1.5086696885667434,,0.7251908396946566,,,,-0.04167899751656834,,,,,,,,,225.13356857299812,3.9040481699418925,220.33349227905273,3.820809898591511,,,,,,,,,,,,,,,,,,,"Fernando Rodney","494",407845
"Yasuhiko Yabuta",,2,5,,5.6184940125933895,41,0,,,,57.66669845581055,,66,39,36,7,27,,,40,6.242771125103766,4.213870509445042,1.4814814814814814,1.092484946893159,,,,,1.6127158739851395,,0.6490384615384616,,,,-0.04167899751656834,,,,,,,,,168.03356857299806,2.913875305376822,196.33349227905273,3.4046251569179264,,,,,,,,,,,,,,,,,,,"Yasuhiko Yabuta","3277",493161
"Dan Giese",,3,3,,4.213870509445042,26,4,,,,57.66669845581055,,59,29,27,6,17,,,36,5.6184940125933895,2.6531777281691005,2.1176470588235294,0.9364156687655648,,,,,1.3179183486330173,,0.6952662721893492,,,,-0.04167899751656834,,,,,,,,,220.53356857299806,3.8242794277877876,231.33349227905273,4.011561238525237,,,,,,,,,,,,,,,,,,,"Dan Giese","2656",435500
"LaTroy Hawkins",,3,2,,3.5895933969346654,60,0,,,,57.66669845581055,,55,25,23,5,19,,,41,6.39884040323136,2.9653162844242886,2.1578947368421053,0.7803463906379707,,,,,1.2832362868268852,,0.7313432835820896,,,,-0.04167899751656834,,,,,,,,,247.23356857299808,4.28728495289965,248.33349227905273,4.306358763877359,,,,,,,,,,,,,,,,,,,"LaTroy Hawkins","729",115629
"Jonah Bayliss",,3,7,,6.086701846976172,49,0,,,,57.66669845581055,,67,42,39,10,30,,,42,6.5549096813589545,4.682078343827825,1.4,1.5606927812759415,,,,,1.6820799975974035,,0.6626506024096386,,,,-0.04167899751656834,,,,,,,,,123.53356857299806,2.1421994301903844,152.33349227905273,2.6416197971830218,,,,,,,,,,,,,,,,,,,"Jonah Bayliss","4560",435058
"Mike Adams",,2,2,,3.433524118807071,51,0,,,,57.66669845581055,,50,24,22,5,21,,,54,8.427741018890083,3.2774548406794772,2.5714285714285716,0.7803463906379707,,,,,1.2312131941176871,,0.734375,,,,-0.04167899751656834,,,,,,,,,280.23356857299814,4.85953897270083,268.33349227905273,4.6531793819386795,,,,,,,,,,,,,,,,,,,"Mike Adams","1937",430606
"Ron Mahay",,2,2,,4.344827586206897,55,0,,,,58,,61,30,28,8,27,,,44,6.827586206896552,4.189655172413793,1.6296296296296295,1.2413793103448276,,,,,1.5172413793103448,,0.7552083333333334,,,,-0.04191989346873015,,,,,,,,,179.20000000000007,3.0896551724137944,193,3.3275862068965516,,,,,,,,,,,,,,,,,,,"Ron Mahay","290",118158
"Michael Kohn",,4,3,,4.5,53,0,,,,58,,53,31,29,6,39,,,60,9.310344827586206,6.051724137931035,1.5384615384615385,0.9310344827586207,,,,,1.5862068965517242,,0.729665071770335,,,,-0.04191989346873015,,,,,,,,,220.60000000000002,3.8034482758620696,215,3.706896551724138,,,,,,,,,,,,,,,,,,,"Michael Kohn","8505",543409
"Randor Bierd",,2,2,,5.120689655172414,34,5,,,,58,,66,36,33,7,24,,,40,6.206896551724138,3.7241379310344827,1.6666666666666667,1.0862068965517242,,,,,1.5517241379310345,,0.6733167082294265,,,,-0.04191989346873015,,,,,,,,,179.50000000000003,3.0948275862068972,207,3.5689655172413794,,,,,,,,,,,,,,,,,,,"Randor Bierd","5555",457452
"Beau Vaughan",,4,3,,4.9655172413793105,47,0,,,,58,,61,35,32,6,30,,,40,6.206896551724138,4.655172413793103,1.3333333333333333,0.9310344827586207,,,,,1.5689655172413792,,0.6779661016949153,,,,-0.04191989346873015,,,,,,,,,186.80000000000004,3.2206896551724147,202,3.4827586206896552,,,,,,,,,,,,,,,,,,,"Beau Vaughan","sa226255",459409
"Tim Byrdak",,2,1,,4.189655172413793,65,0,,,,58,,50,29,27,8,30,,,57,8.844827586206897,4.655172413793103,1.9,1.2413793103448276,,,,,1.3793103448275863,,0.7412790697674418,,,,-0.04191989346873015,,,,,,,,,224.80000000000007,3.8758620689655183,210,3.6206896551724137,,,,,,,,,,,,,,,,,,,"Tim Byrdak","1995",136263
"Eddie Kunz",,3,5,,5.431034482758621,48,0,,,,58,,64,38,35,7,33,,,36,5.586206896551724,5.120689655172414,1.0909090909090908,1.0862068965517242,,,,,1.6724137931034482,,0.676605504587156,,,,-0.04191989346873015,,,,,,,,,149.70000000000002,2.581034482758621,172,2.9655172413793105,,,,,,,,,,,,,,,,,,,"Eddie Kunz","2862",446333
"John Gaub",,2,2,,4.474288152579255,47,0,,,,58.33330154418945,,52,31,29,7,38,,,62,9.565719498617716,5.862860337862472,1.631578947368421,1.0800005885536132,,,,,1.5428579836480187,,0.7356608478802992,,,,-0.042160789420891964,,,,,,,,,220.3664314270019,3.7777123117241507,210.66650772094727,3.6114278147167833,,,,,,,,,,,,,,,,,,,"John Gaub","2857",453304
"Scott Patterson",,2,3,,5.091431346038462,51,1,,,,58.33330154418945,,59,36,33,7,36,,,48,7.4057183215104905,5.554288741132868,1.3333333333333333,1.0800005885536132,,,,,1.6285723160729086,,0.6924882629107981,,,,-0.042160789420891964,,,,,,,,,180.16643142700192,3.088569079028036,188.66650772094727,3.2342847520472673,,,,,,,,,,,,,,,,,,,"Scott Patterson","5",456499
"Jon Switzer",,2,3,,5.062497256833176,48,0,,,,58.66669845581055,,64,36,33,8,22,,,46,7.056814358009881,3.374998171222117,2.090909090909091,1.2272720622625881,,,,,1.4659082965914245,,0.6684491978609626,,,,-0.04240175430051196,,,,,,,,,195.33356857299802,3.3295476601624157,215.33349227905273,3.6704552658821963,,,,,,,,,,,,,,,,,,,"Jon Switzer","1786",408304
"Wilfredo Ledezma",,2,3,,5.062497256833176,39,2,,,,58.66669845581055,,61,36,33,6,37,,,51,7.823859396923999,5.67613328796447,1.3783783783783783,0.9204540466969411,,,,,1.670453640301856,,0.6919642857142858,,,,-0.04240175430051196,,,,,,,,,192.733568572998,3.2852295023584888,206.33349227905273,3.5170462580993727,,,,,,,,,,,,,,,,,,,"Wilfredo Ledezma","1669",425656
"George Sherrill",,3,1,,2.761362140090823,66,0,,,,58.66669845581055,,44,19,18,5,24,,,67,10.278403521449174,3.6818161867877643,2.7916666666666665,0.7670450389141176,,,,,1.1590902810257777,,0.8032786885245902,,,,-0.04240175430051196,,,,,,,,,320.233568572998,5.458523779281822,290.33349227905273,4.948863664072392,,,,,,,,,,,,,,,,,,,"George Sherrill","6291",430941
"Scott Munter",,3,5,,5.215906264615999,51,0,,,,58.66669845581055,,69,37,34,6,27,,,25,3.8352251945705875,4.142043210136235,0.9259259259259259,0.9204540466969411,,,,,1.6363627496834507,,0.6735159817351598,,,,-0.04240175430051196,,,,,,,,,149.93356857299804,2.5556844431246177,184.33349227905273,3.1420464612969154,,,,,,,,,,,,,,,,,,,"Scott Munter","3470",434639
"Zech Zinicola",,3,4,,5.369315272398823,46,0,,,,58.66669845581055,,65,38,35,7,35,,,40,6.136360311312941,5.369315272398823,1.1428571428571428,1.0738630544797645,,,,,1.7045445309202611,,0.6873614190687362,,,,-0.04240175430051196,,,,,,,,,154.03356857299798,2.6255707688923473,177.33349227905273,3.022728344132497,,,,,,,,,,,,,,,,,,,"Zech Zinicola","sa326785",453216
"Gabe DeHoyos",,4,4,,3.988634202353411,41,0,,,,58.66669845581055,,57,28,26,4,28,,,45,6.903405350227057,4.295452217919058,1.6071428571428572,0.6136360311312941,,,,,1.448862851282222,,0.7178841309823677,,,,-0.04240175430051196,,,,,,,,,242.733568572998,4.137501767818619,247.33349227905273,4.21590951577668,,,,,,,,,,,,,,,,,,,"Gabe DeHoyos","sa262554",452318
"Jay Marshall",,3,6,,5.369315272398823,60,0,,,,58.66669845581055,,70,38,35,6,25,,,28,4.295452217919058,3.8352251945705875,1.12,0.9204540466969411,,,,,1.6193173043742481,,0.6581986143187067,,,,-0.04240175430051196,,,,,,,,,159.33356857299805,2.715911629031122,196.33349227905273,3.3465918050073467,,,,,,,,,,,,,,,,,,,"Jay Marshall","5546",457444
"Willie Eyre",,2,2,,4.9090882490503525,38,2,,,,58.66669845581055,,63,35,32,7,26,,,31,4.755679241267528,3.988634202353411,1.1923076923076923,1.0738630544797645,,,,,1.5170446325190325,,0.6818181818181818,,,,-0.04240175430051196,,,,,,,,,168.23356857299802,2.867616092283025,186.33349227905273,3.1761373519153207,,,,,,,,,,,,,,,,,,,"Willie Eyre","2078",425466
"Jorge Julio",,2,3,,4.755679241267528,55,0,,,,58.66669845581055,,59,34,31,6,35,,,52,7.977268404706822,5.369315272398823,1.4857142857142858,0.9204540466969411,,,,,1.6022718590650455,,0.7009345794392524,,,,-0.04240175430051196,,,,,,,,,205.93356857299798,3.510229380439963,214.33349227905273,3.6534098205729935,,,,,,,,,,,,,,,,,,,"Jorge Julio","148",406402
"Casey Janssen",,2,3,,4.728813559322034,42,4,,,,59,,66,34,31,6,21,,,36,5.491525423728813,3.2033898305084745,1.7142857142857142,0.9152542372881356,,,,,1.4745762711864407,,0.6743002544529263,,,,-0.042642650252673775,,,,,,,,,200.20000000000002,3.3932203389830513,226,3.830508474576271,,,,,,,,,,,,,,,,,,,"Casey Janssen","7355",445163
"Jean Machi",,2,5,,5.6440677966101696,38,3,,,,59,,69,40,37,7,33,,,35,5.338983050847458,5.033898305084746,1.0606060606060606,1.0677966101694916,,,,,1.728813559322034,,0.6724511930585683,,,,-0.042642650252673775,,,,,,,,,142.1,2.4084745762711863,175,2.9661016949152543,,,,,,,,,,,,,,,,,,,"Jean Machi","3220",466948
"Bobby Cassevah",,2,5,,5.796610169491525,46,0,,,,59,,67,41,38,6,42,,,31,4.728813559322034,6.406779661016949,0.7380952380952381,0.9152542372881356,,,,,1.847457627118644,,0.6759443339960239,,,,-0.042642650252673775,,,,,,,,,124.6,2.111864406779661,153,2.593220338983051,,,,,,,,,,,,,,,,,,,"Bobby Cassevah","6950",445001
"Frank Francisco",,3,1,,3.6610169491525424,59,0,,,,59,,50,26,24,7,25,,,61,9.305084745762711,3.8135593220338984,2.44,1.0677966101694916,,,,,1.271186440677966,,0.7515337423312883,,,,-0.042642650252673775,,,,,,,,,267.5,4.533898305084746,251,4.254237288135593,,,,,,,,,,,,,,,,,,,"Frank Francisco","1933",407911
"Chris Gissell",,3,4,,4.88135593220339,14,10,,,,59,,64,35,32,9,16,,,42,6.406779661016949,2.440677966101695,2.625,1.3728813559322033,,,,,1.3559322033898304,,0.6676557863501483,,,,-0.042642650252673775,,,,,,,,,195.50000000000003,3.313559322033899,214,3.6271186440677967,,,,,,,,,,,,,,,,,,,"Chris Gissell","2015",277414
"Roque Mercedes",,2,2,,5.005620659399922,49,0,,,,59.33330154418945,,61,36,33,8,32,,,48,7.280902777308977,4.853935184872651,1.5,1.2134837962181628,,,,,1.567416570115127,,0.6968215158924206,,,,-0.04288354620483559,,,,,,,,,182.06643142700207,3.0685370051657266,192.66650772094727,3.2471900721293205,,,,,,,,,,,,,,,,,,,"Roque Mercedes","sa295235",444474
"Juan Rincon",,3,4,,5.157306133927192,53,0,,,,59.33330154418945,,59,37,34,7,29,,,51,7.735959200890788,4.39887876129084,1.7586206896551724,1.0617983216908924,,,,,1.4831468620444213,,0.6521739130434783,,,,-0.04288354620483559,,,,,,,,,214.56643142700202,3.616290107625313,220.66650772094727,3.7191004373252725,,,,,,,,,,,,,,,,,,,"Juan Rincon","752",346799
"Guillermo Mota",,4,3,,4.095507812236299,57,0,,,,59.33330154418945,,56,29,27,7,24,,,41,6.219104455618084,3.6404513886544887,1.7083333333333333,1.0617983216908924,,,,,1.348315329131292,,0.7264957264957265,,,,-0.04288354620483559,,,,,,,,,217.36643142700203,3.663481144144908,215.66650772094727,3.634830729254567,,,,,,,,,,,,,,,,,,,"Guillermo Mota","1467",150407
"Chia-Jen Lo",,1,2,,4.55056423581811,44,0,,,,59.33330154418945,,55,33,30,5,43,,,61,9.252813946163492,6.522475404672625,1.4186046511627908,0.7584273726363517,,,,,1.6516862781858328,,0.7142857142857143,,,,-0.04288354620483559,,,,,,,,,227.56643142700204,3.835391348609148,224.66650772094727,3.786516203781837,,,,,,,,,,,,,,,,,,,"Chia-Jen Lo","5440",547568
"Jason Childers",,4,5,,5.005620659399922,49,0,,,,59.33330154418945,,64,36,33,8,24,,,36,5.460677082981733,3.6404513886544887,1.5,1.2134837962181628,,,,,1.4831468620444213,,0.6770833333333334,,,,-0.04288354620483559,,,,,,,,,174.26643142700195,2.9370762605754233,192.66650772094727,3.2471900721293205,,,,,,,,,,,,,,,,,,,"Jason Childers","2379",431146
"Mike Koplove",,3,3,,4.095507812236299,50,0,,,,59.33330154418945,,56,29,27,6,27,,,41,6.219104455618084,4.095507812236299,1.5185185185185186,0.9101128471636222,,,,,1.3988771539737155,,0.7238605898123325,,,,-0.04288354620483559,,,,,,,,,220.66643142700204,3.7190991514715743,219.66650772094727,3.7022464957111314,,,,,,,,,,,,,,,,,,,"Mike Koplove","63",407377
"Alex Hinshaw",,2,2,,4.095507812236299,60,0,,,,59.33330154418945,,50,29,27,6,37,,,64,9.707870369745303,5.6123625575090035,1.7297297297297298,0.9101128471636222,,,,,1.4662929204302801,,0.7379134860050891,,,,-0.04288354620483559,,,,,,,,,252.26643142700203,4.251683706478435,235.66650772094727,3.9719095615373896,,,,,,,,,,,,,,,,,,,"Alex Hinshaw","3941",450527
"Glendon Rusch",,3,4,,5.58100261315148,23,7,,,,59.66669845581055,,72,40,37,9,22,,,42,6.3351921554692465,3.318433986198177,1.9090909090909092,1.3575411761719816,,,,,1.575418155063781,,0.6633906633906633,,,,-0.043124511084455586,,,,,,,,,161.6335685729981,2.708941046783487,199.33349227905273,3.3407830069009115,,,,,,,,,,,,,,,,,,,"Glendon Rusch","707",121556
"Zach Kroenke",,3,4,,5.58100261315148,42,1,,,,59.66669845581055,,63,40,37,9,39,,,39,5.882678430078586,5.882678430078586,1,1.3575411761719816,,,,,1.7094962959202729,,0.6935123042505592,,,,-0.043124511084455586,,,,,,,,,128.0335685729981,2.145812855186221,142.33349227905273,2.385476253298406,,,,,,,,,,,,,,,,,,,"Zach Kroenke","4383",476127
"Jose Vaquedano",,2,4,,6.3351921554692465,42,0,,,,59.66669845581055,,73,46,42,8,38,,,27,4.072623528515944,5.731840521615033,0.7105263157894737,1.206703267708428,,,,,1.8603342043838265,,0.6513026052104208,,,,-0.043124511084455586,,,,,,,,,93.3335685729981,1.5642489192211868,134.33349227905273,2.251398112441914,,,,,,,,,,,,,,,,,,,"Jose Vaquedano","sa202202",461260
"Nate Bump",,4,4,,4.977650979297265,13,11,,,,59.66669845581055,,68,36,33,7,22,,,24,3.620109803125284,3.318433986198177,1.0909090909090908,1.0558653592448746,,,,,1.508379084635535,,0.6733167082294265,,,,-0.043124511084455586,,,,,,,,,160.63356857299806,2.692181279176425,189.33349227905273,3.1731853308302966,,,,,,,,,,,,,,,,,,,"Nate Bump","1755",425546
"Eddie Morlan",,4,6,,5.58100261315148,43,0,,,,59.66669845581055,,66,40,37,9,31,,,39,5.882678430078586,4.675975162370158,1.2580645161290323,1.3575411761719816,,,,,1.6256974578849654,,0.6753554502369667,,,,-0.043124511084455586,,,,,,,,,144.2335685729981,2.417321090420617,166.33349227905273,2.7877106758678822,,,,,,,,,,,,,,,,,,,"Eddie Morlan","sa253282",461851
"Anthony Slama",,3,3,,4.5,52,0,,,,60,,56,33,30,6,38,,,59,8.85,5.7,1.5526315789473684,0.9,,,,,1.5666666666666667,,0.7126168224299065,,,,-0.0433654070366174,,,,,,,,,228.6,3.81,226,3.7666666666666666,,,,,,,,,,,,,,,,,,,"Anthony Slama","3064",460104
"Bobby Jenks",,4,3,,4.2,61,0,,,,60,,59,30,28,7,19,,,47,7.05,2.85,2.473684210526316,1.05,,,,,1.3,,0.7038123167155425,,,,-0.0433654070366174,,,,,,,,,241.49999999999997,4.0249999999999995,246,4.1,,,,,,,,,,,,,,,,,,,"Bobby Jenks","8645",408057
"Bill Bray",,4,3,,3.75,64,0,,,,60,,57,27,25,7,25,,,62,9.3,3.75,2.48,1.05,,,,,1.3666666666666667,,0.7617728531855955,,,,-0.0433654070366174,,,,,,,,,258.69999999999993,4.311666666666666,258,4.3,,,,,,,,,,,,,,,,,,,"Bill Bray","8538",435538
"Jason Grilli",,2,3,,5.1,55,0,,,,60,,63,37,34,5,35,,,48,7.2,5.25,1.3714285714285714,0.75,,,,,1.6333333333333333,,0.6703296703296703,,,,-0.0433654070366174,,,,,,,,,209.7,3.4949999999999997,226,3.7666666666666666,,,,,,,,,,,,,,,,,,,"Jason Grilli","521",276351
"Hideki Okajima",,4,2,,3.58011238356974,65,0,,,,60.33330154418945,,56,26,24,7,20,,,54,8.055252863031916,2.983426986308117,2.7,1.044199445207841,,,,,1.2596691719967605,,0.755287009063444,,,,-0.04360630298877921,,,,,,,,,262.76643142700186,4.3552470145288815,258.66650772094727,4.287292442159727,,,,,,,,,,,,,,,,,,,"Hideki Okajima","7763",506606
"Dan Wheeler",,5,5,,4.176797780831364,67,0,,,,60.33330154418945,,54,30,28,10,17,,,50,7.458567465770292,2.5359129383618995,2.9411764705882355,1.4917134931540585,,,,,1.1767962001548684,,0.7192982456140351,,,,-0.04360630298877921,,,,,,,,,232.0664314270019,3.8464069674196644,220.66650772094727,3.6574578561613476,,,,,,,,,,,,,,,,,,,"Dan Wheeler","120",235095
"Santiago Casilla",,2,2,,4.475140479462175,58,2,,,,60.33330154418945,,60,33,30,6,28,,,52,7.756910164401104,4.176797780831364,1.8571428571428572,0.895028095892435,,,,,1.4585643044173016,,0.6909547738693468,,,,-0.04360630298877921,,,,,,,,,236.6664314270019,3.922650101514205,243.66650772094727,4.038673526634051,,,,,,,,,,,,,,,,,,,"Santiago Casilla","2873",433586
"Logan Kensing",,2,3,,5.071825876723799,54,0,,,,60.33330154418945,,64,37,34,8,29,,,47,7.011053417824075,4.3259691301467695,1.6206896551724137,1.1933707945232468,,,,,1.5414372762591937,,0.684596577017115,,,,-0.04360630298877921,,,,,,,,,188.66643142700192,3.127069571832041,204.66650772094727,3.3922643462672926,,,,,,,,,,,,,,,,,,,"Logan Kensing","6166",434137
"Carlos Fisher",,3,3,,4.3259691301467695,45,0,,,,60.33330154418945,,58,31,29,6,31,,,52,7.756910164401104,4.624311828777581,1.6774193548387097,0.895028095892435,,,,,1.4751388987856802,,0.7196029776674938,,,,-0.04360630298877921,,,,,,,,,232.86643142700188,3.859666642914367,234.66650772094727,3.8895021773186453,,,,,,,,,,,,,,,,,,,"Carlos Fisher","9832",457567
"Matt Lindstrom",,3,3,,4.3259691301467695,67,1,,,,60.33330154418945,,63,31,29,6,24,,,52,7.756910164401104,3.58011238356974,2.1666666666666665,0.895028095892435,,,,,1.4419897100489232,,0.712468193384224,,,,-0.04360630298877921,,,,,,,,,240.86643142700188,3.992263397861394,255.66650772094727,4.237568659054593,,,,,,,,,,,,,,,,,,,"Matt Lindstrom","4604",434637
"Freddy Dolsi",,3,5,,4.922654527408393,52,0,,,,60.33330154418945,,67,36,33,6,34,,,35,5.220997226039205,5.071825876723799,1.0294117647058822,0.895028095892435,,,,,1.6740340312062212,,0.7019438444924406,,,,-0.04360630298877921,,,,,,,,,166.46643142700188,2.759113576854039,191.66650772094727,3.176794619478373,,,,,,,,,,,,,,,,,,,"Freddy Dolsi","5424",451767
"Kelvin Pichardo",,3,5,,5.220997226039205,48,0,,,,60.33330154418945,,61,38,35,8,41,,,48,7.16022476713948,6.11602532193164,1.170731707317073,1.1933707945232468,,,,,1.6906086255745996,,0.7048458149779736,,,,-0.04360630298877921,,,,,,,,,162.46643142700194,2.6928151993805263,170.66650772094727,2.828728137742426,,,,,,,,,,,,,,,,,,,"Kelvin Pichardo","sa254896",464351
"Jason Bulger",,4,2,,3.878455082200552,58,0,,,,60.33330154418945,,51,28,26,6,31,,,66,9.845309054816786,4.624311828777581,2.129032258064516,0.895028095892435,,,,,1.359116738207031,,0.7336956521739131,,,,-0.04360630298877921,,,,,,,,,279.06643142700193,4.6254129027334505,262.66650772094727,4.353590819633241,,,,,,,,,,,,,,,,,,,"Jason Bulger","3915",408072
"Anthony Varvaro",,2,5,,5.817682623300828,56,0,,,,60.33330154418945,,58,42,39,8,62,,,50,7.458567465770292,9.248623657555163,0.8064516129032258,1.1933707945232468,,,,,1.9889513242054113,,0.7169117647058824,,,,-0.04360630298877921,,,,,,,,,111.26643142700192,1.8441959677195505,111.66650772094727,1.8508270700080987,,,,,,,,,,,,,,,,,,,"Anthony Varvaro","2385",460008
"Casey Daigle",,3,4,,4.922654527408393,48,0,,,,60.33330154418945,,63,36,33,8,33,,,49,7.309396116454886,4.922654527408393,1.4848484848484849,1.1933707945232468,,,,,1.591161059364329,,0.7075471698113208,,,,-0.04360630298877921,,,,,,,,,183.26643142700192,3.0375667622427973,196.66650772094727,3.259667591320265,,,,,,,,,,,,,,,,,,,"Casey Daigle","1880",430664
"Adam Bostick",,2,5,,6.082414395251434,28,8,,,,60.66669845581055,,70,45,41,11,32,,,42,6.230765965867322,4.747250259708436,1.3125,1.6318672767747748,,,,,1.6813178003134044,,0.6581986143187067,,,,-0.04384726786839921,,,,,,,,,119.63356857299806,1.9719808662430973,148.33349227905273,2.4450562838374736,,,,,,,,,,,,,,,,,,,"Adam Bostick","sa201275",445239
"Jose Valverde",,4,3,,3.8571408360131043,64,0,,,,60.66669845581055,,55,28,26,8,23,,,58,8.60439109572154,3.4120861241654383,2.5217391304347827,1.186812564927109,,,,,1.2857136120043682,,0.7485029940119761,,,,-0.04384726786839921,,,,,,,,,254.5335685729981,4.195606074696807,246.33349227905273,4.0604400527660385,,,,,,,,,,,,,,,,,,,"Jose Valverde","1726",407878
"Joe Bateman",,3,3,,4.747250259708436,43,1,,,,60.66669845581055,,61,35,32,6,34,,,42,6.230765965867322,5.043953400940214,1.2352941176470589,0.8901094236953317,,,,,1.5659332453899355,,0.6928406466512702,,,,-0.04384726786839921,,,,,,,,,198.53356857299806,3.2725296353090543,207.33349227905273,3.4175832467638547,,,,,,,,,,,,,,,,,,,"Joe Bateman","sa201981",461213
"Roy Corcoran",,3,3,,4.598898689092548,48,0,,,,60.66669845581055,,63,34,31,4,34,,,39,5.785711254019657,5.043953400940214,1.1470588235294117,0.5934062824635545,,,,,1.5989002610823553,,0.6892778993435448,,,,-0.04384726786839921,,,,,,,,,211.93356857299807,3.4934086404482665,227.33349227905273,3.7472534036880516,,,,,,,,,,,,,,,,,,,"Roy Corcoran","1780",429981
"Rocky Roquet",,2,3,,5.48900811278788,48,0,,,,60.66669845581055,,68,40,37,7,36,,,40,5.934062824635546,5.340656542171991,1.1111111111111112,1.0384609943112204,,,,,1.7142848160058242,,0.6794055201698513,,,,-0.04384726786839921,,,,,,,,,158.03356857299804,2.6049475675375553,184.33349227905273,3.0384625663010283,,,,,,,,,,,,,,,,,,,"Rocky Roquet","sa326435",503352
"Brian Sanches",,4,3,,4.153843977244882,53,0,,,,60.66669845581055,,59,30,28,7,25,,,57,8.456039525105652,3.7087892653972157,2.28,1.0384609943112204,,,,,1.3846146590816273,,0.7277628032345013,,,,-0.04384726786839921,,,,,,,,,248.43356857299804,4.0950566768349255,251.33349227905273,4.142857591997088,,,,,,,,,,,,,,,,,,,"Brian Sanches","2739",430083
"Jared Wells",,2,4,,5.934062824635546,45,2,,,,60.66669845581055,,66,44,40,9,43,,,44,6.527469107099099,6.379117536483211,1.0232558139534884,1.3351641355429977,,,,,1.7967023552368735,,0.6742738589211618,,,,-0.04384726786839921,,,,,,,,,125.63356857299809,2.070881913320357,145.33349227905273,2.395605760298844,,,,,,,,,,,,,,,,,,,"Jared Wells","5538",457437
"Connor Robertson",,3,5,,5.043953400940214,48,0,,,,60.66669845581055,,64,37,34,8,29,,,47,6.972523818946765,4.30219554786077,1.6206896551724137,1.186812564927109,,,,,1.5329662296975157,,0.684596577017115,,,,-0.04384726786839921,,,,,,,,,191.1335685729981,3.150551677247102,206.33349227905273,3.4010997389176447,,,,,,,,,,,,,,,,,,,"Connor Robertson","7705",452075
"Sam Demel",,3,5,,5.340656542171991,57,0,,,,60.66669845581055,,65,39,36,7,39,,,46,6.824172248330877,5.785711254019657,1.1794871794871795,1.0384609943112204,,,,,1.7142848160058242,,0.6900212314225053,,,,-0.04384726786839921,,,,,,,,,168.83356857299805,2.7829694522766215,187.33349227905273,3.087913089839658,,,,,,,,,,,,,,,,,,,"Sam Demel","868",451585
"Jeff Kennard",,3,3,,5.043953400940214,46,0,,,,60.66669845581055,,64,37,34,8,33,,,43,6.379117536483211,4.895601830324325,1.303030303030303,1.186812564927109,,,,,1.5989002610823553,,0.6993006993006993,,,,-0.04384726786839921,,,,,,,,,171.1335685729981,2.820881520322905,186.33349227905273,3.071429581993448,,,,,,,,,,,,,,,,,,,"Jeff Kennard","sa200918",457498
"Chris Bootcheck",,2,2,,4.131147540983607,47,0,,,,61,,60,3,28,5,24,,,56,8.262295081967213,3.540983606557377,2.3333333333333335,0.7377049180327869,,,,,1.3770491803278688,,1,,,,-0.04408816382056102,,,,,,,,,273.9000000000001,4.490163934426231,280,4.590163934426229,,,,,,,,,,,,,,,,,,,"Chris Bootcheck","1842",408052
"Casey Fien",,3,3,,5.311475409836065,50,0,,,,61,,66,39,36,10,24,,,46,6.786885245901639,3.540983606557377,1.9166666666666667,1.4754098360655739,,,,,1.4754098360655739,,0.6710526315789473,,,,-0.04408816382056102,,,,,,,,,176.8000000000001,2.8983606557377066,195,3.19672131147541,,,,,,,,,,,,,,,,,,,"Casey Fien","3926",502272
"Shawn Camp",,3,3,,4.255436988207044,54,0,,,,61.33330154418945,,62,31,29,6,22,,,49,7.190221118005005,3.2282625427777574,2.227272727272727,0.8804352389393884,,,,,1.3695659272390486,,0.7010582010582012,,,,-0.044329059772722834,,,,,,,,,250.86643142700197,4.090215675838966,260.66650772094727,4.2499996112738545,,,,,,,,,,,,,,,,,,,"Shawn Camp","1855",425861
"Osiris Matos",,2,3,,4.5243219920380096,49,0,,,,61.66669845581055,,65,34,31,7,22,,,45,6.567564181990659,3.2108091556398777,2.0454545454545454,1.0216210949763247,,,,,1.410810083538734,,0.6865284974093264,,,,-0.04457002465234283,,,,,,,,,225.23356857299802,3.6524343643011323,241.33349227905273,3.913514073596607,,,,,,,,,,,,,,,,,,,"Osiris Matos","4100",467683
"Bobby Korecky",,4,4,,4.5243219920380096,52,0,,,,61.66669845581055,,66,34,31,6,24,,,43,6.275672440568852,3.5027008970616844,1.7916666666666667,0.8756752242654211,,,,,1.4594587071090352,,0.6862745098039216,,,,-0.04457002465234283,,,,,,,,,224.93356857299804,3.6475695019441026,244.33349227905273,3.9621626971669084,,,,,,,,,,,,,,,,,,,"Bobby Korecky","4608",445090
"Craig Breslow",,5,4,,4.232430250616202,64,0,,,,61.66669845581055,,58,31,29,7,26,,,49,7.151347664834272,3.7945926384834916,1.8846153846153846,1.0216210949763247,,,,,1.3621614599684329,,0.7142857142857143,,,,-0.04457002465234283,,,,,,,,,239.433568572998,3.8827045158672244,237.33349227905273,3.848649242169539,,,,,,,,,,,,,,,,,,,"Craig Breslow","4363",444520
"Jordan Norberto",,2,5,,6.129726569857948,55,0,,,,61.66669845581055,,66,46,42,10,51,,,57,8.318914630521501,7.44323940625608,1.1176470588235294,1.4594587071090352,,,,,1.8972963192417458,,0.6893203883495146,,,,-0.04457002465234283,,,,,,,,,122.73356857299805,1.9902730589825095,139.33349227905273,2.2594608722063674,,,,,,,,,,,,,,,,,,,"Jordan Norberto","8432",467099
"Javy Guerra",,3,3,,4.645161290322581,47,0,,,,62,,59,35,32,5,43,,,52,7.548387096774194,6.241935483870968,1.2093023255813953,0.7258064516129032,,,,,1.6451612903225807,,0.7052631578947368,,,,-0.044810920604504645,,,,,,,,,218.89999999999995,3.530645161290322,220,3.5483870967741935,,,,,,,,,,,,,,,,,,,"Javy Guerra","7407",457915
"Sean White",,2,2,,4.209677419354839,51,0,,,,62,,63,31,29,5,24,,,27,3.9193548387096775,3.4838709677419355,1.125,0.7258064516129032,,,,,1.403225806451613,,0.7,,,,-0.044810920604504645,,,,,,,,,215.49999999999994,3.475806451612902,227,3.661290322580645,,,,,,,,,,,,,,,,,,,"Sean White","5564",457461
"Joe Nelson",,3,3,,4.790322580645161,62,0,,,,62,,59,36,33,9,36,,,55,7.983870967741935,5.225806451612903,1.5277777777777777,1.3064516129032258,,,,,1.532258064516129,,0.7160194174757281,,,,-0.044810920604504645,,,,,,,,,196.69999999999996,3.1725806451612897,195,3.1451612903225805,,,,,,,,,,,,,,,,,,,"Joe Nelson","108",406874
"Ehren Wassermann",,4,4,,4.5,55,0,,,,62,,65,34,31,5,28,,,40,5.806451612903226,4.064516129032258,1.4285714285714286,0.7258064516129032,,,,,1.5,,0.686046511627907,,,,-0.044810920604504645,,,,,,,,,224.29999999999995,3.61774193548387,241,3.8870967741935485,,,,,,,,,,,,,,,,,,,"Ehren Wassermann","6380",469164
"Steven Register",,2,5,,5.661290322580645,60,0,,,,62,,74,42,39,10,27,,,37,5.370967741935484,3.9193548387096775,1.3703703703703705,1.4516129032258065,,,,,1.6290322580645162,,0.6781609195402298,,,,-0.044810920604504645,,,,,,,,,136.39999999999995,2.1999999999999993,173,2.7903225806451615,,,,,,,,,,,,,,,,,,,"Steven Register","7463",461862
"Bryan Bullington",,2,3,,5.080645161290323,55,0,,,,62,,71,38,35,7,25,,,41,5.951612903225806,3.629032258064516,1.64,1.0161290322580645,,,,,1.5483870967741935,,0.6728538283062645,,,,-0.044810920604504645,,,,,,,,,195.09999999999994,3.146774193548386,226,3.6451612903225805,,,,,,,,,,,,,,,,,,,"Bryan Bullington","5066",425860
"Mariano Rivera",,5,2,,3.176472208192493,62,0,,,,62.33330154418945,,53,24,22,7,13,,,64,9.240646423832708,1.8770063048410186,4.923076923076923,1.0106957026067023,,,,,1.0588240693974977,,0.7473309608540925,,,,-0.04505181655666646,,,,,,,,,326.36643142700194,5.235827773307236,309.66650772094727,4.9679144221394695,,,,,,,,,,,,,,,,,,,"Mariano Rivera","844",121250
"Waldis Joaquin",,3,5,,4.7647083122887395,53,0,,,,62.33330154418945,,63,36,33,5,39,,,48,6.93048481787453,5.631018914523056,1.2307692307692308,0.7219255018619302,,,,,1.6363644708870417,,0.6947368421052632,,,,-0.04505181655666646,,,,,,,,,214.96643142700196,3.448661086475702,225.66650772094727,3.6203201519972,,,,,,,,,,,,,,,,,,,"Waldis Joaquin","6580",471183
"Jared Burton",,2,2,,3.609627509309651,57,0,,,,62.33330154418945,,58,27,25,6,26,,,53,7.65241031973646,3.754012609682037,2.0384615384615383,0.8663106022343162,,,,,1.3475942701422696,,0.7539682539682541,,,,-0.04505181655666646,,,,,,,,,264.66643142700195,4.245987696309879,261.66650772094727,4.197860553486744,,,,,,,,,,,,,,,,,,,"Jared Burton","8346",454537
"Joakim Soria",,4,2,,3.032087107820107,58,0,,,,62.33330154418945,,48,25,21,6,19,,,72,10.395727226811795,2.743316907075335,3.789473684210526,0.8663106022343162,,,,,1.0748668583277627,,0.7167235494880546,,,,-0.04505181655666646,,,,,,,,,349.66643142700195,5.609624755382413,320.66650772094727,5.144385100372386,,,,,,,,,,,,,,,,,,,"Joakim Soria","6941",465657
"Manny Corpas",,3,3,,4.164891504281884,63,0,,,,62.66669845581055,,67,31,29,6,16,,,41,5.888294885364043,2.297871174776212,2.5625,0.8617016905410795,,,,,1.3244674132390666,,0.6970509383378016,,,,-0.045292781436286456,,,,,,,,,249.7335685729981,3.9851081152631305,269.33349227905273,4.297872696596158,,,,,,,,,,,,,,,,,,,"Manny Corpas","2807",466918
"Darren O'Day",,4,2,,3.877657607434857,62,0,,,,62.66669845581055,,57,29,27,7,23,,,48,6.893613524328636,3.3031898137408047,2.0869565217391304,1.0053186389645927,,,,,1.2765950970978954,,0.7264957264957265,,,,-0.045292781436286456,,,,,,,,,256.43356857299807,4.092022954645079,249.33349227905273,3.9787239223216835,,,,,,,,,,,,,,,,,,,"Darren O'Day","3321",503285
"Brian Wolfe",,3,4,,5.026593194822963,48,2,,,,62.66669845581055,,70,38,35,8,22,,,38,5.457444040093503,3.1595728653172914,1.7272727272727273,1.148935587388106,,,,,1.4680843616625798,,0.6683168316831684,,,,-0.045292781436286456,,,,,,,,,193.33356857299816,3.085108571809115,219.33349227905273,3.500000760909973,,,,,,,,,,,,,,,,,,,"Brian Wolfe","8515",430582
"Joe Nathan",,3,1,,2.7287220200467517,65,0,,,,62.66669845581055,,48,20,19,6,21,,,75,10.771271131763493,3.015955916893778,3.5714285714285716,0.8617016905410795,,,,,1.1010632712469348,,0.8085808580858086,,,,-0.045292781436286456,,,,,,,,,352.1335685729981,5.619149839548437,322.33349227905273,5.143616948423513,,,,,,,,,,,,,,,,,,,"Joe Nathan","1122",150274
"Danys Baez",,6,3,,4.142857142857143,57,0,,,,63,,59,31,29,7,24,,,42,6,3.4285714285714284,1.75,1,,,,,1.3174603174603174,,0.7103825136612022,,,,-0.04553367738844827,,,,,,,,,238.70000000000002,3.788888888888889,236,3.746031746031746,,,,,,,,,,,,,,,,,,,"Danys Baez","367",276056
"Jeff Ridgway",,2,3,,5.285714285714286,56,0,,,,63,,69,40,37,8,31,,,51,7.285714285714286,4.428571428571429,1.6451612903225807,1.1428571428571428,,,,,1.5873015873015872,,0.6756756756756757,,,,-0.04553367738844827,,,,,,,,,197.40000000000006,3.133333333333334,220,3.492063492063492,,,,,,,,,,,,,,,,,,,"Jeff Ridgway","2819",455047
"Huston Street",,5,3,,3.142857142857143,63,0,,,,63,,50,24,22,6,17,,,71,10.142857142857142,2.4285714285714284,4.176470588235294,0.8571428571428571,,,,,1.0634920634920635,,0.7337883959044369,,,,-0.04553367738844827,,,,,,,,,353.40000000000003,5.60952380952381,328,5.2063492063492065,,,,,,,,,,,,,,,,,,,"Huston Street","8258",434718
"Jake McGee",,3,5,,5.714285714285714,16,16,,,,63,,65,44,40,9,35,,,45,6.428571428571429,5,1.2857142857142858,1.2857142857142858,,,,,1.5873015873015872,,0.6407322654462242,,,,-0.04553367738844827,,,,,,,,,171.50000000000006,2.722222222222223,183,2.9047619047619047,,,,,,,,,,,,,,,,,,,"Jake McGee","7550",459429
"Zach Simons",,3,5,,5.826318713900272,45,0,,,,63.33330154418945,,68,45,41,8,44,,,41,5.826318713900272,6.252634717356389,0.9318181818181818,1.13684267588298,,,,,1.768421940262413,,0.6646825396825397,,,,-0.04577457334061008,,,,,,,,,143.46643142700196,2.2652605805952075,162.66650772094727,2.568419832139182,,,,,,,,,,,,,,,,,,,"Zach Simons","sa291239",450583
"Evan Meek",,1,1,,4.54737070353192,48,0,,,,63.33330154418945,,62,35,32,5,37,,,51,7.247372058753997,5.257897375958782,1.3783783783783783,0.7105266724268624,,,,,1.5631586793390972,,0.6956521739130435,,,,-0.04577457334061008,,,,,,,,,236.96643142700194,3.7415771110821323,242.66650772094727,3.8315783608980483,,,,,,,,,,,,,,,,,,,"Evan Meek","5109",457425
"David Weathers",,5,4,,4.263160034561174,66,0,,,,63.33330154418945,,62,33,30,7,27,,,42,5.9684240483856446,3.836844031105057,1.5555555555555556,0.9947373413976074,,,,,1.4052638632442391,,0.7070707070707071,,,,-0.04577457334061008,,,,,,,,,224.3664314270019,3.5426296428026105,228.66650772094727,3.610525618365247,,,,,,,,,,,,,,,,,,,"David Weathers","902",124000
"Esmerling Vasquez",,3,3,,4.689476038017292,63,0,,,,63.33330154418945,,62,36,33,7,39,,,49,6.963161389783251,5.542108044929527,1.2564102564102564,0.9947373413976074,,,,,1.594737642558069,,0.712719298245614,,,,-0.04577457334061008,,,,,,,,,202.3664314270019,3.1952610473939225,206.66650772094727,3.2631570229565585,,,,,,,,,,,,,,,,,,,"Esmerling Vasquez","5280",458220
"Jason Anderson",,2,4,,5.513086252518972,47,0,,,,63.66669845581055,,75,42,39,9,27,,,39,5.513086252518972,3.8167520209746733,1.4444444444444444,1.2722506736582244,,,,,1.6020934409029493,,0.6711409395973154,,,,-0.04601553822023008,,,,,,,,,162.433568572998,2.5513113215025442,198.33349227905273,3.115184187173001,,,,,,,,,,,,,,,,,,,"Jason Anderson","1661",425427
"Matt Thornton",,5,3,,3.8167520209746733,69,0,,,,63.66669845581055,,57,30,27,7,23,,,66,9.329838273493646,3.2513072771265734,2.869565217391304,0.9895283017341745,,,,,1.2565438752179994,,0.7122507122507122,,,,-0.04601553822023008,,,,,,,,,299.83356857299793,4.709425427189457,290.33349227905273,4.5602096436737005,,,,,,,,,,,,,,,,,,,"Matt Thornton","1918",407819
"Jon Adkins",,2,3,,4.664919136746823,59,0,,,,63.66669845581055,,69,36,33,8,21,,,37,5.230363880594922,2.9685849052025235,1.7619047619047619,1.1308894876961995,,,,,1.4136118596202494,,0.6852791878172589,,,,-0.04601553822023008,,,,,,,,,204.33356857299802,3.209426176147972,225.33349227905273,3.539267745059076,,,,,,,,,,,,,,,,,,,"Jon Adkins","1799",424668
"Henry Sosa",,2,4,,5.371725066556947,15,14,,,,63.66669845581055,,72,41,38,9,31,,,36,5.089002694632898,4.382196764822773,1.1612903225806452,1.2722506736582244,,,,,1.617800239343174,,0.6858407079646017,,,,-0.04601553822023008,,,,,,,,,152.233568572998,2.3911019774122493,180.33349227905273,2.832461815248951,,,,,,,,,,,,,,,,,,,"Henry Sosa","6936",464400
"Jose Marte",,3,4,,5.371725066556947,48,0,,,,63.66669845581055,,69,41,38,8,41,,,47,6.643975740215172,5.795808624443022,1.146341463414634,1.1308894876961995,,,,,1.7277478284247492,,0.6983805668016194,,,,-0.04601553822023008,,,,,,,,,164.33356857299802,2.581154238538972,185.33349227905273,2.910995807450076,,,,,,,,,,,,,,,,,,,"Jose Marte","sa295503",457484
"Blake Hawksworth",,3,3,,4.382196764822773,58,0,,,,63.66669845581055,,66,34,31,7,25,,,43,6.078530996367072,3.5340296490506233,1.72,0.9895283017341745,,,,,1.4293186580604742,,0.7019704433497537,,,,-0.04601553822023008,,,,,,,,,224.43356857299798,3.5251328247964935,238.33349227905273,3.743456124782001,,,,,,,,,,,,,,,,,,,"Blake Hawksworth","8963",458003
"A.J. Murray",,4,3,,4.382196764822773,37,4,,,,63.66669845581055,,64,34,31,5,30,,,43,6.078530996367072,4.2408355788607475,1.4333333333333333,0.7068059298101247,,,,,1.4764390533811493,,0.6896551724137931,,,,-0.04601553822023008,,,,,,,,,239.233568572998,3.7575934417118235,249.33349227905273,3.9162309076244757,,,,,,,,,,,,,,,,,,,"A.J. Murray","3422",451262
"Damian Moss",,3,6,,6.078530996367072,39,7,,,,63.66669845581055,,73,47,43,9,47,,,44,6.2198921823290965,6.643975740215172,0.9361702127659575,1.2722506736582244,,,,,1.884815812826999,,0.6797020484171322,,,,-0.04601553822023008,,,,,,,,,117.633568572998,1.8476467513804646,148.33349227905273,2.3298442651617512,,,,,,,,,,,,,,,,,,,"Damian Moss","107",150305
"Fu-Te Ni",,2,1,,4.5,61,0,,,,64,,63,35,32,9,26,,,45,6.328125,3.65625,1.7307692307692308,1.265625,,,,,1.390625,,0.706806282722513,,,,-0.04625643417239189,,,,,,,,,211.10000000000002,3.2984375000000004,215,3.359375,,,,,,,,,,,,,,,,,,,"Fu-Te Ni","4199",547820
"Michael Tejera",,2,5,,5.90625,21,8,,,,64,,74,46,42,11,32,,,28,3.9375,4.5,0.875,1.546875,,,,,1.65625,,0.6622516556291391,,,,-0.04625643417239189,,,,,,,,,105.9,1.6546875,137,2.140625,,,,,,,,,,,,,,,,,,,"Michael Tejera","542",150373
"Rafael Betancourt",,4,2,,3.375,63,0,,,,64,,54,26,24,6,18,,,65,9.140625,2.53125,3.611111111111111,0.84375,,,,,1.125,,0.7232704402515723,,,,-0.04625643417239189,,,,,,,,,335.4,5.240625,318,4.96875,,,,,,,,,,,,,,,,,,,"Rafael Betancourt","177",429783
"Justin Thomas",,3,4,,5.0625,56,0,,,,64,,66,39,36,7,39,,,47,6.609375,5.484375,1.205128205128205,0.984375,,,,,1.640625,,0.6932773109243697,,,,-0.04625643417239189,,,,,,,,,192.9,3.0140625,206,3.21875,,,,,,,,,,,,,,,,,,,"Justin Thomas","9910",476206
"Chris Mobley",,3,4,,5.0625,53,0,,,,64,,73,39,36,7,26,,,44,6.1875,3.65625,1.6923076923076923,0.984375,,,,,1.546875,,0.6726457399103138,,,,-0.04625643417239189,,,,,,,,,207.7,3.2453125,239,3.734375,,,,,,,,,,,,,,,,,,,"Chris Mobley","sa254222",452059
"Geno Espineli",,3,3,,4.078125,54,0,,,,64,,69,31,29,5,19,,,36,5.0625,2.671875,1.894736842105263,0.703125,,,,,1.375,,0.7037037037037037,,,,-0.04625643417239189,,,,,,,,,247.70000000000002,3.8703125000000003,270,4.21875,,,,,,,,,,,,,,,,,,,"Geno Espineli","7405",457910
"Ross Wolf",,2,5,,5.765625,50,0,,,,64,,76,45,41,9,30,,,37,5.203125,4.21875,1.2333333333333334,1.265625,,,,,1.65625,,0.6531049250535331,,,,-0.04625643417239189,,,,,,,,,149.30000000000004,2.3328125000000006,187,2.921875,,,,,,,,,,,,,,,,,,,"Ross Wolf","4534",448693
"Jason Motte",,4,4,,4.21875,70,0,,,,64,,61,33,30,8,28,,,67,9.421875,3.9375,2.392857142857143,1.125,,,,,1.390625,,0.7197943444730077,,,,-0.04625643417239189,,,,,,,,,266.6,4.165625,266,4.15625,,,,,,,,,,,,,,,,,,,"Jason Motte","5861",435400
"Matt Herges",,5,4,,4.196893514386477,56,0,,,,64.33329772949219,,65,33,30,6,21,,,43,6.015547370620617,2.937825460070534,2.0476190476190474,0.8393787028772953,,,,,1.3367883045823592,,0.6829896907216495,,,,-0.04649732736745538,,,,,,,,,256.26640319824213,3.9834177982883414,266.66648864746094,4.1450772470694215,,,,,,,,,,,,,,,,,,,"Matt Herges","780",150382
"Chris Perez",,3,2,,3.9171006134273783,69,0,,,,64.33329772949219,,54,30,28,8,33,,,72,10.072544434527543,4.616582865825124,2.1818181818181817,1.1191716038363937,,,,,1.3523323546356425,,0.7519788918205805,,,,-0.04649732736745538,,,,,,,,,282.2664031982422,4.387563099673707,262.66648864746094,4.082901046856288,,,,,,,,,,,,,,,,,,,"Chris Perez","5213",453198
"Gary Majewski",,2,3,,5.316065118222871,59,0,,,,64.33329772949219,,77,41,38,8,25,,,40,5.595858019181969,3.4974112619887303,1.6,1.1191716038363937,,,,,1.585493105434891,,0.6718061674008811,,,,-0.04649732736745538,,,,,,,,,182.46640319824215,2.8362669043560382,222.66648864746094,3.4611390447249586,,,,,,,,,,,,,,,,,,,"Gary Majewski","2131",400008
"Blaine Boyer",,2,2,,4.476686415345575,62,0,,,,64.33329772949219,,67,35,32,6,24,,,47,6.575133172538814,3.3575148115091813,1.9583333333333333,0.8393787028772953,,,,,1.4145085548487755,,0.6779661016949153,,,,-0.04649732736745538,,,,,,,,,250.0664031982421,3.887044687957985,265.66648864746094,4.129533197016138,,,,,,,,,,,,,,,,,,,"Blaine Boyer","2237",430641
"Jason Jennings",,3,4,,5.735754469661518,29,7,,,,64.33329772949219,,73,45,41,11,30,,,38,5.316065118222871,4.196893514386477,1.2666666666666666,1.5388609552750414,,,,,1.6010371554881744,,0.6621004566210046,,,,-0.04649732736745538,,,,,,,,,136.96640319824212,2.12901262693165,164.66648864746094,2.5595841416345304,,,,,,,,,,,,,,,,,,,"Jason Jennings","434",407298
"Edwar Ramirez",,3,3,,4.616582865825124,52,0,,,,64.33329772949219,,60,36,33,8,38,,,68,9.512958632609347,5.316065118222871,1.7894736842105263,1.1191716038363937,,,,,1.523316905221758,,0.7142857142857143,,,,-0.04649732736745538,,,,,,,,,243.66640319824216,3.787562767616973,239.66648864746094,3.725387895630774,,,,,,,,,,,,,,,,,,,"Edwar Ramirez","4830",469735
"Eric Hurley",,3,5,,5.984532787540907,12,12,,,,64.66670227050781,,73,47,43,14,27,,,40,5.567007244224099,3.757729889851267,1.4814814814814814,1.9484525354784348,,,,,1.546390901173361,,0.6592039800995024,,,,-0.04673829776127203,,,,,,,,,115.53359680175771,1.7866010287406984,140.33351135253906,2.1701046508527497,,,,,,,,,,,,,,,,,,,"Eric Hurley","8364",457922
"Matt Daley",,3,2,,4.036080252062472,66,0,,,,64.66670227050781,,60,31,29,7,25,,,59,8.211335685230546,3.479379527640062,2.36,0.9742262677392174,,,,,1.3144322659973569,,0.7180851063829787,,,,-0.04673829776127203,,,,,,,,,279.43359680175774,4.3211357157638375,275.33351135253906,4.257732367436787,,,,,,,,,,,,,,,,,,,"Matt Daley","7952",457935
"Jeremy Affeldt",,2,1,,3.479379527640062,74,0,,,,64.66670227050781,,56,27,25,5,29,,,58,8.072160504124945,4.036080252062472,2,0.6958759055280124,,,,,1.3144322659973569,,0.7435897435897436,,,,-0.04673829776127203,,,,,,,,,300.43359680175774,4.645877805010243,287.33351135253906,4.44329927557759,,,,,,,,,,,,,,,,,,,"Jeremy Affeldt","583",346793
"Justin Berg",,3,4,,4.871131338696087,59,0,,,,64.66670227050781,,69,38,35,6,37,,,35,4.871131338696087,5.149481700907292,0.9459459459459459,0.8350510866336149,,,,,1.6391743552437625,,0.6967213114754098,,,,-0.04673829776127203,,,,,,,,,184.33359680175775,2.850517968747971,204.33351135253906,3.1597948276037005,,,,,,,,,,,,,,,,,,,"Justin Berg","1973",448753
"Tim Lahey",,3,6,,6.123707968646509,49,0,,,,64.66670227050781,,78,48,44,10,33,,,36,5.01030651980169,4.592780976484882,1.0909090909090908,1.3917518110560247,,,,,1.7164939003024307,,0.6494845360824743,,,,-0.04673829776127203,,,,,,,,,125.73359680175776,1.9443329006603818,166.33351135253906,2.5721662851578233,,,,,,,,,,,,,,,,,,,"Tim Lahey","sa253236",448811
"Jose Ceda",,3,3,,5.01030651980169,32,10,,,,64.66670227050781,,60,39,36,7,49,,,59,8.211335685230546,6.819583874174522,1.2040816326530612,0.9742262677392174,,,,,1.6855660822789633,,0.7056451612903225,,,,-0.04673829776127203,,,,,,,,,207.43359680175774,3.2077342669190174,203.33351135253906,3.144330918591967,,,,,,,,,,,,,,,,,,,"Jose Ceda","2377",469167
"Justin Miller",,4,3,,4.036080252062472,61,0,,,,64.66670227050781,,58,31,29,7,35,,,64,8.907211590758559,4.871131338696087,1.8285714285714285,0.9742262677392174,,,,,1.4381435380912257,,0.7451923076923077,,,,-0.04673829776127203,,,,,,,,,264.63359680175773,4.09226986239018,255.33351135253906,3.9484541872021146,,,,,,,,,,,,,,,,,,,"Justin Miller","1313",277405
"Renyel Pinto",,3,3,,4.153846153846154,72,0,,,,65,,57,33,30,7,41,,,60,8.307692307692308,5.676923076923077,1.4634146341463414,0.9692307692307692,,,,,1.5076923076923077,,0.7369614512471655,,,,-0.046979190956335515,,,,,,,,,243.69999999999996,3.7492307692307687,231,3.5538461538461537,,,,,,,,,,,,,,,,,,,"Renyel Pinto","2180",430594
"Brad Lidge",,3,3,,4.292307692307692,68,0,,,,65,,61,34,31,8,33,,,76,10.523076923076923,4.569230769230769,2.303030303030303,1.1076923076923078,,,,,1.4461538461538461,,0.7246376811594203,,,,-0.046979190956335515,,,,,,,,,277,4.2615384615384615,274,4.2153846153846155,,,,,,,,,,,,,,,,,,,"Brad Lidge","563",400058
"Manny Acosta",,4,4,,4.707692307692308,56,1,,,,65,,67,37,34,7,37,,,51,7.061538461538461,5.123076923076923,1.3783783783783783,0.9692307692307692,,,,,1.6,,0.7112526539278131,,,,-0.046979190956335515,,,,,,,,,211.69999999999996,3.2569230769230764,225,3.4615384615384617,,,,,,,,,,,,,,,,,,,"Manny Acosta","8725",407924
"Wes Littleton",,3,3,,4.984615384615385,49,0,,,,65,,66,39,36,7,38,,,47,6.507692307692308,5.2615384615384615,1.236842105263158,0.9692307692307692,,,,,1.6,,0.6900212314225053,,,,-0.046979190956335515,,,,,,,,,203.29999999999998,3.1276923076923073,214,3.292307692307692,,,,,,,,,,,,,,,,,,,"Wes Littleton","6236",452725
"Rafael Rodriguez",,2,3,,5.815384615384615,46,0,,,,65,,82,46,42,9,25,,,31,4.292307692307692,3.4615384615384617,1.24,1.2461538461538462,,,,,1.646153846153846,,0.646186440677966,,,,-0.046979190956335515,,,,,,,,,144.1,2.2169230769230768,195,3,,,,,,,,,,,,,,,,,,,"Rafael Rodriguez","6417",444126
"Juan Carlos Oviedo",,5,4,,4.153846153846154,69,0,,,,65,,61,33,30,9,24,,,54,7.476923076923077,3.3230769230769233,2.25,1.2461538461538462,,,,,1.3076923076923077,,0.718232044198895,,,,-0.046979190956335515,,,,,,,,,247.70000000000002,3.810769230769231,244,3.753846153846154,,,,,,,,,,,,,,,,,,,"Juan Carlos Oviedo","2886",434663
"Francisco Cordero",,4,3,,3.046153846153846,66,0,,,,65,,56,24,22,5,28,,,67,9.276923076923078,3.876923076923077,2.392857142857143,0.6923076923076923,,,,,1.2923076923076924,,0.7792207792207793,,,,-0.046979190956335515,,,,,,,,,323.9,4.983076923076923,310,4.769230769230769,,,,,,,,,,,,,,,,,,,"Francisco Cordero","1243",150188
"Atahualpa Severino",,4,7,,5.538461538461538,45,0,,,,65,,70,44,40,8,43,,,46,6.369230769230769,5.953846153846154,1.069767441860465,1.1076923076923078,,,,,1.7384615384615385,,0.6777996070726916,,,,-0.046979190956335515,,,,,,,,,163.60000000000002,2.5169230769230775,184,2.830769230769231,,,,,,,,,,,,,,,,,,,"Atahualpa Severino","5332",463037
"Matt Capps",,6,4,,3.857144959120047,64,0,,,,65.33329772949219,,64,30,28,8,15,,,53,7.301024386905803,2.066327656671454,3.533333333333333,1.102041416891442,,,,,1.2091843324225544,,0.7227138643067846,,,,-0.047220084151399,,,,,,,,,279.6664031982423,4.280610544965614,283.66648864746094,4.341836376023166,,,,,,,,,,,,,,,,,,,"Matt Capps","4788",448165
"Carlos Rosa",,3,5,,5.096941553122919,54,0,,,,65.33329772949219,,72,40,37,7,29,,,45,6.198982970014361,3.994900136231477,1.5517241379310345,0.9642862397800117,,,,,1.5459192098060506,,0.668859649122807,,,,-0.047220084151399,,,,,,,,,213.1664031982422,3.262752847420045,238.66648864746094,3.6530604904660153,,,,,,,,,,,,,,,,,,,"Carlos Rosa","8529",460349
"Juan Morillo",,4,5,,5.64796226156864,55,0,,,,65.33329772949219,,65,45,41,6,57,,,51,7.025514032682943,7.852045095351524,0.8947368421052632,0.8265310626685815,,,,,1.8673479563993878,,0.6778169014084507,,,,-0.047220084151399,,,,,,,,,171.66640319824222,2.62754841962845,179.66648864746094,2.7499987738466394,,,,,,,,,,,,,,,,,,,"Juan Morillo","3369",434623
"Mariano Gomez",,4,5,,4.959186376011489,52,0,,,,65.33329772949219,,71,39,36,7,32,,,39,5.37245190734578,4.408165667565768,1.21875,0.9642862397800117,,,,,1.5765314713863683,,0.6866952789699571,,,,-0.047220084151399,,,,,,,,,194.76640319824222,2.9811200408811214,217.66648864746094,3.331631743872678,,,,,,,,,,,,,,,,,,,"Mariano Gomez","sa199551",430648
"Winston Abreu",,3,3,,4.132655313342908,52,0,,,,65.33329772949219,,59,33,30,8,28,,,67,9.229596866465826,3.857144959120047,2.392857142857143,1.102041416891442,,,,,1.3316333787438257,,0.712401055408971,,,,-0.047220084151399,,,,,,,,,281.6664031982423,4.311222806545932,272.66648864746094,4.173468937331418,,,,,,,,,,,,,,,,,,,"Winston Abreu","582",275700
"Adam Harben",,2,5,,6.0304535831373896,20,12,,,,65.66670227050781,,72,48,44,7,58,,,35,4.796951713859287,7.949234268681105,0.603448275862069,0.9593903427718574,,,,,1.9796943581006583,,0.6821963394342762,,,,-0.04746105454521565,,,,,,,,,108.63359680175782,1.6543178360663204,133.33351135253906,2.0304584628490128,,,,,,,,,,,,,,,,,,,"Adam Harben","sa202585",448180
"Derek Rodriguez",,2,4,,5.4822305301249,48,1,,,,65.66670227050781,,70,44,40,9,37,,,44,6.0304535831373896,5.0710632403655325,1.1891891891891893,1.2335018692781023,,,,,1.629440740898234,,0.6673728813559322,,,,-0.04746105454521565,,,,,,,,,170.23359680175787,2.5923883934432483,188.33351135253906,2.8680214605069834,,,,,,,,,,,,,,,,,,,"Derek Rodriguez","sa292365",457561
"Tomo Ohka",,3,6,,6.304565109643635,13,11,,,,65.66670227050781,,85,50,46,12,21,,,31,4.248728660846798,2.878171028315572,1.4761904761904763,1.64466915903747,,,,,1.6142123227589982,,0.6278026905829596,,,,-0.04746105454521565,,,,,,,,,116.33359680175784,1.7715766557384367,171.33351135253906,2.6091383521399742,,,,,,,,,,,,,,,,,,,"Tomo Ohka","788",219594
"Jared Lansford",,3,5,,5.756342056631144,47,1,,,,65.66670227050781,,77,46,42,7,40,,,36,4.934007477112409,5.4822305301249,0.9,0.9593903427718574,,,,,1.7817249222905924,,0.6623134328358209,,,,-0.04746105454521565,,,,,,,,,151.63359680175782,2.3091398160534613,189.33351135253906,2.883249878646219,,,,,,,,,,,,,,,,,,,"Jared Lansford","sa294461",476037
"Chad Qualls",,5,3,,3.563449844581185,66,0,,,,65.66670227050781,,64,28,26,6,16,,,60,8.223345795187349,2.19289221204996,3.75,0.822334579518735,,,,,1.2182734511388666,,0.7262569832402235,,,,-0.04746105454521565,,,,,,,,,317.7335968017578,4.838580068980533,322.33351135253906,4.908629491164585,,,,,,,,,,,,,,,,,,,"Chad Qualls","2170",430589
"C.J. Wilson",,5,2,,3.9746171343405523,66,0,,,,65.66670227050781,,59,31,29,7,33,,,63,8.634513084946716,4.522840187353042,1.9090909090909092,0.9593903427718574,,,,,1.4010144688096966,,0.7420924574209246,,,,-0.04746105454521565,,,,,,,,,273.43359680175786,4.163961145412387,264.33351135253906,4.025381239088906,,,,,,,,,,,,,,,,,,,"C.J. Wilson","3580",450351
"Justin Mallett",,2,3,,5.045454545454546,23,9,,,,66,,69,40,37,9,32,,,43,5.863636363636363,4.363636363636363,1.34375,1.2272727272727273,,,,,1.5303030303030303,,0.6900452488687783,,,,-0.04770194774027914,,,,,,,,,188.3000000000001,2.8530303030303044,203,3.0757575757575757,,,,,,,,,,,,,,,,,,,"Justin Mallett","sa226421",449096
"Pedro Martínez",,4,4,,4.5,13,13,,,,66,,71,36,33,9,19,,,55,7.5,2.590909090909091,2.8947368421052633,1.2272727272727273,,,,,1.3636363636363635,,0.6976744186046511,,,,-0.04770194774027914,,,,,,,,,246.1000000000001,3.7287878787878803,266,4.03030303030303,,,,,,,,,,,,,,,,,,,"Pedro Martinez","200",118377
"Kevin Jepsen",,4,5,,5.454545454545454,59,0,,,,66,,73,44,40,7,42,,,50,6.818181818181818,5.7272727272727275,1.1904761904761905,0.9545454545454546,,,,,1.7424242424242424,,0.6749049429657794,,,,-0.04770194774027914,,,,,,,,,186.50000000000006,2.8257575757575766,213,3.227272727272727,,,,,,,,,,,,,,,,,,,"Kevin Jepsen","6475",448178
"Daniel Haigwood",,2,5,,6.409090909090909,23,11,,,,66,,76,51,47,11,46,,,42,5.7272727272727275,6.2727272727272725,0.9130434782608695,1.5,,,,,1.8484848484848484,,0.6660412757973734,,,,-0.04770194774027914,,,,,,,,,101.50000000000009,1.5378787878787892,133,2.015151515151515,,,,,,,,,,,,,,,,,,,"Daniel Haigwood","sa201607",452624
"Bob Howry",,5,4,,4.090909090909091,66,0,,,,66,,67,33,30,7,19,,,52,7.090909090909091,2.590909090909091,2.736842105263158,0.9545454545454546,,,,,1.303030303030303,,0.6955380577427821,,,,-0.04770194774027914,,,,,,,,,275.1,4.168181818181819,286,4.333333333333333,,,,,,,,,,,,,,,,,,,"Bob Howry","237",133982
"Jeff Stevens",,4,3,,3.9545454545454546,48,0,,,,66,,58,31,29,7,33,,,65,8.863636363636363,4.5,1.9696969696969697,0.9545454545454546,,,,,1.378787878787879,,0.7389162561576355,,,,-0.04770194774027914,,,,,,,,,282.50000000000006,4.280303030303031,270,4.090909090909091,,,,,,,,,,,,,,,,,,,"Jeff Stevens","3367",459999
"Dallas Trahern",,4,5,,5.318181818181818,13,13,,,,66,,74,42,39,9,30,,,38,5.181818181818182,4.090909090909091,1.2666666666666666,1.2272727272727273,,,,,1.5757575757575757,,0.6783369803063457,,,,-0.04770194774027914,,,,,,,,,171.3000000000001,2.595454545454547,199,3.015151515151515,,,,,,,,,,,,,,,,,,,"Dallas Trahern","sa262435",448249
"Carlos Hernández",,3,4,,4.88442473222536,14,13,,,,66.33329772949219,,74,39,36,7,29,,,37,5.020103197009399,3.934675478737096,1.2758620689655173,0.9497492534882646,,,,,1.5527646525284327,,0.6866952789699571,,,,-0.04794284093534262,,,,,,,,,199.36640319824218,3.0055252794947758,227.66648864746094,3.432159962495563,,,,,,,,,,,,,,,,,,,"Carlos Hernandez","560",400056
"Fernando Hernandez",,3,5,,5.291460126577474,57,0,,,,66.33329772949219,,74,42,39,7,34,,,43,5.834173985713625,4.613067802657285,1.2647058823529411,0.9497492534882646,,,,,1.6281415774084536,,0.6720977596741344,,,,-0.04794284093534262,,,,,,,,,196.36640319824218,2.960299124566763,224.66648864746094,3.3869338075675506,,,,,,,,,,,,,,,,,,,"Fernando Hernandez","5536",467761
"Warner Madrigal",,2,2,,5.155781661793436,61,0,,,,66.33329772949219,,70,41,38,10,31,,,44,5.969852450497663,4.206032408305171,1.4193548387096775,1.356784647840378,,,,,1.5226138825764242,,0.6896551724137931,,,,-0.04794284093534262,,,,,,,,,180.8664031982422,2.7266306574386987,196.66648864746094,2.964823028239433,,,,,,,,,,,,,,,,,,,"Warner Madrigal","6419",444127
"Ryan Franklin",,5,4,,3.798997013953058,65,0,,,,66.33329772949219,,65,30,28,6,21,,,44,5.969852450497663,2.849247760464794,2.0952380952380953,0.8140707887042268,,,,,1.2964831079363612,,0.7216494845360826,,,,-0.04794284093534262,,,,,,,,,273.0664031982422,4.116581152226286,278.66648864746094,4.201004596271777,,,,,,,,,,,,,,,,,,,"Ryan Franklin","1076",211041
"Darren Oliver",,4,2,,3.527640084384983,56,0,,,,66.33329772949219,,60,28,26,6,21,,,54,7.326637098338041,2.849247760464794,2.5714285714285716,0.8140707887042268,,,,,1.22110618305634,,0.7300275482093664,,,,-0.04794284093534262,,,,,,,,,306.0664031982422,4.614068856434424,298.66648864746094,4.5025122957918615,,,,,,,,,,,,,,,,,,,"Darren Oliver","206",119984
"Jonathan Papelbon",,4,1,,2.849247760464794,66,0,,,,66.33329772949219,,55,23,21,6,18,,,78,10.582920253154947,2.44221236611268,4.333333333333333,0.8140707887042268,,,,,1.1005031032483066,,0.7739938080495357,,,,-0.04794284093534262,,,,,,,,,376.06640319824214,5.669345804754717,355.66648864746094,5.361809239424101,,,,,,,,,,,,,,,,,,,"Jonathan Papelbon","5975",449097
"Jaime García",,4,4,,4.748746267441323,16,12,,,,66.33329772949219,,69,38,35,8,30,,,51,6.919601703985927,4.070353943521134,1.7,1.0854277182723024,,,,,1.4924631126244157,,0.6947608200455581,,,,-0.04794284093534262,,,,,,,,,225.06640319824223,3.392962673378084,239.66648864746094,3.6130645822076137,,,,,,,,,,,,,,,,,,,"Jaime Garcia","8137",448802
"Sean Burnett",,3,2,,4.184997764970066,77,0,,,,66.66670227050781,,59,34,31,7,34,,,51,6.88499632301527,4.5899975486768465,1.5,0.9449994953158213,,,,,1.3949992549900219,,0.7091346153846153,,,,-0.048183811329159276,,,,,,,,,253.8335968017578,3.807501918600965,242.33351135253906,3.635000728988258,,,,,,,,,,,,,,,,,,,"Sean Burnett","1886",430634
"Alberto Arias",,4,4,,4.432835820895522,44,4,,,,67,,72,36,33,5,29,,,50,6.7164179104477615,3.8955223880597014,1.7241379310344827,0.6716417910447762,,,,,1.507462686567164,,0.6914893617021277,,,,-0.04842470452422276,,,,,,,,,260.0999999999999,3.8820895522388046,283,4.223880597014926,,,,,,,,,,,,,,,,,,,"Alberto Arias","3087",464244
"David Aardsma",,5,3,,3.608912799373634,64,0,,,,67.33329772949219,,55,29,27,7,35,,,70,9.356440590968681,4.678220295484341,2,0.9356440590968681,,,,,1.336634370138383,,0.7605985037406483,,,,-0.04866559771928625,,,,,,,,,304.16640319824216,4.517325208401553,280.66648864746094,4.168316391913895,,,,,,,,,,,,,,,,,,,"David Aardsma","1902",430911
"Oneli Perez",,3,4,,4.945547169512017,35,5,,,,67.33329772949219,,72,40,37,10,29,,,53,7.084162161733429,3.8762396734013107,1.8275862068965518,1.336634370138383,,,,,1.5000007931552963,,0.7011494252873564,,,,-0.04866559771928625,,,,,,,,,207.06640319824217,3.075245237952254,225.66648864746094,3.3514842768293276,,,,,,,,,,,,,,,,,,,"Oneli Perez","sa287534",470358
"Nick Pereira",,3,7,,6.148518102636562,14,14,,,,67.33329772949219,,78,50,46,11,41,,,43,5.747527791595046,5.48020091756737,1.048780487804878,1.4702978071522212,,,,,1.767327667182973,,0.666023166023166,,,,-0.04866559771928625,,,,,,,,,123.16640319824216,1.8292049751232504,156.66648864746094,2.326731259723234,,,,,,,,,,,,,,,,,,,"Nick Pereira","sa291751",489204
"Jesse Carlson",,4,4,,4.410893421456664,72,0,,,,67.33329772949219,,68,36,33,8,23,,,56,7.485152472774945,3.074259051318281,2.4347826086956523,1.0693074961107063,,,,,1.3514858631399205,,0.6892230576441103,,,,-0.04866559771928625,,,,,,,,,266.0664031982422,3.951483325042972,275.66648864746094,4.094058926906207,,,,,,,,,,,,,,,,,,,"Jesse Carlson","4391",434482
"Gilbert De La Vara",,3,6,,5.852213669537647,43,1,,,,67.66670227050781,,79,48,44,8,39,,,30,3.990145683775669,5.18718938890837,0.7692307692307693,1.064038849006845,,,,,1.7438414469834405,,0.6554307116104869,,,,-0.0489065681131029,,,,,,,,,139.93359680175783,2.0679831010879215,177.33351135253906,2.620690907081916,,,,,,,,,,,,,,,,,,,"Gilbert De La Vara","sa288778",452771
"Fernando Nieve",,3,5,,5.18718938890837,24,11,,,,67.66670227050781,,75,42,39,9,31,,,50,6.650242806292781,4.123150539901524,1.6129032258064515,1.1970437051327008,,,,,1.566501638815633,,0.6852248394004282,,,,-0.0489065681131029,,,,,,,,,202.03359680175782,2.985716608356325,228.33351135253906,3.374385091795098,,,,,,,,,,,,,,,,,,,"Fernando Nieve","2173",430588
"Justin Orenduff",,2,6,,6.783247662418637,23,12,,,,67.66670227050781,,81,56,51,14,45,,,48,6.38423309404107,5.9852185256635035,1.0666666666666667,1.8620679857619788,,,,,1.8620679857619788,,0.6578947368421052,,,,-0.0489065681131029,,,,,,,,,78.93359680175777,1.1665057429015657,117.33351135253906,1.7339918662428784,,,,,,,,,,,,,,,,,,,"Justin Orenduff","sa254165",449154
"Joe Thatcher",,5,3,,3.3251214031463907,70,0,,,,67.66670227050781,,61,27,25,5,24,,,69,9.177335072684038,3.192116547020535,2.875,0.6650242806292781,,,,,1.2561569745219698,,0.7435897435897436,,,,-0.0489065681131029,,,,,,,,,346.6335968017578,5.122661296778405,339.33351135253906,5.014778317347317,,,,,,,,,,,,,,,,,,,"Joe Thatcher","4620",491159
"Jay Buente",,3,4,,5.320194245034225,48,0,,,,67.66670227050781,,71,44,40,9,44,,,57,7.581276799173771,5.852213669537647,1.2954545454545454,1.1970437051327008,,,,,1.6995064949414886,,0.693359375,,,,-0.0489065681131029,,,,,,,,,187.43359680175783,2.7699531750854924,203.33351135253906,3.0049271581121655,,,,,,,,,,,,,,,,,,,"Jay Buente","9494",502055
"Daniel Bard",,3,2,,4.235294117647059,56,0,,,,68,,59,35,32,7,31,,,77,10.191176470588236,4.102941176470588,2.4838709677419355,0.9264705882352942,,,,,1.3235294117647058,,0.685785536159601,,,,-0.049147461308166385,,,,,,,,,324.70000000000005,4.775,310,4.5588235294117645,,,,,,,,,,,,,,,,,,,"Daniel Bard","7115",453268
"Geoff Geary",,3,4,,4.764705882352941,52,0,,,,68,,74,39,36,8,26,,,39,5.161764705882353,3.4411764705882355,1.5,1.0588235294117647,,,,,1.4705882352941178,,0.6869369369369369,,,,-0.049147461308166385,,,,,,,,,212.40000000000006,3.1235294117647068,236,3.4705882352941178,,,,,,,,,,,,,,,,,,,"Geoff Geary","1813",407783
"Chris Leroux",,4,5,,5.029411764705882,54,0,,,,68,,75,41,38,7,35,,,51,6.75,4.632352941176471,1.457142857142857,0.9264705882352942,,,,,1.6176470588235294,,0.688622754491018,,,,-0.049147461308166385,,,,,,,,,219.10000000000002,3.2220588235294123,246,3.6176470588235294,,,,,,,,,,,,,,,,,,,"Chris Leroux","7645",460092
"Jayson Ruhlman",,3,5,,5.426470588235294,56,0,,,,68,,75,45,41,8,42,,,45,5.955882352941177,5.5588235294117645,1.0714285714285714,1.0588235294117647,,,,,1.7205882352941178,,0.6805293005671078,,,,-0.049147461308166385,,,,,,,,,173.80000000000007,2.5558823529411776,200,2.9411764705882355,,,,,,,,,,,,,,,,,,,"Jayson Ruhlman","sa302340",453050
"Sean Stidfole",,2,3,,5.823529411764706,56,0,,,,68,,77,48,44,9,41,,,42,5.5588235294117645,5.426470588235294,1.024390243902439,1.1911764705882353,,,,,1.7352941176470589,,0.6641366223908918,,,,-0.049147461308166385,,,,,,,,,153.30000000000004,2.254411764705883,184,2.7058823529411766,,,,,,,,,,,,,,,,,,,"Sean Stidfole","sa290368",460001
"Tim Collins",,6,7,,4.897058823529412,47,0,,,,68,,64,40,37,8,47,,,68,9,6.220588235294118,1.446808510638298,1.0588235294117647,,,,,1.6323529411764706,,0.7114228456913828,,,,-0.049147461308166385,,,,,,,,,233.40000000000006,3.4323529411764717,231,3.3970588235294117,,,,,,,,,,,,,,,,,,,"Tim Collins","3164",525768
"Romulo Sanchez",,3,6,,5.6911764705882355,39,6,,,,68,,72,47,43,10,39,,,44,5.823529411764706,5.161764705882353,1.1282051282051282,1.3235294117647058,,,,,1.6323529411764706,,0.6597938144329897,,,,-0.049147461308166385,,,,,,,,,164.00000000000003,2.4117647058823533,181,2.661764705882353,,,,,,,,,,,,,,,,,,,"Romulo Sanchez","4170",454972
"Luis Perdomo",,3,3,,4.102941176470588,50,0,,,,68,,59,34,31,9,36,,,61,8.073529411764707,4.764705882352941,1.6944444444444444,1.1911764705882353,,,,,1.3970588235294117,,0.7402912621359223,,,,-0.049147461308166385,,,,,,,,,253.10000000000005,3.7220588235294123,237,3.485294117647059,,,,,,,,,,,,,,,,,,,"Luis Perdomo","5380",466412
"Brandon League",,3,3,,3.838235294117647,50,0,,,,68,,68,31,29,4,25,,,47,6.220588235294118,3.3088235294117645,1.88,0.5294117647058824,,,,,1.3676470588235294,,0.7093821510297482,,,,-0.049147461308166385,,,,,,,,,296.20000000000005,4.355882352941177,307,4.514705882352941,,,,,,,,,,,,,,,,,,,"Brandon League","3731",434181
"Dan Meyer",,3,3,,4.235294117647059,73,0,,,,68,,64,35,32,8,33,,,60,7.9411764705882355,4.367647058823529,1.8181818181818181,1.0588235294117647,,,,,1.4264705882352942,,0.7226107226107227,,,,-0.049147461308166385,,,,,,,,,259.4000000000001,3.8147058823529427,257,3.7794117647058822,,,,,,,,,,,,,,,,,,,"Dan Meyer","4402",434159
"Billy Sadler",,3,3,,4.346343727998025,37,8,,,,68.33329772949219,,63,36,33,7,40,,,64,8.429272684602228,5.268295427876393,1.6,0.9219516998783688,,,,,1.5073178585313014,,0.7188841201716738,,,,-0.04938835450322987,,,,,,,,,263.76640319824224,3.8599981555463914,258.66648864746094,3.785365220795165,,,,,,,,,,,,,,,,,,,"Billy Sadler","6235",452724
"Ronald Belisario",,4,3,,3.819514185210385,61,1,,,,68.33329772949219,,63,31,29,7,30,,,53,6.980491441936221,3.9512215709072946,1.7666666666666666,0.9219516998783688,,,,,1.3609763188680681,,0.7451923076923077,,,,-0.04938835450322987,,,,,,,,,271.76640319824224,3.9770713872769776,266.66648864746094,3.9024384525257516,,,,,,,,,,,,,,,,,,,"Ronald Belisario","2203",430613
"Pedro Viola",,2,5,,5.400002813573303,58,2,,,,68.33329772949219,,70,45,41,11,44,,,58,7.63902837042077,5.795124970664032,1.3181818181818181,1.448781242666008,,,,,1.6682935521608577,,0.6997971602434078,,,,-0.04938835450322987,,,,,,,,,172.36640319824227,2.522436483024441,182.66648864746094,2.6731695193545932,,,,,,,,,,,,,,,,,,,"Pedro Viola","5971",501638
"Sergio Escalona",,3,4,,4.873173270785664,55,1,,,,68.33329772949219,,70,40,37,8,36,,,56,7.37561359902695,4.741465885088754,1.5555555555555556,1.0536590855752785,,,,,1.5512203204302712,,0.6962025316455697,,,,-0.04938835450322987,,,,,,,,,229.2664031982423,3.3551198437082377,241.66648864746094,3.5365846033676687,,,,,,,,,,,,,,,,,,,"Sergio Escalona","7122",465065
"Rafael Dolis",,4,6,,5.400002813573303,20,19,,,,68.33329772949219,,72,45,41,8,48,,,42,5.531710199270212,6.321954513451671,0.875,1.0536590855752785,,,,,1.7560984759587976,,0.6893382352941176,,,,-0.04938835450322987,,,,,,,,,160.06640319824228,2.342436389238664,177.66648864746094,2.5999987495229764,,,,,,,,,,,,,,,,,,,"Rafael Dolis","4185",503569
"Phil Coke",,3,4,,5.136588042179484,79,0,,,,68.33329772949219,,73,42,39,8,29,,,55,7.243906213330041,3.819514185210385,1.896551724137931,1.0536590855752785,,,,,1.4926837045649781,,0.6607929515418502,,,,-0.04938835450322987,,,,,,,,,240.4664031982423,3.5190223681310586,260.66648864746094,3.8146335287278115,,,,,,,,,,,,,,,,,,,"Phil Coke","5535",457435
"Matthew Scherer",,3,4,,5.004880656482573,53,0,,,,68.33329772949219,,77,41,38,8,24,,,39,5.136588042179484,3.1609772567258356,1.625,1.0536590855752785,,,,,1.4780495505986546,,0.6681514476614699,,,,-0.04938835450322987,,,,,,,,,213.06640319824228,3.1180465494538,243.66648864746094,3.5658529113003152,,,,,,,,,,,,,,,,,,,"Matthew Scherer","sa254038",452735
"Brandon Knight",,4,5,,4.609758499391844,25,8,,,,68.33329772949219,,70,38,35,9,26,,,57,7.50732098472386,3.4243920281196556,2.1923076923076925,1.1853664712721885,,,,,1.4048787807670382,,0.6954436450839329,,,,-0.04938835450322987,,,,,,,,,248.9664031982423,3.643412676844807,260.66648864746094,3.8146335287278115,,,,,,,,,,,,,,,,,,,"Brandon Knight","831",150284
"Edward Paredes",,4,7,,5.663417584967123,57,2,,,,68.33329772949219,,73,47,43,10,44,,,41,5.400002813573303,5.795124970664032,0.9318181818181818,1.3170738569690983,,,,,1.7121960140598278,,0.6796116504854369,,,,-0.04938835450322987,,,,,,,,,142.86640319824227,2.090728941017903,161.66648864746094,2.3658522860618034,,,,,,,,,,,,,,,,,,,"Edward Paredes","4168",487675
"Joel Peralta",,3,3,,4.0631046893864,55,0,,,,68.66670227050781,,66,34,31,8,21,,,57,7.470869912742734,2.7524257573262703,2.7142857142857144,1.0485431456481031,,,,,1.266989634324791,,0.6992084432717678,,,,-0.04962932489704652,,,,,,,,,289.1335968017579,4.210681265320354,290.33351135253906,4.2281557400090355,,,,,,,,,,,,,,,,,,,"Joel Peralta","2332",407908
"Jon Ellis",,4,7,,5.1116478350345025,57,0,,,,68.66670227050781,,72,42,39,8,40,,,47,6.160190980682605,5.2427157282405155,1.175,1.0485431456481031,,,,,1.6310671154526046,,0.6944444444444444,,,,-0.04962932489704652,,,,,,,,,196.5335968017579,2.862138275222933,213.33351135253906,3.1067970981353694,,,,,,,,,,,,,,,,,,,"Jon Ellis","sa253250",460291
"Pete Parise",,3,4,,4.8495120486224765,56,0,,,,68.66670227050781,,75,40,37,8,27,,,43,5.6359194078585535,3.5388331165623477,1.5925925925925926,1.0485431456481031,,,,,1.4854361230014792,,0.6828193832599119,,,,-0.04962932489704652,,,,,,,,,219.73359680175793,3.2000021777095444,244.33351135253906,3.558253174733858,,,,,,,,,,,,,,,,,,,"Pete Parise","sa393072",520868
"Mark Rogers",,2,2,,5.1116478350345025,21,16,,,,68.66670227050781,,69,42,39,8,47,,,55,7.208734126330708,6.160190980682605,1.1702127659574468,1.0485431456481031,,,,,1.689319512433055,,0.7061068702290076,,,,-0.04962932489704652,,,,,,,,,199.33359680175792,2.9029149531092484,208.33351135253906,3.0339816019098067,,,,,,,,,,,,,,,,,,,"Mark Rogers","4083",449161
"Duane Below",,3,7,,7.208734126330708,16,16,,,,68.66670227050781,,87,60,55,13,58,,,47,6.160190980682605,7.601937805948747,0.8103448275862069,1.7038826116781673,,,,,2.1116493905413187,,0.6703470031545742,,,,-0.04962932489704652,,,,,,,,,42.03359680175791,0.6121394418530456,94.33351135253906,1.373788287966977,,,,,,,,,,,,,,,,,,,"Duane Below","3124",502102
"Dustin Richardson",,2,2,,5.086956521739131,47,0,,,,69,,69,42,39,6,48,,,63,8.217391304347826,6.260869565217392,1.3125,0.782608695652174,,,,,1.6956521739130435,,0.6906077348066298,,,,-0.04987021809211001,,,,,,,,,239.4,3.4695652173913043,249,3.608695652173913,,,,,,,,,,,,,,,,,,,"Dustin Richardson","2548",450580
"Jim Miller",,4,5,,5.217391304347826,59,0,,,,69,,75,44,40,8,35,,,51,6.6521739130434785,4.565217391304348,1.457142857142857,1.0434782608695652,,,,,1.5942028985507246,,0.6680161943319838,,,,-0.04987021809211001,,,,,,,,,214.20000000000005,3.1043478260869573,238,3.449275362318841,,,,,,,,,,,,,,,,,,,"Jim Miller","7458",461848
"Denny Bautista",,4,4,,4.434782608695652,56,0,,,,69,,67,37,34,6,41,,,58,7.565217391304348,5.3478260869565215,1.4146341463414633,0.782608695652174,,,,,1.565217391304348,,0.71285140562249,,,,-0.04987021809211001,,,,,,,,,255.6,3.7043478260869565,260,3.7681159420289854,,,,,,,,,,,,,,,,,,,"Denny Bautista","1947",429714
"Grant Balfour",,4,4,,3.9130434782608696,66,0,,,,69,,56,33,30,7,35,,,76,9.91304347826087,4.565217391304348,2.1714285714285713,0.9130434782608695,,,,,1.318840579710145,,0.7142857142857143,,,,-0.04987021809211001,,,,,,,,,325.9,4.723188405797101,301,4.36231884057971,,,,,,,,,,,,,,,,,,,"Grant Balfour","718",346797
"Dale Thayer",,3,4,,4.54327156381614,58,0,,,,69.33329772949219,,75,38,35,7,27,,,42,5.451925876579368,3.5048094920867365,1.5555555555555556,0.9086543127632281,,,,,1.4711546016166548,,0.6941431670281996,,,,-0.05011111128717349,,,,,,,,,234.96640319824223,3.38894024794518,258.66648864746094,3.7307685789973957,,,,,,,,,,,,,,,,,,,"Dale Thayer","5032",445612
"Daniel Herrera",,5,5,,3.8755961054625634,65,0,,,,69.66670227050781,,68,33,30,7,27,,,53,6.846886452983862,3.488036494916307,1.962962962962963,0.9043057579412648,,,,,1.363635666736828,,0.7276995305164319,,,,-0.050352081680990146,,,,,,,,,277.63359680175785,3.9851692092979865,282.33351135253906,4.052632063109151,,,,,,,,,,,,,,,,,,,"Daniel Herrera","4552",502609
"Brandon Medders",,3,4,,4.650715326555076,59,0,,,,69.66670227050781,,71,39,36,8,37,,,51,6.588513379286358,4.779901863403828,1.3783783783783783,1.033492294790017,,,,,1.5502384421850253,,0.7128099173553719,,,,-0.050352081680990146,,,,,,,,,223.5335968017579,3.2086145822404886,235.33351135253906,3.377991259565668,,,,,,,,,,,,,,,,,,,"Brandon Medders","8604",430665
"Manny Delcarmen",,3,2,,4.133969179160068,70,0,,,,69.66670227050781,,67,35,32,6,31,,,59,7.622005674076375,4.004782642311316,1.903225806451613,0.7751192210925126,,,,,1.4066978456864119,,0.703125,,,,-0.050352081680990146,,,,,,,,,292.5335968017579,4.199044698080921,295.33351135253906,4.239234838557349,,,,,,,,,,,,,,,,,,,"Manny Delcarmen","3180",434668
"Greg Atencio",,5,5,,4.521528789706324,44,0,,,,69.66670227050781,,69,38,35,8,33,,,58,7.492819137227623,4.26315571600882,1.7575757575757576,1.033492294790017,,,,,1.4641140842858573,,0.7048458149779736,,,,-0.050352081680990146,,,,,,,,,254.7335968017579,3.656461243316162,261.33351135253906,3.751196810462063,,,,,,,,,,,,,,,,,,,"Greg Atencio","sa202556",458020
"Jeremy Jeffress",,4,6,,5.684207621345093,17,16,,,,69.66670227050781,,68,48,44,8,64,,,63,8.138751821471383,8.267938358320135,0.984375,1.033492294790017,,,,,1.8947358737816977,,0.695364238410596,,,,-0.050352081680990146,,,,,,,,,174.3335968017579,2.50239484746731,178.33351135253906,2.559809859523571,,,,,,,,,,,,,,,,,,,"Jeremy Jeffress","9490",502026
"Eric Hull",,4,5,,4.779901863403828,47,2,,,,69.66670227050781,,71,40,37,8,37,,,51,6.588513379286358,4.779901863403828,1.3783783783783783,1.033492294790017,,,,,1.5502384421850253,,0.7024793388429752,,,,-0.050352081680990146,,,,,,,,,223.5335968017579,3.2086145822404886,235.33351135253906,3.377991259565668,,,,,,,,,,,,,,,,,,,"Eric Hull","4660",457820
"Kevin Gregg",,5,6,,4.5,73,0,,,,70,,66,38,35,9,35,,,66,8.485714285714286,4.5,1.8857142857142857,1.1571428571428573,,,,,1.4428571428571428,,0.7126696832579185,,,,-0.05059297487605363,,,,,,,,,262.70000000000005,3.7528571428571436,260,3.7142857142857144,,,,,,,,,,,,,,,,,,,"Kevin Gregg","1793",276514
"Robert Manuel",,4,4,,4.371428571428571,55,0,,,,70,,70,37,34,10,24,,,45,5.785714285714286,3.085714285714286,1.875,1.2857142857142858,,,,,1.3428571428571427,,0.7125,,,,-0.05059297487605363,,,,,,,,,231,3.3,238,3.4,,,,,,,,,,,,,,,,,,,"Robert Manuel","817",490008
"Kyle McClellan",,4,4,,3.857142857142857,63,0,,,,70,,68,33,30,6,28,,,53,6.814285714285714,3.6,1.8928571428571428,0.7714285714285715,,,,,1.3714285714285714,,0.7191780821917809,,,,-0.05059297487605363,,,,,,,,,289.4,4.134285714285714,294,4.2,,,,,,,,,,,,,,,,,,,"Kyle McClellan","4845",449072
"Brian Wilson",,5,3,,3.4714285714285715,67,0,,,,70,,61,29,27,5,30,,,72,9.257142857142858,3.857142857142857,2.4,0.6428571428571429,,,,,1.3,,0.7380952380952381,,,,-0.05059297487605363,,,,,,,,,351.9,5.027142857142857,339,4.8428571428571425,,,,,,,,,,,,,,,,,,,"Brian Wilson","6485",451216
"John Grabow",,3,2,,3.8388645025353827,74,0,,,,70.33329772949219,,61,33,30,8,35,,,62,7.933653305239791,4.478675252957947,1.7714285714285714,1.023697200676102,,,,,1.3649296009014695,,0.7429245283018868,,,,-0.050833868071117116,,,,,,,,,282.46640319824223,4.016112031098441,266.66648864746094,3.791468582535157,,,,,,,,,,,,,,,,,,,"John Grabow","1848",346848
"David Robertson",,6,3,,3.8388645025353827,54,0,,,,70.33329772949219,,59,33,30,5,38,,,81,10.364934156845534,4.862561703211485,2.1315789473684212,0.6398107504225639,,,,,1.3791476175775264,,0.7111111111111111,,,,-0.050833868071117116,,,,,,,,,353.56640319824226,5.027013016766092,334.66648864746094,4.758293716507032,,,,,,,,,,,,,,,,,,,"David Robertson","8241",502085
"Jesus Delgado",,3,5,,5.374410303549536,39,4,,,,70.33329772949219,,76,46,42,8,44,,,40,5.118486003380511,5.630334603718562,0.9090909090909091,1.023697200676102,,,,,1.7061620011268368,,0.6801470588235294,,,,-0.050833868071117116,,,,,,,,,172.46640319824226,2.452130196732174,195.66648864746094,2.7819893985351123,,,,,,,,,,,,,,,,,,,"Jesus Delgado","3308",445984
"Daryl Thompson",,3,5,,4.734599553126972,14,13,,,,70.33329772949219,,74,40,37,10,23,,,39,4.990523853295998,2.9431294519437934,1.6956521739130435,1.2796215008451277,,,,,1.3791476175775264,,0.6867469879518072,,,,-0.050833868071117116,,,,,,,,,214.06640319824223,3.0435996904561438,230.66648864746094,3.279619982197106,,,,,,,,,,,,,,,,,,,"Daryl Thompson","6603",444354
"Ken Ray",,3,5,,5.9858460407672895,34,7,,,,70.66670227050781,,83,51,47,10,38,,,43,5.476412335170073,4.839620203173553,1.131578947368421,1.2735842639930404,,,,,1.7122632882573097,,0.6542056074766355,,,,-0.05107483846493377,,,,,,,,,156.13359680175785,2.209436577415032,195.33351135253906,2.764152069878885,,,,,,,,,,,,,,,,,,,"Ken Ray","1986",150208
"Brad Kilby",,4,4,,4.457544923975641,55,0,,,,70.66670227050781,,69,38,35,9,29,,,59,7.514147157558938,3.6933943655798167,2.0344827586206895,1.1462258375937362,,,,,1.386791754125755,,0.702576112412178,,,,-0.05107483846493377,,,,,,,,,263.83359680175784,3.733492413326703,267.33351135253906,3.783019481073317,,,,,,,,,,,,,,,,,,,"Brad Kilby","9823",489020
"Fernando Rodriguez Jr.",,2,4,,5.9858460407672895,60,0,,,,70.66670227050781,,82,51,47,9,49,,,43,5.476412335170073,6.240562893565897,0.8775510204081632,1.1462258375937362,,,,,1.853772650923203,,0.6756756756756757,,,,-0.05107483846493377,,,,,,,,,138.03359680175785,1.953304630989765,175.33351135253906,2.481133344547098,,,,,,,,,,,,,,,,,,,"Fernando Rodriguez Jr.","7558",451775
"Kyle Snyder",,3,4,,4.839620203173553,31,9,,,,70.66670227050781,,76,41,38,10,27,,,46,5.858487614367985,3.438677512781209,1.7037037037037037,1.2735842639930404,,,,,1.4575464354587016,,0.6966292134831461,,,,-0.05107483846493377,,,,,,,,,213.33359680175786,3.018870131863942,234.33351135253906,3.316038584275869,,,,,,,,,,,,,,,,,,,"Kyle Snyder","1689",216897
"Victor Marte",,3,5,,5.0943370559721615,48,0,,,,70.66670227050781,,75,44,40,5,38,,,42,5.349053908770769,4.839620203173553,1.105263157894737,0.6367921319965202,,,,,1.599055798124595,,0.6509433962264151,,,,-0.05107483846493377,,,,,,,,,236.43359680175786,3.3457567596221556,258.33351135253906,3.655661054674013,,,,,,,,,,,,,,,,,,,"Victor Marte","5158",469690
"Jose Arredondo",,5,4,,3.948111218378425,64,0,,,,70.66670227050781,,63,34,31,8,32,,,72,9.16980670074989,4.075469644777729,2.25,1.0188674111944322,,,,,1.3443389453259869,,0.7279236276849642,,,,-0.05107483846493377,,,,,,,,,308.73359680175787,4.368869451696565,297.33351135253906,4.207547569070997,,,,,,,,,,,,,,,,,,,"Jose Arredondo","4722",461766
"Levale Speigner",,4,5,,4.816901408450704,55,0,,,,71,,79,41,38,7,28,,,35,4.436619718309859,3.5492957746478875,1.25,0.8873239436619719,,,,,1.5070422535211268,,0.6790123456790124,,,,-0.051315731659997255,,,,,,,,,219.89999999999995,3.0971830985915485,250,3.5211267605633805,,,,,,,,,,,,,,,,,,,"Levale Speigner","5717",446453
"Tyler Norrick",,3,6,,6.084507042253521,15,14,,,,71,,79,52,48,10,51,,,46,5.830985915492958,6.464788732394366,0.9019607843137255,1.267605633802817,,,,,1.8309859154929577,,0.6724137931034483,,,,-0.051315731659997255,,,,,,,,,135.99999999999997,1.9154929577464785,164,2.3098591549295775,,,,,,,,,,,,,,,,,,,"Tyler Norrick","sa326807",489176
"Rocky Cherry",,2,2,,4.289721767251015,51,1,,,,71.33329772949219,,71,37,34,6,35,,,48,6.0560777890602555,4.4158900545231035,1.3714285714285714,0.7570097236325319,,,,,1.4859820500934886,,0.7069672131147542,,,,-0.05155662485506074,,,,,,,,,260.46640319824223,3.6513999981603886,269.66648864746094,3.7803732230364764,,,,,,,,,,,,,,,,,,,"Rocky Cherry","5188",457122
"Brian Omogrosso",,3,7,,6.939255799964876,24,11,,,,71.33329772949219,,82,60,55,12,56,,,42,5.299068065427724,7.0654240872369645,0.75,1.5140194472650639,,,,,1.9345804048386928,,0.6435643564356436,,,,-0.05155662485506074,,,,,,,,,83.06640319824217,1.1644828690416624,116.66648864746094,1.6355123394109692,,,,,,,,,,,,,,,,,,,"Brian Omogrosso","1353",476134
"Jess Todd",,4,4,,4.542058341795192,68,0,,,,71.33329772949219,,73,39,36,8,27,,,58,7.317760661781143,3.4065437563463936,2.1481481481481484,1.0093462981767092,,,,,1.4018698585787628,,0.6869369369369369,,,,-0.05155662485506074,,,,,,,,,274.6664031982422,3.8504655180785727,287.66648864746094,4.032709797580654,,,,,,,,,,,,,,,,,,,"Jess Todd","3805",519357
"Gustavo Chacin",,2,7,,6.404647980975777,15,14,,,,71.66670227050781,,91,56,51,13,30,,,35,4.395346653610828,3.7674399888092807,1.1666666666666667,1.6325573284840216,,,,,1.6883712542441591,,0.632295719844358,,,,-0.05179759524887739,,,,,,,,,113.83359680175786,1.5883749802256846,169.33351135253906,2.3627920078335034,,,,,,,,,,,,,,,,,,,"Gustavo Chacin","2060",407860
"Brandon Lyon",,6,4,,3.516277322888662,66,0,,,,71.66670227050781,,67,30,28,7,23,,,54,6.781391979856705,2.888370658087115,2.347826086956522,0.8790693307221655,,,,,1.2558133296030936,,0.7481296758104737,,,,-0.05179759524887739,,,,,,,,,309.03359680175777,4.312094557320393,306.33351135253906,4.274418965118213,,,,,,,,,,,,,,,,,,,"Brandon Lyon","1312",407193
"Mike Wood",,4,4,,5.399997317293303,21,11,,,,71.66670227050781,,82,47,43,11,26,,,34,4.269765320650518,3.265114656968043,1.3076923076923077,1.3813946625634028,,,,,1.5069759955237123,,0.6587473002159827,,,,-0.05179759524887739,,,,,,,,,171.8335968017578,2.3976769037476773,205.33351135253906,2.865117339674741,,,,,,,,,,,,,,,,,,,"Mike Wood","1806",430061
"Rob Delaney",,4,4,,4.395346653610828,58,0,,,,71.66670227050781,,74,38,35,7,23,,,50,6.279066648015467,2.888370658087115,2.1739130434782608,0.8790693307221655,,,,,1.353487699683334,,0.676605504587156,,,,-0.05179759524887739,,,,,,,,,282.83359680175784,3.946513343591493,298.33351135253906,4.162791113597938,,,,,,,,,,,,,,,,,,,"Rob Delaney","5100",503438
"Matt Albers",,3,5,,5.148834651372684,55,1,,,,71.66670227050781,,80,45,41,7,36,,,46,5.77674131617423,4.520927986571137,1.2777777777777777,0.8790693307221655,,,,,1.6186038470439872,,0.6685499058380414,,,,-0.05179759524887739,,,,,,,,,220.2335968017578,3.073025405445341,251.33351135253906,3.5069774859163223,,,,,,,,,,,,,,,,,,,"Matt Albers","4300",458006
"Jon Rauch",,5,5,,4.395346653610828,77,0,,,,71.66670227050781,,75,38,35,9,22,,,53,6.655810646896396,2.7627893251268056,2.409090909090909,1.1302319966427843,,,,,1.353487699683334,,0.6990521327014217,,,,-0.05179759524887739,,,,,,,,,264.63359680175785,3.6925599813828676,281.33351135253906,3.9255819291173535,,,,,,,,,,,,,,,,,,,"Jon Rauch","1475",400010
"Josh Lindblom",,4,3,,3.75,25,13,,,,72,,67,33,30,7,23,,,55,6.875,2.875,2.391304347826087,0.875,,,,,1.25,,0.71072319201995,,,,-0.05203848844394088,,,,,,,,,313.5,4.354166666666667,310,4.305555555555555,,,,,,,,,,,,,,,,,,,"Josh Lindblom","7882",458676
"Francisco Rodríguez",,5,2,,3.125,74,0,,,,72,,55,27,25,6,37,,,88,11,4.625,2.3783783783783785,0.75,,,,,1.2777777777777777,,0.777511961722488,,,,-0.05203848844394088,,,,,,,,,381,5.291666666666667,347,4.819444444444445,,,,,,,,,,,,,,,,,,,"Francisco Rodriguez","1642",408061
"Phil Dumatrait",,3,7,,6,22,12,,,,72,,86,52,48,13,32,,,37,4.625,4,1.15625,1.625,,,,,1.6388888888888888,,0.6613226452905812,,,,-0.05203848844394088,,,,,,,,,127.3000000000001,1.7680555555555568,169,2.3472222222222223,,,,,,,,,,,,,,,,,,,"Phil Dumatrait","8598",430597
"Randy Messenger",,3,4,,4.625,62,0,,,,72,,79,40,37,8,23,,,37,4.625,2.875,1.608695652173913,1,,,,,1.4166666666666667,,0.6828193832599119,,,,-0.05203848844394088,,,,,,,,,234.00000000000009,3.2500000000000013,261,3.625,,,,,,,,,,,,,,,,,,,"Randy Messenger","2658",434591
"Thomas Diamond",,3,5,,6.125,29,11,,,,72,,75,53,49,12,62,,,56,7,7.75,0.9032258064516129,1.5,,,,,1.9027777777777777,,0.6988352745424292,,,,-0.05203848844394088,,,,,,,,,116.20000000000005,1.6138888888888896,130,1.8055555555555556,,,,,,,,,,,,,,,,,,,"Thomas Diamond","8025",435080
"Michael Wuertz",,3,2,,3.625,71,0,,,,72,,63,31,29,7,29,,,77,9.625,3.625,2.6551724137931036,0.875,,,,,1.2777777777777777,,0.7420924574209246,,,,-0.05203848844394088,,,,,,,,,349.90000000000003,4.8597222222222225,336,4.666666666666667,,,,,,,,,,,,,,,,,,,"Michael Wuertz","1856",430900
"Sammy Gervacio",,4,4,,4.354840853212838,59,0,,,,72.33329772949219,,70,38,35,8,34,,,78,9.705073901445754,4.230416828835328,2.2941176470588234,0.9953921950200773,,,,,1.4377887261401117,,0.7112068965517242,,,,-0.05227938163900436,,,,,,,,,308.8664031982422,4.270044542325757,311.66648864746094,4.308755420124946,,,,,,,,,,,,,,,,,,,"Sammy Gervacio","5127",463645
"James Johnson",,5,5,,4.458713411734073,64,0,,,,72.66670227050781,,75,39,36,8,27,,,49,6.068804365971377,3.344035058800555,1.8148148148148149,0.9908252026075718,,,,,1.4036690370273934,,0.6938325991189428,,,,-0.052520352032821016,,,,,,,,,261.33359680175784,3.596332138878711,276.33351135253906,3.8027528801825174,,,,,,,,,,,,,,,,,,,"James Johnson","sa207721",437565
"Mike Parisi",,3,6,,5.697244914993537,16,13,,,,72.66670227050781,,87,50,46,10,35,,,41,5.077979163363805,4.334860261408126,1.1714285714285715,1.2385315032594648,,,,,1.678898259973941,,0.6666666666666666,,,,-0.052520352032821016,,,,,,,,,165.5335968017578,2.277984160964747,210.33351135253906,2.89449644445891,,,,,,,,,,,,,,,,,,,"Mike Parisi","8070",449157
"Juan Mateo",,5,8,,4.8302728627119125,47,0,,,,72.66670227050781,,80,42,39,9,24,,,43,5.325685464015699,2.9724756078227155,1.7916666666666667,1.1146783529335182,,,,,1.4311919593220481,,0.6783369803063457,,,,-0.052520352032821016,,,,,,,,,233.03359680175782,3.2068827884093456,260.33351135253906,3.5825695018252794,,,,,,,,,,,,,,,,,,,"Juan Mateo","3753",462940
"Jimmy Barthmaier",,2,5,,5.821098065319484,18,15,,,,72.66670227050781,,87,51,47,10,37,,,48,5.944951215645431,4.58256656206002,1.2972972972972974,1.2385315032594648,,,,,1.706421182268596,,0.6636363636363637,,,,-0.052520352032821016,,,,,,,,,173.5335968017578,2.3880758501433657,218.33351135253906,3.004588133637529,,,,,,,,,,,,,,,,,,,"Jimmy Barthmaier","6292",444864
"Jhonny Nunez",,2,3,,5.5479452054794525,51,0,,,,73,,79,49,45,12,39,,,57,7.027397260273973,4.808219178082192,1.4615384615384615,1.4794520547945205,,,,,1.6164383561643836,,0.6818181818181818,,,,-0.0527612452278845,,,,,,,,,184.20000000000002,2.523287671232877,206,2.8219178082191783,,,,,,,,,,,,,,,,,,,"Jhonny Nunez","6640",471919
"Chris George",,3,5,,6.041095890410959,29,9,,,,73,,89,53,49,11,35,,,43,5.301369863013699,4.315068493150685,1.2285714285714286,1.356164383561644,,,,,1.6986301369863013,,0.6537753222836096,,,,-0.0527612452278845,,,,,,,,,154.50000000000003,2.116438356164384,203,2.780821917808219,,,,,,,,,,,,,,,,,,,"Chris George","601",150203
"Buddy Carlyle",,4,4,,4.663638627865212,34,8,,,,73.33329772949219,,78,41,38,9,26,,,59,7.240912606422302,3.190910640118303,2.269230769230769,1.1045459908101818,,,,,1.4181825067192457,,0.6892778993435448,,,,-0.053002138422947986,,,,,,,,,269.16640319824216,3.6704527347335216,289.66648864746094,3.9499994902174818,,,,,,,,,,,,,,,,,,,"Buddy Carlyle","2010",234194
"Adam Russell",,4,4,,4.172729298616242,56,0,,,,73.33329772949219,,71,37,34,6,34,,,53,6.504548612548848,4.172729298616242,1.5588235294117647,0.7363639938734545,,,,,1.4318188769761615,,0.7039337474120083,,,,-0.053002138422947986,,,,,,,,,288.2664031982422,3.9309074066406144,292.66648864746094,3.990908600988229,,,,,,,,,,,,,,,,,,,"Adam Russell","7334",452240
"Enerio Del Rosario",,3,3,,4.295456630928484,54,0,,,,73.33329772949219,,77,38,35,7,26,,,41,5.031820624801939,3.190910640118303,1.5769230769230769,0.859091326185697,,,,,1.40454613646233,,0.6974248927038627,,,,-0.053002138422947986,,,,,,,,,260.3664031982421,3.550452676472662,279.66648864746094,3.813635787648323,,,,,,,,,,,,,,,,,,,"Enerio Del Rosario","4204",491688
"Brian Tallet",,3,3,,4.172729298616242,64,0,,,,73.33329772949219,,71,37,34,7,34,,,63,7.731821935671272,4.172729298616242,1.8529411764705883,0.859091326185697,,,,,1.4318188769761615,,0.7142857142857143,,,,-0.053002138422947986,,,,,,,,,295.9664031982421,4.035907457618865,299.66648864746094,4.0863631927866395,,,,,,,,,,,,,,,,,,,"Brian Tallet","1646",425226
"Kason Gabbard",,3,6,,6.23076621937723,18,16,,,,73.66670227050781,,81,56,51,9,63,,,43,5.253391126141587,7.696828859230696,0.6825396825396826,1.0995469798900994,,,,,1.954750186471288,,0.669710806697108,,,,-0.05324310881676464,,,,,,,,,120.8335968017578,1.640274276946059,148.33351135253906,2.013576104002199,,,,,,,,,,,,,,,,,,,"Kason Gabbard","3418",451257
"Calvin Medlock",,3,4,,5.253391126141587,48,1,,,,73.66670227050781,,80,47,43,12,29,,,48,5.864250559413864,3.5429847129792096,1.6551724137931034,1.466062639853466,,,,,1.4796372939261833,,0.6724511930585683,,,,-0.05324310881676464,,,,,,,,,198.53359680175777,2.695024898396191,221.33351135253906,3.0045258513105604,,,,,,,,,,,,,,,,,,,"Calvin Medlock","sa202951",445938
"Cory Wade",,3,3,,4.031672259597031,52,1,,,,73.66670227050781,,67,36,33,11,25,,,53,6.475109992686141,3.0542971663613874,2.12,1.3438907531990105,,,,,1.2488681746899895,,0.731070496083551,,,,-0.05324310881676464,,,,,,,,,266.6335968017578,3.619458840748238,256.33351135253906,3.479638743855665,,,,,,,,,,,,,,,,,,,"Cory Wade","7570",460677
"Roman Colon",,3,6,,5.472972972972973,40,3,,,,74,,86,49,45,10,29,,,40,4.864864864864865,3.527027027027027,1.3793103448275863,1.2162162162162162,,,,,1.554054054054054,,0.6534653465346535,,,,-0.053484002011828125,,,,,,,,,194.00000000000003,2.621621621621622,233,3.1486486486486487,,,,,,,,,,,,,,,,,,,"Roman Colon","2242",430638
"Chris Hayes",,4,5,,4.864864864864865,44,0,,,,74,,87,44,40,7,21,,,29,3.527027027027027,2.554054054054054,1.380952380952381,0.8513513513513513,,,,,1.4594594594594594,,0.6517311608961304,,,,-0.053484002011828125,,,,,,,,,230.29999999999998,3.112162162162162,274,3.7027027027027026,,,,,,,,,,,,,,,,,,,"Chris Hayes","sa323258",496529
"Scott Lewis",,4,5,,4.964127938233487,16,16,,,,74.33329772949219,,83,45,41,11,23,,,48,5.811661976468472,2.7847546970578096,2.0869565217391304,1.3318392029406916,,,,,1.426009651633468,,0.673289183222958,,,,-0.05372489520689161,,,,,,,,,225.96640319824223,3.0399082255244636,255.66648864746094,3.4394611359482803,,,,,,,,,,,,,,,,,,,"Scott Lewis","7322",460260
"Mark Melancon",,4,3,,4.964127938233487,47,0,,,,74.33329772949219,,78,45,41,9,29,,,55,6.659196014703459,3.511212444116369,1.896551724137931,1.0896866205878386,,,,,1.439462572875293,,0.6567796610169491,,,,-0.05372489520689161,,,,,,,,,259.56640319824226,3.4919263792497897,277.66648864746094,3.735425403268434,,,,,,,,,,,,,,,,,,,"Mark Melancon","4264",453343
"Chris Nicoll",,2,7,,6.295967141174179,34,6,,,,74.33329772949219,,88,57,52,13,37,,,47,5.690585685292046,4.479822773527781,1.2702702702702702,1.5739917852935448,,,,,1.681615155228146,,0.6367041198501873,,,,-0.05372489520689161,,,,,,,,,144.36640319824227,1.9421498521915304,185.66648864746094,2.4977566490205185,,,,,,,,,,,,,,,,,,,"Chris Nicoll","sa295154",459980
"Luke Gregerson",,5,3,,3.254462733865524,67,0,,,,74.66670227050781,,64,29,27,5,30,,,74,8.919638603927734,3.6160697042950267,2.466666666666667,0.6026782840491711,,,,,1.2589279711249353,,0.7471264367816092,,,,-0.05396586560070826,,,,,,,,,382.6335968017579,5.124554656445464,366.33351135253906,4.906250044703462,,,,,,,,,,,,,,,,,,,"Luke Gregerson","4090",502381
"Ryan Tucker",,3,5,,5.544640213252374,20,13,,,,74.66670227050781,,85,50,46,8,45,,,48,5.785711526872043,5.424104556442541,1.0666666666666667,0.9642852544786739,,,,,1.7410705983642722,,0.6734006734006734,,,,-0.05396586560070826,,,,,,,,,194.1335968017579,2.600002288817269,230.33351135253906,3.0848223417993004,,,,,,,,,,,,,,,,,,,"Ryan Tucker","1062",457761
"Bobby Mosebach",,3,4,,5.544640213252374,67,0,,,,74.66670227050781,,90,50,46,6,42,,,37,4.459819301963867,5.062497586013038,0.8809523809523809,0.7232139408590054,,,,,1.7678562998775686,,0.6634304207119741,,,,-0.05396586560070826,,,,,,,,,192.73359680175787,2.581252297757961,243.33351135253906,3.258929401635728,,,,,,,,,,,,,,,,,,,"Bobby Mosebach","6927",458595
"Miguel Batista",,4,5,,4.44,64,0,,,,75,,75,40,37,7,40,,,56,6.72,4.8,1.4,0.84,,,,,1.5333333333333334,,0.7129277566539923,,,,-0.05420675879577175,,,,,,,,,265.9,3.5453333333333332,276,3.68,,,,,,,,,,,,,,,,,,,"Miguel Batista","46",110683
"Jenrry Mejia",,3,5,,4.8982324034852445,16,16,,,,75.33329772949219,,78,45,41,8,44,,,54,6.451330482639102,5.25663965252075,1.2272727272727273,0.9557526640946817,,,,,1.6194697919382108,,0.6949458483754513,,,,-0.05444765199083523,,,,,,,,,232.26640319824224,3.083183800505688,248.66648864746094,3.300884152720566,,,,,,,,,,,,,,,,,,,"Jenrry Mejia","8476",516769
"Steve Garrison",,3,5,,4.8982324034852445,16,15,,,,75.33329772949219,,82,45,41,11,26,,,43,5.137170569508915,3.1061961583077156,1.6538461538461537,1.3141599131301875,,,,,1.4336289961420228,,0.6803455723542117,,,,-0.05444765199083523,,,,,,,,,216.9664031982422,2.8800863593855675,241.66648864746094,3.2079637548224715,,,,,,,,,,,,,,,,,,,"Steve Garrison","9869",477237
"Brian Gordon",,5,5,,5.25663965252075,41,4,,,,75.33329772949219,,84,48,44,12,26,,,39,4.659294237461574,3.1061961583077156,1.5,1.4336289961420228,,,,,1.4601776812557639,,0.6652360515021459,,,,-0.05444765199083523,,,,,,,,,191.4664031982422,2.541590624185368,220.66648864746094,2.9292025611281893,,,,,,,,,,,,,,,,,,,"Brian Gordon","2374",430950
"Ryan Webb",,4,5,,4.539825154449739,63,1,,,,75.33329772949219,,81,41,38,7,30,,,50,5.973454150591761,3.5840724903550565,1.6666666666666667,0.8362835810828465,,,,,1.4734520238126345,,0.691699604743083,,,,-0.05444765199083523,,,,,,,,,270.7664031982422,3.5942459889452048,295.66648864746094,3.924778252893483,,,,,,,,,,,,,,,,,,,"Ryan Webb","7474",444436
"Sean Green",,3,4,,4.300886988426068,75,0,,,,75.33329772949219,,75,39,36,6,36,,,61,7.287614063721948,4.300886988426068,1.6944444444444444,0.7168144980710114,,,,,1.4734520238126345,,0.7017543859649124,,,,-0.05444765199083523,,,,,,,,,302.6664031982422,4.017697516509377,312.66648864746094,4.1504420763602825,,,,,,,,,,,,,,,,,,,"Sean Green","3001",434958
"Jesse Chavez",,3,3,,4.778763320473409,68,0,,,,75.33329772949219,,80,44,40,10,28,,,60,7.168144980710113,3.345134324331386,2.142857142857143,1.1946908301183523,,,,,1.4336289961420228,,0.6808510638297872,,,,-0.05444765199083523,,,,,,,,,262.46640319824223,3.4840689457231795,282.66648864746094,3.7522117996541655,,,,,,,,,,,,,,,,,,,"Jesse Chavez","5448",445926
"Shawn Chacon",,3,6,,6.422904466783211,25,11,,,,75.66670227050781,,88,59,54,15,44,,,46,5.47136306429681,5.233477713675209,1.0454545454545454,1.7841401296620032,,,,,1.7444925712250698,,0.6576576576576577,,,,-0.054688622384651886,,,,,,,,,106.63359680175785,1.409253920179363,143.33351135253906,1.8942745891068833,,,,,,,,,,,,,,,,,,,"Shawn Chacon","424",276336
"John Parrish",,3,5,,5.233477713675209,31,9,,,,75.66670227050781,,85,48,44,8,40,,,50,5.947133765540011,4.757707012432008,1.25,0.9515414024864017,,,,,1.651981601538892,,0.6766256590509666,,,,-0.054688622384651886,,,,,,,,,220.53359680175788,2.9145395555016016,254.33351135253906,3.3612342512734195,,,,,,,,,,,,,,,,,,,"John Parrish","160",332292
"Cla Meredith",,3,4,,4.757707012432008,76,0,,,,75.66670227050781,,87,44,40,8,26,,,48,5.70924841491841,3.0925095580808057,1.8461538461538463,0.9515414024864017,,,,,1.4933913677911583,,0.6777996070726916,,,,-0.054688622384651886,,,,,,,,,253.33359680175786,3.348019527745407,292.33351135253906,3.8634366581412425,,,,,,,,,,,,,,,,,,,"Cla Meredith","7613",448592
"Juan Gutierrez",,3,4,,4.519821661810408,70,0,,,,75.66670227050781,,78,41,38,7,35,,,61,7.255503193958813,4.162993635878007,1.7428571428571429,0.8325987271756015,,,,,1.4933913677911583,,0.6976744186046512,,,,-0.054688622384651886,,,,,,,,,288.0335968017578,3.8066096203326025,304.33351135253906,4.022026891888976,,,,,,,,,,,,,,,,,,,"Juan Gutierrez","3265",434641
"Billy Traber",,4,6,,5.70924841491841,46,5,,,,75.66670227050781,,97,52,48,10,26,,,35,4.162993635878007,3.0925095580808057,1.3461538461538463,1.189426753108002,,,,,1.6255498959142696,,0.6513761467889908,,,,-0.054688622384651886,,,,,,,,,176.73359680175784,2.3356852023223738,240.33351135253906,3.1762123119010632,,,,,,,,,,,,,,,,,,,"Billy Traber","410",407896
"Matt Guerrier",,5,4,,4.0440509605672075,76,0,,,,75.66670227050781,,75,37,34,10,24,,,55,6.541847142094012,2.854624207459205,2.2916666666666665,1.189426753108002,,,,,1.3083694284188023,,0.7294117647058823,,,,-0.054688622384651886,,,,,,,,,279.93359680175786,3.699561212552883,286.33351135253906,3.784141541267376,,,,,,,,,,,,,,,,,,,"Matt Guerrier","2061",407825
"Mario Alvarez",,4,8,,5.82819109022921,20,12,,,,75.66670227050781,,87,53,49,12,40,,,44,5.233477713675209,4.757707012432008,1.1,1.4273121037296026,,,,,1.6784133071635141,,0.6715063520871143,,,,-0.054688622384651886,,,,,,,,,154.13359680175782,2.0370069287641415,190.33351135253906,2.515419671285507,,,,,,,,,,,,,,,,,,,"Mario Alvarez","sa291501",464318
"Mike Dunn",,3,5,,5.2105263157894735,44,0,,,,76,,75,48,44,9,56,,,73,8.644736842105264,6.631578947368421,1.3035714285714286,1.0657894736842106,,,,,1.7236842105263157,,0.7010135135135135,,,,-0.05492951557971537,,,,,,,,,234.7,3.0881578947368418,241,3.1710526315789473,,,,,,,,,,,,,,,,,,,"Mike Dunn","9948",445197
"Aaron Heilman",,5,5,,4.362447449605494,75,0,,,,76.33329772949219,,75,40,37,9,35,,,69,8.135374973588624,4.126639479356548,1.9714285714285715,1.0611358661202552,,,,,1.4410487070768898,,0.7186858316221766,,,,-0.055170408774778856,,,,,,,,,292.1664031982422,3.827509250728475,297.66648864746094,3.8995628055049205,,,,,,,,,,,,,,,,,,,"Aaron Heilman","1751",408310
"Zach Stewart",,3,3,,4.244543464481021,32,9,,,,76.33329772949219,,77,39,36,7,33,,,60,7.074239107468368,3.8908315091076022,1.8181818181818181,0.8253278958713096,,,,,1.4410487070768898,,0.7085828343313373,,,,-0.055170408774778856,,,,,,,,,299.56640319824214,3.9244525273863733,311.66648864746094,4.082969004587434,,,,,,,,,,,,,,,,,,,"Zach Stewart","7397",543819
"Heath Bell",,8,3,,2.7117916578628742,72,0,,,,76.33329772949219,,60,25,23,5,26,,,81,9.550222795082297,3.0655036132362925,3.1153846153846154,0.589519925622364,,,,,1.1266380800782956,,0.7721518987341772,,,,-0.055170408774778856,,,,,,,,,431.3664031982422,5.65109088732032,400.66648864746094,5.248908413040554,,,,,,,,,,,,,,,,,,,"Heath Bell","2080",425514
"Brad Ziegler",,5,3,,3.6550235388586567,64,0,,,,76.33329772949219,,77,34,31,4,27,,,46,5.4235833157257485,3.1834075983607657,1.7037037037037037,0.4716159404978912,,,,,1.3624460503272413,,0.7113821138211381,,,,-0.055170408774778856,,,,,,,,,326.4664031982421,4.276854438480631,340.66648864746094,4.462881845544068,,,,,,,,,,,,,,,,,,,"Brad Ziegler","7293",446899
"Alfredo Aceves",,5,4,,4.695649993262916,62,0,,,,76.66670227050781,,81,44,40,10,23,,,55,6.456518740736509,2.6999987461261767,2.391304347826087,1.173912498315729,,,,,1.3565211091648424,,0.6666666666666666,,,,-0.05541137916859551,,,,,,,,,274.7335968017578,3.58348003325353,294.33351135253906,3.8391309738877792,,,,,,,,,,,,,,,,,,,"Alfredo Aceves","5164",469686
"Mike Ekstrom",,3,8,,6.691301240399655,28,11,,,,76.66670227050781,,105,62,57,13,36,,,51,5.986953741410218,4.226084993936625,1.4166666666666667,1.5260862478104478,,,,,1.8391295806946422,,0.6433224755700326,,,,-0.05541137916859551,,,,,,,,,128.43359680175786,1.6752200498802954,208.33351135253906,2.7173923643860824,,,,,,,,,,,,,,,,,,,"Mike Ekstrom","7488",455091
"Ryan Madson",,5,3,,3.63912874477876,72,0,,,,76.66670227050781,,72,34,31,8,24,,,69,8.09999623837853,2.8173899959577495,2.875,0.9391299986525832,,,,,1.2521733315367776,,0.7311320754716981,,,,-0.05541137916859551,,,,,,,,,347.7335968017578,4.5356535041096215,345.33351135253906,4.504348056266692,,,,,,,,,,,,,,,,,,,"Ryan Madson","1852",425492
"Jose Ascanio",,3,4,,4.324675324675325,43,7,,,,77,,81,40,37,7,30,,,59,6.896103896103896,3.5064935064935066,1.9666666666666666,0.8181818181818182,,,,,1.4415584415584415,,0.7015810276679841,,,,-0.055652272363658994,,,,,,,,,301.1,3.9103896103896107,322,4.181818181818182,,,,,,,,,,,,,,,,,,,"Jose Ascanio","3951",448857
"Boof Bonser",,3,5,,5.7272727272727275,23,11,,,,77,,90,53,49,12,30,,,62,7.246753246753247,3.5064935064935066,2.066666666666667,1.4025974025974026,,,,,1.5584415584415585,,0.6492248062015503,,,,-0.055652272363658994,,,,,,,,,222.20000000000005,2.885714285714286,263,3.4155844155844157,,,,,,,,,,,,,,,,,,,"Boof Bonser","2159",425818
"John Bannister",,2,8,,7.012987012987013,36,8,,,,77,,95,66,60,12,61,,,39,4.558441558441558,7.12987012987013,0.639344262295082,1.4025974025974026,,,,,2.0259740259740258,,0.646551724137931,,,,-0.055652272363658994,,,,,,,,,70.20000000000005,0.9116883116883123,124,1.6103896103896105,,,,,,,,,,,,,,,,,,,"John Bannister","sa202864",452673
"Chad Durbin",,3,2,,4.207792207792208,64,0,,,,77,,72,39,36,8,40,,,65,7.597402597402597,4.675324675324675,1.625,0.935064935064935,,,,,1.4545454545454546,,0.7242063492063492,,,,-0.055652272363658994,,,,,,,,,294.20000000000005,3.8207792207792215,291,3.779220779220779,,,,,,,,,,,,,,,,,,,"Chad Durbin","1442",239795
"Andrew Bailey",,5,4,,3.8405190095331303,69,0,,,,77.33329772949219,,68,36,33,9,33,,,77,8.96121102224397,3.8405190095331303,2.3333333333333335,1.0474142753272173,,,,,1.306035084049987,,0.7352941176470588,,,,-0.05589316555872248,,,,,,,,,339.76640319824213,4.393533098597802,324.66648864746094,4.1982754929594135,,,,,,,,,,,,,,,,,,,"Andrew Bailey","1368",457732
"Ryan Perry",,1,1,,4.422415829159362,64,0,,,,77.33329772949219,,74,41,38,9,46,,,72,8.379314202617739,5.353450740561333,1.565217391304348,1.0474142753272173,,,,,1.5517248523366183,,0.7355679702048417,,,,-0.05589316555872248,,,,,,,,,275.16640319824216,3.558187886423256,275.66648864746094,3.5646545115886283,,,,,,,,,,,,,,,,,,,"Ryan Perry","8799",543634
"Jason Bergmann",,4,4,,4.422415829159362,77,0,,,,77.33329772949219,,78,41,38,9,32,,,61,7.099141199440028,3.7241396456078837,1.90625,1.0474142753272173,,,,,1.4224144479752334,,0.7084188911704312,,,,-0.05589316555872248,,,,,,,,,284.7664031982422,3.6823258746101852,295.66648864746094,3.8232753203113976,,,,,,,,,,,,,,,,,,,"Jason Bergmann","4640",456589
"Rafael Perez",,4,4,,4.171671907370679,73,0,,,,77.66670227050781,,78,39,36,7,28,,,68,7.879824713922394,3.244633705732751,2.4285714285714284,0.8111584264331877,,,,,1.364806241300284,,0.6964656964656964,,,,-0.05613413595253913,,,,,,,,,337.8335968017578,4.349786805999648,349.33351135253906,4.497854307446122,,,,,,,,,,,,,,,,,,,"Rafael Perez","4078",460370
"Hayden Penn",,3,5,,5.909868535441796,22,14,,,,77.66670227050781,,91,56,51,13,40,,,58,6.721026961874983,4.6351910081896435,1.45,1.5064370776616343,,,,,1.6866945057578981,,0.6648936170212766,,,,-0.05613413595253913,,,,,,,,,174.23359680175784,2.243350003389022,215.33351135253906,2.77253320995331,,,,,,,,,,,,,,,,,,,"Hayden Penn","4893",435140
"Chris Capuano",,4,5,,5.098710109008608,14,13,,,,77.66670227050781,,89,48,44,11,27,,,60,6.952786512284465,3.1287539305280094,2.2222222222222223,1.274677527252152,,,,,1.4935615470833297,,0.6759443339960239,,,,-0.05613413595253913,,,,,,,,,247.0335968017578,3.1806886294895933,284.33351135253906,3.6609448198563252,,,,,,,,,,,,,,,,,,,"Chris Capuano","1701",425626
"Nick Masset",,3,3,,3.824032581756456,59,3,,,,77.66670227050781,,74,36,33,8,28,,,62,7.184546062693948,3.244633705732751,2.2142857142857144,0.9270382016379287,,,,,1.3133041189870658,,0.7268722466960352,,,,-0.05613413595253913,,,,,,,,,323.93359680175786,4.170816930961215,324.33351135253906,4.175966042988508,,,,,,,,,,,,,,,,,,,"Nick Masset","7267",434665
"Jamey Wright",,5,5,,4.846153846153846,67,0,,,,78,,80,46,42,8,37,,,57,6.576923076923077,4.269230769230769,1.5405405405405406,0.9230769230769231,,,,,1.5,,0.6710775047258979,,,,-0.05637502914760262,,,,,,,,,273.80000000000007,3.510256410256411,289,3.7051282051282053,,,,,,,,,,,,,,,,,,,"Jamey Wright","715",124604
"Jerry Blevins",,4,5,,4.5,66,0,,,,78,,81,42,39,9,26,,,60,6.923076923076923,3,2.3076923076923075,1.0384615384615385,,,,,1.3717948717948718,,0.6885593220338982,,,,-0.05637502914760262,,,,,,,,,297.9000000000001,3.8192307692307703,315,4.038461538461538,,,,,,,,,,,,,,,,,,,"Jerry Blevins","7841",460283
"Joel Hanrahan",,3,3,,4.038461538461538,72,0,,,,78,,74,38,35,7,38,,,88,10.153846153846153,4.384615384615385,2.3157894736842106,0.8076923076923077,,,,,1.435897435897436,,0.7240704500978473,,,,-0.05637502914760262,,,,,,,,,360.70000000000005,4.624358974358975,361,4.628205128205129,,,,,,,,,,,,,,,,,,,"Joel Hanrahan","2186",430629
"Robert Ray",,4,6,,5.629789792878402,16,16,,,,78.33329772949219,,96,53,49,10,32,,,45,5.170215115908737,3.676597415757324,1.40625,1.1489366924241635,,,,,1.6340432958921438,,0.6578947368421053,,,,-0.0566159223426661,,,,,,,,,201.06640319824214,2.5668063138690176,255.66648864746094,3.2638289981145974,,,,,,,,,,,,,,,,,,,"Robert Ray","3359",459988
"Todd Coffey",,4,3,,4.251065761969405,75,0,,,,78.33329772949219,,81,40,37,9,25,,,63,7.238301162272231,2.872341731060409,2.52,1.0340430231817472,,,,,1.3531921044106816,,0.7066381156316917,,,,-0.0566159223426661,,,,,,,,,309.3664031982421,3.949360133752761,325.66648864746094,4.157446425555613,,,,,,,,,,,,,,,,,,,"Todd Coffey","2467",434298
"Kelvin Jimenez",,3,5,,5.859577131363235,54,2,,,,78.33329772949219,,96,56,51,12,31,,,38,4.365959431211822,3.5617037465149073,1.2258064516129032,1.3787240309089963,,,,,1.6212773326429863,,0.6442831215970962,,,,-0.0566159223426661,,,,,,,,,165.46640319824212,2.112338022199015,218.66648864746094,2.7914883578957745,,,,,,,,,,,,,,,,,,,"Kelvin Jimenez","2902",459376
"Noah Lowry",,4,6,,4.940427777423904,13,13,,,,78.33329772949219,,86,47,43,8,40,,,43,4.940427777423904,4.595746769696654,1.075,0.919149353939331,,,,,1.608511369393829,,0.6881533101045296,,,,-0.0566159223426661,,,,,,,,,223.6664031982422,2.8553170832999752,253.66648864746094,3.2382970716162824,,,,,,,,,,,,,,,,,,,"Noah Lowry","1833",430161
"Claudio Vargas",,4,4,,4.4618623873800045,32,10,,,,78.66670227050781,,80,42,39,10,27,,,59,6.749996945010776,3.0889816528015417,2.185185185185185,1.1440672788153858,,,,,1.3601688759249586,,0.6989247311827957,,,,-0.056856892736482756,,,,,,,,,288.1335968017578,3.6627135558697397,300.33351135253906,3.8177971452241013,,,,,,,,,,,,,,,,,,,"Claudio Vargas","1695",282567
"Jeff Sues",,3,5,,4.919489298906159,46,0,,,,78.66670227050781,,77,47,43,11,43,,,66,7.550844040181546,4.919489298906159,1.5348837209302326,1.2584740066969242,,,,,1.5254230384205143,,0.6978967495219885,,,,-0.056856892736482756,,,,,,,,,249.63359680175776,3.1733069977098243,253.33351135253906,3.2203397885094,,,,,,,,,,,,,,,,,,,"Jeff Sues","sa291428",450298
"Francisley Bueno",,3,4,,5.377116210432313,28,12,,,,78.66670227050781,,94,51,47,10,33,,,46,5.2627094825507745,3.775422020090773,1.393939393939394,1.1440672788153858,,,,,1.6144060489950443,,0.672566371681416,,,,-0.056856892736482756,,,,,,,,,207.73359680175778,2.640680120127995,256.33351135253906,3.2584753644699127,,,,,,,,,,,,,,,,,,,"Francisley Bueno","5980",499107
"Bryan Morris",,3,8,,6.177963305603083,18,18,,,,78.66670227050781,,96,59,54,9,51,,,36,4.118642203735389,5.834743121958467,0.7058823529411765,1.0296605509338472,,,,,1.8686432220651301,,0.6547619047619048,,,,-0.056856892736482756,,,,,,,,,140.83359680175778,1.7902567762085582,195.33351135253906,2.4830519866061516,,,,,,,,,,,,,,,,,,,"Bryan Morris","10234",457768
"Aníbal Sánchez",,4,5,,4.690675843143081,16,16,,,,78.66670227050781,,83,45,41,8,38,,,63,7.20762385653693,4.347455659498466,1.6578947368421053,0.9152538230523086,,,,,1.5381348970740185,,0.6921675774134791,,,,-0.056856892736482756,,,,,,,,,279.9335968017578,3.5584763149110046,301.33351135253906,3.8305090038776055,,,,,,,,,,,,,,,,,,,"Anibal Sanchez","3284",434671
"Edward Mujica",,3,3,,4.084035446311125,61,1,,,,79.33329772949219,,80,39,36,10,19,,,65,7.373952889172865,2.1554631522197605,3.4210526315789473,1.1344542906419792,,,,,1.2478997197061772,,0.7058823529411765,,,,-0.057338679126609726,,,,,,,,,329.06640319824226,4.14789770015966,339.66648864746094,4.281512282593413,,,,,,,,,,,,,,,,,,,"Edward Mujica","3970",465629
"Matt Ginter",,3,6,,5.558826024145699,30,9,,,,79.33329772949219,,98,53,49,11,26,,,46,5.218489736953105,2.949581155669146,1.7692307692307692,1.2478997197061772,,,,,1.5630259115511713,,0.6537753222836096,,,,-0.057338679126609726,,,,,,,,,210.96640319824223,2.6592415698839074,267.66648864746094,3.3739488500798296,,,,,,,,,,,,,,,,,,,"Matt Ginter","233",215197
"J.P. Howell",,7,4,,3.2761491634707816,72,0,,,,79.66670227050781,,62,31,29,8,37,,,89,10.05438881203102,4.17991444994548,2.4054054054054053,0.9037652864746984,,,,,1.2426772689027104,,0.7744874715261959,,,,-0.05757964952042638,,,,,,,,,396.93359680175786,4.9824278586801825,361.33351135253906,4.535565061117169,,,,,,,,,,,,,,,,,,,"J.P. Howell","8245",434442
"Brian Stokes",,3,4,,5.083679736420178,77,0,,,,79.66670227050781,,90,49,45,9,38,,,50,5.648533040466865,4.292885110754818,1.3157894736842106,1.0167359472840358,,,,,1.6066938426216861,,0.6845753899480069,,,,-0.05757964952042638,,,,,,,,,230.8335968017579,2.8974915519656355,267.33351135253906,3.355649270441868,,,,,,,,,,,,,,,,,,,"Brian Stokes","8653",425530
"Zach Putnam",,4,4,,4.6125,40,5,,,,80,,86,45,41,7,32,,,56,6.3,3.6,1.75,0.7875,,,,,1.475,,0.6746765249537893,,,,-0.057820542715489864,,,,,,,,,298.29999999999995,3.7287499999999993,325,4.0625,,,,,,,,,,,,,,,,,,,"Zach Putnam","9080",474029
"Mark Lowe",,5,4,,3.825,72,0,,,,80,,73,37,34,8,32,,,66,7.425,3.6,2.0625,0.9,,,,,1.3125,,0.7249466950959489,,,,-0.057820542715489864,,,,,,,,,339.8,4.2475000000000005,332,4.15,,,,,,,,,,,,,,,,,,,"Mark Lowe","7416",450275
"Jonathan Broxton",,7,1,,2.25,79,0,,,,80,,55,22,20,5,28,,,109,12.2625,3.15,3.892857142857143,0.5625,,,,,1.0375,,0.8026315789473685,,,,-0.057820542715489864,,,,,,,,,521.5,6.51875,469,5.8625,,,,,,,,,,,,,,,,,,,"Jonathan Broxton","4759",455009
"Chris Jakubauskas",,4,5,,4.6125,27,9,,,,80,,83,45,41,10,27,,,46,5.175,3.0375,1.7037037037037037,1.125,,,,,1.375,,0.6770833333333334,,,,-0.057820542715489864,,,,,,,,,264.2,3.3024999999999998,281,3.5125,,,,,,,,,,,,,,,,,,,"Chris Jakubauskas","7831",499856
"Dustin Moseley",,3,6,,5.825728723049627,22,13,,,,80.33329772949219,,98,57,52,13,27,,,47,5.26556249967947,3.0248976061988446,1.7407407407407407,1.4564321807624068,,,,,1.5560172871393234,,0.6367041198501873,,,,-0.05806143591055335,,,,,,,,,192.76640319824224,2.399582846049071,245.66648864746094,3.0580904256501245,,,,,,,,,,,,,,,,,,,"Dustin Moseley","7060",400291
"Ian Kennedy",,3,5,,5,17,16,,,,81,,82,49,45,8,38,,,65,7.222222222222222,4.222222222222222,1.7105263157894737,0.8888888888888888,,,,,1.4814814814814814,,0.6525735294117647,,,,-0.05854329949943349,,,,,,,,,303.79999999999995,3.750617283950617,317,3.9135802469135803,,,,,,,,,,,,,,,,,,,"Ian Kennedy","6986",453178
"Ryan Ketchner",,4,7,,6.333333333333333,18,15,,,,81,,106,62,57,14,32,,,43,4.777777777777778,3.5555555555555554,1.34375,1.5555555555555556,,,,,1.7037037037037037,,0.6418918918918919,,,,-0.05854329949943349,,,,,,,,,141.5999999999999,1.7481481481481471,213,2.6296296296296298,,,,,,,,,,,,,,,,,,,"Ryan Ketchner","sa199599",434702
"Greg Reinhard",,3,5,,5.777777777777778,43,6,,,,81,,88,57,52,14,50,,,66,7.333333333333333,5.555555555555555,1.32,1.5555555555555556,,,,,1.7037037037037037,,0.6841216216216216,,,,-0.05854329949943349,,,,,,,,,180.39999999999992,2.2271604938271596,205,2.5308641975308643,,,,,,,,,,,,,,,,,,,"Greg Reinhard","sa291481",489234
"Rick Van Den Hurk",,4,4,,4.555555555555555,17,17,,,,81,,82,45,41,10,35,,,75,8.333333333333334,3.888888888888889,2.142857142857143,1.1111111111111112,,,,,1.4444444444444444,,0.6990291262135923,,,,-0.05854329949943349,,,,,,,,,308.19999999999993,3.8049382716049376,320,3.950617283950617,,,,,,,,,,,,,,,,,,,"Rick Van Den Hurk","5099",462995
"Antonio Bastardo",,5,5,,4.647543018078483,20,15,,,,81.33329772949219,,80,46,42,12,35,,,71,7.856560816275532,3.872952515065403,2.0285714285714285,1.3278694337367096,,,,,1.4139350451826074,,0.7026476578411405,,,,-0.05878419269449697,,,,,,,,,283.2664031982422,3.4827851704767068,287.66648864746094,3.5368846054197367,,,,,,,,,,,,,,,,,,,"Antonio Bastardo","8844",455374
"Steven Jackson",,3,5,,5.090166162657387,51,4,,,,81.33329772949219,,91,50,46,9,36,,,53,5.864756665670467,3.9836083012101287,1.4722222222222223,0.9959020753025322,,,,,1.5614760933755751,,0.673076923076923,,,,-0.05878419269449697,,,,,,,,,252.56640319824223,3.1053259888496982,287.66648864746094,3.5368846054197367,,,,,,,,,,,,,,,,,,,"Steven Jackson","7341",452259
"Josh Rupe",,3,6,,5.975412451815194,30,9,,,,81.33329772949219,,97,59,54,10,46,,,38,4.2049198734995805,5.090166162657387,0.8260869565217391,1.106557861447258,,,,,1.7581974909661988,,0.6511627906976745,,,,-0.05878419269449697,,,,,,,,,164.6664031982422,2.0245878108362088,214.66648864746094,2.6393432289125163,,,,,,,,,,,,,,,,,,,"Josh Rupe","7206",434666
"Ramon Troncoso",,5,4,,3.857141175562755,66,0,,,,81.66670227050781,,82,38,35,6,32,,,56,6.171425880900408,3.526529074800233,1.75,0.6612242015250437,,,,,1.3959177587750922,,0.7196969696969697,,,,-0.059025163088313626,,,,,,,,,333.3335968017577,4.081634099753947,346.33351135253906,4.240816657508283,,,,,,,,,,,,,,,,,,,"Ramon Troncoso","4685",470462
"Alex Periard",,5,7,,5.378048780487805,18,18,,,,82,,95,53,49,10,37,,,41,4.5,4.060975609756097,1.1081081081081081,1.0975609756097562,,,,,1.6097560975609757,,0.6694915254237288,,,,-0.05926605628337711,,,,,,,,,207.80000000000007,2.5341463414634156,251,3.0609756097560976,,,,,,,,,,,,,,,,,,,"Alex Periard","sa268556",461857
"Ramon Pena",,5,5,,4.609756097560975,80,0,,,,82,,90,46,42,11,29,,,55,6.036585365853658,3.182926829268293,1.896551724137931,1.2073170731707317,,,,,1.451219512195122,,0.7046332046332047,,,,-0.05926605628337711,,,,,,,,,260.50000000000006,3.1768292682926838,290,3.5365853658536586,,,,,,,,,,,,,,,,,,,"Ramon Pena","4573",430963
"Jorge Campillo",,3,5,,5.2469658317263725,21,13,,,,82.33329772949219,,98,52,48,11,28,,,44,4.809718679082508,3.06073006850705,1.5714285714285714,1.202429669770627,,,,,1.530365034253525,,0.6690777576853526,,,,-0.059506949478440596,,,,,,,,,223.16640319824216,2.710524287894555,272.66648864746094,3.3117401606250794,,,,,,,,,,,,,,,,,,,"Jorge Campillo","8686",435658
"Kurt Birkins",,3,5,,5.356277619887338,35,12,,,,82.33329772949219,,95,53,49,10,39,,,55,6.012148348853135,4.263159738277677,1.4102564102564104,1.093117881609661,,,,,1.627531068174384,,0.675,,,,-0.059506949478440596,,,,,,,,,232.2664031982422,2.8210506514795317,274.66648864746094,3.336031669105294,,,,,,,,,,,,,,,,,,,"Kurt Birkins","7266",451256
"Saul Rivera",,5,6,,5.2469658317263725,69,0,,,,82.33329772949219,,96,52,48,8,42,,,53,5.793524772531202,4.591095102760575,1.2619047619047619,0.8744943052877286,,,,,1.6761140851348133,,0.6782334384858044,,,,-0.059506949478440596,,,,,,,,,241.2664031982422,2.930362439640498,287.66648864746094,3.4939264742266896,,,,,,,,,,,,,,,,,,,"Saul Rivera","2027",346800
"Carlos Marmol",,4,2,,3.06073006850705,85,0,,,,82.33329772949219,,54,30,28,7,55,,,106,11.587049545062404,6.012148348853135,1.9272727272727272,0.7651825171267626,,,,,1.3238872121717005,,0.7963709677419355,,,,-0.059506949478440596,,,,,,,,,429.7664031982422,5.219837113900732,367.66648864746094,4.4655868134352765,,,,,,,,,,,,,,,,,,,"Carlos Marmol","2790",461791
"Kanekoa Texeira",,6,8,,5.02834225540444,47,4,,,,82.33329772949219,,84,50,46,10,47,,,52,5.6842129843702365,5.137654043565406,1.1063829787234043,1.093117881609661,,,,,1.591093805454062,,0.6923076923076923,,,,-0.059506949478440596,,,,,,,,,230.86640319824218,2.8040465955433813,244.66648864746094,2.9716590419020736,,,,,,,,,,,,,,,,,,,"Kanekoa Texeira","334",444427
"Mat Latos",,6,6,,3.919353150677093,19,17,,,,82.66670227050781,,80,39,36,7,31,,,58,6.3145134094242055,3.3749985464163856,1.8709677419354838,0.7620964459649904,,,,,1.3427413571764115,,0.7114624505928854,,,,-0.05974791987225725,,,,,,,,,340.6335968017578,4.120565928553827,345.33351135253906,4.177419709117153,,,,,,,,,,,,,,,,,,,"Mat Latos","3815",502009
"Julio DePaula",,3,6,,5.987900646867781,56,3,,,,82.66670227050781,,95,60,55,13,50,,,47,5.11693328005065,5.443546042607074,0.94,1.415321971077839,,,,,1.7540315026178348,,0.6703470031545742,,,,-0.05974791987225725,,,,,,,,,148.83359680175784,1.8004056375048572,188.33351135253906,2.278226978696463,,,,,,,,,,,,,,,,,,,"Julio DePaula","2786",451546
"Nick Hill",,4,5,,4.572578675789942,36,8,,,,82.66670227050781,,84,46,42,10,35,,,56,6.096771567719923,3.8104822298249514,1.6,1.0887092085214147,,,,,1.4395155090449818,,0.6952380952380952,,,,-0.05974791987225725,,,,,,,,,277.33359680175784,3.354840451893766,290.33351135253906,3.512097415020733,,,,,,,,,,,,,,,,,,,"Nick Hill","sa390200",502108
"Michael Wlodarczyk",,3,6,,6.096771567719923,41,10,,,,82.66670227050781,,102,61,56,10,53,,,42,4.572578675789942,5.770158805163498,0.7924528301886793,1.0887092085214147,,,,,1.8749991924535476,,0.6666666666666666,,,,-0.05974791987225725,,,,,,,,,148.53359680175782,1.7967766068097855,208.33351135253906,2.5201623583678887,,,,,,,,,,,,,,,,,,,"Michael Wlodarczyk","sa254911",458571
"Jorge Sosa",,5,6,,4.790320517494225,43,6,,,,82.66670227050781,,88,48,44,10,33,,,61,6.64112617198063,3.5927403881206685,1.8484848484848484,1.0887092085214147,,,,,1.4637090470121243,,0.6822429906542056,,,,-0.05974791987225725,,,,,,,,,282.9335968017578,3.4225823582017645,306.33351135253906,3.7056457187578737,,,,,,,,,,,,,,,,,,,"Jorge Sosa","1228",407901
"Vladimir Nunez",,3,4,,5.11693328005065,44,4,,,,82.66670227050781,,88,51,47,10,45,,,61,6.64112617198063,4.899191438346366,1.3555555555555556,1.0887092085214147,,,,,1.6088702748149795,,0.6890756302521008,,,,-0.05974791987225725,,,,,,,,,246.9335968017578,2.9870986747931987,270.33351135253906,3.2701620353493075,,,,,,,,,,,,,,,,,,,"Vladimir Nunez","532",136727
"Steven Shell",,4,5,,4.790320517494225,40,7,,,,82.66670227050781,,84,48,44,14,30,,,54,5.87902972601564,3.2661276255642444,1.8,1.5241928919299808,,,,,1.3790316641271254,,0.6991525423728813,,,,-0.05974791987225725,,,,,,,,,239.13359680175776,2.8927438767213425,249.33351135253906,3.0161298866943107,,,,,,,,,,,,,,,,,,,"Steven Shell","3681",434579
"Jason Davis",,4,7,,5.334675121754932,32,11,,,,82.66670227050781,,95,53,49,7,45,,,40,4.354836834085659,4.899191438346366,0.8888888888888888,0.7620964459649904,,,,,1.6935476576999784,,0.6682027649769586,,,,-0.05974791987225725,,,,,,,,,223.6335968017578,2.705243957475988,267.33351135253906,3.233871728398594,,,,,,,,,,,,,,,,,,,"Jason Davis","1598",425186
"Anthony Claggett",,4,9,,5.770158805163498,38,7,,,,82.66670227050781,,100,58,53,10,43,,,44,4.790320517494225,4.681449596642083,1.0232558139534884,1.0887092085214147,,,,,1.7298379646506923,,0.6589147286821705,,,,-0.05974791987225725,,,,,,,,,187.7335968017578,2.2709699509657795,242.33351135253906,2.9314525038093118,,,,,,,,,,,,,,,,,,,"Anthony Claggett","4116",488782
"Seth McClung",,4,4,,4.662650602409639,46,5,,,,83,,81,47,43,10,46,,,66,7.156626506024097,4.9879518072289155,1.434782608695652,1.0843373493975903,,,,,1.5301204819277108,,0.7079646017699115,,,,-0.059988813067320734,,,,,,,,,274.6,3.3084337349397592,279,3.36144578313253,,,,,,,,,,,,,,,,,,,"Seth McClung","1657",425528
"Brian Mazone",,5,6,,5.096385542168675,20,14,,,,83,,94,51,47,14,23,,,48,5.204819277108434,2.4939759036144578,2.0869565217391304,1.5180722891566265,,,,,1.4096385542168675,,0.677618069815195,,,,-0.059988813067320734,,,,,,,,,224.6,2.706024096385542,260,3.1325301204819276,,,,,,,,,,,,,,,,,,,"Brian Mazone","sa209900",441799
"D.J. Carrasco",,3,2,,4.212001799561316,46,1,,,,83.33329772949219,,87,42,39,8,30,,,53,5.7240024455576854,3.240001384277935,1.7666666666666666,0.8640003691407827,,,,,1.404000599853772,,0.7088846880907372,,,,-0.06022970626238422,,,,,,,,,308.06640319824214,3.696798417821589,328.66648864746094,3.9439995488279322,,,,,,,,,,,,,,,,,,,"D.J. Carrasco","1666",425647
"Bradley Holt",,4,8,,5.7240024455576854,18,18,,,,83.33329772949219,,88,58,53,14,50,,,67,7.236003091554055,5.400002307129892,1.34,1.5120006459963697,,,,,1.6560007075198335,,0.6756756756756757,,,,-0.06022970626238422,,,,,,,,,199.6664031982421,2.3959978620596325,218.66648864746094,2.6239989848628475,,,,,,,,,,,,,,,,,,,"Bradley Holt","sa454395",475747
"Bryan Corey",,6,7,,5.400002307129892,44,7,,,,83.33329772949219,,96,55,50,13,24,,,40,4.3200018457039135,2.592001107422348,1.6666666666666667,1.404000599853772,,,,,1.4400006152346378,,0.6385068762278978,,,,-0.06022970626238422,,,,,,,,,215.16640319824216,2.5819979415274408,255.66648864746094,3.067999174560194,,,,,,,,,,,,,,,,,,,"Bryan Corey","1439",132241
"Lance Cormier",,3,3,,4.087647662916836,54,0,,,,83.66670227050781,,86,41,38,7,32,,,47,5.055774740976086,3.4422296108773356,1.46875,0.7529877273794172,,,,,1.4103579655677971,,0.711645101663586,,,,-0.06047067665620087,,,,,,,,,307.43359680175774,3.674503577394216,325.33351135253906,3.8884466881541937,,,,,,,,,,,,,,,,,,,"Lance Cormier","4346",433578
"Bartolo Colon",,5,7,,4.94820506563617,17,17,,,,83.66670227050781,,93,50,46,13,26,,,54,5.8087624683555035,2.796811558837835,2.076923076923077,1.3984057794189175,,,,,1.422310151716677,,0.6845238095238095,,,,-0.06047067665620087,,,,,,,,,247.4335968017578,2.957372408461439,279.33351135253906,3.3386461253057305,,,,,,,,,,,,,,,,,,,"Bartolo Colon","375",112526
"James Houser",,2,6,,6.346610845055087,19,18,,,,83.66670227050781,,92,64,59,15,55,,,43,4.6254960396164195,5.916332143695421,0.7818181818181819,1.6135451300987511,,,,,1.7569713638853066,,0.6587301587301587,,,,-0.06047067665620087,,,,,,,,,116.43359680175777,1.3916360229582057,144.33351135253906,1.7251009952069793,,,,,,,,,,,,,,,,,,,"James Houser","6113",446901
"Armando Gabino",,3,7,,5.916332143695421,47,4,,,,83.66670227050781,,102,60,55,12,39,,,43,4.6254960396164195,4.195217338256753,1.1025641025641026,1.2908361040790008,,,,,1.685258246992029,,0.6521739130434783,,,,-0.06047067665620087,,,,,,,,,175.33359680175778,2.0956197871272164,231.33351135253906,2.7649411901595076,,,,,,,,,,,,,,,,,,,"Armando Gabino","3387",471803
"Jeff Marquez",,4,12,,7.422307598454255,17,17,,,,83.66670227050781,,113,75,69,20,42,,,33,3.5497992862172523,4.517926364276503,0.7857142857142857,2.151393506798335,,,,,1.852588853076344,,0.6299212598425197,,,,-0.06047067665620087,,,,,,,,,19.33359680175778,0.23107874790199298,98.33351135253906,1.175300432358516,,,,,,,,,,,,,,,,,,,"Jeff Marquez","7456",457812
"Jeff Bennett",,4,5,,4.94820506563617,58,7,,,,83.66670227050781,,95,50,46,9,49,,,48,5.163344416316003,5.2709140916559205,0.9795918367346939,0.9681270780592507,,,,,1.7211148054386678,,0.715372907153729,,,,-0.06047067665620087,,,,,,,,,210.4335968017578,2.515141520952892,250.33351135253906,2.9920327269882208,,,,,,,,,,,,,,,,,,,"Jeff Bennett","1903",430831
"Mike Hinckley",,2,6,,6.884459221754671,47,8,,,,83.66670227050781,,109,70,64,13,57,,,44,4.733065714956337,6.131471494375254,0.7719298245614035,1.3984057794189175,,,,,1.9840629007140198,,0.6495263870094722,,,,-0.06047067665620087,,,,,,,,,92.83359680175778,1.1095644298446463,166.33351135253906,1.9880490904823314,,,,,,,,,,,,,,,,,,,"Mike Hinckley","3769",434479
"Brett Tomko",,4,6,,5.102360059091137,32,11,,,,84.66670227050781,,91,52,48,14,26,,,60,6.377950073863922,2.763778365341033,2.3076923076923075,1.4881883505682485,,,,,1.3818891826705164,,0.6673511293634496,,,,-0.061193433440144496,,,,,,,,,259.7335968017578,3.0677183572346545,283.33351135253906,3.3464573882575017,,,,,,,,,,,,,,,,,,,"Brett Tomko","1056",123387
"Jeff Fulchino",,4,5,,4.67716338750021,45,6,,,,84.66670227050781,,90,48,44,9,34,,,67,7.122044249148046,3.614171708522889,1.9705882352941178,0.9566925110795883,,,,,1.4645663132576414,,0.6822262118491921,,,,-0.061193433440144496,,,,,,,,,313.83359680175784,3.706694466486577,338.33351135253906,3.9960634142991975,,,,,,,,,,,,,,,,,,,"Jeff Fulchino","3532",445246
"Anthony Reyes",,4,5,,5.294117647058823,19,16,,,,85,,92,55,50,12,38,,,50,5.294117647058823,4.023529411764706,1.3157894736842106,1.2705882352941176,,,,,1.5294117647058822,,0.6625441696113074,,,,-0.06143432663520798,,,,,,,,,228.19999999999996,2.6847058823529406,255,3,,,,,,,,,,,,,,,,,,,"Anthony Reyes","7105",435039
"Tyson Ross",,4,9,,5.929411764705883,20,19,,,,85,,98,61,56,13,47,,,50,5.294117647058823,4.976470588235294,1.0638297872340425,1.3764705882352941,,,,,1.7058823529411764,,0.6624605678233438,,,,-0.06143432663520798,,,,,,,,,173.3,2.038823529411765,215,2.5294117647058822,,,,,,,,,,,,,,,,,,,"Tyson Ross","7872",475115
"Jensen Lewis",,4,3,,4.11328296619539,63,0,,,,85.33329772949219,,79,42,39,11,36,,,80,8.437503520400801,3.7968765841803602,2.2222222222222223,1.1601567340551102,,,,,1.3476568122862391,,0.7329317269076305,,,,-0.061675219830271466,,,,,,,,,342.7664031982423,4.016795463417069,335.66648864746094,3.9335933050604543,,,,,,,,,,,,,,,,,,,"Jensen Lewis","3384",460029
"Grant Duff",,3,9,,7.066409198335671,40,10,,,,85.33329772949219,,103,73,67,16,68,,,44,4.640626936220441,7.171877992340681,0.6470588235294118,1.6875007040801602,,,,,2.0039070860951904,,0.6594885598923285,,,,-0.061675219830271466,,,,,,,,,50.86640319824221,0.59609091118791,102.66648864746094,1.2031234158196396,,,,,,,,,,,,,,,,,,,"Grant Duff","sa288997",453538
"Tyler Clippard",,5,4,,4.007814172190381,71,0,,,,85.33329772949219,,74,41,38,10,44,,,86,9.070316284430861,4.640626936220441,1.9545454545454546,1.0546879400501001,,,,,1.3828130769545757,,0.7403846153846154,,,,-0.061675219830271466,,,,,,,,,356.06640319824226,4.172654903446695,336.66648864746094,3.9453120599499,,,,,,,,,,,,,,,,,,,"Tyler Clippard","5640",461325
"Matt Chico",,3,6,,5.589846082265531,19,18,,,,85.33329772949219,,99,58,53,13,42,,,51,5.37890849425551,4.42968934821042,1.2142857142857142,1.3710943220651302,,,,,1.6523444394118234,,0.6758957654723127,,,,-0.061675219830271466,,,,,,,,,190.16640319824222,2.228513467287676,233.66648864746094,2.7382803063370074,,,,,,,,,,,,,,,,,,,"Matt Chico","6068",453889
"Dirk Hayhurst",,4,5,,5.0427994605871875,48,5,,,,85.66670227050781,,98,52,48,11,31,,,63,6.618674292020684,3.256807984962559,2.032258064516129,1.1556415430512306,,,,,1.5058359500364518,,0.6778169014084507,,,,-0.06191619022408812,,,,,,,,,276.8335968017579,3.231519242185916,318.33351135253906,3.7159538410541884,,,,,,,,,,,,,,,,,,,"Dirk Hayhurst","6010",460602
"Sean Gallagher",,6,5,,3.9767441860465116,24,16,,,,86,,83,41,38,7,36,,,70,7.325581395348837,3.7674418604651163,1.9444444444444444,0.7325581395348837,,,,,1.3837209302325582,,0.7142857142857143,,,,-0.062157083419151604,,,,,,,,,366.49999999999994,4.261627906976743,371,4.313953488372093,,,,,,,,,,,,,,,,,,,"Sean Gallagher","8261",451595
"Fernando Abad",,4,6,,5.023255813953488,47,2,,,,86,,97,52,48,13,21,,,66,6.906976744186046,2.197674418604651,3.142857142857143,1.3604651162790697,,,,,1.372093023255814,,0.6613226452905812,,,,-0.062157083419151604,,,,,,,,,293.29999999999995,3.4104651162790693,330,3.8372093023255816,,,,,,,,,,,,,,,,,,,"Fernando Abad","4994",472551
"John Halama",,5,7,,5.525098803645639,15,13,,,,86.33329772949219,,102,58,53,12,35,,,42,4.378380184021072,3.6486501533508933,1.2,1.2509657668631635,,,,,1.5868732412986426,,0.6572379367720466,,,,-0.06239797661421509,,,,,,,,,205.0664031982422,2.375287503099627,254.66648864746094,2.9498061043075934,,,,,,,,,,,,,,,,,,,"John Halama","1080",134280
"Kyle Drabek",,4,5,,5.212357361929848,16,15,,,,86.33329772949219,,93,55,50,11,42,,,63,6.567570276031608,4.378380184021072,1.5,1.1467186196245664,,,,,1.5637072085789543,,0.6688963210702341,,,,-0.06239797661421509,,,,,,,,,261.7664031982422,3.032044530702788,288.66648864746094,3.3436286605422927,,,,,,,,,,,,,,,,,,,"Kyle Drabek","4359",475138
"Jon Meloan",,3,4,,5.316604509168444,47,7,,,,86.33329772949219,,91,56,51,11,48,,,63,6.567570276031608,5.003863067452654,1.3125,1.1467186196245664,,,,,1.6100392740183307,,0.6715210355987056,,,,-0.06239797661421509,,,,,,,,,248.9664031982422,2.8837819212967832,270.66648864746094,3.135134366065099,,,,,,,,,,,,,,,,,,,"Jon Meloan","3355",459974
"Tyler Lumsden",,3,8,,6.776064570508802,29,13,,,,86.33329772949219,,112,71,65,12,53,,,37,3.8571444478280874,5.525098803645639,0.6981132075471698,1.2509657668631635,,,,,1.9111976993742774,,0.6342780026990554,,,,-0.06239797661421509,,,,,,,,,115.0664031982422,1.3328160307136576,190.66648864746094,2.2084930572775705,,,,,,,,,,,,,,,,,,,"Tyler Lumsden","sa253556",460274
"Henry Villar",,3,4,,4.586874478498266,45,3,,,,86.33329772949219,,92,48,44,11,31,,,73,7.6100417484175775,3.2316615643965054,2.3548387096774195,1.1467186196245664,,,,,1.424711012260825,,0.6970260223048328,,,,-0.06239797661421509,,,,,,,,,317.3664031982421,3.676060240310119,341.66648864746094,3.9575285276140306,,,,,,,,,,,,,,,,,,,"Henry Villar","5360",492821
"Jairo Asencio",,5,6,,4.880767225683912,66,0,,,,86.66670227050781,,94,51,47,9,42,,,69,7.1653816717487215,4.361536669760091,1.6428571428571428,0.9346150006628767,,,,,1.5692301245697684,,0.6888168557536466,,,,-0.06263894700803174,,,,,,,,,298.2335968017578,3.441155472500827,328.33351135253906,3.7884620361777523,,,,,,,,,,,,,,,,,,,"Jairo Asencio","3332",446003
"Brian Bass",,3,5,,5.7115361151620245,55,0,,,,86.66670227050781,,103,60,55,13,41,,,53,5.503843892792497,4.2576905585753275,1.2926829268292683,1.349999445401933,,,,,1.6615377789562253,,0.6677265500794912,,,,-0.06263894700803174,,,,,,,,,196.63359680175785,2.268848261792824,247.33351135253906,2.8538470355148755,,,,,,,,,,,,,,,,,,,"Brian Bass","2219",430654
"Carlos Monasterios",,4,8,,5.874048196244415,30,11,,,,87.33329772949219,,99,62,57,16,42,,,54,5.56488776486313,4.32824603933799,1.2857142857142858,1.6488556340335199,,,,,1.6145044749911548,,0.6661045531197303,,,,-0.06312073339815871,,,,,,,,,174.06640319824214,1.993127566731749,210.66648864746094,2.41221268547517,,,,,,,,,,,,,,,,,,,"Carlos Monasterios","2506",467856
"P.J. Walters",,4,6,,5.255727333481844,20,15,,,,87.33329772949219,,97,56,51,13,37,,,64,6.5954225361340795,3.8129786537025145,1.7297297297297298,1.3396952026522349,,,,,1.5343517705589698,,0.6735751295336788,,,,-0.06312073339815871,,,,,,,,,251.1664031982422,2.87595235412053,284.66648864746094,3.25954127518684,,,,,,,,,,,,,,,,,,,"P.J. Walters","9557",502208
"Robinson Tejeda",,4,6,,5.030416207960386,37,11,,,,87.66670227050781,,77,53,49,9,55,,,84,8.623570642217803,5.646385539547371,1.5272727272727273,0.9239539973804789,,,,,1.5057028105459656,,0.6616415410385259,,,,-0.06336170379197537,,,,,,,,,340.8335968017577,3.887834126006796,324.33351135253906,3.69962029998303,,,,,,,,,,,,,,,,,,,"Robinson Tejeda","2575",434565
"Brad Mills",,5,7,,5.338400873753878,18,17,,,,87.66670227050781,,96,57,52,11,47,,,67,6.878324202721343,4.82509309743139,1.425531914893617,1.1292771079094743,,,,,1.6311780447581294,,0.6739811912225706,,,,-0.06336170379197537,,,,,,,,,256.8335968017578,2.9296596102048182,288.33351135253906,3.288974078925039,,,,,,,,,,,,,,,,,,,"Brad Mills","4420",502166
"Christian Friedrich",,4,5,,4.909090909090909,19,19,,,,88,,91,52,48,11,43,,,70,7.159090909090909,4.3977272727272725,1.627906976744186,1.125,,,,,1.5227272727272727,,0.6913996627318719,,,,-0.06360259698703885,,,,,,,,,290.30000000000007,3.298863636363637,308,3.5,,,,,,,,,,,,,,,,,,,"Christian Friedrich","7942",543184
"Chris Sampson",,4,5,,4.806818181818182,46,7,,,,88,,100,51,47,9,26,,,48,4.909090909090909,2.659090909090909,1.8461538461538463,0.9204545454545454,,,,,1.4318181818181819,,0.6613756613756614,,,,-0.06360259698703885,,,,,,,,,298.5,3.3920454545454546,341,3.875,,,,,,,,,,,,,,,,,,,"Chris Sampson","2651",448200
"Edgar Gonzalez",,3,5,,5.420454545454546,29,10,,,,88,,102,58,53,11,35,,,51,5.215909090909091,3.5795454545454546,1.457142857142857,1.125,,,,,1.5568181818181819,,0.649671052631579,,,,-0.06360259698703885,,,,,,,,,247.7000000000001,2.8147727272727283,294,3.340909090909091,,,,,,,,,,,,,,,,,,,"Edgar Gonzalez","1727",429440
"Brian Lawrence",,5,7,,5.5227272727272725,16,15,,,,88,,111,59,54,11,25,,,47,4.806818181818182,2.5568181818181817,1.88,1.125,,,,,1.5454545454545454,,0.6384742951907131,,,,-0.06360259698703885,,,,,,,,,246.30000000000007,2.798863636363637,316,3.590909090909091,,,,,,,,,,,,,,,,,,,"Brian Lawrence","1045",400147
"Donnie Veal",,3,7,,6.238636363636363,31,18,,,,88,,100,67,61,13,69,,,69,7.056818181818182,7.056818181818182,1,1.3295454545454546,,,,,1.9204545454545454,,0.676392572944297,,,,-0.06360259698703885,,,,,,,,,162.30000000000007,1.8443181818181826,202,2.2954545454545454,,,,,,,,,,,,,,,,,,,"Donnie Veal","4741",453264
"Michael O'Connor",,3,8,,6.034090909090909,21,17,,,,88,,108,64,59,17,29,,,43,4.3977272727272725,2.965909090909091,1.4827586206896552,1.7386363636363635,,,,,1.5568181818181819,,0.6448763250883393,,,,-0.06360259698703885,,,,,,,,,160.3,1.8215909090909093,218,2.477272727272727,,,,,,,,,,,,,,,,,,,"Michael O'Connor","6457",456585
"Josh Rainwater",,5,7,,5.807549510615889,35,12,,,,88.33329772949219,,105,62,57,10,54,,,44,4.483020674861388,5.501889010057158,0.8148148148148148,1.0188683351957701,,,,,1.800000725512527,,0.6689655172413793,,,,-0.06384349018210234,,,,,,,,,183.66640319824216,2.0792431384220893,237.66648864746094,2.6905651068895877,,,,,,,,,,,,,,,,,,,"Josh Rainwater","sa244005",458894
"Martín Pérez",,5,6,,5.764044943820225,24,18,,,,89,,102,62,57,12,56,,,52,5.258426966292135,5.662921348314606,0.9285714285714286,1.2134831460674158,,,,,1.7752808988764044,,0.6798866855524079,,,,-0.06432535377098247,,,,,,,,,181.8,2.0426966292134834,225,2.5280898876404496,,,,,,,,,,,,,,,,,,,"Martin Perez","6902",527048
"Mike Gosling",,4,7,,5.561797752808989,48,5,,,,89,,104,60,55,12,42,,,63,6.370786516853933,4.247191011235955,1.5,1.2134831460674158,,,,,1.6404494382022472,,0.6656346749226006,,,,-0.06432535377098247,,,,,,,,,240.59999999999997,2.7033707865168535,289,3.247191011235955,,,,,,,,,,,,,,,,,,,"Mike Gosling","2204",428420
"Jeremy Bonderman",,5,6,,5.11895707522824,21,13,,,,89.66670227050781,,99,56,51,13,35,,,61,6.122674148802404,3.5130097575095762,1.7428571428571429,1.304832195646414,,,,,1.494423198432645,,0.6735751295336788,,,,-0.06480721735986261,,,,,,,,,263.23359680175787,2.935689504980689,296.33351135253906,3.304833386852522,,,,,,,,,,,,,,,,,,,"Jeremy Bonderman","1667",425827
"Reid Santos",,3,6,,5.9,35,11,,,,90,,109,64,59,15,38,,,52,5.2,3.8,1.368421052631579,1.5,,,,,1.6333333333333333,,0.6587301587301587,,,,-0.0650481105549261,,,,,,,,,188.09999999999997,2.0899999999999994,245,2.7222222222222223,,,,,,,,,,,,,,,,,,,"Reid Santos","sa202931",445961
"Robert Rohrbaugh",,5,7,,5.180813850076088,17,17,,,,90.33329772949219,,101,57,52,13,32,,,50,4.981551778919316,3.188193138508362,1.5625,1.295203462519022,,,,,1.4723253035472645,,0.662020905923345,,,,-0.06528900374998958,,,,,,,,,249.96640319824223,2.7671568456050366,286.66648864746094,3.1734310143962507,,,,,,,,,,,,,,,,,,,"Robert Rohrbaugh","sa291514",460102
"Kelvim Escobar",,6,5,,3.8856103875570662,14,14,,,,90.33329772949219,,89,42,39,8,31,,,73,7.273065597222201,3.0885621029299757,2.3548387096774195,0.7970482846270905,,,,,1.3284138077118175,,0.7169117647058824,,,,-0.06528900374998958,,,,,,,,,391.6664031982423,4.335792150211408,400.66648864746094,4.435424131722478,,,,,,,,,,,,,,,,,,,"Kelvim Escobar","1298",113898
"Jeff Lyman",,5,7,,5.161762678912738,38,10,,,,90.66670227050781,,94,57,52,9,60,,,69,6.849262016249594,5.955880014130082,1.15,0.8933820021195122,,,,,1.6985287447704307,,0.6859971711456859,,,,-0.06552997414380624,,,,,,,,,273.83359680175784,3.0202223081276753,294.33351135253906,3.246324218061698,,,,,,,,,,,,,,,,,,,"Jeff Lyman","sa290183",476686
"Jonathan Albaladejo",,7,6,,5.06249801201057,74,1,,,,90.66670227050781,,100,56,51,13,36,,,62,6.154409347934418,3.573528008478049,1.7222222222222223,1.2904406697281845,,,,,1.4999994109660948,,0.6791171477079796,,,,-0.06552997414380624,,,,,,,,,267.0335968017579,2.945222337579371,300.33351135253906,3.3125006626631435,,,,,,,,,,,,,,,,,,,"Jonathan Albaladejo","3521",452293
"Ronald Uviedo",,3,5,,5.658086013423578,31,11,,,,90.66670227050781,,103,62,57,17,35,,,59,5.856615347227914,3.474263341575881,1.6857142857142857,1.6874993373368565,,,,,1.5220582258332431,,0.6654991243432574,,,,-0.06552997414380624,,,,,,,,,207.03359680175782,2.283457891564917,245.33351135253906,2.705883253816561,,,,,,,,,,,,,,,,,,,"Ronald Uviedo","sa386157",468476
"Devern Hansack",,5,6,,5.55882134652141,19,16,,,,90.66670227050781,,103,61,56,14,31,,,53,5.261027345814906,3.077204673967209,1.7096774193548387,1.3897053366303525,,,,,1.4779405960989462,,0.6381118881118881,,,,-0.06552997414380624,,,,,,,,,243.9335968017578,2.6904430258638055,284.33351135253906,3.136030143725956,,,,,,,,,,,,,,,,,,,"Devern Hansack","4939",468962
"Dwayne Pollok",,4,5,,4.665439344401897,41,7,,,,90.66670227050781,,99,51,47,12,24,,,47,4.665439344401897,2.3823520056520326,1.9583333333333333,1.1911760028260163,,,,,1.3566171143296297,,0.6779661016949152,,,,-0.06552997414380624,,,,,,,,,287.9335968017578,3.1757369529410715,319.33351135253906,3.5220594039010535,,,,,,,,,,,,,,,,,,,"Dwayne Pollok","sa226030",455666
"Anthony Lerew",,3,8,,6.253674014836586,19,18,,,,90.66670227050781,,113,69,63,14,49,,,44,4.3676453436953935,4.863968678206233,0.8979591836734694,1.3897053366303525,,,,,1.7867640042390245,,0.6530898876404494,,,,-0.06552997414380624,,,,,,,,,145.9335968017578,1.6095610973735313,212.33351135253906,2.3419128085086114,,,,,,,,,,,,,,,,,,,"Anthony Lerew","3440",434679
"Justin Souza",,5,8,,5.34065934065934,34,14,,,,91,,104,59,54,12,39,,,54,5.34065934065934,3.857142857142857,1.3846153846153846,1.1868131868131868,,,,,1.5714285714285714,,0.6656101426307448,,,,-0.06577086733886972,,,,,,,,,246.39999999999992,2.707692307692307,290,3.1868131868131866,,,,,,,,,,,,,,,,,,,"Justin Souza","sa327061",502075
"Jordan Walden",,4,7,,5.813870879519729,19,19,,,,91.33329772949219,,103,64,59,11,59,,,56,5.518250326323811,5.813870879519729,0.9491525423728814,1.0839420283850343,,,,,1.7737233191755104,,0.6684856753069577,,,,-0.0660117605339332,,,,,,,,,207.7664031982422,2.274815520332985,248.66648864746094,2.7226268494536656,,,,,,,,,,,,,,,,,,,"Jordan Walden","3271",477229
"James Parr",,4,5,,5.105452562468487,22,16,,,,91.66670227050781,,102,57,52,13,34,,,62,6.087270362943197,3.338180521614011,1.8235294117647058,1.2763631406171219,,,,,1.4836357873840047,,0.6706281833616299,,,,-0.06625273092774986,,,,,,,,,275.23359680175787,3.0025471625404982,311.33351135253906,3.396364259224642,,,,,,,,,,,,,,,,,,,"James Parr","7734",444970
"Scott Elbert",,5,4,,3.9130434782608696,37,12,,,,92,,79,44,40,10,46,,,94,9.195652173913043,4.5,2.0434782608695654,0.9782608695652174,,,,,1.358695652173913,,0.7297297297297297,,,,-0.06649362412281334,,,,,,,,,402.4000000000001,4.373913043478262,380,4.130434782608695,,,,,,,,,,,,,,,,,,,"Scott Elbert","7489",455092
"Jake Woods",,3,5,,5.771739130434782,42,8,,,,92,,108,64,59,15,41,,,56,5.478260869565218,4.010869565217392,1.3658536585365855,1.4673913043478262,,,,,1.6195652173913044,,0.6640625,,,,-0.06649362412281334,,,,,,,,,204.50000000000006,2.2228260869565224,254,2.760869565217391,,,,,,,,,,,,,,,,,,,"Jake Woods","2196",430646
"Matt Wright",,3,7,,5.869565217391305,19,16,,,,92,,109,66,60,16,35,,,46,4.5,3.4239130434782608,1.3142857142857143,1.565217391304348,,,,,1.565217391304348,,0.6414473684210527,,,,-0.06649362412281334,,,,,,,,,187.60000000000002,2.039130434782609,239,2.597826086956522,,,,,,,,,,,,,,,,,,,"Matt Wright","sa199851",444418
"Eric Milton",,5,5,,4.5,16,16,,,,92,,95,50,46,14,25,,,63,6.163043478260869,2.4456521739130435,2.52,1.3695652173913044,,,,,1.3043478260869565,,0.697211155378486,,,,-0.06649362412281334,,,,,,,,,312.6,3.3978260869565218,329,3.5760869565217392,,,,,,,,,,,,,,,,,,,"Eric Milton","743",132980
"Horacio Ramirez",,4,7,,5.458485859311156,32,14,,,,92.33329772949219,,109,61,56,12,33,,,41,3.9963914327099537,3.2166077385226455,1.2424242424242424,1.169675541280962,,,,,1.5379067302027465,,0.646964856230032,,,,-0.06673451731787683,,,,,,,,,235.26640319824213,2.5480125695011937,288.66648864746094,3.1263530681332736,,,,,,,,,,,,,,,,,,,"Horacio Ramirez","110",400141
"Jordan Smith",,4,8,,4.8736480886706754,17,17,,,,92.33329772949219,,105,55,50,11,30,,,47,4.581229203350435,2.924188853202405,1.5666666666666667,1.0722025795075485,,,,,1.4620944266012026,,0.6688963210702341,,,,-0.06673451731787683,,,,,,,,,278.96640319824223,3.021297950556547,322.66648864746094,3.4945842570550583,,,,,,,,,,,,,,,,,,,"Jordan Smith","9515",502136
"Zack Segovia",,3,9,,6.410069479606883,38,13,,,,92.66670227050781,,123,72,66,14,45,,,49,4.758990977283898,4.370501917913784,1.0888888888888888,1.3597117077953995,,,,,1.8129489437271993,,0.6469002695417789,,,,-0.06697548771169348,,,,,,,,,156.73359680175776,1.6913690998113777,244.33351135253906,2.6366915554984725,,,,,,,,,,,,,,,,,,,"Zack Segovia","8742",434564
"Felipe Paulino",,4,8,,5.709677419354839,21,18,,,,93,,109,64,59,14,47,,,78,7.548387096774194,4.548387096774194,1.6595744680851063,1.3548387096774193,,,,,1.6774193548387097,,0.6744868035190615,,,,-0.06721638090675697,,,,,,,,,247.59999999999997,2.6623655913978492,298,3.204301075268817,,,,,,,,,,,,,,,,,,,"Felipe Paulino","3777",462956
"Chris Carpenter",,6,4,,3.4714298956739844,15,15,,,,93.33329772949219,,90,39,36,7,24,,,66,6.364288142068972,2.3142865971159896,2.75,0.6750002574921636,,,,,1.2214290373667722,,0.7197696737044146,,,,-0.06745727410182045,,,,,,,,,430.56640319824214,4.613213222639495,435.66648864746094,4.66785701615465,,,,,,,,,,,,,,,,,,,"Chris Carpenter","1292",112020
"Jason Johnson",,5,7,,5.689287884576808,20,15,,,,93.33329772949219,,110,64,59,15,34,,,46,4.435715977805647,3.278572679247652,1.3529411764705883,1.4464291231974935,,,,,1.5428577314106597,,0.6504065040650406,,,,-0.06745727410182045,,,,,,,,,210.16640319824216,2.251783750397069,261.66648864746094,2.8035705907001023,,,,,,,,,,,,,,,,,,,"Jason Johnson","147",116595
"Nic Ungs",,5,7,,5.014287627084644,20,17,,,,93.33329772949219,,102,57,52,13,36,,,56,5.400002059937309,3.4714298956739844,1.5555555555555556,1.253571906771161,,,,,1.4785719926018823,,0.676126878130217,,,,-0.06745727410182045,,,,,,,,,269.5664031982422,2.8882125646039665,301.66648864746094,3.232142182758619,,,,,,,,,,,,,,,,,,,"Nic Ungs","sa200955",461902
"Rich Hill",,5,6,,4.917859018871478,20,20,,,,93.33329772949219,,92,56,51,11,54,,,76,7.328574224200634,5.207144843510977,1.4074074074074074,1.0607146903448286,,,,,1.5642863110135856,,0.6891271056661562,,,,-0.06745727410182045,,,,,,,,,306.16640319824205,3.2803555713375077,313.66648864746094,3.360713660376174,,,,,,,,,,,,,,,,,,,"Rich Hill","4806",448179
"Brad Salmon",,4,7,,5.785716492789974,45,9,,,,93.33329772949219,,106,66,60,12,57,,,60,5.785716492789974,5.4964306681504755,1.0526315789473684,1.1571432985579948,,,,,1.7464292376384551,,0.6634746922024625,,,,-0.06745727410182045,,,,,,,,,216.46640319824212,2.319283776146285,259.66648864746094,2.7821420110971764,,,,,,,,,,,,,,,,,,,"Brad Salmon","2625",445104
"Phil Hughes",,7,5,,4.323841772825172,40,12,,,,93.66670227050781,,93,49,45,11,33,,,84,8.071171309273653,3.1708173000717923,2.5454545454545454,1.0569391000239308,,,,,1.3451952182122755,,0.6962025316455697,,,,-0.0676982444956371,,,,,,,,,385.0335968017577,4.1106774068952205,394.33351135253906,4.2099647131134255,,,,,,,,,,,,,,,,,,,"Phil Hughes","7450",461833
"T.J. Beam",,4,5,,4.9787234042553195,45,6,,,,94,,104,57,52,13,31,,,63,6.031914893617022,2.9680851063829787,2.032258064516129,1.2446808510638299,,,,,1.4361702127659575,,0.6678082191780822,,,,-0.06793913769070059,,,,,,,,,298.3,3.173404255319149,334,3.5531914893617023,,,,,,,,,,,,,,,,,,,"T.J. Beam","6101",446884
"Burke Badenhop",,6,6,,4.5,30,12,,,,94,,103,51,47,8,34,,,59,5.648936170212766,3.25531914893617,1.7352941176470589,0.7659574468085106,,,,,1.4574468085106382,,0.6836248012718601,,,,-0.06793913769070059,,,,,,,,,345.40000000000003,3.6744680851063833,382,4.0638297872340425,,,,,,,,,,,,,,,,,,,"Burke Badenhop","9736",488674
"Cesar Carrillo",,3,8,,5.840425531914893,19,19,,,,94,,110,67,61,13,50,,,44,4.212765957446808,4.787234042553192,0.88,1.2446808510638299,,,,,1.702127659574468,,0.6558533145275035,,,,-0.06793913769070059,,,,,,,,,187.70000000000005,1.9968085106382985,239,2.5425531914893615,,,,,,,,,,,,,,,,,,,"Cesar Carrillo","4697",460044
"Andrew Cashner",,3,4,,4.674913425210689,25,25,,,,94.33329772949219,,95,53,49,9,56,,,63,6.010602975270886,5.342758200240787,1.125,0.8586575678958408,,,,,1.6007073179292834,,0.708092485549133,,,,-0.06818003088576408,,,,,,,,,298.3664031982422,3.1628959273090427,312.66648864746094,3.314486996352609,,,,,,,,,,,,,,,,,,,"Andrew Cashner","8782",488768
"Jeremy Papelbon",,4,6,,4.961132614509302,37,10,,,,94.33329772949219,,104,57,52,12,39,,,57,5.4381645966736585,3.720849460881977,1.4615384615384615,1.1448767571944543,,,,,1.5159016322111756,,0.6814580031695721,,,,-0.06818003088576408,,,,,,,,,277.0664031982422,2.937100789084581,312.66648864746094,3.314486996352609,,,,,,,,,,,,,,,,,,,"Jeremy Papelbon","sa327832",502533
"Brandon McCarthy",,6,5,,4.77031982164356,19,19,,,,94.33329772949219,,95,55,50,13,42,,,57,5.4381645966736585,4.0070686501805906,1.3571428571428572,1.2402831536273256,,,,,1.4522973679225948,,0.6902356902356902,,,,-0.06818003088576408,,,,,,,,,279.1664031982423,2.959362281585585,290.66648864746094,3.0812713606278126,,,,,,,,,,,,,,,,,,,"Brandon McCarthy","4662",435221
"Bruce Chen",,3,6,,5.704223206771934,27,14,,,,94.66670227050781,,110,66,60,17,36,,,63,5.989434367110531,3.4225339240631603,1.75,1.616196575252048,,,,,1.5422529410901895,,0.6546644844517184,,,,-0.06842100127958073,,,,,,,,,223.43359680175786,2.3602131630539085,270.33351135253906,2.8556346093061062,,,,,,,,,,,,,,,,,,,"Bruce Chen","769",136600
"Bob Keppel",,3,3,,4.753519338976612,64,0,,,,94.66670227050781,,107,55,50,7,34,,,44,4.183097018299418,3.232393150504096,1.2941176470588236,0.6654927074567256,,,,,1.489436059546005,,0.6554878048780488,,,,-0.06842100127958073,,,,,,,,,322.23359680175787,3.403874742366996,368.33351135253906,3.890845487572124,,,,,,,,,,,,,,,,,,,"Bob Keppel","2229",430670
"George Kontos",,5,8,,6.252631578947368,19,19,,,,95,,108,72,66,20,53,,,67,6.347368421052631,5.021052631578947,1.2641509433962264,1.894736842105263,,,,,1.694736842105263,,0.6691729323308271,,,,-0.06866189447464421,,,,,,,,,151.2,1.591578947368421,190,2,,,,,,,,,,,,,,,,,,,"George Kontos","9486",502004
"Jo-Jo Reyes",,4,6,,5.2105263157894735,19,18,,,,95,,102,60,55,13,48,,,69,6.536842105263158,4.5473684210526315,1.4375,1.231578947368421,,,,,1.5789473684210527,,0.6828528072837632,,,,-0.06866189447464421,,,,,,,,,271.90000000000003,2.862105263157895,300,3.1578947368421053,,,,,,,,,,,,,,,,,,,"Jo-Jo Reyes","5559",457456
"John Van Benschoten",,4,10,,6.631578947368421,26,18,,,,95,,112,77,70,16,57,,,57,5.4,5.4,1,1.5157894736842106,,,,,1.7789473684210526,,0.6275579809004093,,,,-0.06866189447464421,,,,,,,,,158,1.6631578947368422,210,2.210526315789474,,,,,,,,,,,,,,,,,,,"John Van Benschoten","2228",429724
"James Avery",,3,9,,6.114980302611979,19,19,,,,95.66670227050781,,117,71,65,17,44,,,49,4.60975438196903,4.139371281768109,1.1136363636363635,1.5993025406831332,,,,,1.6829262029410748,,0.6559766763848397,,,,-0.06914375806352435,,,,,,,,,160.63359680175785,1.6790962057785708,223.33351135253906,2.3344957655281116,,,,,,,,,,,,,,,,,,,"James Avery","sa294384",460070
"Tyler Herron",,4,7,,5.644597202411058,22,18,,,,95.66670227050781,,113,66,60,12,49,,,53,4.986060862129768,4.60975438196903,1.0816326530612246,1.1289194404822116,,,,,1.6933791607233173,,0.6611570247933884,,,,-0.06914375806352435,,,,,,,,,225.53359680175782,2.3574931658461216,281.33351135253906,2.9407673168981883,,,,,,,,,,,,,,,,,,,"Tyler Herron","sa290174",451131
"Shane Loux",,4,6,,5.26829072225032,28,12,,,,95.66670227050781,,115,61,56,10,34,,,44,4.139371281768109,3.1986050813662663,1.2941176470588236,0.940766200401843,,,,,1.5574907095541624,,0.6518518518518519,,,,-0.06914375806352435,,,,,,,,,271.93359680175786,2.8425104069421834,334.33351135253906,3.494774079357051,,,,,,,,,,,,,,,,,,,"Shane Loux","1613",400076
"Chan Ho Park",,4,5,,4.96875,42,10,,,,96,,104,58,53,14,35,,,76,7.125,3.28125,2.1714285714285713,1.3125,,,,,1.4479166666666667,,0.6783919597989949,,,,-0.06938465125858784,,,,,,,,,314.8,3.279166666666667,345,3.59375,,,,,,,,,,,,,,,,,,,"Chan Ho Park","1267",120221
"Jonny Venters",,5,7,,5.418687123800092,21,18,,,,96.33329772949219,,108,63,58,10,58,,,55,5.138410203603536,5.418687123800092,0.9482758620689655,0.9342564006551883,,,,,1.7231840278751251,,0.6776315789473685,,,,-0.06962554445365132,,,,,,,,,245.0664031982422,2.54394284192781,287.66648864746094,2.986158425254372,,,,,,,,,,,,,,,,,,,"Jonny Venters","7175",458924
"Shaun Marcum",,6,5,,4.175257731958763,18,18,,,,97,,93,49,45,14,31,,,76,7.051546391752577,2.8762886597938144,2.4516129032258065,1.2989690721649485,,,,,1.2783505154639174,,0.7183908045977011,,,,-0.07010740804253146,,,,,,,,,362.8,3.7402061855670103,362,3.731958762886598,,,,,,,,,,,,,,,,,,,"Shaun Marcum","6204",451788
"Chuck James",,5,8,,5.195876288659794,19,18,,,,97,,105,61,56,16,45,,,65,6.030927835051546,4.175257731958763,1.4444444444444444,1.4845360824742269,,,,,1.5463917525773196,,0.6974921630094044,,,,-0.07010740804253146,,,,,,,,,243,2.5051546391752577,272,2.804123711340206,,,,,,,,,,,,,,,,,,,"Chuck James","4886",460580
"Bill Murphy",,3,7,,6.010276171119021,52,10,,,,97.33329772949219,,108,71,65,15,69,,,76,7.027399830846855,6.380139320110961,1.1014492753623188,1.386986808719774,,,,,1.8184938158770372,,0.6794871794871795,,,,-0.07034830123759495,,,,,,,,,199.96640319824218,2.054450099430382,236.66648864746094,2.4315059097781964,,,,,,,,,,,,,,,,,,,"Bill Murphy","4755",430889
"Brett Sinkbeil",,4,8,,6.380139320110961,34,15,,,,97.33329772949219,,125,75,69,15,51,,,47,4.345892000655292,4.715755149647232,0.9215686274509803,1.386986808719774,,,,,1.80821983951615,,0.6516129032258065,,,,-0.07034830123759495,,,,,,,,,151.7664031982422,1.5592444388356181,232.66648864746094,2.3904100043346475,,,,,,,,,,,,,,,,,,,"Brett Sinkbeil","9364",446213
"Luis Marte",,5,9,,6.174059182728099,19,18,,,,97.66670227050781,,115,73,67,19,44,,,54,4.976107401004736,4.054606030448303,1.2272727272727273,1.750852604057222,,,,,1.6279857546496976,,0.6495468277945619,,,,-0.0705892716314116,,,,,,,,,166.03359680175777,1.700002077902599,217.33351135253906,2.2252569842134085,,,,,,,,,,,,,,,,,,,"Luis Marte","8651",501687
"Tom Glavine",,4,6,,5.344707949227309,18,18,,,,97.66670227050781,,114,63,58,14,39,,,48,4.423206578670877,3.593855345170087,1.2307692307692308,1.2901019187790057,,,,,1.5665523299459354,,0.6746626686656672,,,,-0.0705892716314116,,,,,,,,,233.13359680175773,2.387032544173006,285.33351135253906,2.9215024641893796,,,,,,,,,,,,,,,,,,,"Tom Glavine","90",114849
"Ryan Feierabend",,4,7,,5.621158360394239,19,18,,,,97.66670227050781,,119,67,61,15,34,,,49,4.5153567157265195,3.133104659891871,1.4411764705882353,1.382252055834649,,,,,1.5665523299459354,,0.6515151515151515,,,,-0.0705892716314116,,,,,,,,,224.83359680175778,2.3020496399994683,289.33351135253906,2.9624580806585543,,,,,,,,,,,,,,,,,,,"Ryan Feierabend","6336",456387
"Brandon Erbe",,4,11,,6.772883808210297,23,23,,,,98.33329772949219,,114,81,74,22,57,,,61,5.5830528689301095,5.216951041459283,1.0701754385964912,2.0135600510895477,,,,,1.7389836804864276,,0.6419400855920114,,,,-0.07107105802153857,,,,,,,,,111.66640319824222,1.1355909521658518,156.66648864746094,1.5932191054798055,,,,,,,,,,,,,,,,,,,"Brandon Erbe","sa294339",476258
"Josh Towers",,6,7,,4.925673898247523,25,16,,,,98.66670227050781,,113,59,54,14,26,,,65,5.9290519145572045,2.3716207658228816,2.5,1.277026566212321,,,,,1.4087832754247032,,0.6700167504187604,,,,-0.07131202841535522,,,,,,,,,316.13359680175785,3.2040555681595175,363.33351135253906,3.682432907876177,,,,,,,,,,,,,,,,,,,"Josh Towers","1489",346869
"Marcos Mateo",,3,5,,5.290538631451044,36,17,,,,98.66670227050781,,106,63,58,13,53,,,62,5.655403364654564,4.834457714946644,1.169811320754717,1.1858103829114408,,,,,1.6114859049822146,,0.6818181818181818,,,,-0.07131202841535522,,,,,,,,,259.6335968017579,2.6314206396595488,289.33351135253906,2.932433178513385,,,,,,,,,,,,,,,,,,,"Marcos Mateo","6869",456496
"Jeff Weaver",,5,7,,4.925673898247523,26,13,,,,98.66670227050781,,109,59,54,14,33,,,67,6.1114842811589645,3.010134048929042,2.0303030303030303,1.277026566212321,,,,,1.4391886698583298,,0.6781045751633986,,,,-0.07131202841535522,,,,,,,,,309.5335968017578,3.137163700405538,346.33351135253906,3.510135672752292,,,,,,,,,,,,,,,,,,,"Jeff Weaver","503",213711
"Koji Uehara",,4,5,,4.834457714946644,16,15,,,,98.66670227050781,,109,58,53,16,19,,,68,6.202700464459845,1.7331074827167212,3.5789473684210527,1.459458932814081,,,,,1.297296829168072,,0.662878787878788,,,,-0.07131202841535522,,,,,,,,,328.9335968017579,3.3337852510763253,364.33351135253906,3.6925680393540525,,,,,,,,,,,,,,,,,,,"Koji Uehara","9227",493157
"Mike Montgomery",,4,7,,5.090909090909091,22,22,,,,99,,110,61,56,6,54,,,57,5.181818181818182,4.909090909090909,1.0555555555555556,0.5454545454545454,,,,,1.6565656565656566,,0.6619537275064268,,,,-0.07155292161041871,,,,,,,,,324.79999999999995,3.28080808080808,369,3.727272727272727,,,,,,,,,,,,,,,,,,,"Mike Montgomery","4869",543557
"Anthony Ortega",,4,9,,6.523492271087743,19,19,,,,99.33329772949219,,124,79,72,18,49,,,44,3.9865786101091767,4.439598906712492,0.8979591836734694,1.6308730677719359,,,,,1.7416113624971907,,0.6359945872801082,,,,-0.07179381480548219,,,,,,,,,132.26640319824224,1.3315414490560316,203.66648864746094,2.050334513227301,,,,,,,,,,,,,,,,,,,"Anthony Ortega","6745",471162
"Ryan Sadowski",,5,9,,5.23745632300773,33,16,,,,99.66670227050781,,108,63,58,12,54,,,68,6.140466033871132,4.876252438662369,1.2592592592592593,1.083611653036082,,,,,1.625417479554123,,0.6818181818181819,,,,-0.07203478519929885,,,,,,,,,283.13359680175785,2.8408043042630036,316.33351135253906,3.1739136958095653,,,,,,,,,,,,,,,,,,,"Ryan Sadowski","5916",455961
"Kasey Olenberger",,5,6,,5.04,41,11,,,,100,,107,61,56,14,41,,,64,5.76,3.69,1.5609756097560976,1.26,,,,,1.48,,0.677570093457944,,,,-0.07227567839436233,,,,,,,,,294.59999999999997,2.9459999999999997,323,3.23,,,,,,,,,,,,,,,,,,,"Kasey Olenberger","sa286644",469232
"Blake Wood",,3,10,,6.39,22,20,,,,100,,121,78,71,15,48,,,53,4.77,4.32,1.1041666666666667,1.35,,,,,1.69,,0.6148648648648649,,,,-0.07227567839436233,,,,,,,,,202.89999999999998,2.029,267,2.67,,,,,,,,,,,,,,,,,,,"Blake Wood","1345",502028
"Dustin Nippert",,6,5,,5.13,33,14,,,,100,,105,62,57,15,46,,,67,6.03,4.14,1.4565217391304348,1.35,,,,,1.51,,0.6846153846153846,,,,-0.07227567839436233,,,,,,,,,278.5,2.785,301,3.01,,,,,,,,,,,,,,,,,,,"Dustin Nippert","4426",430962
"Kris Benson",,5,8,,6.12,19,16,,,,100,,121,74,68,20,39,,,47,4.23,3.51,1.205128205128205,1.8,,,,,1.6,,0.6515151515151515,,,,-0.07227567839436233,,,,,,,,,156.39999999999998,1.5639999999999998,217,2.17,,,,,,,,,,,,,,,,,,,"Kris Benson","982",150249
"Alfredo Figaro",,6,8,,5.561480260548997,22,18,,,,100.33300018310547,,122,68,62,11,50,,,55,4.933571198874111,4.485064726249192,1.1,0.9867142397748221,,,,,1.7142914064774688,,0.6641123882503193,,,,-0.07251635653575628,,,,,,,,,249.96420135498062,2.491345827382831,318.66500091552734,3.1760736779919956,,,,,,,,,,,,,,,,,,,"Alfredo Figaro","8404",451628
"John Smoltz",,6,5,,3.9468569590992884,19,18,,,,100.33300018310547,,102,48,44,10,23,,,90,8.073116507248544,2.063129774074628,3.9130434782608696,0.8970129452498383,,,,,1.2458513128469977,,0.6936936936936937,,,,-0.07251635653575628,,,,,,,,,465.26420135498057,4.637200128630499,482.66500091552734,4.810630600447256,,,,,,,,,,,,,,,,,,,"John Smoltz","115",122477
"Dustin McGowan",,7,6,,4.291376526426481,17,17,,,,100.66699981689453,,101,52,48,10,38,,,81,7.241697888344686,3.3973397500876303,2.1315789473684212,0.8940367763388501,,,,,1.3807901323455574,,0.696,,,,-0.07275775703691201,,,,,,,,,407.3357986450195,4.04636871453338,421.33499908447266,4.185433159335714,,,,,,,,,,,,,,,,,,,"Dustin McGowan","8600",430661
"Danny Duffy",,4,9,,5.632431690934756,22,22,,,,100.66699981689453,,114,69,63,12,51,,,64,5.721835368568641,4.559587559328135,1.2549019607843137,1.0728441316066202,,,,,1.639067423287892,,0.6477732793522267,,,,-0.07275775703691201,,,,,,,,,275.9357986450195,2.7410750210786583,322.33499908447266,3.2019927053629793,,,,,,,,,,,,,,,,,,,"Danny Duffy","3542",518633
"Cody Scarpetta",,6,10,,5.632431690934756,28,20,,,,100.66699981689453,,103,69,63,12,85,,,79,7.062890533076915,7.599312598880226,0.9294117647058824,1.0728441316066202,,,,,1.8675434883522646,,0.6950934579439253,,,,-0.07275775703691201,,,,,,,,,232.5357986450195,2.3099506200441464,250.33499908447266,2.486763284291899,,,,,,,,,,,,,,,,,,,"Cody Scarpetta","sa390646",519255
"Russ Ortiz",,4,7,,5.257425742574258,25,16,,,,101,,114,64,59,12,49,,,66,5.881188118811881,4.366336633663367,1.346938775510204,1.0693069306930694,,,,,1.613861386138614,,0.677154582763338,,,,-0.07299843517830595,,,,,,,,,288.40000000000003,2.8554455445544558,334,3.3069306930693068,,,,,,,,,,,,,,,,,,,"Russ Ortiz","1124",133460
"Jose Ortegano",,6,7,,4.900990099009901,26,19,,,,101,,111,60,55,10,44,,,70,6.237623762376238,3.9207920792079207,1.5909090909090908,0.8910891089108911,,,,,1.5346534653465347,,0.6737588652482269,,,,-0.07299843517830595,,,,,,,,,343.80000000000007,3.4039603960396048,383,3.792079207920792,,,,,,,,,,,,,,,,,,,"Jose Ortegano","sa328517",471178
"Dusty Hughes",,3,6,,5.5065970512243,35,14,,,,101.33300018310547,,116,68,62,11,52,,,60,5.328964888281581,4.6184362365107035,1.1538461538461537,0.9769768961849564,,,,,1.6579001874653805,,0.6553079947575361,,,,-0.0732391133196999,,,,,,,,,276.96420135498045,2.73320834135489,327.66500091552734,3.233546824069624,,,,,,,,,,,,,,,,,,,"Dusty Hughes","6164",458250
"Jarrod Parker",,6,8,,5.134409404626265,23,23,,,,101.66699981689453,,114,63,58,12,51,,,74,6.550798205902476,4.5147393040679225,1.4509803921568627,1.0622916009571581,,,,,1.622945501462325,,0.688259109311741,,,,-0.07348051382085563,,,,,,,,,303.33579864501957,2.9836210293540373,347.33499908447266,3.4163986319064588,,,,,,,,,,,,,,,,,,,"Jarrod Parker","4913",519105
"Brandon Morrow",,5,6,,4.5147393040679225,50,12,,,,101.66699981689453,,92,56,51,12,64,,,98,8.675381407816792,5.665555205104844,1.53125,1.0622916009571581,,,,,1.5344212013825618,,0.7183908045977012,,,,-0.07348051382085563,,,,,,,,,369.53579864501955,3.634766436607406,356.33499908447266,3.5049229319862216,,,,,,,,,,,,,,,,,,,"Brandon Morrow","9346",453344
"Guillermo Moscoso",,7,5,,4.588235294117647,25,17,,,,102,,106,57,52,13,37,,,69,6.088235294117647,3.264705882352941,1.864864864864865,1.1470588235294117,,,,,1.4019607843137254,,0.6891025641025641,,,,-0.07372119196224958,,,,,,,,,346.30000000000007,3.395098039215687,368,3.607843137254902,,,,,,,,,,,,,,,,,,,"Guillermo Moscoso","5106",446861
"Matt Belisle",,4,5,,4.764705882352941,41,11,,,,102,,117,59,54,11,25,,,61,5.382352941176471,2.2058823529411766,2.44,0.9705882352941176,,,,,1.392156862745098,,0.655608214849921,,,,-0.07372119196224958,,,,,,,,,362.3,3.5519607843137257,414,4.0588235294117645,,,,,,,,,,,,,,,,,,,"Matt Belisle","1837",279571
"Brad Thompson",,4,8,,5.5588235294117645,37,13,,,,102,,125,69,63,15,30,,,41,3.6176470588235294,2.6470588235294117,1.3666666666666667,1.3235294117647058,,,,,1.5196078431372548,,0.6417910447761194,,,,-0.07372119196224958,,,,,,,,,237.30000000000007,2.3264705882352947,307,3.0098039215686274,,,,,,,,,,,,,,,,,,,"Brad Thompson","4911",433581
"Sean Marshall",,6,6,,4.3094602836906395,46,14,,,,102.33300018310547,,106,53,49,13,35,,,77,6.772009017228148,3.0781859169218855,2.2,1.1433261977138431,,,,,1.3778546485269394,,0.7166123778501629,,,,-0.07396187010364352,,,,,,,,,370.7642013549805,3.623114740030766,391.66500091552734,3.8273577459345196,,,,,,,,,,,,,,,,,,,"Sean Marshall","5905",445156
"Aroldis Chapman",,8,7,,4.133563945580818,21,19,,,,102.33300018310547,,93,51,47,9,61,,,95,8.355076060216547,5.364838312349572,1.5573770491803278,0.7915335214941992,,,,,1.5048908927173663,,0.7284299858557284,,,,-0.07396187010364352,,,,,,,,,411.76420135498046,4.0237675101698045,401.66500091552734,3.9250779337733097,,,,,,,,,,,,,,,,,,,"Aroldis Chapman","10233",547973
"Walter Silva",,4,9,,5.628682819514305,28,18,,,,102.33300018310547,,118,70,64,14,44,,,55,4.837149298020106,3.8697194384160847,1.25,1.2312743667687542,,,,,1.5830670429883984,,0.6460674157303371,,,,-0.07396187010364352,,,,,,,,,256.26420135498046,2.5042185892766198,307.66500091552734,3.0065081680886836,,,,,,,,,,,,,,,,,,,"Walter Silva","5157",477581
"Lucas Harrell",,4,8,,6.244320002898682,21,21,,,,102.33300018310547,,122,78,71,14,71,,,48,4.221512114635729,6.244320002898682,0.676056338028169,1.2312743667687542,,,,,1.8859996252886475,,0.6632064590542099,,,,-0.07396187010364352,,,,,,,,,150.86420135498048,1.4742478094557732,212.66500091552734,2.0781663836201782,,,,,,,,,,,,,,,,,,,"Lucas Harrell","7541",449173
"Dontrelle Willis",,5,9,,6.311667830517117,21,20,,,,102.66699981689453,,122,79,72,15,68,,,59,5.172061138895971,5.961019617710611,0.8676470588235294,1.3149307980243994,,,,,1.8506433453676734,,0.6568047337278107,,,,-0.07420327060479925,,,,,,,,,172.0357986450196,1.6756679259337817,232.33499908447266,2.2629958944825463,,,,,,,,,,,,,,,,,,,"Dontrelle Willis","1703",425883
"Odalis Perez",,5,8,,5.2597231920975975,19,19,,,,102.66699981689453,,124,66,60,13,34,,,62,5.4350472985008516,2.9805098088553055,1.8235294117647058,1.1396066916211463,,,,,1.538956045095223,,0.6580829756795421,,,,-0.07420327060479925,,,,,,,,,299.4357986450196,2.9165729901434743,366.33499908447266,3.5681864643734316,,,,,,,,,,,,,,,,,,,"Odalis Perez","668",136602
"Sidney Ponson",,3,8,,5.873357564508984,21,18,,,,102.66699981689453,,130,73,67,12,39,,,47,4.120116500476452,3.4188200748634388,1.205128205128205,1.0519446384195197,,,,,1.6460985545638778,,0.6307490144546649,,,,-0.07420327060479925,,,,,,,,,251.13579864501958,2.4461199712947446,334.33499908447266,3.2564991641009815,,,,,,,,,,,,,,,,,,,"Sidney Ponson","161",132260
"Kirk Saarloos",,4,8,,6.311667830517117,28,15,,,,102.66699981689453,,132,79,72,18,41,,,46,4.032454447274825,3.594144181266692,1.1219512195121952,1.5779169576292793,,,,,1.6850594670979342,,0.6359945872801082,,,,-0.07420327060479925,,,,,,,,,164.13579864501963,1.5987201236790207,248.33499908447266,2.4188395446187716,,,,,,,,,,,,,,,,,,,"Kirk Saarloos","1516",424164
"Justin Jones",,5,11,,5.854368932038835,28,19,,,,103,,125,73,67,12,58,,,64,5.592233009708738,5.067961165048544,1.103448275862069,1.0485436893203883,,,,,1.7766990291262137,,0.6618531889290012,,,,-0.0744439487461932,,,,,,,,,243.60000000000002,2.3650485436893205,313,3.0388349514563107,,,,,,,,,,,,,,,,,,,"Justin Jones","sa202707",455000
"Kip Wells",,4,7,,5.0516291898524095,37,13,,,,103.33300018310547,,103,63,58,12,53,,,77,6.706473234804061,4.616143914865133,1.4528301886792452,1.0451646599694642,,,,,1.5096822866225592,,0.6681034482758621,,,,-0.07468462688758715,,,,,,,,,344.26420135498046,3.331599786563308,355.66500091552734,3.4419304606010765,,,,,,,,,,,,,,,,,,,"Kip Wells","1012",150337
"Josh Butler",,5,8,,5.643068681772181,23,22,,,,103.66699981689453,,118,71,65,13,59,,,60,5.208986475482014,5.12217003422398,1.0169491525423728,1.1286137363544364,,,,,1.7073900114079934,,0.6675062972292191,,,,-0.07492602738874288,,,,,,,,,243.4357986450196,2.3482477459075364,292.33499908447266,2.819942697298268,,,,,,,,,,,,,,,,,,,"Josh Butler","1141",453332
"Virgil Vasquez",,4,10,,5.990334446804316,21,18,,,,103.66699981689453,,126,75,69,21,32,,,61,5.2958029167400476,2.778126120257074,1.90625,1.823145266418705,,,,,1.5241108576410336,,0.6454121306376361,,,,-0.07492602738874288,,,,,,,,,207.2357986450196,1.9990527266252238,271.33499908447266,2.6173710010295235,,,,,,,,,,,,,,,,,,,"Virgil Vasquez","6124",446911
"Mike Hampton",,5,8,,5.2958029167400476,20,20,,,,103.66699981689453,,121,67,61,13,41,,,65,5.643068681772181,3.559474091579376,1.5853658536585367,1.1286137363544364,,,,,1.562695942644604,,0.6606397774687065,,,,-0.07492602738874288,,,,,,,,,299.6357986450196,2.8903681902077016,356.33499908447266,3.4373040573553957,,,,,,,,,,,,,,,,,,,"Mike Hampton","430",115399
"Steve Bray",,5,7,,4.846153846153846,36,12,,,,104,,108,61,56,16,38,,,55,4.759615384615385,3.2884615384615383,1.4473684210526316,1.3846153846153846,,,,,1.4038461538461537,,0.6877022653721683,,,,-0.07516670553013682,,,,,,,,,287.99999999999994,2.7692307692307687,308,2.9615384615384617,,,,,,,,,,,,,,,,,,,"Steve Bray","sa225788",449081
"Brandon Duckworth",,4,9,,5.884615384615385,25,17,,,,104,,120,74,68,15,45,,,52,4.5,3.894230769230769,1.1555555555555554,1.2980769230769231,,,,,1.5865384615384615,,0.6319444444444444,,,,-0.07516670553013682,,,,,,,,,242.10000000000002,2.3278846153846158,294,2.826923076923077,,,,,,,,,,,,,,,,,,,"Brandon Duckworth","954",346855
"Chris Narveson",,6,6,,4.744424095264873,33,14,,,,104.33300018310547,,107,60,55,14,46,,,83,7.159767271036081,3.968063788766985,1.8043478260869565,1.2076715878856041,,,,,1.4664583567182334,,0.697151424287856,,,,-0.07540738367153077,,,,,,,,,349.66420135498043,3.3514247720406414,367.66500091552734,3.5239569481398174,,,,,,,,,,,,,,,,,,,"Chris Narveson","2141",429780
"Steven Wright",,5,7,,5.348259889207675,36,15,,,,104.33300018310547,,120,68,62,16,36,,,61,5.261997632930132,3.1054412259915534,1.6944444444444444,1.3801961004406904,,,,,1.495212442144081,,0.6586826347305389,,,,-0.07540738367153077,,,,,,,,,277.2642013549805,2.6574928437635172,327.66500091552734,3.140569142461848,,,,,,,,,,,,,,,,,,,"Steven Wright","8185",453214
"Josh Outman",,5,7,,5.159219247180881,29,17,,,,104.66699981689453,,114,66,60,13,55,,,71,6.105076109164043,4.7292843099158075,1.290909090909091,1.117830836889191,,,,,1.6146445421732756,,0.6830238726790451,,,,-0.0756487841726865,,,,,,,,,295.23579864501954,2.8207152126411184,331.33499908447266,3.1656109343356866,,,,,,,,,,,,,,,,,,,"Josh Outman","4004",489189
"Brad James",,4,10,,6.535011046429116,23,22,,,,104.66699981689453,,132,83,76,14,68,,,47,4.04138841029169,5.847115146804998,0.6911764705882353,1.2038178243422055,,,,,1.9108219434003262,,0.6485587583148559,,,,-0.0756487841726865,,,,,,,,,149.13579864501952,1.4248597829871796,231.33499908447266,2.2101999626355235,,,,,,,,,,,,,,,,,,,"Brad James","sa253771",453592
"Rey Gonzalez",,5,8,,5.4,22,19,,,,105,,127,69,63,12,41,,,54,4.628571428571429,3.5142857142857142,1.3170731707317074,1.0285714285714285,,,,,1.6,,0.6547619047619048,,,,-0.07588946231408045,,,,,,,,,284.2,2.7066666666666666,354,3.3714285714285714,,,,,,,,,,,,,,,,,,,"Rey Gonzalez","sa290382",460295
"Jesse English",,5,12,,6.151918191578614,27,22,,,,105.33300018310547,,121,79,72,17,70,,,64,5.468371725847657,5.981031575145875,0.9142857142857143,1.452536239678284,,,,,1.8132968743696223,,0.6698564593301436,,,,-0.0761301404554744,,,,,,,,,173.76420135498051,1.649665357038324,223.66500091552734,2.1234086233822222,,,,,,,,,,,,,,,,,,,"Jesse English","4454",450832
"Franklin Morales",,5,8,,5.212041801198548,41,17,,,,105.33300018310547,,108,67,61,14,63,,,72,6.151918191578614,5.3829284176312875,1.1428571428571428,1.1962063150291748,,,,,1.623422856111023,,0.6869220607661822,,,,-0.0761301404554744,,,,,,,,,281.4642013549805,2.6721369453608803,299.66500091552734,2.844929892764899,,,,,,,,,,,,,,,,,,,"Franklin Morales","5088",462985
"Casey Fossum",,6,8,,4.955711876549439,36,16,,,,105.33300018310547,,109,63,58,15,48,,,82,7.00635127374231,4.101278794385743,1.7083333333333333,1.2816496232455445,,,,,1.4905110433300037,,0.6911764705882353,,,,-0.0761301404554744,,,,,,,,,331.5642013549805,3.1477713610986715,351.66500091552734,3.338602340237257,,,,,,,,,,,,,,,,,,,"Casey Fossum","188",407154
"Jason Cromer",,5,8,,5.212041801198548,29,17,,,,105.33300018310547,,128,67,61,11,42,,,49,4.186722102602112,3.5886189450875245,1.1666666666666667,0.939876390380066,,,,,1.6139291551980932,,0.666235446313066,,,,-0.0761301404554744,,,,,,,,,283.3642013549806,2.6901749770954484,355.66500091552734,3.376577143888977,,,,,,,,,,,,,,,,,,,"Jason Cromer","sa198547",460239
"Jeff Karstens",,5,7,,4.87026856833307,31,15,,,,105.33300018310547,,113,62,57,14,35,,,61,5.212041801198548,2.9905157875729373,1.7428571428571429,1.1962063150291748,,,,,1.405067735113634,,0.6697819314641744,,,,-0.0761301404554744,,,,,,,,,330.4642013549805,3.1373282900944486,361.66500091552734,3.4335393493665567,,,,,,,,,,,,,,,,,,,"Jeff Karstens","5879",444371
"Sean Smith",,4,7,,5.706606613653372,28,16,,,,105.66699981689453,,114,73,67,16,65,,,73,6.217646011890988,5.536260147574167,1.123076923076923,1.3627717286336412,,,,,1.6940009682320956,,0.6768837803320562,,,,-0.07637154095663012,,,,,,,,,239.73579864501954,2.268785893991943,271.33499908447266,2.567831012091349,,,,,,,,,,,,,,,,,,,"Sean Smith","sa202477",458001
"Chien-Ming Wang",,6,8,,4.940047516296949,19,17,,,,105.66699981689453,,113,63,58,9,39,,,85,7.239724808366218,3.3217560885445003,2.1794871794871793,0.7665590973564231,,,,,1.4384812691132878,,0.6384505021520803,,,,-0.07637154095663012,,,,,,,,,430.4357986450195,4.073512065175521,464.33499908447266,4.394323676162826,,,,,,,,,,,,,,,,,,,"Chien-Ming Wang","2074",425426
"Ty Taubenheim",,5,10,,5.6214333806137695,24,20,,,,105.66699981689453,,122,72,66,16,44,,,62,5.28074044845536,3.747622253742513,1.4090909090909092,1.3627717286336412,,,,,1.5709729649526696,,0.6545961002785515,,,,-0.07637154095663012,,,,,,,,,259.9357986450196,2.4599524837030513,312.33499908447266,2.955842407049538,,,,,,,,,,,,,,,,,,,"Ty Taubenheim","5561",457458
"Kyle Bloom",,5,12,,6.028301886792453,25,23,,,,106,,122,78,71,14,68,,,65,5.518867924528302,5.773584905660377,0.9558823529411765,1.1886792452830188,,,,,1.7924528301886793,,0.6572769953051643,,,,-0.07661221909802407,,,,,,,,,221.00000000000006,2.084905660377359,274,2.5849056603773586,,,,,,,,,,,,,,,,,,,"Kyle Bloom","sa254347",456709
"Carlos Silva",,5,8,,5.09433962264151,20,19,,,,106,,124,66,60,13,26,,,53,4.5,2.207547169811321,2.0384615384615383,1.1037735849056605,,,,,1.4150943396226414,,0.637329286798179,,,,-0.07661221909802407,,,,,,,,,330.1000000000001,3.1141509433962273,389,3.669811320754717,,,,,,,,,,,,,,,,,,,"Carlos Silva","973",400067
"Mark Hendrickson",,4,7,,5.688679245283019,43,13,,,,106,,127,73,67,17,36,,,61,5.179245283018868,3.056603773584906,1.6944444444444444,1.4433962264150944,,,,,1.5377358490566038,,0.646551724137931,,,,-0.07661221909802407,,,,,,,,,259.1000000000001,2.44433962264151,323,3.047169811320755,,,,,,,,,,,,,,,,,,,"Mark Hendrickson","1574",424805
"Travis Chick",,5,9,,6.283018867924528,26,19,,,,106,,124,81,74,19,62,,,62,5.264150943396227,5.264150943396227,1,1.6132075471698113,,,,,1.7547169811320755,,0.6587202007528231,,,,-0.07661221909802407,,,,,,,,,166.3,1.568867924528302,221,2.0849056603773586,,,,,,,,,,,,,,,,,,,"Travis Chick","4524",435458
"Erik Bedard",,7,3,,3.1218652495301322,18,18,,,,106.66699981689453,,83,40,37,11,40,,,110,9.281221012116609,3.374989458951494,2.75,0.9281221012116609,,,,,1.1531213984750939,,0.7713754646840149,,,,-0.07709429774057375,,,,,,,,,538.2357986450197,5.045944852381335,490.33499908447266,4.596876259069683,,,,,,,,,,,,,,,,,,,"Erik Bedard","126",407853
"Clay Hensley",,4,7,,5.366476284249661,32,18,,,,107.33300018310547,,123,70,64,13,56,,,74,6.20498820366367,4.695666748718454,1.3214285714285714,1.0900654952382123,,,,,1.6677070397234188,,0.6778606965174129,,,,-0.07757565402336164,,,,,,,,,294.5642013549805,2.7443954874313277,347.66500091552734,3.23912496923058,,,,,,,,,,,,,,,,,,,"Clay Hensley","4593",454535
"Josh Fogg",,4,7,,5.349828647399694,29,16,,,,107.66699981689453,,121,70,64,17,39,,,53,4.430326848627872,3.260051832009189,1.358974358974359,1.4210482344655437,,,,,1.4860635131665818,,0.6607929515418502,,,,-0.07781705452451737,,,,,,,,,262.03579864501955,2.43376149693643,306.33499908447266,2.8452079059084565,,,,,,,,,,,,,,,,,,,"Josh Fogg","989",150319
"Paul Byrd",,6,7,,5.25,18,18,,,,108,,136,69,63,17,24,,,48,4,2,2,1.4166666666666667,,,,,1.4814814814814814,,0.6681350954478709,,,,-0.07805773266591132,,,,,,,,,260.5,2.412037037037037,343,3.175925925925926,,,,,,,,,,,,,,,,,,,"Paul Byrd","594",111838
"Craig Italiano",,5,7,,4.666666666666667,37,17,,,,108,,107,61,56,9,68,,,86,7.166666666666667,5.666666666666667,1.2647058823529411,0.75,,,,,1.6203703703703705,,0.7019704433497537,,,,-0.07805773266591132,,,,,,,,,378.3,3.5027777777777778,391,3.6203703703703702,,,,,,,,,,,,,,,,,,,"Craig Italiano","sa294694",457752
"Zach Miner",,7,6,,4.666666666666667,51,9,,,,108,,114,61,56,12,51,,,66,5.5,4.25,1.2941176470588236,1,,,,,1.5277777777777777,,0.7017543859649124,,,,-0.07805773266591132,,,,,,,,,334.2,3.0944444444444446,363,3.361111111111111,,,,,,,,,,,,,,,,,,,"Zach Miner","3193",435261
"Sergio Mitre",,6,5,,5.067707892074206,23,19,,,,108.33300018310547,,129,67,61,14,31,,,64,5.316939427749987,2.5753925353164,2.064516129032258,1.1630804998203097,,,,,1.4769276188194407,,0.6623931623931624,,,,-0.07829841080730526,,,,,,,,,329.0642013549804,3.0375250459120764,394.66500091552734,3.643072750209639,,,,,,,,,,,,,,,,,,,"Sergio Mitre","1773",429901
"Bryan Augenstein",,6,8,,4.96930991846566,24,21,,,,108.66699981689453,,126,66,60,15,26,,,64,5.30059724636337,2.153367631335119,2.4615384615384617,1.242327479616415,,,,,1.3987687177903338,,0.6564885496183206,,,,-0.078539811308461,,,,,,,,,342.03579864501955,3.147559049401887,398.33499908447266,3.665648262634221,,,,,,,,,,,,,,,,,,,"Bryan Augenstein","936",446248
"Ryan Kulik",,5,10,,5.880350070184364,23,21,,,,108.66699981689453,,136,78,71,15,45,,,47,3.8926261027980997,3.7269824388492445,1.0444444444444445,1.242327479616415,,,,,1.6656390652634896,,0.64375,,,,-0.078539811308461,,,,,,,,,225.03579864501955,2.070875233734327,307.33499908447266,2.828227517115008,,,,,,,,,,,,,,,,,,,"Ryan Kulik","sa454977",543418
"Frankie De La Cruz",,7,7,,4.058269766746955,44,13,,,,108.66699981689453,,101,53,49,8,59,,,75,6.2116373980820745,4.886488086491232,1.271186440677966,0.6625746557954213,,,,,1.472388123989825,,0.7190860215053763,,,,-0.078539811308461,,,,,,,,,416.1357986450196,3.8294587993246747,412.33499908447266,3.794482223483331,,,,,,,,,,,,,,,,,,,"Frankie De La Cruz","3920",448842
"Kris Medlen",,8,7,,4.306735262670238,42,13,,,,108.66699981689453,,112,57,52,11,40,,,101,8.365005029417194,3.3128732789771065,2.525,0.9110401517187042,,,,,1.3987687177903338,,0.6954612005856515,,,,-0.078539811308461,,,,,,,,,459.63579864501963,4.229764320534409,482.33499908447266,4.438652027728879,,,,,,,,,,,,,,,,,,,"Kris Medlen","9417",450665
"J.D. Martin",,7,9,,4.706422018348624,28,19,,,,109,,120,62,57,15,30,,,66,5.4495412844036695,2.477064220183486,2.2,1.238532110091743,,,,,1.3761467889908257,,0.6821705426356589,,,,-0.07878048944985494,,,,,,,,,352.1,3.2302752293577983,392,3.596330275229358,,,,,,,,,,,,,,,,,,,"J.D. Martin","3685",455605
"Luis Atilano",,5,9,,5.532110091743119,24,20,,,,109,,133,73,67,15,37,,,48,3.963302752293578,3.055045871559633,1.2972972972972974,1.238532110091743,,,,,1.5596330275229358,,0.6510067114093959,,,,-0.07878048944985494,,,,,,,,,261.3,2.3972477064220183,335,3.073394495412844,,,,,,,,,,,,,,,,,,,"Luis Atilano","3802",457447
"Andy Mitchell",,4,13,,7.303929179583552,36,15,,,,109.66699981689453,,146,97,89,22,61,,,44,3.6109312797941153,5.006063819714569,0.7213114754098361,1.8054656398970577,,,,,1.8875322598923785,,0.6242905788876277,,,,-0.07926256809240462,,,,,,,,,66.33579864501951,0.604883864387437,167.33499908447266,1.525846420198086,,,,,,,,,,,,,,,,,,,"Andy Mitchell","sa201037",455603
"Carlos Villanueva",,7,6,,4.349530859752003,62,7,,,,109.66699981689453,,109,58,53,15,40,,,96,7.878395519550797,3.2826647998128324,2.4,1.230999299929812,,,,,1.3586584865892,,0.7109375,,,,-0.07926256809240462,,,,,,,,,415.6357986450195,3.7899805715391657,425.33499908447266,3.878422860063949,,,,,,,,,,,,,,,,,,,"Carlos Villanueva","4138",453646
"Yohan Pino",,5,8,,5.7272727272727275,35,16,,,,110,,129,77,70,18,45,,,69,5.6454545454545455,3.6818181818181817,1.5333333333333334,1.4727272727272727,,,,,1.5818181818181818,,0.6518817204301075,,,,-0.07950324623379856,,,,,,,,,260.2,2.3654545454545453,319,2.9,,,,,,,,,,,,,,,,,,,"Yohan Pino","6955",464416
"Casey Coleman",,6,9,,5.154545454545454,23,21,,,,110,,121,69,63,14,53,,,60,4.909090909090909,4.336363636363636,1.1320754716981132,1.1454545454545455,,,,,1.5818181818181818,,0.6800518134715026,,,,-0.07950324623379856,,,,,,,,,288.19999999999993,2.619999999999999,329,2.9909090909090907,,,,,,,,,,,,,,,,,,,"Casey Coleman","8270",488787
"Michael Stutes",,6,8,,5.057417083501393,22,22,,,,110.33300018310547,,115,68,62,15,58,,,73,5.95470075960648,4.731132110372272,1.2586206896551724,1.2235686492342082,,,,,1.5679805653149483,,0.6907894736842105,,,,-0.07974392437519251,,,,,,,,,304.96420135498056,2.764034340123723,328.66500091552734,2.9788458608946042,,,,,,,,,,,,,,,,,,,"Michael Stutes","6550",452741
"Greg Smith",,5,8,,5.057417083501393,21,21,,,,110.33300018310547,,117,68,62,17,43,,,63,5.138988326783674,3.5075634611380635,1.4651162790697674,1.3867111357987691,,,,,1.450155436129432,,0.6754772393538914,,,,-0.07974392437519251,,,,,,,,,300.16420135498055,2.72052967703984,327.66500091552734,2.9697823894187954,,,,,,,,,,,,,,,,,,,"Greg Smith","3455",460105
"Kennil Gomez",,6,12,,6.607270705864724,23,23,,,,110.33300018310547,,129,89,81,20,77,,,59,4.812703353654552,6.280985732735602,0.7662337662337663,1.631424865645611,,,,,1.8670751240166437,,0.6573033707865169,,,,-0.07974392437519251,,,,,,,,,122.06420135498053,1.106325407198266,178.66500091552734,1.619325139523262,,,,,,,,,,,,,,,,,,,"Kennil Gomez","sa393254",501556
"Chris Young",,7,6,,3.7409525936818464,20,20,,,,110.66699981689453,,91,50,46,13,49,,,96,7.8072054129012445,3.98492776283501,1.9591836734693877,1.0572257329970436,,,,,1.265056432646035,,0.7389162561576355,,,,-0.07998532487634824,,,,,,,,,467.43579864501953,4.223804742320848,429.33499908447266,3.8795214453706546,,,,,,,,,,,,,,,,,,,"Chris Young","3196",432934
"Carl Pavano",,6,8,,5.0421534958320535,19,19,,,,110.66699981689453,,127,68,62,16,25,,,72,5.855404059675934,2.0331264096096993,2.88,1.3012009021502073,,,,,1.3734898411585523,,0.6481481481481481,,,,-0.07998532487634824,,,,,,,,,360.9357986450196,3.2614582417722575,414.33499908447266,3.743979684730008,,,,,,,,,,,,,,,,,,,"Carl Pavano","790",134321
"Neftalí Feliz",,9,5,,4.135135135135135,39,19,,,,111,,102,56,51,10,57,,,90,7.297297297297297,4.621621621621622,1.5789473684210527,0.8108108108108109,,,,,1.4324324324324325,,0.7103448275862069,,,,-0.08022600301774219,,,,,,,,,442.2000000000001,3.983783783783785,434,3.90990990990991,,,,,,,,,,,,,,,,,,,"Neftali Feliz","18",491703
"Omar Poveda",,6,10,,6.305408089653969,21,21,,,,111.33300018310547,,130,85,78,20,66,,,53,4.28444395835462,5.335345306630281,0.803030303030303,1.6167713050394792,,,,,1.7604843099318772,,0.6607142857142857,,,,-0.08046668115913613,,,,,,,,,147.86420135498054,1.328125543296179,204.66500091552734,1.8383138923672409,,,,,,,,,,,,,,,,,,,"Omar Poveda","sa294843",452326
"Pedro Figueroa",,5,10,,6.062892393898047,23,23,,,,111.33300018310547,,130,82,75,16,72,,,70,5.658699567638177,5.820376698142125,0.9722222222222222,1.2934170440315833,,,,,1.8143766867665265,,0.6681514476614699,,,,-0.08046668115913613,,,,,,,,,213.06420135498047,1.9137560382327008,272.66500091552734,2.449094163159933,,,,,,,,,,,,,,,,,,,"Pedro Figueroa","6616",471896
"Ben Snyder",,5,7,,5.480580663969877,33,14,,,,111.66699981689453,,127,74,68,16,54,,,71,5.722370987380313,4.352225821387844,1.3148148148148149,1.289548391522324,,,,,1.6208906865662547,,0.6746532156368222,,,,-0.08070808166029186,,,,,,,,,279.3357986450197,2.5015071516478398,330.33499908447266,2.95821504675632,,,,,,,,,,,,,,,,,,,"Ben Snyder","sa326705",458076
"Chuck Lofgren",,6,10,,5.802967761850458,27,22,,,,111.66699981689453,,126,79,72,17,62,,,74,5.9641613107907485,4.997000017149006,1.1935483870967742,1.3701451659924693,,,,,1.683577066709701,,0.6638246041412912,,,,-0.08070808166029186,,,,,,,,,251.63579864501958,2.2534481902230583,299.33499908447266,2.6806039346924866,,,,,,,,,,,,,,,,,,,"Chuck Lofgren","sa262158",455111
"Joe Martinez",,5,9,,5.158193566089296,24,21,,,,111.66699981689453,,134,70,64,12,38,,,64,5.158193566089296,3.0626774298655195,1.6842105263157894,0.9671612936417431,,,,,1.5402939120961092,,0.6572164948453608,,,,-0.08070808166029186,,,,,,,,,344.33579864501957,3.0835949672655545,416.33499908447266,3.7283620028043747,,,,,,,,,,,,,,,,,,,"Joe Martinez","3935",458155
"Justin Cassel",,5,10,,6.125354859731039,24,19,,,,111.66699981689453,,139,83,76,16,57,,,54,4.352225821387844,4.59401614479828,0.9473684210526315,1.289548391522324,,,,,1.7552186440164967,,0.6509216589861752,,,,-0.08070808166029186,,,,,,,,,205.13579864501963,1.8370315221273084,287.33499908447266,2.573141568732293,,,,,,,,,,,,,,,,,,,"Justin Cassel","sa326857",453334
"Tyler Robertson",,5,8,,5.883564536320604,23,23,,,,111.66699981689453,,134,80,73,14,62,,,58,4.674612919268425,4.997000017149006,0.9354838709677419,1.1283548425820336,,,,,1.7552186440164967,,0.6575963718820862,,,,-0.08070808166029186,,,,,,,,,235.73579864501954,2.1110605553258015,306.33499908447266,2.743290314835933,,,,,,,,,,,,,,,,,,,"Tyler Robertson","3223",502356
"Tim Hudson",,8,5,,3.9375,19,19,,,,112,,118,53,49,9,30,,,65,5.223214285714286,2.4107142857142856,2.1666666666666665,0.7232142857142857,,,,,1.3214285714285714,,0.7016248153618907,,,,-0.08094875980168581,,,,,,,,,451.3,4.029464285714286,483,4.3125,,,,,,,,,,,,,,,,,,,"Tim Hudson","921",218596
"Jose Capellan",,4,9,,5.911225124325469,35,18,,,,112.66699981689453,,139,81,74,17,47,,,72,5.751462283127483,3.754426768152663,1.5319148936170213,1.357984150182878,,,,,1.650882692379185,,0.6473489519112208,,,,-0.08143083844423549,,,,,,,,,266.23579864501954,2.363032645563508,345.33499908447266,3.065094478824396,,,,,,,,,,,,,,,,,,,"Jose Capellan","2236",430642
"Matt Fox",,5,10,,6.371681415929204,28,20,,,,113,,140,88,80,20,58,,,63,5.017699115044247,4.619469026548672,1.0862068965517242,1.592920353982301,,,,,1.752212389380531,,0.6470588235294118,,,,-0.08167151658562943,,,,,,,,,178.20000000000005,1.5769911504424783,257,2.274336283185841,,,,,,,,,,,,,,,,,,,"Matt Fox","7320",460257
"Chris Withrow",,8,9,,4.539823008849558,26,23,,,,113,,106,62,57,10,76,,,94,7.486725663716814,6.053097345132743,1.236842105263158,0.7964601769911505,,,,,1.6106194690265487,,0.7142857142857143,,,,-0.08167151658562943,,,,,,,,,397.6,3.5185840707964604,395,3.495575221238938,,,,,,,,,,,,,,,,,,,"Chris Withrow","7161",519437
"J.D. Durbin",,5,10,,5.495575221238938,32,18,,,,113,,127,75,69,15,61,,,69,5.495575221238938,4.8584070796460175,1.1311475409836065,1.1946902654867257,,,,,1.663716814159292,,0.6766467065868264,,,,-0.08167151658562943,,,,,,,,,276.50000000000006,2.446902654867257,325,2.8761061946902653,,,,,,,,,,,,,,,,,,,"J.D. Durbin","7992",429716
"John Koronka",,5,9,,5.717663866244293,24,21,,,,113.33300018310547,,137,79,72,16,52,,,55,4.367659897825502,4.129423903398656,1.0576923076923077,1.2705919702765096,,,,,1.6676519609879188,,0.6602641056422569,,,,-0.08191219472702338,,,,,,,,,239.66420135498043,2.1146903458636856,312.66500091552734,2.758816941317823,,,,,,,,,,,,,,,,,,,"John Koronka","2130",425655
"Willie Collazo",,5,8,,5.241191877390602,40,13,,,,113.33300018310547,,130,72,66,16,42,,,58,4.605895892252347,3.3353039219758376,1.380952380952381,1.2705919702765096,,,,,1.5176515200524976,,0.6684491978609626,,,,-0.08191219472702338,,,,,,,,,293.8642013549804,2.592927045787205,348.66500091552734,3.076464933886951,,,,,,,,,,,,,,,,,,,"Willie Collazo","3503",458974
"Stephen Strasburg",,10,9,,4.184210526315789,20,20,,,,114,,115,58,53,14,36,,,113,8.921052631578947,2.8421052631578947,3.138888888888889,1.105263157894737,,,,,1.3245614035087718,,0.7077625570776256,,,,-0.08239427336957306,,,,,,,,,490.39999999999986,4.301754385964911,506,4.43859649122807,,,,,,,,,,,,,,,,,,,"Stephen Strasburg","10131",544931
"Mitch Talbot",,6,10,,5.605263157894737,22,21,,,,114,,137,78,71,13,45,,,64,5.052631578947368,3.5526315789473686,1.4222222222222223,1.0263157894736843,,,,,1.5964912280701755,,0.6349206349206349,,,,-0.08239427336957306,,,,,,,,,320.50000000000006,2.8114035087719302,394,3.456140350877193,,,,,,,,,,,,,,,,,,,"Mitch Talbot","4961",452676
"Kasey Kiker",,5,9,,6.533546734570701,25,23,,,,114.33300018310547,,134,91,83,21,77,,,72,5.66765499866374,6.061242151348722,0.935064935064935,1.6530660412769242,,,,,1.8454864270340263,,0.6607929515418502,,,,-0.082634951510967,,,,,,,,,152.36420135498042,1.3326353818317336,211.66500091552734,1.8513027785201446,,,,,,,,,,,,,,,,,,,"Kasey Kiker","sa326474",475561
"Randy Johnson",,6,8,,4.329458679534802,21,20,,,,114.33300018310547,,116,60,55,17,32,,,98,7.714308192625646,2.5189577771838843,3.0625,1.3381963191289385,,,,,1.2944644132750518,,0.7085346215780999,,,,-0.082634951510967,,,,,,,,,435.3642013549804,3.807861253161731,450.66500091552734,3.9416878783359373,,,,,,,,,,,,,,,,,,,"Randy Johnson","60",116615
"Pat Misch",,5,7,,4.866264931419151,44,13,,,,114.66699981689453,,127,68,62,15,36,,,70,5.494170083860331,2.8255731859853133,1.9444444444444444,1.1773221608272137,,,,,1.421507497887673,,0.6690140845070423,,,,-0.08287635201212273,,,,,,,,,365.83579864501957,3.1904192071755846,410.33499908447266,3.578492502112327,,,,,,,,,,,,,,,,,,,"Pat Misch","5909",435619
"Matt Harrison",,7,8,,5.572658227915479,22,22,,,,114.66699981689453,,135,78,71,16,47,,,56,4.395336067088265,3.6889427705919364,1.1914893617021276,1.2558103048823615,,,,,1.5872046908929844,,0.6516290726817043,,,,-0.08287635201212273,,,,,,,,,271.7357986450195,2.369782056554541,336.33499908447266,2.9331455398811137,,,,,,,,,,,,,,,,,,,"Matt Harrison","5551",457448
"Ruddy Lugo",,7,12,,6.043587092246364,34,19,,,,114.66699981689453,,132,84,77,18,66,,,57,4.4738242111434126,5.180217507639741,0.8636363636363636,1.4127865929926566,,,,,1.726739169213247,,0.6597222222222222,,,,-0.08287635201212273,,,,,,,,,199.9357986450196,1.7436210850923644,255.33499908447266,2.226752243384785,,,,,,,,,,,,,,,,,,,"Ruddy Lugo","2710",425843
"Glen Perkins",,5,8,,5.6185133393843865,25,20,,,,115.33300018310547,,139,79,72,20,38,,,58,4.52602463450409,2.965326484675093,1.5263157894736843,1.5606981498289962,,,,,1.534686513998513,,0.6577181208053692,,,,-0.08335770829491063,,,,,,,,,248.06420135498053,2.150851889408476,318.66500091552734,2.7629993185784385,,,,,,,,,,,,,,,,,,,"Glen Perkins","8041",450282
"Chris Mason",,5,10,,5.696548246875836,34,18,,,,115.33300018310547,,139,80,73,16,50,,,67,5.228338801927138,3.901745374572491,1.34,1.248558519863197,,,,,1.6387330573204462,,0.6542617046818727,,,,-0.08335770829491063,,,,,,,,,279.26420135498057,2.4213729020455026,352.66500091552734,3.0577978579905825,,,,,,,,,,,,,,,,,,,"Chris Mason","sa291241",452993
"Chaz Roe",,4,7,,5.431034482758621,20,20,,,,116,,132,77,70,15,48,,,55,4.267241379310345,3.7241379310344827,1.1458333333333333,1.1637931034482758,,,,,1.5517241379310345,,0.6477987421383647,,,,-0.0838397869374603,,,,,,,,,296.7000000000001,2.557758620689656,351,3.0258620689655173,,,,,,,,,,,,,,,,,,,"Chaz Roe","9866",475054
"Ben Sheets",,7,7,,4.3199876639582175,19,19,,,,116.66699981689453,,125,61,56,14,30,,,75,5.785697764229756,2.3142791056919023,2.5,1.0799969159895544,,,,,1.328567634749055,,0.6942392909896602,,,,-0.08432186558000998,,,,,,,,,426.1357986450196,3.6525821295981498,461.33499908447266,3.9542887003910665,,,,,,,,,,,,,,,,,,,"Ben Sheets","710",282656
"Jordan Zimmermann",,5,5,,4.3076923076923075,22,22,,,,117,,117,61,56,14,43,,,106,8.153846153846153,3.3076923076923075,2.4651162790697674,1.0769230769230769,,,,,1.3675213675213675,,0.7051282051282051,,,,-0.08456254372140393,,,,,,,,,472.40000000000015,4.037606837606839,486,4.153846153846154,,,,,,,,,,,,,,,,,,,"Jordan Zimmermann","4505",519455
"Nate Robertson",,5,7,,5.461538461538462,31,19,,,,117,,136,78,71,16,51,,,77,5.923076923076923,3.923076923076923,1.5098039215686274,1.2307692307692308,,,,,1.5982905982905984,,0.6622114216281896,,,,-0.08456254372140393,,,,,,,,,316.4,2.704273504273504,378,3.230769230769231,,,,,,,,,,,,,,,,,,,"Nate Robertson","1620",425146
"Brett Myers",,6,8,,4.832400084504454,33,18,,,,117.33300018310547,,122,69,63,21,40,,,104,7.977295377594654,3.068190529844098,2.6,1.6108000281681514,,,,,1.380685738429844,,0.7013574660633485,,,,-0.08480322186279787,,,,,,,,,380.76420135498057,3.245158657502785,401.66500091552734,3.4232909777190055,,,,,,,,,,,,,,,,,,,"Brett Myers","962",408206
"Luis Mendoza",,8,9,,5.507066560789125,30,21,,,,117.66699981689453,,138,79,72,13,57,,,55,4.20678695615836,4.359761027291391,0.9649122807017544,0.9943314623647032,,,,,1.657219103941172,,0.6561085972850679,,,,-0.0850446223639536,,,,,,,,,291.0357986450196,2.473385053565655,358.33499908447266,3.045331313300156,,,,,,,,,,,,,,,,,,,"Luis Mendoza","3126",434669
"Amaury Rivas",,7,12,,5.813014703055188,27,23,,,,117.66699981689453,,132,83,76,20,66,,,77,5.8895017386217035,5.048144347390031,1.1666666666666667,1.5297407113303125,,,,,1.682714782463344,,0.6764705882352942,,,,-0.0850446223639536,,,,,,,,,237.53579864501972,2.0187121199202576,284.33499908447266,2.41643790975325,,,,,,,,,,,,,,,,,,,"Amaury Rivas","sa295179",455361
"Aaron Thompson",,4,9,,6.042475809754735,23,23,,,,117.66699981689453,,147,86,79,16,62,,,60,4.589222133990938,4.742196205123969,0.967741935483871,1.2237925690642502,,,,,1.7761989370446407,,0.6591639871382637,,,,-0.0850446223639536,,,,,,,,,225.73579864501954,1.9184291177330466,314.33499908447266,2.6713946949749685,,,,,,,,,,,,,,,,,,,"Aaron Thompson","999",457744
"Felix Doubront",,7,11,,5.85635451588035,27,27,,,,118.33300018310547,,147,84,77,16,55,,,70,5.323958650800318,4.1831103684859645,1.2727272727272727,1.2169048344686442,,,,,1.7070470594629592,,0.6570155902004454,,,,-0.0855259786467415,,,,,,,,,271.66420135498043,2.295760277645409,358.66500091552734,3.0309803720055966,,,,,,,,,,,,,,,,,,,"Felix Doubront","1478",467094
"Vance Worley",,6,8,,5.384816343094452,23,23,,,,118.66699981689453,,135,78,71,18,43,,,65,4.929761440861118,3.2612267993388935,1.5116279069767442,1.365164706700002,,,,,1.499995788843212,,0.6544502617801047,,,,-0.08576737914789723,,,,,,,,,306.7357986450196,2.584844978960611,360.33499908447266,3.0365223662895033,,,,,,,,,,,,,,,,,,,"Vance Worley","6435",474699
"Lance Lynn",,5,7,,4.853918957155562,28,23,,,,118.66699981689453,,124,70,64,14,55,,,77,5.839871245327786,4.171336603805561,1.4,1.0617947718777792,,,,,1.5084227314771625,,0.6838143036386449,,,,-0.08576737914789723,,,,,,,,,372.5357986450195,3.139337804274562,400.33499908447266,3.3736000716475285,,,,,,,,,,,,,,,,,,,"Lance Lynn","2520",458681
"Brad Meyers",,6,9,,5.081446408272229,24,23,,,,118.66699981689453,,140,73,67,12,46,,,73,5.536501310505563,3.4887542504555604,1.5869565217391304,0.9101098044666679,,,,,1.567411329914817,,0.6678486997635934,,,,-0.08576737914789723,,,,,,,,,374.53579864501955,3.1561916895424633,445.33499908447266,3.752812490175307,,,,,,,,,,,,,,,,,,,"Brad Meyers","sa389750",455122
"Yoslan Herrera",,5,11,,5.5966386554621845,27,22,,,,119,,145,81,74,14,49,,,61,4.61344537815126,3.7058823529411766,1.2448979591836735,1.0588235294117647,,,,,1.6302521008403361,,0.6479357798165137,,,,-0.08600805728929117,,,,,,,,,306.4,2.5747899159663863,388,3.2605042016806722,,,,,,,,,,,,,,,,,,,"Yoslan Herrera","7759",506648
"Carlos Martinez",,5,10,,5.958117192302516,53,14,,,,119.33300018310547,,148,86,79,15,62,,,59,4.449733092985423,4.675990707882987,0.9516129032258065,1.1312880744878195,,,,,1.7597814492032748,,0.656084656084656,,,,-0.08624873543068512,,,,,,,,,245.76420135498046,2.0594822972512046,333.66500091552734,2.7960832326644702,,,,,,,,,,,,,,,,,,,"Carlos Martinez","3167",465593
"César Valdez",,6,11,,5.640652820182961,23,23,,,,119.66699981689453,,141,82,75,20,44,,,67,5.038983186030111,3.3091829878406704,1.5227272727272727,1.5041740853821228,,,,,1.5459566988649596,,0.6560509554140127,,,,-0.08649013593184085,,,,,,,,,274.93579864501953,2.2975072414759765,340.33499908447266,2.844017144285624,,,,,,,,,,,,,,,,,,,"Cesar Valdez","9013",491624
"Jack Cassel",,5,10,,5.941487637259385,23,20,,,,119.66699981689453,,154,86,79,16,49,,,64,4.813357073222793,3.6852265091862013,1.3061224489795917,1.2033392683056983,,,,,1.696374107403172,,0.6478405315614618,,,,-0.08649013593184085,,,,,,,,,269.33579864501945,2.2507107143751988,371.33499908447266,3.1030693478792117,,,,,,,,,,,,,,,,,,,"Jack Cassel","3052",445222
"Jason Hirsh",,6,8,,5.775,24,21,,,,120,,138,84,77,20,51,,,57,4.275,3.825,1.1176470588235294,1.5,,,,,1.575,,0.6521739130434783,,,,-0.0867308140732348,,,,,,,,,244.2,2.0349999999999997,301,2.5083333333333333,,,,,,,,,,,,,,,,,,,"Jason Hirsh","6293",444865
"Cristhian Martinez",,6,9,,5.4,28,20,,,,120,,145,79,72,17,38,,,64,4.8,2.85,1.6842105263157894,1.275,,,,,1.525,,0.6532663316582915,,,,-0.0867308140732348,,,,,,,,,315.9,2.6325,393,3.275,,,,,,,,,,,,,,,,,,,"Cristhian Martinez","5337",450852
"Troy Patton",,4,11,,6.825,23,23,,,,120,,152,100,91,27,50,,,57,4.275,3.75,1.14,2.025,,,,,1.6833333333333333,,0.6211936662606578,,,,-0.0867308140732348,,,,,,,,,124.69999999999999,1.0391666666666666,213,1.775,,,,,,,,,,,,,,,,,,,"Troy Patton","8368",461856
"Davis Romero",,7,9,,5.025,31,20,,,,120,,136,73,67,20,38,,,83,6.225,2.85,2.1842105263157894,1.5,,,,,1.45,,0.6917808219178082,,,,-0.0867308140732348,,,,,,,,,340.4,2.8366666666666664,392,3.2666666666666666,,,,,,,,,,,,,,,,,,,"Davis Romero","2756",456630
"Sam Narron",,6,8,,5.385056460106261,24,19,,,,120.33300018310547,,147,79,72,15,39,,,52,3.8892074434100774,2.916905582557558,1.3333333333333333,1.1218867625221378,,,,,1.5457106505860565,,0.6484848484848484,,,,-0.08697149221462874,,,,,,,,,310.76420135498057,2.582535139006792,393.66500091552734,3.27146335848441,,,,,,,,,,,,,,,,,,,"Sam Narron","4516",433897
"Justin Lehr",,5,9,,4.786716853427787,25,19,,,,120.33300018310547,,131,70,64,17,40,,,58,4.337962148418932,2.991698033392367,1.45,1.271471664191756,,,,,1.4210565658613745,,0.6861413043478262,,,,-0.08697149221462874,,,,,,,,,336.7642013549805,2.79860221919624,376.66500091552734,3.1301887291297703,,,,,,,,,,,,,,,,,,,"Justin Lehr","2163",430680
"Lindsay Gulin",,7,9,,5.146394631028641,25,22,,,,120.66699981689453,,125,76,69,16,71,,,77,5.743078066510223,5.295565489899036,1.0845070422535212,1.193366870963163,,,,,1.6243049076998608,,0.6912442396313364,,,,-0.08721289271578447,,,,,,,,,312.1357986450196,2.586753620448576,336.33499908447266,2.7872989267558017,,,,,,,,,,,,,,,,,,,"Lindsay Gulin","sa211652",408077
"Alex Cobb",,6,9,,5.370150919334234,25,24,,,,120.66699981689453,,133,79,72,19,50,,,64,4.773467483852652,3.7292714717598847,1.28,1.417123159268756,,,,,1.5165703985156864,,0.6649616368286445,,,,-0.08721289271578447,,,,,,,,,291.4357986450195,2.4152071327476206,334.33499908447266,2.7707243868813136,,,,,,,,,,,,,,,,,,,"Alex Cobb","6562",502171
"Bobby Parnell",,5,11,,5.668492637075024,52,20,,,,120.66699981689453,,142,83,76,14,67,,,86,6.414346931427001,4.997223772158246,1.2835820895522387,1.0441960120927678,,,,,1.7320394168840354,,0.6652587117212249,,,,-0.08721289271578447,,,,,,,,,322.5357986450195,2.672941227795915,392.33499908447266,3.2513860432414763,,,,,,,,,,,,,,,,,,,"Bobby Parnell","9926",458730
"Luis Perez",,5,11,,6.2307863389111695,26,24,,,,121.33300018310547,,148,92,84,15,79,,,73,5.414850032625183,5.859906199690267,0.9240506329113924,1.112640417662709,,,,,1.870884257847666,,0.6553398058252428,,,,-0.08769424899857237,,,,,,,,,237.56420135498064,1.9579520904986187,320.66500091552734,2.642850670729372,,,,,,,,,,,,,,,,,,,"Luis Perez","6389",469802
"Cesár Ramos",,6,12,,5.489026060469364,25,22,,,,121.33300018310547,,144,81,74,16,54,,,63,4.673089754183377,4.005505503585752,1.1666666666666667,1.1868164455068895,,,,,1.631872612571973,,0.6662870159453304,,,,-0.08769424899857237,,,,,,,,,290.66420135498043,2.3955906547792827,362.66500091552734,2.9890054673355486,,,,,,,,,,,,,,,,,,,"Cesar Ramos","3357",459987
"Carlos Torres",,6,8,,5.178068013085985,37,17,,,,121.66699981689453,,132,77,70,13,70,,,85,6.287654015890125,5.178068013085985,1.2142857142857142,0.9616412024302544,,,,,1.660269426418046,,0.6800870511425462,,,,-0.0879356494997281,,,,,,,,,357.23579864501966,2.9361766064968284,399.33499908447266,3.282196484547665,,,,,,,,,,,,,,,,,,,"Carlos Torres","7624",448614
"John Maine",,9,8,,4.204918032786885,23,22,,,,122,,113,62,57,14,57,,,103,7.598360655737705,4.204918032786885,1.8070175438596492,1.0327868852459017,,,,,1.3934426229508197,,0.7180851063829787,,,,-0.08817632764112204,,,,,,,,,471.8000000000001,3.8672131147540996,463,3.7950819672131146,,,,,,,,,,,,,,,,,,,"John Maine","4773",429720
"Garrett Mock",,6,9,,4.9291687369511274,37,20,,,,122.33300018310547,,138,73,67,13,51,,,98,7.209828898824036,3.7520538146941416,1.9215686274509804,0.9564058743338008,,,,,1.5449633354622936,,0.6791569086651054,,,,-0.08841700578251599,,,,,,,,,429.5642013549805,3.5114335519607778,485.66500091552734,3.9700244430251375,,,,,,,,,,,,,,,,,,,"Garrett Mock","7335",452241
"Brian Burres",,5,10,,5.282594348661595,29,19,,,,122.66699981689453,,140,79,72,14,50,,,79,5.796179910337028,3.6684682976816636,1.58,1.0271711233508658,,,,,1.5489088367989245,,0.6514084507042254,,,,-0.08865840628367172,,,,,,,,,379.53579864501967,3.094033433698991,439.33499908447266,3.58152559156309,,,,,,,,,,,,,,,,,,,"Brian Burres","3425",434638
"Clayton Tanner",,6,13,,5.722810544383395,26,24,,,,122.66699981689453,,146,85,78,17,62,,,68,4.989116884847062,4.548900689125262,1.096774193548387,1.2472792212117656,,,,,1.6956475687061912,,0.6677524429967427,,,,-0.08865840628367172,,,,,,,,,269.03579864501967,2.1932206628238267,342.33499908447266,2.790766869618376,,,,,,,,,,,,,,,,,,,"Clayton Tanner","sa326678",502388
"Chris Carpenter",,5,8,,5.282594348661595,28,28,,,,122.66699981689453,,128,79,72,14,78,,,89,6.529873569873361,5.722810544383395,1.141025641025641,1.0271711233508658,,,,,1.6793432651609392,,0.6813304721030042,,,,-0.08865840628367172,,,,,,,,,346.73579864501966,2.8266428555568606,375.33499908447266,3.0597878781150314,,,,,,,,,,,,,,,,,,,"Chris Carpenter","8556",452764
"Brad Lincoln",,6,10,,5.135855616754329,24,24,,,,122.66699981689453,,142,77,70,18,32,,,76,5.576071812476129,2.347819710516265,2.375,1.3206485871653988,,,,,1.4184744084369099,,0.6518817204301075,,,,-0.08865840628367172,,,,,,,,,373.13579864501975,3.041859662354186,435.33499908447266,3.5489169844725863,,,,,,,,,,,,,,,,,,,"Brad Lincoln","4241",453184
"Kris Johnson",,7,12,,6.439024390243903,27,27,,,,123,,163,95,88,15,62,,,58,4.2439024390243905,4.536585365853658,0.9354838709677419,1.0975609756097562,,,,,1.829268292682927,,0.6372549019607843,,,,-0.08889908442506567,,,,,,,,,231.90000000000003,1.885365853658537,350,2.845528455284553,,,,,,,,,,,,,,,,,,,"Kris Johnson","886",453241
"Jeff Mandel",,5,12,,6.348665797779383,25,24,,,,123.33300018310547,,164,95,87,18,54,,,61,4.45136337545451,3.9405511848285824,1.1296296296296295,1.3135170616095273,,,,,1.7675723421659073,,0.6379668049792531,,,,-0.08913976256645961,,,,,,,,,224.86420135498037,1.8232281791664624,342.66500091552734,2.778372377277713,,,,,,,,,,,,,,,,,,,"Jeff Mandel","sa389701",453247
"Jay Jackson",,7,9,,4.8162292259016,25,25,,,,123.33300018310547,,122,72,66,17,62,,,104,7.589209689299492,4.524336545543927,1.6774193548387097,1.2405438915201092,,,,,1.4918959218281052,,0.6991260923845194,,,,-0.08913976256645961,,,,,,,,,408.36420135498037,3.3110700359896,417.66500091552734,3.3864821280228643,,,,,,,,,,,,,,,,,,,"Jay Jackson","7432",543351
"Jeremy Hellickson",,6,7,,4.670282885722764,24,24,,,,123.33300018310547,,127,70,64,20,34,,,98,7.151370668762983,2.4810877830402185,2.8823529411764706,1.4594634017883639,,,,,1.305408931599592,,0.6842105263157895,,,,-0.08913976256645961,,,,,,,,,430.4642013549804,3.4902597092091714,450.66500091552734,3.654050418350731,,,,,,,,,,,,,,,,,,,"Jeremy Hellickson","4371",476451
"Jack Egbert",,6,11,,5.458206320193968,29,22,,,,123.66699981689453,,147,82,75,15,49,,,75,5.458206320193968,3.566028129193392,1.530612244897959,1.0916412640387936,,,,,1.5849013907526188,,0.6514285714285715,,,,-0.08938116306761534,,,,,,,,,351.4357986450196,2.841791255269127,426.33499908447266,3.4474435355892714,,,,,,,,,,,,,,,,,,,"Jack Egbert","7487",455090
"Yusmeiro Petit",,7,9,,4.862903225806452,30,24,,,,124,,126,73,67,23,40,,,83,6.024193548387097,2.903225806451613,2.075,1.6693548387096775,,,,,1.3387096774193548,,0.6950672645739909,,,,-0.08962184120900929,,,,,,,,,353.0999999999998,2.8475806451612886,367,2.9596774193548385,,,,,,,,,,,,,,,,,,,"Yusmeiro Petit","4020",433589
"Zach McAllister",,8,10,,5.080645161290323,24,24,,,,124,,139,77,70,17,45,,,66,4.790322580645161,3.2661290322580645,1.4666666666666666,1.2338709677419355,,,,,1.4838709677419355,,0.6679151061173534,,,,-0.08962184120900929,,,,,,,,,344.09999999999985,2.774999999999999,396,3.193548387096774,,,,,,,,,,,,,,,,,,,"Zach McAllister","2895",502083
"Kyle Cofield",,5,10,,6.096774193548387,26,24,,,,124,,144,92,84,14,97,,,68,4.935483870967742,7.040322580645161,0.7010309278350515,1.0161290322580645,,,,,1.9435483870967742,,0.6729900632339657,,,,-0.08962184120900929,,,,,,,,,215.99999999999983,1.7419354838709664,283,2.282258064516129,,,,,,,,,,,,,,,,,,,"Kyle Cofield","sa290212",457781
"Cole De Vries",,5,13,,6.804307776327234,25,25,,,,124.33300018310547,,167,103,94,27,58,,,59,4.270788923439435,4.1984026704997826,1.0172413793103448,1.9544288293705887,,,,,1.8096563234912857,,0.6517094017094017,,,,-0.08986251935040324,,,,,,,,,97.76420135498046,0.7863093564138476,214.66500091552734,1.7265327837290965,,,,,,,,,,,,,,,,,,,"Cole De Vries","8201",453301
"Rowdy Hardy",,4,11,,5.919770276688637,25,21,,,,124.66699981689453,,164,90,82,15,37,,,48,3.465231381476275,2.671115856554629,1.2972972972972974,1.0828848067113361,,,,,1.6122951566591004,,0.6166666666666667,,,,-0.09010391985155897,,,,,,,,,296.6357986450195,2.3794251813287017,413.33499908447266,3.3155125228934774,,,,,,,,,,,,,,,,,,,"Rowdy Hardy","sa326456",503228
"Steve Johnson",,4,16,,6.93046276295255,27,25,,,,124.66699981689453,,149,105,96,28,83,,,83,5.99196259713606,5.99196259713606,1,2.0213849725278275,,,,,1.8609575937557774,,0.6587136929460581,,,,-0.09010391985155897,,,,,,,,,107.73579864501937,0.8641885888266906,176.33499908447266,1.4144480844446874,,,,,,,,,,,,,,,,,,,"Steve Johnson","4053",489002
"R.A. Dickey",,5,7,,5.04,37,13,,,,125,,139,77,70,16,54,,,70,5.04,3.888,1.2962962962962963,1.152,,,,,1.544,,0.6799531066822978,,,,-0.09034459799295291,,,,,,,,,344.8,2.7584,395,3.16,,,,,,,,,,,,,,,,,,,"R.A. Dickey","1245",285079
"James Simmons",,5,10,,5.832,25,24,,,,125,,155,89,81,16,51,,,67,4.824,3.672,1.3137254901960784,1.152,,,,,1.648,,0.6372549019607844,,,,-0.09034459799295291,,,,,,,,,306.20000000000005,2.4496,398,3.184,,,,,,,,,,,,,,,,,,,"James Simmons","sa389395",519285
"Deolis Guerra",,6,16,,7.056,27,25,,,,125,,160,107,98,22,73,,,58,4.176,5.256,0.7945205479452054,1.584,,,,,1.864,,0.6231454005934719,,,,-0.09034459799295291,,,,,,,,,135.39999999999998,1.0831999999999997,236,1.888,,,,,,,,,,,,,,,,,,,"Deolis Guerra","8410",500610
"Tim Dillard",,6,8,,5.256,36,16,,,,125,,148,80,73,14,54,,,55,3.96,3.888,1.0185185185185186,1.008,,,,,1.616,,0.668859649122807,,,,-0.09034459799295291,,,,,,,,,315.99999999999994,2.5279999999999996,391,3.128,,,,,,,,,,,,,,,,,,,"Tim Dillard","5518",457422
"Dan Cortes",,6,11,,5.457461315062345,26,25,,,,125.33300018310547,,126,83,76,16,92,,,84,6.031930927174172,6.606400539285998,0.9130434782608695,1.1489392242236518,,,,,1.739366325560806,,0.6901840490797546,,,,-0.09058527613434686,,,,,,,,,295.0642013549806,2.3542419069511302,310.66500091552734,2.4787167023980974,,,,,,,,,,,,,,,,,,,"Dan Cortes","4027",451135
"Travis Blackley",,5,9,,5.371338545389971,33,19,,,,125.66699981689453,,140,82,75,18,59,,,81,5.801045629021169,4.22545298904011,1.3728813559322033,1.289121250893593,,,,,1.5835501785668211,,0.673187571921749,,,,-0.09082667663550259,,,,,,,,,329.53579864501955,2.622293833107943,379.33499908447266,3.0185728921450328,,,,,,,,,,,,,,,,,,,"Travis Blackley","3234",429715
"Rich Harden",,9,4,,3.5714285714285716,24,23,,,,126,,104,55,50,16,54,,,144,10.285714285714286,3.857142857142857,2.6666666666666665,1.1428571428571428,,,,,1.253968253968254,,0.7595870206489675,,,,-0.09106735477689654,,,,,,,,,591.2,4.692063492063492,548,4.349206349206349,,,,,,,,,,,,,,,,,,,"Rich Harden","1772",425848
"Wade Miley",,6,10,,5.428571428571429,25,25,,,,126,,149,83,76,16,52,,,71,5.071428571428571,3.7142857142857144,1.3653846153846154,1.1428571428571428,,,,,1.5952380952380953,,0.6606942889137738,,,,-0.09106735477689654,,,,,,,,,334.2000000000001,2.652380952380953,408,3.238095238095238,,,,,,,,,,,,,,,,,,,"Wade Miley","8779",489119
"Gio González",,6,10,,5.214285714285714,26,23,,,,126,,130,80,73,18,68,,,113,8.071428571428571,4.857142857142857,1.661764705882353,1.2857142857142858,,,,,1.5714285714285714,,0.6828703703703703,,,,-0.09106735477689654,,,,,,,,,395.0000000000001,3.1349206349206358,418,3.3174603174603177,,,,,,,,,,,,,,,,,,,"Gio Gonzalez","7448",461829
"Tommy Mendoza",,6,12,,6.5,23,23,,,,126,,162,100,91,22,59,,,55,3.9285714285714284,4.214285714285714,0.9322033898305084,1.5714285714285714,,,,,1.753968253968254,,0.6361724500525763,,,,-0.09106735477689654,,,,,,,,,173.60000000000008,1.3777777777777784,277,2.1984126984126986,,,,,,,,,,,,,,,,,,,"Tommy Mendoza","sa291459",458717
"Rodrigo Lopez",,6,9,,5,23,21,,,,126,,144,77,70,17,35,,,78,5.571428571428571,2.5,2.2285714285714286,1.2142857142857142,,,,,1.4206349206349207,,0.6572164948453608,,,,-0.09106735477689654,,,,,,,,,399.90000000000003,3.173809523809524,460,3.6507936507936507,,,,,,,,,,,,,,,,,,,"Rodrigo Lopez","150",150438
"Adam Pettyjohn",,6,12,,5.669291338582677,27,21,,,,127,,152,88,80,22,41,,,65,4.606299212598425,2.905511811023622,1.5853658536585367,1.5590551181102361,,,,,1.5196850393700787,,0.6473489519112208,,,,-0.09179011156084016,,,,,,,,,281.00000000000017,2.212598425196852,356,2.8031496062992125,,,,,,,,,,,,,,,,,,,"Adam Pettyjohn","489",282562
"Chris Cody",,9,9,,4.748031496062992,24,23,,,,127,,137,73,67,17,44,,,78,5.52755905511811,3.1181102362204722,1.7727272727272727,1.204724409448819,,,,,1.4251968503937007,,0.6870229007633588,,,,-0.09179011156084016,,,,,,,,,398.50000000000017,3.1377952755905527,438,3.4488188976377954,,,,,,,,,,,,,,,,,,,"Chris Cody","sa326876",501866
"Fabio Castro",,5,9,,5.654465055913522,33,22,,,,127.33300018310547,,146,88,80,17,72,,,80,5.654465055913522,5.08901855032217,1.1111111111111112,1.2015738243816234,,,,,1.7120463641515942,,0.6694129763130794,,,,-0.0920307897022341,,,,,,,,,297.56420135498047,2.336897747850767,359.66500091552734,2.8246016382110475,,,,,,,,,,,,,,,,,,,"Fabio Castro","4048",466983
"Zack Britton",,5,12,,6.149230748305955,27,26,,,,127.33300018310547,,152,95,87,18,78,,,70,4.947656923924332,5.513103429515684,0.8974358974358975,1.2722546375805426,,,,,1.8062874484168197,,0.6591796875,,,,-0.0920307897022341,,,,,,,,,231.66420135498055,1.819357126760905,308.66500091552734,2.42407703008384,,,,,,,,,,,,,,,,,,,"Zack Britton","3240",502154
"Heath Phillips",,5,10,,6.203639163886676,34,20,,,,127.66699981689453,,164,96,88,19,55,,,70,4.934712971273492,3.8772744774291725,1.2727272727272727,1.339422092202805,,,,,1.7154002233474521,,0.6392931392931392,,,,-0.09227219020338984,,,,,,,,,259.63579864501963,2.0336954656833823,366.33499908447266,2.8694572568470003,,,,,,,,,,,,,,,,,,,"Heath Phillips","3396",457495
"Mike Burns",,8,9,,4.864217071683871,33,18,,,,127.66699981689453,,143,75,69,18,36,,,79,5.569176067580084,2.5378523852263672,2.1944444444444446,1.2689261926131836,,,,,1.4020851140602462,,0.6762028608582574,,,,-0.09227219020338984,,,,,,,,,401.5357986450197,3.145180815879746,454.33499908447266,3.558750497278853,,,,,,,,,,,,,,,,,,,"Mike Burns","2932",446916
"Edinson Volquez",,8,7,,3.65625,22,22,,,,128,,102,57,52,13,65,,,128,9,4.5703125,1.9692307692307693,0.9140625,,,,,1.3046875,,0.7392473118279569,,,,-0.09251286834478378,,,,,,,,,583.1000000000001,4.555468750000001,532,4.15625,,,,,,,,,,,,,,,,,,,"Edinson Volquez","3990",450172
"Ramon Ortiz",,6,7,,4.5,33,17,,,,128,,134,70,64,16,37,,,88,6.1875,2.6015625,2.3783783783783785,1.125,,,,,1.3359375,,0.6796769851951548,,,,-0.09251286834478378,,,,,,,,,467.00000000000006,3.6484375000000004,497,3.8828125,,,,,,,,,,,,,,,,,,,"Ramon Ortiz","27",150009
"JC Ramírez",,6,11,,5.90625,28,26,,,,128,,142,92,84,21,71,,,80,5.625,4.9921875,1.1267605633802817,1.4765625,,,,,1.6640625,,0.659041394335512,,,,-0.09251286834478378,,,,,,,,,266.7000000000001,2.083593750000001,314,2.453125,,,,,,,,,,,,,,,,,,,"JC Ramirez","8302",500724
"Philip Humber",,4,14,,6.890625,32,23,,,,128,,159,107,98,27,67,,,70,4.921875,4.7109375,1.044776119402985,1.8984375,,,,,1.765625,,0.6323060573857598,,,,-0.09251286834478378,,,,,,,,,140.7,1.09921875,228,1.78125,,,,,,,,,,,,,,,,,,,"Philip Humber","8586",458950
"Chad Reineke",,5,10,,5.765625,31,23,,,,128,,143,90,82,23,62,,,88,6.1875,4.359375,1.4193548387096775,1.6171875,,,,,1.6015625,,0.6655092592592592,,,,-0.09251286834478378,,,,,,,,,282.49999999999994,2.2070312499999996,331,2.5859375,,,,,,,,,,,,,,,,,,,"Chad Reineke","7641",448656
"Vin Mazzaro",,7,10,,5.0493640575613785,23,23,,,,128.33299255371094,,149,79,72,14,48,,,77,5.400014339336474,3.3662427050409187,1.6041666666666667,0.981820788970268,,,,,1.5350690113265302,,0.6651634723788049,,,,-0.09275354097198107,,,,,,,,,400.06414489746095,3.1173912252534977,469.6649627685547,3.659736700770745,,,,,,,,,,,,,,,,,,,"Vin Mazzaro","5231",476570
"Jake Arrieta",,6,12,,5.820794677466589,26,26,,,,128.33299255371094,,145,91,83,19,72,,,89,6.241575015596704,5.0493640575613785,1.2361111111111112,1.3324710707453638,,,,,1.6909135810043505,,0.6617647058823529,,,,-0.09275354097198107,,,,,,,,,300.964144897461,2.3451813824998986,356.6649627685547,2.7792148820910607,,,,,,,,,,,,,,,,,,,"Jake Arrieta","4153",453562
"Homer Bailey",,5,9,,4.979234001206359,23,23,,,,128.33299255371094,,135,78,71,15,54,,,97,6.8026154664368566,3.787023043171034,1.7962962962962963,1.051950845325287,,,,,1.472731183455402,,0.6607142857142857,,,,-0.09275354097198107,,,,,,,,,446.164144897461,3.476612958360874,478.6649627685547,3.729866757125764,,,,,,,,,,,,,,,,,,,"Homer Bailey","8362",456701
"Evan Anundsen",,9,11,,4.979234001206359,27,26,,,,128.33299255371094,,144,78,71,12,62,,,78,5.470144395691493,4.348063494011186,1.2580645161290323,0.8415606762602297,,,,,1.6051990676815493,,0.6765327695560254,,,,-0.09275354097198107,,,,,,,,,397.664144897461,3.0986898768921596,455.6649627685547,3.550645501996271,,,,,,,,,,,,,,,,,,,"Evan Anundsen","sa326711",502250
"Ben Jukich",,7,9,,5.232558139534884,28,22,,,,129,,146,82,75,18,56,,,82,5.72093023255814,3.9069767441860463,1.4642857142857142,1.255813953488372,,,,,1.565891472868217,,0.6787330316742081,,,,-0.0932356251287274,,,,,,,,,349.5999999999999,2.710077519379844,407,3.1550387596899223,,,,,,,,,,,,,,,,,,,"Ben Jukich","sa327750",502308
"Chase Wright",,6,10,,5.5813953488372094,25,24,,,,129,,148,88,80,18,64,,,58,4.046511627906977,4.465116279069767,0.90625,1.255813953488372,,,,,1.6434108527131783,,0.6638115631691648,,,,-0.0932356251287274,,,,,,,,,272.3999999999999,2.1116279069767434,335,2.5968992248062017,,,,,,,,,,,,,,,,,,,"Chase Wright","3593",451657
"Radhames Liz",,5,10,,4.8711468555741195,32,24,,,,129.33299255371094,,143,78,70,16,70,,,85,5.91496403891143,4.8711468555741195,1.2142857142857142,1.1134049955597987,,,,,1.6469115559322023,,0.7082896117523609,,,,-0.0934762977559247,,,,,,,,,348.46414489746115,2.694317497932686,398.6649627685547,3.08246917431368,,,,,,,,,,,,,,,,,,,"Radhames Liz","5843",467785
"Zach Jackson",,5,10,,6.123727475578892,35,19,,,,129.33299255371094,,164,96,88,20,53,,,76,5.2886737289090435,3.688154047791833,1.4339622641509433,1.3917562444497484,,,,,1.67783947247553,,0.6402116402116402,,,,-0.0934762977559247,,,,,,,,,277.6641448974611,2.1468933751157846,379.6649627685547,2.9355615707328733,,,,,,,,,,,,,,,,,,,"Zach Jackson","8356",435638
"Daniel Moskos",,6,13,,5.91496403891143,29,24,,,,129.33299255371094,,157,93,85,17,65,,,64,4.453619982239195,4.523207794461682,0.9846153846153847,1.182992807782286,,,,,1.7164993681546896,,0.6508577194752775,,,,-0.0934762977559247,,,,,,,,,272.7641448974611,2.1090066773502083,358.6649627685547,2.7731900088804027,,,,,,,,,,,,,,,,,,,"Daniel Moskos","2858",446290
"Ryan Edell",,5,9,,5.830318867450935,31,23,,,,129.66700744628906,,158,92,84,23,42,,,80,5.552684635667557,2.9151594337254676,1.9047619047619047,1.5963968327544227,,,,,1.5424123987965437,,0.6436233611442193,,,,-0.09371770928547374,,,,,,,,,299.83585510253914,2.3123527025696013,383.3350372314453,2.95630357159458,,,,,,,,,,,,,,,,,,,"Ryan Edell","sa291700",460146
"Enrique Gonzalez",,5,12,,6.1079530992343125,31,21,,,,129.66700744628906,,168,96,88,21,54,,,66,4.580964824425735,3.748062129075601,1.2222222222222223,1.4575797168627338,,,,,1.7120777626641634,,0.6542056074766356,,,,-0.09371770928547374,,,,,,,,,234.43585510253928,1.8079838481631327,345.3350372314453,2.6632452158232365,,,,,,,,,,,,,,,,,,,"Enrique Gonzalez","2568",434619
"Jesus Adrian Castillo",,6,9,,5.123076923076923,28,25,,,,130,,147,81,74,15,58,,,65,4.5,4.015384615384615,1.1206896551724137,1.0384615384615385,,,,,1.5769230769230769,,0.6739130434782609,,,,-0.09395838191267103,,,,,,,,,351.3,2.7023076923076923,411,3.1615384615384614,,,,,,,,,,,,,,,,,,,"Jesus Adrian Castillo","sa287103",447763
"Kevin Hart",,6,10,,4.833772229547891,42,19,,,,130.33299255371094,,138,77,70,17,55,,,96,6.629173343379965,3.7979638946447714,1.7454545454545454,1.173916112890202,,,,,1.4808222861948301,,0.6855791962174942,,,,-0.09419905453986832,,,,,,,,,423.56414489746095,3.249861271488168,457.6649627685547,3.511505059472554,,,,,,,,,,,,,,,,,,,"Kevin Hart","8079",453954
"Iván Nova",,6,11,,5.86958056445101,25,24,,,,130.33299255371094,,156,93,85,16,76,,,64,4.419448895586643,5.248095563509139,0.8421052631578947,1.1048622238966608,,,,,1.7800558051668425,,0.6631679389312978,,,,-0.09419905453986832,,,,,,,,,262.064144897461,2.010727596770733,343.6649627685547,2.6368224655543644,,,,,,,,,,,,,,,,,,,"Ivan Nova","1994",467100
"Junichi Tazawa",,10,12,,5.510189711017584,27,25,,,,130.66700744628906,,164,88,80,17,41,,,79,5.441312339629864,2.8239722268965117,1.9268292682926829,1.1709153135912365,,,,,1.5688734593869509,,0.6456953642384107,,,,-0.09444046606941736,,,,,,,,,366.43585510253905,2.804348720186029,467.3350372314453,3.576534324653791,,,,,,,,,,,,,,,,,,,"Junichi Tazawa","4079",547749
"Jeff Francis",,7,7,,4.477029140201787,21,21,,,,130.66700744628906,,143,71,65,15,40,,,88,6.061208682119342,2.755094855508792,2.2,1.033160570815797,,,,,1.4005065515503026,,0.691358024691358,,,,-0.09444046606941736,,,,,,,,,466.6358551025391,3.57118345496931,514.3350372314453,3.9362272641229943,,,,,,,,,,,,,,,,,,,"Jeff Francis","4684",433585
"Daniel Cabrera",,5,9,,5.4961832061068705,25,23,,,,131,,140,88,80,18,78,,,89,6.114503816793893,5.358778625954199,1.141025641025641,1.2366412213740459,,,,,1.6641221374045803,,0.6742738589211618,,,,-0.09468113869661465,,,,,,,,,328.0000000000001,2.503816793893131,365,2.786259541984733,,,,,,,,,,,,,,,,,,,"Daniel Cabrera","1931",425555
"Clayton Mortensen",,6,11,,5.770992366412214,26,25,,,,131,,156,92,84,19,60,,,70,4.809160305343512,4.122137404580153,1.1666666666666667,1.3053435114503817,,,,,1.6488549618320612,,0.6546990496304118,,,,-0.09468113869661465,,,,,,,,,290.1,2.2145038167938935,368,2.8091603053435112,,,,,,,,,,,,,,,,,,,"Clayton Mortensen","3166",489150
"Eddie Bonine",,6,9,,5.482247727702872,25,22,,,,131.33299255371094,,159,88,80,20,33,,,51,3.494932926410581,2.261427187677435,1.5454545454545454,1.370561931925718,,,,,1.4619327273874325,,0.6341463414634146,,,,-0.09492181132381194,,,,,,,,,315.4641448974608,2.4020174882442142,399.6649627685547,3.04314213052828,,,,,,,,,,,,,,,,,,,"Eddie Bonine","5890",444382
"Elizardo Ramirez",,7,10,,6.236056790262017,26,22,,,,131.33299255371094,,165,100,91,27,43,,,52,3.563461023006867,2.946708153640294,1.2093023255813953,1.8502586080997192,,,,,1.5837604546697186,,0.6345475910693302,,,,-0.09492181132381194,,,,,,,,,185.76414489746082,1.414451473962183,280.6649627685547,2.137048408866278,,,,,,,,,,,,,,,,,,,"Elizardo Ramirez","1946",430579
"Nelson Figueroa",,6,10,,5.058214756431534,28,20,,,,131.66700744628906,,151,81,74,17,46,,,91,6.220237065341481,3.144295659403386,1.9782608695652173,1.162022308909947,,,,,1.496198659184703,,0.6697459584295612,,,,-0.09516322285336098,,,,,,,,,416.6358551025389,3.164314760267467,481.3350372314453,3.655699681849277,,,,,,,,,,,,,,,,,,,"Nelson Figueroa","683",150153
"Adam Ottavino",,5,11,,5.810111544549735,27,27,,,,131.66700744628906,,151,93,85,17,83,,,87,5.946820051480317,5.673403037619153,1.0481927710843373,1.162022308909947,,,,,1.777210590097566,,0.6707897240723121,,,,-0.09516322285336098,,,,,,,,,297.6358551025389,2.2605196311152858,362.3350372314453,2.751904552697096,,,,,,,,,,,,,,,,,,,"Adam Ottavino","1247",493603
"Matt Palmer",,7,9,,5.399986023757989,34,21,,,,131.66700744628906,,146,86,79,18,65,,,79,5.399986023757989,4.443026475243915,1.2153846153846153,1.230376562375238,,,,,1.602527497908489,,0.6727664155005382,,,,-0.09516322285336098,,,,,,,,,336.33585510253897,2.5544429210160375,387.3350372314453,2.941777478989571,,,,,,,,,,,,,,,,,,,"Matt Palmer","4457",461212
"Jeff Samardzija",,6,10,,5.659090909090909,40,22,,,,132,,151,91,83,22,63,,,78,5.318181818181818,4.295454545454546,1.2380952380952381,1.5,,,,,1.621212121212121,,0.6713973799126638,,,,-0.09540389548055828,,,,,,,,,280.60000000000014,2.125757575757577,341,2.5833333333333335,,,,,,,,,,,,,,,,,,,"Jeff Samardzija","3254",502188
"Brooks Brown",,8,12,,5.7272727272727275,26,25,,,,132,,160,92,84,14,82,,,56,3.8181818181818183,5.590909090909091,0.6829268292682927,0.9545454545454546,,,,,1.8333333333333333,,0.6744604316546763,,,,-0.09540389548055828,,,,,,,,,254.60000000000014,1.9287878787878798,344,2.606060606060606,,,,,,,,,,,,,,,,,,,"Brooks Brown","5679",453156
"Tobi Stoner",,6,11,,5.576840557735159,26,25,,,,132.33299255371094,,156,90,82,18,56,,,77,5.236789304214723,3.808574039428889,1.375,1.2241845126735715,,,,,1.60201923880739,,0.6531049250535331,,,,-0.09564456810775557,,,,,,,,,338.26414489746094,2.5561588109644484,413.6649627685547,3.1259397583762607,,,,,,,,,,,,,,,,,,,"Tobi Stoner","4591",502621
"Chris Lambert",,5,11,,6.1209225633678574,32,22,,,,132.33299255371094,,164,99,90,22,55,,,80,5.440820056326984,3.740563788724802,1.4545454545454546,1.4962255154899209,,,,,1.6549161004661246,,0.6376195536663125,,,,-0.09564456810775557,,,,,,,,,277.2641448974609,2.0952004450811894,370.6649627685547,2.801001893901177,,,,,,,,,,,,,,,,,,,"Chris Lambert","8047",461836
"Kei Igawa",,5,12,,6.392963566184207,25,24,,,,132.33299255371094,,158,103,94,30,54,,,75,5.100768802806548,3.672553538020715,1.3888888888888888,2.040307521122619,,,,,1.60201923880739,,0.6411764705882353,,,,-0.09564456810775557,,,,,,,,,187.46414489746093,1.416609276944852,259.6649627685547,1.9622088018841002,,,,,,,,,,,,,,,,,,,"Kei Igawa","7794",506432
"Mike MacDonald",,6,11,,6.256943064776032,32,23,,,,132.33299255371094,,171,101,92,20,52,,,57,3.8765842901329766,3.53653303661254,1.0961538461538463,1.360205014081746,,,,,1.68514287855683,,0.6256410256410256,,,,-0.09564456810775557,,,,,,,,,246.66414489746091,1.863965592687293,359.6649627685547,2.717878254151737,,,,,,,,,,,,,,,,,,,"Mike MacDonald","sa253784",453973
"Marco Estrada",,7,9,,5.007518796992481,31,25,,,,133,,148,81,74,16,55,,,98,6.631578947368421,3.7218045112781954,1.7818181818181817,1.0827067669172932,,,,,1.5263157894736843,,0.6755260243632337,,,,-0.0961266522645019,,,,,,,,,433.6000000000001,3.2601503759398502,488,3.669172932330827,,,,,,,,,,,,,,,,,,,"Marco Estrada","1118",462136
"Hisanori Takahashi",,7,8,,4.398496240601504,24,22,,,,133,,138,71,65,18,35,,,109,7.37593984962406,2.3684210526315788,3.1142857142857143,1.218045112781955,,,,,1.300751879699248,,0.6901217861975643,,,,-0.0961266522645019,,,,,,,,,517,3.887218045112782,544,4.090225563909774,,,,,,,,,,,,,,,,,,,"Hisanori Takahashi","10091",538227
"Madison Bumgarner",,8,6,,4.0500103512074865,28,26,,,,133.33299255371094,,137,66,60,12,42,,,86,5.805014836730731,2.8350072458452407,2.0476190476190474,0.8100020702414973,,,,,1.3425034312335926,,0.6966707768187423,,,,-0.09636732489169919,,,,,,,,,528.8641448974611,3.966491224476321,556.6649627685547,4.1749978914206975,,,,,,,,,,,,,,,,,,,"Madison Bumgarner","5524",518516
"Jeanmar Gómez",,5,12,,6.277516044371604,27,27,,,,133.33299255371094,,167,102,93,22,62,,,81,5.467513974130107,4.185010696247736,1.3064516129032258,1.485003795442745,,,,,1.7175043896787303,,0.6407669021190717,,,,-0.09636732489169919,,,,,,,,,257.864144897461,1.9339860297036746,356.6649627685547,2.6749940576401467,,,,,,,,,,,,,,,,,,,"Jeanmar Gomez","9033",491646
"Bobby Livingston",,5,9,,5.1300131115294825,23,22,,,,133.33299255371094,,164,83,76,15,36,,,59,3.982510178687362,2.4300062107244917,1.6388888888888888,1.0125025878018716,,,,,1.5000038337805506,,0.6536312849162011,,,,-0.09636732489169919,,,,,,,,,385.764144897461,2.8932384814063363,481.6649627685547,3.612496453752991,,,,,,,,,,,,,,,,,,,"Bobby Livingston","3876",455751
"Aaron Poreda",,7,8,,4.511210443925749,33,23,,,,133.66700744628906,,134,73,67,10,79,,,93,6.261829422165591,5.319188433882599,1.1772151898734178,0.6733149916307087,,,,,1.593512146859344,,0.7035175879396985,,,,-0.09660873642124823,,,,,,,,,466.7358551025391,3.491780537467976,487.3350372314453,3.645888739053797,,,,,,,,,,,,,,,,,,,"Aaron Poreda","4313",519145
"Lenny DiNardo",,7,9,,5.049862437230315,31,21,,,,133.66700744628906,,157,82,75,13,47,,,75,5.049862437230315,3.164580460664331,1.5957446808510638,0.8753094891199213,,,,,1.5261806476962732,,0.6566200215285253,,,,-0.09660873642124823,,,,,,,,,430.0358551025392,3.2172176464363424,508.3350372314453,3.8029955704342955,,,,,,,,,,,,,,,,,,,"Lenny DiNardo","1894",430837
"Todd Wellemeyer",,6,9,,5.049862437230315,30,23,,,,133.66700744628906,,148,82,75,19,56,,,89,5.992503425513307,3.770563953131969,1.5892857142857142,1.2792984840983466,,,,,1.5261806476962732,,0.6877113866967305,,,,-0.09660873642124823,,,,,,,,,380.6358551025391,2.847642528807931,431.3350372314453,3.2269371887058003,,,,,,,,,,,,,,,,,,,"Todd Wellemeyer","1709",425487
"Samuel Deduno",,6,10,,5.38651993304567,25,25,,,,133.66700744628906,,138,88,80,12,94,,,91,6.12716642383945,6.329160921328662,0.9680851063829787,0.8079779899568504,,,,,1.7356564228702713,,0.6691449814126395,,,,-0.09660873642124823,,,,,,,,,382.7358551025391,2.863353211945981,412.3350372314453,3.0847929126948728,,,,,,,,,,,,,,,,,,,"Samuel Deduno","5285",465679
"Adam Eaton",,5,11,,5.977611940298507,27,23,,,,134,,164,97,89,22,48,,,72,4.835820895522388,3.2238805970149254,1.5,1.4776119402985075,,,,,1.5820895522388059,,0.6346578366445916,,,,-0.09684940904844552,,,,,,,,,294.59999999999985,2.198507462686566,384,2.8656716417910446,,,,,,,,,,,,,,,,,,,"Adam Eaton","1029",284566
"Gaby Hernandez",,6,12,,6.17910447761194,26,26,,,,134,,162,101,92,23,62,,,71,4.768656716417911,4.164179104477612,1.1451612903225807,1.544776119402985,,,,,1.671641791044776,,0.6412930135557873,,,,-0.09684940904844552,,,,,,,,,243.49999999999983,1.8171641791044764,327,2.4402985074626864,,,,,,,,,,,,,,,,,,,"Gaby Hernandez","sa254327",455100
"Eric Stults",,8,9,,4.432835820895522,27,24,,,,134,,141,72,66,15,50,,,89,5.977611940298507,3.3582089552238807,1.78,1.007462686567164,,,,,1.4253731343283582,,0.7,,,,-0.09684940904844552,,,,,,,,,468.4999999999999,3.496268656716417,503,3.753731343283582,,,,,,,,,,,,,,,,,,,"Eric Stults","8011",445590
"Trey Hearne",,6,11,,5.694803528583098,30,21,,,,134.33299255371094,,164,93,85,17,59,,,67,4.4888451342949125,3.9528636257223853,1.1355932203389831,1.1389607057166196,,,,,1.6600538390510207,,0.6526104417670683,,,,-0.09709008167564281,,,,,,,,,315.56414489746106,2.349118700465842,407.6649627685547,3.0347344685674016,,,,,,,,,,,,,,,,,,,"Trey Hearne","sa290646",459900
"Tim Stauffer",,6,10,,4.890831265724307,29,22,,,,134.33299255371094,,150,80,73,16,49,,,84,5.627805840011532,3.282886740006727,1.7142857142857142,1.0719630171450536,,,,,1.4813933361935117,,0.6738391845979615,,,,-0.09709008167564281,,,,,,,,,428.26414489746116,3.1880786451342287,484.6649627685547,3.6079369152352427,,,,,,,,,,,,,,,,,,,"Tim Stauffer","6432",431162
"Edgar Osuna",,7,10,,5.279689609822043,29,22,,,,134.66700744628906,,156,86,79,19,50,,,83,5.547015666015564,3.3415757024190142,1.66,1.2697987669192254,,,,,1.5296990993295931,,0.6688963210702341,,,,-0.09733149320519185,,,,,,,,,373.2358551025392,2.7715463659605084,442.3350372314453,3.2846578060915728,,,,,,,,,,,,,,,,,,,"Edgar Osuna","sa328973",466457
"Chris Waters",,5,12,,6.148499292450986,32,25,,,,134.66700744628906,,155,101,92,22,68,,,93,6.215330806499367,4.5445429552898595,1.3676470588235294,1.4702933090643662,,,,,1.6559364036432005,,0.6347554630593133,,,,-0.09733149320519185,,,,,,,,,304.9358551025392,2.264369431571134,369.3350372314453,2.742579969921377,,,,,,,,,,,,,,,,,,,"Chris Waters","7015",425561
"Jesse Litsch",,9,10,,4.666666666666667,24,23,,,,135,,148,77,70,18,40,,,75,5,2.6666666666666665,1.875,1.2,,,,,1.3925925925925926,,0.6818181818181818,,,,-0.09757216583238915,,,,,,,,,422.8,3.131851851851852,471,3.488888888888889,,,,,,,,,,,,,,,,,,,"Jesse Litsch","3688",446209
"Josh Muecke",,5,12,,6.118242007183751,30,22,,,,135.33299255371094,,161,101,92,24,69,,,76,5.054199918977881,4.588681505387813,1.1014492753623188,1.5960631323088046,,,,,1.699511668662153,,0.6568228105906313,,,,-0.09781283845958644,,,,,,,,,232.66414489746091,1.7191975179675512,309.6649627685547,2.2881705113086515,,,,,,,,,,,,,,,,,,,"Josh Muecke","sa226123",450264
"Sam LeCure",,6,11,,5.120702549490748,25,25,,,,135.33299255371094,,144,84,77,22,59,,,99,6.583760420773819,3.9236552002591445,1.6779661016949152,1.4630578712830709,,,,,1.5000037771235524,,0.6910569105691058,,,,-0.09781283845958644,,,,,,,,,377.4641448974609,2.789150951107898,411.6649627685547,3.041866990454476,,,,,,,,,,,,,,,,,,,"Sam LeCure","4664",459967
"Ernesto Frieri",,6,12,,5.307111976248536,32,25,,,,135.66700744628906,,142,88,80,22,68,,,94,6.23585657209203,4.511045179811256,1.3823529411764706,1.4594557934683474,,,,,1.5479076597391563,,0.6808035714285715,,,,-0.09805424998913548,,,,,,,,,348.1358551025391,2.566105508300292,376.3350372314453,2.7739613655179753,,,,,,,,,,,,,,,,,,,"Ernesto Frieri","5178",457117
"Michael Bowden",,6,7,,5.108095277139216,30,26,,,,135.66700744628906,,154,84,77,16,50,,,77,5.108095277139216,3.316944985155335,1.54,1.0614223952497073,,,,,1.5036817266037519,,0.6607929515418502,,,,-0.09805424998913548,,,,,,,,,410.7358551025391,3.0275294106796786,474.3350372314453,3.4963182733962483,,,,,,,,,,,,,,,,,,,"Michael Bowden","4440",476601
"David Huff",,8,11,,5.2407730765454295,26,26,,,,135.66700744628906,,155,86,79,20,46,,,81,5.373450875951643,3.051589386342908,1.7608695652173914,1.326777994062134,,,,,1.4815687600360496,,0.6647398843930635,,,,-0.09805424998913548,,,,,,,,,378.9358551025391,2.793131965062035,442.3350372314453,3.2604466300074244,,,,,,,,,,,,,,,,,,,"David Huff","4257",453307
"J.R. Mathes",,7,10,,5.029411764705882,27,23,,,,136,,162,83,76,19,30,,,53,3.5073529411764706,1.9852941176470589,1.7666666666666666,1.2573529411764706,,,,,1.411764705882353,,0.6590084643288996,,,,-0.09829492261633277,,,,,,,,,367.50000000000006,2.7022058823529416,449,3.301470588235294,,,,,,,,,,,,,,,,,,,"J.R. Mathes","sa254188",448588
"Luis Munoz",,5,13,,6.220588235294118,28,26,,,,136,,158,103,94,27,69,,,71,4.698529411764706,4.5661764705882355,1.0289855072463767,1.786764705882353,,,,,1.6691176470588236,,0.6553911205073997,,,,-0.09829492261633277,,,,,,,,,198.50000000000006,1.4595588235294121,264,1.9411764705882353,,,,,,,,,,,,,,,,,,,"Luis Munoz","sa201423",446952
"Aneury Rodriguez",,7,13,,6.007349979333429,28,28,,,,136.33299255371094,,155,100,91,24,71,,,79,5.21517196008067,4.687053280578829,1.1126760563380282,1.58435603850552,,,,,1.6577058551029977,,0.6548856548856549,,,,-0.09853559524353006,,,,,,,,,255.6641448974608,1.8752918138779733,314.6649627685547,2.308061730872566,,,,,,,,,,,,,,,,,,,"Aneury Rodriguez","8948",444553
"Daisuke Matsuzaka",,10,8,,4.6210384456411,25,25,,,,136.33299255371094,,139,77,70,16,61,,,121,7.98779502746533,4.026904931201529,1.9836065573770492,1.05623735900368,,,,,1.4669963319495554,,0.6925675675675675,,,,-0.09853559524353006,,,,,,,,,509.66414489746086,3.738377155453909,532.6649627685547,3.907087732697581,,,,,,,,,,,,,,,,,,,"Daisuke Matsuzaka","7775",493137
"Marc Rzepczynski",,9,10,,4.687053280578829,27,27,,,,136.33299255371094,,140,78,71,11,81,,,119,7.85576535758987,5.347201629956129,1.4691358024691359,0.7261631843150299,,,,,1.6210309468042587,,0.6955252918287937,,,,-0.09853559524353006,,,,,,,,,504.5641448974609,3.7009687489891956,533.6649627685547,3.914422714357329,,,,,,,,,,,,,,,,,,,"Marc Rzepczynski","6612",519240
"Trevor Reckling",,6,12,,6.20539448414662,27,27,,,,136.33299255371094,,160,103,94,17,104,,,79,5.21517196008067,6.86554283352392,0.7596153846153846,1.1222521939414098,,,,,1.9364351581734132,,0.6702747710241466,,,,-0.09853559524353006,,,,,,,,,229.76414489746082,1.685315788890506,306.6649627685547,2.2493818775945837,,,,,,,,,,,,,,,,,,,"Trevor Reckling","sa390627",519174
"Tim Alderson",,6,9,,4.939012074770709,27,27,,,,136.66700744628906,,157,82,75,16,42,,,72,4.74145159177988,2.7658467618715967,1.7142857142857142,1.0536559092844178,,,,,1.4560939301916607,,0.6625141562853908,,,,-0.0987770067730791,,,,,,,,,424.335855102539,3.1048887586808798,493.3350372314453,3.6097595641386153,,,,,,,,,,,,,,,,,,,"Tim Alderson","sa389899",518396
"Trevor Bell",,7,10,,5.597547018073469,34,22,,,,136.66700744628906,,166,93,85,15,62,,,70,4.609744603119328,4.082916648477119,1.1290322580645162,0.9878024149541417,,,,,1.6682885230336615,,0.6521739130434783,,,,-0.0987770067730791,,,,,,,,,349.23585510253895,2.555377933769353,442.3350372314453,3.2365897629337175,,,,,,,,,,,,,,,,,,,"Trevor Bell","7074",457707
"Ross Detwiler",,6,11,,5.583941605839416,30,29,,,,137,,165,93,85,14,73,,,93,6.109489051094891,4.795620437956204,1.273972602739726,0.9197080291970803,,,,,1.7372262773722629,,0.6639194139194139,,,,-0.09901767940027639,,,,,,,,,379.60000000000014,2.7708029197080304,470,3.4306569343065694,,,,,,,,,,,,,,,,,,,"Ross Detwiler","2859",446321
"Jason Jones",,6,14,,6.175182481751825,27,23,,,,137,,170,103,94,25,48,,,57,3.7445255474452557,3.153284671532847,1.1875,1.6423357664233578,,,,,1.5912408759124088,,0.6284153005464481,,,,-0.09901767940027639,,,,,,,,,234.30000000000018,1.710218978102191,330,2.408759124087591,,,,,,,,,,,,,,,,,,,"Jason Jones","sa254345",459419
"Anthony Swarzak",,6,11,,5.883762675062305,27,27,,,,137.66700744628906,,170,99,90,22,55,,,69,4.510884717547767,3.595632745871409,1.2545454545454546,1.4382530983485635,,,,,1.6343785208506403,,0.6488156539649846,,,,-0.09949976355702272,,,,,,,,,279.13585510253904,2.0276162043505175,375.3350372314453,2.7263978798833315,,,,,,,,,,,,,,,,,,,"Anthony Swarzak","7466",461872
"Scott Richmond",,8,11,,5.295386407556075,27,24,,,,137.66700744628906,,146,89,81,24,59,,,117,7.648891477580997,3.8571333092075113,1.9830508474576272,1.5690033800166148,,,,,1.4891004301083612,,0.676779463243874,,,,-0.09949976355702272,,,,,,,,,400.935855102539,2.912359776970997,433.3350372314453,3.147704343035941,,,,,,,,,,,,,,,,,,,"Scott Richmond","4307",446341
"Brett Cecil",,7,10,,5.282608695652174,29,29,,,,138,,157,89,81,18,61,,,100,6.521739130434782,3.9782608695652173,1.639344262295082,1.173913043478261,,,,,1.5797101449275361,,0.6690871369294605,,,,-0.09974043618422002,,,,,,,,,408.6000000000001,2.9608695652173918,473,3.427536231884058,,,,,,,,,,,,,,,,,,,"Brett Cecil","2660",446399
"Andrew Miller",,7,10,,5.282608695652174,33,27,,,,138,,148,89,81,16,79,,,111,7.239130434782608,5.1521739130434785,1.4050632911392404,1.0434782608695652,,,,,1.644927536231884,,0.6744868035190617,,,,-0.09974043618422002,,,,,,,,,424.6000000000001,3.076811594202899,467,3.3840579710144927,,,,,,,,,,,,,,,,,,,"Andrew Miller","6785",453192
"Scott Diamond",,7,10,,5.086956521739131,25,25,,,,138,,157,85,78,14,65,,,87,5.673913043478261,4.239130434782608,1.3384615384615384,0.9130434782608695,,,,,1.608695652173913,,0.6768774703557312,,,,-0.09974043618422002,,,,,,,,,419.8,3.0420289855072467,487,3.528985507246377,,,,,,,,,,,,,,,,,,,"Scott Diamond","5089",539438
"Giancarlo Alvarado",,10,8,,3.894221199005555,26,24,,,,138.66700744628906,,126,66,60,16,59,,,118,7.658635024710924,3.829317512355462,2,1.0384589864014813,,,,,1.3341313366963474,,0.7318573185731858,,,,-0.10022252034096635,,,,,,,,,560.7358551025392,4.043758248116324,544.3350372314453,3.925483409904023,,,,,,,,,,,,,,,,,,,"Giancarlo Alvarado","sa212417",425826
"Matt Buschmann",,6,10,,5.062487558707222,31,24,,,,138.66700744628906,,156,85,78,18,53,,,79,5.127391245357314,3.4398953924549067,1.490566037735849,1.1682663597016665,,,,,1.5072078344299278,,0.6746463547334058,,,,-0.10022252034096635,,,,,,,,,398.13585510253915,2.8711649759713183,458.3350372314453,3.305292626358694,,,,,,,,,,,,,,,,,,,"Matt Buschmann","3832",501936
"Justin Masterson",,8,8,,4.467625899280575,43,20,,,,139,,143,75,69,13,58,,,102,6.60431654676259,3.7553956834532376,1.7586206896551724,0.841726618705036,,,,,1.4460431654676258,,0.6892778993435448,,,,-0.10046319296816364,,,,,,,,,526.9000000000001,3.790647482014389,556,4,,,,,,,,,,,,,,,,,,,"Justin Masterson","2038",475416
"Adam Mills",,8,11,,5.633093525179856,27,27,,,,139,,183,95,87,17,36,,,58,3.7553956834532376,2.3309352517985613,1.6111111111111112,1.1007194244604317,,,,,1.5755395683453237,,0.6352459016393442,,,,-0.10046319296816364,,,,,,,,,351.7000000000001,2.53021582733813,482,3.4676258992805757,,,,,,,,,,,,,,,,,,,"Adam Mills","sa389674",474126
"Manny Parra",,8,10,,5.16747675337878,27,24,,,,139.33299255371094,,157,88,80,16,69,,,117,7.557434751816467,4.456948699789198,1.6956521739130435,1.033495350675756,,,,,1.6220135364772283,,0.6777996070726916,,,,-0.10070386559536093,,,,,,,,,453.06414489746095,3.2516644952042566,515.6649627685547,3.7009537606089453,,,,,,,,,,,,,,,,,,,"Manny Parra","4279",448159
"Eric Hacker",,7,8,,5.026240719519706,28,26,,,,139.66700744628906,,160,85,78,15,54,,,74,4.768484785185362,3.479705113513642,1.3703703703703705,0.9665847537537895,,,,,1.5322158318763774,,0.6683937823834197,,,,-0.10094527712490997,,,,,,,,,419.035855102539,3.000249398654047,489.3350372314453,3.503583603447837,,,,,,,,,,,,,,,,,,,"Eric Hacker","8743",459345
"Lance Broadway",,5,12,,6.492857142857143,33,22,,,,140,,180,111,101,21,70,,,74,4.757142857142857,4.5,1.0571428571428572,1.35,,,,,1.7857142857142858,,0.6300997280145059,,,,-0.10118594975210726,,,,,,,,,247.70000000000005,1.7692857142857146,365,2.607142857142857,,,,,,,,,,,,,,,,,,,"Lance Broadway","9885",473560
"John Ely",,7,11,,5.271428571428571,27,27,,,,140,,150,90,82,21,64,,,86,5.5285714285714285,4.114285714285714,1.34375,1.35,,,,,1.5285714285714285,,0.6717226435536295,,,,-0.10118594975210726,,,,,,,,,367.70000000000005,2.626428571428572,407,2.907142857142857,,,,,,,,,,,,,,,,,,,"John Ely","6132",518655
"Craig Stammen",,6,11,,5.5928571428571425,29,26,,,,140,,172,95,87,19,52,,,74,4.757142857142857,3.342857142857143,1.4230769230769231,1.2214285714285715,,,,,1.6,,0.6534954407294833,,,,-0.10118594975210726,,,,,,,,,347.09999999999997,2.479285714285714,445,3.1785714285714284,,,,,,,,,,,,,,,,,,,"Craig Stammen","7274",489334
"Jeff Manship",,8,11,,5.387186478693876,29,26,,,,140.33299255371094,,167,92,84,15,58,,,72,4.617588410309037,3.7197239971933906,1.2413793103448276,0.9619975854810493,,,,,1.6033293091350822,,0.6519607843137255,,,,-0.10142662237930455,,,,,,,,,389.764144897461,2.7774234540625433,476.6649627685547,3.3966706908649176,,,,,,,,,,,,,,,,,,,"Jeff Manship","6865",453249
"Sean O'Sullivan",,7,13,,6.028518202347909,28,26,,,,140.33299255371094,,176,103,94,21,58,,,70,4.48932206557823,3.7197239971933906,1.206896551724138,1.346796619673469,,,,,1.6674624815004855,,0.6402737047898338,,,,-0.10142662237930455,,,,,,,,,288.564144897461,2.0562815603537863,394.6649627685547,2.8123462315356877,,,,,,,,,,,,,,,,,,,"Sean O'Sullivan","9137",457711
"Micah Owings",,7,12,,4.86254746167947,29,24,,,,140.66700744628906,,140,83,76,21,60,,,95,6.078184327099337,3.838853259220634,1.5833333333333333,1.343598640727222,,,,,1.4217975034150498,,0.6858147713950762,,,,-0.1016680339088536,,,,,,,,,428.63585510253915,3.047166943294826,440.3350372314453,3.1303362830092096,,,,,,,,,,,,,,,,,,,"Micah Owings","4253",452249
"Sean West",,7,13,,5.758279888830951,29,28,,,,140.66700744628906,,158,99,90,22,86,,,105,6.71799320363611,5.502356338216242,1.2209302325581395,1.4075795283808992,,,,,1.7345929541663607,,0.6801125703564729,,,,-0.1016680339088536,,,,,,,,,311.5358551025391,2.214704505045314,369.3350372314453,2.625598169296867,,,,,,,,,,,,,,,,,,,"Sean West","4393",476811
"Will Inman",,6,10,,5.054490124640502,28,28,,,,140.66700744628906,,149,86,79,19,65,,,93,5.950222551791983,4.158757697489021,1.4307692307692308,1.2156368654198675,,,,,1.5213233286541032,,0.6830309498399146,,,,-0.1016680339088536,,,,,,,,,410.835855102539,2.9206269654908854,447.3350372314453,3.1800991956287366,,,,,,,,,,,,,,,,,,,"Will Inman","sa290185",488989
"Jason Vargas",,7,9,,4.9787234042553195,30,24,,,,141,,150,85,78,22,50,,,86,5.48936170212766,3.1914893617021276,1.72,1.4042553191489362,,,,,1.4184397163120568,,0.6796690307328606,,,,-0.10190870653605089,,,,,,,,,404.80000000000007,2.8709219858156034,441,3.127659574468085,,,,,,,,,,,,,,,,,,,"Jason Vargas","8044",450306
"Dallas Braden",,7,9,,4.595744680851064,28,24,,,,141,,152,79,72,15,46,,,90,5.74468085106383,2.9361702127659575,1.9565217391304348,0.9574468085106383,,,,,1.4042553191489362,,0.672316384180791,,,,-0.10190870653605089,,,,,,,,,505.7000000000001,3.5865248226950364,552,3.9148936170212765,,,,,,,,,,,,,,,,,,,"Dallas Braden","8099",460284
"Wes Whisler",,7,14,,6.176901686053473,28,26,,,,141.33299255371094,,186,106,97,21,66,,,49,3.120290542439383,4.202840322469373,0.7424242424242424,1.3372673753311641,,,,,1.7830231671082188,,0.655884995507637,,,,-0.10214937916324818,,,,,,,,,203.9641448974611,1.4431460143317094,333.6649627685547,2.3608426931295012,,,,,,,,,,,,,,,,,,,"Wes Whisler","8023",452217
"Bud Norris",,8,10,,4.775954911897015,28,27,,,,141.33299255371094,,149,82,75,16,70,,,127,8.087283650812278,4.457557917770547,1.8142857142857143,1.0188703812046966,,,,,1.5495320380821427,,0.6968463886063072,,,,-0.10214937916324818,,,,,,,,,505.6641448974611,3.577820972730716,542.6649627685547,3.8396198436279847,,,,,,,,,,,,,,,,,,,"Bud Norris","9492",502032
"Héctor Rondón",,9,12,,5.0943519060234825,28,27,,,,141.33299255371094,,161,88,80,19,47,,,98,6.240581084878766,2.992931744788796,2.0851063829787235,1.2099085776805771,,,,,1.4717016617401173,,0.6615214994487321,,,,-0.10214937916324818,,,,,,,,,448.564144897461,3.1738105646280195,514.6649627685547,3.641506158393738,,,,,,,,,,,,,,,,,,,"Hector Rondon","2391",444468
"Chris Seddon",,6,12,,5.6037870966258305,28,27,,,,141.33299255371094,,155,96,88,25,71,,,78,4.966993108372896,4.521237316595841,1.0985915492957747,1.5919849706323383,,,,,1.5990604593907043,,0.680628272251309,,,,-0.10214937916324818,,,,,,,,,278.3641448974611,1.9695623779541358,324.6649627685547,2.297163294304208,,,,,,,,,,,,,,,,,,,"Chris Seddon","3833",434629
"Mike Ballard",,7,13,,6.622657477830527,28,25,,,,141.33299255371094,,187,114,104,28,52,,,64,4.075481524818787,3.3113287389152637,1.2307692307692308,1.7830231671082188,,,,,1.6910418132494616,,0.6256256256256256,,,,-0.10214937916324818,,,,,,,,,187.264144897461,1.3249853520669972,314.6649627685547,2.2264084067205485,,,,,,,,,,,,,,,,,,,"Mike Ballard","sa327794",453040
"Jhoulys Chacín",,9,12,,4.891752938754922,31,26,,,,141.66700744628906,,148,84,77,16,63,,,86,5.4635162692587445,4.0023433135267545,1.3650793650793651,1.016468143117906,,,,,1.4894081819297094,,0.6733828207847296,,,,-0.10239079069279722,,,,,,,,,449.73585510253923,3.1745983995112614,483.3350372314453,3.411768526378272,,,,,,,,,,,,,,,,,,,"Jhoulys Chacin","2608",468504
"Nick Green",,7,9,,5.133802816901408,26,24,,,,142,,162,89,81,22,41,,,79,5.007042253521127,2.5985915492957745,1.9268292682926829,1.3943661971830985,,,,,1.4295774647887325,,0.662020905923345,,,,-0.10263146331999451,,,,,,,,,393.99999999999994,2.774647887323943,459,3.232394366197183,,,,,,,,,,,,,,,,,,,"Nick Green","sa254162",446550
"Oliver Pérez",,7,10,,4.93209611773667,27,27,,,,142.33299255371094,,138,85,78,20,87,,,132,8.346624199246671,5.501184131321669,1.5172413793103448,1.2646400301888896,,,,,1.580800037736112,,0.7106598984771574,,,,-0.1028721359471918,,,,,,,,,451.4641448974609,3.171886832401812,454.6649627685547,3.1943750680080853,,,,,,,,,,,,,,,,,,,"Oliver Perez","1514",424144
"Charlie Zink",,8,12,,5.4883046474131865,27,25,,,,142.66700744628906,,163,95,87,15,70,,,53,3.343449957619528,4.415877302516357,0.7571428571428571,0.9462594219677909,,,,,1.633173669025891,,0.6509433962264151,,,,-0.10311354747674084,,,,,,,,,343.43585510253905,2.4072549165358708,414.3350372314453,2.9042106135676335,,,,,,,,,,,,,,,,,,,"Charlie Zink","4180",468402
"Brian Moehler",,6,11,,5.286713286713287,25,25,,,,143,,173,92,84,20,43,,,80,5.034965034965035,2.7062937062937062,1.8604651162790697,1.2587412587412588,,,,,1.5104895104895104,,0.6595744680851063,,,,-0.10335422010393813,,,,,,,,,393.40000000000003,2.751048951048951,486,3.3986013986013988,,,,,,,,,,,,,,,,,,,"Brian Moehler","480",119215
"Graham Taylor",,6,12,,5.79020979020979,28,27,,,,143,,174,101,92,20,65,,,74,4.6573426573426575,4.090909090909091,1.1384615384615384,1.2587412587412588,,,,,1.6713286713286712,,0.6540284360189573,,,,-0.10335422010393813,,,,,,,,,312.8,2.1874125874125876,408,2.8531468531468533,,,,,,,,,,,,,,,,,,,"Graham Taylor","3719",501869
"Blake Beavan",,8,10,,5.7272727272727275,27,27,,,,143,,172,100,91,25,43,,,49,3.0839160839160837,2.7062937062937062,1.1395348837209303,1.5734265734265733,,,,,1.5034965034965035,,0.6388888888888888,,,,-0.10335422010393813,,,,,,,,,272.50000000000006,1.905594405594406,359,2.5104895104895104,,,,,,,,,,,,,,,,,,,"Blake Beavan","338",518444
"Joe Savery",,7,14,,6.104895104895105,28,27,,,,143,,174,106,97,19,89,,,81,5.0979020979020975,5.601398601398602,0.9101123595505618,1.1958041958041958,,,,,1.8391608391608392,,0.6641285956006768,,,,-0.10335422010393813,,,,,,,,,267.09999999999997,1.8678321678321677,363,2.5384615384615383,,,,,,,,,,,,,,,,,,,"Joe Savery","2835",456045
"Scott Olsen",,6,10,,5.40001283870467,26,26,,,,143.33299255371094,,165,94,86,23,56,,,89,5.588385379589718,3.516287429854204,1.5892857142857142,1.444189480118691,,,,,1.5418641309479744,,0.6726694915254237,,,,-0.10359489273113542,,,,,,,,,358.76414489746094,2.503011613066139,427.6649627685547,2.983716136452649,,,,,,,,,,,,,,,,,,,"Scott Olsen","4529",435179
"Jonathon Niese",,8,9,,4.573074999460987,26,26,,,,143.66700744628906,,155,80,73,14,55,,,103,6.452420889650434,3.445467465347319,1.8727272727272728,0.8770280820884085,,,,,1.4617134701473475,,0.6827731092436975,,,,-0.10383630426068446,,,,,,,,,528.9358551025391,3.6816793535585095,577.3350372314453,4.018563812901067,,,,,,,,,,,,,,,,,,,"Jonathon Niese","4424",477003
"Max Scherzer",,9,5,,3.9466263693978383,29,26,,,,143.66700744628906,,135,69,63,15,60,,,138,8.644991094871456,3.7586917803788937,2.3,0.9396729450947234,,,,,1.3573053651368228,,0.7241379310344828,,,,-0.10383630426068446,,,,,,,,,623.6358551025392,4.340842523191624,619.3350372314453,4.310906506930536,,,,,,,,,,,,,,,,,,,"Max Scherzer","3137",453286
"Jon Kibler",,7,10,,5.575392807562025,26,26,,,,143.66700744628906,,162,97,89,18,77,,,62,3.8839815063915233,4.823654451486247,0.8051948051948052,1.127607534113668,,,,,1.6635691398343622,,0.6641721234798877,,,,-0.10383630426068446,,,,,,,,,313.5358551025392,2.1823789656073735,377.3350372314453,2.626455746094069,,,,,,,,,,,,,,,,,,,"Jon Kibler","sa392102",518882
"Heath Rollins",,7,13,,5.5625,30,25,,,,144,,167,98,89,23,52,,,74,4.625,3.25,1.4230769230769231,1.4375,,,,,1.5208333333333333,,0.6477516059957173,,,,-0.10407697688788176,,,,,,,,,340.50000000000006,2.364583333333334,413,2.8680555555555554,,,,,,,,,,,,,,,,,,,"Heath Rollins","sa327135",476990
"Hiroki Kuroda",,9,6,,3.5625,25,25,,,,144,,138,62,57,13,32,,,95,5.9375,2,2.96875,0.8125,,,,,1.1805555555555556,,0.7114624505928854,,,,-0.10407697688788176,,,,,,,,,640.9000000000001,4.450694444444445,645,4.479166666666667,,,,,,,,,,,,,,,,,,,"Hiroki Kuroda","3283",493133
"Jason Berken",,6,14,,6.5625,30,29,,,,144,,193,115,105,22,61,,,78,4.875,3.8125,1.278688524590164,1.375,,,,,1.7638888888888888,,0.6227598566308244,,,,-0.10407697688788176,,,,,,,,,266.2000000000001,1.8486111111111119,407,2.826388888888889,,,,,,,,,,,,,,,,,,,"Jason Berken","5673",460072
"Kevin Pucetas",,6,10,,4.801397017678494,28,27,,,,144.33299255371094,,161,84,77,16,46,,,74,4.614329601405306,2.868367049522217,1.608695652173913,0.9976928867903364,,,,,1.4341835247611086,,0.6663055254604551,,,,-0.10431764951507905,,,,,,,,,462.6641448974609,3.205532821785627,523.6649627685547,3.6281722806632875,,,,,,,,,,,,,,,,,,,"Kevin Pucetas","sa327994",501879
"Dana Eveland",,6,10,,5.48731087734685,30,26,,,,144.33299255371094,,166,96,88,17,73,,,96,5.986157320742019,4.55197379598091,1.3150684931506849,1.0600486922147325,,,,,1.6558930551589612,,0.6644981412639406,,,,-0.10431764951507905,,,,,,,,,400.36414489746085,2.7738920797923075,473.6649627685547,3.281751139416643,,,,,,,,,,,,,,,,,,,"Dana Eveland","5508",445968
"Esmailin Caridad",,7,10,,5.050820239376078,34,26,,,,144.33299255371094,,155,89,81,23,55,,,94,5.861445709893227,3.4295692983417814,1.709090909090909,1.4341835247611086,,,,,1.4549687932359072,,0.6805399325084364,,,,-0.10431764951507905,,,,,,,,,405.1641448974608,2.807148509351985,445.6649627685547,3.0877553003185216,,,,,,,,,,,,,,,,,,,"Esmailin Caridad","5284",534428
"Brad Knox",,5,11,,6.594454512057245,28,24,,,,144.66700744628906,,188,116,106,27,59,,,53,3.2972272560286227,3.6704982661450702,0.8983050847457628,1.6797195455240153,,,,,1.7073692499770856,,0.6261950286806883,,,,-0.10455906104462809,,,,,,,,,178.63585510253898,1.2348071495766693,301.3350372314453,2.082956180201093,,,,,,,,,,,,,,,,,,,"Brad Knox","sa201593",454456
"Mitchell Boggs",,6,11,,5.4,29,26,,,,145,,170,96,87,17,72,,,86,5.337931034482758,4.468965517241379,1.1944444444444444,1.0551724137931036,,,,,1.6689655172413793,,0.6691109074243813,,,,-0.10479973367182538,,,,,,,,,377.9,2.6062068965517238,460,3.1724137931034484,,,,,,,,,,,,,,,,,,,"Mitchell Boggs","3344",459939
"Steve Hammond",,7,15,,6.378455323263279,29,27,,,,145.33299255371094,,180,113,103,28,67,,,71,4.396799300501872,4.149092297656696,1.0597014925373134,1.733949019916231,,,,,1.6995452695210678,,0.6448508180943214,,,,-0.10504040629902267,,,,,,,,,204.0641448974609,1.404114381130937,303.6649627685547,2.0894427165691836,,,,,,,,,,,,,,,,,,,"Steve Hammond","sa290199",462135
"Hector Ambriz",,7,13,,5.759187816150339,28,27,,,,145.33299255371094,,175,102,93,22,62,,,81,5.016066807614812,3.8394585441002262,1.3064516129032258,1.3623885156484674,,,,,1.6307377687307412,,0.6547041707080504,,,,-0.10504040629902267,,,,,,,,,325.86414489746096,2.242189740757116,416.6649627685547,2.8669674754998744,,,,,,,,,,,,,,,,,,,"Hector Ambriz","559",459932
"David Price",,9,10,,4.633856436220733,29,27,,,,145.66700744628906,,143,82,75,20,66,,,113,6.981677030572571,4.077793663874245,1.7121212121212122,1.2356950496588621,,,,,1.4347792521039011,,0.7016574585635359,,,,-0.10528181782857171,,,,,,,,,488.1358551025391,3.3510392206177952,496.3350372314453,3.407326380439689,,,,,,,,,,,,,,,,,,,"David Price","3184",456034
"Matt Kinney",,6,13,,5.5479452054794525,27,26,,,,146,,167,99,90,28,48,,,97,5.97945205479452,2.958904109589041,2.0208333333333335,1.726027397260274,,,,,1.4726027397260273,,0.6598407281001137,,,,-0.105522490455769,,,,,,,,,351.8,2.4095890410958907,416,2.8493150684931505,,,,,,,,,,,,,,,,,,,"Matt Kinney","737",150219
"Travis Wood",,8,12,,4.623287671232877,28,28,,,,146,,147,82,75,16,76,,,99,6.102739726027397,4.684931506849315,1.3026315789473684,0.9863013698630136,,,,,1.5273972602739727,,0.7028913260219343,,,,-0.105522490455769,,,,,,,,,471.40000000000015,3.2287671232876725,492,3.3698630136986303,,,,,,,,,,,,,,,,,,,"Travis Wood","9884",475243
"James McDonald",,8,9,,4.428256326147053,28,28,,,,146.33299255371094,,140,79,72,21,65,,,121,7.441930770330464,3.9977314055494224,1.8615384615384616,1.2915747617928903,,,,,1.4009144241668916,,0.7175398633257404,,,,-0.1057631630829663,,,,,,,,,507.5641448974611,3.468555764764817,505.6649627685547,3.4555772689672315,,,,,,,,,,,,,,,,,,,"James McDonald","5523",457428
"David Hernandez",,6,12,,6.1977128723573705,31,30,,,,146.66700744628906,,170,111,101,29,78,,,112,6.872711304000252,4.78635251528589,1.435897435897436,1.7795413197857797,,,,,1.6909051620953002,,0.6605593056894888,,,,-0.10600457461251533,,,,,,,,,276.63585510253915,1.8861491750545603,346.3350372314453,2.361369767214189,,,,,,,,,,,,,,,,,,,"David Hernandez","4259",456696
"Yorman Bazardo",,5,13,,6.136349378571654,32,24,,,,146.66700744628906,,188,110,100,23,57,,,79,4.847716009071607,3.4977191457858425,1.3859649122807018,1.4113603570714803,,,,,1.670450664166728,,0.6343984962406015,,,,-0.10600457461251533,,,,,,,,,300.6358551025391,2.0497851584831372,421.3350372314453,2.8727322154284933,,,,,,,,,,,,,,,,,,,"Yorman Bazardo","3143",434590
"Derek Holland",,10,9,,5.1545334780001895,33,25,,,,146.66700744628906,,157,92,84,22,61,,,103,6.320439859928803,3.743173120928709,1.6885245901639345,1.3499968632857637,,,,,1.4863601828095783,,0.6730769230769231,,,,-0.10600457461251533,,,,,,,,,429.5358551025392,2.9286467528141227,470.3350372314453,3.2068223482618388,,,,,,,,,,,,,,,,,,,"Derek Holland","4141",502706
"Josh Johnson",,9,5,,3.5510204081632653,24,24,,,,147,,143,63,58,11,42,,,130,7.959183673469388,2.5714285714285716,3.0952380952380953,0.673469387755102,,,,,1.2585034013605443,,0.7193396226415094,,,,-0.10624524723971263,,,,,,,,,714.7,4.861904761904762,726,4.938775510204081,,,,,,,,,,,,,,,,,,,"Josh Johnson","4567",435178
"Mitch Atkins",,7,14,,5.755102040816326,29,27,,,,147,,163,103,94,30,60,,,95,5.816326530612245,3.673469387755102,1.5833333333333333,1.836734693877551,,,,,1.5170068027210883,,0.6629834254143646,,,,-0.10624524723971263,,,,,,,,,304.99999999999994,2.0748299319727885,355,2.4149659863945576,,,,,,,,,,,,,,,,,,,"Mitch Atkins","8369",444444
"Doug Fister",,7,11,,5.375578044484997,32,25,,,,147.33299255371094,,173,97,88,24,41,,,79,4.825803017208122,2.5045306798168734,1.9268292682926829,1.466066739404999,,,,,1.4524920473734713,,0.6485587583148559,,,,-0.10648591986690992,,,,,,,,,380.2641448974609,2.5809843288076415,459.6649627685547,3.119905153633404,,,,,,,,,,,,,,,,,,,"Doug Fister","9425",450729
"Joba Chamberlain",,8,5,,4.214941875789372,38,26,,,,147.33299255371094,,143,75,69,17,63,,,136,8.307711523294994,3.8484251909381224,2.1587301587301586,1.0384639404118743,,,,,1.3981932792473601,,0.7189901207464325,,,,-0.10648591986690992,,,,,,,,,592.3641448974608,4.020580418751162,598.6649627685547,4.063346249824584,,,,,,,,,,,,,,,,,,,"Joba Chamberlain","2692",501955
"Kevin Slowey",,10,9,,4.398200218214997,26,25,,,,147.33299255371094,,160,79,72,22,27,,,108,6.597300327322496,1.649325081830624,4,1.3438945111212492,,,,,1.2692337049478464,,0.6914212548015365,,,,-0.10648591986690992,,,,,,,,,538.6641448974609,3.6560999377046413,585.6649627685547,3.9751107516196535,,,,,,,,,,,,,,,,,,,"Kevin Slowey","9918",458713
"David Purcey",,7,10,,5.29054054054054,27,27,,,,148,,160,95,87,17,82,,,113,6.871621621621622,4.986486486486487,1.3780487804878048,1.0337837837837838,,,,,1.635135135135135,,0.6736938588450962,,,,-0.10696800402365625,,,,,,,,,450.1,3.0412162162162164,499,3.3716216216216215,,,,,,,,,,,,,,,,,,,"David Purcey","8360",453515
"Brad Bergesen",,8,10,,4.986486486486487,26,25,,,,148,,170,90,82,19,44,,,72,4.378378378378378,2.675675675675676,1.6363636363636365,1.1554054054054055,,,,,1.445945945945946,,0.6616862326574172,,,,-0.10696800402365625,,,,,,,,,431.5,2.9155405405405403,505,3.4121621621621623,,,,,,,,,,,,,,,,,,,"Brad Bergesen","8375",448269
"Todd Redmond",,6,11,,5.764058186113969,28,27,,,,148.33299255371094,,177,104,95,27,51,,,90,5.460686702634287,3.0943891314927625,1.7647058823529411,1.638206010790286,,,,,1.5370821829637251,,0.6519453207150369,,,,-0.10720867665085354,,,,,,,,,332.364144897461,2.240662304288865,417.6649627685547,2.8157253189462854,,,,,,,,,,,,,,,,,,,"Todd Redmond","9943",445170
"Daniel Hudson",,11,10,,4.307875065411493,32,28,,,,148.33299255371094,,150,78,71,14,57,,,115,6.9775441200327,3.4584349116683817,2.017543859649123,0.8494401537431113,,,,,1.3955088240065399,,0.6883671291355389,,,,-0.10720867665085354,,,,,,,,,594.464144897461,4.007632655844972,618.6649627685547,4.170784611822201,,,,,,,,,,,,,,,,,,,"Daniel Hudson","7146",543339
"Evan MacLane",,6,11,,5.38788002636959,29,24,,,,148.66700744628906,,183,97,89,24,36,,,66,3.9955065364089095,2.179367201677587,1.8333333333333333,1.452911467785058,,,,,1.4730907937265172,,0.6580366774541532,,,,-0.10745008818040258,,,,,,,,,353.1358551025391,2.3753478405766746,455.3350372314453,3.0627847096199226,,,,,,,,,,,,,,,,,,,"Evan MacLane","5576",449774
"Garrett Olson",,7,11,,5.134228187919463,36,27,,,,149,,150,93,85,23,73,,,98,5.919463087248322,4.409395973154362,1.3424657534246576,1.389261744966443,,,,,1.4966442953020134,,0.6813417190775681,,,,-0.10769076080759987,,,,,,,,,406.70000000000005,2.729530201342282,423,2.838926174496644,,,,,,,,,,,,,,,,,,,"Garrett Olson","9889",457796
"Jason Hammel",,7,8,,4.530201342281879,37,22,,,,149,,162,82,75,16,44,,,100,6.040268456375839,2.6577181208053693,2.272727272727273,0.9664429530201343,,,,,1.3825503355704698,,0.6753812636165577,,,,-0.10769076080759987,,,,,,,,,552.6000000000001,3.708724832214766,605,4.060402684563758,,,,,,,,,,,,,,,,,,,"Jason Hammel","4538",434628
"Brian Duensing",,8,10,,5.183047542033377,32,24,,,,149.33299255371094,,176,94,86,20,49,,,75,4.520099600610503,2.9531317390655287,1.530612244897959,1.205359893496134,,,,,1.5066998668701677,,0.6649746192893401,,,,-0.10793143343479716,,,,,,,,,404.46414489746087,2.7084714367589355,489.6649627685547,3.2790139298416308,,,,,,,,,,,,,,,,,,,"Brian Duensing","4064",488846
"Josh Banks",,6,12,,5.544655510082217,32,23,,,,149.33299255371094,,179,101,92,24,44,,,89,5.363851526057797,2.651791765691495,2.022727272727273,1.4464318721953608,,,,,1.493306979164655,,0.6441393875395988,,,,-0.10793143343479716,,,,,,,,,390.4641448974608,2.614721222820347,480.6649627685547,3.218745935166824,,,,,,,,,,,,,,,,,,,"Josh Banks","5570",457468
"Tim Redding",,7,9,,5.52,32,25,,,,150,,172,101,92,25,58,,,100,6,3.48,1.7241379310344827,1.5,,,,,1.5333333333333334,,0.6615384615384615,,,,-0.1084135175915435,,,,,,,,,381.3,2.5420000000000003,451,3.006666666666667,,,,,,,,,,,,,,,,,,,"Tim Redding","573",400062
"Esmil Rogers",,7,11,,5.208437527246389,28,27,,,,150.33299255371094,,170,95,87,18,61,,,85,5.0887033312177365,3.6518929788739047,1.3934426229508197,1.0776077642578736,,,,,1.5365888490343753,,0.6608357628765792,,,,-0.10865419021874079,,,,,,,,,436.064144897461,2.90065498923441,504.6649627685547,3.3569807544957113,,,,,,,,,,,,,,,,,,,"Esmil Rogers","6317",469134
"Collin Balester",,9,14,,5.328171723275042,29,29,,,,150.33299255371094,,173,97,89,22,57,,,91,5.447905919303694,3.4124245868166,1.5964912280701755,1.3170761563151787,,,,,1.5299369492550057,,0.6676706827309238,,,,-0.10865419021874079,,,,,,,,,403.06414489746095,2.6811422965152127,476.6649627685547,3.1707275606733627,,,,,,,,,,,,,,,,,,,"Collin Balester","6883",444446
"Vicente Padilla",,8,10,,4.838484631480316,27,27,,,,150.66700744628906,,161,89,81,20,57,,,104,6.212375329308061,3.4048595554861483,1.8245614035087718,1.1946875633284733,,,,,1.4468993822533731,,0.6789473684210526,,,,-0.10889560174828983,,,,,,,,,487.3358551025391,3.2345226958613904,530.3350372314453,3.519914852098614,,,,,,,,,,,,,,,,,,,"Vicente Padilla","964",218894
"Drew Naylor",,7,12,,5.913703438475942,27,26,,,,150.66700744628906,,178,108,99,28,61,,,90,5.376094034978129,3.643797068151843,1.4754098360655739,1.6725625886598625,,,,,1.5862795979750282,,0.6556556556556556,,,,-0.10889560174828983,,,,,,,,,304.735855102539,2.02257853439595,386.3350372314453,2.5641648014358354,,,,,,,,,,,,,,,,,,,"Drew Naylor","sa293986",463752
"Rick Porcello",,11,11,,4.887417218543046,29,29,,,,151,,167,90,82,21,55,,,73,4.3509933774834435,3.2781456953642385,1.3272727272727274,1.2516556291390728,,,,,1.4701986754966887,,0.6853582554517134,,,,-0.10913627437548712,,,,,,,,,405.90000000000015,2.6880794701986765,463,3.066225165562914,,,,,,,,,,,,,,,,,,,"Rick Porcello","2717",519144
"Brad Penny",,8,9,,4.628561028664091,26,26,,,,151.66700744628906,,165,85,78,16,50,,,95,5.637349970808828,2.967026300425699,1.9,0.9494484161362238,,,,,1.4175792324256118,,0.6749740394600208,,,,-0.10961835853223345,,,,,,,,,536.5358551025392,3.5375910960236134,590.3350372314453,3.892310181174406,,,,,,,,,,,,,,,,,,,"Brad Penny","535",207267
"Drew Carpenter",,7,13,,5.8747120748428845,28,25,,,,151.66700744628906,,182,108,99,28,61,,,90,5.3406473407662585,3.619772086519353,1.4754098360655739,1.6615347282383914,,,,,1.6021942022298776,,0.662414131501472,,,,-0.10961835853223345,,,,,,,,,301.7358551025391,1.9894627063792698,391.3350372314453,2.5802252172083744,,,,,,,,,,,,,,,,,,,"Drew Carpenter","9533",502165
"David Pauley",,6,13,,5.423568679639607,29,27,,,,152.66700744628906,,179,101,92,23,54,,,77,4.539291177524453,3.1833990076145517,1.4259259259259258,1.3558921699099018,,,,,1.526197466613561,,0.6573705179282868,,,,-0.11034111531617707,,,,,,,,,373.43585510253894,2.446080927039329,456.3350372314453,2.9890874581529476,,,,,,,,,,,,,,,,,,,"David Pauley","3625",456102
"Jose Contreras",,11,9,,4.48033934405011,27,26,,,,152.66700744628906,,160,83,76,15,55,,,105,6.189942514806073,3.2423508410888955,1.9090909090909092,0.8842775021151533,,,,,1.4082937996648737,,0.6804123711340206,,,,-0.11034111531617707,,,,,,,,,574.2358551025391,3.7613618338891284,613.3350372314453,4.017469442094274,,,,,,,,,,,,,,,,,,,"Jose Contreras","1660",425747
"Polin Trinidad",,6,14,,5.882352941176471,27,26,,,,153,,184,110,100,30,47,,,91,5.352941176470588,2.764705882352941,1.9361702127659575,1.7647058823529411,,,,,1.5098039215686274,,0.6402116402116402,,,,-0.11058178794337437,,,,,,,,,325.8,2.1294117647058823,416,2.718954248366013,,,,,,,,,,,,,,,,,,,"Polin Trinidad","sa294382",444524
"Kyle Lohse",,8,10,,4.647058823529412,28,27,,,,153,,168,86,79,18,46,,,93,5.470588235294118,2.7058823529411766,2.0217391304347827,1.0588235294117647,,,,,1.3986928104575163,,0.6779661016949152,,,,-0.11058178794337437,,,,,,,,,522,3.411764705882353,579,3.784313725490196,,,,,,,,,,,,,,,,,,,"Kyle Lohse","739",346798
"Andrew Baldwin",,6,11,,5.400012001395983,31,23,,,,153.33299255371094,,182,101,92,24,43,,,76,4.460879479414073,2.5239186528263833,1.7674418604651163,1.4086987829728652,,,,,1.4673945655967346,,0.6478578892371996,,,,-0.11082246057057166,,,,,,,,,389.264144897461,2.5386848480186406,477.6649627685547,3.1152132024113053,,,,,,,,,,,,,,,,,,,"Andrew Baldwin","sa253988",456703
"Tim Wakefield",,11,10,,4.75435839253342,26,26,,,,153.33299255371094,,161,89,81,19,52,,,87,5.106533088276636,3.052180696441208,1.6730769230769231,1.1152198698535183,,,,,1.3891335220982421,,0.6652360515021459,,,,-0.11082246057057166,,,,,,,,,500.36414489746096,3.2632516757421834,537.6649627685547,3.506518419903768,,,,,,,,,,,,,,,,,,,"Tim Wakefield","219",123801
"Shairon Martis",,6,10,,5.341316218772114,29,28,,,,153.33299255371094,,174,100,91,21,65,,,82,4.81305417515729,3.81522587055151,1.2615384615384615,1.2326114351012571,,,,,1.558699116344976,,0.6631679389312978,,,,-0.11082246057057166,,,,,,,,,392.96414489746104,2.562815336430676,462.6649627685547,3.0173868980381897,,,,,,,,,,,,,,,,,,,"Shairon Martis","6781",463017
"Dave Bush",,8,9,,4.636966827285681,28,27,,,,153.33299255371094,,161,86,79,22,46,,,107,6.280448740754024,2.7000060006979916,2.3260869565217392,1.2913072177251264,,,,,1.3500030003489958,,0.6867196367763905,,,,-0.11082246057057166,,,,,,,,,521.464144897461,3.400860677227033,556.6649627685547,3.630431738776381,,,,,,,,,,,,,,,,,,,"Dave Bush","4635",433657
"Tony Barnette",,7,13,,5.986969827634677,28,28,,,,153.33299255371094,,186,112,102,29,59,,,90,5.282620436148244,3.4630511748082937,1.5254237288135593,1.7021776960922121,,,,,1.597829638094222,,0.6506849315068493,,,,-0.11082246057057166,,,,,,,,,297.36414489746096,1.9393356898926852,392.6649627685547,2.5608641442969833,,,,,,,,,,,,,,,,,,,"Tony Barnette","3555",501817
"Brian Matusz",,10,11,,4.6854559867163434,28,28,,,,153.66700744628906,,163,88,80,15,61,,,118,6.911047580406606,3.5726601898712116,1.9344262295081966,0.8785229975093144,,,,,1.457697418089529,,0.6699507389162561,,,,-0.1110638721001207,,,,,,,,,581.8358551025392,3.7863420702450212,626.3350372314453,4.075923958175387,,,,,,,,,,,,,,,,,,,"Brian Matusz","2646",451085
"Yovani Gallardo",,13,7,,3.5140919900372576,26,25,,,,153.66700744628906,,133,66,60,15,69,,,163,9.54661657293455,4.041205788542846,2.36231884057971,0.8785229975093144,,,,,1.3145307073843073,,0.7513812154696132,,,,-0.1110638721001207,,,,,,,,,725.8358551025392,4.72343326758829,692.3350372314453,4.5054240902910525,,,,,,,,,,,,,,,,,,,"Yovani Gallardo","8173",451596
"J.A. Happ",,8,7,,4.441558441558442,32,25,,,,154,,150,83,76,23,64,,,122,7.12987012987013,3.74025974025974,1.90625,1.344155844155844,,,,,1.3896103896103895,,0.7205720572057205,,,,-0.11130454472731799,,,,,,,,,518.7,3.3681818181818186,523,3.396103896103896,,,,,,,,,,,,,,,,,,,"J.A. Happ","7410",457918
"Chad Gaudin",,10,9,,5.0151298642811755,40,24,,,,154.33299255371094,,167,94,86,18,69,,,126,7.3477484058073035,4.023766984132571,1.826086956521739,1.0496783436867576,,,,,1.5291610438893506,,0.6736242884250474,,,,-0.11154521735451528,,,,,,,,,531.464144897461,3.4436197737337397,582.6649627685547,3.775375265698783,,,,,,,,,,,,,,,,,,,"Chad Gaudin","1783",429985
"Alan Johnson",,6,13,,6.109900331059088,27,26,,,,154.66700744628906,,196,115,105,25,60,,,62,3.6077506716729855,3.4913716177480505,1.0333333333333334,1.4547381740616876,,,,,1.655168766932409,,0.6380090497737556,,,,-0.11178662888406432,,,,,,,,,271.435855102539,1.7549693343410684,392.3350372314453,2.5366433585888757,,,,,,,,,,,,,,,,,,,"Alan Johnson","917",489567
"Brian Bannister",,7,14,,5.492493329358869,27,27,,,,155.66700744628906,,175,104,95,23,50,,,85,4.914336136794777,2.8907859628204573,1.7,1.3297615428974103,,,,,1.4453929814102286,,0.6275933609958506,,,,-0.11250938566800794,,,,,,,,,434.035855102539,2.7882327939804306,499.3350372314453,3.2077127030513166,,,,,,,,,,,,,,,,,,,"Brian Bannister","5718",446454
"Ross Ohlendorf",,7,12,,5.029967575307595,26,26,,,,155.66700744628906,,172,95,87,23,50,,,105,6.07065052192296,2.8907859628204573,2.1,1.3297615428974103,,,,,1.4261210749914255,,0.6691253951527923,,,,-0.11250938566800794,,,,,,,,,481.835855102539,3.0952985029200257,539.3350372314453,3.4646714553020237,,,,,,,,,,,,,,,,,,,"Ross Ohlendorf","8268",456027
"Jake Peavy",,12,8,,3.9892846286922308,26,26,,,,155.66700744628906,,143,75,69,18,59,,,154,8.903620765487007,3.4111274361281394,2.610169491525424,1.0406829466153646,,,,,1.297641698866072,,0.7183257918552036,,,,-0.11250938566800794,,,,,,,,,689.7358551025391,4.430841617743077,675.3350372314453,4.3383312129544285,,,,,,,,,,,,,,,,,,,"Jake Peavy","1051",408241
"Jonathan Sánchez",,10,11,,4.153846153846154,30,28,,,,156,,141,79,72,17,77,,,169,9.75,4.4423076923076925,2.1948051948051948,0.9807692307692307,,,,,1.3974358974358974,,0.7157569515962925,,,,-0.11275005829520524,,,,,,,,,685.7000000000002,4.395512820512821,666,4.269230769230769,,,,,,,,,,,,,,,,,,,"Jonathan Sanchez","7507",456043
"Wade LeBlanc",,8,12,,4.730769230769231,32,29,,,,156,,158,90,82,24,57,,,113,6.519230769230769,3.2884615384615383,1.9824561403508771,1.3846153846153846,,,,,1.3782051282051282,,0.6890848952590959,,,,-0.11275005829520524,,,,,,,,,503.40000000000003,3.226923076923077,523,3.3525641025641026,,,,,,,,,,,,,,,,,,,"Wade LeBlanc","5221",453281
"Kevin Mulvey",,7,10,,5.238817389864895,30,28,,,,156.33299255371094,,177,100,91,19,68,,,98,5.641803342931426,3.9147206869320095,1.4411764705882353,1.0938190154662968,,,,,1.5671675952587292,,0.6639194139194139,,,,-0.11299073092240253,,,,,,,,,454.96414489746104,2.910224754644482,526.6649627685547,3.368866380444996,,,,,,,,,,,,,,,,,,,"Kevin Mulvey","6947",453381
"Tom Gorzelanny",,10,10,,4.31770663999854,35,27,,,,156.33299255371094,,153,82,75,17,65,,,126,7.253747155197547,3.742012421332068,1.9384615384615385,0.9786801717330024,,,,,1.3944593296587877,,0.7003089598352215,,,,-0.11299073092240253,,,,,,,,,606.964144897461,3.8825083239478566,617.6649627685547,3.9509572015410956,,,,,,,,,,,,,,,,,,,"Tom Gorzelanny","6244",452733
"Aaron Laffey",,9,11,,4.778262014931717,30,27,,,,156.33299255371094,,177,91,83,14,62,,,79,4.547984327465128,3.569304155732126,1.2741935483870968,0.8059719061330608,,,,,1.5287879806809646,,0.6745670009115771,,,,-0.11299073092240253,,,,,,,,,496.46414489746104,3.175683755474022,571.6649627685547,3.656713489778232,,,,,,,,,,,,,,,,,,,"Aaron Laffey","6248",444836
"Daniel McCutchen",,8,13,,4.987261146496815,28,27,,,,157,,173,95,87,24,43,,,98,5.617834394904459,2.464968152866242,2.2790697674418605,1.375796178343949,,,,,1.375796178343949,,0.6633771929824561,,,,-0.11347281507914886,,,,,,,,,483.7999999999999,3.0815286624203817,540,3.4394904458598727,,,,,,,,,,,,,,,,,,,"Daniel McCutchen","263",445216
"Brandon Hynick",,7,13,,6.235182996758309,28,28,,,,157.33299255371094,,194,119,109,32,52,,,66,3.775431906294022,2.974582714049835,1.2692307692307692,1.8305124394152832,,,,,1.563562708667221,,0.6312127236580517,,,,-0.11371348770634615,,,,,,,,,242.26414489746088,1.5398178154830164,346.6649627685547,2.2033837731155397,,,,,,,,,,,,,,,,,,,"Brandon Hynick","sa326872",502001
"Barry Enright",,8,13,,5.548740831977577,29,29,,,,157.33299255371094,,192,106,97,24,51,,,86,4.919502180928574,2.917379200318108,1.6862745098039216,1.3728843295614623,,,,,1.5444948707566453,,0.6542502387774594,,,,-0.11371348770634615,,,,,,,,,388.86414489746085,2.471599494713157,493.6649627685547,3.137707830733757,,,,,,,,,,,,,,,,,,,"Barry Enright","2412",446264
"Francisco Liriano",,10,10,,4.680750982423558,31,26,,,,157.66700744628906,,156,90,82,19,62,,,143,8.162773054714254,3.5391044013446415,2.306451612903226,1.0845642520249708,,,,,1.382660859306688,,0.6687565308254964,,,,-0.11395489923589519,,,,,,,,,627.435855102539,3.9794999934674453,641.3350372314453,4.067655292118885,,,,,,,,,,,,,,,,,,,"Francisco Liriano","3201",434538
"Wes Roemer",,7,14,,5.8223975635024745,29,29,,,,157.66700744628906,,193,112,102,25,65,,,84,4.79491564053145,3.710351388506479,1.2923076923076924,1.4270582263486458,,,,,1.6363600995464471,,0.6547085201793722,,,,-0.11395489923589519,,,,,,,,,330.43585510253905,2.0957831346872333,436.3350372314453,2.7674466858901186,,,,,,,,,,,,,,,,,,,"Wes Roemer","sa389931",519218
"Luke French",,7,12,,5.286327167195216,29,26,,,,158.33299255371094,,181,102,93,22,67,,,86,4.888431573965469,3.8084292494847256,1.2835820895522387,1.250529007293492,,,,,1.5663191606504345,,0.6721915285451198,,,,-0.11443624449028977,,,,,,,,,401.464144897461,2.535568477689659,476.6649627685547,3.0105220338512626,,,,,,,,,,,,,,,,,,,"Luke French","7529",448287
"Armando Galarraga",,9,11,,5.275198754116138,30,28,,,,158.66700744628906,,166,102,93,27,74,,,104,5.899146993850304,4.197469976393486,1.4054054054054055,1.5315093157111368,,,,,1.5126017932949498,,0.6824925816023739,,,,-0.11467765601983881,,,,,,,,,396.4358551025391,2.4985399389771565,428.3350372314453,2.6995847726972637,,,,,,,,,,,,,,,,,,,"Armando Galarraga","4222",451482
"Trevor Cahill",,9,13,,4.873433646679183,30,29,,,,160.66700744628906,,167,94,87,21,71,,,94,5.2655489975614165,3.9771699875197934,1.323943661971831,1.1763460526466993,,,,,1.4813246588884363,,0.6903163950143816,,,,-0.11612316958772606,,,,,,,,,471.43585510253916,2.9342418371745675,505.3350372314453,3.145232149795151,,,,,,,,,,,,,,,,,,,"Trevor Cahill","6249",502239
"Carlos Carrasco",,8,15,,5.969020872648837,30,29,,,,161.33299255371094,,194,117,107,27,72,,,107,5.969020872648837,4.016537409632862,1.4861111111111112,1.5062015286123234,,,,,1.6487638132134899,,0.6529360210341806,,,,-0.11660451484212064,,,,,,,,,355.364144897461,2.202674972257477,453.6649627685547,2.8119788493820983,,,,,,,,,,,,,,,,,,,"Carlos Carrasco","6632",471911
"Clay Buchholz",,11,8,,4.462819344036514,31,30,,,,161.33299255371094,,165,88,80,16,60,,,123,6.86158474145614,3.3471145080273854,2.05,0.8925638688073028,,,,,1.3946310450114106,,0.6762092793682133,,,,-0.11660451484212064,,,,,,,,,634.0641448974611,3.930157960011612,664.6649627685547,4.119832851592799,,,,,,,,,,,,,,,,,,,"Clay Buchholz","3543",453329
"Randy Wells",,11,10,,4.260236976627367,28,28,,,,162.66700744628906,,170,84,77,20,51,,,106,5.864741811980532,2.821715400103841,2.0784313725490198,1.1065550588642512,,,,,1.3586037111611085,,0.7098445595854922,,,,-0.11756868315561331,,,,,,,,,574.7358551025391,3.533204822079922,612.3350372314453,3.764346850934919,,,,,,,,,,,,,,,,,,,"Randy Wells","4535",448694
"Jeff Niemann",,9,10,,4.647531247229855,30,29,,,,162.66700744628906,,169,92,84,21,62,,,110,6.086052823753382,3.430320682479179,1.7741935483870968,1.1618828118074638,,,,,1.4200789922091226,,0.689484126984127,,,,-0.11756868315561331,,,,,,,,,540.035855102539,3.319885596843313,574.3350372314453,3.530740782952466,,,,,,,,,,,,,,,,,,,"Jeff Niemann","8591",435298
"Josh Geer",,6,12,,5.576687116564417,29,28,,,,163,,194,111,101,29,46,,,77,4.251533742331288,2.539877300613497,1.673913043478261,1.6012269938650308,,,,,1.4723926380368098,,0.6469408224674021,,,,-0.1178093557828106,,,,,,,,,361.09999999999997,2.2153374233128833,454,2.785276073619632,,,,,,,,,,,,,,,,,,,"Josh Geer","4781",446207
"Chris Tillman",,9,12,,4.939024390243903,32,32,,,,164,,180,99,90,24,56,,,116,6.365853658536586,3.073170731707317,2.0714285714285716,1.3170731707317074,,,,,1.4390243902439024,,0.6768774703557312,,,,-0.11853211256675422,,,,,,,,,514.4000000000001,3.136585365853659,572,3.4878048780487805,,,,,,,,,,,,,,,,,,,"Chris Tillman","5279",501957
"Charlie Morton",,11,11,,4.115853658536586,30,30,,,,164,,164,82,75,13,64,,,116,6.365853658536586,3.5121951219512195,1.8125,0.7134146341463414,,,,,1.3902439024390243,,0.6959008579599618,,,,-0.11853211256675422,,,,,,,,,667.3,4.06890243902439,691,4.213414634146342,,,,,,,,,,,,,,,,,,,"Charlie Morton","4676",450203
"Matt Torra",,8,15,,5.926829268292683,29,29,,,,164,,210,118,108,29,46,,,83,4.554878048780488,2.524390243902439,1.8043478260869565,1.5914634146341464,,,,,1.5609756097560976,,0.6406685236768802,,,,-0.11853211256675422,,,,,,,,,338.9000000000001,2.0664634146341467,471,2.8719512195121952,,,,,,,,,,,,,,,,,,,"Matt Torra","sa291167",457730
"Clayton Richard",,9,10,,4.335365853658536,36,28,,,,164,,170,86,79,16,58,,,98,5.378048780487805,3.182926829268293,1.6896551724137931,0.8780487804878049,,,,,1.3902439024390243,,0.6906614785992218,,,,-0.11853211256675422,,,,,,,,,596.8000000000002,3.6390243902439035,634,3.8658536585365852,,,,,,,,,,,,,,,,,,,"Clayton Richard","3551",453385
"Ryan Rowland-Smith",,9,8,,4.052746740934102,27,25,,,,164.33299255371094,,157,81,74,19,58,,,102,5.586218480747005,3.1764771753267285,1.7586206896551724,1.0405701091587558,,,,,1.3083191430943422,,0.7112526539278131,,,,-0.11877278519395151,,,,,,,,,604.1641448974608,3.676462866700334,604.6649627685547,3.6795104462722223,,,,,,,,,,,,,,,,,,,"Ryan Rowland-Smith","3245",434884
"Brandon Webb",,12,7,,3.4979684694147317,26,26,,,,164.66700744628906,,159,70,64,12,50,,,128,6.995936938829463,2.732787866730259,2.56,0.6558690880152622,,,,,1.2692281425480538,,0.7232049947970864,,,,-0.11901419672350055,,,,,,,,,763.5358551025388,4.636847823639403,773.3350372314453,4.696356903696638,,,,,,,,,,,,,,,,,,,"Brandon Webb","1692",425630
"Jorge De La Rosa",,10,13,,4.681461262177024,32,29,,,,165.33299255371094,,166,94,86,19,69,,,143,7.784290238271097,3.7560561289559837,2.072463768115942,1.0342763253646912,,,,,1.4213738974310084,,0.6765834932821497,,,,-0.11949554197789514,,,,,,,,,637.1641448974609,3.8538233358987224,658.6649627685547,3.9838688733259175,,,,,,,,,,,,,,,,,,,"Jorge De La Rosa","2047",407822
"Kyle Davies",,8,15,,5.2485077470009305,32,32,,,,166.33299255371094,,179,106,97,22,79,,,111,6.006024329042302,4.274557855804882,1.4050632911392404,1.1903832003507266,,,,,1.5511053822751892,,0.6690140845070423,,,,-0.12021829876183876,,,,,,,,,479.864144897461,2.8849606895788105,530.6649627685547,3.1903770540122793,,,,,,,,,,,,,,,,,,,"Kyle Davies","3642",434678
"Aaron Cook",,9,9,,4.319991167010248,27,27,,,,166.66700744628906,,187,88,80,17,43,,,74,3.9959918294844794,2.3219952522680085,1.7209302325581395,0.9179981229896778,,,,,1.3799971783504958,,0.6886517943743938,,,,-0.1204597102913878,,,,,,,,,557.035855102539,3.342208296876346,631.3350372314453,3.788002478144347,,,,,,,,,,,,,,,,,,,"Aaron Cook","1571",346871
"Kenshin Kawakami",,11,9,,3.9419919398968513,28,23,,,,166.66700744628906,,164,80,73,19,50,,,127,6.857985977628769,2.699994479381405,2.54,1.025997902164934,,,,,1.283997374639157,,0.7150480256136605,,,,-0.1204597102913878,,,,,,,,,677.2358551025391,4.063406822257779,690.3350372314453,4.142001754329909,,,,,,,,,,,,,,,,,,,"Kenshin Kawakami","9225",499877
"Jarrod Washburn",,10,9,,4.5899906149483884,28,27,,,,166.66700744628906,,171,93,85,24,56,,,90,4.85999006288653,3.023993816907174,1.6071428571428572,1.2959973501030744,,,,,1.3619972151546198,,0.6928645294725957,,,,-0.1204597102913878,,,,,,,,,505.53585510253913,3.0332089286804744,533.3350372314453,3.200003680412397,,,,,,,,,,,,,,,,,,,"Jarrod Washburn","40",132220
"Charlie Haeger",,10,12,,4.723648450955454,31,25,,,,167.66700744628906,,168,96,88,21,82,,,104,5.582493623856446,4.401581511117583,1.2682926829268293,1.1272342894325518,,,,,1.491050647397555,,0.6980961015412511,,,,-0.12118246707533142,,,,,,,,,507.6358551025391,3.0276430815714095,527.3350372314453,3.1451329946374416,,,,,,,,,,,,,,,,,,,"Charlie Haeger","3545",446624
"Joel Pineiro",,12,11,,4.446428571428571,29,29,,,,168,,191,91,83,17,36,,,80,4.285714285714286,1.9285714285714286,2.2222222222222223,0.9107142857142857,,,,,1.3511904761904763,,0.6692913385826772,,,,-0.12142313970252872,,,,,,,,,589.4999999999999,3.5089285714285707,671,3.994047619047619,,,,,,,,,,,,,,,,,,,"Joel Pineiro","1094",334492
"Billy Buckner",,9,13,,5.049222759875348,29,29,,,,169.33299255371094,,191,104,95,21,67,,,116,6.165366738374108,3.561030788543666,1.7313432835820894,1.116143978498761,,,,,1.5236251135062453,,0.673665791776028,,,,-0.12238656911366963,,,,,,,,,529.1641448974609,3.1249913966388725,604.6649627685547,3.570863265625925,,,,,,,,,,,,,,,,,,,"Billy Buckner","8253",434438
"Jeff Suppan",,8,12,,5.326161239957718,30,30,,,,170.66700744628906,,206,111,101,24,68,,,86,4.535147194419443,3.5859303397735127,1.2647058823529411,1.26562247286124,,,,,1.605465544277684,,0.6780366056572379,,,,-0.1233507374271623,,,,,,,,,400.13585510253904,2.3445413445153807,509.3350372314453,2.98437902470247,,,,,,,,,,,,,,,,,,,"Jeff Suppan","633",122987
"Jeremy Sowers",,8,12,,5.2105263157894735,31,30,,,,171,,198,108,99,21,60,,,82,4.315789473684211,3.1578947368421053,1.3666666666666667,1.105263157894737,,,,,1.5087719298245614,,0.6561679790026247,,,,-0.12359141005435959,,,,,,,,,476.30000000000007,2.7853801169590646,566,3.309941520467836,,,,,,,,,,,,,,,,,,,"Jeremy Sowers","9083",460265
"Kevin Correia",,11,10,,3.9320310293822365,30,30,,,,171.66700744628906,,170,82,75,16,56,,,124,6.50095796857863,2.9359165019387365,2.2142857142857144,0.8388332862682104,,,,,1.316502240948719,,0.7072691552062869,,,,-0.12407349421110592,,,,,,,,,711.5358551025392,4.144860830786974,730.3350372314453,4.254370412206035,,,,,,,,,,,,,,,,,,,"Kevin Correia","1767",429781
"Luke Hochevar",,7,15,,5.692467736230207,31,30,,,,172.33299255371094,,196,119,109,22,55,,,110,5.744692210874521,2.8723461054372605,2,1.148938442174904,,,,,1.4564825706358633,,0.5994550408719347,,,,-0.1245548394655005,,,,,,,,,550.064144897461,3.1918678875492907,630.6649627685547,3.659571817462612,,,,,,,,,,,,,,,,,,,"Luke Hochevar","6943",460024
"Tommy Hanson",,14,7,,3.1856929533031435,31,31,,,,172.33299255371094,,141,67,61,17,68,,,177,9.243732012043546,3.55126427581334,2.6029411764705883,0.887816068953335,,,,,1.2127683556290654,,0.7667386609071275,,,,-0.1245548394655005,,,,,,,,,849.564144897461,4.929782349323957,790.6649627685547,4.588006922250413,,,,,,,,,,,,,,,,,,,"Tommy Hanson","9129",462102
"Roberto Hernandez",,10,13,,5.055974577375826,30,30,,,,172.66700744628906,,189,106,97,20,74,,,105,5.472962171386204,3.857135244595991,1.4189189189189189,1.0424689850259437,,,,,1.5231630170101287,,0.6680851063829787,,,,-0.12479625099504954,,,,,,,,,528.335855102539,3.059854125675321,591.3350372314453,3.4247135337385743,,,,,,,,,,,,,,,,,,,"Roberto Hernandez","3273",433584
"Chris Volstad",,10,11,,4.691110432616746,31,31,,,,172.66700744628906,,184,99,90,21,67,,,114,5.942073214647879,3.492271099836911,1.7014925373134329,1.0945924342772408,,,,,1.4536650846750658,,0.6859205776173285,,,,-0.12479625099504954,,,,,,,,,568.035855102539,3.2897764518171546,617.3350372314453,3.5752923871312103,,,,,,,,,,,,,,,,,,,"Chris Volstad","9901",458690
"Jamie Moyer",,10,13,,4.942196531791907,30,28,,,,173,,191,104,95,27,54,,,106,5.514450867052023,2.8092485549132946,1.962962962962963,1.4046242774566473,,,,,1.416184971098266,,0.6805019305019305,,,,-0.12503692362224683,,,,,,,,,501.5,2.898843930635838,564,3.260115606936416,,,,,,,,,,,,,,,,,,,"Jamie Moyer","1091",119469
"Kyle Kendrick",,10,12,,4.890173410404624,33,30,,,,173,,200,103,94,21,52,,,74,3.8497109826589595,2.7052023121387285,1.4230769230769231,1.092485549132948,,,,,1.4566473988439306,,0.6693620844564241,,,,-0.12503692362224683,,,,,,,,,493.9000000000001,2.8549132947976883,584,3.3757225433526012,,,,,,,,,,,,,,,,,,,"Kyle Kendrick","6230",452718
"Randy Wolf",,10,8,,4.050007962462601,29,29,,,,173.33299255371094,,167,85,78,21,57,,,136,7.061552344806586,2.9596212033380547,2.3859649122807016,1.0903867591245464,,,,,1.2923102330364995,,0.7142857142857143,,,,-0.12527759624944412,,,,,,,,,691.164144897461,3.9874932908879943,694.6649627685547,4.007690356775545,,,,,,,,,,,,,,,,,,,"Randy Wolf","976",150116
"Matt Maloney",,9,13,,4.54302991303261,29,29,,,,174.33299255371094,,177,97,88,29,49,,,135,6.96942088931139,2.5296416561204302,2.7551020408163267,1.4971348577039283,,,,,1.2963696469007195,,0.6957928802588996,,,,-0.12600035303338775,,,,,,,,,596.1641448974608,3.4196862921043834,617.6649627685547,3.5430181844567135,,,,,,,,,,,,,,,,,,,"Matt Maloney","9920",476011
"Colby Lewis",,11,9,,4.389422471601507,27,27,,,,176.33299255371094,,179,94,86,24,51,,,128,6.533093911220847,2.6030296052520563,2.5098039215686274,1.224955108353909,,,,,1.304350346858329,,0.6924643584521385,,,,-0.127445866601275,,,,,,,,,647.2641448974609,3.6706922256780996,672.6649627685547,3.814742510898301,,,,,,,,,,,,,,,,,,,"Colby Lewis","1259",407890
"Livan Hernandez",,7,14,,5.665417376136829,29,29,,,,176.33299255371094,,224,122,111,23,59,,,81,4.134223490694443,3.0113479747033596,1.3728813559322033,1.1739153121724961,,,,,1.6049180354822048,,0.6419457735247208,,,,-0.127445866601275,,,,,,,,,424.564144897461,2.4077408246113614,567.6649627685547,3.219278222115151,,,,,,,,,,,,,,,,,,,"Livan Hernandez","1116",115817
"Clayton Kershaw",,11,5,,3.056597877587148,34,32,,,,176.66700744628906,,139,66,60,11,84,,,175,8.915077142962515,4.279237028622007,2.0833333333333335,0.5603762775576437,,,,,1.2622617161146925,,0.75626204238921,,,,-0.12768727813082403,,,,,,,,,908.6358551025392,5.143211900381489,838.3350372314453,4.745283510201071,,,,,,,,,,,,,,,,,,,"Clayton Kershaw","2036",477132
"Doug Davis",,10,10,,4.432066922501364,30,30,,,,176.66700744628906,,182,95,87,19,85,,,133,6.775458628651511,4.330180326581793,1.5647058823529412,0.9679226612359302,,,,,1.5113178394736453,,0.7154742096505824,,,,-0.12768727813082403,,,,,,,,,611.4358551025391,3.4609509944205628,647.3350372314453,3.664153520165617,,,,,,,,,,,,,,,,,,,"Doug Davis","1244",150277
"Ervin Santana",,10,9,,4.48301022046115,28,28,,,,176.66700744628906,,182,96,88,25,50,,,153,7.794324587847227,2.54716489798929,3.06,1.273582448994645,,,,,1.3132050140744784,,0.6903553299492385,,,,-0.12768727813082403,,,,,,,,,682.6358551025392,3.8639690849468686,714.3350372314453,4.043398071644022,,,,,,,,,,,,,,,,,,,"Ervin Santana","3200",429722
"Kevin Millwood",,10,12,,4.932203389830509,30,30,,,,177,,200,106,97,24,61,,,109,5.5423728813559325,3.1016949152542375,1.7868852459016393,1.2203389830508475,,,,,1.4745762711864407,,0.6816182937554969,,,,-0.12792795075802132,,,,,,,,,529.5999999999999,2.9920903954802256,608,3.4350282485875705,,,,,,,,,,,,,,,,,,,"Kevin Millwood","106",119154
"Wandy Rodriguez",,12,10,,3.8643196108627014,31,31,,,,179.33299255371094,,176,84,77,20,56,,,162,8.130126973503346,2.810414262445601,2.892857142857143,1.0037193794448576,,,,,1.2936827557289274,,0.7254901960784313,,,,-0.12961413695310586,,,,,,,,,779.4641448974609,4.346462598977755,792.6649627685547,4.42007324743186,,,,,,,,,,,,,,,,,,,"Wandy Rodriguez","2586",434643
"Scott Kazmir",,12,9,,4.257876896116804,31,31,,,,179.66700744628906,,171,93,85,21,73,,,169,8.465661122867528,3.6567648637238435,2.315068493150685,1.051946056687681,,,,,1.358067925035948,,0.7036346691519105,,,,-0.1298555484826549,,,,,,,,,745.635855102539,4.150098928571762,744.3350372314453,4.142858768624852,,,,,,,,,,,,,,,,,,,"Scott Kazmir","4897",431148
"Johnny Cueto",,11,13,,4.084863143700445,31,31,,,,180.66700744628906,,173,90,82,25,60,,,153,7.621756841294732,2.9889242514881302,2.55,1.245385104786721,,,,,1.2896654640680265,,0.7222222222222222,,,,-0.13057830526659853,,,,,,,,,705.6358551025392,3.9057261482139696,704.3350372314453,3.8985260628775222,,,,,,,,,,,,,,,,,,,"Johnny Cueto","6893",456501
"Braden Looper",,10,12,,5.0220994475138125,32,32,,,,181,,205,111,101,29,56,,,99,4.922651933701657,2.7845303867403315,1.7678571428571428,1.441988950276243,,,,,1.441988950276243,,0.6805807622504537,,,,-0.13081897789379582,,,,,,,,,479.70000000000005,2.650276243093923,558,3.0828729281767955,,,,,,,,,,,,,,,,,,,"Braden Looper","526",131702
"Gil Meche",,9,13,,4.6740331491712706,30,30,,,,181,,188,103,94,20,67,,,136,6.762430939226519,3.3314917127071824,2.029850746268657,0.994475138121547,,,,,1.408839779005525,,0.6696035242290749,,,,-0.13081897789379582,,,,,,,,,675.6000000000001,3.7325966850828736,716,3.955801104972376,,,,,,,,,,,,,,,,,,,"Gil Meche","1089",219194
"Tommy Hunter",,11,10,,5.112141960186435,31,30,,,,181.33299255371094,,201,113,103,28,57,,,91,4.516552605601607,2.82904943427793,1.5964912280701755,1.3897084940312638,,,,,1.4227967915081987,,0.6627056672760512,,,,-0.1310596505209931,,,,,,,,,485.86414489746096,2.6794028932906278,553.6649627685547,3.0533051651069996,,,,,,,,,,,,,,,,,,,"Tommy Hunter","1157",488984
"Jeremy Guthrie",,10,12,,4.895604395604396,31,30,,,,182,,195,108,99,29,56,,,108,5.34065934065934,2.769230769230769,1.9285714285714286,1.434065934065934,,,,,1.379120879120879,,0.6796577946768061,,,,-0.13154173467773944,,,,,,,,,531.0999999999999,2.9181318681318675,581,3.1923076923076925,,,,,,,,,,,,,,,,,,,"Jeremy Guthrie","2072",425386
"Wade Davis",,10,11,,4.582108240023088,34,34,,,,182.66700744628906,,181,102,93,20,61,,,137,6.749987407345841,3.005468845606542,2.2459016393442623,0.9853996215103417,,,,,1.324815046697237,,0.6542056074766355,,,,-0.13202381883448577,,,,,,,,,726.135855102539,3.9751888710173904,744.3350372314453,4.074819244248624,,,,,,,,,,,,,,,,,,,"Wade Davis","7441",451584
"Nick Blackburn",,11,11,,4.606162052525418,32,31,,,,183.66700744628906,,217,103,94,24,42,,,86,4.214148260821127,2.058072406447527,2.0476190476190474,1.1760413751128727,,,,,1.4101607229362685,,0.6921029281277729,,,,-0.1327465756184294,,,,,,,,,545.7358551025391,2.971333080940692,652.3350372314453,3.551726825092481,,,,,,,,,,,,,,,,,,,"Nick Blackburn","4270",448147
"Scott Feldman",,13,8,,4.451086956521739,34,30,,,,184,,181,100,91,23,68,,,95,4.646739130434782,3.3260869565217392,1.3970588235294117,1.125,,,,,1.3532608695652173,,0.6872693726937269,,,,-0.1329872482456267,,,,,,,,,594.1,3.2288043478260873,607,3.2989130434782608,,,,,,,,,,,,,,,,,,,"Scott Feldman","6283",444857
"Jason Marquis",,11,12,,4.337537121962477,30,30,,,,184.66700744628906,,195,97,89,16,65,,,87,4.2400643776487135,3.1678641901973146,1.3384615384615384,0.7797819545101082,,,,,1.4079396400876956,,0.6860269360269361,,,,-0.13346933240237302,,,,,,,,,641.7358551025391,3.475097495632455,694.3350372314453,3.7599300862304528,,,,,,,,,,,,,,,,,,,"Jason Marquis","105",150302
"Barry Zito",,11,14,,4.483746238433122,32,32,,,,184.66700744628906,,183,101,92,21,83,,,132,6.433201124708393,4.045118889021187,1.5903614457831325,1.023463815294517,,,,,1.44043055485895,,0.6973795435333897,,,,-0.13346933240237302,,,,,,,,,647.4358551025391,3.505963864665147,665.3350372314453,3.602890664836056,,,,,,,,,,,,,,,,,,,"Barry Zito","944",217096
"Ted Lilly",,13,9,,3.6972972972972973,30,30,,,,185,,171,83,76,25,48,,,155,7.54054054054054,2.3351351351351353,3.2291666666666665,1.2162162162162162,,,,,1.1837837837837837,,0.7391304347826086,,,,-0.1337100050295703,,,,,,,,,782.9,4.231891891891892,766,4.140540540540541,,,,,,,,,,,,,,,,,,,"Ted Lilly","833",150404
"Aaron Harang",,10,11,,3.960651250675694,29,29,,,,186.33299255371094,,190,90,82,27,47,,,158,7.6314987513019465,2.270129375387288,3.3617021276595747,1.3041168752224845,,,,,1.2719164585503244,,0.7379518072289157,,,,-0.13467343444071123,,,,,,,,,727.7641448974609,3.905718117459425,755.6649627685547,4.055454444283304,,,,,,,,,,,,,,,,,,,"Aaron Harang","1451",421685
"Andy Sonnanstine",,10,15,,5.342245989304812,33,32,,,,187,,211,122,111,27,45,,,115,5.53475935828877,2.165775401069519,2.5555555555555554,1.2994652406417113,,,,,1.3689839572192513,,0.614115490375802,,,,-0.13515551859745756,,,,,,,,,598.0999999999998,3.1983957219251327,679,3.6310160427807485,,,,,,,,,,,,,,,,,,,"Andy Sonnanstine","7667",458567
"Brett Anderson",,13,11,,4.131680113838375,32,32,,,,187.33299255371094,,190,94,86,21,50,,,157,7.542718347356105,2.402139601068823,3.14,1.0088986324489058,,,,,1.281141120570039,,0.6932573599240266,,,,-0.13539619122465485,,,,,,,,,797.964144897461,4.259602828202692,827.6649627685547,4.418148407741107,,,,,,,,,,,,,,,,,,,"Brett Anderson","8223",474463
"Derek Lowe",,13,11,,4.054762994095749,32,32,,,,188.66700744628906,,200,93,85,15,55,,,125,5.962886756023161,2.6236701726501903,2.272727272727273,0.7155464107227792,,,,,1.351587664698583,,0.6923076923076923,,,,-0.1363603595381475,,,,,,,,,776.6358551025392,4.116437026349914,833.3350372314453,4.416962183855513,,,,,,,,,,,,,,,,,,,"Derek Lowe","199",117955
"Zach Duke",,9,13,,4.761904761904762,31,30,,,,189,,223,110,100,20,42,,,91,4.333333333333333,2,2.1666666666666665,0.9523809523809523,,,,,1.402116402116402,,0.6540084388185654,,,,-0.1366010321653448,,,,,,,,,628.8000000000001,3.326984126984127,741,3.9206349206349205,,,,,,,,,,,,,,,,,,,"Zach Duke","3840",435043
"Mike Pelfrey",,10,14,,4.857142857142857,33,33,,,,189,,216,112,102,18,69,,,111,5.285714285714286,3.2857142857142856,1.608695652173913,0.8571428571428571,,,,,1.507936507936508,,0.665896843725943,,,,-0.1366010321653448,,,,,,,,,630.6,3.3365079365079366,726,3.8412698412698414,,,,,,,,,,,,,,,,,,,"Mike Pelfrey","5203",460059
"Joe Saunders",,12,11,,4.681269327221683,31,31,,,,190.33299255371094,,205,108,99,26,60,,,109,5.154124814819832,2.837132925588899,1.8166666666666667,1.2294242677551894,,,,,1.392296713483441,,0.6867891513560805,,,,-0.13756446157648572,,,,,,,,,593.664144897461,3.1190816522780844,651.6649627685547,3.4238150413395005,,,,,,,,,,,,,,,,,,,"Joe Saunders","4366",434578
"Andy Pettitte",,11,11,,4.4842577195262985,31,31,,,,190.66700744628906,,200,104,95,21,67,,,130,6.136352668825461,3.1625817600869683,1.9402985074626866,0.9912569695794976,,,,,1.400347147501195,,0.6860269360269361,,,,-0.13780587310603476,,,,,,,,,691.6358551025392,3.6274542951400397,739.3350372314453,3.8776243836507276,,,,,,,,,,,,,,,,,,,"Andy Pettitte","840",120485
"Roy Oswalt",,10,9,,3.984375,31,31,,,,192,,200,93,85,20,47,,,147,6.890625,2.203125,3.127659574468085,0.9375,,,,,1.2864583333333333,,0.7031963470319634,,,,-0.13876930251717567,,,,,,,,,807.8000000000002,4.207291666666667,853,4.442708333333333,,,,,,,,,,,,,,,,,,,"Roy Oswalt","571",400061
"Ryan Dempster",,12,8,,3.696713655622272,30,30,,,,192.33299255371094,,184,86,79,19,64,,,163,7.627396529954814,2.994805999491461,2.546875,0.8890830310990274,,,,,1.289430360892157,,0.7317073170731707,,,,-0.13900997514437297,,,,,,,,,845.1641448974608,4.394275436968726,848.6649627685547,4.412477295238654,,,,,,,,,,,,,,,,,,,"Ryan Dempster","517",133225
"Carlos Zambrano",,13,8,,3.6712499943862986,31,31,,,,193.66700744628906,,178,86,79,17,79,,,157,7.296028469856315,3.6712499943862986,1.9873417721518987,0.7900158215767985,,,,,1.327020040164949,,0.7332761578044598,,,,-0.13997414345786563,,,,,,,,,838.2358551025393,4.328232599633743,824.3350372314453,4.256455697339484,,,,,,,,,,,,,,,,,,,"Carlos Zambrano","305",407296
"Ian Snell",,10,11,,4.414794297046815,34,34,,,,193.66700744628906,,192,104,95,20,89,,,142,6.598955686112081,4.135965183549121,1.595505617977528,0.9294303783256452,,,,,1.4509440906083684,,0.6996047430830039,,,,-0.13997414345786563,,,,,,,,,704.9358551025391,3.639937769462584,725.3350372314453,3.7452689892603788,,,,,,,,,,,,,,,,,,,"Ian Snell","2227",430636
"John Lannan",,11,12,,4.392115598920401,33,33,,,,194.66700744628906,,203,104,95,22,70,,,99,4.577046782032839,3.236295704467664,1.4142857142857144,1.0171215071184085,,,,,1.402394805269321,,0.6977704376548307,,,,-0.14069690024180925,,,,,,,,,630.1358551025393,3.2369935890466763,675.3350372314453,3.4691807620137083,,,,,,,,,,,,,,,,,,,"John Lannan","7080",458709
"John Lackey",,13,9,,4.022253232695525,30,30,,,,194.66700744628906,,197,94,87,21,55,,,151,6.981152162494531,2.5428037677960216,2.7454545454545456,0.9708887113402991,,,,,1.2945182817870655,,0.7097933513027853,,,,-0.14069690024180925,,,,,,,,,807.0358551025392,4.145724874951961,837.3350372314453,4.301371086019679,,,,,,,,,,,,,,,,,,,"John Lackey","1507",407793
"A.J. Burnett",,12,11,,4.461661735382957,31,31,,,,195.66700744628906,,186,106,97,25,86,,,178,8.187379266991405,3.955700095287982,2.0697674418604652,1.1499128183976692,,,,,1.390116829351849,,0.70042194092827,,,,-0.14141965702575288,,,,,,,,,754.8358551025391,3.8577574469714464,751.3350372314453,3.839865734327685,,,,,,,,,,,,,,,,,,,"A.J. Burnett","512",150359
"Scott Baker",,12,11,,4.454081632653061,33,32,,,,196,,199,106,97,25,45,,,153,7.025510204081633,2.066326530612245,3.4,1.1479591836734695,,,,,1.2448979591836735,,0.6602870813397129,,,,-0.14166032965295017,,,,,,,,,796.5000000000001,4.063775510204082,826,4.214285714285714,,,,,,,,,,,,,,,,,,,"Scott Baker","6176",435044
"Ricky Romero",,10,14,,5.079652215040863,33,33,,,,196.66700744628906,,219,122,111,25,93,,,155,7.093208048030033,4.25592482881802,1.6666666666666667,1.1440658141983924,,,,,1.5864379290217707,,0.6859205776173285,,,,-0.1421424138096965,,,,,,,,,609.4358551025392,3.098821012309245,689.3350372314453,3.5050873361141006,,,,,,,,,,,,,,,,,,,"Ricky Romero","3403",460069
"Jered Weaver",,13,10,,4.325456286539494,33,33,,,,197.66700744628906,,200,104,95,25,61,,,156,7.102854533685906,2.777398247146412,2.557377049180328,1.138277970141972,,,,,1.3204024453646876,,0.6946902654867256,,,,-0.14286517059364012,,,,,,,,,764.2358551025391,3.8662792793592553,792.3350372314453,4.008433412676326,,,,,,,,,,,,,,,,,,,"Jered Weaver","4235",450308
"Chad Billingsley",,15,9,,3.3411428357528123,33,33,,,,199.33299255371094,,173,81,74,16,76,,,190,8.578609983689654,3.4314439934758614,2.5,0.7224092617843919,,,,,1.2491660151688442,,0.7413945278022948,,,,-0.14406927263197833,,,,,,,,,980.4641448974612,4.91872485501,940.6649627685547,4.719063064861626,,,,,,,,,,,,,,,,,,,"Chad Billingsley","5842",451532
"Jon Lester",,13,8,,3.9983429079223947,33,33,,,,200.33299255371094,,200,97,89,19,64,,,175,7.861910212206956,2.8752128776071153,2.734375,0.8535788230396123,,,,,1.3178059022365944,,0.7034540859309183,,,,-0.14479202941592195,,,,,,,,,886.7641448974609,4.4264508486275025,912.6649627685547,4.555739676897511,,,,,,,,,,,,,,,,,,,"Jon Lester","4930",452657
"Mark Buehrle",,12,12,,4.357744517623284,31,31,,,,200.33299255371094,,230,106,97,29,53,,,106,4.762071328536784,2.381035664268392,2,1.302830835165724,,,,,1.4126479936854404,,0.7301980198019802,,,,-0.14479202941592195,,,,,,,,,580.7641448974609,2.8989940073987226,677.6649627685547,3.382692756345998,,,,,,,,,,,,,,,,,,,"Mark Buehrle","225",279824
"John Danks",,13,11,,4.164179104477612,34,34,,,,201,,201,102,93,24,72,,,148,6.626865671641791,3.2238805970149254,2.0555555555555554,1.0746268656716418,,,,,1.3582089552238805,,0.7142857142857143,,,,-0.14527411357266828,,,,,,,,,749.6,3.729353233830846,773,3.845771144278607,,,,,,,,,,,,,,,,,,,"John Danks","6329",433579
"Gavin Floyd",,11,12,,4.7831206787585705,34,33,,,,201.33299255371094,,208,117,107,30,70,,,142,6.347692863399224,3.1291443692813075,2.0285714285714285,1.341061872549132,,,,,1.38079703914318,,0.6822033898305084,,,,-0.14551478619986558,,,,,,,,,654.064144897461,3.248668470086799,690.6649627685547,3.4304609195350904,,,,,,,,,,,,,,,,,,,"Gavin Floyd","3886",425856
"Jon Garland",,12,10,,4.054455445544554,31,31,,,,202,,210,100,91,21,56,,,110,4.900990099009901,2.495049504950495,1.9642857142857142,0.9356435643564357,,,,,1.316831683168317,,0.7016060862214708,,,,-0.1459968703566119,,,,,,,,,742.5000000000002,3.675742574257427,789,3.905940594059406,,,,,,,,,,,,,,,,,,,"Jon Garland","232",279782
"Matt Garza",,12,10,,3.952295985878617,34,34,,,,202.66700744628906,,197,98,89,23,76,,,172,7.638145051360922,3.3749943250199426,2.263157894736842,1.0213798615191931,,,,,1.3470372086702402,,0.7267441860465116,,,,-0.14647895451335824,,,,,,,,,820.6358551025389,4.049183265904907,830.3350372314453,4.097040991990278,,,,,,,,,,,,,,,,,,,"Matt Garza","3340",490063
"Edwin Jackson",,13,10,,4.065459646027153,34,34,,,,203.66700744628906,,198,101,92,24,80,,,153,6.761036150458201,3.5351823008931773,1.9125,1.0605546902679532,,,,,1.364973166178199,,0.7242225859247136,,,,-0.14720171129730186,,,,,,,,,763.135855102539,3.74697828907705,772.3350372314453,3.792146047194831,,,,,,,,,,,,,,,,,,,"Edwin Jackson","1841",429719
"Bronson Arroyo",,12,14,,4.198028982310648,32,32,,,,203.66700744628906,,208,104,95,29,63,,,135,5.965620132757237,2.783956061953377,2.142857142857143,1.2815035840737767,,,,,1.3306033382528486,,0.7248263888888888,,,,-0.14720171129730186,,,,,,,,,690.635855102539,3.3910050712787787,722.3350372314453,3.546647276299472,,,,,,,,,,,,,,,,,,,"Bronson Arroyo","978",276520
"Ramon Ramirez",,10,12,,4.609762959941525,106,22,,,,204.99969482421875,,197,115,105,27,96,,,155,6.804888178961299,4.214640420517966,1.6145833333333333,1.1853676182706778,,,,,1.429270420383986,,0.6974921630094044,,,,-0.14816492014057658,,,,,,,,,269.33359680175784,4.101524631041519,271.33351135253906,4.131980166063557,,,,,,,,,,,,,,,,,,,"Ramon Ramirez","2899",459371
"Paul Maholm",,9,11,,4.3392929159542275,32,32,,,,205.33299255371094,,220,109,99,20,58,,,134,5.87338637108956,2.542212011367123,2.310344827586207,0.8766248315059045,,,,,1.3538983508813414,,0.676,,,,-0.14840581333564007,,,,,,,,,795.464144897461,3.8740201221651396,860.6649627685547,4.191557099833443,,,,,,,,,,,,,,,,,,,"Paul Maholm","8678",430904
"Adam Wainwright",,15,9,,3.1507241148983427,31,31,,,,205.66700744628906,,193,79,72,14,59,,,184,8.05185051585132,2.5818433719305864,3.1186440677966103,0.6126408001191223,,,,,1.2252816002382445,,0.7444061962134251,,,,-0.1486472248651891,,,,,,,,,1038.935855102539,5.051543599543365,1037.3350372314453,5.043760057151366,,,,,,,,,,,,,,,,,,,"Adam Wainwright","2233",425794
"Joe Blanton",,12,9,,4.063106796116505,32,32,,,,206,,208,102,93,25,54,,,154,6.728155339805825,2.3592233009708736,2.8518518518518516,1.0922330097087378,,,,,1.2718446601941749,,0.7048458149779736,,,,-0.1488878974923864,,,,,,,,,822.1,3.9907766990291265,851,4.131067961165049,,,,,,,,,,,,,,,,,,,"Joe Blanton","4849",430599
"Ubaldo Jiménez",,14,12,,3.9757281553398056,34,34,,,,206,,191,100,91,16,89,,,167,7.296116504854369,3.8883495145631066,1.8764044943820224,0.6990291262135923,,,,,1.3592233009708738,,0.6987577639751552,,,,-0.1488878974923864,,,,,,,,,898.0000000000001,4.359223300970874,889,4.315533980582524,,,,,,,,,,,,,,,,,,,"Ubaldo Jimenez","3374",434622
"Johan Santana",,16,9,,3.227792083840553,30,30,,,,206.33299255371094,,184,81,74,24,52,,,203,8.854618824589625,2.2681782210771457,3.9038461538461537,1.0468514866509904,,,,,1.1437821798594152,,0.7658102766798419,,,,-0.1491285701195837,,,,,,,,,1003.2641448974609,4.862354451803433,969.6649627685547,4.699514851053882,,,,,,,,,,,,,,,,,,,"Johan Santana","755",276371
"Josh Beckett",,15,9,,3.9628966912527193,32,32,,,,206.66700744628906,,202,100,91,22,44,,,194,8.448373165967336,1.9161258726936226,4.409090909090909,0.9580629363468113,,,,,1.1903206178854322,,0.6784386617100372,,,,-0.14936998164913273,,,,,,,,,989.535855102539,4.788068823030259,1003.3350372314453,4.854838949038362,,,,,,,,,,,,,,,,,,,"Josh Beckett","510",277417
"Jair Jurrjens",,16,9,,3.4615384615384617,34,34,,,,208,,196,88,80,15,73,,,162,7.009615384615385,3.1586538461538463,2.219178082191781,0.6490384615384616,,,,,1.2932692307692308,,0.7298387096774194,,,,-0.15033341106027365,,,,,,,,,950.1,4.567788461538462,950,4.5673076923076925,,,,,,,,,,,,,,,,,,,"Jair Jurrjens","5556",457453
"Ricky Nolasco",,14,10,,4.011175557858345,34,34,,,,208.66700744628906,,207,102,93,25,47,,,191,8.238005715601547,2.0271532389176583,4.0638297872340425,1.0782729994242863,,,,,1.2172504082389721,,0.6940639269406392,,,,-0.15081549521701998,,,,,,,,,939.4358551025391,4.502081409991707,959.3350372314453,4.5974447468815995,,,,,,,,,,,,,,,,,,,"Ricky Nolasco","3830",445060
"Cole Hamels",,14,8,,3.7033492822966507,33,33,,,,209,,201,94,86,26,45,,,184,7.923444976076555,1.937799043062201,4.088888888888889,1.1196172248803828,,,,,1.1770334928229664,,0.7251908396946565,,,,-0.15105616784421727,,,,,,,,,937.2000000000002,4.48421052631579,940,4.497607655502392,,,,,,,,,,,,,,,,,,,"Cole Hamels","4972",430935
"Javier Vazquez",,17,8,,3.525483446240052,32,32,,,,209.33299255371094,,192,90,82,23,50,,,197,8.469759011088906,2.1496850281951536,3.94,0.9888551129697707,,,,,1.1560528373849492,,0.7244995233555767,,,,-0.15129684047141456,,,,,,,,,1010.964144897461,4.829454414062639,991.6649627685547,4.737260718776148,,,,,,,,,,,,,,,,,,,"Javier Vazquez","801",134320
"Cliff Lee",,15,9,,3.4166666666666665,33,32,,,,216,,209,90,82,19,46,,,163,6.791666666666667,1.9166666666666667,3.5434782608695654,0.7916666666666666,,,,,1.1805555555555556,,0.7224168126094571,,,,-0.15611546533182263,,,,,,,,,1009.3000000000001,4.672685185185186,1021,4.726851851851852,,,,,,,,,,,,,,,,,,,"Cliff Lee","1636",424324
"Matt Cain",,13,9,,3.5145427365181625,34,34,,,,217.66700744628906,,197,93,85,20,80,,,179,7.401213527491189,3.3078049284876823,2.2375,0.8269512321219206,,,,,1.2725860627654,,0.7389558232931727,,,,-0.1573203062725126,,,,,,,,,970.535855102539,4.4588101177530355,946.3350372314453,4.34762736132604,,,,,,,,,,,,,,,,,,,"Matt Cain","4732",430912
"Justin Verlander",,17,10,,3.8981823484245077,34,34,,,,219.33299255371094,,200,104,95,21,75,,,217,8.904269153769665,3.0775123803351376,2.8933333333333335,0.8617034664938386,,,,,1.2538013401365375,,0.6962540716612378,,,,-0.1585244083108508,,,,,,,,,1053.7641448974612,4.804403262037344,1032.6649627685547,4.708206233568224,,,,,,,,,,,,,,,,,,,"Justin Verlander","8700",434378
"Tim Lincecum",,16,6,,2.68,34,33,,,,225,,177,73,67,13,78,,,260,10.4,3.12,3.3333333333333335,0.52,,,,,1.1333333333333333,,0.768581081081081,,,,-0.16262027638731524,,,,,,,,,1330.8999999999999,5.91511111111111,1242,5.52,,,,,,,,,,,,,,,,,,,"Tim Lincecum","5705",453311
"Zack Greinke",,16,9,,3.106194690265487,34,34,,,,226,,205,85,78,18,54,,,228,9.079646017699115,2.150442477876106,4.222222222222222,0.7168141592920354,,,,,1.1460176991150441,,0.7442258340461932,,,,-0.16334303317125887,,,,,,,,,1212,5.3628318584070795,1190,5.265486725663717,,,,,,,,,,,,,,,,,,,"Zack Greinke","1943",425844
"James Shields",,13,10,,3.93667750311991,34,34,,,,226.33299255371094,,227,108,99,28,47,,,173,6.879244525653984,1.8689277035013716,3.6808510638297873,1.1134037382561361,,,,,1.2106056519134178,,0.706984667802385,,,,-0.16358370579845616,,,,,,,,,945.2641448974609,4.176431081620329,972.6649627685547,4.297495260386009,,,,,,,,,,,,,,,,,,,"James Shields","7059",448306
"Dan Haren",,17,7,,3.043919309052682,34,34,,,,227.66700744628906,,203,84,77,23,43,,,217,8.57831805278483,1.6998510427177316,5.046511627906977,0.909222650755996,,,,,1.080525469014372,,0.7577174929840973,,,,-0.16454787411194882,,,,,,,,,1179.0358551025388,5.178773456583056,1144.3350372314453,5.0263542797320575,,,,,,,,,,,,,,,,,,,"Dan Haren","1757",429717
"Félix Hernández",,15,7,,3.0171875578966905,34,34,,,,232.66700744628906,,194,85,78,19,79,,,216,8.355288621867759,3.0558694496645966,2.7341772151898733,0.7349559435902194,,,,,1.173350716959824,,0.762987012987013,,,,-0.16816165803166694,,,,,,,,,1178.635855102539,5.065762731205566,1111.3350372314453,4.776504625340986,,,,,,,,,,,,,,,,,,,"Felix Hernandez","4772",433587
"Roy Halladay",,19,8,,3.162861762166444,32,32,,,,233.33299255371094,,223,90,82,20,37,,,202,7.791439950702705,1.4271449414653468,5.45945945945946,0.7714296980893767,,,,,1.1142873416846553,,0.7327586206896551,,,,-0.16864300328606152,,,,,,,,,1193.8641448974608,5.116568093655444,1199.6649627685547,5.1414287779830525,,,,,,,,,,,,,,,,,,,"Roy Halladay","1303",136880
"CC Sabathia",,17,9,,3.4801750112155503,34,34,,,,235.33299255371094,,215,100,91,23,58,,,201,7.686979969827754,2.2181335236318893,3.4655172413793105,0.8796046731643699,,,,,1.1600583370718502,,0.71843853820598,,,,-0.17008851685394877,,,,,,,,,1127.5641448974607,4.791355995866633,1105.6649627685547,4.698299846402559,,,,,,,,,,,,,,,,,,,"CC Sabathia","404",282332